user_id,method,sample_interval_min,interpolation_method,codebook_size,tolerance_km,num_points,predictability,entropy_rate_bits,actual_distortion_km,reconstruction_rmse_km
abboip,direct_ctw,30,linear,,5.0,1007.0,0.8548472616523393,1.1908823243481808,1.610407800165294,1.7647526387723975
abboip,direct_ctw,30,nearest,,5.0,114.0,0.8344133202107,1.0150847619274428,1.589343338360802,1.7780863204418351
abboip,markov_order_1,30,linear,,5.0,1007.0,0.7941122353071053,1.5751070562403715,1.610407800165294,1.7647526387723975
abboip,markov_order_1,30,nearest,,5.0,114.0,0.6161601821044097,1.8295415791542482,1.589343338360802,1.7780863204418351
abboip,markov_order_2,30,linear,,5.0,1007.0,0.7825947020895715,1.6440373484363602,1.610407800165294,1.7647526387723975
abboip,markov_order_2,30,nearest,,5.0,114.0,0.6542322316056857,1.7135915128549823,1.589343338360802,1.7780863204418351
abboip,vq_ctw,30,linear,256.0,5.0,1007.0,0.9999999999980905,0.06674642378282485,3.713673636974825,3.713673636974825
abboip,vq_ctw,30,linear,512.0,5.0,1007.0,0.9932291068825321,0.06530010442500417,3.9883094883740116,3.9883094883740116
abboip,vq_ctw,30,linear,1024.0,5.0,1007.0,0.993210850660867,0.06544970819210005,3.8030260911678955,3.8030260911678955
abboip,vq_ctw,30,nearest,256.0,5.0,114.0,0.8906830364507223,0.8014467613659488,4.421939531232122,4.421939531232122
abboip,vq_ctw,30,nearest,512.0,5.0,114.0,0.8683482076701889,0.8921943135411788,4.209075908897344,4.209075908897344
abboip,vq_ctw,30,nearest,1024.0,5.0,114.0,0.857590792923573,0.9892622329562475,4.124937628659535,4.124937628659535
abcoij,direct_ctw,30,linear,,5.0,574.0,0.9787596192899828,0.19766804563935925,2.121490679076195,2.2060514579320833
abcoij,markov_order_1,30,linear,,5.0,574.0,0.9687744519314666,0.27300464763461146,2.121490679076195,2.2060514579320833
abcoij,markov_order_2,30,linear,,5.0,574.0,0.9697166284012994,0.2661267791226295,2.121490679076195,2.2060514579320833
abcoij,vq_ctw,30,linear,256.0,5.0,574.0,1.0,0.0,2.9787062286926034,2.9787062286926034
abcoij,vq_ctw,30,linear,512.0,5.0,574.0,1.0,0.0,2.926797840454376,2.926797840454376
abcoij,vq_ctw,30,linear,1024.0,5.0,574.0,1.0,0.0,2.975956677438429,2.975956677438429
abdrem,direct_ctw,30,linear,,5.0,1003.0,0.7989478375232852,1.7791346105074002,1.6636181339711988,1.8187930922350413
abdrem,direct_ctw,30,nearest,,5.0,139.0,0.8199859632012775,1.0588951229417138,1.7433433918310497,1.890899376546729
abdrem,markov_order_1,30,linear,,5.0,1003.0,0.6734896800477314,2.6248236730717105,1.6636181339711988,1.8187930922350413
abdrem,markov_order_1,30,nearest,,5.0,139.0,0.6072370061864808,1.8090426731420806,1.7433433918310497,1.890899376546729
abdrem,markov_order_2,30,linear,,5.0,1003.0,0.6136741615480332,2.9897975005663397,1.6636181339711988,1.8187930922350413
abdrem,markov_order_2,30,nearest,,5.0,139.0,0.6259117776105884,1.7515023442063542,1.7433433918310497,1.890899376546729
abdrem,vq_ctw,30,linear,256.0,5.0,1003.0,0.9693193192351537,0.2690323707225095,5.721638559720017,5.721638559720017
abdrem,vq_ctw,30,linear,512.0,5.0,1003.0,0.9632278019553099,0.32234661533387043,5.813898994916765,5.813898994916765
abdrem,vq_ctw,30,linear,1024.0,5.0,1003.0,0.9686266778143995,0.2823317859825256,5.618073384298991,5.618073384298991
abdrem,vq_ctw,30,nearest,256.0,5.0,139.0,0.8591075196669526,1.0113038944257193,4.412617944004349,4.412617944004349
abdrem,vq_ctw,30,nearest,512.0,5.0,139.0,0.8772778199974308,0.9042802861254848,4.451983727908227,4.451983727908227
abdrem,vq_ctw,30,nearest,1024.0,5.0,139.0,0.8719752579189269,0.9834544536107269,4.672079199246136,4.672079199246136
abgibo,direct_ctw,30,linear,,5.0,1007.0,0.8189934765680833,1.5704532072702528,1.6427747547891582,1.800519481877821
abgibo,direct_ctw,30,nearest,,5.0,36.0,0.8324148388048971,1.0412714188013215,1.8525916199721972,1.967135322341476
abgibo,markov_order_1,30,linear,,5.0,1007.0,0.715290276536986,2.258828504566313,1.6427747547891582,1.800519481877821
abgibo,markov_order_1,30,nearest,,5.0,36.0,0.6527367312225253,1.7379204856341453,1.8525916199721972,1.967135322341476
abgibo,markov_order_2,30,linear,,5.0,1007.0,0.6712201540937016,2.5269616211146095,1.6427747547891582,1.800519481877821
abgibo,markov_order_2,30,nearest,,5.0,36.0,0.6381952421504103,1.784255715510727,1.8525916199721972,1.967135322341476
abgibo,vq_ctw,30,linear,256.0,5.0,1007.0,0.980408101458073,0.15873489895917153,4.790932108372377,4.790932108372377
abgibo,vq_ctw,30,linear,512.0,5.0,1007.0,0.9759094465398025,0.22610254665109358,4.78848602285274,4.78848602285274
abgibo,vq_ctw,30,linear,1024.0,5.0,1007.0,0.9746088051751542,0.2215064371834402,4.566488704149081,4.566488704149081
abgibo,vq_ctw,30,nearest,256.0,5.0,36.0,0.8743223759512847,0.943852393377639,5.828467678601235,5.828467678601235
abgibo,vq_ctw,30,nearest,512.0,5.0,36.0,0.8521906578382419,1.0477589486862173,5.091342450676244,5.091342450676244
abgibo,vq_ctw,30,nearest,1024.0,5.0,36.0,0.8740350467261828,1.0123929982865798,4.592416569777919,4.592416569777919
abjool,direct_ctw,30,linear,,5.0,1007.0,0.9562978445892409,0.42540585944464104,1.7298212683046406,1.8714123209809566
abjool,direct_ctw,30,nearest,,5.0,37.0,0.8461814135364318,1.0169296682600983,1.8402672492751009,1.9959183752987617
abjool,markov_order_1,30,linear,,5.0,1007.0,0.9216416424597562,0.6947062595600518,1.7298212683046406,1.8714123209809566
abjool,markov_order_1,30,nearest,,5.0,37.0,0.6281509337711378,1.9132971737668192,1.8402672492751009,1.9959183752987617
abjool,markov_order_2,30,linear,,5.0,1007.0,0.9226419419565632,0.6873306188743541,1.7298212683046406,1.8714123209809566
abjool,markov_order_2,30,nearest,,5.0,37.0,0.6251207570310042,1.92339374966869,1.8402672492751009,1.9959183752987617
abjool,vq_ctw,30,linear,256.0,5.0,1007.0,0.9979576076574677,0.02443049980493586,2.774713786718473,2.774713786718473
abjool,vq_ctw,30,linear,512.0,5.0,1007.0,0.9969357705694231,0.03711600130212019,2.895364613071745,2.895364613071745
abjool,vq_ctw,30,linear,1024.0,5.0,1007.0,0.9968885884435689,0.03661715507760907,2.6967912570332686,2.6967912570332686
abjool,vq_ctw,30,nearest,256.0,5.0,37.0,0.8647572289330109,1.0395062781312454,5.180416406865516,5.180416406865516
abjool,vq_ctw,30,nearest,512.0,5.0,37.0,0.8540798997557626,1.0372957672173753,4.812520318174201,4.812520318174201
abjool,vq_ctw,30,nearest,1024.0,5.0,37.0,0.8817592046390569,0.9481716729339599,4.947379501363472,4.947379501363472
abmuya,direct_ctw,30,linear,,5.0,993.0,0.8405629660112491,1.3639738806980615,1.7182387336263745,1.8614003391259846
abmuya,markov_order_1,30,linear,,5.0,993.0,0.7674951911898569,1.8483780870845008,1.7182387336263745,1.8614003391259846
abmuya,markov_order_2,30,linear,,5.0,993.0,0.7390833463282199,2.024419540367775,1.7182387336263745,1.8614003391259846
abmuya,vq_ctw,30,linear,256.0,5.0,993.0,0.9999999999980905,0.10026021930308517,4.241302924901071,4.241302924901071
abmuya,vq_ctw,30,linear,512.0,5.0,993.0,0.9853228256678747,0.1397610068925887,4.427029291458889,4.427029291458889
abmuya,vq_ctw,30,linear,1024.0,5.0,993.0,0.9886863291603052,0.11200864595125876,4.338542396328587,4.338542396328587
abniar,direct_ctw,30,linear,,5.0,1007.0,0.8305007161682381,1.5040544886529845,1.6615562237107677,1.832285435048871
abniar,direct_ctw,30,nearest,,5.0,344.0,0.8364584368021979,1.0086183771032387,1.67656697492244,1.840119407793701
abniar,markov_order_1,30,linear,,5.0,1007.0,0.7364688050870246,2.1496843544904287,1.6615562237107677,1.832285435048871
abniar,markov_order_1,30,nearest,,5.0,344.0,0.6589694702534378,1.7258917039289838,1.67656697492244,1.840119407793701
abniar,markov_order_2,30,linear,,5.0,1007.0,0.6941515013746293,2.4175654899670507,1.6615562237107677,1.832285435048871
abniar,markov_order_2,30,nearest,,5.0,344.0,0.6626513411805807,1.7246067333360222,1.67656697492244,1.840119407793701
abniar,vq_ctw,30,linear,256.0,5.0,1007.0,0.9879098854425384,0.11351323063155436,4.478011111603462,4.478011111603462
abniar,vq_ctw,30,linear,512.0,5.0,1007.0,0.9828600275204173,0.16937230277978954,4.453807577724041,4.453807577724041
abniar,vq_ctw,30,linear,1024.0,5.0,1007.0,0.9876909671865429,0.12035671444107601,4.452280834561394,4.452280834561394
abniar,vq_ctw,30,nearest,256.0,5.0,344.0,0.8717063643724762,0.9402944229893975,4.698726384364835,4.698726384364835
abniar,vq_ctw,30,nearest,512.0,5.0,344.0,0.8695063795951294,0.9664291144491194,4.818960416547667,4.818960416547667
abniar,vq_ctw,30,nearest,1024.0,5.0,344.0,0.8815382269213974,0.9481315739877337,4.974659931635765,4.974659931635765
abnovk,direct_ctw,30,linear,,5.0,995.0,0.8497794174174766,1.2596345937443174,1.5947102129198372,1.748489257810748
abnovk,direct_ctw,30,nearest,,5.0,144.0,0.8350267769962626,1.0128946854213818,1.5222109839684201,1.724988484067121
abnovk,markov_order_1,30,linear,,5.0,995.0,0.7730050770909653,1.7537916187236569,1.5947102129198372,1.748489257810748
abnovk,markov_order_1,30,nearest,,5.0,144.0,0.6712889586731168,1.6385010096340757,1.5222109839684201,1.724988484067121
abnovk,markov_order_2,30,linear,,5.0,995.0,0.755552302346985,1.8588441112490903,1.5947102129198372,1.748489257810748
abnovk,markov_order_2,30,nearest,,5.0,144.0,0.6470117711147083,1.725403219031864,1.5222109839684201,1.724988484067121
abnovk,vq_ctw,30,linear,256.0,5.0,995.0,0.9999999999980905,0.0956238533726133,4.306988345271015,4.306988345271015
abnovk,vq_ctw,30,linear,512.0,5.0,995.0,0.9846598074645355,0.12974906673522754,4.533430758591087,4.533430758591087
abnovk,vq_ctw,30,linear,1024.0,5.0,995.0,0.9878208716099173,0.10709496190575811,4.356359553225183,4.356359553225183
abnovk,vq_ctw,30,nearest,256.0,5.0,144.0,0.8635546445528846,0.978582950510284,5.138932606006293,5.138932606006293
abnovk,vq_ctw,30,nearest,512.0,5.0,144.0,0.8551144219633566,1.025462960028006,5.052381088646826,5.052381088646826
abnovk,vq_ctw,30,nearest,1024.0,5.0,144.0,0.8743794669038825,0.970586193955878,5.199598659982339,5.199598659982339
abtyff,direct_ctw,30,linear,,5.0,1007.0,0.839520293083527,1.3290376857961466,1.717016801818566,1.8632420949431834
abtyff,direct_ctw,30,nearest,,5.0,122.0,0.8373846806642018,1.054333198392399,1.3970170791600995,1.5595749255585
abtyff,markov_order_1,30,linear,,5.0,1007.0,0.7702500175213625,1.7705381163038345,1.717016801818566,1.8632420949431834
abtyff,markov_order_1,30,nearest,,5.0,122.0,0.6633552494908843,1.7787906987106055,1.3970170791600995,1.5595749255585
abtyff,markov_order_2,30,linear,,5.0,1007.0,0.7499189299991944,1.8922389944798679,1.717016801818566,1.8632420949431834
abtyff,markov_order_2,30,nearest,,5.0,122.0,0.6362280718789604,1.8757011507756665,1.3970170791600995,1.5595749255585
abtyff,vq_ctw,30,linear,256.0,5.0,1007.0,0.9999999999980905,0.011480240457195525,4.016763095403916,4.016763095403916
abtyff,vq_ctw,30,linear,512.0,5.0,1007.0,0.9976954451693978,0.02581637810673664,4.038466190022804,4.038466190022804
abtyff,vq_ctw,30,linear,1024.0,5.0,1007.0,0.9990591045779207,0.011757141360165244,4.025488950813944,4.025488950813944
abtyff,vq_ctw,30,nearest,256.0,5.0,122.0,0.8575711266989786,1.0326532645234048,4.54481112609969,4.54481112609969
abtyff,vq_ctw,30,nearest,512.0,5.0,122.0,0.8764953518514511,0.9226088629159226,4.450245629133034,4.450245629133034
abtyff,vq_ctw,30,nearest,1024.0,5.0,122.0,0.8696001764655271,1.0450500117132029,4.613011697758009,4.613011697758009
abwecn,direct_ctw,30,linear,,5.0,1007.0,0.8576096086464655,1.2675152512483532,1.4734354188591836,1.6436538289898932
abwecn,direct_ctw,30,nearest,,5.0,219.0,0.8365010238720548,1.0452099472853957,1.5935850076385714,1.7659909521798358
abwecn,markov_order_1,30,linear,,5.0,1007.0,0.7830837824725472,1.7859087079048181,1.4734354188591836,1.6436538289898932
abwecn,markov_order_1,30,nearest,,5.0,219.0,0.6729597415528139,1.7068876348844912,1.5935850076385714,1.7659909521798358
abwecn,markov_order_2,30,linear,,5.0,1007.0,0.7493625412457291,2.0040398305071676,1.4734354188591836,1.6436538289898932
abwecn,markov_order_2,30,nearest,,5.0,219.0,0.6724884206397501,1.713681737807361,1.5935850076385714,1.7659909521798358
abwecn,vq_ctw,30,linear,256.0,5.0,1007.0,0.9804153768918182,0.1586865514551515,5.095009536883981,5.095009536883981
abwecn,vq_ctw,30,linear,512.0,5.0,1007.0,0.977659105613338,0.2121399704835121,5.2064088762823415,5.2064088762823415
abwecn,vq_ctw,30,linear,1024.0,5.0,1007.0,0.9808457268217741,0.17497388306230327,5.063405933089852,5.063405933089852
abwecn,vq_ctw,30,nearest,256.0,5.0,219.0,0.8798505683229513,0.8758102685540236,4.140317679882135,4.140317679882135
abwecn,vq_ctw,30,nearest,512.0,5.0,219.0,0.8808318975425233,0.8578027343133225,4.503360472133228,4.503360472133228
abwecn,vq_ctw,30,nearest,1024.0,5.0,219.0,0.8742458556997696,0.9743400908774505,4.181648286082139,4.181648286082139
abyalw,direct_ctw,30,linear,,5.0,1007.0,0.8728674546575167,1.0462143523387881,1.6489442128218967,1.7947895727467806
abyalw,direct_ctw,30,nearest,,5.0,349.0,0.8246950725690582,1.029243892276821,1.5731252997243304,1.738208122540083
abyalw,markov_order_1,30,linear,,5.0,1007.0,0.8270271758076713,1.3402462683697876,1.6489442128218967,1.7947895727467806
abyalw,markov_order_1,30,nearest,,5.0,349.0,0.6821312143836986,1.5589006026334418,1.5731252997243304,1.738208122540083
abyalw,markov_order_2,30,linear,,5.0,1007.0,0.8209082125970729,1.3777781987966482,1.6489442128218967,1.7947895727467806
abyalw,markov_order_2,30,nearest,,5.0,349.0,0.6815710310548058,1.5601659446572562,1.5731252997243304,1.738208122540083
abyalw,vq_ctw,30,linear,256.0,5.0,1007.0,1.0,0.0,3.5522095983144575,3.5522095983144575
abyalw,vq_ctw,30,linear,512.0,5.0,1007.0,0.9999999999980905,0.03235469735454435,3.588912236975441,3.588912236975441
abyalw,vq_ctw,30,linear,1024.0,5.0,1007.0,0.9979691102334117,0.023121479736615956,3.5394135021100697,3.5394135021100697
abyalw,vq_ctw,30,nearest,256.0,5.0,349.0,0.8842946288494593,0.8268791485291461,4.433985582547293,4.433985582547293
abyalw,vq_ctw,30,nearest,512.0,5.0,349.0,0.8755963052287704,0.8784126064746648,4.307098333496943,4.307098333496943
abyalw,vq_ctw,30,nearest,1024.0,5.0,349.0,0.8657722377717513,1.008470448491323,4.006164216122441,4.006164216122441
acdiyi,direct_ctw,30,linear,,5.0,1007.0,0.8681697750864172,1.1746369100231029,1.7050569459847806,1.855913544460211
acdiyi,markov_order_1,30,linear,,5.0,1007.0,0.7784054244397228,1.792121822323297,1.7050569459847806,1.855913544460211
acdiyi,markov_order_2,30,linear,,5.0,1007.0,0.745856546388913,1.99798518482551,1.7050569459847806,1.855913544460211
acdiyi,vq_ctw,30,linear,256.0,5.0,1007.0,0.9889435738722794,0.10524195782946091,8.256085506651607,8.256085506651607
acdiyi,vq_ctw,30,linear,512.0,5.0,1007.0,0.9590920381005985,0.3414251311303526,4.376639671966345,4.376639671966345
acdiyi,vq_ctw,30,linear,1024.0,5.0,1007.0,0.9535737580436058,0.3638698790973095,5.5068368250478645,5.5068368250478645
acduou,direct_ctw,30,linear,,5.0,1007.0,0.8512811217508238,1.288495469519731,1.646522161335987,1.8261384280704898
acduou,direct_ctw,30,nearest,,5.0,104.0,0.8283502852801795,0.983192082985748,1.6526184713892722,1.83843189565565
acduou,markov_order_1,30,linear,,5.0,1007.0,0.7794165993103757,1.772597966150115,1.646522161335987,1.8261384280704898
acduou,markov_order_1,30,nearest,,5.0,104.0,0.6600907872217334,1.558085640519716,1.6526184713892722,1.83843189565565
acduou,markov_order_2,30,linear,,5.0,1007.0,0.756962457263794,1.914373241684443,1.646522161335987,1.8261384280704898
acduou,markov_order_2,30,nearest,,5.0,104.0,0.6923768023011689,1.467887755388031,1.6526184713892722,1.83843189565565
acduou,vq_ctw,30,linear,256.0,5.0,1007.0,0.9873525205757036,0.11791879850525742,3.943139601502205,3.943139601502205
acduou,vq_ctw,30,linear,512.0,5.0,1007.0,0.9858027694853552,0.14418159656986396,4.291075520711641,4.291075520711641
acduou,vq_ctw,30,linear,1024.0,5.0,1007.0,0.988257250602079,0.12510293024067684,4.070427202889311,4.070427202889311
acduou,vq_ctw,30,nearest,256.0,5.0,104.0,0.9045687854279678,0.7407786785714865,4.760252279489839,4.760252279489839
acduou,vq_ctw,30,nearest,512.0,5.0,104.0,0.8769582199135671,0.8705436777482836,4.564972175708235,4.564972175708235
acduou,vq_ctw,30,nearest,1024.0,5.0,104.0,0.8743414685868138,0.929501110578567,4.412188082189727,4.412188082189727
acgerl,direct_ctw,30,linear,,5.0,686.0,0.8638169581237889,1.118886748723621,1.5616029712721036,1.7368902865181777
acgerl,direct_ctw,30,nearest,,5.0,40.0,0.8643162973450661,0.8441896277456872,1.6185570539825478,1.8563514493102502
acgerl,markov_order_1,30,linear,,5.0,686.0,0.800854277388988,1.5167991368340947,1.5616029712721036,1.7368902865181777
acgerl,markov_order_1,30,nearest,,5.0,40.0,0.7613343388651859,1.270145592636332,1.6185570539825478,1.8563514493102502
acgerl,markov_order_2,30,linear,,5.0,686.0,0.7818692257855038,1.629262730846493,1.5616029712721036,1.7368902865181777
acgerl,markov_order_2,30,nearest,,5.0,40.0,0.7773831255029928,1.2101508824088356,1.6185570539825478,1.8563514493102502
acgerl,vq_ctw,30,linear,256.0,5.0,686.0,0.992527062043261,0.07100337059541216,3.80721492750879,3.80721492750879
acgerl,vq_ctw,30,linear,512.0,5.0,686.0,0.9915997227644029,0.08949566265562152,3.978999007855503,3.978999007855503
acgerl,vq_ctw,30,linear,1024.0,5.0,686.0,0.9912755701506464,0.08604093123522095,3.7801267516112973,3.7801267516112973
acgerl,vq_ctw,30,nearest,256.0,5.0,40.0,0.8627343323307308,0.8515641363570443,4.299135307210702,4.299135307210702
acgerl,vq_ctw,30,nearest,512.0,5.0,40.0,0.9001623562936583,0.7002965548229276,4.579148350674089,4.579148350674089
acgerl,vq_ctw,30,nearest,1024.0,5.0,40.0,0.8397988768404072,1.115393857434277,4.645010863261665,4.645010863261665
acitva,direct_ctw,30,linear,,5.0,1007.0,0.8209899208734843,1.5475342343283927,1.7767422637951469,1.9147193750615947
acitva,markov_order_1,30,linear,,5.0,1007.0,0.6974210305484719,2.35434348583783,1.7767422637951469,1.9147193750615947
acitva,markov_order_2,30,linear,,5.0,1007.0,0.6553270638684429,2.603634916962343,1.7767422637951469,1.9147193750615947
acitva,vq_ctw,30,linear,256.0,5.0,1007.0,0.9999999999980905,0.2977719217235177,5.929393253388792,5.929393253388792
acitva,vq_ctw,30,linear,512.0,5.0,1007.0,0.9609940250802413,0.32828497987476457,6.358316244333216,6.358316244333216
acitva,vq_ctw,30,linear,1024.0,5.0,1007.0,0.9512752872242414,0.3581815722080254,5.835054404814944,5.835054404814944
ackgri,direct_ctw,30,linear,,5.0,591.0,0.8359005491649999,1.464524413833422,1.6449590959409595,1.788778108646739
ackgri,direct_ctw,30,nearest,,5.0,66.0,0.8329226260095929,1.0608682366524305,1.577713844323331,1.7571584349702685
ackgri,markov_order_1,30,linear,,5.0,591.0,0.6879127704010777,2.456004280602223,1.6449590959409595,1.788778108646739
ackgri,markov_order_1,30,nearest,,5.0,66.0,0.6044194646235795,1.9399868161019915,1.577713844323331,1.7571584349702685
ackgri,markov_order_2,30,linear,,5.0,591.0,0.6339388170742545,2.777905597689153,1.6449590959409595,1.788778108646739
ackgri,markov_order_2,30,nearest,,5.0,66.0,0.6206461037797768,1.8896985832192799,1.577713844323331,1.7571584349702685
ackgri,vq_ctw,30,linear,256.0,5.0,591.0,0.9530459709922104,0.3672222574233657,5.6154479939835475,5.6154479939835475
ackgri,vq_ctw,30,linear,512.0,5.0,591.0,0.9551558585653758,0.3799981025572658,5.912922889231837,5.912922889231837
ackgri,vq_ctw,30,linear,1024.0,5.0,591.0,0.9571664811510298,0.3658592812913792,5.947394909886331,5.947394909886331
ackgri,vq_ctw,30,nearest,256.0,5.0,66.0,0.8718076850629426,0.958763050172298,4.477986028038832,4.477986028038832
ackgri,vq_ctw,30,nearest,512.0,5.0,66.0,0.8654405363333321,0.9817791246265372,4.66036251451272,4.66036251451272
ackgri,vq_ctw,30,nearest,1024.0,5.0,66.0,0.86401162807233,0.9870715988017276,4.52845630899769,4.52845630899769
acpegh,direct_ctw,30,linear,,5.0,1007.0,0.829313202935078,1.441866034651879,1.60685684356359,1.778110591831699
acpegh,direct_ctw,30,nearest,,5.0,149.0,0.8275252728772694,1.0647270310453216,1.4926962676779214,1.6938250944455266
acpegh,markov_order_1,30,linear,,5.0,1007.0,0.7576395714126497,1.9101570809822823,1.60685684356359,1.778110591831699
acpegh,markov_order_1,30,nearest,,5.0,149.0,0.6298413960605875,1.8071426868045581,1.4926962676779214,1.6938250944455266
acpegh,markov_order_2,30,linear,,5.0,1007.0,0.7245979994181708,2.1118176567658398,1.60685684356359,1.778110591831699
acpegh,markov_order_2,30,nearest,,5.0,149.0,0.6273250160505792,1.8180596641997688,1.4926962676779214,1.6938250944455266
acpegh,vq_ctw,30,linear,256.0,5.0,1007.0,0.9892353325694095,0.10288241445566468,4.3172398793552915,4.3172398793552915
acpegh,vq_ctw,30,linear,512.0,5.0,1007.0,0.9872585581314783,0.12804792925805797,4.3981239044439615,4.3981239044439615
acpegh,vq_ctw,30,linear,1024.0,5.0,1007.0,0.9856857526746644,0.13682594294990416,4.189881345120377,4.189881345120377
acpegh,vq_ctw,30,nearest,256.0,5.0,149.0,0.8675756526157415,0.9911452020114926,4.356047712281291,4.356047712281291
acpegh,vq_ctw,30,nearest,512.0,5.0,149.0,0.8782064750464256,0.9141516089510802,4.355215284153854,4.355215284153854
acpegh,vq_ctw,30,nearest,1024.0,5.0,149.0,0.8777565972097694,0.99358407962155,4.536445018799117,4.536445018799117
acvebr,direct_ctw,30,linear,,5.0,994.0,0.8479093830094233,1.3299402174791242,1.6099402442810944,1.7746298796740883
acvebr,direct_ctw,30,nearest,,5.0,238.0,0.8390164625971643,1.0446062829349196,1.673840760489109,1.8463026990562077
acvebr,markov_order_1,30,linear,,5.0,994.0,0.7665990100353282,1.880980325397879,1.6099402442810944,1.7746298796740883
acvebr,markov_order_1,30,nearest,,5.0,238.0,0.6469682896462315,1.8299506788362438,1.673840760489109,1.8463026990562077
acvebr,markov_order_2,30,linear,,5.0,994.0,0.7411213590525856,2.041892953540487,1.6099402442810944,1.7746298796740883
acvebr,markov_order_2,30,nearest,,5.0,238.0,0.6350439048003631,1.876233124799208,1.673840760489109,1.8463026990562077
acvebr,vq_ctw,30,linear,256.0,5.0,994.0,0.9837660412294428,0.13597177761412738,4.268402264451902,4.268402264451902
acvebr,vq_ctw,30,linear,512.0,5.0,994.0,0.9798742774282297,0.17404437337265066,4.446111308967909,4.446111308967909
acvebr,vq_ctw,30,linear,1024.0,5.0,994.0,0.9847166867684192,0.1382906810877497,4.3412203867215595,4.3412203867215595
acvebr,vq_ctw,30,nearest,256.0,5.0,238.0,0.8745079548962549,0.913636804355766,4.346254809932331,4.346254809932331
acvebr,vq_ctw,30,nearest,512.0,5.0,238.0,0.8727493512177743,0.9171455886337035,4.352064743445818,4.352064743445818
acvebr,vq_ctw,30,nearest,1024.0,5.0,238.0,0.8674583809418219,1.026741975619124,4.498258440669717,4.498258440669717
adkavy,direct_ctw,30,linear,,5.0,1007.0,0.838379080173814,1.4801298909564171,1.6813900723802924,1.8460926768512964
adkavy,direct_ctw,30,nearest,,5.0,32.0,0.8453232587773897,0.9307746328223092,1.4281920666034535,1.5665882124116193
adkavy,markov_order_1,30,linear,,5.0,1007.0,0.7014783204354507,2.43461106579959,1.6813900723802924,1.8460926768512964
adkavy,markov_order_1,30,nearest,,5.0,32.0,0.6839236525698612,1.5322161800253506,1.4281920666034535,1.5665882124116193
adkavy,markov_order_2,30,linear,,5.0,1007.0,0.6408654937983467,2.812856880525627,1.6813900723802924,1.8460926768512964
adkavy,markov_order_2,30,nearest,,5.0,32.0,0.7001515860898142,1.4808023505228163,1.4281920666034535,1.5665882124116193
adkavy,vq_ctw,30,linear,256.0,5.0,1007.0,0.9558966454051164,0.34900619392953425,6.752078539870068,6.752078539870068
adkavy,vq_ctw,30,linear,512.0,5.0,1007.0,0.9327115920887522,0.5575872798135557,6.126943805311738,6.126943805311738
adkavy,vq_ctw,30,linear,1024.0,5.0,1007.0,0.9515436979409124,0.40506061664372234,6.669094542636456,6.669094542636456
adkavy,vq_ctw,30,nearest,256.0,5.0,32.0,0.8356743907199978,1.1058783910335153,5.671657074664122,5.671657074664122
adkavy,vq_ctw,30,nearest,512.0,5.0,32.0,0.8240806691458487,1.022906858940146,4.718632942920411,4.718632942920411
adkavy,vq_ctw,30,nearest,1024.0,5.0,32.0,0.8427660635782069,1.0340948238599599,5.939575635605553,5.939575635605553
adners,direct_ctw,30,linear,,5.0,1007.0,0.8150978816259404,1.5598056910502762,1.6935471663125572,1.8353056669965169
adners,direct_ctw,30,nearest,,5.0,39.0,0.8243515327333504,1.0783074938344754,1.5863186726629153,1.7177350807386678
adners,markov_order_1,30,linear,,5.0,1007.0,0.7101570311056438,2.2309077154383483,1.6935471663125572,1.8353056669965169
adners,markov_order_1,30,nearest,,5.0,39.0,0.628555706643708,1.814241548093192,1.5863186726629153,1.7177350807386678
adners,markov_order_2,30,linear,,5.0,1007.0,0.6745400524811122,2.4400252816224315,1.6935471663125572,1.8353056669965169
adners,markov_order_2,30,nearest,,5.0,39.0,0.6350229871456604,1.7941874646176075,1.5863186726629153,1.7177350807386678
adners,vq_ctw,30,linear,256.0,5.0,1007.0,0.9999999999980905,0.12788121286128662,4.748683583898926,4.748683583898926
adners,vq_ctw,30,linear,512.0,5.0,1007.0,0.9806232565305828,0.17668018093380009,4.8614610383319325,4.8614610383319325
adners,vq_ctw,30,linear,1024.0,5.0,1007.0,0.9829686516304155,0.15142512578792597,4.794036099725681,4.794036099725681
adners,vq_ctw,30,nearest,256.0,5.0,39.0,0.8431792505427851,1.1237592493153996,3.5364249887519006,3.5364249887519006
adners,vq_ctw,30,nearest,512.0,5.0,39.0,0.8460774798870616,1.0516851244576446,5.134163282490607,5.134163282490607
adners,vq_ctw,30,nearest,1024.0,5.0,39.0,0.8724601811547299,1.0078777851692349,4.844922569845073,4.844922569845073
adpaif,direct_ctw,30,linear,,5.0,991.0,0.8410118036838413,1.4042451311044453,1.785370397132076,1.9400241132321903
adpaif,direct_ctw,30,nearest,,5.0,114.0,0.8265223709105216,1.066321181958366,1.717766384805224,1.9086413704532006
adpaif,markov_order_1,30,linear,,5.0,991.0,0.74972646025658,2.027535486548319,1.785370397132076,1.9400241132321903
adpaif,markov_order_1,30,nearest,,5.0,114.0,0.600427842897922,1.8874377813372645,1.717766384805224,1.9086413704532006
adpaif,markov_order_2,30,linear,,5.0,991.0,0.7169947320067175,2.2343476661549575,1.785370397132076,1.9400241132321903
adpaif,markov_order_2,30,nearest,,5.0,114.0,0.6342741394108498,1.788583374669209,1.717766384805224,1.9086413704532006
adpaif,vq_ctw,30,linear,256.0,5.0,991.0,0.9875081434428721,0.116692391927988,4.26040238173623,4.26040238173623
adpaif,vq_ctw,30,linear,512.0,5.0,991.0,0.9824826116955037,0.15502915762778247,4.43693581204802,4.43693581204802
adpaif,vq_ctw,30,linear,1024.0,5.0,991.0,0.9871047061887374,0.1252180013815579,4.332107192423825,4.332107192423825
adpaif,vq_ctw,30,nearest,256.0,5.0,114.0,0.8732009698290332,0.9286578953639559,5.064099001165781,5.064099001165781
adpaif,vq_ctw,30,nearest,512.0,5.0,114.0,0.8788269244383679,0.8639680885889404,4.878321760814611,4.878321760814611
adpaif,vq_ctw,30,nearest,1024.0,5.0,114.0,0.8597665584982089,1.0580733237951907,4.847620615434163,4.847620615434163
aducri,direct_ctw,30,linear,,5.0,1007.0,0.8359573384216321,1.5499935630235255,1.7664085668505114,1.9078505204982523
aducri,direct_ctw,30,nearest,,5.0,108.0,0.8278926074238515,1.095941008077851,1.7304737692554226,1.8896016999315752
aducri,markov_order_1,30,linear,,5.0,1007.0,0.6968120510569562,2.5598304044985674,1.7664085668505114,1.9078505204982523
aducri,markov_order_1,30,nearest,,5.0,108.0,0.6129012037841371,1.9687544106424875,1.7304737692554226,1.8896016999315752
aducri,markov_order_2,30,linear,,5.0,1007.0,0.6351221819347327,2.962083031397439,1.7664085668505114,1.9078505204982523
aducri,markov_order_2,30,nearest,,5.0,108.0,0.6144329202585479,1.9593159627330494,1.7304737692554226,1.8896016999315752
aducri,vq_ctw,30,linear,256.0,5.0,1007.0,0.9744637335961276,0.2225593959956415,6.4653586560016505,6.4653586560016505
aducri,vq_ctw,30,linear,512.0,5.0,1007.0,0.9737865621272778,0.24862195848820254,6.174327266588536,6.174327266588536
aducri,vq_ctw,30,linear,1024.0,5.0,1007.0,0.9738388698596809,0.24238420097851163,6.227258554798773,6.227258554798773
aducri,vq_ctw,30,nearest,256.0,5.0,108.0,0.8708963983073631,0.9128514251680685,5.5354028070772,5.5354028070772
aducri,vq_ctw,30,nearest,512.0,5.0,108.0,0.9055100127023024,0.6845333080688433,5.263582695921857,5.263582695921857
aducri,vq_ctw,30,nearest,1024.0,5.0,108.0,0.853692686457786,1.0174806951602062,5.777704250568612,5.777704250568612
afmorc,direct_ctw,30,linear,,5.0,1007.0,0.8503871768473159,1.3569346615798452,1.666449155749098,1.836871638542713
afmorc,direct_ctw,30,nearest,,5.0,40.0,0.8177900139992754,1.1079663630120835,1.5854354542428537,1.8143948341857297
afmorc,markov_order_1,30,linear,,5.0,1007.0,0.7640895683138471,1.9677252275554455,1.666449155749098,1.836871638542713
afmorc,markov_order_1,30,nearest,,5.0,40.0,0.5486979581181848,2.0410373538090236,1.5854354542428537,1.8143948341857297
afmorc,markov_order_2,30,linear,,5.0,1007.0,0.7246371351352592,2.2258695108583044,1.666449155749098,1.836871638542713
afmorc,markov_order_2,30,nearest,,5.0,40.0,0.6052674293748792,1.8843264743574977,1.5854354542428537,1.8143948341857297
afmorc,vq_ctw,30,linear,256.0,5.0,1007.0,0.9841908840452882,0.14883223607851684,4.33429068144377,4.33429068144377
afmorc,vq_ctw,30,linear,512.0,5.0,1007.0,0.9863196311625239,0.13966962980889389,4.446828305501256,4.446828305501256
afmorc,vq_ctw,30,linear,1024.0,5.0,1007.0,0.9855597019913441,0.1462938827802291,4.733319929796816,4.733319929796816
afmorc,vq_ctw,30,nearest,256.0,5.0,40.0,0.8578573260740205,1.0404045077458917,4.8546899798595335,4.8546899798595335
afmorc,vq_ctw,30,nearest,512.0,5.0,40.0,0.8708425524520722,0.9645423677453069,4.041623615088037,4.041623615088037
afmorc,vq_ctw,30,nearest,1024.0,5.0,40.0,0.8658946594216061,1.0493531683875301,4.719383841379882,4.719383841379882
afpans,direct_ctw,30,linear,,5.0,1007.0,0.822499088011037,1.2886316068622237,1.6203753318616787,1.7746396143361156
afpans,direct_ctw,30,nearest,,5.0,76.0,0.8406924398786829,0.9747392745757718,1.5753410795553962,1.760006895740219
afpans,markov_order_1,30,linear,,5.0,1007.0,0.7720155772398374,1.5631776391598537,1.6203753318616787,1.7746396143361156
afpans,markov_order_1,30,nearest,,5.0,76.0,0.6762641556159203,1.610544074872589,1.5753410795553962,1.760006895740219
afpans,markov_order_2,30,linear,,5.0,1007.0,0.7659715632320651,1.5945733156481219,1.6203753318616787,1.7746396143361156
afpans,markov_order_2,30,nearest,,5.0,76.0,0.6689861012270089,1.6336422661877568,1.5753410795553962,1.760006895740219
afpans,vq_ctw,30,linear,256.0,5.0,1007.0,0.9999999999980905,0.02082868665790974,3.6472444074262187,3.6472444074262187
afpans,vq_ctw,30,linear,512.0,5.0,1007.0,0.9969994968841157,0.03246876928028173,3.7786348142491715,3.7786348142491715
afpans,vq_ctw,30,linear,1024.0,5.0,1007.0,0.9999999999980905,0.011480240457195753,3.7705608799896813,3.7705608799896813
afpans,vq_ctw,30,nearest,256.0,5.0,76.0,0.8956754133020776,0.7260073427432723,4.194063304812829,4.194063304812829
afpans,vq_ctw,30,nearest,512.0,5.0,76.0,0.8964727913147168,0.756895401955617,4.329739463937933,4.329739463937933
afpans,vq_ctw,30,nearest,1024.0,5.0,76.0,0.8652801925958621,0.9791028241536626,4.31389176294674,4.31389176294674
afsfat,direct_ctw,30,linear,,5.0,1002.0,0.8267704187594804,1.5065856501082449,1.7282702775863559,1.8806757928452928
afsfat,markov_order_1,30,linear,,5.0,1002.0,0.7214449290181738,2.206689756108162,1.7282702775863559,1.8806757928452928
afsfat,markov_order_2,30,linear,,5.0,1002.0,0.6765223480757521,2.479571544655286,1.7282702775863559,1.8806757928452928
afsfat,vq_ctw,30,linear,256.0,5.0,1002.0,0.9869981499495489,0.11309548166822214,5.650609845188689,5.650609845188689
afsfat,vq_ctw,30,linear,512.0,5.0,1002.0,0.9831729395654634,0.1568881283646587,5.567150936172588,5.567150936172588
afsfat,vq_ctw,30,linear,1024.0,5.0,1002.0,0.9902696899797974,0.09846053752055473,5.521039029254123,5.521039029254123
afweka,direct_ctw,30,linear,,5.0,1007.0,0.8478650201134178,1.3758323038148095,1.6888202542780284,1.8625588652326859
afweka,direct_ctw,30,nearest,,5.0,145.0,0.830039579223117,1.01411635177558,1.5061259916494842,1.698855319467379
afweka,markov_order_1,30,linear,,5.0,1007.0,0.7644653684687168,1.965208491364894,1.6888202542780284,1.8625588652326859
afweka,markov_order_1,30,nearest,,5.0,145.0,0.6403618756381814,1.709253735180897,1.5061259916494842,1.698855319467379
afweka,markov_order_2,30,linear,,5.0,1007.0,0.7326673012280374,2.1742746286531682,1.6888202542780284,1.8625588652326859
afweka,markov_order_2,30,nearest,,5.0,145.0,0.6461273034662297,1.6906330292261156,1.5061259916494842,1.698855319467379
afweka,vq_ctw,30,linear,256.0,5.0,1007.0,0.994458288913768,0.05829384306527296,4.268291946175974,4.268291946175974
afweka,vq_ctw,30,linear,512.0,5.0,1007.0,0.9866961296055976,0.13932372597695417,4.15067209523507,4.15067209523507
afweka,vq_ctw,30,linear,1024.0,5.0,1007.0,0.9914984517953773,0.09042698777751258,4.161642462802993,4.161642462802993
afweka,vq_ctw,30,nearest,256.0,5.0,145.0,0.8621818088072111,0.9180177092646522,4.668798893766052,4.668798893766052
afweka,vq_ctw,30,nearest,512.0,5.0,145.0,0.900960870832005,0.7618020944571593,4.676044329423293,4.676044329423293
afweka,vq_ctw,30,nearest,1024.0,5.0,145.0,0.867206365316131,1.0268962159347734,4.813589186723433,4.813589186723433
agcowk,direct_ctw,30,linear,,5.0,1007.0,0.869649325001944,1.1396890503586006,1.6609014605006183,1.8067366710476311
agcowk,direct_ctw,30,nearest,,5.0,37.0,0.8391247237443661,0.9581499400559703,1.633244629488845,1.802888451003947
agcowk,markov_order_1,30,linear,,5.0,1007.0,0.7985520540672437,1.62315789121933,1.6609014605006183,1.8067366710476311
agcowk,markov_order_1,30,nearest,,5.0,37.0,0.7146622859868584,1.4332976945322493,1.633244629488845,1.802888451003947
agcowk,markov_order_2,30,linear,,5.0,1007.0,0.7804584352119339,1.7383601254991135,1.6609014605006183,1.8067366710476311
agcowk,markov_order_2,30,nearest,,5.0,37.0,0.7039040300292541,1.4686580973812664,1.633244629488845,1.802888451003947
agcowk,vq_ctw,30,linear,256.0,5.0,1007.0,0.9962873639587166,0.039032256996629405,3.886844882164468,3.886844882164468
agcowk,vq_ctw,30,linear,512.0,5.0,1007.0,0.9936041310128663,0.07234800998797031,3.7705104919756045,3.7705104919756045
agcowk,vq_ctw,30,linear,1024.0,5.0,1007.0,0.9962756320009327,0.04286298322371308,3.841723597981148,3.841723597981148
agcowk,vq_ctw,30,nearest,256.0,5.0,37.0,0.8561908323019605,1.0499926737349867,4.36914921274991,4.36914921274991
agcowk,vq_ctw,30,nearest,512.0,5.0,37.0,0.9125663705045487,0.6901459816842243,4.0148675256111614,4.0148675256111614
agcowk,vq_ctw,30,nearest,1024.0,5.0,37.0,0.8782203105794618,0.9710306036155524,3.6866998693423687,3.6866998693423687
agdrea,direct_ctw,30,linear,,5.0,1007.0,0.8082017622649094,1.7043820887922683,1.6334227409072364,1.791265789308479
agdrea,direct_ctw,30,nearest,,5.0,35.0,0.827177245285639,1.1108618296051802,1.6288402518623066,1.792085840458957
agdrea,markov_order_1,30,linear,,5.0,1007.0,0.6665210352508746,2.655684511835986,1.6334227409072364,1.791265789308479
agdrea,markov_order_1,30,nearest,,5.0,35.0,0.5700252048553429,2.0972735080995273,1.6288402518623066,1.792085840458957
agdrea,markov_order_2,30,linear,,5.0,1007.0,0.6123229825168464,2.9828694157232065,1.6334227409072364,1.791265789308479
agdrea,markov_order_2,30,nearest,,5.0,35.0,0.5856884291859493,2.049688934115964,1.6288402518623066,1.792085840458957
agdrea,vq_ctw,30,linear,256.0,5.0,1007.0,0.9453572628254011,0.39240749233595495,6.104996402405125,6.104996402405125
agdrea,vq_ctw,30,linear,512.0,5.0,1007.0,0.9487065417333845,0.45446268764842873,6.250479679773737,6.250479679773737
agdrea,vq_ctw,30,linear,1024.0,5.0,1007.0,0.9440933002615779,0.4554937485794179,6.093896228307369,6.093896228307369
agdrea,vq_ctw,30,nearest,256.0,5.0,35.0,0.8615478344138,1.0400989131011114,5.112765490906459,5.112765490906459
agdrea,vq_ctw,30,nearest,512.0,5.0,35.0,0.8413023403838902,1.0414123187611852,3.867653712674541,3.867653712674541
agdrea,vq_ctw,30,nearest,1024.0,5.0,35.0,0.8630325473488498,1.0104179616657891,4.76310147244487,4.76310147244487
aggjuo,direct_ctw,30,linear,,5.0,1008.0,0.8287793088232112,1.3878226848402426,1.616228459743442,1.7901063783295568
aggjuo,direct_ctw,30,nearest,,5.0,243.0,0.8363069924727586,1.0975952362071253,1.5541645872570276,1.7529746047569679
aggjuo,markov_order_1,30,linear,,5.0,1008.0,0.747373253310303,1.8885550440785708,1.616228459743442,1.7901063783295568
aggjuo,markov_order_1,30,nearest,,5.0,243.0,0.6512796168575207,1.9179707799926067,1.5541645872570276,1.7529746047569679
aggjuo,markov_order_2,30,linear,,5.0,1008.0,0.7236906334287669,2.024115355787505,1.616228459743442,1.7901063783295568
aggjuo,markov_order_2,30,nearest,,5.0,243.0,0.6240146796700677,2.0161472215730485,1.5541645872570276,1.7529746047569679
aggjuo,vq_ctw,30,linear,256.0,5.0,1008.0,1.0,0.0,4.981944744333547,4.981944744333547
aggjuo,vq_ctw,30,linear,512.0,5.0,1008.0,0.9999999999980905,0.048969362488858394,4.693337937717636,4.693337937717636
aggjuo,vq_ctw,30,linear,1024.0,5.0,1008.0,0.9999999999980905,0.03784659971461905,4.786702743062706,4.786702743062706
aggjuo,vq_ctw,30,nearest,256.0,5.0,243.0,0.8530066406223645,1.0359957034046399,4.396954498669952,4.396954498669952
aggjuo,vq_ctw,30,nearest,512.0,5.0,243.0,0.8726578083067749,0.9407344545302172,4.296687605395593,4.296687605395593
aggjuo,vq_ctw,30,nearest,1024.0,5.0,243.0,0.8636123762614919,1.0990653881684678,4.4347101859570355,4.4347101859570355
agivle,direct_ctw,30,linear,,5.0,1007.0,0.8206937682401029,1.5006693336412282,1.638451083200572,1.8137642105200604
agivle,direct_ctw,30,nearest,,5.0,36.0,0.8456424482567308,0.9790456310002627,1.5837348242820513,1.757198568262956
agivle,markov_order_1,30,linear,,5.0,1007.0,0.7385015450995301,2.02795976318059,1.638451083200572,1.8137642105200604
agivle,markov_order_1,30,nearest,,5.0,36.0,0.6725921297326026,1.672473588361246,1.5837348242820513,1.757198568262956
agivle,markov_order_2,30,linear,,5.0,1007.0,0.7024901047112094,2.242297394660943,1.638451083200572,1.8137642105200604
agivle,markov_order_2,30,nearest,,5.0,36.0,0.6541541466719181,1.733332435058319,1.5837348242820513,1.757198568262956
agivle,vq_ctw,30,linear,256.0,5.0,1007.0,0.9999999999980905,0.0822105282227858,4.657328301580516,4.657328301580516
agivle,vq_ctw,30,linear,512.0,5.0,1007.0,0.9901770441492064,0.09518616648278463,4.680135504878128,4.680135504878128
agivle,vq_ctw,30,linear,1024.0,5.0,1007.0,0.9907910528699365,0.09009796534110044,4.621201875893691,4.621201875893691
agivle,vq_ctw,30,nearest,256.0,5.0,36.0,0.877185469434308,0.8821813724509103,5.38539660565042,5.38539660565042
agivle,vq_ctw,30,nearest,512.0,5.0,36.0,0.8665551005389661,0.9671454048486987,4.543292059509158,4.543292059509158
agivle,vq_ctw,30,nearest,1024.0,5.0,36.0,0.8722341068780055,0.9932765186190129,4.106655773162843,4.106655773162843
agjitf,direct_ctw,30,linear,,5.0,1007.0,0.8272282523387552,1.434470050636748,1.6212046722043096,1.7947283507792955
agjitf,direct_ctw,30,nearest,,5.0,262.0,0.8219845469833312,1.0235210401275607,1.5492997494371232,1.7279961545248905
agjitf,markov_order_1,30,linear,,5.0,1007.0,0.7583835995168846,1.8751897956525423,1.6212046722043096,1.7947283507792955
agjitf,markov_order_1,30,nearest,,5.0,262.0,0.6653096387172828,1.5938658532462902,1.5492997494371232,1.7279961545248905
agjitf,markov_order_2,30,linear,,5.0,1007.0,0.731785088689767,2.034977524072511,1.6212046722043096,1.7947283507792955
agjitf,markov_order_2,30,nearest,,5.0,262.0,0.6813015211321064,1.5435211622222924,1.5492997494371232,1.7279961545248905
agjitf,vq_ctw,30,linear,256.0,5.0,1007.0,0.996521504376604,0.036898155176458794,4.082030519914333,4.082030519914333
agjitf,vq_ctw,30,linear,512.0,5.0,1007.0,0.9937365564100349,0.07103971539796623,4.26478191749485,4.26478191749485
agjitf,vq_ctw,30,linear,1024.0,5.0,1007.0,0.9936194707396813,0.06846429658504898,4.040792865614785,4.040792865614785
agjitf,vq_ctw,30,nearest,256.0,5.0,262.0,0.8653467204967648,0.948724023454427,4.564949579716812,4.564949579716812
agjitf,vq_ctw,30,nearest,512.0,5.0,262.0,0.886092157980685,0.7768659312631002,4.1200569456948,4.1200569456948
agjitf,vq_ctw,30,nearest,1024.0,5.0,262.0,0.8609298942330138,0.9826199442938869,4.2361531708854185,4.2361531708854185
agsuec,direct_ctw,30,linear,,5.0,1007.0,0.828662515559042,1.5533298854775777,1.6988263949881337,1.8492602164632945
agsuec,markov_order_1,30,linear,,5.0,1007.0,0.7147234658182495,2.3486760160647284,1.6988263949881337,1.8492602164632945
agsuec,markov_order_2,30,linear,,5.0,1007.0,0.663934238254696,2.671722973225484,1.6988263949881337,1.8492602164632945
agsuec,vq_ctw,30,linear,256.0,5.0,1007.0,0.9752569311230717,0.2065178233399599,5.22225642474903,5.22225642474903
agsuec,vq_ctw,30,linear,512.0,5.0,1007.0,0.9743140830241437,0.24933022859390197,5.431863911197902,5.431863911197902
agsuec,vq_ctw,30,linear,1024.0,5.0,1007.0,0.9746099306493818,0.22967204018869156,5.355507169511968,5.355507169511968
agvexp,direct_ctw,30,linear,,5.0,1006.0,0.7937562431028291,1.8165934853086372,1.6893733759343876,1.8402987172888685
agvexp,direct_ctw,30,nearest,,5.0,73.0,0.8484654867024312,1.0313830419669259,1.4638055228438065,1.6695976479879522
agvexp,markov_order_1,30,linear,,5.0,1006.0,0.6423497378706878,2.817638078594423,1.6893733759343876,1.8402987172888685
agvexp,markov_order_1,30,nearest,,5.0,73.0,0.6112210982786308,2.0281602680151685,1.4638055228438065,1.6695976479879522
agvexp,markov_order_2,30,linear,,5.0,1006.0,0.5722078299148426,3.229925225029096,1.6893733759343876,1.8402987172888685
agvexp,markov_order_2,30,nearest,,5.0,73.0,0.602876404225174,2.0692910319538678,1.4638055228438065,1.6695976479879522
agvexp,vq_ctw,30,linear,256.0,5.0,1006.0,0.9533325401125723,0.3460344129227824,6.1623129833697945,6.1623129833697945
agvexp,vq_ctw,30,linear,512.0,5.0,1006.0,0.9555528741320798,0.3655261185326511,6.703492961467566,6.703492961467566
agvexp,vq_ctw,30,linear,1024.0,5.0,1006.0,0.9566765909248677,0.35792154192515846,6.457426074096282,6.457426074096282
agvexp,vq_ctw,30,nearest,256.0,5.0,73.0,0.8623710044601395,1.0024367768163844,5.265830447696999,5.265830447696999
agvexp,vq_ctw,30,nearest,512.0,5.0,73.0,0.8517448975939177,1.0313939797121416,4.759962202811061,4.759962202811061
agvexp,vq_ctw,30,nearest,1024.0,5.0,73.0,0.8668650113782774,1.0345553168407506,5.1909979459096345,5.1909979459096345
agyamk,direct_ctw,30,linear,,5.0,1004.0,0.867993202263452,1.2400164870248402,1.6901061630554421,1.8088673325467612
agyamk,markov_order_1,30,linear,,5.0,1004.0,0.7727183307282761,1.9390344676777642,1.6901061630554421,1.8088673325467612
agyamk,markov_order_2,30,linear,,5.0,1004.0,0.7333483854886135,2.2043503711731263,1.6901061630554421,1.8088673325467612
agyamk,vq_ctw,30,linear,256.0,5.0,1004.0,0.9474622702100678,0.4190696084165516,5.820657860667156,5.820657860667156
agyamk,vq_ctw,30,linear,512.0,5.0,1004.0,0.9465212448840412,0.4511284254737033,5.882154562178544,5.882154562178544
agyamk,vq_ctw,30,linear,1024.0,5.0,1004.0,0.9294179652925374,0.5662407686690418,6.021972131663375,6.021972131663375
aichas,direct_ctw,30,linear,,5.0,1007.0,0.8450119286128405,1.4106795056523422,1.551256324222629,1.7203366893306486
aichas,direct_ctw,30,nearest,,5.0,149.0,0.8366226601435386,1.0571405645817191,1.4292029656378948,1.604663211845042
aichas,markov_order_1,30,linear,,5.0,1007.0,0.7298106033117571,2.216314792972287,1.551256324222629,1.7203366893306486
aichas,markov_order_1,30,nearest,,5.0,149.0,0.6447175888481605,1.8907004498893847,1.4292029656378948,1.604663211845042
aichas,markov_order_2,30,linear,,5.0,1007.0,0.6885903925281902,2.4790787191806065,1.551256324222629,1.7203366893306486
aichas,markov_order_2,30,nearest,,5.0,149.0,0.6173387399802744,1.988728221902361,1.4292029656378948,1.604663211845042
aichas,vq_ctw,30,linear,256.0,5.0,1007.0,0.962516276164918,0.29004404491755115,5.92470798819071,5.92470798819071
aichas,vq_ctw,30,linear,512.0,5.0,1007.0,0.9596091427365439,0.337866060452404,6.0865577411079705,6.0865577411079705
aichas,vq_ctw,30,linear,1024.0,5.0,1007.0,0.9599973916183339,0.33518732862671324,5.7584182855363455,5.7584182855363455
aichas,vq_ctw,30,nearest,256.0,5.0,149.0,0.8562789605368591,1.0050428618496594,5.075728941338319,5.075728941338319
aichas,vq_ctw,30,nearest,512.0,5.0,149.0,0.8680157861196196,0.965386739095845,5.15247702798608,5.15247702798608
aichas,vq_ctw,30,nearest,1024.0,5.0,149.0,0.8595383617952979,1.0463007731102776,5.236881022141561,5.236881022141561
ailbcu,direct_ctw,30,linear,,5.0,1005.0,0.8533411344680853,1.2987619736460236,1.7043143464122077,1.8574565457705876
ailbcu,markov_order_1,30,linear,,5.0,1005.0,0.7573151228420412,1.9534159896491352,1.7043143464122077,1.8574565457705876
ailbcu,markov_order_2,30,linear,,5.0,1005.0,0.7234302858701164,2.1657924738888146,1.7043143464122077,1.8574565457705876
ailbcu,vq_ctw,30,linear,256.0,5.0,1005.0,0.9845907959960953,0.145641416242223,5.777014392185096,5.777014392185096
ailbcu,vq_ctw,30,linear,512.0,5.0,1005.0,0.9828512169614789,0.1649358217901462,5.787334333483357,5.787334333483357
ailbcu,vq_ctw,30,linear,1024.0,5.0,1005.0,0.9834940254358451,0.16401248791110054,5.662589045954963,5.662589045954963
aimidd,direct_ctw,30,linear,,5.0,1007.0,0.8545203974929068,1.338533500747077,1.5860874223663817,1.7659909102491482
aimidd,direct_ctw,30,nearest,,5.0,103.0,0.8693776826103499,0.829986053261421,1.620954307713781,1.8126380857004394
aimidd,markov_order_1,30,linear,,5.0,1007.0,0.7588498100225759,2.0237904096494868,1.5860874223663817,1.7659909102491482
aimidd,markov_order_1,30,nearest,,5.0,103.0,0.7369819128687853,1.3908059852760264,1.620954307713781,1.8126380857004394
aimidd,markov_order_2,30,linear,,5.0,1007.0,0.7136171927263879,2.3209646173736007,1.5860874223663817,1.7659909102491482
aimidd,markov_order_2,30,nearest,,5.0,103.0,0.7409124620343279,1.3673234035972692,1.620954307713781,1.8126380857004394
aimidd,vq_ctw,30,linear,256.0,5.0,1007.0,0.9906449570543564,0.09131390217237438,6.492217273850457,6.492217273850457
aimidd,vq_ctw,30,linear,512.0,5.0,1007.0,0.9662396930789098,0.30018159275614614,5.231080228176818,5.231080228176818
aimidd,vq_ctw,30,linear,1024.0,5.0,1007.0,0.9765485272645965,0.21485653795622972,5.7980371014716265,5.7980371014716265
aimidd,vq_ctw,30,nearest,256.0,5.0,103.0,0.8909740212432866,0.7526483572698954,5.270885128734759,5.270885128734759
aimidd,vq_ctw,30,nearest,512.0,5.0,103.0,0.9210609457737062,0.6616767807891141,5.231984104448173,5.231984104448173
aimidd,vq_ctw,30,nearest,1024.0,5.0,103.0,0.8714168321648056,0.9608449067591378,5.156834188560821,5.156834188560821
ainpli,direct_ctw,30,linear,,5.0,1007.0,0.8163441691133851,1.5978767037218766,1.7156498581766269,1.8759236040046867
ainpli,direct_ctw,30,nearest,,5.0,109.0,0.8389349212316392,1.0392643593229316,1.8243698902690386,1.9761029921585962
ainpli,markov_order_1,30,linear,,5.0,1007.0,0.7186579530821465,2.251096736071108,1.7156498581766269,1.8759236040046867
ainpli,markov_order_1,30,nearest,,5.0,109.0,0.6286222700645429,1.8815503870671164,1.8243698902690386,1.9761029921585962
ainpli,markov_order_2,30,linear,,5.0,1007.0,0.6719852689417364,2.537934531890887,1.7156498581766269,1.8759236040046867
ainpli,markov_order_2,30,nearest,,5.0,109.0,0.6203773251920239,1.909290449040451,1.8243698902690386,1.9761029921585962
ainpli,vq_ctw,30,linear,256.0,5.0,1007.0,0.9799481380022776,0.18183535763503664,4.732972677044774,4.732972677044774
ainpli,vq_ctw,30,linear,512.0,5.0,1007.0,0.9751854354389753,0.22529744505459887,4.83597300305376,4.83597300305376
ainpli,vq_ctw,30,linear,1024.0,5.0,1007.0,0.9780687115262015,0.20307390025547822,4.991238785981178,4.991238785981178
ainpli,vq_ctw,30,nearest,256.0,5.0,109.0,0.8680446671406478,0.9869876618493719,4.767981446205478,4.767981446205478
ainpli,vq_ctw,30,nearest,512.0,5.0,109.0,0.882039750799672,0.8852707105526473,4.444837812808719,4.444837812808719
ainpli,vq_ctw,30,nearest,1024.0,5.0,109.0,0.8749116303323886,0.9845004888557124,4.175358078129443,4.175358078129443
aitpyg,direct_ctw,30,linear,,5.0,1007.0,0.8351934574886972,1.401317140092434,1.57034668409337,1.7416472925631845
aitpyg,direct_ctw,30,nearest,,5.0,142.0,0.8410616976199705,1.008716690498828,1.6194894731869207,1.7964338063853231
aitpyg,markov_order_1,30,linear,,5.0,1007.0,0.755630466271612,1.9226566124482822,1.57034668409337,1.7416472925631845
aitpyg,markov_order_1,30,nearest,,5.0,142.0,0.6245440523351617,1.8484143158337736,1.6194894731869207,1.7964338063853231
aitpyg,markov_order_2,30,linear,,5.0,1007.0,0.7241528464942413,2.1144792241079733,1.57034668409337,1.7416472925631845
aitpyg,markov_order_2,30,nearest,,5.0,142.0,0.6457097702660851,1.7932293891259274,1.6194894731869207,1.7964338063853231
aitpyg,vq_ctw,30,linear,256.0,5.0,1007.0,0.9875924570359782,0.1160267667550044,4.51013975049557,4.51013975049557
aitpyg,vq_ctw,30,linear,512.0,5.0,1007.0,0.9814691765195142,0.18513272294727773,4.496911591784575,4.496911591784575
aitpyg,vq_ctw,30,linear,1024.0,5.0,1007.0,0.9865028316843837,0.13016823280794354,4.47586544128807,4.47586544128807
aitpyg,vq_ctw,30,nearest,256.0,5.0,142.0,0.8682596226083046,0.9899565753015166,5.062583910651245,5.062583910651245
aitpyg,vq_ctw,30,nearest,512.0,5.0,142.0,0.8644632773735472,0.9787773343018077,4.495005923851487,4.495005923851487
aitpyg,vq_ctw,30,nearest,1024.0,5.0,142.0,0.8800512913290868,0.9627656552530587,4.629020013853464,4.629020013853464
aivtyt,direct_ctw,30,linear,,5.0,824.0,0.8339331779564105,1.3411139482036272,1.4806251692738694,1.6541871263305372
aivtyt,direct_ctw,30,nearest,,5.0,39.0,0.826534768100175,1.0125011663002565,1.2915050762626767,1.5036062963107304
aivtyt,markov_order_1,30,linear,,5.0,824.0,0.7593863098003836,1.7994003785655177,1.4806251692738694,1.6541871263305372
aivtyt,markov_order_1,30,nearest,,5.0,39.0,0.7031324990671721,1.4711629845536607,1.2915050762626767,1.5036062963107304
aivtyt,markov_order_2,30,linear,,5.0,824.0,0.7299250414939655,1.9677644981093696,1.4806251692738694,1.6541871263305372
aivtyt,markov_order_2,30,nearest,,5.0,39.0,0.6869648254356333,1.5227163832136008,1.2915050762626767,1.5036062963107304
aivtyt,vq_ctw,30,linear,256.0,5.0,824.0,0.9820522008221269,0.1582041428964138,4.609798961473933,4.609798961473933
aivtyt,vq_ctw,30,linear,512.0,5.0,824.0,0.9797647491349789,0.18974417633105384,4.933430715058358,4.933430715058358
aivtyt,vq_ctw,30,linear,1024.0,5.0,824.0,0.9837931656210787,0.14526440069915916,4.853518388160211,4.853518388160211
aivtyt,vq_ctw,30,nearest,256.0,5.0,39.0,0.8723140027133752,0.9558127335524298,4.736852400560093,4.736852400560093
aivtyt,vq_ctw,30,nearest,512.0,5.0,39.0,0.8741101163315554,0.9642545917983975,4.023664338467176,4.023664338467176
aivtyt,vq_ctw,30,nearest,1024.0,5.0,39.0,0.8752419520744069,1.0178829793139879,4.309818021258188,4.309818021258188
aiwalb,direct_ctw,30,linear,,5.0,1007.0,0.8118475566146246,1.6021060502156188,1.6724288351649226,1.8361993939905863
aiwalb,direct_ctw,30,nearest,,5.0,149.0,0.8345460629329307,1.0811686252825783,1.6868760220597996,1.848445748918995
aiwalb,markov_order_1,30,linear,,5.0,1007.0,0.6908123246681319,2.3786084356342303,1.6724288351649226,1.8361993939905863
aiwalb,markov_order_1,30,nearest,,5.0,149.0,0.5880603414002119,2.0619668726719116,1.6868760220597996,1.848445748918995
aiwalb,markov_order_2,30,linear,,5.0,1007.0,0.6473381362153996,2.6317936317913353,1.6724288351649226,1.8361993939905863
aiwalb,markov_order_2,30,nearest,,5.0,149.0,0.6042554286035386,2.012733506096093,1.6868760220597996,1.848445748918995
aiwalb,vq_ctw,30,linear,256.0,5.0,1007.0,0.9711275494473411,0.23446709933769203,5.07505206518291,5.07505206518291
aiwalb,vq_ctw,30,linear,512.0,5.0,1007.0,0.9790745525087428,0.2006971038722657,5.515272080582801,5.515272080582801
aiwalb,vq_ctw,30,linear,1024.0,5.0,1007.0,0.9735721579044899,0.2375119549048547,4.935994558557018,4.935994558557018
aiwalb,vq_ctw,30,nearest,256.0,5.0,149.0,0.8688382615934207,0.9474388795491008,4.669854157364739,4.669854157364739
aiwalb,vq_ctw,30,nearest,512.0,5.0,149.0,0.8738894733202576,0.9392271319161981,4.483293690993732,4.483293690993732
aiwalb,vq_ctw,30,nearest,1024.0,5.0,149.0,0.8673885032201445,1.0390405414031343,4.825141493576489,4.825141493576489
ajixdo,direct_ctw,30,linear,,5.0,817.0,0.8438174728937555,1.2498283298489583,1.639691564725462,1.7927261570974689
ajixdo,direct_ctw,30,nearest,,5.0,143.0,0.826765823397145,0.9933926608643738,1.4377462618188246,1.6061024941375737
ajixdo,markov_order_1,30,linear,,5.0,817.0,0.7691541914240662,1.7028660607532518,1.639691564725462,1.7927261570974689
ajixdo,markov_order_1,30,nearest,,5.0,143.0,0.6916830547559605,1.4725353821537122,1.4377462618188246,1.6061024941375737
ajixdo,markov_order_2,30,linear,,5.0,817.0,0.7506262648671044,1.807778948912294,1.639691564725462,1.7927261570974689
ajixdo,markov_order_2,30,nearest,,5.0,143.0,0.6964660128513557,1.465175746114569,1.4377462618188246,1.6061024941375737
ajixdo,vq_ctw,30,linear,256.0,5.0,817.0,0.9999999999980905,0.09097903979688529,4.188211964107261,4.188211964107261
ajixdo,vq_ctw,30,linear,512.0,5.0,817.0,0.9907364460222388,0.0905528434041802,4.45208219398171,4.45208219398171
ajixdo,vq_ctw,30,linear,1024.0,5.0,817.0,0.9885011845753304,0.10879836334981793,4.22660608322039,4.22660608322039
ajixdo,vq_ctw,30,nearest,256.0,5.0,143.0,0.8837229354984033,0.8598754470225088,4.308047119393684,4.308047119393684
ajixdo,vq_ctw,30,nearest,512.0,5.0,143.0,0.8710926880497372,0.9462089447752722,4.131549819972811,4.131549819972811
ajixdo,vq_ctw,30,nearest,1024.0,5.0,143.0,0.8751259118655417,0.9852875486983255,4.508159989366162,4.508159989366162
ajsips,direct_ctw,30,linear,,5.0,1007.0,0.8284920926664905,1.5262961144063936,1.676218667722856,1.8369422110909392
ajsips,direct_ctw,30,nearest,,5.0,123.0,0.8289768960577295,1.0296030528352176,1.6569595831046406,1.8486737661119683
ajsips,markov_order_1,30,linear,,5.0,1007.0,0.7328103709146381,2.1852127552205842,1.676218667722856,1.8369422110909392
ajsips,markov_order_1,30,nearest,,5.0,123.0,0.6639189554036277,1.6577913526568475,1.6569595831046406,1.8486737661119683
ajsips,markov_order_2,30,linear,,5.0,1007.0,0.6924423355663537,2.4417761301408505,1.676218667722856,1.8369422110909392
ajsips,markov_order_2,30,nearest,,5.0,123.0,0.6572167763120863,1.6786247662264882,1.6569595831046406,1.8486737661119683
ajsips,vq_ctw,30,linear,256.0,5.0,1007.0,0.9877371715983168,0.11488234357820488,4.596395321266426,4.596395321266426
ajsips,vq_ctw,30,linear,512.0,5.0,1007.0,0.985338758763585,0.15146925617981824,4.913628041964756,4.913628041964756
ajsips,vq_ctw,30,linear,1024.0,5.0,1007.0,0.9889868398303631,0.11590592913847432,4.740264200903411,4.740264200903411
ajsips,vq_ctw,30,nearest,256.0,5.0,123.0,0.8771844835136572,0.9104124095418137,4.680584856366446,4.680584856366446
ajsips,vq_ctw,30,nearest,512.0,5.0,123.0,0.8702303408225978,0.9145659856458469,4.140984590922074,4.140984590922074
ajsips,vq_ctw,30,nearest,1024.0,5.0,123.0,0.8734638076975603,0.9480816478223004,4.362188549578021,4.362188549578021
ajsned,direct_ctw,30,linear,,5.0,1007.0,0.8281507616332222,1.5764869105000439,1.697725652721401,1.8590828079973931
ajsned,direct_ctw,30,nearest,,5.0,159.0,0.8279427126974758,1.1788222706361033,1.6646946919799936,1.8514685805664441
ajsned,markov_order_1,30,linear,,5.0,1007.0,0.7169343211276309,2.3660496478998048,1.697725652721401,1.8590828079973931
ajsned,markov_order_1,30,nearest,,5.0,159.0,0.5699444108644167,2.2794054833968085,1.6646946919799936,1.8514685805664441
ajsned,markov_order_2,30,linear,,5.0,1007.0,0.6696048643203786,2.6736687265743093,1.697725652721401,1.8590828079973931
ajsned,markov_order_2,30,nearest,,5.0,159.0,0.5539938875420972,2.3364220577220958,1.6646946919799936,1.8514685805664441
ajsned,vq_ctw,30,linear,256.0,5.0,1007.0,0.98525216532192,0.13421000876446404,5.018147971884263,5.018147971884263
ajsned,vq_ctw,30,linear,512.0,5.0,1007.0,0.9812424376131655,0.18706574964080466,5.229552310487573,5.229552310487573
ajsned,vq_ctw,30,linear,1024.0,5.0,1007.0,0.985096396615457,0.14638339599909353,4.8766018852151705,4.8766018852151705
ajsned,vq_ctw,30,nearest,256.0,5.0,159.0,0.8536882654549114,1.0811351936213953,5.6924026139293895,5.6924026139293895
ajsned,vq_ctw,30,nearest,512.0,5.0,159.0,0.8454873310420753,1.1238131382860659,5.50723370444837,5.50723370444837
ajsned,vq_ctw,30,nearest,1024.0,5.0,159.0,0.86150967895033,1.1026643099171995,5.180839475830936,5.180839475830936
ajthof,direct_ctw,30,linear,,5.0,992.0,0.8476487596046677,1.2509863872648697,1.5866452985190649,1.754249335019367
ajthof,direct_ctw,30,nearest,,5.0,74.0,0.8223482612116781,1.0294920988864498,1.6412019279267087,1.8235193892257302
ajthof,markov_order_1,30,linear,,5.0,992.0,0.7789297396078716,1.683963363318076,1.5866452985190649,1.754249335019367
ajthof,markov_order_1,30,nearest,,5.0,74.0,0.6969817362751685,1.4894047447691041,1.6412019279267087,1.8235193892257302
ajthof,markov_order_2,30,linear,,5.0,992.0,0.7660494756413891,1.7603907806055041,1.5866452985190649,1.754249335019367
ajthof,markov_order_2,30,nearest,,5.0,74.0,0.6739299568734303,1.5599105806749343,1.6412019279267087,1.8235193892257302
ajthof,vq_ctw,30,linear,256.0,5.0,992.0,0.9931904923713913,0.06561645385440748,4.125617017260039,4.125617017260039
ajthof,vq_ctw,30,linear,512.0,5.0,992.0,0.9918980825158709,0.08413319363332769,4.300550622672496,4.300550622672496
ajthof,vq_ctw,30,linear,1024.0,5.0,992.0,0.9939739438404228,0.06515920035503826,4.274160690066678,4.274160690066678
ajthof,vq_ctw,30,nearest,256.0,5.0,74.0,0.8703124739526682,0.9437934545946015,4.262231860295721,4.262231860295721
ajthof,vq_ctw,30,nearest,512.0,5.0,74.0,0.8688966044330689,0.9444147078442132,4.22423340446385,4.22423340446385
ajthof,vq_ctw,30,nearest,1024.0,5.0,74.0,0.8712560521353421,0.8879555139149834,4.258991980713098,4.258991980713098
ajtreo,direct_ctw,30,linear,,5.0,1005.0,0.8279537774499466,1.5065763233956544,1.7039791357601721,1.8652575751318445
ajtreo,direct_ctw,30,nearest,,5.0,48.0,0.8435521003550498,1.1216717812405455,1.6623321173076597,1.8563302273824893
ajtreo,markov_order_1,30,linear,,5.0,1005.0,0.7066996806238834,2.3121389916507864,1.7039791357601721,1.8652575751318445
ajtreo,markov_order_1,30,nearest,,5.0,48.0,0.5725802264058442,2.3396348749408347,1.6623321173076597,1.8563302273824893
ajtreo,markov_order_2,30,linear,,5.0,1005.0,0.6663870292828815,2.555577566160297,1.7039791357601721,1.8652575751318445
ajtreo,markov_order_2,30,nearest,,5.0,48.0,0.5384163680136367,2.4589229869303306,1.6623321173076597,1.8563302273824893
ajtreo,vq_ctw,30,linear,256.0,5.0,1005.0,0.9381557511506221,0.4327436228044839,6.459329794848735,6.459329794848735
ajtreo,vq_ctw,30,linear,512.0,5.0,1005.0,0.9447796882295934,0.4738325198036605,6.755140360595871,6.755140360595871
ajtreo,vq_ctw,30,linear,1024.0,5.0,1005.0,0.9390993529223437,0.4724167485996973,6.324562671303515,6.324562671303515
ajtreo,vq_ctw,30,nearest,256.0,5.0,48.0,0.8791534839248619,0.8943288127167118,10.711029363971427,10.711029363971427
ajtreo,vq_ctw,30,nearest,512.0,5.0,48.0,0.8548857257403321,1.0574788628044527,11.86290074386047,11.86290074386047
ajtreo,vq_ctw,30,nearest,1024.0,5.0,48.0,0.8734737709739226,0.96814483527322,11.787293439816986,11.787293439816986
akgicj,direct_ctw,30,linear,,5.0,1007.0,0.834121247869248,1.4369245177931893,1.62103165376418,1.7743385039481603
akgicj,direct_ctw,30,nearest,,5.0,199.0,0.8406006912158743,0.9965693067567566,1.4980516599783769,1.653456571238189
akgicj,markov_order_1,30,linear,,5.0,1007.0,0.7463267647248889,2.0232360199803834,1.62103165376418,1.7743385039481603
akgicj,markov_order_1,30,nearest,,5.0,199.0,0.6802218782392484,1.6555393430884442,1.4980516599783769,1.653456571238189
akgicj,markov_order_2,30,linear,,5.0,1007.0,0.7139450959507754,2.223729319814118,1.62103165376418,1.7743385039481603
akgicj,markov_order_2,30,nearest,,5.0,199.0,0.6771500512346215,1.6681814178811183,1.4980516599783769,1.653456571238189
akgicj,vq_ctw,30,linear,256.0,5.0,1007.0,0.9952855239379559,0.05069447000595568,4.934360169768318,4.934360169768318
akgicj,vq_ctw,30,linear,512.0,5.0,1007.0,0.9866548552517359,0.13321783774855583,4.582202638248448,4.582202638248448
akgicj,vq_ctw,30,linear,1024.0,5.0,1007.0,0.9864793353180449,0.13471335756580236,4.5392285183667545,4.5392285183667545
akgicj,vq_ctw,30,nearest,256.0,5.0,199.0,0.8707726255723701,0.9134532199912306,5.213209749992152,5.213209749992152
akgicj,vq_ctw,30,nearest,512.0,5.0,199.0,0.8748565662695067,0.8563161381112854,5.131663543262403,5.131663543262403
akgicj,vq_ctw,30,nearest,1024.0,5.0,199.0,0.8486218513321909,1.0558935262114832,5.4771120799962425,5.4771120799962425
akvutv,direct_ctw,30,linear,,5.0,1007.0,0.8387115219950421,1.3458133037956417,1.5931674146132435,1.769577950929226
akvutv,direct_ctw,30,nearest,,5.0,77.0,0.8311206982834839,1.0468115366020754,1.5831606250600763,1.7835521970403663
akvutv,markov_order_1,30,linear,,5.0,1007.0,0.7706642339175276,1.7841670773772904,1.5931674146132435,1.769577950929226
akvutv,markov_order_1,30,nearest,,5.0,77.0,0.6404786005676878,1.7761358078065284,1.5831606250600763,1.7835521970403663
akvutv,markov_order_2,30,linear,,5.0,1007.0,0.744196795072151,1.9439159574098974,1.5931674146132435,1.769577950929226
akvutv,markov_order_2,30,nearest,,5.0,77.0,0.6702797361910747,1.680214609290742,1.5831606250600763,1.7835521970403663
akvutv,vq_ctw,30,linear,256.0,5.0,1007.0,0.9949666773599452,0.050702326770090365,4.347550760173549,4.347550760173549
akvutv,vq_ctw,30,linear,512.0,5.0,1007.0,0.9883146249621187,0.11890234897676887,4.388656589021363,4.388656589021363
akvutv,vq_ctw,30,linear,1024.0,5.0,1007.0,0.9914738611250133,0.08790806354883068,4.248450599866272,4.248450599866272
akvutv,vq_ctw,30,nearest,256.0,5.0,77.0,0.8572102520390762,1.0658357497835698,4.711370885398758,4.711370885398758
akvutv,vq_ctw,30,nearest,512.0,5.0,77.0,0.8658516437273606,1.005096951427136,4.092827967506484,4.092827967506484
akvutv,vq_ctw,30,nearest,1024.0,5.0,77.0,0.8816200407923357,0.9752381176068059,4.13456767739554,4.13456767739554
akyeer,direct_ctw,30,linear,,5.0,990.0,0.8608402062665905,1.306980606481031,1.5362805864467732,1.7255450177121883
akyeer,direct_ctw,30,nearest,,5.0,150.0,0.8586622721000076,0.8593635909655444,1.5264732508000274,1.7275588089465805
akyeer,markov_order_1,30,linear,,5.0,990.0,0.7539886652661529,2.0864793897010636,1.5362805864467732,1.7255450177121883
akyeer,markov_order_1,30,nearest,,5.0,150.0,0.7006246522666444,1.468105165908806,1.5264732508000274,1.7275588089465805
akyeer,markov_order_2,30,linear,,5.0,990.0,0.7037403964491677,2.420021083316006,1.5362805864467732,1.7255450177121883
akyeer,markov_order_2,30,nearest,,5.0,150.0,0.7198786161253488,1.410108693470115,1.5264732508000274,1.7275588089465805
akyeer,vq_ctw,30,linear,256.0,5.0,990.0,0.9896818344413288,0.09924897459885446,7.036211170869412,7.036211170869412
akyeer,vq_ctw,30,linear,512.0,5.0,990.0,0.96695266969525,0.2618298460172207,5.868426896809929,5.868426896809929
akyeer,vq_ctw,30,linear,1024.0,5.0,990.0,0.9786767142786151,0.20392720392455138,6.179763967086753,6.179763967086753
akyeer,vq_ctw,30,nearest,256.0,5.0,150.0,0.8893461113446366,0.7540243608182808,4.065389071903909,4.065389071903909
akyeer,vq_ctw,30,nearest,512.0,5.0,150.0,0.8610755164580337,0.8778827433344323,4.316739313793634,4.316739313793634
akyeer,vq_ctw,30,nearest,1024.0,5.0,150.0,0.8574281880101025,0.9249547992028567,4.007908842736335,4.007908842736335
aldhid,direct_ctw,30,linear,,5.0,1006.0,0.9051466016672831,0.8754578748807839,1.7772077778584645,1.9179170547410418
aldhid,direct_ctw,30,nearest,,5.0,37.0,0.8541628484665318,0.9379473538321256,1.6463405132901068,1.8018532252112887
aldhid,markov_order_1,30,linear,,5.0,1006.0,0.8360129437344413,1.375052169010716,1.7772077778584645,1.9179170547410418
aldhid,markov_order_1,30,nearest,,5.0,37.0,0.7595280629461097,1.3541827603525087,1.6463405132901068,1.8018532252112887
aldhid,markov_order_2,30,linear,,5.0,1006.0,0.8270640881667357,1.4355729091104885,1.7772077778584645,1.9179170547410418
aldhid,markov_order_2,30,nearest,,5.0,37.0,0.7309030074388758,1.4649897583220843,1.6463405132901068,1.8018532252112887
aldhid,vq_ctw,30,linear,256.0,5.0,1006.0,0.9937951551100143,0.06425465319487117,4.536400038749383,4.536400038749383
aldhid,vq_ctw,30,linear,512.0,5.0,1006.0,0.9895182304016303,0.10493384838528014,4.79512324949466,4.79512324949466
aldhid,vq_ctw,30,linear,1024.0,5.0,1006.0,0.9910521182600133,0.09451099300053249,5.265344697187179,5.265344697187179
aldhid,vq_ctw,30,nearest,256.0,5.0,37.0,0.8669162976140735,0.9098513841170689,4.7193331642302185,4.7193331642302185
aldhid,vq_ctw,30,nearest,512.0,5.0,37.0,0.9018901928203523,0.7573044475858884,3.951982770406853,3.951982770406853
aldhid,vq_ctw,30,nearest,1024.0,5.0,37.0,0.8738681704264109,0.9657343318372827,4.655889420340782,4.655889420340782
alnihi,direct_ctw,30,linear,,5.0,1007.0,0.8341986362641047,1.3523215309844603,1.6056758655374181,1.7746492204462223
alnihi,direct_ctw,30,nearest,,5.0,231.0,0.8119093660336831,1.0918751821742647,1.4989765575180427,1.6922749453906594
alnihi,markov_order_1,30,linear,,5.0,1007.0,0.7639309629443412,1.7912460419054708,1.6056758655374181,1.7746492204462223
alnihi,markov_order_1,30,nearest,,5.0,231.0,0.6158541843279678,1.78300495356276,1.4989765575180427,1.6922749453906594
alnihi,markov_order_2,30,linear,,5.0,1007.0,0.7438852002373676,1.9087838788505844,1.6056758655374181,1.7746492204462223
alnihi,markov_order_2,30,nearest,,5.0,231.0,0.6371357883578468,1.7259790727697661,1.4989765575180427,1.6922749453906594
alnihi,vq_ctw,30,linear,256.0,5.0,1007.0,0.9999999999980905,0.011480240457195616,4.136767119646281,4.136767119646281
alnihi,vq_ctw,30,linear,512.0,5.0,1007.0,0.9999999999980905,0.06955114798510566,4.143433967610116,4.143433967610116
alnihi,vq_ctw,30,linear,1024.0,5.0,1007.0,0.9916276459397695,0.07817090924078784,3.9525040150090573,3.9525040150090573
alnihi,vq_ctw,30,nearest,256.0,5.0,231.0,0.8682115099539681,0.9668648461370789,4.818012929688123,4.818012929688123
alnihi,vq_ctw,30,nearest,512.0,5.0,231.0,0.872309354687518,0.9081508579983009,4.5269964317112645,4.5269964317112645
alnihi,vq_ctw,30,nearest,1024.0,5.0,231.0,0.8622191159980479,1.028445512519863,4.356732468912231,4.356732468912231
alshet,direct_ctw,30,linear,,5.0,1006.0,0.8363686887889892,1.5016517185431029,1.5493761645598105,1.738802231919918
alshet,direct_ctw,30,nearest,,5.0,103.0,0.8385342573296646,1.0381637731900035,1.5580413079854247,1.7192625927619736
alshet,markov_order_1,30,linear,,5.0,1006.0,0.7082002459206179,2.4023787314825102,1.5493761645598105,1.738802231919918
alshet,markov_order_1,30,nearest,,5.0,103.0,0.6713489709058017,1.7248474588813147,1.5580413079854247,1.7192625927619736
alshet,markov_order_2,30,linear,,5.0,1006.0,0.6483760643165385,2.780806938257783,1.5493761645598105,1.738802231919918
alshet,markov_order_2,30,nearest,,5.0,103.0,0.6544599136649888,1.7851088342545847,1.5580413079854247,1.7192625927619736
alshet,vq_ctw,30,linear,256.0,5.0,1006.0,0.9855029701711213,0.13228899368663444,7.434008668434195,7.434008668434195
alshet,vq_ctw,30,linear,512.0,5.0,1006.0,0.9569269511257473,0.37713013274337925,6.03165731882933,6.03165731882933
alshet,vq_ctw,30,linear,1024.0,5.0,1006.0,0.9633164869437507,0.3002409162922823,6.44601783360989,6.44601783360989
alshet,vq_ctw,30,nearest,256.0,5.0,103.0,0.8609774071140708,1.0130849259425652,4.739050602923154,4.739050602923154
alshet,vq_ctw,30,nearest,512.0,5.0,103.0,0.8603959054830375,0.990579380210752,4.617094664762678,4.617094664762678
alshet,vq_ctw,30,nearest,1024.0,5.0,103.0,0.8784051139037994,0.9692447805526694,4.2906391153307295,4.2906391153307295
amciuc,direct_ctw,30,linear,,5.0,990.0,0.8380789950308614,1.3908233269168853,1.5955046859618953,1.7554850862000189
amciuc,direct_ctw,30,nearest,,5.0,199.0,0.8414500154816822,1.0488876504667841,1.6538716982668262,1.811908973551162
amciuc,markov_order_1,30,linear,,5.0,990.0,0.7468353241269663,1.9919159415386767,1.5955046859618953,1.7554850862000189
amciuc,markov_order_1,30,nearest,,5.0,199.0,0.6195831266068568,1.9634406193387384,1.6538716982668262,1.811908973551162
amciuc,markov_order_2,30,linear,,5.0,990.0,0.7113202100149786,2.2075971616435233,1.5955046859618953,1.7554850862000189
amciuc,markov_order_2,30,nearest,,5.0,199.0,0.6257881648729533,1.9421666854154636,1.6538716982668262,1.811908973551162
amciuc,vq_ctw,30,linear,256.0,5.0,990.0,0.9788987011697344,0.18102492712219675,4.603920635134241,4.603920635134241
amciuc,vq_ctw,30,linear,512.0,5.0,990.0,0.976178816576933,0.22396550888813796,4.7519130117132065,4.7519130117132065
amciuc,vq_ctw,30,linear,1024.0,5.0,990.0,0.977079852221278,0.21075538413289138,4.77903776787647,4.77903776787647
amciuc,vq_ctw,30,nearest,256.0,5.0,199.0,0.8584303771468709,1.0375130676007729,5.3413199899685235,5.3413199899685235
amciuc,vq_ctw,30,nearest,512.0,5.0,199.0,0.8583468302432828,1.0237100770347236,5.59041862628201,5.59041862628201
amciuc,vq_ctw,30,nearest,1024.0,5.0,199.0,0.8709149514887922,1.011784269341062,5.817314741112575,5.817314741112575
amknyw,direct_ctw,30,linear,,5.0,1007.0,0.8151247771450535,1.5696877509893037,1.8815078357186126,2.0536107107733272
amknyw,direct_ctw,30,nearest,,5.0,125.0,0.8364098897015467,1.0379915654812453,1.7433246461982355,1.9013895671213632
amknyw,markov_order_1,30,linear,,5.0,1007.0,0.7069277139085397,2.266182672180414,1.8815078357186126,2.0536107107733272
amknyw,markov_order_1,30,nearest,,5.0,125.0,0.7004398326762669,1.6005813409580356,1.7433246461982355,1.9013895671213632
amknyw,markov_order_2,30,linear,,5.0,1007.0,0.6622177589739687,2.528797190877051,1.8815078357186126,2.0536107107733272
amknyw,markov_order_2,30,nearest,,5.0,125.0,0.6676728434983081,1.7181349841117801,1.7433246461982355,1.9013895671213632
amknyw,vq_ctw,30,linear,256.0,5.0,1007.0,0.9903147135618581,0.09405031047335635,5.2386206873209895,5.2386206873209895
amknyw,vq_ctw,30,linear,512.0,5.0,1007.0,0.9853229115823822,0.14448528081384066,5.20030334073898,5.20030334073898
amknyw,vq_ctw,30,linear,1024.0,5.0,1007.0,0.9885090572633324,0.11720372354875352,5.241192889622277,5.241192889622277
amknyw,vq_ctw,30,nearest,256.0,5.0,125.0,0.8637023535971241,0.9173490729993983,4.137555964416339,4.137555964416339
amknyw,vq_ctw,30,nearest,512.0,5.0,125.0,0.9206222817628613,0.6013033661684717,4.336150321201738,4.336150321201738
amknyw,vq_ctw,30,nearest,1024.0,5.0,125.0,0.8641292098324916,1.0132027185942758,4.429932109130406,4.429932109130406
amnurg,direct_ctw,30,linear,,5.0,843.0,0.8835704808872438,1.1063261691798243,1.5916429527574856,1.775098926121552
amnurg,markov_order_1,30,linear,,5.0,843.0,0.80170178270722,1.7188058061614768,1.5916429527574856,1.775098926121552
amnurg,markov_order_2,30,linear,,5.0,843.0,0.7715182000532905,1.9279075852260341,1.5916429527574856,1.775098926121552
amnurg,vq_ctw,30,linear,256.0,5.0,843.0,0.9900911588037363,0.09589334606528281,4.17170662843785,4.17170662843785
amnurg,vq_ctw,30,linear,512.0,5.0,843.0,0.9857331312950299,0.1364417958299131,4.414131197774579,4.414131197774579
amnurg,vq_ctw,30,linear,1024.0,5.0,843.0,0.986961735178674,0.13692405009101263,4.181397168601604,4.181397168601604
amvefa,direct_ctw,30,linear,,5.0,1007.0,0.8696241650024488,1.1639146420619755,1.642263662532986,1.7770427929277244
amvefa,direct_ctw,30,nearest,,5.0,166.0,0.8208681002374864,1.057617185973929,1.6539175363469103,1.8068315602895464
amvefa,markov_order_1,30,linear,,5.0,1007.0,0.7945348373026284,1.6868753368625875,1.642263662532986,1.7770427929277244
amvefa,markov_order_1,30,nearest,,5.0,166.0,0.6448518892200936,1.6923637802343066,1.6539175363469103,1.8068315602895464
amvefa,markov_order_2,30,linear,,5.0,1007.0,0.775956279510313,1.807909598383961,1.642263662532986,1.7770427929277244
amvefa,markov_order_2,30,nearest,,5.0,166.0,0.6551524223406019,1.665134581447022,1.6539175363469103,1.8068315602895464
amvefa,vq_ctw,30,linear,256.0,5.0,1007.0,0.9869868296654468,0.11317750417437433,4.270439847016706,4.270439847016706
amvefa,vq_ctw,30,linear,512.0,5.0,1007.0,0.9878929554533235,0.11867247159180885,4.4033959729734775,4.4033959729734775
amvefa,vq_ctw,30,linear,1024.0,5.0,1007.0,0.9853180622439438,0.13979944174766545,4.1283356733370695,4.1283356733370695
amvefa,vq_ctw,30,nearest,256.0,5.0,166.0,0.8639129527014238,1.0094292879309588,4.247861519751713,4.247861519751713
amvefa,vq_ctw,30,nearest,512.0,5.0,166.0,0.8731612869562813,0.9483049942956834,4.532906025714883,4.532906025714883
amvefa,vq_ctw,30,nearest,1024.0,5.0,166.0,0.8702912254727414,1.0295576066657355,4.61804427044569,4.61804427044569
amwibs,direct_ctw,30,linear,,5.0,1007.0,0.822628583787528,1.5080164374662444,1.6590920034470023,1.821021313960917
amwibs,direct_ctw,30,nearest,,5.0,40.0,0.8139991496857961,1.1738354027144455,1.6748238727177653,1.8116401463312255
amwibs,markov_order_1,30,linear,,5.0,1007.0,0.7357519193605928,2.075171535566991,1.6590920034470023,1.821021313960917
amwibs,markov_order_1,30,nearest,,5.0,40.0,0.5996421926536466,2.0060694323847033,1.6748238727177653,1.8116401463312255
amwibs,markov_order_2,30,linear,,5.0,1007.0,0.6986664490246431,2.2993151097016895,1.6590920034470023,1.821021313960917
amwibs,markov_order_2,30,nearest,,5.0,40.0,0.5802025531300602,2.0665201099717434,1.6748238727177653,1.8116401463312255
amwibs,vq_ctw,30,linear,256.0,5.0,1007.0,0.9894715813560866,0.09480463037129377,4.422858428781292,4.422858428781292
amwibs,vq_ctw,30,linear,512.0,5.0,1007.0,0.9797787008855675,0.1629025760588663,4.3839810355495885,4.3839810355495885
amwibs,vq_ctw,30,linear,1024.0,5.0,1007.0,0.9877917645198316,0.11951684422881398,4.487763423944864,4.487763423944864
amwibs,vq_ctw,30,nearest,256.0,5.0,40.0,0.87794879812206,0.8778694234761518,4.320655215916594,4.320655215916594
amwibs,vq_ctw,30,nearest,512.0,5.0,40.0,0.8783878076930414,0.8753859623246674,4.374655301275103,4.374655301275103
amwibs,vq_ctw,30,nearest,1024.0,5.0,40.0,0.8696423582725286,1.0257454609349528,4.135493751819564,4.135493751819564
ancedv,direct_ctw,30,linear,,5.0,346.0,0.8900916802805497,0.9488855336017923,1.3603469457109527,1.5394379890756147
ancedv,direct_ctw,30,nearest,,5.0,41.0,0.8791512031740844,0.812398010768511,1.3009229047499646,1.562445700940576
ancedv,markov_order_1,30,linear,,5.0,346.0,0.8130832577583639,1.4589920177822406,1.3603469457109527,1.5394379890756147
ancedv,markov_order_1,30,nearest,,5.0,41.0,0.7658758694882775,1.3287509957535264,1.3009229047499646,1.562445700940576
ancedv,markov_order_2,30,linear,,5.0,346.0,0.7920190140133471,1.5877202540291588,1.3603469457109527,1.5394379890756147
ancedv,markov_order_2,30,nearest,,5.0,41.0,0.7673378760222587,1.3228479176075674,1.3009229047499646,1.562445700940576
ancedv,vq_ctw,30,linear,256.0,5.0,346.0,0.9904591244111738,0.09285576897321235,4.150786796062088,4.150786796062088
ancedv,vq_ctw,30,linear,512.0,5.0,346.0,0.9834376460048015,0.15480219087979705,4.204966138313294,4.204966138313294
ancedv,vq_ctw,30,linear,1024.0,5.0,346.0,0.9831403711277176,0.1501469716531242,4.062518339849303,4.062518339849303
ancedv,vq_ctw,30,nearest,256.0,5.0,41.0,0.8313352161778961,1.090633377573152,4.410557832502417,4.410557832502417
ancedv,vq_ctw,30,nearest,512.0,5.0,41.0,0.8576321758148093,0.9584219831700147,4.26786443592276,4.26786443592276
ancedv,vq_ctw,30,nearest,1024.0,5.0,41.0,0.8499340764239883,1.031293563059839,4.198110922238507,4.198110922238507
ancorj,direct_ctw,30,linear,,5.0,1005.0,0.7929322856356119,1.7803714292543382,1.779450539888067,1.914525224409767
ancorj,markov_order_1,30,linear,,5.0,1005.0,0.640164976881071,2.7576958353851304,1.779450539888067,1.914525224409767
ancorj,markov_order_2,30,linear,,5.0,1005.0,0.5788357097479335,3.106510718486855,1.779450539888067,1.914525224409767
ancorj,vq_ctw,30,linear,256.0,5.0,1005.0,0.958359905983336,0.33304226512387425,6.4095563032452425,6.4095563032452425
ancorj,vq_ctw,30,linear,512.0,5.0,1005.0,0.9663246146219304,0.3192498180764399,6.907817369281163,6.907817369281163
ancorj,vq_ctw,30,linear,1024.0,5.0,1005.0,0.9578691952619858,0.34980267135292065,6.43426352687353,6.43426352687353
ancycl,direct_ctw,30,linear,,5.0,1006.0,0.845365851884017,1.420763725205618,1.6652138236107552,1.833721732943434
ancycl,direct_ctw,30,nearest,,5.0,36.0,0.8413337542435778,1.134069321303858,1.5752611616460057,1.7339174858504411
ancycl,markov_order_1,30,linear,,5.0,1006.0,0.7305077501800888,2.2339898228128017,1.6652138236107552,1.833721732943434
ancycl,markov_order_1,30,nearest,,5.0,36.0,0.5271753803826326,2.496686668435283,1.5752611616460057,1.7339174858504411
ancycl,markov_order_2,30,linear,,5.0,1006.0,0.6925782067988407,2.479522525405023,1.6652138236107552,1.833721732943434
ancycl,markov_order_2,30,nearest,,5.0,36.0,0.5173266321653154,2.5291719734323963,1.5752611616460057,1.7339174858504411
ancycl,vq_ctw,30,linear,256.0,5.0,1006.0,0.9678014549999455,0.2563338569420457,5.430096398195157,5.430096398195157
ancycl,vq_ctw,30,linear,512.0,5.0,1006.0,0.9695238113481242,0.2755541327461696,5.9579189452099754,5.9579189452099754
ancycl,vq_ctw,30,linear,1024.0,5.0,1006.0,0.9701977205249623,0.2770649040628976,5.857374739958107,5.857374739958107
ancycl,vq_ctw,30,nearest,256.0,5.0,36.0,0.8584707839756553,0.9855524636260969,7.751488296593458,7.751488296593458
ancycl,vq_ctw,30,nearest,512.0,5.0,36.0,0.8602764879462554,1.002684792448589,8.47086807452757,8.47086807452757
ancycl,vq_ctw,30,nearest,1024.0,5.0,36.0,0.8527042576454045,1.016542745299661,8.60785523170477,8.60785523170477
andyol,direct_ctw,30,linear,,5.0,1007.0,0.8366484481368932,1.4008486940437894,1.5703144699877984,1.755852135195797
andyol,direct_ctw,30,nearest,,5.0,305.0,0.8331097447218917,1.0502331863135692,1.4252735674436172,1.6282283646950118
andyol,markov_order_1,30,linear,,5.0,1007.0,0.7712331238430157,1.838215964357497,1.5703144699877984,1.755852135195797
andyol,markov_order_1,30,nearest,,5.0,305.0,0.6815781815590323,1.6735782502004857,1.4252735674436172,1.6282283646950118
andyol,markov_order_2,30,linear,,5.0,1007.0,0.7349414929917506,2.065177779431281,1.5703144699877984,1.755852135195797
andyol,markov_order_2,30,nearest,,5.0,305.0,0.6657030049065005,1.734495120102347,1.4252735674436172,1.6282283646950118
andyol,vq_ctw,30,linear,256.0,5.0,1007.0,0.9886178245932802,0.10120498905856797,4.1845457416823475,4.1845457416823475
andyol,vq_ctw,30,linear,512.0,5.0,1007.0,0.9889799738584085,0.11841899552815778,4.198933258997513,4.198933258997513
andyol,vq_ctw,30,linear,1024.0,5.0,1007.0,0.9871922260198778,0.12449480249683215,4.261609230767145,4.261609230767145
andyol,vq_ctw,30,nearest,256.0,5.0,305.0,0.8585945664505654,0.9929560101562458,4.637351962344552,4.637351962344552
andyol,vq_ctw,30,nearest,512.0,5.0,305.0,0.8645962145853535,0.9786322745360759,4.5094885030756116,4.5094885030756116
andyol,vq_ctw,30,nearest,1024.0,5.0,305.0,0.8704542912995348,1.013062951374724,4.450408145103668,4.450408145103668
aniajc,direct_ctw,30,linear,,5.0,1007.0,0.8132284992601047,1.4734917715175733,1.6946300290940643,1.8559265491596122
aniajc,direct_ctw,30,nearest,,5.0,190.0,0.8244466778821882,1.1036094335330493,1.6925509501868443,1.8477041198032897
aniajc,markov_order_1,30,linear,,5.0,1007.0,0.7392744519743009,1.9150452431642075,1.6946300290940643,1.8559265491596122
aniajc,markov_order_1,30,nearest,,5.0,190.0,0.5954689558657843,1.9772370227896607,1.6925509501868443,1.8477041198032897
aniajc,markov_order_2,30,linear,,5.0,1007.0,0.7186656678673162,2.030405632548103,1.6946300290940643,1.8559265491596122
aniajc,markov_order_2,30,nearest,,5.0,190.0,0.5997548320570705,1.9639436457603694,1.6925509501868443,1.8477041198032897
aniajc,vq_ctw,30,linear,256.0,5.0,1007.0,0.9945098408633499,0.05461425718651211,3.989076645284781,3.989076645284781
aniajc,vq_ctw,30,linear,512.0,5.0,1007.0,0.9931293163671541,0.0701360802351306,4.038593301876727,4.038593301876727
aniajc,vq_ctw,30,linear,1024.0,5.0,1007.0,0.9958740369756102,0.045161679671729474,4.048693377271705,4.048693377271705
aniajc,vq_ctw,30,nearest,256.0,5.0,190.0,0.8633926870418173,1.0115005966600916,4.7869512461797985,4.7869512461797985
aniajc,vq_ctw,30,nearest,512.0,5.0,190.0,0.8606326970299784,1.014836753683587,4.666483466888133,4.666483466888133
aniajc,vq_ctw,30,nearest,1024.0,5.0,190.0,0.8704928940173035,0.9998084422535448,4.461259369393997,4.461259369393997
anidgi,direct_ctw,30,linear,,5.0,1007.0,0.8098473258717773,1.6255488101769617,1.6368898565733192,1.7997422382311559
anidgi,markov_order_1,30,linear,,5.0,1007.0,0.6897819206929695,2.400458566807903,1.6368898565733192,1.7997422382311559
anidgi,markov_order_2,30,linear,,5.0,1007.0,0.6389065451218763,2.6977722384251135,1.6368898565733192,1.7997422382311559
anidgi,vq_ctw,30,linear,256.0,5.0,1007.0,0.9699614096598148,0.2421953887844121,5.945039780486072,5.945039780486072
anidgi,vq_ctw,30,linear,512.0,5.0,1007.0,0.9624845533098624,0.3277582925830641,6.1261443314762865,6.1261443314762865
anidgi,vq_ctw,30,linear,1024.0,5.0,1007.0,0.9637994198119305,0.2969933347360721,5.752576654960452,5.752576654960452
ankped,direct_ctw,30,linear,,5.0,1007.0,0.8275576175649619,1.3369750568845666,1.6271902903653792,1.798940307183902
ankped,direct_ctw,30,nearest,,5.0,232.0,0.8365909855932507,0.967143754709531,1.6234642940048412,1.8055967899018335
ankped,markov_order_1,30,linear,,5.0,1007.0,0.7720210448891538,1.6651603326834465,1.6271902903653792,1.798940307183902
ankped,markov_order_1,30,nearest,,5.0,232.0,0.6901634469554783,1.5453310858232991,1.6234642940048412,1.8055967899018335
ankped,markov_order_2,30,linear,,5.0,1007.0,0.7599286478938925,1.733091423153298,1.6271902903653792,1.798940307183902
ankped,markov_order_2,30,nearest,,5.0,232.0,0.6830613656580031,1.5779852453397545,1.6234642940048412,1.8055967899018335
ankped,vq_ctw,30,linear,256.0,5.0,1007.0,0.9999999999980905,0.029417298735867604,3.838575656314227,3.838575656314227
ankped,vq_ctw,30,linear,512.0,5.0,1007.0,0.9926967470955028,0.06963402657921298,3.9461875171807885,3.9461875171807885
ankped,vq_ctw,30,linear,1024.0,5.0,1007.0,0.9939950358520161,0.058956637868780824,3.8491272413937097,3.8491272413937097
ankped,vq_ctw,30,nearest,256.0,5.0,232.0,0.8674750615128268,0.9164335509666757,4.250369606335147,4.250369606335147
ankped,vq_ctw,30,nearest,512.0,5.0,232.0,0.8960770201292608,0.779096368939914,4.236959351821864,4.236959351821864
ankped,vq_ctw,30,nearest,1024.0,5.0,232.0,0.8643211766889264,0.9992331869662611,4.358679104361418,4.358679104361418
ansyut,direct_ctw,30,linear,,5.0,1002.0,0.837934939102758,1.4098281593637703,1.592931497033169,1.7666188216532996
ansyut,direct_ctw,30,nearest,,5.0,199.0,0.8378670183331244,1.021490306369638,1.488028209028536,1.650096115912799
ansyut,markov_order_1,30,linear,,5.0,1002.0,0.7522715739318713,1.9855786699894755,1.592931497033169,1.7666188216532996
ansyut,markov_order_1,30,nearest,,5.0,199.0,0.6446835465253077,1.7889187384271383,1.488028209028536,1.650096115912799
ansyut,markov_order_2,30,linear,,5.0,1002.0,0.7161472473231012,2.210335397347313,1.592931497033169,1.7666188216532996
ansyut,markov_order_2,30,nearest,,5.0,199.0,0.6520078081320728,1.7728497192218604,1.488028209028536,1.650096115912799
ansyut,vq_ctw,30,linear,256.0,5.0,1002.0,0.987057209974345,0.12023836774764651,4.462789288127821,4.462789288127821
ansyut,vq_ctw,30,linear,512.0,5.0,1002.0,0.9818975353400132,0.16685453349550863,4.571538092453994,4.571538092453994
ansyut,vq_ctw,30,linear,1024.0,5.0,1002.0,0.9886230150577153,0.11620592353536126,4.60218029700046,4.60218029700046
ansyut,vq_ctw,30,nearest,256.0,5.0,199.0,0.8723169392746583,0.9691972629332477,4.441823423290411,4.441823423290411
ansyut,vq_ctw,30,nearest,512.0,5.0,199.0,0.8672383890772994,0.9583303720696004,4.53939804403417,4.53939804403417
ansyut,vq_ctw,30,nearest,1024.0,5.0,199.0,0.875270951651433,0.9830037823378293,4.215962360862975,4.215962360862975
anucks,direct_ctw,30,linear,,5.0,1007.0,0.8251207571877649,1.470560394020506,1.6376994413301948,1.7835226438130414
anucks,markov_order_1,30,linear,,5.0,1007.0,0.7296016709583409,2.0818018316577094,1.6376994413301948,1.7835226438130414
anucks,markov_order_2,30,linear,,5.0,1007.0,0.7000141121966955,2.2566976942289854,1.6376994413301948,1.7835226438130414
anucks,vq_ctw,30,linear,256.0,5.0,1007.0,0.9908582588822542,0.08953748808790499,4.835702610011835,4.835702610011835
anucks,vq_ctw,30,linear,512.0,5.0,1007.0,0.9860183315167262,0.13862558395589605,4.971170010027484,4.971170010027484
anucks,vq_ctw,30,linear,1024.0,5.0,1007.0,0.9864153661464392,0.13883080285609736,4.794857856027885,4.794857856027885
anupwr,direct_ctw,30,linear,,5.0,1007.0,0.8467467855364135,1.3296078391520618,1.7370174044960154,1.8675541851128872
anupwr,markov_order_1,30,linear,,5.0,1007.0,0.7447674425488565,2.004729972852754,1.7370174044960154,1.8675541851128872
anupwr,markov_order_2,30,linear,,5.0,1007.0,0.7112706493349246,2.2078917855584774,1.7370174044960154,1.8675541851128872
anupwr,vq_ctw,30,linear,256.0,5.0,1007.0,0.9803307947285645,0.15924838221158868,6.450021815078276,6.450021815078276
anupwr,vq_ctw,30,linear,512.0,5.0,1007.0,0.982035838837819,0.17156350654331998,6.662831817795042,6.662831817795042
anupwr,vq_ctw,30,linear,1024.0,5.0,1007.0,0.9780295412337626,0.203379408261219,6.27995180597461,6.27995180597461
apigcy,direct_ctw,30,linear,,5.0,1007.0,0.8329383663069783,1.384726421347057,1.6352970785255612,1.8219661509858356
apigcy,direct_ctw,30,nearest,,5.0,178.0,0.8272222835795227,1.0601886124245412,1.6430238534536996,1.8466136813119105
apigcy,markov_order_1,30,linear,,5.0,1007.0,0.7614711136842971,1.84027988122378,1.6352970785255612,1.8219661509858356
apigcy,markov_order_1,30,nearest,,5.0,178.0,0.6271287626966913,1.8096570119575404,1.6430238534536996,1.8466136813119105
apigcy,markov_order_2,30,linear,,5.0,1007.0,0.7358513057692848,1.9931674110449105,1.6352970785255612,1.8219661509858356
apigcy,markov_order_2,30,nearest,,5.0,178.0,0.6117860011072698,1.863816508020854,1.6430238534536996,1.8466136813119105
apigcy,vq_ctw,30,linear,256.0,5.0,1007.0,0.9941821369419934,0.06078938278807416,3.9175315072886803,3.9175315072886803
apigcy,vq_ctw,30,linear,512.0,5.0,1007.0,0.9889041655978189,0.11373704548997553,3.993848309627735,3.993848309627735
apigcy,vq_ctw,30,linear,1024.0,5.0,1007.0,0.991855731873255,0.08451146920193815,3.9320338924709075,3.9320338924709075
apigcy,vq_ctw,30,nearest,256.0,5.0,178.0,0.8610354499155604,0.9600685268416455,4.275556823839594,4.275556823839594
apigcy,vq_ctw,30,nearest,512.0,5.0,178.0,0.8901863852163019,0.784038462623894,4.508010956856711,4.508010956856711
apigcy,vq_ctw,30,nearest,1024.0,5.0,178.0,0.8655086958512292,1.0022332645405114,4.169275299381182,4.169275299381182
appsri,direct_ctw,30,linear,,5.0,1007.0,0.8551826303002772,1.2005949115504868,1.66980458194875,1.8342094393424186
appsri,direct_ctw,30,nearest,,5.0,45.0,0.8226386272283802,1.086090910914366,1.6217588943239443,1.8780992232264202
appsri,markov_order_1,30,linear,,5.0,1007.0,0.7884432600397902,1.6266236121936217,1.66980458194875,1.8342094393424186
appsri,markov_order_1,30,nearest,,5.0,45.0,0.6402567496986117,1.7777678212604693,1.6217588943239443,1.8780992232264202
appsri,markov_order_2,30,linear,,5.0,1007.0,0.7723269994889062,1.723312049765076,1.66980458194875,1.8342094393424186
appsri,markov_order_2,30,nearest,,5.0,45.0,0.612991435569485,1.8614479698382673,1.6217588943239443,1.8780992232264202
appsri,vq_ctw,30,linear,256.0,5.0,1007.0,0.9999999999980905,0.0323546973545443,3.6928993313799374,3.6928993313799374
appsri,vq_ctw,30,linear,512.0,5.0,1007.0,0.992473683988389,0.071432962982246,3.8358666516382636,3.8358666516382636
appsri,vq_ctw,30,linear,1024.0,5.0,1007.0,0.9945098408633499,0.0546142571865121,3.5728295550093208,3.5728295550093208
appsri,vq_ctw,30,nearest,256.0,5.0,45.0,0.8576425660569053,1.041641966271172,4.460813510594662,4.460813510594662
appsri,vq_ctw,30,nearest,512.0,5.0,45.0,0.8555027905960908,1.095774708644611,4.411469601012893,4.411469601012893
appsri,vq_ctw,30,nearest,1024.0,5.0,45.0,0.8869104609176695,0.9615233343660893,5.79014686385035,5.79014686385035
apssky,direct_ctw,30,linear,,5.0,1007.0,0.8375042709515199,1.2902297562755076,1.5323974038272945,1.7199225819222952
apssky,direct_ctw,30,nearest,,5.0,188.0,0.8233535351393039,1.0442115175021234,1.5838009626624325,1.7695021789952194
apssky,markov_order_1,30,linear,,5.0,1007.0,0.7742933749099363,1.6732780761423631,1.5323974038272945,1.7199225819222952
apssky,markov_order_1,30,nearest,,5.0,188.0,0.6564252094481421,1.6551622086164022,1.5838009626624325,1.7695021789952194
apssky,markov_order_2,30,linear,,5.0,1007.0,0.7640488651226582,1.7320466143815714,1.5323974038272945,1.7199225819222952
apssky,markov_order_2,30,nearest,,5.0,188.0,0.6694516675002169,1.6163481387084517,1.5838009626624325,1.7695021789952194
apssky,vq_ctw,30,linear,256.0,5.0,1007.0,0.9999999999980905,0.06277945902846477,4.052543543723463,4.052543543723463
apssky,vq_ctw,30,linear,512.0,5.0,1007.0,0.9999999999980905,0.0890503205462343,4.072092359044866,4.072092359044866
apssky,vq_ctw,30,linear,1024.0,5.0,1007.0,0.9946821608745379,0.05625613772327209,4.217101057423872,4.217101057423872
apssky,vq_ctw,30,nearest,256.0,5.0,188.0,0.8583537249603856,1.0259234434017632,4.34178282970989,4.34178282970989
apssky,vq_ctw,30,nearest,512.0,5.0,188.0,0.8667062452065537,0.9892786571702931,4.176075290069437,4.176075290069437
apssky,vq_ctw,30,nearest,1024.0,5.0,188.0,0.8662471072830769,1.0190823151144834,4.593628198126263,4.593628198126263
aquawa,direct_ctw,30,linear,,5.0,1007.0,0.8559685396023426,1.3082603696283452,1.6179370491082212,1.778969782363557
aquawa,direct_ctw,30,nearest,,5.0,82.0,0.8302167663741612,0.9835167491484269,1.5831132703582955,1.7755968425793864
aquawa,markov_order_1,30,linear,,5.0,1007.0,0.7827143871394385,1.831655629117784,1.6179370491082212,1.778969782363557
aquawa,markov_order_1,30,nearest,,5.0,82.0,0.7249720414951147,1.3872664188285506,1.5831132703582955,1.7755968425793864
aquawa,markov_order_2,30,linear,,5.0,1007.0,0.7496133000817745,2.0523553191680954,1.6179370491082212,1.778969782363557
aquawa,markov_order_2,30,nearest,,5.0,82.0,0.7150200327567249,1.4203215895176584,1.5831132703582955,1.7755968425793864
aquawa,vq_ctw,30,linear,256.0,5.0,1007.0,0.9942804603187261,0.056557362738130466,4.390182717198684,4.390182717198684
aquawa,vq_ctw,30,linear,512.0,5.0,1007.0,0.9867323721400041,0.1325562821194497,4.4079130091629315,4.4079130091629315
aquawa,vq_ctw,30,linear,1024.0,5.0,1007.0,0.9907162669978069,0.09756260873225889,4.282990477745752,4.282990477745752
aquawa,vq_ctw,30,nearest,256.0,5.0,82.0,0.8423602422522121,1.054374147206365,4.323280692528549,4.323280692528549
aquawa,vq_ctw,30,nearest,512.0,5.0,82.0,0.8661488330498307,0.925682686158684,4.421247455708553,4.421247455708553
aquawa,vq_ctw,30,nearest,1024.0,5.0,82.0,0.8573800628208337,1.0342179951378205,4.412452122399598,4.412452122399598
arcksy,direct_ctw,30,linear,,5.0,1007.0,0.8234276007854431,1.43565424253786,1.6451906529174984,1.808345579408777
arcksy,direct_ctw,30,nearest,,5.0,269.0,0.8351860197938481,1.0152292559088725,1.6008236606546464,1.7807049012105438
arcksy,markov_order_1,30,linear,,5.0,1007.0,0.7526353313582553,1.876166752620163,1.6451906529174984,1.808345579408777
arcksy,markov_order_1,30,nearest,,5.0,269.0,0.6636679459303256,1.682301967065289,1.6008236606546464,1.7807049012105438
arcksy,markov_order_2,30,linear,,5.0,1007.0,0.7234512045683993,2.0459295850156294,1.6451906529174984,1.808345579408777
arcksy,markov_order_2,30,nearest,,5.0,269.0,0.6626878056932037,1.6840266562783277,1.6008236606546464,1.7807049012105438
arcksy,vq_ctw,30,linear,256.0,5.0,1007.0,0.9917852435309383,0.07692560443540751,4.186387262961575,4.186387262961575
arcksy,vq_ctw,30,linear,512.0,5.0,1007.0,0.989552657584612,0.09419170013620741,4.334196480042971,4.334196480042971
arcksy,vq_ctw,30,linear,1024.0,5.0,1007.0,0.9894698152192392,0.10534815685680539,4.154277103809249,4.154277103809249
arcksy,vq_ctw,30,nearest,256.0,5.0,269.0,0.8674676943685067,0.9691380369630725,4.34179894809817,4.34179894809817
arcksy,vq_ctw,30,nearest,512.0,5.0,269.0,0.8718777995704521,0.9418328784100544,4.117944638693723,4.117944638693723
arcksy,vq_ctw,30,nearest,1024.0,5.0,269.0,0.8742811586847485,0.9741002667455313,4.813269402440239,4.813269402440239
arcuim,direct_ctw,30,linear,,5.0,1006.0,0.8506433867434944,1.3102696415195862,1.5393573473921247,1.6922079143566502
arcuim,direct_ctw,30,nearest,,5.0,142.0,0.854706438595759,0.9306607644300818,1.4753533074139555,1.6511332547747313
arcuim,markov_order_1,30,linear,,5.0,1006.0,0.76839913404493,1.869417459936952,1.5393573473921247,1.6922079143566502
arcuim,markov_order_1,30,nearest,,5.0,142.0,0.6859418504636517,1.6230587870503672,1.4753533074139555,1.6511332547747313
arcuim,markov_order_2,30,linear,,5.0,1006.0,0.739929360948256,2.049299310395477,1.5393573473921247,1.6922079143566502
arcuim,markov_order_2,30,nearest,,5.0,142.0,0.6794440071076471,1.6388421193166798,1.4753533074139555,1.6511332547747313
arcuim,vq_ctw,30,linear,256.0,5.0,1006.0,0.9814069624689559,0.1629355348151016,4.816886333414131,4.816886333414131
arcuim,vq_ctw,30,linear,512.0,5.0,1006.0,0.9825483364392665,0.16740424789617975,4.947464888844707,4.947464888844707
arcuim,vq_ctw,30,linear,1024.0,5.0,1006.0,0.9841418209825272,0.1543278654282282,4.822709778068891,4.822709778068891
arcuim,vq_ctw,30,nearest,256.0,5.0,142.0,0.8753886748514661,0.917193043902417,3.9874781849639533,3.9874781849639533
arcuim,vq_ctw,30,nearest,512.0,5.0,142.0,0.869791253444345,0.9800573759492555,3.997565904618715,3.997565904618715
arcuim,vq_ctw,30,nearest,1024.0,5.0,142.0,0.8738245955373154,0.9874233132700659,4.802687423708776,4.802687423708776
arcurb,direct_ctw,30,linear,,5.0,1008.0,0.8321905736513778,1.3897413243532697,1.598656207488429,1.7876662101566878
arcurb,direct_ctw,30,nearest,,5.0,186.0,0.8344965935926841,1.0192162435283374,1.5724840997678007,1.7702052713988694
arcurb,markov_order_1,30,linear,,5.0,1008.0,0.757055443332715,1.8669923889750508,1.598656207488429,1.7876662101566878
arcurb,markov_order_1,30,nearest,,5.0,186.0,0.663534665271195,1.6783406130206606,1.5724840997678007,1.7702052713988694
arcurb,markov_order_2,30,linear,,5.0,1008.0,0.7308379299351985,2.0225049379697864,1.598656207488429,1.7876662101566878
arcurb,markov_order_2,30,nearest,,5.0,186.0,0.648304730812442,1.7300766486217851,1.5724840997678007,1.7702052713988694
arcurb,vq_ctw,30,linear,256.0,5.0,1008.0,0.9999999999980905,0.08282688740376849,4.206948374265761,4.206948374265761
arcurb,vq_ctw,30,linear,512.0,5.0,1008.0,0.9861270833925401,0.11936571399192283,4.328826709698822,4.328826709698822
arcurb,vq_ctw,30,linear,1024.0,5.0,1008.0,0.9912527484693052,0.08623288767810526,4.407907262227706,4.407907262227706
arcurb,vq_ctw,30,nearest,256.0,5.0,186.0,0.8712526418515366,0.9463534661823022,4.309698311616703,4.309698311616703
arcurb,vq_ctw,30,nearest,512.0,5.0,186.0,0.8617802126254218,0.9781949645528328,4.28392519219043,4.28392519219043
arcurb,vq_ctw,30,nearest,1024.0,5.0,186.0,0.8758838926797465,0.9883959097692002,4.330452490192208,4.330452490192208
arhilb,direct_ctw,30,linear,,5.0,1007.0,0.8298841911303266,1.4927092944966138,1.640524516674975,1.812726172121162
arhilb,direct_ctw,30,nearest,,5.0,116.0,0.8391611790082034,1.048080578392971,1.5292208795436328,1.718452820289012
arhilb,markov_order_1,30,linear,,5.0,1007.0,0.7418489457045037,2.0906624319379357,1.640524516674975,1.812726172121162
arhilb,markov_order_1,30,nearest,,5.0,116.0,0.6265036857770715,1.9149853090009663,1.5292208795436328,1.718452820289012
arhilb,markov_order_2,30,linear,,5.0,1007.0,0.698482359002413,2.362652225155502,1.640524516674975,1.812726172121162
arhilb,markov_order_2,30,nearest,,5.0,116.0,0.6166446067195799,1.9449693030894295,1.5292208795436328,1.718452820289012
arhilb,vq_ctw,30,linear,256.0,5.0,1007.0,0.9899550170365934,0.09701211810663381,4.526806494207511,4.526806494207511
arhilb,vq_ctw,30,linear,512.0,5.0,1007.0,0.9885368745298598,0.11997550821015286,4.714672486893285,4.714672486893285
arhilb,vq_ctw,30,linear,1024.0,5.0,1007.0,0.9885733441614554,0.11664103940025614,4.661328049300652,4.661328049300652
arhilb,vq_ctw,30,nearest,256.0,5.0,116.0,0.8699135376160174,0.9738178457474307,4.590718914155167,4.590718914155167
arhilb,vq_ctw,30,nearest,512.0,5.0,116.0,0.8630007655224087,1.0015611696017013,4.564197477516655,4.564197477516655
arhilb,vq_ctw,30,nearest,1024.0,5.0,116.0,0.8756926384672198,0.9970852630434517,4.503506316980421,4.503506316980421
arlwra,direct_ctw,30,linear,,5.0,1007.0,0.8205340398119871,1.646644794917253,1.6496999553936909,1.8126747403704364
arlwra,direct_ctw,30,nearest,,5.0,128.0,0.8408867513753652,1.0370774087846037,1.4987525790467167,1.685484005527095
arlwra,markov_order_1,30,linear,,5.0,1007.0,0.6973773700879664,2.5163104744947002,1.6496999553936909,1.8126747403704364
arlwra,markov_order_1,30,nearest,,5.0,128.0,0.6666079322209348,1.7690970141544016,1.4987525790467167,1.685484005527095
arlwra,markov_order_2,30,linear,,5.0,1007.0,0.6341788529823179,2.920033078025358,1.6496999553936909,1.8126747403704364
arlwra,markov_order_2,30,nearest,,5.0,128.0,0.6585947655750272,1.802086797443354,1.4987525790467167,1.685484005527095
arlwra,vq_ctw,30,linear,256.0,5.0,1007.0,0.9764593639692541,0.19819437318592356,5.719516400538222,5.719516400538222
arlwra,vq_ctw,30,linear,512.0,5.0,1007.0,0.9678405129515988,0.2882396426942799,5.728610069518643,5.728610069518643
arlwra,vq_ctw,30,linear,1024.0,5.0,1007.0,0.9745737334878471,0.22994653633259968,5.580042148964138,5.580042148964138
arlwra,vq_ctw,30,nearest,256.0,5.0,128.0,0.8566670770587422,0.9993885399253557,4.726819609284877,4.726819609284877
arlwra,vq_ctw,30,nearest,512.0,5.0,128.0,0.8699242302147346,0.9611059938461244,4.277379683675933,4.277379683675933
arlwra,vq_ctw,30,nearest,1024.0,5.0,128.0,0.8677210884849877,1.0355486388727673,4.373831209818802,4.373831209818802
arphau,direct_ctw,30,linear,,5.0,1007.0,0.8218052049917717,1.3888911427131267,1.7951494887121915,1.9415050916015535
arphau,direct_ctw,30,nearest,,5.0,210.0,0.8362844363408135,1.0288347040109227,1.719330248217637,1.885981863856158
arphau,markov_order_1,30,linear,,5.0,1007.0,0.7497118929454254,1.8128868722895648,1.7951494887121915,1.9415050916015535
arphau,markov_order_1,30,nearest,,5.0,210.0,0.628798895750292,1.8233151085625126,1.719330248217637,1.885981863856158
arphau,markov_order_2,30,linear,,5.0,1007.0,0.7384896367725338,1.8750584421378098,1.7951494887121915,1.9415050916015535
arphau,markov_order_2,30,nearest,,5.0,210.0,0.6377719255036779,1.7961845716670761,1.719330248217637,1.885981863856158
arphau,vq_ctw,30,linear,256.0,5.0,1007.0,0.9999999999980905,0.012358219146317056,3.830000943228603,3.830000943228603
arphau,vq_ctw,30,linear,512.0,5.0,1007.0,0.9960098428117902,0.041534151229715724,3.7513740326975906,3.7513740326975906
arphau,vq_ctw,30,linear,1024.0,5.0,1007.0,0.9969994968841157,0.032468769280282236,3.8223357118663093,3.8223357118663093
arphau,vq_ctw,30,nearest,256.0,5.0,210.0,0.8602362353876902,0.9928750369949438,4.67736088392497,4.67736088392497
arphau,vq_ctw,30,nearest,512.0,5.0,210.0,0.8792477631150821,0.8593411025165141,4.747896759303152,4.747896759303152
arphau,vq_ctw,30,nearest,1024.0,5.0,210.0,0.8647624492030946,1.00512443795816,5.265077661020874,5.265077661020874
artgag,direct_ctw,30,linear,,5.0,900.0,0.8258321041787744,1.537990400708559,1.593147994565652,1.7637394382560625
artgag,direct_ctw,30,nearest,,5.0,190.0,0.8280823669091083,1.0473550309332642,1.5838129538745194,1.7655335913297827
artgag,markov_order_1,30,linear,,5.0,900.0,0.7340687222890533,2.1652218846645113,1.593147994565652,1.7637394382560625
artgag,markov_order_1,30,nearest,,5.0,190.0,0.6569125016480241,1.6967946108962844,1.5838129538745194,1.7655335913297827
artgag,markov_order_2,30,linear,,5.0,900.0,0.6863244712872896,2.465748407710631,1.593147994565652,1.7637394382560625
artgag,markov_order_2,30,nearest,,5.0,190.0,0.6613682309817972,1.682047391412305,1.5838129538745194,1.7655335913297827
artgag,vq_ctw,30,linear,256.0,5.0,900.0,0.9911319088413802,0.08724784799147534,4.962219312978954,4.962219312978954
artgag,vq_ctw,30,linear,512.0,5.0,900.0,0.9814463475767673,0.1812013396352879,4.737319370640994,4.737319370640994
artgag,vq_ctw,30,linear,1024.0,5.0,900.0,0.987206824122885,0.12437408966639862,4.782226755688667,4.782226755688667
artgag,vq_ctw,30,nearest,256.0,5.0,190.0,0.8775182756759323,0.8679190519840305,4.543489577925226,4.543489577925226
artgag,vq_ctw,30,nearest,512.0,5.0,190.0,0.8975197247713124,0.8080721547879305,4.570630332870199,4.570630332870199
artgag,vq_ctw,30,nearest,1024.0,5.0,190.0,0.8640324438102983,1.040202859449586,4.347607824720262,4.347607824720262
ascley,direct_ctw,30,linear,,5.0,995.0,0.8336120102897133,1.4220568462420682,1.6930523538867936,1.8578299053834304
ascley,markov_order_1,30,linear,,5.0,995.0,0.7535239865532662,1.9502439714226327,1.6930523538867936,1.8578299053834304
ascley,markov_order_2,30,linear,,5.0,995.0,0.7247418588954186,2.1271681826540916,1.6930523538867936,1.8578299053834304
ascley,vq_ctw,30,linear,256.0,5.0,995.0,0.9955340642035574,0.04575927562299479,4.255768871701836,4.255768871701836
ascley,vq_ctw,30,linear,512.0,5.0,995.0,0.9858070329927902,0.12164917164324385,4.132389840217233,4.132389840217233
ascley,vq_ctw,30,linear,1024.0,5.0,995.0,0.9892963107403594,0.10238781812187794,4.160311342312429,4.160311342312429
ashgat,direct_ctw,30,linear,,5.0,480.0,0.8273771256783948,1.3692593616064346,1.6967890949858637,1.8589858253273552
ashgat,direct_ctw,30,nearest,,5.0,188.0,0.8304250391996718,1.0503362895876733,1.624708630440898,1.7925131257599214
ashgat,markov_order_1,30,linear,,5.0,480.0,0.7238144573925709,1.9790992801616187,1.6967890949858637,1.8589858253273552
ashgat,markov_order_1,30,nearest,,5.0,188.0,0.6390632553728602,1.7974005401521271,1.624708630440898,1.7925131257599214
ashgat,markov_order_2,30,linear,,5.0,480.0,0.6981498237869931,2.1173421748012906,1.6967890949858637,1.8589858253273552
ashgat,markov_order_2,30,nearest,,5.0,188.0,0.6197589216386099,1.8622148535193281,1.624708630440898,1.7925131257599214
ashgat,vq_ctw,30,linear,256.0,5.0,480.0,0.9891580476823258,0.09716641608878224,4.147526190136427,4.147526190136427
ashgat,vq_ctw,30,linear,512.0,5.0,480.0,0.9827283669137056,0.14310611121468286,4.1638822391276795,4.1638822391276795
ashgat,vq_ctw,30,linear,1024.0,5.0,480.0,0.9868769842714112,0.1270956724773294,4.169300935419348,4.169300935419348
ashgat,vq_ctw,30,nearest,256.0,5.0,188.0,0.8713578070601529,0.9267827516176685,4.722357345453877,4.722357345453877
ashgat,vq_ctw,30,nearest,512.0,5.0,188.0,0.8968817239055495,0.7776597210902281,4.893820748778295,4.893820748778295
ashgat,vq_ctw,30,nearest,1024.0,5.0,188.0,0.8661147316136727,1.0085814817969463,4.605798061264451,4.605798061264451
asigno,direct_ctw,30,linear,,5.0,1007.0,0.8172580568346369,1.582733518463433,1.711395445441957,1.8547185040276306
asigno,direct_ctw,30,nearest,,5.0,356.0,0.823916410259337,1.1176487145069496,1.6918294602403958,1.863604050653537
asigno,markov_order_1,30,linear,,5.0,1007.0,0.7243561306381768,2.202001472594895,1.711395445441957,1.8547185040276306
asigno,markov_order_1,30,nearest,,5.0,356.0,0.6148589867012164,1.9484699988082588,1.6918294602403958,1.863604050653537
asigno,markov_order_2,30,linear,,5.0,1007.0,0.6837009806473324,2.4523559621680255,1.711395445441957,1.8547185040276306
asigno,markov_order_2,30,nearest,,5.0,356.0,0.6204436103097406,1.945194902679289,1.6918294602403958,1.863604050653537
asigno,vq_ctw,30,linear,256.0,5.0,1007.0,0.9949741589361215,0.05357770374880133,4.409757219344241,4.409757219344241
asigno,vq_ctw,30,linear,512.0,5.0,1007.0,0.9909164421250538,0.09282169410346648,4.480820579650183,4.480820579650183
asigno,vq_ctw,30,linear,1024.0,5.0,1007.0,0.9925075936034018,0.08106454121958755,4.495268718677326,4.495268718677326
asigno,vq_ctw,30,nearest,256.0,5.0,356.0,0.8652856064378498,0.9749887065163632,4.548153501535522,4.548153501535522
asigno,vq_ctw,30,nearest,512.0,5.0,356.0,0.8623168247673848,0.9802400175576428,4.7085458447181905,4.7085458447181905
asigno,vq_ctw,30,nearest,1024.0,5.0,356.0,0.8640306384973612,1.0556719497536002,4.968317372792829,4.968317372792829
askmec,direct_ctw,30,linear,,5.0,1007.0,0.8030784852738484,1.6913160736648891,1.7085536589775165,1.860538998268401
askmec,direct_ctw,30,nearest,,5.0,115.0,0.8226005075538516,1.1946295115642906,1.5921259562949481,1.774394982749325
askmec,markov_order_1,30,linear,,5.0,1007.0,0.6715002352717627,2.5408385634457105,1.7085536589775165,1.860538998268401
askmec,markov_order_1,30,nearest,,5.0,115.0,0.6106907206696632,2.105455234766836,1.5921259562949481,1.774394982749325
askmec,markov_order_2,30,linear,,5.0,1007.0,0.6195010704393437,2.843460031570977,1.7085536589775165,1.860538998268401
askmec,markov_order_2,30,nearest,,5.0,115.0,0.5842799282205914,2.198071050292889,1.5921259562949481,1.774394982749325
askmec,vq_ctw,30,linear,256.0,5.0,1007.0,0.9605969222602536,0.2789516751281429,5.94982148672032,5.94982148672032
askmec,vq_ctw,30,linear,512.0,5.0,1007.0,0.9587374550746892,0.3305763534548068,6.062357812374202,6.062357812374202
askmec,vq_ctw,30,linear,1024.0,5.0,1007.0,0.9613268742677843,0.3259713080907128,5.812933936379736,5.812933936379736
askmec,vq_ctw,30,nearest,256.0,5.0,115.0,0.8403698604610401,1.1835094588366397,4.515615217777467,4.515615217777467
askmec,vq_ctw,30,nearest,512.0,5.0,115.0,0.8619396589276653,1.0094541136910864,4.697867725711225,4.697867725711225
askmec,vq_ctw,30,nearest,1024.0,5.0,115.0,0.8547959777587792,1.1392280020472334,4.35427737663162,4.35427737663162
aslagn,direct_ctw,30,linear,,5.0,1004.0,0.7990433612715991,1.668421817656353,1.6419784582945312,1.7989003204966838
aslagn,direct_ctw,30,nearest,,5.0,35.0,0.8023273120046135,1.11259435610974,1.396909065603207,1.5805115844008442
aslagn,markov_order_1,30,linear,,5.0,1004.0,0.678173137537313,2.41908481691432,1.6419784582945312,1.7989003204966838
aslagn,markov_order_1,30,nearest,,5.0,35.0,0.6403415760138991,1.6617161382283516,1.396909065603207,1.5805115844008442
aslagn,markov_order_2,30,linear,,5.0,1004.0,0.6409130392418684,2.629789299864701,1.6419784582945312,1.7989003204966838
aslagn,markov_order_2,30,nearest,,5.0,35.0,0.636508246708854,1.672526994076586,1.396909065603207,1.5805115844008442
aslagn,vq_ctw,30,linear,256.0,5.0,1004.0,0.9516942274049204,0.32746170918904866,5.1818380364960905,5.1818380364960905
aslagn,vq_ctw,30,linear,512.0,5.0,1004.0,0.9613004478733143,0.31369668458138994,5.640596120237351,5.640596120237351
aslagn,vq_ctw,30,linear,1024.0,5.0,1004.0,0.966286054316674,0.2909694342793288,5.529130303216105,5.529130303216105
aslagn,vq_ctw,30,nearest,256.0,5.0,35.0,0.8700117047112019,0.9473709698477714,4.556336348177206,4.556336348177206
aslagn,vq_ctw,30,nearest,512.0,5.0,35.0,0.8713944193433993,0.8860421487688454,4.664514772093881,4.664514772093881
aslagn,vq_ctw,30,nearest,1024.0,5.0,35.0,0.8790150225096718,0.934088936836444,5.898120947421397,5.898120947421397
aswift,direct_ctw,30,linear,,5.0,1007.0,0.8723529803966641,1.1948515077655633,1.4687175211438601,1.6380707360350109
aswift,direct_ctw,30,nearest,,5.0,172.0,0.8627153950051506,0.8824508080598097,1.5709101424675918,1.7410153832862865
aswift,markov_order_1,30,linear,,5.0,1007.0,0.8044855252658912,1.6991178868935395,1.4687175211438601,1.6380707360350109
aswift,markov_order_1,30,nearest,,5.0,172.0,0.7353732104332021,1.434023185784737,1.5709101424675918,1.7410153832862865
aswift,markov_order_2,30,linear,,5.0,1007.0,0.7681913637201525,1.950484985085548,1.4687175211438601,1.6380707360350109
aswift,markov_order_2,30,nearest,,5.0,172.0,0.7195418970154128,1.4903918823833642,1.5709101424675918,1.7410153832862865
aswift,vq_ctw,30,linear,256.0,5.0,1007.0,0.9876104792919502,0.11588437912278725,4.507964087041544,4.507964087041544
aswift,vq_ctw,30,linear,512.0,5.0,1007.0,0.9838021559398259,0.16499701378707146,4.4851292431112455,4.4851292431112455
aswift,vq_ctw,30,linear,1024.0,5.0,1007.0,0.9806512318600135,0.1826947358182126,4.210078900338617,4.210078900338617
aswift,vq_ctw,30,nearest,256.0,5.0,172.0,0.8793245276921356,0.8547252172612522,4.867391226360885,4.867391226360885
aswift,vq_ctw,30,nearest,512.0,5.0,172.0,0.8787207740928774,0.8638483265094657,4.885089631746902,4.885089631746902
aswift,vq_ctw,30,nearest,1024.0,5.0,172.0,0.8625141434994691,1.017218489043171,4.837486627455187,4.837486627455187
atcila,direct_ctw,30,linear,,5.0,1007.0,0.8384115823712417,1.4230895100098797,1.521912798073167,1.702855374490345
atcila,direct_ctw,30,nearest,,5.0,35.0,0.8540061220112161,0.9387107955978199,1.4909342072777703,1.6715381913956566
atcila,markov_order_1,30,linear,,5.0,1007.0,0.7578606848250573,1.9748880139005967,1.521912798073167,1.702855374490345
atcila,markov_order_1,30,nearest,,5.0,35.0,0.6847195639853397,1.6312335755107432,1.4909342072777703,1.6715381913956566
atcila,markov_order_2,30,linear,,5.0,1007.0,0.718200773465942,2.2268661016407894,1.521912798073167,1.702855374490345
atcila,markov_order_2,30,nearest,,5.0,35.0,0.6705108325110132,1.6794537611471665,1.4909342072777703,1.6715381913956566
atcila,vq_ctw,30,linear,256.0,5.0,1007.0,0.980349691700161,0.17061760050047328,4.560791923915335,4.560791923915335
atcila,vq_ctw,30,linear,512.0,5.0,1007.0,0.9857072718868329,0.15094422121226814,5.010751549149405,5.010751549149405
atcila,vq_ctw,30,linear,1024.0,5.0,1007.0,0.9827585547745351,0.17022692394130323,4.718882097833142,4.718882097833142
atcila,vq_ctw,30,nearest,256.0,5.0,35.0,0.8645427017465394,0.9785890049483117,4.860562096731117,4.860562096731117
atcila,vq_ctw,30,nearest,512.0,5.0,35.0,0.8676529352953289,0.9608812567364363,3.692742766778881,3.692742766778881
atcila,vq_ctw,30,nearest,1024.0,5.0,35.0,0.8913535809252966,0.8978591252831282,4.814147475253171,4.814147475253171
atfrav,direct_ctw,30,linear,,5.0,752.0,0.8821114586600377,0.9458869328551521,1.5811723883663613,1.7521459627560143
atfrav,direct_ctw,30,nearest,,5.0,38.0,0.8531819312185903,0.94272090048795,1.4469229113571596,1.6132309268525056
atfrav,markov_order_1,30,linear,,5.0,752.0,0.8295990289182329,1.2695023007189383,1.5811723883663613,1.7521459627560143
atfrav,markov_order_1,30,nearest,,5.0,38.0,0.7030003117393367,1.567204280622003,1.4469229113571596,1.6132309268525056
atfrav,markov_order_2,30,linear,,5.0,752.0,0.8253595988783532,1.2942900409774307,1.5811723883663613,1.7521459627560143
atfrav,markov_order_2,30,nearest,,5.0,38.0,0.6726097129863959,1.6724144975766957,1.4469229113571596,1.6132309268525056
atfrav,vq_ctw,30,linear,256.0,5.0,752.0,0.9946548056313188,0.053379111511223584,3.5410986005316176,3.5410986005316176
atfrav,vq_ctw,30,linear,512.0,5.0,752.0,0.9949318197313111,0.053967564182591965,3.8002456726793397,3.8002456726793397
atfrav,vq_ctw,30,linear,1024.0,5.0,752.0,0.9942449810613772,0.05685670549377765,3.5004518293903115,3.5004518293903115
atfrav,vq_ctw,30,nearest,256.0,5.0,38.0,0.9482380417748701,0.45791652320018844,3.91604815919066,3.91604815919066
atfrav,vq_ctw,30,nearest,512.0,5.0,38.0,0.8837175095970053,0.8871865140978527,4.062318614431656,4.062318614431656
atfrav,vq_ctw,30,nearest,1024.0,5.0,38.0,0.9148171265252022,0.7148674457565768,4.573539344636295,4.573539344636295
atfrim,direct_ctw,30,linear,,5.0,1006.0,0.8083227738964724,1.6959238145920743,1.6852924821640913,1.8410173183442593
atfrim,direct_ctw,30,nearest,,5.0,138.0,0.8387490240559191,1.1147261282535044,1.704698263361874,1.8871718518969605
atfrim,markov_order_1,30,linear,,5.0,1006.0,0.6699734509744542,2.6211660024964996,1.6852924821640913,1.8410173183442593
atfrim,markov_order_1,30,nearest,,5.0,138.0,0.612039910946779,2.1209923223063067,1.704698263361874,1.8871718518969605
atfrim,markov_order_2,30,linear,,5.0,1006.0,0.6102034099747085,2.9798872915938133,1.6852924821640913,1.8410173183442593
atfrim,markov_order_2,30,nearest,,5.0,138.0,0.5983680243896331,2.1708286052380146,1.704698263361874,1.8871718518969605
atfrim,vq_ctw,30,linear,256.0,5.0,1006.0,0.9562575061272552,0.3285260014102052,6.13041873550285,6.13041873550285
atfrim,vq_ctw,30,linear,512.0,5.0,1006.0,0.9609633754289337,0.3474472389916877,6.693100206552013,6.693100206552013
atfrim,vq_ctw,30,linear,1024.0,5.0,1006.0,0.959400976134011,0.33929999656561566,6.2423420721020655,6.2423420721020655
atfrim,vq_ctw,30,nearest,256.0,5.0,138.0,0.8491550123744808,1.0891990679379246,6.160688825998624,6.160688825998624
atfrim,vq_ctw,30,nearest,512.0,5.0,138.0,0.8636009566629612,1.0061037451084933,5.753444207637599,5.753444207637599
atfrim,vq_ctw,30,nearest,1024.0,5.0,138.0,0.8578186281498255,1.0857983476367996,6.23064751426021,6.23064751426021
atidfi,direct_ctw,30,linear,,5.0,1007.0,0.8322538463392168,1.4589381684794265,1.6416702714659808,1.808590356590372
atidfi,direct_ctw,30,nearest,,5.0,309.0,0.8347218772704336,1.0269487165825795,1.5622112636087904,1.723346130311754
atidfi,markov_order_1,30,linear,,5.0,1007.0,0.7495153407503051,2.0162140474062227,1.6416702714659808,1.808590356590372
atidfi,markov_order_1,30,nearest,,5.0,309.0,0.6313474795469137,1.8101706205257309,1.5622112636087904,1.723346130311754
atidfi,markov_order_2,30,linear,,5.0,1007.0,0.7101989083453534,2.2616408690880143,1.6416702714659808,1.808590356590372
atidfi,markov_order_2,30,nearest,,5.0,309.0,0.6614092999328923,1.7175875172608768,1.5622112636087904,1.723346130311754
atidfi,vq_ctw,30,linear,256.0,5.0,1007.0,0.9931735727285882,0.06575496771420082,4.822253548972799,4.822253548972799
atidfi,vq_ctw,30,linear,512.0,5.0,1007.0,0.9863893337596259,0.13109726577846956,4.6726903618538635,4.6726903618538635
atidfi,vq_ctw,30,linear,1024.0,5.0,1007.0,0.9898152689701626,0.10238477435816815,4.723048519632408,4.723048519632408
atidfi,vq_ctw,30,nearest,256.0,5.0,309.0,0.8664018494103796,0.9752169010920537,4.397018461082918,4.397018461082918
atidfi,vq_ctw,30,nearest,512.0,5.0,309.0,0.8934013540710156,0.8099094181588316,4.625939582596906,4.625939582596906
atidfi,vq_ctw,30,nearest,1024.0,5.0,309.0,0.8684002914988681,1.003385209045646,4.521830280484203,4.521830280484203
atnokv,direct_ctw,30,linear,,5.0,1006.0,0.8038483005360211,1.7360075330306948,1.6549964288739607,1.8178150510174154
atnokv,direct_ctw,30,nearest,,5.0,34.0,0.8477226280949575,1.0982180555205439,1.5884964754388615,1.744346885817897
atnokv,markov_order_1,30,linear,,5.0,1006.0,0.6275770059725978,2.892634599777275,1.6549964288739607,1.8178150510174154
atnokv,markov_order_1,30,nearest,,5.0,34.0,0.5610145602839709,2.38078243873888,1.5884964754388615,1.744346885817897
atnokv,markov_order_2,30,linear,,5.0,1006.0,0.5606610600951777,3.278071962754248,1.6549964288739607,1.8178150510174154
atnokv,markov_order_2,30,nearest,,5.0,34.0,0.5486352914011995,2.4239563935721002,1.5884964754388615,1.744346885817897
atnokv,vq_ctw,30,linear,256.0,5.0,1006.0,0.9099173567657077,0.5795232207485814,7.13782142342993,7.13782142342993
atnokv,vq_ctw,30,linear,512.0,5.0,1006.0,0.9089947760504407,0.7128319252417165,6.658869196686226,6.658869196686226
atnokv,vq_ctw,30,linear,1024.0,5.0,1006.0,0.9190612102675718,0.6327023765920423,6.470956591873054,6.470956591873054
atnokv,vq_ctw,30,nearest,256.0,5.0,34.0,0.8679391425095591,0.9816861411633548,6.505126609523061,6.505126609523061
atnokv,vq_ctw,30,nearest,512.0,5.0,34.0,0.8632666213954518,0.9290701280828841,8.536822333187033,8.536822333187033
atnokv,vq_ctw,30,nearest,1024.0,5.0,34.0,0.8738581080971726,0.9831408111768439,7.921807644348917,7.921807644348917
atsfiv,direct_ctw,30,linear,,5.0,166.0,0.83496511776981,1.3207936184020823,1.5522696818306512,1.73077415447853
atsfiv,direct_ctw,30,nearest,,5.0,39.0,0.8508499551964892,1.0264263103287516,1.495499425107425,1.6841037347356762
atsfiv,markov_order_1,30,linear,,5.0,166.0,0.63335130104652,2.4467270078790095,1.5522696818306512,1.73077415447853
atsfiv,markov_order_1,30,nearest,,5.0,39.0,0.6002487781222767,2.0930484429659626,1.495499425107425,1.6841037347356762
atsfiv,markov_order_2,30,linear,,5.0,166.0,0.5839512053642606,2.680151680118785,1.5522696818306512,1.73077415447853
atsfiv,markov_order_2,30,nearest,,5.0,39.0,0.6381880322002836,1.959911595290846,1.495499425107425,1.6841037347356762
atsfiv,vq_ctw,30,linear,256.0,5.0,166.0,0.9491339986843852,0.37068504524289025,6.09407155093325,6.09407155093325
atsfiv,vq_ctw,30,linear,512.0,5.0,166.0,0.9568876402618073,0.3678284623044915,6.92940362394003,6.92940362394003
atsfiv,vq_ctw,30,linear,1024.0,5.0,166.0,0.9375427333571114,0.48214437171764013,5.816305176296738,5.816305176296738
atsfiv,vq_ctw,30,nearest,256.0,5.0,39.0,0.8449398754157676,1.0875400975612017,10.300080305545666,10.300080305545666
atsfiv,vq_ctw,30,nearest,512.0,5.0,39.0,0.8476960833643128,1.009275864782065,10.257244620252898,10.257244620252898
atsfiv,vq_ctw,30,nearest,1024.0,5.0,39.0,0.8530463582421576,1.0430249171531183,10.24722799174196,10.24722799174196
atzumb,direct_ctw,30,linear,,5.0,1007.0,0.8467313818102753,1.3014508571710983,1.6565404503291892,1.8255958882286978
atzumb,direct_ctw,30,nearest,,5.0,124.0,0.845003811495849,1.02138023972786,1.5967375653392395,1.7796204570385397
atzumb,markov_order_1,30,linear,,5.0,1007.0,0.7757551799872031,1.7678474626509624,1.6565404503291892,1.8255958882286978
atzumb,markov_order_1,30,nearest,,5.0,124.0,0.6676080039172787,1.7681093606376905,1.5967375653392395,1.7796204570385397
atzumb,markov_order_2,30,linear,,5.0,1007.0,0.7539561463340229,1.9021630950611876,1.6565404503291892,1.8255958882286978
atzumb,markov_order_2,30,nearest,,5.0,124.0,0.6702274745974605,1.7592427993570987,1.5967375653392395,1.7796204570385397
atzumb,vq_ctw,30,linear,256.0,5.0,1007.0,0.9924901013718381,0.07130089292340984,3.9320314291763188,3.9320314291763188
atzumb,vq_ctw,30,linear,512.0,5.0,1007.0,0.9887501719630792,0.10021912273936502,3.9047455751665217,3.9047455751665217
atzumb,vq_ctw,30,linear,1024.0,5.0,1007.0,0.9926016014641543,0.0747303267149267,3.9799508608607255,3.9799508608607255
atzumb,vq_ctw,30,nearest,256.0,5.0,124.0,0.8669508755067816,0.9928674486851972,4.218108455934319,4.218108455934319
atzumb,vq_ctw,30,nearest,512.0,5.0,124.0,0.8665939831829924,0.962755956174754,4.181581255158346,4.181581255158346
atzumb,vq_ctw,30,nearest,1024.0,5.0,124.0,0.8671535839623987,1.0461550965998727,4.555446801565629,4.555446801565629
aucjun,direct_ctw,30,linear,,5.0,821.0,0.9417135050744296,0.5362907132913672,1.6295312223243803,1.7511128861272673
aucjun,markov_order_1,30,linear,,5.0,821.0,0.9026408956843758,0.8208393064598114,1.6295312223243803,1.7511128861272673
aucjun,markov_order_2,30,linear,,5.0,821.0,0.9035981801272215,0.8142138596426182,1.6295312223243803,1.7511128861272673
aucjun,vq_ctw,30,linear,256.0,5.0,821.0,0.9999999999980906,0.07735546344566445,4.544987571907048,4.544987571907048
aucjun,vq_ctw,30,linear,512.0,5.0,821.0,0.9947416641070159,0.05571225686119955,4.457268042463526,4.457268042463526
aucjun,vq_ctw,30,linear,1024.0,5.0,821.0,0.9922378614418609,0.07332435404067686,4.3959929684343235,4.3959929684343235
auctji,direct_ctw,30,linear,,5.0,1007.0,0.8082532754045334,1.6366131491716225,1.7138544118988086,1.8730786763283607
auctji,direct_ctw,30,nearest,,5.0,78.0,0.850140115783151,1.0124453607342818,1.7442135289527443,1.8734442297937568
auctji,markov_order_1,30,linear,,5.0,1007.0,0.6800185359021308,2.458825170850202,1.7138544118988086,1.8730786763283607
auctji,markov_order_1,30,nearest,,5.0,78.0,0.6355533721818242,1.9270960452485844,1.7442135289527443,1.8734442297937568
auctji,markov_order_2,30,linear,,5.0,1007.0,0.6301195105768,2.7474526731887203,1.7138544118988086,1.8730786763283607
auctji,markov_order_2,30,nearest,,5.0,78.0,0.6152301243077211,1.990709800754684,1.7442135289527443,1.8734442297937568
auctji,vq_ctw,30,linear,256.0,5.0,1007.0,0.9706123991918185,0.2378895931907909,6.658431694066545,6.658431694066545
auctji,vq_ctw,30,linear,512.0,5.0,1007.0,0.9716567591667288,0.25928021816098035,6.9964175508796655,6.9964175508796655
auctji,vq_ctw,30,linear,1024.0,5.0,1007.0,0.9703097682495043,0.2617745821481108,6.665724499009462,6.665724499009462
auctji,vq_ctw,30,nearest,256.0,5.0,78.0,0.8485595028697205,1.0627268086232993,4.505094365230282,4.505094365230282
auctji,vq_ctw,30,nearest,512.0,5.0,78.0,0.8761004356063623,0.8980588785769723,4.760095321686579,4.760095321686579
auctji,vq_ctw,30,nearest,1024.0,5.0,78.0,0.8739071997354174,0.980306063592279,4.16395889647393,4.16395889647393
aupcli,direct_ctw,30,linear,,5.0,272.0,0.8313027352262647,1.3581709202302281,1.7324523150562159,1.8705701310758427
aupcli,markov_order_1,30,linear,,5.0,272.0,0.6368128798200806,2.4597600289958725,1.7324523150562159,1.8705701310758427
aupcli,markov_order_2,30,linear,,5.0,272.0,0.58614592667419,2.704220402939472,1.7324523150562159,1.8705701310758427
aupcli,vq_ctw,30,linear,256.0,5.0,272.0,0.9397062922935521,0.42417299306649797,6.536176429738649,6.536176429738649
aupcli,vq_ctw,30,linear,512.0,5.0,272.0,0.9462211247873882,0.4412538506193983,6.587775918440909,6.587775918440909
aupcli,vq_ctw,30,linear,1024.0,5.0,272.0,0.9436038821577536,0.4257617640965107,6.350307673787581,6.350307673787581
aurjye,direct_ctw,30,linear,,5.0,1007.0,0.8926333498085447,0.990516806560101,1.5334802852321148,1.6825305038398508
aurjye,direct_ctw,30,nearest,,5.0,114.0,0.8225296643058846,1.025298191330428,1.5029003328651125,1.6716574048513244
aurjye,markov_order_1,30,linear,,5.0,1007.0,0.8184273743529955,1.5267024661617743,1.5334802852321148,1.6825305038398508
aurjye,markov_order_1,30,nearest,,5.0,114.0,0.6419347275638965,1.6557197714661196,1.5029003328651125,1.6716574048513244
aurjye,markov_order_2,30,linear,,5.0,1007.0,0.8016482942033114,1.6397360291038945,1.5334802852321148,1.6825305038398508
aurjye,markov_order_2,30,nearest,,5.0,114.0,0.6852300801569069,1.5270737405854307,1.5029003328651125,1.6716574048513244
aurjye,vq_ctw,30,linear,256.0,5.0,1007.0,0.9999999999980905,0.06372418113277285,4.869473356835825,4.869473356835825
aurjye,vq_ctw,30,linear,512.0,5.0,1007.0,0.9839418892506144,0.13475329155529758,4.5602160380765415,4.5602160380765415
aurjye,vq_ctw,30,linear,1024.0,5.0,1007.0,0.9846035975487524,0.13014262353772446,4.346885948798119,4.346885948798119
aurjye,vq_ctw,30,nearest,256.0,5.0,114.0,0.8686866252573612,0.969272315819617,4.3355509695766745,4.3355509695766745
aurjye,vq_ctw,30,nearest,512.0,5.0,114.0,0.8630883651507676,1.0175361091949744,3.87892648126571,3.87892648126571
aurjye,vq_ctw,30,nearest,1024.0,5.0,114.0,0.8699873732686559,1.002322425686501,4.229621677030127,4.229621677030127
avdyab,direct_ctw,30,linear,,5.0,1007.0,0.8414662334828327,1.3042302401131316,1.6422127030464257,1.800731905841915
avdyab,markov_order_1,30,linear,,5.0,1007.0,0.7709171870077665,1.7495361951249098,1.6422127030464257,1.800731905841915
avdyab,markov_order_2,30,linear,,5.0,1007.0,0.7588560767757652,1.8212993203738708,1.6422127030464257,1.800731905841915
avdyab,vq_ctw,30,linear,256.0,5.0,1007.0,0.9999999999980905,0.08595592375463126,4.162399869006589,4.162399869006589
avdyab,vq_ctw,30,linear,512.0,5.0,1007.0,0.9878384585016895,0.10696582446058461,4.392959652789006,4.392959652789006
avdyab,vq_ctw,30,linear,1024.0,5.0,1007.0,0.9875421232417719,0.10913684327005234,4.255703219892283,4.255703219892283
avglyb,direct_ctw,30,linear,,5.0,1007.0,0.8481991769797189,1.3517740908039584,1.5868691762619216,1.740107852148301
avglyb,markov_order_1,30,linear,,5.0,1007.0,0.7565824807092538,1.9831951364117022,1.5868691762619216,1.740107852148301
avglyb,markov_order_2,30,linear,,5.0,1007.0,0.7279558359291501,2.1659679932908875,1.5868691762619216,1.740107852148301
avglyb,vq_ctw,30,linear,256.0,5.0,1007.0,0.952825423503786,0.34904123867043874,4.967685225498269,4.967685225498269
avglyb,vq_ctw,30,linear,512.0,5.0,1007.0,0.9645995106829817,0.31229963325627785,5.32114363576815,5.32114363576815
avglyb,vq_ctw,30,linear,1024.0,5.0,1007.0,0.9672604119977881,0.29258056640624197,5.44458636747113,5.44458636747113
aviltl,direct_ctw,30,linear,,5.0,1006.0,0.8421808103441868,1.3111499332566479,1.6539493235734954,1.8133959572181741
aviltl,direct_ctw,30,nearest,,5.0,84.0,0.8139532521288727,1.0474239960508371,1.517994929566613,1.7369389151143164
aviltl,markov_order_1,30,linear,,5.0,1006.0,0.7744176166592265,1.7451813968677754,1.6539493235734954,1.8133959572181741
aviltl,markov_order_1,30,nearest,,5.0,84.0,0.6629215068779287,1.5788841680981403,1.517994929566613,1.7369389151143164
aviltl,markov_order_2,30,linear,,5.0,1006.0,0.7549689452275191,1.8623137192692831,1.6539493235734954,1.8133959572181741
aviltl,markov_order_2,30,nearest,,5.0,84.0,0.677043300692658,1.5402689777109624,1.517994929566613,1.7369389151143164
aviltl,vq_ctw,30,linear,256.0,5.0,1006.0,0.9911859673147045,0.08163821780996143,3.919412371676713,3.919412371676713
aviltl,vq_ctw,30,linear,512.0,5.0,1006.0,0.9910723851052535,0.0943262638101364,4.045113073202043,4.045113073202043
aviltl,vq_ctw,30,linear,1024.0,5.0,1006.0,0.9876608574694979,0.12457967900465797,3.883920937328634,3.883920937328634
aviltl,vq_ctw,30,nearest,256.0,5.0,84.0,0.9204387883439434,0.5528482845868501,4.3386150065269975,4.3386150065269975
aviltl,vq_ctw,30,nearest,512.0,5.0,84.0,0.920673911830323,0.49313953074859074,4.43706604935184,4.43706604935184
aviltl,vq_ctw,30,nearest,1024.0,5.0,84.0,0.8470252457225873,1.007625889211917,3.9464234721494567,3.9464234721494567
avpavi,direct_ctw,30,linear,,5.0,1007.0,0.8687147970187554,1.1375986381331014,1.6461275628482384,1.8191258027546886
avpavi,direct_ctw,30,nearest,,5.0,141.0,0.8250401725602963,1.0528767076658871,1.6356286091375671,1.8494713443960973
avpavi,markov_order_1,30,linear,,5.0,1007.0,0.8093934871424787,1.539942822279679,1.6461275628482384,1.8191258027546886
avpavi,markov_order_1,30,nearest,,5.0,141.0,0.6297963523631136,1.7706343668015725,1.6356286091375671,1.8494713443960973
avpavi,markov_order_2,30,linear,,5.0,1007.0,0.7906316927104498,1.6598856100538095,1.6461275628482384,1.8191258027546886
avpavi,markov_order_2,30,nearest,,5.0,141.0,0.6447745977294483,1.7290788286885967,1.6356286091375671,1.8494713443960973
avpavi,vq_ctw,30,linear,256.0,5.0,1007.0,0.9946995175986668,0.05299700789029755,3.658987316636619,3.658987316636619
avpavi,vq_ctw,30,linear,512.0,5.0,1007.0,0.9902294134653148,0.08903899447555204,3.7937414637411444,3.7937414637411444
avpavi,vq_ctw,30,linear,1024.0,5.0,1007.0,0.9952610660392665,0.04814990505377427,3.751364698045256,3.751364698045256
avpavi,vq_ctw,30,nearest,256.0,5.0,141.0,0.8643729837766267,0.9399688903596217,4.572536478794342,4.572536478794342
avpavi,vq_ctw,30,nearest,512.0,5.0,141.0,0.9051833445582259,0.7497167859073003,4.54796473194589,4.54796473194589
avpavi,vq_ctw,30,nearest,1024.0,5.0,141.0,0.8610747171990479,1.0042014392737548,4.821492547758846,4.821492547758846
awnbeb,direct_ctw,30,linear,,5.0,988.0,0.8369252708500963,1.4495190237920417,1.6126921493939161,1.775473796245458
awnbeb,markov_order_1,30,linear,,5.0,988.0,0.7535778972664433,2.0263813565488973,1.6126921493939161,1.775473796245458
awnbeb,markov_order_2,30,linear,,5.0,988.0,0.7043500807481455,2.340615950354403,1.6126921493939161,1.775473796245458
awnbeb,vq_ctw,30,linear,256.0,5.0,988.0,0.985783293289325,0.1301343634720754,4.90423963749587,4.90423963749587
awnbeb,vq_ctw,30,linear,512.0,5.0,988.0,0.9807816597739862,0.1754656507857859,5.0973551577222995,5.0973551577222995
awnbeb,vq_ctw,30,linear,1024.0,5.0,988.0,0.9829250175670841,0.16433317441276105,4.822169343490094,4.822169343490094
awrenb,direct_ctw,30,linear,,5.0,1006.0,0.8257622057856531,1.4203510627592588,1.572400191897155,1.7467636577695096
awrenb,direct_ctw,30,nearest,,5.0,225.0,0.8447752701115573,0.978315041862948,1.459064297285621,1.6542170497650979
awrenb,markov_order_1,30,linear,,5.0,1006.0,0.7572695942648664,1.8486148014133263,1.572400191897155,1.7467636577695096
awrenb,markov_order_1,30,nearest,,5.0,225.0,0.673347408442877,1.6556302447024687,1.459064297285621,1.6542170497650979
awrenb,markov_order_2,30,linear,,5.0,1006.0,0.7315031950124565,1.9997232515480365,1.572400191897155,1.7467636577695096
awrenb,markov_order_2,30,nearest,,5.0,225.0,0.6668113773801752,1.6833080051023066,1.459064297285621,1.6542170497650979
awrenb,vq_ctw,30,linear,256.0,5.0,1006.0,0.9999999999980905,0.029442236116640437,4.165525240322445,4.165525240322445
awrenb,vq_ctw,30,linear,512.0,5.0,1006.0,0.988947914184723,0.09874188356556199,4.08624568382355,4.08624568382355
awrenb,vq_ctw,30,linear,1024.0,5.0,1006.0,0.9943951747253894,0.05558730817115475,4.148036693169297,4.148036693169297
awrenb,vq_ctw,30,nearest,256.0,5.0,225.0,0.8786242054619032,0.8571148443299375,4.4474287047593455,4.4474287047593455
awrenb,vq_ctw,30,nearest,512.0,5.0,225.0,0.887405438174676,0.8179887333823694,4.316112086298876,4.316112086298876
awrenb,vq_ctw,30,nearest,1024.0,5.0,225.0,0.8654676306814718,1.004412575285852,4.230131871202321,4.230131871202321
awribi,direct_ctw,30,linear,,5.0,965.0,0.8424531497287232,1.2585958088409306,1.6005129199026646,1.7872134914725368
awribi,direct_ctw,30,nearest,,5.0,104.0,0.8110264475678384,1.114442924204121,1.6884534906896698,1.842175806013802
awribi,markov_order_1,30,linear,,5.0,965.0,0.7746505141543785,1.6712138448851148,1.6005129199026646,1.7872134914725368
awribi,markov_order_1,30,nearest,,5.0,104.0,0.6530819909169429,1.6911956390741472,1.6884534906896698,1.842175806013802
awribi,markov_order_2,30,linear,,5.0,965.0,0.762582953494914,1.7403866542168167,1.6005129199026646,1.7872134914725368
awribi,markov_order_2,30,nearest,,5.0,104.0,0.6707129003051299,1.6364400740413305,1.6884534906896698,1.842175806013802
awribi,vq_ctw,30,linear,256.0,5.0,965.0,0.9920273260494632,0.07966783537122962,4.043032327787863,4.043032327787863
awribi,vq_ctw,30,linear,512.0,5.0,965.0,0.9918994748431199,0.08412075191657392,4.19916658590874,4.19916658590874
awribi,vq_ctw,30,linear,1024.0,5.0,965.0,0.9926608158847708,0.07726364628781661,4.123646456276199,4.123646456276199
awribi,vq_ctw,30,nearest,256.0,5.0,104.0,0.8687251827172957,0.9675903305105938,4.003935111019426,4.003935111019426
awribi,vq_ctw,30,nearest,512.0,5.0,104.0,0.8754638408206935,0.9480643764873684,4.069211747168948,4.069211747168948
awribi,vq_ctw,30,nearest,1024.0,5.0,104.0,0.8728260995892185,1.0324905595292033,4.935562217931755,4.935562217931755
aydwah,direct_ctw,30,linear,,5.0,968.0,0.8294052634439829,1.419819039805827,1.6422878844129842,1.8249888870678588
aydwah,direct_ctw,30,nearest,,5.0,193.0,0.829828452096877,1.0602006609372225,1.562413945314206,1.7630806716105096
aydwah,markov_order_1,30,linear,,5.0,968.0,0.7613533901452914,1.8570106234369608,1.6422878844129842,1.8249888870678588
aydwah,markov_order_1,30,nearest,,5.0,193.0,0.6393685658499368,1.7985337419223355,1.562413945314206,1.7630806716105096
aydwah,markov_order_2,30,linear,,5.0,968.0,0.7319918219868576,2.033756097763219,1.6422878844129842,1.8249888870678588
aydwah,markov_order_2,30,nearest,,5.0,193.0,0.6329363962286508,1.8297563238941064,1.562413945314206,1.7630806716105096
aydwah,vq_ctw,30,linear,256.0,5.0,968.0,0.9935325633549971,0.06280275471494694,4.113151707651642,4.113151707651642
aydwah,vq_ctw,30,linear,512.0,5.0,968.0,0.9898335600727686,0.0920609579261464,4.196734558561994,4.196734558561994
aydwah,vq_ctw,30,linear,1024.0,5.0,968.0,0.9927149752610753,0.07677161304385917,4.102670610693798,4.102670610693798
aydwah,vq_ctw,30,nearest,256.0,5.0,193.0,0.8618228451852505,1.0015516098894461,4.86379403199819,4.86379403199819
aydwah,vq_ctw,30,nearest,512.0,5.0,193.0,0.8634691384620934,0.992173809924819,4.342581154079615,4.342581154079615
aydwah,vq_ctw,30,nearest,1024.0,5.0,193.0,0.8642380549255989,1.0411907374288658,4.626013370543498,4.626013370543498
ayfsdu,direct_ctw,30,linear,,5.0,1007.0,0.8463385783827455,1.2938574086398544,1.5625175224496426,1.731900501038205
ayfsdu,direct_ctw,30,nearest,,5.0,78.0,0.8384844387937372,1.0554034920447548,1.5420439299625603,1.725277589268245
ayfsdu,markov_order_1,30,linear,,5.0,1007.0,0.7684207800770397,1.7979235391216877,1.5625175224496426,1.731900501038205
ayfsdu,markov_order_1,30,nearest,,5.0,78.0,0.6373964937502541,1.881770552284629,1.5420439299625603,1.725277589268245
ayfsdu,markov_order_2,30,linear,,5.0,1007.0,0.7514654032997414,1.9005900820640147,1.5625175224496426,1.731900501038205
ayfsdu,markov_order_2,30,nearest,,5.0,78.0,0.6362112086794885,1.886158762209543,1.5420439299625603,1.725277589268245
ayfsdu,vq_ctw,30,linear,256.0,5.0,1007.0,0.985580618288561,0.1232581752292889,4.407569024989271,4.407569024989271
ayfsdu,vq_ctw,30,linear,512.0,5.0,1007.0,0.9851613100899459,0.14974304870384192,4.57612067994589,4.57612067994589
ayfsdu,vq_ctw,30,linear,1024.0,5.0,1007.0,0.9802783425538508,0.17931818034649857,4.329143734792579,4.329143734792579
ayfsdu,vq_ctw,30,nearest,256.0,5.0,78.0,0.8640430404189917,0.9908290959132736,4.566002499071056,4.566002499071056
ayfsdu,vq_ctw,30,nearest,512.0,5.0,78.0,0.8681066025873949,0.9805993822687009,4.046167674697449,4.046167674697449
ayfsdu,vq_ctw,30,nearest,1024.0,5.0,78.0,0.8771955713044581,0.9915339986900139,4.4646453895755345,4.4646453895755345
aygpha,direct_ctw,30,linear,,5.0,928.0,0.8529945556067321,1.2031747046974721,1.6534262134727995,1.8165330773422403
aygpha,direct_ctw,30,nearest,,5.0,145.0,0.807086985192354,1.1217479831790276,1.7142304737482736,1.8864150795857388
aygpha,markov_order_1,30,linear,,5.0,928.0,0.7837318140949502,1.6372827119215017,1.6534262134727995,1.8165330773422403
aygpha,markov_order_1,30,nearest,,5.0,145.0,0.5977273769805195,1.8459040746684137,1.7142304737482736,1.8864150795857388
aygpha,markov_order_2,30,linear,,5.0,928.0,0.7717312227172465,1.708021309244188,1.6534262134727995,1.8165330773422403
aygpha,markov_order_2,30,nearest,,5.0,145.0,0.6260869575079803,1.7811229557604862,1.7142304737482736,1.8864150795857388
aygpha,vq_ctw,30,linear,256.0,5.0,928.0,0.9895926034359248,0.09388937567149463,4.023101200011435,4.023101200011435
aygpha,vq_ctw,30,linear,512.0,5.0,928.0,0.9884550409323546,0.109167868948877,4.17097877848423,4.17097877848423
aygpha,vq_ctw,30,linear,1024.0,5.0,928.0,0.9864780408960816,0.12475915560493954,4.137968254675582,4.137968254675582
aygpha,vq_ctw,30,nearest,256.0,5.0,145.0,0.8537315559690841,1.0227123747882259,4.483781605521379,4.483781605521379
aygpha,vq_ctw,30,nearest,512.0,5.0,145.0,0.8829426074276469,0.8348909313028329,4.4726500549628385,4.4726500549628385
aygpha,vq_ctw,30,nearest,1024.0,5.0,145.0,0.8595640555653226,1.0233797783152327,4.453697616145818,4.453697616145818
aypudb,direct_ctw,30,linear,,5.0,1007.0,0.8500839487817122,1.3658658301474742,1.6281301467793612,1.80459694013072
aypudb,direct_ctw,30,nearest,,5.0,172.0,0.8051557379848513,1.0552649869036268,1.7741781812245656,1.9144619283367619
aypudb,markov_order_1,30,linear,,5.0,1007.0,0.7685259353596934,1.9482185025182663,1.6281301467793612,1.80459694013072
aypudb,markov_order_1,30,nearest,,5.0,172.0,0.660566525334147,1.699169203998408,1.7741781812245656,1.9144619283367619
aypudb,markov_order_2,30,linear,,5.0,1007.0,0.7321567709145615,2.189459562580548,1.6281301467793612,1.80459694013072
aypudb,markov_order_2,30,nearest,,5.0,172.0,0.6773151762074044,1.6082586212596768,1.7741781812245656,1.9144619283367619
aypudb,vq_ctw,30,linear,256.0,5.0,1007.0,0.9856683134266241,0.13101909572126602,4.08889394404711,4.08889394404711
aypudb,vq_ctw,30,linear,512.0,5.0,1007.0,0.9908704477119686,0.0985653123671555,4.402584918912845,4.402584918912845
aypudb,vq_ctw,30,linear,1024.0,5.0,1007.0,0.9900919852943136,0.10579456072668528,4.37459228523187,4.37459228523187
aypudb,vq_ctw,30,nearest,256.0,5.0,172.0,0.8692330697225535,0.9563986068406548,4.617535646366112,4.617535646366112
aypudb,vq_ctw,30,nearest,512.0,5.0,172.0,0.8874496828826642,0.8180111232757291,4.407097026374664,4.407097026374664
aypudb,vq_ctw,30,nearest,1024.0,5.0,172.0,0.8490860974764493,1.0231858777759009,4.418202070040041,4.418202070040041
ayquas,direct_ctw,30,linear,,5.0,926.0,0.8371840938045885,1.415175055877843,1.7704149201224266,1.935781972329443
ayquas,direct_ctw,30,nearest,,5.0,38.0,0.8650042680957971,0.840972986404166,1.412573592790598,1.5827290655461685
ayquas,markov_order_1,30,linear,,5.0,926.0,0.747425946115487,2.016293683031751,1.7704149201224266,1.935781972329443
ayquas,markov_order_1,30,nearest,,5.0,38.0,0.7804671152838485,1.1983794159149295,1.412573592790598,1.5827290655461685
ayquas,markov_order_2,30,linear,,5.0,926.0,0.714331179565787,2.221383563498695,1.7704149201224266,1.935781972329443
ayquas,markov_order_2,30,nearest,,5.0,38.0,0.7762962408591123,1.2142805415757454,1.412573592790598,1.5827290655461685
ayquas,vq_ctw,30,linear,256.0,5.0,926.0,0.9999999999980905,0.030366326966004196,4.467359846805996,4.467359846805996
ayquas,vq_ctw,30,linear,512.0,5.0,926.0,0.9868569454692346,0.12180576301600002,4.375945397819176,4.375945397819176
ayquas,vq_ctw,30,linear,1024.0,5.0,926.0,0.9905095911225739,0.09637644441215978,4.365842806680887,4.365842806680887
ayquas,vq_ctw,30,nearest,256.0,5.0,38.0,0.9205182402502716,0.5849014321089586,4.1253867546029435,4.1253867546029435
ayquas,vq_ctw,30,nearest,512.0,5.0,38.0,0.8761983386349791,0.860213436686839,3.994618133131253,3.994618133131253
ayquas,vq_ctw,30,nearest,1024.0,5.0,38.0,0.8575840098194145,0.9586712620142045,4.3999883041985,4.3999883041985
ayquex,direct_ctw,30,linear,,5.0,1007.0,0.8317718259343296,1.4535415396369746,1.6915200283346863,1.8607708383473414
ayquex,direct_ctw,30,nearest,,5.0,184.0,0.8351619115551941,0.9983692638360178,1.5480010023398378,1.7378416062952453
ayquex,markov_order_1,30,linear,,5.0,1007.0,0.766002860647327,1.8975444739081044,1.6915200283346863,1.8607708383473414
ayquex,markov_order_1,30,nearest,,5.0,184.0,0.6789844430325915,1.5807558063669997,1.5480010023398378,1.7378416062952453
ayquex,markov_order_2,30,linear,,5.0,1007.0,0.7281146106538458,2.1369415005651815,1.6915200283346863,1.8607708383473414
ayquex,markov_order_2,30,nearest,,5.0,184.0,0.669817619487549,1.6198232726636603,1.5480010023398378,1.7378416062952453
ayquex,vq_ctw,30,linear,256.0,5.0,1007.0,0.9957251736185844,0.046572044527296665,4.062295505071841,4.062295505071841
ayquex,vq_ctw,30,linear,512.0,5.0,1007.0,0.9902486384807361,0.10434718471288966,3.9870613989975974,3.9870613989975974
ayquex,vq_ctw,30,linear,1024.0,5.0,1007.0,0.9902757513035993,0.0984079879179622,4.057973210292411,4.057973210292411
ayquex,vq_ctw,30,nearest,256.0,5.0,184.0,0.8880000528348151,0.817581022553312,4.3585718983427055,4.3585718983427055
ayquex,vq_ctw,30,nearest,512.0,5.0,184.0,0.8769289312428095,0.9280452164561948,4.377670975236051,4.377670975236051
ayquex,vq_ctw,30,nearest,1024.0,5.0,184.0,0.8704789808954032,0.9978750863573008,4.491912535710307,4.491912535710307
ayshek,direct_ctw,30,linear,,5.0,1007.0,0.8421227283827172,1.3881791219041355,1.6557265592963488,1.8487237517948667
ayshek,direct_ctw,30,nearest,,5.0,39.0,0.8271020190434509,1.1112261868912436,1.8267678468383381,1.9776969588696038
ayshek,markov_order_1,30,linear,,5.0,1007.0,0.7522646826977919,1.9986205128976158,1.6557265592963488,1.8487237517948667
ayshek,markov_order_1,30,nearest,,5.0,39.0,0.6377221569416153,1.8810323791734247,1.8267678468383381,1.9776969588696038
ayshek,markov_order_2,30,linear,,5.0,1007.0,0.7128902320978631,2.2451969750875738,1.6557265592963488,1.8487237517948667
ayshek,markov_order_2,30,nearest,,5.0,39.0,0.5908440641358541,2.0337078843997913,1.8267678468383381,1.9776969588696038
ayshek,vq_ctw,30,linear,256.0,5.0,1007.0,0.9827222847952166,0.15325446806185133,5.182660695136503,5.182660695136503
ayshek,vq_ctw,30,linear,512.0,5.0,1007.0,0.9856920010633367,0.15108329304630871,5.887176425003512,5.887176425003512
ayshek,vq_ctw,30,linear,1024.0,5.0,1007.0,0.9811905942323773,0.17837657419304798,5.294832133873294,5.294832133873294
ayshek,vq_ctw,30,nearest,256.0,5.0,39.0,0.8787313416534446,0.917409175394257,4.481260527381608,4.481260527381608
ayshek,vq_ctw,30,nearest,512.0,5.0,39.0,0.8892279922721573,0.8702168287133464,4.064054558499448,4.064054558499448
ayshek,vq_ctw,30,nearest,1024.0,5.0,39.0,0.875186330055999,0.9748254758382716,3.970995673169824,3.970995673169824
ayshow,direct_ctw,30,linear,,5.0,1007.0,0.994076848072758,0.0711237756650612,1.275435631278324,1.297449222135024
ayshow,markov_order_1,30,linear,,5.0,1007.0,0.9853170429695935,0.15698562419831566,1.275435631278324,1.297449222135024
ayshow,markov_order_2,30,linear,,5.0,1007.0,0.987756868517797,0.13413128962034584,1.275435631278324,1.297449222135024
ayshow,vq_ctw,30,linear,256.0,5.0,1007.0,0.9999999999980905,0.020828686657909698,2.556316876877358,2.556316876877358
ayshow,vq_ctw,30,linear,512.0,5.0,1007.0,0.9990591045779207,0.011757141360165244,2.903675697868734,2.903675697868734
ayshow,vq_ctw,30,linear,1024.0,5.0,1007.0,0.9999999999980905,0.012358219146317627,2.5010792071792554,2.5010792071792554
aysmsl,direct_ctw,30,linear,,5.0,1007.0,0.8372466987341416,1.4887115588106177,1.6661628975431473,1.8331132914029997
aysmsl,direct_ctw,30,nearest,,5.0,235.0,0.8366839703230112,1.0371596964835745,1.7205031897429037,1.8803567813947446
aysmsl,markov_order_1,30,linear,,5.0,1007.0,0.7457747411676423,2.1422812039020673,1.6661628975431473,1.8331132914029997
aysmsl,markov_order_1,30,nearest,,5.0,235.0,0.6391155543152255,1.8220276403762388,1.7205031897429037,1.8803567813947446
aysmsl,markov_order_2,30,linear,,5.0,1007.0,0.6991071978987403,2.4498665379498794,1.6661628975431473,1.8331132914029997
aysmsl,markov_order_2,30,nearest,,5.0,235.0,0.6444964064356576,1.80722090122765,1.7205031897429037,1.8803567813947446
aysmsl,vq_ctw,30,linear,256.0,5.0,1007.0,0.9873306547805699,0.12334914327192036,4.539218505962316,4.539218505962316
aysmsl,vq_ctw,30,linear,512.0,5.0,1007.0,0.9825726228290831,0.17179060399418164,4.561948050465322,4.561948050465322
aysmsl,vq_ctw,30,linear,1024.0,5.0,1007.0,0.9854653106876253,0.15034493941175558,4.385418917579104,4.385418917579104
aysmsl,vq_ctw,30,nearest,256.0,5.0,235.0,0.8595453761088495,0.984043462996827,4.529540822391663,4.529540822391663
aysmsl,vq_ctw,30,nearest,512.0,5.0,235.0,0.8543031218641614,1.0215363399119548,4.718249524737755,4.718249524737755
aysmsl,vq_ctw,30,nearest,1024.0,5.0,235.0,0.8686393789805906,0.9906033211320378,4.809108820251913,4.809108820251913
eacder,direct_ctw,30,linear,,5.0,1006.0,0.8054470875934643,1.6359764386046245,1.6296122452814008,1.7895059008187397
eacder,markov_order_1,30,linear,,5.0,1006.0,0.6931361666061777,2.3486230682519547,1.6296122452814008,1.7895059008187397
eacder,markov_order_2,30,linear,,5.0,1006.0,0.6521774963763759,2.5859651933838683,1.6296122452814008,1.7895059008187397
eacder,vq_ctw,30,linear,256.0,5.0,1006.0,0.9999999999980905,0.2617118622163819,5.6847598003818165,5.6847598003818165
eacder,vq_ctw,30,linear,512.0,5.0,1006.0,0.9588875859617391,0.31253115810253496,5.7971210684565255,5.7971210684565255
eacder,vq_ctw,30,linear,1024.0,5.0,1006.0,0.9627893762071674,0.28833091278991274,5.638154331473926,5.638154331473926
eadect,direct_ctw,30,linear,,5.0,1007.0,0.8041702657640881,1.683687690199374,1.7098007494119942,1.8730864205529814
eadect,markov_order_1,30,linear,,5.0,1007.0,0.6702287309450418,2.5484441132021027,1.7098007494119942,1.8730864205529814
eadect,markov_order_2,30,linear,,5.0,1007.0,0.6169674491973117,2.8577741400331247,1.7098007494119942,1.8730864205529814
eadect,vq_ctw,30,linear,256.0,5.0,1007.0,0.9451954563546869,0.36127045222236553,5.810484300805399,5.810484300805399
eadect,vq_ctw,30,linear,512.0,5.0,1007.0,0.9609010452977477,0.34791021077682893,6.514945298929167,6.514945298929167
eadect,vq_ctw,30,linear,1024.0,5.0,1007.0,0.9653947284668689,0.2861961138437282,6.392419120193372,6.392419120193372
eagbac,direct_ctw,30,linear,,5.0,908.0,0.8761690231032597,1.1537565119674735,1.7322274018833288,1.9296002739963733
eagbac,markov_order_1,30,linear,,5.0,908.0,0.7692764890956896,1.922319981353577,1.7322274018833288,1.9296002739963733
eagbac,markov_order_2,30,linear,,5.0,908.0,0.7459539974219834,2.0762219008143252,1.7322274018833288,1.9296002739963733
eagbac,vq_ctw,30,linear,256.0,5.0,908.0,0.9709133008427347,0.2188775155602347,5.207663747343771,5.207663747343771
eagbac,vq_ctw,30,linear,512.0,5.0,908.0,0.9708828946449689,0.25755250076469427,5.331438751278155,5.331438751278155
eagbac,vq_ctw,30,linear,1024.0,5.0,908.0,0.9720256754362363,0.2490835529655104,5.213443410927569,5.213443410927569
eapceo,direct_ctw,30,linear,,5.0,1007.0,0.7823345718783268,1.6635301845915837,1.7684451896576774,1.9306490261547875
eapceo,direct_ctw,30,nearest,,5.0,494.0,0.8317948333323385,1.0920541658979483,1.7082164879625243,1.8767044988023829
eapceo,markov_order_1,30,linear,,5.0,1007.0,0.6696481493996789,2.2928278940910958,1.7684451896576774,1.9306490261547875
eapceo,markov_order_1,30,nearest,,5.0,494.0,0.6029985301897484,2.004832640255431,1.7082164879625243,1.8767044988023829
eapceo,markov_order_2,30,linear,,5.0,1007.0,0.6494070597397436,2.3965427537792516,1.7684451896576774,1.9306490261547875
eapceo,markov_order_2,30,nearest,,5.0,494.0,0.6041278114388519,2.0035899409095435,1.7082164879625243,1.8767044988023829
eapceo,vq_ctw,30,linear,256.0,5.0,1007.0,0.9999999999980905,0.072668739974472,5.705443655578093,5.705443655578093
eapceo,vq_ctw,30,linear,512.0,5.0,1007.0,0.9887432857348588,0.10027047468303152,5.709782464030695,5.709782464030695
eapceo,vq_ctw,30,linear,1024.0,5.0,1007.0,0.9908045243054591,0.0846066665502866,5.478280890292782,5.478280890292782
eapceo,vq_ctw,30,nearest,256.0,5.0,494.0,0.8545395196339464,1.021487590658488,5.0088402907639304,5.0088402907639304
eapceo,vq_ctw,30,nearest,512.0,5.0,494.0,0.8689622137590254,0.9525861203370373,4.989059478027919,4.989059478027919
eapceo,vq_ctw,30,nearest,1024.0,5.0,494.0,0.8691265441852625,1.0184089115767874,5.130573038176018,5.130573038176018
easnsv,direct_ctw,30,linear,,5.0,1007.0,0.8209530547313026,1.5811710301046142,1.6775321935081324,1.819283614215245
easnsv,markov_order_1,30,linear,,5.0,1007.0,0.6933493383690572,2.436136110104132,1.6775321935081324,1.819283614215245
easnsv,markov_order_2,30,linear,,5.0,1007.0,0.6453568645517228,2.7271062965636554,1.6775321935081324,1.819283614215245
easnsv,vq_ctw,30,linear,256.0,5.0,1007.0,0.9452512645211945,0.41573406261279694,6.131414023177861,6.131414023177861
easnsv,vq_ctw,30,linear,512.0,5.0,1007.0,0.9569852603008213,0.38499210735830663,6.834769448896642,6.834769448896642
easnsv,vq_ctw,30,linear,1024.0,5.0,1007.0,0.9493047948917701,0.4070534513812364,6.225140484599637,6.225140484599637
eavcai,direct_ctw,30,linear,,5.0,1007.0,0.853862806775598,1.2208688093751512,1.5534775303276718,1.7230733923714716
eavcai,direct_ctw,30,nearest,,5.0,202.0,0.8496732928816009,0.9642062105820748,1.522229764400105,1.694348758466588
eavcai,markov_order_1,30,linear,,5.0,1007.0,0.794398755329305,1.6063692968271925,1.5534775303276718,1.7230733923714716
eavcai,markov_order_1,30,nearest,,5.0,202.0,0.6795180061048152,1.6743529125575822,1.522229764400105,1.694348758466588
eavcai,markov_order_2,30,linear,,5.0,1007.0,0.7756625027390271,1.720978354315069,1.5534775303276718,1.7230733923714716
eavcai,markov_order_2,30,nearest,,5.0,202.0,0.6815366554390213,1.6700277932911656,1.522229764400105,1.694348758466588
eavcai,vq_ctw,30,linear,256.0,5.0,1007.0,0.9927339546547196,0.06933300346970167,3.9157108178746913,3.9157108178746913
eavcai,vq_ctw,30,linear,512.0,5.0,1007.0,0.9894888019761525,0.10082317695864694,4.232500590466877,4.232500590466877
eavcai,vq_ctw,30,linear,1024.0,5.0,1007.0,0.9917333218462943,0.08560303914040504,4.0043835239191665,4.0043835239191665
eavcai,vq_ctw,30,nearest,256.0,5.0,202.0,0.861654627897761,0.993757286774182,5.045244017584384,5.045244017584384
eavcai,vq_ctw,30,nearest,512.0,5.0,202.0,0.8659417603270261,0.968181984997738,4.589019912062694,4.589019912062694
eavcai,vq_ctw,30,nearest,1024.0,5.0,202.0,0.8656142612335298,1.0075104397255796,4.931424793077016,4.931424793077016
eavfli,direct_ctw,30,linear,,5.0,1005.0,0.8168325068539191,1.4650397622684268,1.6497965770327687,1.8279640252381093
eavfli,direct_ctw,30,nearest,,5.0,284.0,0.8258961664541487,1.0428858455040269,1.5943574721630855,1.7794947539124395
eavfli,markov_order_1,30,linear,,5.0,1005.0,0.7517736199656122,1.8629025512661634,1.6497965770327687,1.8279640252381093
eavfli,markov_order_1,30,nearest,,5.0,284.0,0.6649600518980899,1.6438116467281214,1.5943574721630855,1.7794947539124395
eavfli,markov_order_2,30,linear,,5.0,1005.0,0.72463234155976,2.0188037304402005,1.6497965770327687,1.8279640252381093
eavfli,markov_order_2,30,nearest,,5.0,284.0,0.658459771745177,1.6669525770722233,1.5943574721630855,1.7794947539124395
eavfli,vq_ctw,30,linear,256.0,5.0,1005.0,0.995933173747207,0.04459926036632921,4.0203538206833205,4.0203538206833205
eavfli,vq_ctw,30,linear,512.0,5.0,1005.0,0.9915782949964695,0.09190806587464073,4.118658132498155,4.118658132498155
eavfli,vq_ctw,30,linear,1024.0,5.0,1005.0,0.9947815279728384,0.057513202822997045,4.140782263306456,4.140782263306456
eavfli,vq_ctw,30,nearest,256.0,5.0,284.0,0.8617735743745165,0.9657844461367061,4.203881954636296,4.203881954636296
eavfli,vq_ctw,30,nearest,512.0,5.0,284.0,0.8683539867741362,0.9208862435888456,4.445892277361879,4.445892277361879
eavfli,vq_ctw,30,nearest,1024.0,5.0,284.0,0.8639753448079326,1.025010114996483,4.478255884244915,4.478255884244915
ebcicy,direct_ctw,30,linear,,5.0,1007.0,0.808362800831057,1.4535893888448834,1.6440507858588487,1.817379698911578
ebcicy,markov_order_1,30,linear,,5.0,1007.0,0.7276367457520786,1.908928791354221,1.6440507858588487,1.817379698911578
ebcicy,markov_order_2,30,linear,,5.0,1007.0,0.7098700838683166,2.0023948492869157,1.6440507858588487,1.817379698911578
ebcicy,vq_ctw,30,linear,256.0,5.0,1007.0,0.9999999999980905,0.10913319665230894,4.519624430520957,4.519624430520957
ebcicy,vq_ctw,30,linear,512.0,5.0,1007.0,0.9859122240149477,0.12089984408591432,4.592658133725235,4.592658133725235
ebcicy,vq_ctw,30,linear,1024.0,5.0,1007.0,0.9916284953350614,0.07816420909604863,4.7960355440402305,4.7960355440402305
ebdafy,direct_ctw,30,linear,,5.0,1007.0,0.827321895368441,1.493919569463385,1.6263229013408802,1.796323242088389
ebdafy,direct_ctw,30,nearest,,5.0,34.0,0.8430174110974309,1.0328359371167608,1.6838522704942378,1.860373420904957
ebdafy,markov_order_1,30,linear,,5.0,1007.0,0.7256284988538971,2.1666689483320205,1.6263229013408802,1.796323242088389
ebdafy,markov_order_1,30,nearest,,5.0,34.0,0.6121315680209167,1.9660355388186321,1.6838522704942378,1.860373420904957
ebdafy,markov_order_2,30,linear,,5.0,1007.0,0.6808142874211648,2.4379327577984684,1.6263229013408802,1.796323242088389
ebdafy,markov_order_2,30,nearest,,5.0,34.0,0.6084927281479043,1.97779697500299,1.6838522704942378,1.860373420904957
ebdafy,vq_ctw,30,linear,256.0,5.0,1007.0,0.9999999999980905,0.061806062452108186,6.124040684214174,6.124040684214174
ebdafy,vq_ctw,30,linear,512.0,5.0,1007.0,0.9563154294146412,0.3281763617340064,4.952397392332667,4.952397392332667
ebdafy,vq_ctw,30,linear,1024.0,5.0,1007.0,0.9819870122000248,0.14814676226314175,5.7406881541774135,5.7406881541774135
ebdafy,vq_ctw,30,nearest,256.0,5.0,34.0,0.8398358061670048,1.0843399516502936,4.333190735280237,4.333190735280237
ebdafy,vq_ctw,30,nearest,512.0,5.0,34.0,0.8727033574243073,0.9073441844188367,4.7822842445501506,4.7822842445501506
ebdafy,vq_ctw,30,nearest,1024.0,5.0,34.0,0.8743663671477195,0.9957324941074265,4.717887768063836,4.717887768063836
ebenfr,direct_ctw,30,linear,,5.0,1007.0,0.8381096162477265,1.4757739759716506,1.643683357462406,1.7958466079928281
ebenfr,direct_ctw,30,nearest,,5.0,73.0,0.842693412356822,1.0018624411324681,1.5635437534527077,1.7326122742418424
ebenfr,markov_order_1,30,linear,,5.0,1007.0,0.731797833780993,2.22545809660908,1.643683357462406,1.7958466079928281
ebenfr,markov_order_1,30,nearest,,5.0,73.0,0.6903702356272289,1.6420109461755577,1.5635437534527077,1.7326122742418424
ebenfr,markov_order_2,30,linear,,5.0,1007.0,0.6906333261282095,2.491843540990293,1.643683357462406,1.7958466079928281
ebenfr,markov_order_2,30,nearest,,5.0,73.0,0.6725142440382029,1.7053555261015136,1.5635437534527077,1.7326122742418424
ebenfr,vq_ctw,30,linear,256.0,5.0,1007.0,0.960194854501413,0.30448773717024774,5.252639163923073,5.252639163923073
ebenfr,vq_ctw,30,linear,512.0,5.0,1007.0,0.9682897815646085,0.29191915166189175,5.605960252859098,5.605960252859098
ebenfr,vq_ctw,30,linear,1024.0,5.0,1007.0,0.9675953307005072,0.28155269791089593,5.3005147823411525,5.3005147823411525
ebenfr,vq_ctw,30,nearest,256.0,5.0,73.0,0.8857832977736677,0.8373121327509861,4.97683779613743,4.97683779613743
ebenfr,vq_ctw,30,nearest,512.0,5.0,73.0,0.8580322643297849,0.9845085546817319,4.911490697479919,4.911490697479919
ebenfr,vq_ctw,30,nearest,1024.0,5.0,73.0,0.8602458754964208,0.9970454581505619,4.8315898462206865,4.8315898462206865
ebrulr,direct_ctw,30,linear,,5.0,1007.0,0.8412844643746662,1.2185451057922851,1.7746478670648178,1.9169920558940292
ebrulr,direct_ctw,30,nearest,,5.0,186.0,0.8143868724319815,1.081242439892335,1.838701294166796,1.984321423227218
ebrulr,markov_order_1,30,linear,,5.0,1007.0,0.7869732498069142,1.5355212150925284,1.7746478670648178,1.9169920558940292
ebrulr,markov_order_1,30,nearest,,5.0,186.0,0.6132736881614915,1.8083230621016844,1.838701294166796,1.984321423227218
ebrulr,markov_order_2,30,linear,,5.0,1007.0,0.7772314999887298,1.589531985045621,1.7746478670648178,1.9169920558940292
ebrulr,markov_order_2,30,nearest,,5.0,186.0,0.6293828360253725,1.7512309255877088,1.838701294166796,1.984321423227218
ebrulr,vq_ctw,30,linear,256.0,5.0,1007.0,0.9990591045779207,0.011757141360165244,3.2636024837547803,3.2636024837547803
ebrulr,vq_ctw,30,linear,512.0,5.0,1007.0,0.9957616353775937,0.04374801800005253,3.2720578957768782,3.2720578957768782
ebrulr,vq_ctw,30,linear,1024.0,5.0,1007.0,0.9999999999980905,0.012358219146317434,3.314800286980199,3.314800286980199
ebrulr,vq_ctw,30,nearest,256.0,5.0,186.0,0.8764972052590714,0.8830664788166904,4.435927169902224,4.435927169902224
ebrulr,vq_ctw,30,nearest,512.0,5.0,186.0,0.8876953990968899,0.8104316891410686,4.513408475614557,4.513408475614557
ebrulr,vq_ctw,30,nearest,1024.0,5.0,186.0,0.8609295571664758,1.0145028604911264,4.662679629436076,4.662679629436076
ebstic,direct_ctw,30,linear,,5.0,1007.0,0.8971529975234505,0.846658600591125,1.679488817824421,1.8300556306175497
ebstic,markov_order_1,30,linear,,5.0,1007.0,0.8527768994674481,1.1306365566366012,1.679488817824421,1.8300556306175497
ebstic,markov_order_2,30,linear,,5.0,1007.0,0.8554106756048154,1.1144800924069906,1.679488817824421,1.8300556306175497
ebstic,vq_ctw,30,linear,256.0,5.0,1007.0,0.9999999999980905,0.05854607440792208,3.9923610313608537,3.9923610313608537
ebstic,vq_ctw,30,linear,512.0,5.0,1007.0,0.9933013979452109,0.0647069982407104,4.174601588969672,4.174601588969672
ebstic,vq_ctw,30,linear,1024.0,5.0,1007.0,0.9960634985463086,0.04105267931798343,4.251356742784018,4.251356742784018
eccest,direct_ctw,30,linear,,5.0,1007.0,0.8181394834530696,1.506787603998868,1.6484897823917142,1.8169225209211717
eccest,direct_ctw,30,nearest,,5.0,68.0,0.8285886190640194,1.0589266085817466,1.8741470044097208,2.0205320081781712
eccest,markov_order_1,30,linear,,5.0,1007.0,0.7281500025414955,2.0738370645797164,1.6484897823917142,1.8169225209211717
eccest,markov_order_1,30,nearest,,5.0,68.0,0.5759134213780999,1.9679284533514618,1.8741470044097208,2.0205320081781712
eccest,markov_order_2,30,linear,,5.0,1007.0,0.6967546646770345,2.256970930733645,1.6484897823917142,1.8169225209211717
eccest,markov_order_2,30,nearest,,5.0,68.0,0.659797231019292,1.7136239114665877,1.8741470044097208,2.0205320081781712
eccest,vq_ctw,30,linear,256.0,5.0,1007.0,0.9810645472597954,0.16543294826677557,4.9406797455487705,4.9406797455487705
eccest,vq_ctw,30,linear,512.0,5.0,1007.0,0.9780254930946729,0.20919102715910456,4.934328913941522,4.934328913941522
eccest,vq_ctw,30,linear,1024.0,5.0,1007.0,0.9785313104211562,0.19254663729478746,4.7285450962413496,4.7285450962413496
eccest,vq_ctw,30,nearest,256.0,5.0,68.0,0.8427353811902262,1.028105035783798,4.55584919453441,4.55584919453441
eccest,vq_ctw,30,nearest,512.0,5.0,68.0,0.8978716173502603,0.7191821253529044,4.617627243391353,4.617627243391353
eccest,vq_ctw,30,nearest,1024.0,5.0,68.0,0.8630210976879494,0.9999208861872395,4.5160882087682905,4.5160882087682905
ecdiwo,direct_ctw,30,linear,,5.0,1007.0,0.8250582492903824,1.4372852117339951,1.612741369122951,1.7815171605562259
ecdiwo,direct_ctw,30,nearest,,5.0,100.0,0.8181314723088329,1.1626129986034952,1.6411635698237683,1.8498082613139792
ecdiwo,markov_order_1,30,linear,,5.0,1007.0,0.736102195601671,1.9916943583873525,1.612741369122951,1.7815171605562259
ecdiwo,markov_order_1,30,nearest,,5.0,100.0,0.5384496169268782,2.210894244881219,1.6411635698237683,1.8498082613139792
ecdiwo,markov_order_2,30,linear,,5.0,1007.0,0.7094243408642246,2.1457642331019664,1.612741369122951,1.7815171605562259
ecdiwo,markov_order_2,30,nearest,,5.0,100.0,0.5851354604794804,2.0711747175424624,1.6411635698237683,1.8498082613139792
ecdiwo,vq_ctw,30,linear,256.0,5.0,1007.0,0.9858039542149816,0.12167108602110722,4.908293043558447,4.908293043558447
ecdiwo,vq_ctw,30,linear,512.0,5.0,1007.0,0.9821400750069549,0.15755717040460607,5.0168480733640965,5.0168480733640965
ecdiwo,vq_ctw,30,linear,1024.0,5.0,1007.0,0.9869640065871219,0.12637882108115794,4.921847903464676,4.921847903464676
ecdiwo,vq_ctw,30,nearest,256.0,5.0,100.0,0.8515229712116953,1.0896682046198742,4.370717965661868,4.370717965661868
ecdiwo,vq_ctw,30,nearest,512.0,5.0,100.0,0.8546881710090566,1.085242949973099,4.1961415686256,4.1961415686256
ecdiwo,vq_ctw,30,nearest,1024.0,5.0,100.0,0.8647528239460351,1.077980796872338,4.590867237166197,4.590867237166197
ecfesy,direct_ctw,30,linear,,5.0,1007.0,0.8277426872803328,1.4725277104298709,1.6049024087034567,1.7754273661339435
ecfesy,direct_ctw,30,nearest,,5.0,185.0,0.8470840796357241,0.9776227671122901,1.5482786606484678,1.736222664759166
ecfesy,markov_order_1,30,linear,,5.0,1007.0,0.7411997925368902,2.041405240937279,1.6049024087034567,1.7754273661339435
ecfesy,markov_order_1,30,nearest,,5.0,185.0,0.6912980720214496,1.6258714946661674,1.5482786606484678,1.736222664759166
ecfesy,markov_order_2,30,linear,,5.0,1007.0,0.7034501919984474,2.2709469268731595,1.6049024087034567,1.7754273661339435
ecfesy,markov_order_2,30,nearest,,5.0,185.0,0.6947786754350422,1.617896771890724,1.5482786606484678,1.736222664759166
ecfesy,vq_ctw,30,linear,256.0,5.0,1007.0,0.9887842730085369,0.09996473430249589,4.724111000069966,4.724111000069966
ecfesy,vq_ctw,30,linear,512.0,5.0,1007.0,0.9845939432115614,0.13922215417204836,4.7641862980167495,4.7641862980167495
ecfesy,vq_ctw,30,linear,1024.0,5.0,1007.0,0.9888919868380298,0.09916021012010236,4.784181145167318,4.784181145167318
ecfesy,vq_ctw,30,nearest,256.0,5.0,185.0,0.8648901405438053,0.9730348623238491,4.545293110106348,4.545293110106348
ecfesy,vq_ctw,30,nearest,512.0,5.0,185.0,0.8692557544798784,0.9669938255704614,4.254009590161851,4.254009590161851
ecfesy,vq_ctw,30,nearest,1024.0,5.0,185.0,0.8739410667458772,0.9875383997899689,4.49944740542598,4.49944740542598
ecforj,direct_ctw,30,linear,,5.0,1006.0,0.8249125023715219,1.4822926921391748,1.720198316332717,1.8694544454196687
ecforj,direct_ctw,30,nearest,,5.0,239.0,0.8247222227529143,1.0932784630134096,1.7253713547485665,1.8758096649616767
ecforj,markov_order_1,30,linear,,5.0,1006.0,0.7334533281968894,2.074269976275356,1.720198316332717,1.8694544454196687
ecforj,markov_order_1,30,nearest,,5.0,239.0,0.5848639467322698,2.0103718068225582,1.7253713547485665,1.8758096649616767
ecforj,markov_order_2,30,linear,,5.0,1006.0,0.7034541030875995,2.2541440559744097,1.720198316332717,1.8694544454196687
ecforj,markov_order_2,30,nearest,,5.0,239.0,0.6131698717704316,1.9242263025363595,1.7253713547485665,1.8758096649616767
ecforj,vq_ctw,30,linear,256.0,5.0,1006.0,0.9952500862699807,0.05102408974606051,4.3349696273355685,4.3349696273355685
ecforj,vq_ctw,30,linear,512.0,5.0,1006.0,0.9914174034774254,0.09342859073635892,4.47025067800996,4.47025067800996
ecforj,vq_ctw,30,linear,1024.0,5.0,1006.0,0.9963294866019247,0.04232045598457724,4.449598019906666,4.449598019906666
ecforj,vq_ctw,30,nearest,256.0,5.0,239.0,0.8672868422378414,0.9770710470811123,4.774727716952614,4.774727716952614
ecforj,vq_ctw,30,nearest,512.0,5.0,239.0,0.8660977686420224,0.9857104486049869,4.380120012900486,4.380120012900486
ecforj,vq_ctw,30,nearest,1024.0,5.0,239.0,0.8683788524712832,0.9943789197435601,4.490834312209621,4.490834312209621
ecgojt,direct_ctw,30,linear,,5.0,1007.0,0.823844882717174,1.457144922347844,1.5827528164240552,1.7414068466689672
ecgojt,direct_ctw,30,nearest,,5.0,177.0,0.8379601394352295,1.0714992660103273,1.5951925314187438,1.7763399558127084
ecgojt,markov_order_1,30,linear,,5.0,1007.0,0.7392724369705992,1.9905390299754129,1.5827528164240552,1.7414068466689672
ecgojt,markov_order_1,30,nearest,,5.0,177.0,0.6214276146572706,1.9705250821586513,1.5951925314187438,1.7763399558127084
ecgojt,markov_order_2,30,linear,,5.0,1007.0,0.7088491409954628,2.168570596906604,1.5827528164240552,1.7414068466689672
ecgojt,markov_order_2,30,nearest,,5.0,177.0,0.6272275288564392,1.9502536642599935,1.5951925314187438,1.7763399558127084
ecgojt,vq_ctw,30,linear,256.0,5.0,1007.0,0.9999999999980905,0.07269691780229459,5.164997887550948,5.164997887550948
ecgojt,vq_ctw,30,linear,512.0,5.0,1007.0,0.9850203368686684,0.12721757763165312,5.2658311594102205,5.2658311594102205
ecgojt,vq_ctw,30,linear,1024.0,5.0,1007.0,0.9868480289432495,0.12187544505631852,5.064253420998713,5.064253420998713
ecgojt,vq_ctw,30,nearest,256.0,5.0,177.0,0.855905006107515,1.0640648460135678,4.773241479778419,4.773241479778419
ecgojt,vq_ctw,30,nearest,512.0,5.0,177.0,0.8542302397808005,1.1008921365602848,4.413920307467025,4.413920307467025
ecgojt,vq_ctw,30,nearest,1024.0,5.0,177.0,0.8603930654661957,1.0987035207936051,4.564658300699458,4.564658300699458
ecjeod,direct_ctw,30,linear,,5.0,1007.0,0.8414452576537307,1.3578083493982227,1.5821059052042248,1.75088252412855
ecjeod,direct_ctw,30,nearest,,5.0,118.0,0.8608709053598799,0.890589619432683,1.44785735357845,1.644506065286505
ecjeod,markov_order_1,30,linear,,5.0,1007.0,0.7584634833032684,1.905022001464,1.5821059052042248,1.75088252412855
ecjeod,markov_order_1,30,nearest,,5.0,118.0,0.7368545344605708,1.4134320468812025,1.44785735357845,1.644506065286505
ecjeod,markov_order_2,30,linear,,5.0,1007.0,0.7349683656352529,2.0494047551765044,1.5821059052042248,1.75088252412855
ecjeod,markov_order_2,30,nearest,,5.0,118.0,0.7155317301291338,1.4918469690964753,1.44785735357845,1.644506065286505
ecjeod,vq_ctw,30,linear,256.0,5.0,1007.0,0.9897004461080752,0.09307206491515675,4.694957205584476,4.694957205584476
ecjeod,vq_ctw,30,linear,512.0,5.0,1007.0,0.9820705294541221,0.14758118298102896,4.699439895766252,4.699439895766252
ecjeod,vq_ctw,30,linear,1024.0,5.0,1007.0,0.9840463869904266,0.13402787034830924,4.617896850108817,4.617896850108817
ecjeod,vq_ctw,30,nearest,256.0,5.0,118.0,0.8751694678461521,0.9082735246650532,4.571443357002306,4.571443357002306
ecjeod,vq_ctw,30,nearest,512.0,5.0,118.0,0.8592438578003565,1.0182779217696176,4.699969139478803,4.699969139478803
ecjeod,vq_ctw,30,nearest,1024.0,5.0,118.0,0.8785658142584998,0.99855480145961,4.514266615225264,4.514266615225264
eckeck,direct_ctw,30,linear,,5.0,853.0,0.8607293375527723,1.1125783929231148,1.606578923465898,1.7574761056420172
eckeck,direct_ctw,30,nearest,,5.0,132.0,0.8341542183925068,0.9983471476808569,1.487139600265269,1.6661433073283238
eckeck,markov_order_1,30,linear,,5.0,853.0,0.8014965629548324,1.474697890514754,1.606578923465898,1.7574761056420172
eckeck,markov_order_1,30,nearest,,5.0,132.0,0.6706606382990166,1.6114093687398798,1.487139600265269,1.6661433073283238
eckeck,markov_order_2,30,linear,,5.0,853.0,0.7924341816100031,1.5270807944073748,1.606578923465898,1.7574761056420172
eckeck,markov_order_2,30,nearest,,5.0,132.0,0.6736319481813277,1.6069276777404404,1.487139600265269,1.6661433073283238
eckeck,vq_ctw,30,linear,256.0,5.0,853.0,0.9999999999980905,0.024024837942409838,3.86313814027357,3.86313814027357
eckeck,vq_ctw,30,linear,512.0,5.0,853.0,0.9964576706105693,0.037482176030167284,3.9799001285707747,3.9799001285707747
eckeck,vq_ctw,30,linear,1024.0,5.0,853.0,1.0,0.0,4.005305906214305,4.005305906214305
eckeck,vq_ctw,30,nearest,256.0,5.0,132.0,0.872773994031017,0.8752826174891245,4.269829963029658,4.269829963029658
eckeck,vq_ctw,30,nearest,512.0,5.0,132.0,0.8872923358484842,0.7968398396020611,4.189120465140012,4.189120465140012
eckeck,vq_ctw,30,nearest,1024.0,5.0,132.0,0.863288529399959,0.9639800380709169,4.276062757314591,4.276062757314591
ecnopl,direct_ctw,30,linear,,5.0,1006.0,0.8488034317845021,1.3060572298612776,1.5982893081376113,1.7681005552690527
ecnopl,markov_order_1,30,linear,,5.0,1006.0,0.7853957843029751,1.7341441252438525,1.5982893081376113,1.7681005552690527
ecnopl,markov_order_2,30,linear,,5.0,1006.0,0.7555287188728818,1.923288787460317,1.5982893081376113,1.7681005552690527
ecnopl,vq_ctw,30,linear,256.0,5.0,1006.0,0.9999999999980905,0.04564801627038694,3.8652883548061086,3.8652883548061086
ecnopl,vq_ctw,30,linear,512.0,5.0,1006.0,0.9886925308809853,0.10064877363858747,3.8722965900741957,3.8722965900741957
ecnopl,vq_ctw,30,linear,1024.0,5.0,1006.0,0.9925241674781472,0.07539976224526045,3.907968143260083,3.907968143260083
eddreb,direct_ctw,30,linear,,5.0,1006.0,0.8643307862213977,1.1591361034593348,1.7360677271027634,1.8945751304139657
eddreb,markov_order_1,30,linear,,5.0,1006.0,0.8069884114950809,1.5419113365586987,1.7360677271027634,1.8945751304139657
eddreb,markov_order_2,30,linear,,5.0,1006.0,0.785637074265989,1.6762011133570018,1.7360677271027634,1.8945751304139657
eddreb,vq_ctw,30,linear,256.0,5.0,1006.0,0.9837669337275076,0.14546133536420755,3.9546301317217543,3.9546301317217543
eddreb,vq_ctw,30,linear,512.0,5.0,1006.0,0.9875006270585145,0.12193939904591054,4.228698691266284,4.228698691266284
eddreb,vq_ctw,30,linear,1024.0,5.0,1006.0,0.9870283266345077,0.12584843570288504,4.385182248311508,4.385182248311508
edeejd,direct_ctw,30,linear,,5.0,1007.0,0.8502977595773971,1.27668156376315,1.467981845294845,1.642527640623308
edeejd,direct_ctw,30,nearest,,5.0,155.0,0.8530847552625326,0.9108473084756239,1.4316891093597133,1.5899219730116405
edeejd,markov_order_1,30,linear,,5.0,1007.0,0.7823502226668817,1.7264470854924658,1.467981845294845,1.642527640623308
edeejd,markov_order_1,30,nearest,,5.0,155.0,0.7194882538886257,1.4343421416229571,1.4316891093597133,1.5899219730116405
edeejd,markov_order_2,30,linear,,5.0,1007.0,0.7533201031614616,1.906025483157095,1.467981845294845,1.642527640623308
edeejd,markov_order_2,30,nearest,,5.0,155.0,0.715545932686787,1.459841385807767,1.4316891093597133,1.5899219730116405
edeejd,vq_ctw,30,linear,256.0,5.0,1007.0,0.9999999999980905,0.08317166055735098,4.642393526572619,4.642393526572619
edeejd,vq_ctw,30,linear,512.0,5.0,1007.0,0.9869412205579731,0.12114672106133799,4.733785674426864,4.733785674426864
edeejd,vq_ctw,30,linear,1024.0,5.0,1007.0,0.989508074707304,0.10502078181718517,4.660233349094386,4.660233349094386
edeejd,vq_ctw,30,nearest,256.0,5.0,155.0,0.8614559669344548,0.995479547306788,4.570802961465157,4.570802961465157
edeejd,vq_ctw,30,nearest,512.0,5.0,155.0,0.8802542240792537,0.8924110007883032,4.327458658037889,4.327458658037889
edeejd,vq_ctw,30,nearest,1024.0,5.0,155.0,0.8713896499128133,0.9993540312262897,4.553811946385359,4.553811946385359
edglev,direct_ctw,30,linear,,5.0,1007.0,0.834093259210263,1.3987443462715785,1.6539608571217872,1.8189923678383422
edglev,direct_ctw,30,nearest,,5.0,172.0,0.808193749075797,1.150586414650531,1.6442964591853408,1.8354653715672193
edglev,markov_order_1,30,linear,,5.0,1007.0,0.7603463751142294,1.8785518152110054,1.6539608571217872,1.8189923678383422
edglev,markov_order_1,30,nearest,,5.0,172.0,0.6217168556604412,1.8149986615648006,1.6442964591853408,1.8354653715672193
edglev,markov_order_2,30,linear,,5.0,1007.0,0.7294714955492012,2.0659744357408476,1.6539608571217872,1.8189923678383422
edglev,markov_order_2,30,nearest,,5.0,172.0,0.658069916432651,1.7207959572219933,1.6442964591853408,1.8354653715672193
edglev,vq_ctw,30,linear,256.0,5.0,1007.0,0.9898612331298161,0.09778123958406218,4.442261109495314,4.442261109495314
edglev,vq_ctw,30,linear,512.0,5.0,1007.0,0.9843888089807795,0.15228058927023216,4.697845803830873,4.697845803830873
edglev,vq_ctw,30,linear,1024.0,5.0,1007.0,0.9880399950188137,0.1174433179136511,4.511851189060795,4.511851189060795
edglev,vq_ctw,30,nearest,256.0,5.0,172.0,0.8491594466725069,1.1143101925948897,5.649136523443788,5.649136523443788
edglev,vq_ctw,30,nearest,512.0,5.0,172.0,0.8792990448338659,0.9221944052552487,5.5589393242744025,5.5589393242744025
edglev,vq_ctw,30,nearest,1024.0,5.0,172.0,0.8555531564997747,1.1159343435037292,5.618636721872378,5.618636721872378
edgrat,direct_ctw,30,linear,,5.0,1007.0,0.8451413050054188,1.3817414734639573,1.6060437130057343,1.7925337570362465
edgrat,direct_ctw,30,nearest,,5.0,206.0,0.8180297376578518,1.1295459116817315,1.6339100706837208,1.8142138685023033
edgrat,markov_order_1,30,linear,,5.0,1007.0,0.7690417960688214,1.9129645709466818,1.6060437130057343,1.7925337570362465
edgrat,markov_order_1,30,nearest,,5.0,206.0,0.6288203606820231,1.867860593599012,1.6339100706837208,1.8142138685023033
edgrat,markov_order_2,30,linear,,5.0,1007.0,0.7311325541809235,2.159137935144167,1.6060437130057343,1.7925337570362465
edgrat,markov_order_2,30,nearest,,5.0,206.0,0.6155527153709012,1.9155983109015493,1.6339100706837208,1.8142138685023033
edgrat,vq_ctw,30,linear,256.0,5.0,1007.0,0.9881664087869708,0.11147308907670257,4.3833448661294705,4.3833448661294705
edgrat,vq_ctw,30,linear,512.0,5.0,1007.0,0.980080969077739,0.1808237448070501,4.328913971364464,4.328913971364464
edgrat,vq_ctw,30,linear,1024.0,5.0,1007.0,0.9865196355375975,0.13437027528191164,4.54025163684154,4.54025163684154
edgrat,vq_ctw,30,nearest,256.0,5.0,206.0,0.8573087974454507,1.033031148876901,4.4511911863581,4.4511911863581
edgrat,vq_ctw,30,nearest,512.0,5.0,206.0,0.8583011455577809,1.0347128613367953,4.6457252220914445,4.6457252220914445
edgrat,vq_ctw,30,nearest,1024.0,5.0,206.0,0.8718440162001463,1.0182601299606462,4.356209253321833,4.356209253321833
edjiye,direct_ctw,30,linear,,5.0,1007.0,0.8038903100526402,1.6247841041983915,1.6645017459216354,1.8247211581578953
edjiye,direct_ctw,30,nearest,,5.0,210.0,0.8380982591052862,1.053145933040524,1.5671040433341665,1.7571035649632416
edjiye,markov_order_1,30,linear,,5.0,1007.0,0.7069076726325374,2.2337609975868524,1.6645017459216354,1.8247211581578953
edjiye,markov_order_1,30,nearest,,5.0,210.0,0.6334140778292029,1.886003715918323,1.5671040433341665,1.7571035649632416
edjiye,markov_order_2,30,linear,,5.0,1007.0,0.6645193718719731,2.4783519690664164,1.6645017459216354,1.8247211581578953
edjiye,markov_order_2,30,nearest,,5.0,210.0,0.6240089598637355,1.9286150332707157,1.5671040433341665,1.7571035649632416
edjiye,vq_ctw,30,linear,256.0,5.0,1007.0,0.9999999999980905,0.10912985256173208,5.025214751480023,5.025214751480023
edjiye,vq_ctw,30,linear,512.0,5.0,1007.0,0.9849823721733023,0.12748474344021354,5.109723595442776,5.109723595442776
edjiye,vq_ctw,30,linear,1024.0,5.0,1007.0,0.9837750511932756,0.14540040051095632,5.068693646118877,5.068693646118877
edjiye,vq_ctw,30,nearest,256.0,5.0,210.0,0.8534403200008923,1.070022369269378,4.54345892904616,4.54345892904616
edjiye,vq_ctw,30,nearest,512.0,5.0,210.0,0.8621619672661089,1.0101313921790125,4.6192288237558925,4.6192288237558925
edjiye,vq_ctw,30,nearest,1024.0,5.0,210.0,0.8721475148013101,1.0181499192296828,4.799824338733088,4.799824338733088
edlyxy,direct_ctw,30,linear,,5.0,1007.0,0.8470952214258766,1.2989304320387793,1.6357413811037658,1.8021951570602293
edlyxy,direct_ctw,30,nearest,,5.0,122.0,0.8512672259215757,0.9893972302881535,1.5014112549361271,1.6982467043813119
edlyxy,markov_order_1,30,linear,,5.0,1007.0,0.7782393179653702,1.7522960473894358,1.6357413811037658,1.8021951570602293
edlyxy,markov_order_1,30,nearest,,5.0,122.0,0.667876610931887,1.7691122513686912,1.5014112549361271,1.6982467043813119
edlyxy,markov_order_2,30,linear,,5.0,1007.0,0.7529420506320492,1.9083197278788966,1.6357413811037658,1.8021951570602293
edlyxy,markov_order_2,30,nearest,,5.0,122.0,0.6639266525259299,1.788162433419491,1.5014112549361271,1.6982467043813119
edlyxy,vq_ctw,30,linear,256.0,5.0,1007.0,0.9895864140989246,0.10002779064782187,4.2670749393844085,4.2670749393844085
edlyxy,vq_ctw,30,linear,512.0,5.0,1007.0,0.9891018189218125,0.11199517820129143,4.422310238233998,4.422310238233998
edlyxy,vq_ctw,30,linear,1024.0,5.0,1007.0,0.9891943287356518,0.1076994735039308,4.211885200541346,4.211885200541346
edlyxy,vq_ctw,30,nearest,256.0,5.0,122.0,0.8740453257918851,0.9451134363678065,5.044099667984574,5.044099667984574
edlyxy,vq_ctw,30,nearest,512.0,5.0,122.0,0.8673835347187381,0.9908612061384211,5.358127116077671,5.358127116077671
edlyxy,vq_ctw,30,nearest,1024.0,5.0,122.0,0.874170398460783,0.9800895921925765,5.235840335510673,5.235840335510673
edmugr,direct_ctw,30,linear,,5.0,1001.0,0.836226271697579,1.508871584160223,1.6502202525656844,1.813049586372731
edmugr,direct_ctw,30,nearest,,5.0,148.0,0.8394762785975384,1.0413429701037256,1.6869420598032212,1.8588632117628021
edmugr,markov_order_1,30,linear,,5.0,1001.0,0.7486178679095732,2.1421170904359106,1.6502202525656844,1.813049586372731
edmugr,markov_order_1,30,nearest,,5.0,148.0,0.6748616418888602,1.7286829582016363,1.6869420598032212,1.8588632117628021
edmugr,markov_order_2,30,linear,,5.0,1001.0,0.7012095016248691,2.4590353477295146,1.6502202525656844,1.813049586372731
edmugr,markov_order_2,30,nearest,,5.0,148.0,0.6563937686061241,1.7933129185718644,1.6869420598032212,1.8588632117628021
edmugr,vq_ctw,30,linear,256.0,5.0,1001.0,0.9894085475815917,0.10147613416570919,4.34555516366134,4.34555516366134
edmugr,vq_ctw,30,linear,512.0,5.0,1001.0,0.9870648199420693,0.1331138986532175,4.597666951882507,4.597666951882507
edmugr,vq_ctw,30,linear,1024.0,5.0,1001.0,0.9886181877799805,0.12177326124258511,4.531408504476184,4.531408504476184
edmugr,vq_ctw,30,nearest,256.0,5.0,148.0,0.8694043978915487,0.9654449292924664,4.609494340219773,4.609494340219773
edmugr,vq_ctw,30,nearest,512.0,5.0,148.0,0.8752976764559027,0.9552987589061775,4.355927889914999,4.355927889914999
edmugr,vq_ctw,30,nearest,1024.0,5.0,148.0,0.8670847900641027,1.049043109353002,4.449487840568297,4.449487840568297
ednill,direct_ctw,30,linear,,5.0,1007.0,0.8220315320643675,1.5311701719656012,1.654171122427107,1.8200695822397461
ednill,direct_ctw,30,nearest,,5.0,111.0,0.8278214352703305,1.032679585614726,1.6153606417617477,1.8106456852777315
ednill,markov_order_1,30,linear,,5.0,1007.0,0.7339296985587549,2.114863448408286,1.654171122427107,1.8200695822397461
ednill,markov_order_1,30,nearest,,5.0,111.0,0.6453622228191431,1.7125689065728396,1.6153606417617477,1.8106456852777315
ednill,markov_order_2,30,linear,,5.0,1007.0,0.6914900675179332,2.374562679703407,1.654171122427107,1.8200695822397461
ednill,markov_order_2,30,nearest,,5.0,111.0,0.658675368018089,1.6741075326880832,1.6153606417617477,1.8106456852777315
ednill,vq_ctw,30,linear,256.0,5.0,1007.0,0.9925961385878661,0.07477759310367042,4.420451713627075,4.420451713627075
ednill,vq_ctw,30,linear,512.0,5.0,1007.0,0.9862277524797999,0.140473746301,4.2848223796963,4.2848223796963
ednill,vq_ctw,30,linear,1024.0,5.0,1007.0,0.9912836701250123,0.09239641565741608,4.3280695075047895,4.3280695075047895
ednill,vq_ctw,30,nearest,256.0,5.0,111.0,0.8861942775162217,0.8614551818934743,4.414867912840479,4.414867912840479
ednill,vq_ctw,30,nearest,512.0,5.0,111.0,0.8787559828876498,0.8819524580146114,4.284210055122734,4.284210055122734
ednill,vq_ctw,30,nearest,1024.0,5.0,111.0,0.8701150865398857,0.9695229822326876,4.506027892568476,4.506027892568476
edodbl,direct_ctw,30,linear,,5.0,1007.0,0.8253505663881556,1.3965060295863547,1.6022272705631837,1.7590523386286663
edodbl,direct_ctw,30,nearest,,5.0,42.0,0.8305160699522032,0.9954907267326499,1.5631578077595822,1.7521034199696448
edodbl,markov_order_1,30,linear,,5.0,1007.0,0.7521085790062403,1.8416076026517847,1.6022272705631837,1.7590523386286663
edodbl,markov_order_1,30,nearest,,5.0,42.0,0.7000533472160533,1.4811189838001404,1.5631578077595822,1.7521034199696448
edodbl,markov_order_2,30,linear,,5.0,1007.0,0.7278369124392147,1.9794510986594003,1.6022272705631837,1.7590523386286663
edodbl,markov_order_2,30,nearest,,5.0,42.0,0.6889555272642469,1.5164643913784839,1.5631578077595822,1.7521034199696448
edodbl,vq_ctw,30,linear,256.0,5.0,1007.0,0.9867241355231542,0.12284275219877751,4.413908727887505,4.413908727887505
edodbl,vq_ctw,30,linear,512.0,5.0,1007.0,0.9902029674694149,0.10219257525360277,4.857593412173541,4.857593412173541
edodbl,vq_ctw,30,linear,1024.0,5.0,1007.0,0.9887690921886362,0.1113089073604143,4.613233180041931,4.613233180041931
edodbl,vq_ctw,30,nearest,256.0,5.0,42.0,0.8575813736526593,0.9903577277498614,3.750551898398374,3.750551898398374
edodbl,vq_ctw,30,nearest,512.0,5.0,42.0,0.8892454670559745,0.8701062654569385,3.99916577580744,3.99916577580744
edodbl,vq_ctw,30,nearest,1024.0,5.0,42.0,0.8781356108367332,0.9856481817017771,4.052506405956517,4.052506405956517
edombo,direct_ctw,30,linear,,5.0,123.0,0.8608746901729377,1.1384447243563656,1.8069951029353473,1.961931613043852
edombo,markov_order_1,30,linear,,5.0,123.0,0.693752671766173,2.113783358814401,1.8069951029353473,1.961931613043852
edombo,markov_order_2,30,linear,,5.0,123.0,0.6465586245173451,2.3508695023695236,1.8069951029353473,1.961931613043852
edombo,vq_ctw,30,linear,256.0,5.0,123.0,0.9539281067254722,0.3155421595583858,5.0340115568129145,5.0340115568129145
edombo,vq_ctw,30,linear,512.0,5.0,123.0,0.9637523841511031,0.3089791836301368,5.272747983712445,5.272747983712445
edombo,vq_ctw,30,linear,1024.0,5.0,123.0,0.9639463126941151,0.29600361614915943,4.9801155413874385,4.9801155413874385
edrafs,direct_ctw,30,linear,,5.0,143.0,0.8326688816589635,1.2304335016946226,1.6702985489303253,1.8323047926139568
edrafs,direct_ctw,30,nearest,,5.0,40.0,0.8226583547941942,1.1326483889285355,1.677720551766427,1.8114652074981514
edrafs,markov_order_1,30,linear,,5.0,143.0,0.6539682142317009,2.127547387291443,1.6702985489303253,1.8323047926139568
edrafs,markov_order_1,30,nearest,,5.0,40.0,0.5826701157491864,2.0589714962137458,1.677720551766427,1.8114652074981514
edrafs,markov_order_2,30,linear,,5.0,143.0,0.6224689668158413,2.2623223817546605,1.6702985489303253,1.8323047926139568
edrafs,markov_order_2,30,nearest,,5.0,40.0,0.5574485057730941,2.134435211818354,1.677720551766427,1.8114652074981514
edrafs,vq_ctw,30,linear,256.0,5.0,143.0,0.9999999999980905,0.10670509817367936,5.19605588255353,5.19605588255353
edrafs,vq_ctw,30,linear,512.0,5.0,143.0,0.9827444517567877,0.153090084313756,5.281002129149627,5.281002129149627
edrafs,vq_ctw,30,linear,1024.0,5.0,143.0,0.9819175107394952,0.14861699272059095,4.935092737569101,4.935092737569101
edrafs,vq_ctw,30,nearest,256.0,5.0,40.0,0.8623023355023209,1.0355990376735664,4.501549791651129,4.501549791651129
edrafs,vq_ctw,30,nearest,512.0,5.0,40.0,0.8484023145567644,1.0943774067045877,4.182576224059472,4.182576224059472
edrafs,vq_ctw,30,nearest,1024.0,5.0,40.0,0.8791632307976818,0.9497878993119799,4.521385504875415,4.521385504875415
eedigk,direct_ctw,30,linear,,5.0,1007.0,0.8150933948921257,1.430320452850896,1.5352137165472244,1.7026069725817903
eedigk,direct_ctw,30,nearest,,5.0,260.0,0.8149619197265143,1.1242456188164471,1.5686834454235095,1.7418730285328292
eedigk,markov_order_1,30,linear,,5.0,1007.0,0.7454457757698586,1.8366338212844933,1.5352137165472244,1.7026069725817903
eedigk,markov_order_1,30,nearest,,5.0,260.0,0.6332122862896045,1.8158289087573039,1.5686834454235095,1.7418730285328292
eedigk,markov_order_2,30,linear,,5.0,1007.0,0.7281846744585875,1.9313187725926442,1.5352137165472244,1.7026069725817903
eedigk,markov_order_2,30,nearest,,5.0,260.0,0.6308697081587007,1.8222548429372039,1.5686834454235095,1.7418730285328292
eedigk,vq_ctw,30,linear,256.0,5.0,1007.0,0.9918429900707619,0.07646820621345035,4.2399233612183345,4.2399233612183345
eedigk,vq_ctw,30,linear,512.0,5.0,1007.0,0.9943943370298374,0.06300468751919397,4.4649187150136935,4.4649187150136935
eedigk,vq_ctw,30,linear,1024.0,5.0,1007.0,0.991118714561635,0.09104459071170924,4.3605865039304454,4.3605865039304454
eedigk,vq_ctw,30,nearest,256.0,5.0,260.0,0.8498250248046904,1.0753329162767655,4.099880644811517,4.099880644811517
eedigk,vq_ctw,30,nearest,512.0,5.0,260.0,0.8922561772035587,0.8460069958914785,4.22099978060924,4.22099978060924
eedigk,vq_ctw,30,nearest,1024.0,5.0,260.0,0.8622667071714586,1.089943165864384,4.384668983783819,4.384668983783819
eefayb,direct_ctw,30,linear,,5.0,1006.0,0.8460549544245068,1.3750168542858108,1.475565002134693,1.6609256721386743
eefayb,direct_ctw,30,nearest,,5.0,166.0,0.8294758845258896,1.0812568373850302,1.528815996375301,1.6948291462105634
eefayb,markov_order_1,30,linear,,5.0,1006.0,0.7637486077723405,1.9480104382585708,1.475565002134693,1.6609256721386743
eefayb,markov_order_1,30,nearest,,5.0,166.0,0.6422713754996645,1.8282818105905696,1.528815996375301,1.6948291462105634
eefayb,markov_order_2,30,linear,,5.0,1006.0,0.7304442480085465,2.1635070302552166,1.475565002134693,1.6609256721386743
eefayb,markov_order_2,30,nearest,,5.0,166.0,0.6342884982114283,1.857774676512821,1.528815996375301,1.6948291462105634
eefayb,vq_ctw,30,linear,256.0,5.0,1006.0,0.986008571139729,0.12839696884656115,4.806973913512007,4.806973913512007
eefayb,vq_ctw,30,linear,512.0,5.0,1006.0,0.9806069810719629,0.19246191127969645,4.757784506679422,4.757784506679422
eefayb,vq_ctw,30,linear,1024.0,5.0,1006.0,0.980832151601992,0.18124877926716257,4.756381184426776,4.756381184426776
eefayb,vq_ctw,30,nearest,256.0,5.0,166.0,0.8476711565531228,1.0801527564899296,4.370074859780929,4.370074859780929
eefayb,vq_ctw,30,nearest,512.0,5.0,166.0,0.8582379690394795,1.055640408487129,4.258115404925858,4.258115404925858
eefayb,vq_ctw,30,nearest,1024.0,5.0,166.0,0.8701720035309143,1.0355520277638348,4.455895834387695,4.455895834387695
eegcef,direct_ctw,30,linear,,5.0,962.0,0.8364099388702564,1.2819578307439292,1.5648991565011157,1.7408386516804517
eegcef,direct_ctw,30,nearest,,5.0,216.0,0.8316448980385188,1.0522694624577251,1.4552773949122657,1.6497263846999237
eegcef,markov_order_1,30,linear,,5.0,962.0,0.7788701517851102,1.6261553373827191,1.5648991565011157,1.7408386516804517
eegcef,markov_order_1,30,nearest,,5.0,216.0,0.6522345612500552,1.7550819822306272,1.4552773949122657,1.6497263846999237
eegcef,markov_order_2,30,linear,,5.0,962.0,0.7673248438217453,1.6916820107045596,1.5648991565011157,1.7408386516804517
eegcef,markov_order_2,30,nearest,,5.0,216.0,0.6676691224971987,1.7055393771636955,1.4552773949122657,1.6497263846999237
eegcef,vq_ctw,30,linear,256.0,5.0,962.0,0.9999999999980905,0.014500397836850165,3.805164456090591,3.805164456090591
eegcef,vq_ctw,30,linear,512.0,5.0,962.0,0.9999999999980905,0.030592485373401097,3.9546094075077103,3.9546094075077103
eegcef,vq_ctw,30,linear,1024.0,5.0,962.0,0.9999999999980905,0.013759403486107182,3.8588099818978714,3.8588099818978714
eegcef,vq_ctw,30,nearest,256.0,5.0,216.0,0.8642469697950143,0.9993692555144675,4.172061019859756,4.172061019859756
eegcef,vq_ctw,30,nearest,512.0,5.0,216.0,0.8828274282127081,0.8995941368614411,4.205634750284637,4.205634750284637
eegcef,vq_ctw,30,nearest,1024.0,5.0,216.0,0.8710098189843569,1.0079392643146032,4.272733912840471,4.272733912840471
eemafb,direct_ctw,30,linear,,5.0,1006.0,0.8664563677732022,1.2407238431229572,1.5327502799373909,1.7140812611839065
eemafb,markov_order_1,30,linear,,5.0,1006.0,0.7675259889214537,1.9549897268130405,1.5327502799373909,1.7140812611839065
eemafb,markov_order_2,30,linear,,5.0,1006.0,0.7341172063311071,2.176712065758248,1.5327502799373909,1.7140812611839065
eemafb,vq_ctw,30,linear,256.0,5.0,1006.0,0.9776548060171532,0.1898293295604546,5.520788288532489,5.520788288532489
eemafb,vq_ctw,30,linear,512.0,5.0,1006.0,0.9768381751191113,0.21262305471483903,5.550164603893986,5.550164603893986
eemafb,vq_ctw,30,linear,1024.0,5.0,1006.0,0.9776156733559671,0.19939496131374637,5.288774581127163,5.288774581127163
eenjou,direct_ctw,30,linear,,5.0,1007.0,0.8652275836204324,1.1212600188530895,1.5031240160196302,1.6891969033543603
eenjou,direct_ctw,30,nearest,,5.0,185.0,0.8325045905388673,0.9369379898611268,1.3928664081231834,1.5600613396601637
eenjou,markov_order_1,30,linear,,5.0,1007.0,0.8116050236270118,1.4681592395829661,1.5031240160196302,1.6891969033543603
eenjou,markov_order_1,30,nearest,,5.0,185.0,0.7331780233519597,1.3188531229386804,1.3928664081231834,1.5600613396601637
eenjou,markov_order_2,30,linear,,5.0,1007.0,0.8048599059978456,1.5097290273866961,1.5031240160196302,1.6891969033543603
eenjou,markov_order_2,30,nearest,,5.0,185.0,0.7282502200506542,1.340110542715368,1.3928664081231834,1.5600613396601637
eenjou,vq_ctw,30,linear,256.0,5.0,1007.0,0.9999999999980905,0.037268673389411956,3.636869400788419,3.636869400788419
eenjou,vq_ctw,30,linear,512.0,5.0,1007.0,0.9922408735718978,0.07330026190956145,3.706996230190142,3.706996230190142
eenjou,vq_ctw,30,linear,1024.0,5.0,1007.0,0.9946551062156798,0.05337654468849174,3.7903246792844407,3.7903246792844407
eenjou,vq_ctw,30,nearest,256.0,5.0,185.0,0.9127926977925128,0.6337428936477226,4.133817143859506,4.133817143859506
eenjou,vq_ctw,30,nearest,512.0,5.0,185.0,0.8710490882927305,0.8701342123413073,4.11707371109194,4.11707371109194
eenjou,vq_ctw,30,nearest,1024.0,5.0,185.0,0.8543195238973265,0.9770272841772129,4.060253978825025,4.060253978825025
eersdo,direct_ctw,30,linear,,5.0,1007.0,0.8251362940639274,1.3978793862007446,1.6301776146796818,1.7839416492000302
eersdo,direct_ctw,30,nearest,,5.0,47.0,0.8513994230299679,1.0999675712985713,1.5260875729114396,1.7097027672022949
eersdo,markov_order_1,30,linear,,5.0,1007.0,0.7534237215872441,1.8340110076269585,1.6301776146796818,1.7839416492000302
eersdo,markov_order_1,30,nearest,,5.0,47.0,0.5912756268224251,2.333578772936208,1.5260875729114396,1.7097027672022949
eersdo,markov_order_2,30,linear,,5.0,1007.0,0.7335625708214923,1.947330088814789,1.6301776146796818,1.7839416492000302
eersdo,markov_order_2,30,nearest,,5.0,47.0,0.5561790734644788,2.465215400909709,1.5260875729114396,1.7097027672022949
eersdo,vq_ctw,30,linear,256.0,5.0,1007.0,0.9999999999980905,0.02082868665791098,4.327926452158995,4.327926452158995
eersdo,vq_ctw,30,linear,512.0,5.0,1007.0,0.9907543374855966,0.08499549237364949,4.314907383350257,4.314907383350257
eersdo,vq_ctw,30,linear,1024.0,5.0,1007.0,0.9916982919957433,0.07761321669116747,4.315323154354265,4.315323154354265
eersdo,vq_ctw,30,nearest,256.0,5.0,47.0,0.8458264864450389,1.1089051951615039,4.563892778991003,4.563892778991003
eersdo,vq_ctw,30,nearest,512.0,5.0,47.0,0.8444794575327635,1.1401128087794876,4.379454286635286,4.379454286635286
eersdo,vq_ctw,30,nearest,1024.0,5.0,47.0,0.8751729261122592,0.9905791598726649,4.306698407328317,4.306698407328317
eesbaj,direct_ctw,30,linear,,5.0,1007.0,0.8299896715027666,1.4919504873936529,1.694502223351066,1.8492426229385739
eesbaj,direct_ctw,30,nearest,,5.0,228.0,0.832527315254519,1.0109767660253315,1.66416942317798,1.8666924260294997
eesbaj,markov_order_1,30,linear,,5.0,1007.0,0.7345157880040318,2.137611850857571,1.694502223351066,1.8492426229385739
eesbaj,markov_order_1,30,nearest,,5.0,228.0,0.6613365097186189,1.6607835639435122,1.66416942317798,1.8666924260294997
eesbaj,markov_order_2,30,linear,,5.0,1007.0,0.694524508958759,2.3868162814872087,1.694502223351066,1.8492426229385739
eesbaj,markov_order_2,30,nearest,,5.0,228.0,0.6642322092216235,1.6546558945820473,1.66416942317798,1.8666924260294997
eesbaj,vq_ctw,30,linear,256.0,5.0,1007.0,0.9842637097162288,0.14172113906212389,4.364789218947724,4.364789218947724
eesbaj,vq_ctw,30,linear,512.0,5.0,1007.0,0.9839058685456038,0.16409092291880745,4.51978746378676,4.51978746378676
eesbaj,vq_ctw,30,linear,1024.0,5.0,1007.0,0.9814631810576805,0.17021809656514733,4.335834398848118,4.335834398848118
eesbaj,vq_ctw,30,nearest,256.0,5.0,228.0,0.8889795221088758,0.8017173717451896,4.243759219003818,4.243759219003818
eesbaj,vq_ctw,30,nearest,512.0,5.0,228.0,0.8702527096270881,0.8962900287751406,4.1555720407828485,4.1555720407828485
eesbaj,vq_ctw,30,nearest,1024.0,5.0,228.0,0.8746249699584129,0.9556993081523852,4.4695112000986805,4.4695112000986805
efcati,direct_ctw,30,linear,,5.0,990.0,0.8505819776903345,1.3486282019195122,1.6018403475544787,1.7711578866718738
efcati,direct_ctw,30,nearest,,5.0,193.0,0.857558336986299,0.9281993748139915,1.4942885974165512,1.6888561181835369
efcati,markov_order_1,30,linear,,5.0,990.0,0.7616696638282743,1.9729879163321185,1.6018403475544787,1.7711578866718738
efcati,markov_order_1,30,nearest,,5.0,193.0,0.7069188517163147,1.578181099023527,1.4942885974165512,1.6888561181835369
efcati,markov_order_2,30,linear,,5.0,990.0,0.7187185466750807,2.250714548438423,1.6018403475544787,1.7711578866718738
efcati,markov_order_2,30,nearest,,5.0,193.0,0.7000536647560343,1.6034778469632398,1.4942885974165512,1.6888561181835369
efcati,vq_ctw,30,linear,256.0,5.0,990.0,0.9937261654403431,0.0648686840417275,6.146484248934375,6.146484248934375
efcati,vq_ctw,30,linear,512.0,5.0,990.0,0.9584223884439707,0.3460195275528764,4.464197948138043,4.464197948138043
efcati,vq_ctw,30,linear,1024.0,5.0,990.0,0.9851282421140543,0.15002863226380767,5.573361251305208,5.573361251305208
efcati,vq_ctw,30,nearest,256.0,5.0,193.0,0.8816652454577782,0.8107962439703466,3.999029669366576,3.999029669366576
efcati,vq_ctw,30,nearest,512.0,5.0,193.0,0.8921434781106653,0.7894459592445214,4.3780775302043144,4.3780775302043144
efcati,vq_ctw,30,nearest,1024.0,5.0,193.0,0.8692068568027765,1.013721785099616,4.273056215405272,4.273056215405272
effneo,direct_ctw,30,linear,,5.0,1007.0,0.8051369460875585,1.5537185661046389,1.6440305357882634,1.8048161811190402
effneo,direct_ctw,30,nearest,,5.0,153.0,0.8345249045383969,1.096904923192347,1.6934152325879845,1.8526012425595477
effneo,markov_order_1,30,linear,,5.0,1007.0,0.7201990589087616,2.0644589853500337,1.6440305357882634,1.8048161811190402
effneo,markov_order_1,30,nearest,,5.0,153.0,0.6320330511294312,1.9803318478912788,1.6934152325879845,1.8526012425595477
effneo,markov_order_2,30,linear,,5.0,1007.0,0.693351371038784,2.214580248165934,1.6440305357882634,1.8048161811190402
effneo,markov_order_2,30,nearest,,5.0,153.0,0.6261158793605929,2.0060348554530028,1.6934152325879845,1.8526012425595477
effneo,vq_ctw,30,linear,256.0,5.0,1007.0,0.9999999999980905,0.06473607858027541,4.924297644787946,4.924297644787946
effneo,vq_ctw,30,linear,512.0,5.0,1007.0,0.9859257765337419,0.13487744294399015,4.889590175213745,4.889590175213745
effneo,vq_ctw,30,linear,1024.0,5.0,1007.0,0.9919082476398383,0.08404235113791475,4.9297847466164395,4.9297847466164395
effneo,vq_ctw,30,nearest,256.0,5.0,153.0,0.8677753254107996,0.9471165424762732,4.352095210017475,4.352095210017475
effneo,vq_ctw,30,nearest,512.0,5.0,153.0,0.8440884230723815,1.1169130469040864,4.260387105324387,4.260387105324387
effneo,vq_ctw,30,nearest,1024.0,5.0,153.0,0.8592699825774779,1.0931505586027346,4.821135259461959,4.821135259461959
efghak,direct_ctw,30,linear,,5.0,1007.0,0.8490558805926707,1.2291764088165347,1.585271304288778,1.75032313799404
efghak,direct_ctw,30,nearest,,5.0,67.0,0.839009216297852,0.9611633620235901,1.3446899677791506,1.5379966914739926
efghak,markov_order_1,30,linear,,5.0,1007.0,0.7839350327552671,1.6360744008100752,1.585271304288778,1.75032313799404
efghak,markov_order_1,30,nearest,,5.0,67.0,0.6865160836862255,1.560366693087907,1.3446899677791506,1.5379966914739926
efghak,markov_order_2,30,linear,,5.0,1007.0,0.7691936305194831,1.722826799094879,1.585271304288778,1.75032313799404
efghak,markov_order_2,30,nearest,,5.0,67.0,0.6792042882824485,1.5828505265001402,1.3446899677791506,1.5379966914739926
efghak,vq_ctw,30,linear,256.0,5.0,1007.0,0.9871337698413561,0.11211170724292706,4.0906031285248385,4.0906031285248385
efghak,vq_ctw,30,linear,512.0,5.0,1007.0,0.9862717595232704,0.11832996537158914,4.386852591859941,4.386852591859941
efghak,vq_ctw,30,linear,1024.0,5.0,1007.0,0.9857558237844676,0.13034585568260282,4.111562074361293,4.111562074361293
efghak,vq_ctw,30,nearest,256.0,5.0,67.0,0.8651171535704064,0.9865656163375306,4.452835965939698,4.452835965939698
efghak,vq_ctw,30,nearest,512.0,5.0,67.0,0.8586793602849725,1.0305177236876688,4.524542489693899,4.524542489693899
efghak,vq_ctw,30,nearest,1024.0,5.0,67.0,0.8785034634244404,0.9891416521094722,4.610840185085488,4.610840185085488
efgoak,direct_ctw,30,linear,,5.0,1007.0,0.8736921707742824,1.063503295557471,1.4430137954950488,1.6288675765824112
efgoak,direct_ctw,30,nearest,,5.0,177.0,0.8624953483809481,0.8390531929238029,1.4388612177573543,1.6405423179962866
efgoak,markov_order_1,30,linear,,5.0,1007.0,0.8267139486263491,1.3734672453141181,1.4430137954950488,1.6288675765824112
efgoak,markov_order_1,30,nearest,,5.0,177.0,0.750286644537259,1.2888932210692106,1.4388612177573543,1.6405423179962866
efgoak,markov_order_2,30,linear,,5.0,1007.0,0.8102399412303546,1.4766064404245856,1.4430137954950488,1.6288675765824112
efgoak,markov_order_2,30,nearest,,5.0,177.0,0.7287408665069908,1.3611196488447734,1.4388612177573543,1.6405423179962866
efgoak,vq_ctw,30,linear,256.0,5.0,1007.0,0.9999999999980905,0.07230901873293419,4.0991447225392905,4.0991447225392905
efgoak,vq_ctw,30,linear,512.0,5.0,1007.0,0.9941771720031405,0.057427937281135315,4.355363374128159,4.355363374128159
efgoak,vq_ctw,30,linear,1024.0,5.0,1007.0,0.9920600915783488,0.0747432355875488,4.163825337883059,4.163825337883059
efgoak,vq_ctw,30,nearest,256.0,5.0,177.0,0.9007915611287632,0.680163485584063,4.131066206945787,4.131066206945787
efgoak,vq_ctw,30,nearest,512.0,5.0,177.0,0.933494213171599,0.6735001418835059,4.181452473331009,4.181452473331009
efgoak,vq_ctw,30,nearest,1024.0,5.0,177.0,0.8627203563133847,0.9654910370467191,4.207310201877134,4.207310201877134
efmymo,direct_ctw,30,linear,,5.0,161.0,0.8649528034431547,1.0197364971839211,1.5580944926100617,1.7054649550417844
efmymo,markov_order_1,30,linear,,5.0,161.0,0.763047838844997,1.577073027159901,1.5580944926100617,1.7054649550417844
efmymo,markov_order_2,30,linear,,5.0,161.0,0.741570667712466,1.6828506116245416,1.5580944926100617,1.7054649550417844
efmymo,vq_ctw,30,linear,256.0,5.0,161.0,1.0,0.0,4.238654441048835,4.238654441048835
efmymo,vq_ctw,30,linear,512.0,5.0,161.0,0.9999999999980904,0.060760601229103164,4.1106457721660385,4.1106457721660385
efmymo,vq_ctw,30,linear,1024.0,5.0,161.0,0.9872426728388096,0.11132022355929458,4.009607489394616,4.009607489394616
efonve,direct_ctw,30,linear,,5.0,1003.0,0.8304376323933624,1.5264360538977053,1.6691356457616626,1.8430817818485612
efonve,direct_ctw,30,nearest,,5.0,436.0,0.8315815305795404,1.0653215256440116,1.6964790502921405,1.881035235026357
efonve,markov_order_1,30,linear,,5.0,1003.0,0.7448117175949498,2.1283311929001525,1.6691356457616626,1.8430817818485612
efonve,markov_order_1,30,nearest,,5.0,436.0,0.6401352244628078,1.8366422157255329,1.6964790502921405,1.881035235026357
efonve,markov_order_2,30,linear,,5.0,1003.0,0.6979166625529294,2.4332935984742408,1.6691356457616626,1.8430817818485612
efonve,markov_order_2,30,nearest,,5.0,436.0,0.6392354533158143,1.8429287439955042,1.6964790502921405,1.881035235026357
efonve,vq_ctw,30,linear,256.0,5.0,1003.0,0.988554418697209,0.10837174337825073,5.05603563587541,5.05603563587541
efonve,vq_ctw,30,linear,512.0,5.0,1003.0,0.9863839198359805,0.13552494543448415,5.035791740237297,5.035791740237297
efonve,vq_ctw,30,linear,1024.0,5.0,1003.0,0.986258795643999,0.13658774950296004,4.783392912159137,4.783392912159137
efonve,vq_ctw,30,nearest,256.0,5.0,436.0,0.856497446140787,1.0018998346020258,4.794196093216944,4.794196093216944
efonve,vq_ctw,30,nearest,512.0,5.0,436.0,0.8990548977826837,0.7817113145915753,4.868200966976437,4.868200966976437
efonve,vq_ctw,30,nearest,1024.0,5.0,436.0,0.862371498301668,1.0346837196919156,5.106985766081413,5.106985766081413
efsphe,direct_ctw,30,linear,,5.0,990.0,0.8032296819431697,1.6613662698171168,1.7021376359422897,1.8649111623398715
efsphe,direct_ctw,30,nearest,,5.0,38.0,0.8359793590491438,1.1359039443677212,1.8347735582087008,1.9549469145619736
efsphe,markov_order_1,30,linear,,5.0,990.0,0.6654352156616699,2.527894028215262,1.7021376359422897,1.8649111623398715
efsphe,markov_order_1,30,nearest,,5.0,38.0,0.5127368506509556,2.461321308255747,1.8347735582087008,1.9549469145619736
efsphe,markov_order_2,30,linear,,5.0,990.0,0.6175793357249326,2.798165598520277,1.7021376359422897,1.8649111623398715
efsphe,markov_order_2,30,nearest,,5.0,38.0,0.5325587699189132,2.3992627993718996,1.8347735582087008,1.9549469145619736
efsphe,vq_ctw,30,linear,256.0,5.0,990.0,0.9556972180134816,0.3319020909180573,6.621154064702698,6.621154064702698
efsphe,vq_ctw,30,linear,512.0,5.0,990.0,0.9591749515957328,0.3606727019336697,6.830257999188591,6.830257999188591
efsphe,vq_ctw,30,linear,1024.0,5.0,990.0,0.9552391710740257,0.3532315826299968,6.584346375405436,6.584346375405436
efsphe,vq_ctw,30,nearest,256.0,5.0,38.0,0.8526344185804414,1.0703460563883103,5.009033268571869,5.009033268571869
efsphe,vq_ctw,30,nearest,512.0,5.0,38.0,0.8520044543249478,1.0487879787585253,4.824447317538897,4.824447317538897
efsphe,vq_ctw,30,nearest,1024.0,5.0,38.0,0.8518046965466295,1.0498914736761764,4.69557464045564,4.69557464045564
eggfri,direct_ctw,30,linear,,5.0,1007.0,0.8369062906415448,1.4339657259556529,1.6250092592793408,1.8047714861464434
eggfri,direct_ctw,30,nearest,,5.0,258.0,0.8416113534398708,0.9886869896036441,1.558108477441389,1.7547406919690987
eggfri,markov_order_1,30,linear,,5.0,1007.0,0.7410249883245978,2.0832913937362254,1.6250092592793408,1.8047714861464434
eggfri,markov_order_1,30,nearest,,5.0,258.0,0.6871903106060454,1.607599975492748,1.558108477441389,1.7547406919690987
eggfri,markov_order_2,30,linear,,5.0,1007.0,0.7037873163640614,2.3156075098831153,1.6250092592793408,1.8047714861464434
eggfri,markov_order_2,30,nearest,,5.0,258.0,0.6723441991411483,1.659581281367266,1.558108477441389,1.7547406919690987
eggfri,vq_ctw,30,linear,256.0,5.0,1007.0,0.9834866434384246,0.14756174172365893,4.919044801100878,4.919044801100878
eggfri,vq_ctw,30,linear,512.0,5.0,1007.0,0.9831240368939121,0.17089771122221412,4.8663355723141875,4.8663355723141875
eggfri,vq_ctw,30,linear,1024.0,5.0,1007.0,0.9830954639173229,0.1629395363565385,4.794271545437731,4.794271545437731
eggfri,vq_ctw,30,nearest,256.0,5.0,258.0,0.8696625875707816,0.945691050282786,4.212319909396724,4.212319909396724
eggfri,vq_ctw,30,nearest,512.0,5.0,258.0,0.8622260780520837,0.9807387192945644,4.238459002708193,4.238459002708193
eggfri,vq_ctw,30,nearest,1024.0,5.0,258.0,0.8735752464246562,0.9655887204319393,4.497632099422665,4.497632099422665
eghanw,direct_ctw,30,linear,,5.0,905.0,0.8282152594177008,1.4876014885555955,1.6407331286302234,1.7987284184608001
eghanw,direct_ctw,30,nearest,,5.0,131.0,0.83569294374808,1.0758926860639735,1.6319387085089616,1.8147993901564132
eghanw,markov_order_1,30,linear,,5.0,905.0,0.7240103457875261,2.1767089402216175,1.6407331286302234,1.7987284184608001
eghanw,markov_order_1,30,nearest,,5.0,131.0,0.6392495436711074,1.895171409278221,1.6319387085089616,1.8147993901564132
eghanw,markov_order_2,30,linear,,5.0,905.0,0.6807643063071758,2.438227649044225,1.6407331286302234,1.7987284184608001
eghanw,markov_order_2,30,nearest,,5.0,131.0,0.6354712384420524,1.9080857211826727,1.6319387085089616,1.8147993901564132
eghanw,vq_ctw,30,linear,256.0,5.0,905.0,0.9747568543234193,0.22855707934190045,5.1273730878035675,5.1273730878035675
eghanw,vq_ctw,30,linear,512.0,5.0,905.0,0.973791268667772,0.24858419926687333,5.006050978382347,5.006050978382347
eghanw,vq_ctw,30,linear,1024.0,5.0,905.0,0.9782895679808901,0.20134939712999333,5.045941411170004,5.045941411170004
eghanw,vq_ctw,30,nearest,256.0,5.0,131.0,0.8786853704854332,0.9132408969032769,4.630961155626923,4.630961155626923
eghanw,vq_ctw,30,nearest,512.0,5.0,131.0,0.8689967650978977,0.9515819402266725,4.495222771331109,4.495222771331109
eghanw,vq_ctw,30,nearest,1024.0,5.0,131.0,0.8715944552054851,1.0053084849063911,4.428081690913941,4.428081690913941
egloha,direct_ctw,30,linear,,5.0,1007.0,0.8282064863881518,1.4042703925796964,1.5621594245412544,1.7256138395419462
egloha,direct_ctw,30,nearest,,5.0,35.0,0.839509951415724,0.9564607156652085,1.4976678899214861,1.682871359695047
egloha,markov_order_1,30,linear,,5.0,1007.0,0.7532793776185309,1.8723477279207608,1.5621594245412544,1.7256138395419462
egloha,markov_order_1,30,nearest,,5.0,35.0,0.6756428014483514,1.5577713598801903,1.4976678899214861,1.682871359695047
egloha,markov_order_2,30,linear,,5.0,1007.0,0.7246228978033342,2.0392350946052247,1.5621594245412544,1.7256138395419462
egloha,markov_order_2,30,nearest,,5.0,35.0,0.7078708644253701,1.4557140040464878,1.4976678899214861,1.682871359695047
egloha,vq_ctw,30,linear,256.0,5.0,1007.0,0.9820666641743991,0.1580977001599955,4.545578008026212,4.545578008026212
egloha,vq_ctw,30,linear,512.0,5.0,1007.0,0.9862739688241442,0.14006937620729706,4.898394783722039,4.898394783722039
egloha,vq_ctw,30,linear,1024.0,5.0,1007.0,0.9846538201517744,0.1451371814191234,4.7313257916828775,4.7313257916828775
egloha,vq_ctw,30,nearest,256.0,5.0,35.0,0.8502010944932681,1.0587335532740962,3.9833871701458308,3.9833871701458308
egloha,vq_ctw,30,nearest,512.0,5.0,35.0,0.8632997975211776,1.0484362709602155,3.779628847510005,3.779628847510005
egloha,vq_ctw,30,nearest,1024.0,5.0,35.0,0.8780981430892721,0.9858935712180945,4.579979869057004,4.579979869057004
egnata,direct_ctw,30,linear,,5.0,1007.0,0.8068661275313618,1.4625343473810355,1.6736969193604043,1.828681342853821
egnata,direct_ctw,30,nearest,,5.0,247.0,0.8372265702102759,1.0459259340516438,1.5896252310233563,1.7500664014251266
egnata,markov_order_1,30,linear,,5.0,1007.0,0.736586933955077,1.860979214657005,1.6736969193604043,1.828681342853821
egnata,markov_order_1,30,nearest,,5.0,247.0,0.6282777349803262,1.8891184381275437,1.5896252310233563,1.7500664014251266
egnata,markov_order_2,30,linear,,5.0,1007.0,0.7240754500376236,1.927845145826281,1.6736969193604043,1.828681342853821
egnata,markov_order_2,30,nearest,,5.0,247.0,0.633111664673249,1.8827409541910323,1.5896252310233563,1.7500664014251266
egnata,vq_ctw,30,linear,256.0,5.0,1007.0,0.9999999999980905,0.03659850066823787,3.7281210737055837,3.7281210737055837
egnata,vq_ctw,30,linear,512.0,5.0,1007.0,0.9968279000594589,0.037242833976817505,3.8648688946876235,3.8648688946876235
egnata,vq_ctw,30,linear,1024.0,5.0,1007.0,0.997843152856972,0.02436805563830924,3.857250547829454,3.857250547829454
egnata,vq_ctw,30,nearest,256.0,5.0,247.0,0.854916802945644,1.0332011246232382,4.434232711729653,4.434232711729653
egnata,vq_ctw,30,nearest,512.0,5.0,247.0,0.8720387570116097,0.9295482084279334,5.110997375780928,5.110997375780928
egnata,vq_ctw,30,nearest,1024.0,5.0,247.0,0.8606082881202822,1.0643892868361877,4.920365741857444,4.920365741857444
egreos,direct_ctw,30,linear,,5.0,1007.0,0.8320725605583628,1.575174434571114,1.6969223761831977,1.84821140774882
egreos,markov_order_1,30,linear,,5.0,1007.0,0.6839603004333143,2.6356662735572933,1.6969223761831977,1.84821140774882
egreos,markov_order_2,30,linear,,5.0,1007.0,0.6201360613629148,3.0441028173039864,1.6969223761831977,1.84821140774882
egreos,vq_ctw,30,linear,256.0,5.0,1007.0,0.9325955316881379,0.4629956732081558,5.83531053844487,5.83531053844487
egreos,vq_ctw,30,linear,512.0,5.0,1007.0,0.9435487694854825,0.4591178074963255,6.143558102596015,6.143558102596015
egreos,vq_ctw,30,linear,1024.0,5.0,1007.0,0.94520823523546,0.460233337970598,6.124659665052894,6.124659665052894
egteir,direct_ctw,30,linear,,5.0,818.0,0.8475459641478991,1.3149436476014684,1.6274649616702779,1.7962718415854728
egteir,direct_ctw,30,nearest,,5.0,107.0,0.8263989890732466,1.0485090423639372,1.6268692501244844,1.8261174077820632
egteir,markov_order_1,30,linear,,5.0,818.0,0.7460600987246463,1.98176813309321,1.6274649616702779,1.7962718415854728
egteir,markov_order_1,30,nearest,,5.0,107.0,0.6639933959886668,1.662164961278658,1.6268692501244844,1.8261174077820632
egteir,markov_order_2,30,linear,,5.0,818.0,0.7201605735167649,2.138285202305859,1.6274649616702779,1.7962718415854728
egteir,markov_order_2,30,nearest,,5.0,107.0,0.6521094265814101,1.7016821654626788,1.6268692501244844,1.8261174077820632
egteir,vq_ctw,30,linear,256.0,5.0,818.0,0.9752978816968195,0.20623580190179536,4.498845680853747,4.498845680853747
egteir,vq_ctw,30,linear,512.0,5.0,818.0,0.9812730769326132,0.17771422460826725,5.031006457671735,5.031006457671735
egteir,vq_ctw,30,linear,1024.0,5.0,818.0,0.9765894712754306,0.20700463288195253,4.770533269777185,4.770533269777185
egteir,vq_ctw,30,nearest,256.0,5.0,107.0,0.8550127731946217,1.0230711728110864,4.092358995480067,4.092358995480067
egteir,vq_ctw,30,nearest,512.0,5.0,107.0,0.8832515137894551,0.8902823066959452,3.7980335428574388,3.7980335428574388
egteir,vq_ctw,30,nearest,1024.0,5.0,107.0,0.8894852100840323,0.8971159553216441,4.6237219098473155,4.6237219098473155
egwicj,direct_ctw,30,linear,,5.0,1007.0,0.8399690930666588,1.4272080174161232,1.7158818456016243,1.8616016950608465
egwicj,markov_order_1,30,linear,,5.0,1007.0,0.7221696822666777,2.2289035306238785,1.7158818456016243,1.8616016950608465
egwicj,markov_order_2,30,linear,,5.0,1007.0,0.6760546693691256,2.5135091309405793,1.7158818456016243,1.8616016950608465
egwicj,vq_ctw,30,linear,256.0,5.0,1007.0,0.9537899313136241,0.34331527125220945,5.83507509000198,5.83507509000198
egwicj,vq_ctw,30,linear,512.0,5.0,1007.0,0.9597355271680398,0.34758562827772593,5.9197650361310945,5.9197650361310945
egwicj,vq_ctw,30,linear,1024.0,5.0,1007.0,0.9588013332968249,0.34342163685909866,5.8043890628621755,5.8043890628621755
eiboid,direct_ctw,30,linear,,5.0,1007.0,0.8317409247386154,1.4872952331366456,1.66401407303973,1.8190942241719623
eiboid,markov_order_1,30,linear,,5.0,1007.0,0.7214654074919172,2.23336144881442,1.66401407303973,1.8190942241719623
eiboid,markov_order_2,30,linear,,5.0,1007.0,0.6789541653703113,2.496039229714585,1.66401407303973,1.8190942241719623
eiboid,vq_ctw,30,linear,256.0,5.0,1007.0,0.9736634529535498,0.2174155888164337,5.0781954246919545,5.0781954246919545
eiboid,vq_ctw,30,linear,512.0,5.0,1007.0,0.971440682797914,0.2609394010210751,5.279532407191319,5.279532407191319
eiboid,vq_ctw,30,linear,1024.0,5.0,1007.0,0.9701856511810238,0.2626867444953852,5.060261631843478,5.060261631843478
eicmyn,direct_ctw,30,linear,,5.0,1001.0,0.8745817872397095,1.104031305927768,1.7488275118448267,1.9101592826224565
eicmyn,markov_order_1,30,linear,,5.0,1001.0,0.8066853389312434,1.5704277157140716,1.7488275118448267,1.9101592826224565
eicmyn,markov_order_2,30,linear,,5.0,1001.0,0.7770369731873787,1.7598294863199702,1.7488275118448267,1.9101592826224565
eicmyn,vq_ctw,30,linear,256.0,5.0,1001.0,0.9917433738291208,0.07725687601956038,5.8192394214659675,5.8192394214659675
eicmyn,vq_ctw,30,linear,512.0,5.0,1001.0,0.9919263301989469,0.0805298310120835,5.777767266463638,5.777767266463638
eicmyn,vq_ctw,30,linear,1024.0,5.0,1001.0,0.9938315574826575,0.06032190440482861,5.662347204997387,5.662347204997387
eifvid,direct_ctw,30,linear,,5.0,1007.0,0.8527259113609256,1.3032481827668068,1.566365325468274,1.7402940832423668
eifvid,direct_ctw,30,nearest,,5.0,108.0,0.8495234452958204,0.9440686449387565,1.517099162236332,1.7020124166221267
eifvid,markov_order_1,30,linear,,5.0,1007.0,0.778363067277849,1.8170039313989264,1.566365325468274,1.7402940832423668
eifvid,markov_order_1,30,nearest,,5.0,108.0,0.6885858355959364,1.5812478780053216,1.517099162236332,1.7020124166221267
eifvid,markov_order_2,30,linear,,5.0,1007.0,0.749192059068675,2.005119714866568,1.566365325468274,1.7402940832423668
eifvid,markov_order_2,30,nearest,,5.0,108.0,0.685971013290966,1.5912373941108564,1.517099162236332,1.7020124166221267
eifvid,vq_ctw,30,linear,256.0,5.0,1007.0,0.9944497360255925,0.0583714287424547,4.2454684094444355,4.2454684094444355
eifvid,vq_ctw,30,linear,512.0,5.0,1007.0,0.9908404010920282,0.09643679573531283,4.232364515083995,4.232364515083995
eifvid,vq_ctw,30,linear,1024.0,5.0,1007.0,0.9912231317711483,0.09012459828824748,4.159495878863434,4.159495878863434
eifvid,vq_ctw,30,nearest,256.0,5.0,108.0,0.8608261650244181,0.9843816624415822,4.295967910856302,4.295967910856302
eifvid,vq_ctw,30,nearest,512.0,5.0,108.0,0.8758101132410582,0.9276435686366672,4.263647951936463,4.263647951936463
eifvid,vq_ctw,30,nearest,1024.0,5.0,108.0,0.870673574844423,0.984598929856102,4.617078558444102,4.617078558444102
eincuf,direct_ctw,30,linear,,5.0,946.0,0.9724786232099732,0.27322918865265966,1.9639617218772263,2.0869522180322266
eincuf,markov_order_1,30,linear,,5.0,946.0,0.950727551214194,0.446977828367867,1.9639617218772263,2.0869522180322266
eincuf,markov_order_2,30,linear,,5.0,946.0,0.9533740424076341,0.42677565102248693,1.9639617218772263,2.0869522180322266
eincuf,vq_ctw,30,linear,256.0,5.0,946.0,0.9999999999980905,0.01619792780356575,2.2168629170129632,2.2168629170129632
eincuf,vq_ctw,30,linear,512.0,5.0,946.0,0.9999999999980905,0.015847301779882816,2.4573802215000273,2.4573802215000273
eincuf,vq_ctw,30,linear,1024.0,5.0,946.0,0.9999999999980905,0.01533699283915048,2.366432185895163,2.366432185895163
eitpem,direct_ctw,30,linear,,5.0,889.0,0.9050832172207349,0.7929449814197392,1.4479124757102517,1.6235242234354297
eitpem,markov_order_1,30,linear,,5.0,889.0,0.8337282318673407,1.2451827388295678,1.4479124757102517,1.6235242234354297
eitpem,markov_order_2,30,linear,,5.0,889.0,0.8507204550835274,1.1431959957585205,1.4479124757102517,1.6235242234354297
eitpem,vq_ctw,30,linear,256.0,5.0,889.0,0.9999999999980904,0.1326401685435514,5.204865699999602,5.204865699999602
eitpem,vq_ctw,30,linear,512.0,5.0,889.0,0.9864438821377283,0.11709481779999426,5.158810991019584,5.158810991019584
eitpem,vq_ctw,30,linear,1024.0,5.0,889.0,0.9783391840455334,0.17232748652163626,5.008532574996588,5.008532574996588
ejcrur,direct_ctw,30,linear,,5.0,1007.0,0.8684705134648445,1.1203456617030234,1.5457479209187863,1.6903758697064915
ejcrur,direct_ctw,30,nearest,,5.0,37.0,0.8343520850169305,0.9101972879320849,1.3999329278963808,1.5627568285809583
ejcrur,markov_order_1,30,linear,,5.0,1007.0,0.7851853468158632,1.6631026145638512,1.5457479209187863,1.6903758697064915
ejcrur,markov_order_1,30,nearest,,5.0,37.0,0.7755007258960124,1.1241212913123022,1.3999329278963808,1.5627568285809583
ejcrur,markov_order_2,30,linear,,5.0,1007.0,0.7826857718749838,1.6783680394330383,1.5457479209187863,1.6903758697064915
ejcrur,markov_order_2,30,nearest,,5.0,37.0,0.747867043653473,1.214262591516075,1.3999329278963808,1.5627568285809583
ejcrur,vq_ctw,30,linear,256.0,5.0,1007.0,0.9850543638448774,0.13572063900919698,4.897256924914425,4.897256924914425
ejcrur,vq_ctw,30,linear,512.0,5.0,1007.0,0.9867938871602105,0.13203082077624484,4.811942043409668,4.811942043409668
ejcrur,vq_ctw,30,linear,1024.0,5.0,1007.0,0.9856659025817244,0.1310376320007509,4.907777973528465,4.907777973528465
ejcrur,vq_ctw,30,nearest,256.0,5.0,37.0,0.8562499115643882,1.0496533196655184,4.434651152095094,4.434651152095094
ejcrur,vq_ctw,30,nearest,512.0,5.0,37.0,0.895618064677483,0.829483340042535,3.632331324058995,3.632331324058995
ejcrur,vq_ctw,30,nearest,1024.0,5.0,37.0,0.8823985707123565,0.957603719879546,3.842512846548611,3.842512846548611
ejesba,direct_ctw,30,linear,,5.0,1007.0,0.879800086258151,1.0578914136398647,1.6509810774258078,1.8064011953022046
ejesba,direct_ctw,30,nearest,,5.0,223.0,0.8202310414258522,1.0880039835300965,1.6881844563862176,1.870563594622031
ejesba,markov_order_1,30,linear,,5.0,1007.0,0.8258804902136794,1.4318304217452589,1.6509810774258078,1.8064011953022046
ejesba,markov_order_1,30,nearest,,5.0,223.0,0.6061191973224719,1.8577046076784312,1.6881844563862176,1.870563594622031
ejesba,markov_order_2,30,linear,,5.0,1007.0,0.8123263101145433,1.5209019722127037,1.6509810774258078,1.8064011953022046
ejesba,markov_order_2,30,nearest,,5.0,223.0,0.6308075432180663,1.7972917367552805,1.6881844563862176,1.870563594622031
ejesba,vq_ctw,30,linear,256.0,5.0,1007.0,0.9944101427962895,0.05873034126095955,3.5676827627040657,3.5676827627040657
ejesba,vq_ctw,30,linear,512.0,5.0,1007.0,0.9920960087319307,0.0849055394798391,3.616881973513005,3.616881973513005
ejesba,vq_ctw,30,linear,1024.0,5.0,1007.0,0.9921560471401951,0.08182204027957482,3.57807889017438,3.57807889017438
ejesba,vq_ctw,30,nearest,256.0,5.0,223.0,0.8479688557136147,1.0816606576663257,5.1040292197440165,5.1040292197440165
ejesba,vq_ctw,30,nearest,512.0,5.0,223.0,0.8705613475898648,0.9507312873972323,5.276986465472699,5.276986465472699
ejesba,vq_ctw,30,nearest,1024.0,5.0,223.0,0.8753368689146711,0.9891582117448554,5.089618595783524,5.089618595783524
ejkipu,direct_ctw,30,linear,,5.0,1006.0,0.8359555632043896,1.4488460331913575,1.6554341591987733,1.8108670518782644
ejkipu,direct_ctw,30,nearest,,5.0,71.0,0.8462700692771626,1.0310132360608826,1.6136749338043745,1.798732286675019
ejkipu,markov_order_1,30,linear,,5.0,1006.0,0.7225118537603618,2.2136095916465433,1.6554341591987733,1.8108670518782644
ejkipu,markov_order_1,30,nearest,,5.0,71.0,0.6421807716633825,1.9034817147998564,1.6136749338043745,1.798732286675019
ejkipu,markov_order_2,30,linear,,5.0,1006.0,0.6884674768367273,2.4235905878686523,1.6554341591987733,1.8108670518782644
ejkipu,markov_order_2,30,nearest,,5.0,71.0,0.6186553028354042,1.9846631866380748,1.6136749338043745,1.798732286675019
ejkipu,vq_ctw,30,linear,256.0,5.0,1006.0,0.961738516866703,0.2725250548959565,4.87537748758181,4.87537748758181
ejkipu,vq_ctw,30,linear,512.0,5.0,1006.0,0.9713913332952537,0.26131799907908515,5.38002298435279,5.38002298435279
ejkipu,vq_ctw,30,linear,1024.0,5.0,1006.0,0.9729445654656592,0.24934019314114014,5.265622883238778,5.265622883238778
ejkipu,vq_ctw,30,nearest,256.0,5.0,71.0,0.8656799934885667,0.9942384852498434,4.615618222336218,4.615618222336218
ejkipu,vq_ctw,30,nearest,512.0,5.0,71.0,0.8552090962013524,0.9885998669892649,5.195096206998568,5.195096206998568
ejkipu,vq_ctw,30,nearest,1024.0,5.0,71.0,0.8613091094558062,1.0091307943192471,5.40200107241304,5.40200107241304
ejnoax,direct_ctw,30,linear,,5.0,1007.0,0.8578973030664319,1.3299965789674963,1.738779734113218,1.901641975501282
ejnoax,markov_order_1,30,linear,,5.0,1007.0,0.7511749861873319,2.105652804121507,1.738779734113218,1.901641975501282
ejnoax,markov_order_2,30,linear,,5.0,1007.0,0.6984555545491854,2.454052358409955,1.738779734113218,1.901641975501282
ejnoax,vq_ctw,30,linear,256.0,5.0,1007.0,0.967810330445874,0.25627621259447536,5.716346673471225,5.716346673471225
ejnoax,vq_ctw,30,linear,512.0,5.0,1007.0,0.9729167804752797,0.25557870108322894,6.046646439128733,6.046646439128733
ejnoax,vq_ctw,30,linear,1024.0,5.0,1007.0,0.9696750060820406,0.26643153249356166,6.070094778508738,6.070094778508738
ejshig,direct_ctw,30,linear,,5.0,1007.0,0.8309740340621576,1.4680395528986432,1.6466742165156794,1.8153832480801002
ejshig,direct_ctw,30,nearest,,5.0,279.0,0.8289351528046973,1.1085354125037825,1.6686194597430857,1.8302652802212664
ejshig,markov_order_1,30,linear,,5.0,1007.0,0.756277069157874,1.9728393928474395,1.6466742165156794,1.8153832480801002
ejshig,markov_order_1,30,nearest,,5.0,279.0,0.6359319889537214,1.9057335942395468,1.6686194597430857,1.8302652802212664
ejshig,markov_order_2,30,linear,,5.0,1007.0,0.7208666258370743,2.1961604833625747,1.6466742165156794,1.8153832480801002
ejshig,markov_order_2,30,nearest,,5.0,279.0,0.6242462964256573,1.9503812883754172,1.6686194597430857,1.8302652802212664
ejshig,vq_ctw,30,linear,256.0,5.0,1007.0,0.99383351535554,0.06391275336920935,4.419180004990055,4.419180004990055
ejshig,vq_ctw,30,linear,512.0,5.0,1007.0,0.992141192894376,0.08655256053682898,4.457871935341568,4.457871935341568
ejshig,vq_ctw,30,linear,1024.0,5.0,1007.0,0.9913156958199757,0.08930752969185966,4.385335328743965,4.385335328743965
ejshig,vq_ctw,30,nearest,256.0,5.0,279.0,0.8524771640341401,1.0717317841264924,4.657472533387495,4.657472533387495
ejshig,vq_ctw,30,nearest,512.0,5.0,279.0,0.8688753544949346,0.9650738285926335,4.547967527862851,4.547967527862851
ejshig,vq_ctw,30,nearest,1024.0,5.0,279.0,0.8671241690197922,1.0691353957451943,4.821450943823703,4.821450943823703
ejtobu,direct_ctw,30,linear,,5.0,1007.0,0.8210296388127009,1.4874029081935916,1.6297423270211213,1.799256820892711
ejtobu,direct_ctw,30,nearest,,5.0,150.0,0.8341057492681151,1.0104554807342085,1.6422041716075824,1.8294178983239993
ejtobu,markov_order_1,30,linear,,5.0,1007.0,0.744188866257412,1.9775368114104137,1.6297423270211213,1.799256820892711
ejtobu,markov_order_1,30,nearest,,5.0,150.0,0.6462263772719099,1.7167100450829436,1.6422041716075824,1.8294178983239993
ejtobu,markov_order_2,30,linear,,5.0,1007.0,0.7119760654163964,2.169049046324373,1.6297423270211213,1.799256820892711
ejtobu,markov_order_2,30,nearest,,5.0,150.0,0.6777835874387854,1.6226246977012928,1.6422041716075824,1.8294178983239993
ejtobu,vq_ctw,30,linear,256.0,5.0,1007.0,0.9916400967330617,0.08296291351306337,4.261054283530874,4.261054283530874
ejtobu,vq_ctw,30,linear,512.0,5.0,1007.0,0.9891407252861648,0.1081557878864411,4.320330324877758,4.320330324877758
ejtobu,vq_ctw,30,linear,1024.0,5.0,1007.0,0.9930938252499942,0.07331318336061679,4.4507562460857395,4.4507562460857395
ejtobu,vq_ctw,30,nearest,256.0,5.0,150.0,0.8925309189680565,0.8002355327257651,4.298790336733399,4.298790336733399
ejtobu,vq_ctw,30,nearest,512.0,5.0,150.0,0.9163730310426926,0.6386116215853176,4.254033584501193,4.254033584501193
ejtobu,vq_ctw,30,nearest,1024.0,5.0,150.0,0.8670169327140741,0.9769963091777311,4.435024233012809,4.435024233012809
ekenuc,direct_ctw,30,linear,,5.0,1007.0,0.8157025598914567,1.485908823152338,1.6988730189577326,1.8589961166092108
ekenuc,direct_ctw,30,nearest,,5.0,139.0,0.8368213764004451,0.9877729123987955,1.6105603463743268,1.7875696861101904
ekenuc,markov_order_1,30,linear,,5.0,1007.0,0.7303246036749382,2.0065161365895707,1.6988730189577326,1.8589961166092108
ekenuc,markov_order_1,30,nearest,,5.0,139.0,0.6718575680258986,1.6185813061732948,1.6105603463743268,1.7875696861101904
ekenuc,markov_order_2,30,linear,,5.0,1007.0,0.7032388357907193,2.1598760761714693,1.6988730189577326,1.8589961166092108
ekenuc,markov_order_2,30,nearest,,5.0,139.0,0.6692081440430228,1.6406376192190348,1.6105603463743268,1.7875696861101904
ekenuc,vq_ctw,30,linear,256.0,5.0,1007.0,0.9919301070321291,0.07577704449150291,4.5539381676938016,4.5539381676938016
ekenuc,vq_ctw,30,linear,512.0,5.0,1007.0,0.9896655552428667,0.10367111745614324,4.6883707827152605,4.6883707827152605
ekenuc,vq_ctw,30,linear,1024.0,5.0,1007.0,0.9956982467546458,0.0486117347173977,4.758998140579601,4.758998140579601
ekenuc,vq_ctw,30,nearest,256.0,5.0,139.0,0.8674016668725689,0.9225439581457456,4.430868739423962,4.430868739423962
ekenuc,vq_ctw,30,nearest,512.0,5.0,139.0,0.8827124617403264,0.8382681225173844,4.257854144958704,4.257854144958704
ekenuc,vq_ctw,30,nearest,1024.0,5.0,139.0,0.8683002819010838,0.9674185530285294,4.606129065973296,4.606129065973296
ekfrab,direct_ctw,30,linear,,5.0,997.0,0.8312641958757663,1.581476895647352,1.6472377267812714,1.8078338085174046
ekfrab,direct_ctw,30,nearest,,5.0,33.0,0.8389624597614371,1.0530619152871095,1.541819867626346,1.676177038224923
ekfrab,markov_order_1,30,linear,,5.0,997.0,0.6978281523911982,2.543412965901986,1.6472377267812714,1.8078338085174046
ekfrab,markov_order_1,30,nearest,,5.0,33.0,0.6020297731154419,1.9984889761432252,1.541819867626346,1.676177038224923
ekfrab,markov_order_2,30,linear,,5.0,997.0,0.6394297590010805,2.9233543086400813,1.6472377267812714,1.8078338085174046
ekfrab,markov_order_2,30,nearest,,5.0,33.0,0.6028969236647514,1.9957273198454462,1.541819867626346,1.676177038224923
ekfrab,vq_ctw,30,linear,256.0,5.0,997.0,0.9565679122451874,0.35865891067902006,5.70342572608181,5.70342572608181
ekfrab,vq_ctw,30,linear,512.0,5.0,997.0,0.9556150400303505,0.4027448597545911,6.1359812817275605,6.1359812817275605
ekfrab,vq_ctw,30,linear,1024.0,5.0,997.0,0.9541710636394793,0.3868731890893714,5.769694610741736,5.769694610741736
ekfrab,vq_ctw,30,nearest,256.0,5.0,33.0,0.8760336690749437,0.9524627412322855,7.016164491296513,7.016164491296513
ekfrab,vq_ctw,30,nearest,512.0,5.0,33.0,0.8757379443260778,0.9542787878370411,5.963205608466407,5.963205608466407
ekfrab,vq_ctw,30,nearest,1024.0,5.0,33.0,0.8826705367529561,0.9113954977923759,7.207654393659855,7.207654393659855
ektamy,direct_ctw,30,linear,,5.0,1007.0,0.8218535569606431,1.4188626253377585,1.6337495768944488,1.7968039476042648
ektamy,direct_ctw,30,nearest,,5.0,202.0,0.8212865705530323,1.0642862467218595,1.5296557194060336,1.709200891941162
ektamy,markov_order_1,30,linear,,5.0,1007.0,0.7598905121553148,1.7964608627974794,1.6337495768944488,1.7968039476042648
ektamy,markov_order_1,30,nearest,,5.0,202.0,0.664220878944835,1.6630528057597593,1.5296557194060336,1.709200891941162
ektamy,markov_order_2,30,linear,,5.0,1007.0,0.7368311995228207,1.9288847480168516,1.6337495768944488,1.7968039476042648
ektamy,markov_order_2,30,nearest,,5.0,202.0,0.6506336475658965,1.7087149915777642,1.5296557194060336,1.709200891941162
ektamy,vq_ctw,30,linear,256.0,5.0,1007.0,0.9999999999980905,0.02594565713551428,3.8588951291274167,3.8588951291274167
ektamy,vq_ctw,30,linear,512.0,5.0,1007.0,0.9877583119659242,0.10755402596218633,3.859872932590914,3.859872932590914
ektamy,vq_ctw,30,linear,1024.0,5.0,1007.0,0.9951471015218987,0.04914106305144579,3.850280138140902,3.850280138140902
ektamy,vq_ctw,30,nearest,256.0,5.0,202.0,0.8618930294640884,0.9656878591961163,4.534422264722596,4.534422264722596
ektamy,vq_ctw,30,nearest,512.0,5.0,202.0,0.8618175891759061,0.9615879347354432,4.843484448064215,4.843484448064215
ektamy,vq_ctw,30,nearest,1024.0,5.0,202.0,0.861020394313778,1.0294561376049496,4.793997628720373,4.793997628720373
ektuyo,direct_ctw,30,linear,,5.0,1007.0,0.8872351864112247,0.978420370263833,1.5771552923356795,1.7385085688337272
ektuyo,markov_order_1,30,linear,,5.0,1007.0,0.8352693629269767,1.3324219744850458,1.5771552923356795,1.7385085688337272
ektuyo,markov_order_2,30,linear,,5.0,1007.0,0.8229329168673665,1.411975155245431,1.5771552923356795,1.7385085688337272
ektuyo,vq_ctw,30,linear,256.0,5.0,1007.0,0.9999999999980905,0.04523313447753812,3.771895818328926,3.771895818328926
ektuyo,vq_ctw,30,linear,512.0,5.0,1007.0,0.9938970597567404,0.0633456271443632,3.8712795840405656,3.8712795840405656
ektuyo,vq_ctw,30,linear,1024.0,5.0,1007.0,0.9945706441639345,0.05727284797954212,3.7511805821764304,3.7511805821764304
ekyosj,direct_ctw,30,linear,,5.0,1006.0,0.8067468975489878,1.5824196925744378,1.5510296066525222,1.7315887776548227
ekyosj,direct_ctw,30,nearest,,5.0,316.0,0.8373598180171443,1.0486421535673955,1.5478774759849518,1.7246307639715657
ekyosj,markov_order_1,30,linear,,5.0,1006.0,0.7207741961169764,2.1174889918402955,1.5510296066525222,1.7315887776548227
ekyosj,markov_order_1,30,nearest,,5.0,316.0,0.6358404279920676,1.863143911047139,1.5478774759849518,1.7246307639715657
ekyosj,markov_order_2,30,linear,,5.0,1006.0,0.6859980907753115,2.3181461831333046,1.5510296066525222,1.7315887776548227
ekyosj,markov_order_2,30,nearest,,5.0,316.0,0.6404768586597289,1.8547265850515808,1.5478774759849518,1.7246307639715657
ekyosj,vq_ctw,30,linear,256.0,5.0,1006.0,0.9833093144688402,0.14888697678811616,5.102851821586249,5.102851821586249
ekyosj,vq_ctw,30,linear,512.0,5.0,1006.0,0.9829049525132524,0.1689936553847746,5.335248598279019,5.335248598279019
ekyosj,vq_ctw,30,linear,1024.0,5.0,1006.0,0.9812040140959123,0.17221789081701214,5.094940806953758,5.094940806953758
ekyosj,vq_ctw,30,nearest,256.0,5.0,316.0,0.8583648694879017,1.047400678077469,5.046170202266533,5.046170202266533
ekyosj,vq_ctw,30,nearest,512.0,5.0,316.0,0.8619403107171305,1.0130009297599785,4.926645500021147,4.926645500021147
ekyosj,vq_ctw,30,nearest,1024.0,5.0,316.0,0.8717204673944934,1.0103343758736263,5.104361969680651,5.104361969680651
elafle,direct_ctw,30,linear,,5.0,1007.0,0.836524211713604,1.4198692607531667,1.6549262617947662,1.8232517486667688
elafle,direct_ctw,30,nearest,,5.0,107.0,0.8283861913906466,0.9437563760729621,1.7786094753370765,1.9571664196764367
elafle,markov_order_1,30,linear,,5.0,1007.0,0.7635974531871583,1.9130739982746308,1.6549262617947662,1.8232517486667688
elafle,markov_order_1,30,nearest,,5.0,107.0,0.7025918540503764,1.4230950014056165,1.7786094753370765,1.9571664196764367
elafle,markov_order_2,30,linear,,5.0,1007.0,0.7269332821883845,2.1442323689332246,1.6549262617947662,1.8232517486667688
elafle,markov_order_2,30,nearest,,5.0,107.0,0.7182888820606366,1.3376520911119907,1.7786094753370765,1.9571664196764367
elafle,vq_ctw,30,linear,256.0,5.0,1007.0,0.9850296178473703,0.13590935591887116,4.340316348434303,4.340316348434303
elafle,vq_ctw,30,linear,512.0,5.0,1007.0,0.9849309789705636,0.15173001818140894,4.6045384652491155,4.6045384652491155
elafle,vq_ctw,30,linear,1024.0,5.0,1007.0,0.9836989614113338,0.1579846503347029,4.408775978574256,4.408775978574256
elafle,vq_ctw,30,nearest,256.0,5.0,107.0,0.8692281855100771,0.9345499760993271,4.544862557715711,4.544862557715711
elafle,vq_ctw,30,nearest,512.0,5.0,107.0,0.8660782415414673,0.9386968337815724,4.005035203763599,4.005035203763599
elafle,vq_ctw,30,nearest,1024.0,5.0,107.0,0.8400417295773893,1.0873282367704946,4.5745022038039655,4.5745022038039655
elbnax,direct_ctw,30,linear,,5.0,1007.0,0.8219501203268846,1.5317412366979661,1.6692776281440656,1.8293720126310866
elbnax,direct_ctw,30,nearest,,5.0,163.0,0.8344861946995479,1.0229250552489628,1.5252657167595955,1.7029550622596257
elbnax,markov_order_1,30,linear,,5.0,1007.0,0.7319711339073273,2.127131830288783,1.6692776281440656,1.8293720126310866
elbnax,markov_order_1,30,nearest,,5.0,163.0,0.66470441249012,1.6912811981916624,1.5252657167595955,1.7029550622596257
elbnax,markov_order_2,30,linear,,5.0,1007.0,0.694405559624622,2.3571233076266584,1.6692776281440656,1.8293720126310866
elbnax,markov_order_2,30,nearest,,5.0,163.0,0.6561390088258782,1.7234252261441059,1.5252657167595955,1.7029550622596257
elbnax,vq_ctw,30,linear,256.0,5.0,1007.0,0.9875482059423374,0.10909238454715457,4.5370602352586555,4.5370602352586555
elbnax,vq_ctw,30,linear,512.0,5.0,1007.0,0.9849077743119176,0.15528630446653546,4.494242322584271,4.494242322584271
elbnax,vq_ctw,30,linear,1024.0,5.0,1007.0,0.9836369208923648,0.15849551181225296,4.5727017670045385,4.5727017670045385
elbnax,vq_ctw,30,nearest,256.0,5.0,163.0,0.864527748426282,0.9779479192560254,4.755818602448141,4.755818602448141
elbnax,vq_ctw,30,nearest,512.0,5.0,163.0,0.8749610871889293,0.9732060118731399,4.583849567862229,4.583849567862229
elbnax,vq_ctw,30,nearest,1024.0,5.0,163.0,0.8561079078557511,1.0443585409870872,4.261928399676328,4.261928399676328
elfyea,direct_ctw,30,linear,,5.0,1007.0,0.8296702700020205,1.339777425907823,1.5947585067545338,1.7585760677311963
elfyea,markov_order_1,30,linear,,5.0,1007.0,0.765395193913188,1.72437177162526,1.5947585067545338,1.7585760677311963
elfyea,markov_order_2,30,linear,,5.0,1007.0,0.7523544263671693,1.7981073703266368,1.5947585067545338,1.7585760677311963
elfyea,vq_ctw,30,linear,256.0,5.0,1007.0,0.9999999999980905,0.10757276894101714,4.257984157916673,4.257984157916673
elfyea,vq_ctw,30,linear,512.0,5.0,1007.0,0.988351983162762,0.1099921566169441,4.6033813819523015,4.6033813819523015
elfyea,vq_ctw,30,linear,1024.0,5.0,1007.0,0.9891998103693588,0.09685259815598422,4.3779041664797305,4.3779041664797305
elhuyo,direct_ctw,30,linear,,5.0,266.0,0.848454957623502,1.0391340267102671,1.7656536531680005,1.9135023124190356
elhuyo,markov_order_1,30,linear,,5.0,266.0,0.7700917813921533,1.423285242719922,1.7656536531680005,1.9135023124190356
elhuyo,markov_order_2,30,linear,,5.0,266.0,0.7744259359891625,1.4034822114492735,1.7656536531680005,1.9135023124190356
elhuyo,vq_ctw,30,linear,256.0,5.0,266.0,1.0,0.0,3.1770805713245496,3.1770805713245496
elhuyo,vq_ctw,30,linear,512.0,5.0,266.0,1.0,0.0,3.3626381971541934,3.3626381971541934
elhuyo,vq_ctw,30,linear,1024.0,5.0,266.0,1.0,0.0,3.331311800027419,3.331311800027419
ellimt,direct_ctw,30,linear,,5.0,1007.0,0.8513913287745047,1.320762151030887,1.603781716574314,1.778659571795999
ellimt,direct_ctw,30,nearest,,5.0,34.0,0.8492620598401408,1.0348588217521708,1.537958803792894,1.7331020914779427
ellimt,markov_order_1,30,linear,,5.0,1007.0,0.7758951161807939,1.8449440976310363,1.603781716574314,1.778659571795999
ellimt,markov_order_1,30,nearest,,5.0,34.0,0.5373884089639593,2.294677692746137,1.537958803792894,1.7331020914779427
ellimt,markov_order_2,30,linear,,5.0,1007.0,0.742834655218272,2.0587237277348422,1.603781716574314,1.778659571795999
ellimt,markov_order_2,30,nearest,,5.0,34.0,0.5971429425988265,2.1035600940261623,1.537958803792894,1.7331020914779427
ellimt,vq_ctw,30,linear,256.0,5.0,1007.0,0.9885735701526989,0.1082181748433826,4.391148091444103,4.391148091444103
ellimt,vq_ctw,30,linear,512.0,5.0,1007.0,0.9823345648464413,0.16914179685114664,4.5518893419506234,4.5518893419506234
ellimt,vq_ctw,30,linear,1024.0,5.0,1007.0,0.9872732460489064,0.12792163393387856,4.484863115122734,4.484863115122734
ellimt,vq_ctw,30,nearest,256.0,5.0,34.0,0.8683356684625232,0.9793510737052131,5.8290234606996005,5.8290234606996005
ellimt,vq_ctw,30,nearest,512.0,5.0,34.0,0.8419580660986394,1.0732843937680807,5.463976820594972,5.463976820594972
ellimt,vq_ctw,30,nearest,1024.0,5.0,34.0,0.8500005151720237,1.0598374699650608,6.299465413345981,6.299465413345981
elswck,direct_ctw,30,linear,,5.0,1006.0,0.8250325159163233,1.471162443711893,1.634689644355634,1.7980207296664998
elswck,direct_ctw,30,nearest,,5.0,118.0,0.8239957057574392,1.041305627672428,1.5027307627347284,1.684863600897439
elswck,markov_order_1,30,linear,,5.0,1006.0,0.7503714862391002,1.9552261762519463,1.634689644355634,1.7980207296664998
elswck,markov_order_1,30,nearest,,5.0,118.0,0.6377836959532437,1.7061112070334818,1.5027307627347284,1.684863600897439
elswck,markov_order_2,30,linear,,5.0,1006.0,0.7157754112845628,2.1643025250512378,1.634689644355634,1.7980207296664998
elswck,markov_order_2,30,nearest,,5.0,118.0,0.6402444965736029,1.6974993868514294,1.5027307627347284,1.684863600897439
elswck,vq_ctw,30,linear,256.0,5.0,1006.0,0.9890743551940655,0.09779460268486036,4.219613869841177,4.219613869841177
elswck,vq_ctw,30,linear,512.0,5.0,1006.0,0.9887514806750234,0.11803784407868083,4.388342335258685,4.388342335258685
elswck,vq_ctw,30,linear,1024.0,5.0,1006.0,0.9898275132426742,0.09805746658096487,4.368156632660777,4.368156632660777
elswck,vq_ctw,30,nearest,256.0,5.0,118.0,0.8618362112076013,0.9829216188511649,4.20743029844689,4.20743029844689
elswck,vq_ctw,30,nearest,512.0,5.0,118.0,0.8665221564176312,0.9831075011734527,4.30050003885165,4.30050003885165
elswck,vq_ctw,30,nearest,1024.0,5.0,118.0,0.8631651187160335,1.032032326082005,4.840249607825321,4.840249607825321
elvgid,direct_ctw,30,linear,,5.0,189.0,0.9431086739923791,0.5039678878879147,1.6866322852947995,1.806583315380683
elvgid,markov_order_1,30,linear,,5.0,189.0,0.8932793929408356,0.8444625606717937,1.6866322852947995,1.806583315380683
elvgid,markov_order_2,30,linear,,5.0,189.0,0.882647960562425,0.9115362170765408,1.6866322852947995,1.806583315380683
elvgid,vq_ctw,30,linear,256.0,5.0,189.0,0.9999999999980905,0.048322185307229495,2.5305676305801255,2.5305676305801255
elvgid,vq_ctw,30,linear,512.0,5.0,189.0,0.9999999999980905,0.048322185307229495,2.5456470794151036,2.5456470794151036
elvgid,vq_ctw,30,linear,1024.0,5.0,189.0,0.9999999999980905,0.048322185307229495,2.349803735775486,2.349803735775486
elwesn,direct_ctw,30,linear,,5.0,1007.0,0.8561025735100127,1.169945216429577,1.6641174183183889,1.828689142428735
elwesn,direct_ctw,30,nearest,,5.0,74.0,0.8314771315837698,0.9497373111536334,1.7226210011851903,1.8906189509826883
elwesn,markov_order_1,30,linear,,5.0,1007.0,0.8034156278584603,1.5013815034621396,1.6641174183183889,1.828689142428735
elwesn,markov_order_1,30,nearest,,5.0,74.0,0.7009461107533937,1.3907079213518057,1.7226210011851903,1.8906189509826883
elwesn,markov_order_2,30,linear,,5.0,1007.0,0.789190083421421,1.586267682624744,1.6641174183183889,1.828689142428735
elwesn,markov_order_2,30,nearest,,5.0,74.0,0.712920232066723,1.3689993017453959,1.7226210011851903,1.8906189509826883
elwesn,vq_ctw,30,linear,256.0,5.0,1007.0,0.9999999999980905,0.08172062724315286,3.7215046257139948,3.7215046257139948
elwesn,vq_ctw,30,linear,512.0,5.0,1007.0,0.9880882280403299,0.1051277764062589,3.8670944433864793,3.8670944433864793
elwesn,vq_ctw,30,linear,1024.0,5.0,1007.0,0.9872793731619172,0.11105318787654297,3.688716816974279,3.688716816974279
elwesn,vq_ctw,30,nearest,256.0,5.0,74.0,0.9040392068760393,0.6371556799096596,4.285263332830252,4.285263332830252
elwesn,vq_ctw,30,nearest,512.0,5.0,74.0,0.9116638491631471,0.666048408963323,4.200151724449344,4.200151724449344
elwesn,vq_ctw,30,nearest,1024.0,5.0,74.0,0.8542105730496361,0.9787317064080585,4.676039857259147,4.676039857259147
enarwe,direct_ctw,30,linear,,5.0,994.0,0.8511313335322737,1.3513452181428158,1.6596174636110232,1.8292636793511226
enarwe,direct_ctw,30,nearest,,5.0,234.0,0.8375205409226998,1.0084231181873833,1.698712706245248,1.8916453906709672
enarwe,markov_order_1,30,linear,,5.0,994.0,0.7687635890610263,1.9363424814319816,1.6596174636110232,1.8292636793511226
enarwe,markov_order_1,30,nearest,,5.0,234.0,0.6727409971631696,1.6561868379001854,1.698712706245248,1.8916453906709672
enarwe,markov_order_2,30,linear,,5.0,994.0,0.7382335464639947,2.138232560935789,1.6596174636110232,1.8292636793511226
enarwe,markov_order_2,30,nearest,,5.0,234.0,0.68132638153146,1.6252527722258212,1.698712706245248,1.8916453906709672
enarwe,vq_ctw,30,linear,256.0,5.0,994.0,0.9929854100327392,0.0713945754676896,4.359073772072636,4.359073772072636
enarwe,vq_ctw,30,linear,512.0,5.0,994.0,0.9863910686971671,0.1354641723604389,4.304616716360246,4.304616716360246
enarwe,vq_ctw,30,linear,1024.0,5.0,994.0,0.993564147806787,0.07104938670284126,4.484955314809129,4.484955314809129
enarwe,vq_ctw,30,nearest,256.0,5.0,234.0,0.8756986741249152,0.8814285619726547,4.720205922748601,4.720205922748601
enarwe,vq_ctw,30,nearest,512.0,5.0,234.0,0.8826917508409394,0.8372207895667046,4.58335809053255,4.58335809053255
enarwe,vq_ctw,30,nearest,1024.0,5.0,234.0,0.8669872480696221,0.9909617908088811,4.852441581062424,4.852441581062424
enekbl,direct_ctw,30,linear,,5.0,1007.0,0.837978265276667,1.3393706095518823,1.6106602704502266,1.7681804636384963
enekbl,direct_ctw,30,nearest,,5.0,209.0,0.8169360635698333,1.071971225444107,1.6336017711686803,1.8042823568275963
enekbl,markov_order_1,30,linear,,5.0,1007.0,0.7633333823754773,1.8123090016334824,1.6106602704502266,1.7681804636384963
enekbl,markov_order_1,30,nearest,,5.0,209.0,0.6712716253995633,1.6004997715386813,1.6336017711686803,1.8042823568275963
enekbl,markov_order_2,30,linear,,5.0,1007.0,0.7452472010622484,1.919747870224391,1.6106602704502266,1.7681804636384963
enekbl,markov_order_2,30,nearest,,5.0,209.0,0.6692052997219775,1.6163762656478653,1.6336017711686803,1.8042823568275963
enekbl,vq_ctw,30,linear,256.0,5.0,1007.0,0.9999999999980905,0.06526479406397323,4.143210809244583,4.143210809244583
enekbl,vq_ctw,30,linear,512.0,5.0,1007.0,0.987518178530925,0.10931181464356919,4.200095861340048,4.200095861340048
enekbl,vq_ctw,30,linear,1024.0,5.0,1007.0,0.9904662269099586,0.09279693671539235,4.132509014906746,4.132509014906746
enekbl,vq_ctw,30,nearest,256.0,5.0,209.0,0.8621385452843049,0.9476777263392661,4.652978762805157,4.652978762805157
enekbl,vq_ctw,30,nearest,512.0,5.0,209.0,0.8691461865265342,0.9193882576405249,4.440183604035212,4.440183604035212
enekbl,vq_ctw,30,nearest,1024.0,5.0,209.0,0.8569456138224589,1.0530883084978455,4.540777109908605,4.540777109908605
enidmo,direct_ctw,30,linear,,5.0,995.0,0.8598624303696931,1.2975436589731437,1.55694962675443,1.7038820309853902
enidmo,direct_ctw,30,nearest,,5.0,71.0,0.8329842100921643,1.0051349258665532,1.3503446324641504,1.5232375942515077
enidmo,markov_order_1,30,linear,,5.0,995.0,0.7723519573331952,1.9320396862710356,1.55694962675443,1.7038820309853902
enidmo,markov_order_1,30,nearest,,5.0,71.0,0.6565597370554002,1.6454318796792844,1.3503446324641504,1.5232375942515077
enidmo,markov_order_2,30,linear,,5.0,995.0,0.7385313026602266,2.159166861220986,1.55694962675443,1.7038820309853902
enidmo,markov_order_2,30,nearest,,5.0,71.0,0.6614953979148093,1.6428629505762231,1.3503446324641504,1.5232375942515077
enidmo,vq_ctw,30,linear,256.0,5.0,995.0,0.9808126859415485,0.16726408377594748,5.17781689037418,5.17781689037418
enidmo,vq_ctw,30,linear,512.0,5.0,995.0,0.9801188217815654,0.19216497223215578,5.161055435279122,5.161055435279122
enidmo,vq_ctw,30,linear,1024.0,5.0,995.0,0.9814656233929248,0.17616596229699213,5.025383176475606,5.025383176475606
enidmo,vq_ctw,30,nearest,256.0,5.0,71.0,0.8582315670907824,1.0457031122658391,4.619892910208969,4.619892910208969
enidmo,vq_ctw,30,nearest,512.0,5.0,71.0,0.8536547853237054,1.034955783284906,4.157185845033389,4.157185845033389
enidmo,vq_ctw,30,nearest,1024.0,5.0,71.0,0.8764827414162301,0.9818306155389765,4.075432448197503,4.075432448197503
enjubp,direct_ctw,30,linear,,5.0,1007.0,0.8128871612710209,1.5172515007980076,1.6501109058739736,1.8077510272332737
enjubp,direct_ctw,30,nearest,,5.0,135.0,0.8216918087976208,1.0838378316526647,1.615698671434579,1.788681312361091
enjubp,markov_order_1,30,linear,,5.0,1007.0,0.7370113588108133,1.986352458405845,1.6501109058739736,1.8077510272332737
enjubp,markov_order_1,30,nearest,,5.0,135.0,0.6383878472038467,1.7682824991039734,1.615698671434579,1.788681312361091
enjubp,markov_order_2,30,linear,,5.0,1007.0,0.7036778737670394,2.1782893584025054,1.6501109058739736,1.8077510272332737
enjubp,markov_order_2,30,nearest,,5.0,135.0,0.6207423287342233,1.8276575971330375,1.615698671434579,1.788681312361091
enjubp,vq_ctw,30,linear,256.0,5.0,1007.0,0.9919087802108318,0.07594637125899287,4.460689410845275,4.460689410845275
enjubp,vq_ctw,30,linear,512.0,5.0,1007.0,0.9892593293324572,0.1071456170912736,4.440653889056736,4.440653889056736
enjubp,vq_ctw,30,linear,1024.0,5.0,1007.0,0.9906918699988827,0.09478703937242551,4.434855109442391,4.434855109442391
enjubp,vq_ctw,30,nearest,256.0,5.0,135.0,0.8468942318242693,1.082374827968084,4.562534302039132,4.562534302039132
enjubp,vq_ctw,30,nearest,512.0,5.0,135.0,0.8667489391537292,0.98590822975442,4.474264669616044,4.474264669616044
enjubp,vq_ctw,30,nearest,1024.0,5.0,135.0,0.8736687733648479,1.0395000633565437,4.746964945200434,4.746964945200434
enkkan,direct_ctw,30,linear,,5.0,1007.0,0.8491980421233457,1.2282409704686907,1.4646758785928295,1.6434038643824258
enkkan,direct_ctw,30,nearest,,5.0,120.0,0.8189424297664106,1.1250875215721743,1.679560931589091,1.8352677399435728
enkkan,markov_order_1,30,linear,,5.0,1007.0,0.7977032632910281,1.5533782484801755,1.4646758785928295,1.6434038643824258
enkkan,markov_order_1,30,nearest,,5.0,120.0,0.6811017822099547,1.6694579025778509,1.679560931589091,1.8352677399435728
enkkan,markov_order_2,30,linear,,5.0,1007.0,0.7788854833919565,1.6659947326143094,1.4646758785928295,1.6434038643824258
enkkan,markov_order_2,30,nearest,,5.0,120.0,0.6615575434758084,1.7488598234579071,1.679560931589091,1.8352677399435728
enkkan,vq_ctw,30,linear,256.0,5.0,1007.0,0.9958504159866695,0.04538598252011003,4.126376522023136,4.126376522023136
enkkan,vq_ctw,30,linear,512.0,5.0,1007.0,0.9917582908082464,0.0853805981218079,4.2667625573243315,4.2667625573243315
enkkan,vq_ctw,30,linear,1024.0,5.0,1007.0,0.9956642419264518,0.047147143533785664,4.262944025253834,4.262944025253834
enkkan,vq_ctw,30,nearest,256.0,5.0,120.0,0.8688111666754796,0.9911804871404643,6.306110949766715,6.306110949766715
enkkan,vq_ctw,30,nearest,512.0,5.0,120.0,0.8908786455530151,0.7970596191711549,6.304169077381572,6.304169077381572
enkkan,vq_ctw,30,nearest,1024.0,5.0,120.0,0.8515006939689196,1.1197558958037037,6.311127670663131,6.311127670663131
enyene,direct_ctw,30,linear,,5.0,161.0,0.90644434012857,0.7836216213478514,1.4168221529609117,1.64934780145897
enyene,markov_order_1,30,linear,,5.0,161.0,0.8158856808725482,1.3490383289722705,1.4168221529609117,1.64934780145897
enyene,markov_order_2,30,linear,,5.0,161.0,0.7866008291015257,1.5129581136737296,1.4168221529609117,1.64934780145897
enyene,vq_ctw,30,linear,256.0,5.0,161.0,0.9999999999980904,0.0969702349798622,5.222843049845116,5.222843049845116
enyene,vq_ctw,30,linear,512.0,5.0,161.0,0.9724662021898993,0.20940282926135118,4.505744545692471,4.505744545692471
enyene,vq_ctw,30,linear,1024.0,5.0,161.0,0.9813003702719848,0.15277537131167568,4.814598282488608,4.814598282488608
enyons,direct_ctw,30,linear,,5.0,1007.0,0.8215469118434093,1.4724806024831434,1.6515661084224023,1.8228105016046612
enyons,direct_ctw,30,nearest,,5.0,310.0,0.8352610207260304,1.0584242508288013,1.586800522232673,1.7649035458252724
enyons,markov_order_1,30,linear,,5.0,1007.0,0.7468036425993498,1.9454168782610113,1.6515661084224023,1.8228105016046612
enyons,markov_order_1,30,nearest,,5.0,310.0,0.6643761139902409,1.7682509674951579,1.586800522232673,1.7649035458252724
enyons,markov_order_2,30,linear,,5.0,1007.0,0.7164721601871169,2.124586334580803,1.6515661084224023,1.8228105016046612
enyons,markov_order_2,30,nearest,,5.0,310.0,0.6489822272133227,1.8209833046823933,1.586800522232673,1.7649035458252724
enyons,vq_ctw,30,linear,256.0,5.0,1007.0,0.9967828371435713,0.03448916715516975,4.2904221024851905,4.2904221024851905
enyons,vq_ctw,30,linear,512.0,5.0,1007.0,0.9894626251906845,0.1010362515675158,4.177045254363329,4.177045254363329
enyons,vq_ctw,30,linear,1024.0,5.0,1007.0,0.9937002882060499,0.0677133318439839,4.17916517470014,4.17916517470014
enyons,vq_ctw,30,nearest,256.0,5.0,310.0,0.86346547319068,0.9886563178032546,4.369663146508537,4.369663146508537
enyons,vq_ctw,30,nearest,512.0,5.0,310.0,0.8614903858576756,1.017994185698215,4.334698689881687,4.334698689881687
enyons,vq_ctw,30,nearest,1024.0,5.0,310.0,0.8728799563800714,1.0280332000002976,4.698638154979354,4.698638154979354
eoccoi,direct_ctw,30,linear,,5.0,987.0,0.8073461715242267,1.6331455001967616,1.675285653739076,1.8512971859534861
eoccoi,direct_ctw,30,nearest,,5.0,131.0,0.8268140903654199,1.1298746210430386,1.6419086121671889,1.8359715886935257
eoccoi,markov_order_1,30,linear,,5.0,987.0,0.6996531280161079,2.325588513126565,1.675285653739076,1.8512971859534861
eoccoi,markov_order_1,30,nearest,,5.0,131.0,0.596094573283454,2.053676914783602,1.6419086121671889,1.8359715886935257
eoccoi,markov_order_2,30,linear,,5.0,987.0,0.651941492338361,2.60556295601117,1.675285653739076,1.8512971859534861
eoccoi,markov_order_2,30,nearest,,5.0,131.0,0.599237054426252,2.050228789621637,1.6419086121671889,1.8359715886935257
eoccoi,vq_ctw,30,linear,256.0,5.0,987.0,0.9823025658251385,0.1563591588202257,4.891250795783026,4.891250795783026
eoccoi,vq_ctw,30,linear,512.0,5.0,987.0,0.9851597504738794,0.14585302422311092,5.281069001927873,5.281069001927873
eoccoi,vq_ctw,30,linear,1024.0,5.0,987.0,0.9838322835557265,0.1568856594608313,5.024619288280157,5.024619288280157
eoccoi,vq_ctw,30,nearest,256.0,5.0,131.0,0.8561679388185814,1.0427734022456288,5.14087120227059,5.14087120227059
eoccoi,vq_ctw,30,nearest,512.0,5.0,131.0,0.8549805692490378,1.0489324613676267,5.024726590728225,5.024726590728225
eoccoi,vq_ctw,30,nearest,1024.0,5.0,131.0,0.8711322616744573,1.0248143368951932,4.907077773199785,4.907077773199785
eoffri,direct_ctw,30,linear,,5.0,1007.0,0.8500342376348546,1.3595834301228238,1.557465443709427,1.7256213471117763
eoffri,direct_ctw,30,nearest,,5.0,172.0,0.821871200098275,1.043050647205606,1.4664462234028752,1.6381640787890617
eoffri,markov_order_1,30,linear,,5.0,1007.0,0.7728699498105924,1.9086249402339308,1.557465443709427,1.7256213471117763
eoffri,markov_order_1,30,nearest,,5.0,172.0,0.6965991833062598,1.5002684087500373,1.4664462234028752,1.6381640787890617
eoffri,markov_order_2,30,linear,,5.0,1007.0,0.7356738073863033,2.154835699296534,1.557465443709427,1.7256213471117763
eoffri,markov_order_2,30,nearest,,5.0,172.0,0.6875988040982004,1.536641881435508,1.4664462234028752,1.6381640787890617
eoffri,vq_ctw,30,linear,256.0,5.0,1007.0,0.988644501979184,0.10764898923973126,4.424969355428587,4.424969355428587
eoffri,vq_ctw,30,linear,512.0,5.0,1007.0,0.9857265714953718,0.14484441697140277,4.702924464313288,4.702924464313288
eoffri,vq_ctw,30,linear,1024.0,5.0,1007.0,0.9838898254519662,0.1512245194600265,4.4978870225959895,4.4978870225959895
eoffri,vq_ctw,30,nearest,256.0,5.0,172.0,0.8598610403660125,1.010246168455145,4.396700702267194,4.396700702267194
eoffri,vq_ctw,30,nearest,512.0,5.0,172.0,0.8819270618352102,0.8582031535066668,4.352136725143453,4.352136725143453
eoffri,vq_ctw,30,nearest,1024.0,5.0,172.0,0.8561084699430176,1.0861997662544587,4.353355525682827,4.353355525682827
eoivqu,direct_ctw,30,linear,,5.0,1007.0,0.824792581958978,1.5374915664320128,1.726638676566824,1.864657175405439
eoivqu,markov_order_1,30,linear,,5.0,1007.0,0.6864696562693916,2.450497561924829,1.726638676566824,1.864657175405439
eoivqu,markov_order_2,30,linear,,5.0,1007.0,0.6423818668696974,2.71239871728314,1.726638676566824,1.864657175405439
eoivqu,vq_ctw,30,linear,256.0,5.0,1007.0,0.9434131428997943,0.4034323446695814,5.696101370808849,5.696101370808849
eoivqu,vq_ctw,30,linear,512.0,5.0,1007.0,0.9526120309592485,0.4254121798641028,6.166190898000342,6.166190898000342
eoivqu,vq_ctw,30,linear,1024.0,5.0,1007.0,0.9499268658100942,0.41614471881321424,5.869447569984936,5.869447569984936
eokrac,direct_ctw,30,linear,,5.0,1006.0,0.8334893437561428,1.4229115917919668,1.6644437442441944,1.824499023264641
eokrac,direct_ctw,30,nearest,,5.0,78.0,0.8295660558290373,1.0540946556811779,1.6612922674341144,1.8366962660785697
eokrac,markov_order_1,30,linear,,5.0,1006.0,0.7518535909179683,1.9606832501931195,1.6644437442441944,1.824499023264641
eokrac,markov_order_1,30,nearest,,5.0,78.0,0.6546521320867316,1.7269947287128797,1.6612922674341144,1.8366962660785697
eokrac,markov_order_2,30,linear,,5.0,1006.0,0.7253902138904816,2.123250248908879,1.6644437442441944,1.824499023264641
eokrac,markov_order_2,30,nearest,,5.0,78.0,0.6474140552884505,1.7539773679178792,1.6612922674341144,1.8366962660785697
eokrac,vq_ctw,30,linear,256.0,5.0,1006.0,0.9999999999980905,0.06408950549626018,4.284695964841318,4.284695964841318
eokrac,vq_ctw,30,linear,512.0,5.0,1006.0,0.9912713321090629,0.0809706411784899,4.329275391485874,4.329275391485874
eokrac,vq_ctw,30,linear,1024.0,5.0,1006.0,0.9907062870324088,0.08536739460897089,4.297527957201745,4.297527957201745
eokrac,vq_ctw,30,nearest,256.0,5.0,78.0,0.8535306961317073,1.0118179263339016,4.319830929688564,4.319830929688564
eokrac,vq_ctw,30,nearest,512.0,5.0,78.0,0.9038282302028531,0.7365336908468635,4.1460192388772,4.1460192388772
eokrac,vq_ctw,30,nearest,1024.0,5.0,78.0,0.8570811230344839,1.031736797414706,4.518286913054959,4.518286913054959
eolgug,direct_ctw,30,linear,,5.0,1007.0,0.8559583082089532,1.2274033785820337,1.6259007394149567,1.7764355891130381
eolgug,direct_ctw,30,nearest,,5.0,35.0,0.8044319069588988,1.104111417055384,1.6891441644221823,1.8709926000503039
eolgug,markov_order_1,30,linear,,5.0,1007.0,0.7875836674351082,1.6790761133712102,1.6259007394149567,1.7764355891130381
eolgug,markov_order_1,30,nearest,,5.0,35.0,0.6434582227954566,1.6528586637586349,1.6891441644221823,1.8709926000503039
eolgug,markov_order_2,30,linear,,5.0,1007.0,0.7660774587706464,1.8122488044973684,1.6259007394149567,1.7764355891130381
eolgug,markov_order_2,30,nearest,,5.0,35.0,0.6418778976073445,1.6573575488449308,1.6891441644221823,1.8709926000503039
eolgug,vq_ctw,30,linear,256.0,5.0,1007.0,0.9999999999980905,0.05997253461970358,3.769896692143076,3.769896692143076
eolgug,vq_ctw,30,linear,512.0,5.0,1007.0,0.9901987232287156,0.089274109023631,3.892293602880443,3.892293602880443
eolgug,vq_ctw,30,linear,1024.0,5.0,1007.0,0.9914205011727238,0.07980117337081628,3.839604623514403,3.839604623514403
eolgug,vq_ctw,30,nearest,256.0,5.0,35.0,0.8887992763767625,0.8371292845317259,4.6503559929953235,4.6503559929953235
eolgug,vq_ctw,30,nearest,512.0,5.0,35.0,0.8432275030929716,1.096849617354261,4.3039033802166236,4.3039033802166236
eolgug,vq_ctw,30,nearest,1024.0,5.0,35.0,0.8342673053841871,1.1131197644609094,4.810616626303513,4.810616626303513
eoslui,direct_ctw,30,linear,,5.0,992.0,0.8367122318588913,1.3095499266392288,1.5528230421176117,1.7296912025159181
eoslui,direct_ctw,30,nearest,,5.0,105.0,0.807824023800752,1.1260213058821507,1.6385535597366283,1.8472559902852395
eoslui,markov_order_1,30,linear,,5.0,992.0,0.784698479051598,1.631531906131555,1.5528230421176117,1.7296912025159181
eoslui,markov_order_1,30,nearest,,5.0,105.0,0.6540986473086933,1.678259447529811,1.6385535597366283,1.8472559902852395
eoslui,markov_order_2,30,linear,,5.0,992.0,0.7614110149146883,1.7679095374410536,1.5528230421176117,1.7296912025159181
eoslui,markov_order_2,30,nearest,,5.0,105.0,0.6463658830264449,1.708927846042434,1.6385535597366283,1.8472559902852395
eoslui,vq_ctw,30,linear,256.0,5.0,992.0,0.9999999999980905,0.04141265044277284,3.952684596562834,3.952684596562834
eoslui,vq_ctw,30,linear,512.0,5.0,992.0,0.9931004694507607,0.06635273476708113,4.009999175035958,4.009999175035958
eoslui,vq_ctw,30,linear,1024.0,5.0,992.0,0.9940953799222493,0.05811544013335803,4.041462677628616,4.041462677628616
eoslui,vq_ctw,30,nearest,256.0,5.0,105.0,0.8843482961637662,0.8774128523329456,4.296665590156991,4.296665590156991
eoslui,vq_ctw,30,nearest,512.0,5.0,105.0,0.8847368312177003,0.8954917947633164,3.973862680369852,3.973862680369852
eoslui,vq_ctw,30,nearest,1024.0,5.0,105.0,0.8754658179117308,1.0030439300167862,4.615757280668126,4.615757280668126
eovsyt,direct_ctw,30,linear,,5.0,1007.0,0.8224071558209207,1.4781349027758375,1.6547899226226446,1.8231380965169366
eovsyt,direct_ctw,30,nearest,,5.0,108.0,0.8328801660335872,1.0663466881469044,1.634039401529056,1.7751278793883083
eovsyt,markov_order_1,30,linear,,5.0,1007.0,0.7360485111707757,2.0266517856395385,1.6547899226226446,1.8231380965169366
eovsyt,markov_order_1,30,nearest,,5.0,108.0,0.6130387128654038,1.9287028164614453,1.634039401529056,1.7751278793883083
eovsyt,markov_order_2,30,linear,,5.0,1007.0,0.7074968986267264,2.1950886559742697,1.6547899226226446,1.8231380965169366
eovsyt,markov_order_2,30,nearest,,5.0,108.0,0.6174596760061772,1.9149640604539062,1.634039401529056,1.7751278793883083
eovsyt,vq_ctw,30,linear,256.0,5.0,1007.0,0.9895713078721414,0.09405057582059557,4.656650436387191,4.656650436387191
eovsyt,vq_ctw,30,linear,512.0,5.0,1007.0,0.9909557702184615,0.09538827937497647,4.777412688536911,4.777412688536911
eovsyt,vq_ctw,30,linear,1024.0,5.0,1007.0,0.9935113414239047,0.06946672442881771,4.710492804242497,4.710492804242497
eovsyt,vq_ctw,30,nearest,256.0,5.0,108.0,0.8592180002662736,1.038354475000574,4.548934138598919,4.548934138598919
eovsyt,vq_ctw,30,nearest,512.0,5.0,108.0,0.852587923124704,1.0512338682466498,4.67054561673017,4.67054561673017
eovsyt,vq_ctw,30,nearest,1024.0,5.0,108.0,0.8752914103507471,0.9684294971146249,4.439107491235542,4.439107491235542
eoydba,direct_ctw,30,linear,,5.0,609.0,0.8817776298084578,1.0514340206157349,1.509749656826805,1.735254399020027
eoydba,direct_ctw,30,nearest,,5.0,35.0,0.8863477928672641,0.7381391872571853,1.33150228279272,1.5398895145446767
eoydba,markov_order_1,30,linear,,5.0,609.0,0.794953320058404,1.6462989922779065,1.509749656826805,1.735254399020027
eoydba,markov_order_1,30,nearest,,5.0,35.0,0.7607557937730477,1.2722695724814128,1.33150228279272,1.5398895145446767
eoydba,markov_order_2,30,linear,,5.0,609.0,0.7600651381648532,1.8649050493122432,1.509749656826805,1.735254399020027
eoydba,markov_order_2,30,nearest,,5.0,35.0,0.8137490767106192,1.0660643132176515,1.33150228279272,1.5398895145446767
eoydba,vq_ctw,30,linear,256.0,5.0,609.0,0.9944160068979843,0.05541078244615161,5.516620113958147,5.516620113958147
eoydba,vq_ctw,30,linear,512.0,5.0,609.0,0.9780644555712104,0.2137552011992457,4.330398699121423,4.330398699121423
eoydba,vq_ctw,30,linear,1024.0,5.0,609.0,0.9850703726687546,0.13559852137930134,4.760382692506566,4.760382692506566
eoydba,vq_ctw,30,nearest,256.0,5.0,35.0,0.8972035639154697,0.8036549135652167,3.6655050175145547,3.6655050175145547
eoydba,vq_ctw,30,nearest,512.0,5.0,35.0,0.8715402702211422,0.9799327911123159,3.336637530703783,3.336637530703783
eoydba,vq_ctw,30,nearest,1024.0,5.0,35.0,0.8898754711837161,0.8950837665875871,3.887086017068095,3.887086017068095
epabca,direct_ctw,30,linear,,5.0,1007.0,0.8188304136268005,1.4656309156681202,1.484342464469333,1.680846896914469
epabca,direct_ctw,30,nearest,,5.0,196.0,0.8426614180791385,0.9937775515098405,1.4439979354640002,1.635483669188672
epabca,markov_order_1,30,linear,,5.0,1007.0,0.733811954268718,1.986386975503887,1.484342464469333,1.680846896914469
epabca,markov_order_1,30,nearest,,5.0,196.0,0.6879970768269202,1.6148013942359345,1.4439979354640002,1.635483669188672
epabca,markov_order_2,30,linear,,5.0,1007.0,0.7111472972897315,2.115635202644335,1.484342464469333,1.680846896914469
epabca,markov_order_2,30,nearest,,5.0,196.0,0.6768655396907672,1.662691943861549,1.4439979354640002,1.635483669188672
epabca,vq_ctw,30,linear,256.0,5.0,1007.0,0.9924282213895977,0.07622762336796766,4.951076017576681,4.951076017576681
epabca,vq_ctw,30,linear,512.0,5.0,1007.0,0.9905891079387594,0.0917778467058182,5.00270621258382,5.00270621258382
epabca,vq_ctw,30,linear,1024.0,5.0,1007.0,0.990847064122973,0.08963089864433593,4.868475197172849,4.868475197172849
epabca,vq_ctw,30,nearest,256.0,5.0,196.0,0.8558348402449852,1.023182098481133,4.172091628663275,4.172091628663275
epabca,vq_ctw,30,nearest,512.0,5.0,196.0,0.8629361224212143,1.0151658262301613,4.316557218940446,4.316557218940446
epabca,vq_ctw,30,nearest,1024.0,5.0,196.0,0.8691739156665274,1.0351019111307391,4.474204172167847,4.474204172167847
epemva,direct_ctw,30,linear,,5.0,1007.0,0.8361584317165223,1.3266281571791967,1.6189948139048755,1.7878365035883568
epemva,direct_ctw,30,nearest,,5.0,375.0,0.8370392275081106,0.9889427313950112,1.4795475254472414,1.6593905437776713
epemva,markov_order_1,30,linear,,5.0,1007.0,0.7747458540537953,1.7089389220743936,1.6189948139048755,1.7878365035883568
epemva,markov_order_1,30,nearest,,5.0,375.0,0.6945239359315009,1.5401968488873894,1.4795475254472414,1.6593905437776713
epemva,markov_order_2,30,linear,,5.0,1007.0,0.7553180149110982,1.823045473159855,1.6189948139048755,1.7878365035883568
epemva,markov_order_2,30,nearest,,5.0,375.0,0.6873169243561703,1.5658559230369158,1.4795475254472414,1.6593905437776713
epemva,vq_ctw,30,linear,256.0,5.0,1007.0,0.9999999999980905,0.032354697354544236,3.990649724060755,3.990649724060755
epemva,vq_ctw,30,linear,512.0,5.0,1007.0,0.9942940730824494,0.05644242575978761,3.905818533910396,3.905818533910396
epemva,vq_ctw,30,linear,1024.0,5.0,1007.0,0.9957282385720736,0.04404426280129439,3.9569302213675117,3.9569302213675117
epemva,vq_ctw,30,nearest,256.0,5.0,375.0,0.882756894633495,0.8722863224433431,4.305719218364222,4.305719218364222
epemva,vq_ctw,30,nearest,512.0,5.0,375.0,0.8774763021474761,0.9133200832426326,4.37349289519378,4.37349289519378
epemva,vq_ctw,30,nearest,1024.0,5.0,375.0,0.8740710800691633,0.9822904064168686,4.446927148352646,4.446927148352646
epkiap,direct_ctw,30,linear,,5.0,1007.0,0.8210176614223147,1.498473023905,1.6489052082462452,1.8141669609279552
epkiap,direct_ctw,30,nearest,,5.0,76.0,0.8267261220677962,1.0635643232321512,1.5883796934970897,1.7992142606798247
epkiap,markov_order_1,30,linear,,5.0,1007.0,0.7346042588173842,2.0516094700415004,1.6489052082462452,1.8141669609279552
epkiap,markov_order_1,30,nearest,,5.0,76.0,0.6662204010327588,1.697515176761941,1.5883796934970897,1.7992142606798247
epkiap,markov_order_2,30,linear,,5.0,1007.0,0.7054273360986809,2.2251596485638188,1.6489052082462452,1.8141669609279552
epkiap,markov_order_2,30,nearest,,5.0,76.0,0.6443920852981169,1.7689936822957524,1.5883796934970897,1.7992142606798247
epkiap,vq_ctw,30,linear,256.0,5.0,1007.0,0.9830214249658983,0.14110076166784935,4.58144568094344,4.58144568094344
epkiap,vq_ctw,30,linear,512.0,5.0,1007.0,0.9820967382974594,0.17107040350434619,4.61853507268411,4.61853507268411
epkiap,vq_ctw,30,linear,1024.0,5.0,1007.0,0.9839541146638437,0.1558799813498935,4.627927684763378,4.627927684763378
epkiap,vq_ctw,30,nearest,256.0,5.0,76.0,0.8685837264619535,0.9768785740011104,4.467761392506002,4.467761392506002
epkiap,vq_ctw,30,nearest,512.0,5.0,76.0,0.882904303105055,0.8741308169515983,4.274042008024727,4.274042008024727
epkiap,vq_ctw,30,nearest,1024.0,5.0,76.0,0.8734557190477444,0.993107099452149,4.2479032666371594,4.2479032666371594
equioc,direct_ctw,30,linear,,5.0,1007.0,0.8274213909456012,1.5264627323630238,1.5272019737413391,1.691742726566623
equioc,direct_ctw,30,nearest,,5.0,162.0,0.8455706866762667,0.9853591322061949,1.4720193627303169,1.6452075762430385
equioc,markov_order_1,30,linear,,5.0,1007.0,0.7366824533087124,2.14829917804893,1.5272019737413391,1.691742726566623
equioc,markov_order_1,30,nearest,,5.0,162.0,0.6797388883474291,1.6621944078576767,1.4720193627303169,1.6452075762430385
equioc,markov_order_2,30,linear,,5.0,1007.0,0.6946750695056578,2.414327633160782,1.5272019737413391,1.691742726566623
equioc,markov_order_2,30,nearest,,5.0,162.0,0.6706208684251905,1.6938179065703864,1.4720193627303169,1.6452075762430385
equioc,vq_ctw,30,linear,256.0,5.0,1007.0,0.9815392850131875,0.1619679627491771,5.250461399148262,5.250461399148262
equioc,vq_ctw,30,linear,512.0,5.0,1007.0,0.9803096615059474,0.19059712254632225,5.3940413885873095,5.3940413885873095
equioc,vq_ctw,30,linear,1024.0,5.0,1007.0,0.9813963188925676,0.1816169837635375,5.23310660181897,5.23310660181897
equioc,vq_ctw,30,nearest,256.0,5.0,162.0,0.8540680952971033,1.015937614935589,4.713316060309913,4.713316060309913
equioc,vq_ctw,30,nearest,512.0,5.0,162.0,0.8542504915843725,1.0485927427887098,4.5441510107239935,4.5441510107239935
equioc,vq_ctw,30,nearest,1024.0,5.0,162.0,0.8755332231002084,0.9966337669706351,4.873129672839627,4.873129672839627
equoaw,direct_ctw,30,linear,,5.0,1007.0,0.8750257279599967,1.1088210737125548,1.6489488664804857,1.8108612181082044
equoaw,direct_ctw,30,nearest,,5.0,183.0,0.830302406181277,1.0336391486531509,1.6512452621754188,1.82147060387383
equoaw,markov_order_1,30,linear,,5.0,1007.0,0.8083634444913714,1.571762312935959,1.6489488664804857,1.8108612181082044
equoaw,markov_order_1,30,nearest,,5.0,183.0,0.6628312561174274,1.686548154406503,1.6512452621754188,1.82147060387383
equoaw,markov_order_2,30,linear,,5.0,1007.0,0.7833045279252264,1.7343228557776793,1.6489488664804857,1.8108612181082044
equoaw,markov_order_2,30,nearest,,5.0,183.0,0.6646480445340902,1.6852796106471335,1.6512452621754188,1.82147060387383
equoaw,vq_ctw,30,linear,256.0,5.0,1007.0,0.9999999999980905,0.03455118279191412,4.544074720142351,4.544074720142351
equoaw,vq_ctw,30,linear,512.0,5.0,1007.0,0.9840355549521842,0.1341031127129156,3.81033129060239,3.81033129060239
equoaw,vq_ctw,30,linear,1024.0,5.0,1007.0,0.9925361906052029,0.07092984752056773,4.208231458123281,4.208231458123281
equoaw,vq_ctw,30,nearest,256.0,5.0,183.0,0.8739795096884152,0.8932997236882322,4.441871553989258,4.441871553989258
equoaw,vq_ctw,30,nearest,512.0,5.0,183.0,0.8755234556772126,0.8987015216820505,4.3704421896704995,4.3704421896704995
equoaw,vq_ctw,30,nearest,1024.0,5.0,183.0,0.8656097272787912,1.0249612636402978,4.565796866732073,4.565796866732073
erjboy,direct_ctw,30,linear,,5.0,1007.0,0.8420162969407538,1.4046727844755664,1.6825554132408973,1.8321255347148806
erjboy,direct_ctw,30,nearest,,5.0,145.0,0.8408944363899712,1.0182548797951383,1.6163058839796685,1.7576566672397804
erjboy,markov_order_1,30,linear,,5.0,1007.0,0.7587042575173029,1.9812002316815422,1.6825554132408973,1.8321255347148806
erjboy,markov_order_1,30,nearest,,5.0,145.0,0.6540090403793478,1.7824804787452868,1.6163058839796685,1.7576566672397804
erjboy,markov_order_2,30,linear,,5.0,1007.0,0.7230606933294524,2.210157686525141,1.6825554132408973,1.8321255347148806
erjboy,markov_order_2,30,nearest,,5.0,145.0,0.6448636098794054,1.8143768240932379,1.6163058839796685,1.7576566672397804
erjboy,vq_ctw,30,linear,256.0,5.0,1007.0,0.9812828258135975,0.16384199092764862,4.431664135174113,4.431664135174113
erjboy,vq_ctw,30,linear,512.0,5.0,1007.0,0.9829326380267394,0.16427092002791943,4.792660959025249,4.792660959025249
erjboy,vq_ctw,30,linear,1024.0,5.0,1007.0,0.9794894889336734,0.1919213331862347,4.563241362760672,4.563241362760672
erjboy,vq_ctw,30,nearest,256.0,5.0,145.0,0.8718165682922389,0.9407306943985501,5.484693387517352,5.484693387517352
erjboy,vq_ctw,30,nearest,512.0,5.0,145.0,0.863233484076573,0.9730191630515111,6.0886662685821005,6.0886662685821005
erjboy,vq_ctw,30,nearest,1024.0,5.0,145.0,0.8841465690291979,0.9175605300972856,6.452049904911094,6.452049904911094
erjcre,direct_ctw,30,linear,,5.0,1005.0,0.8266373291546931,1.3882489735352284,1.7433339921617295,1.9112095275036933
erjcre,direct_ctw,30,nearest,,5.0,137.0,0.841449536376096,0.9732866714393735,1.5638291681996748,1.7339123017030802
erjcre,markov_order_1,30,linear,,5.0,1005.0,0.7486309637310599,1.861630822727236,1.7433339921617295,1.9112095275036933
erjcre,markov_order_1,30,nearest,,5.0,137.0,0.6819714604959121,1.594433936405078,1.5638291681996748,1.7339123017030802
erjcre,markov_order_2,30,linear,,5.0,1005.0,0.7256811605761901,1.991482849000135,1.7433339921617295,1.9112095275036933
erjcre,markov_order_2,30,nearest,,5.0,137.0,0.6796171650538421,1.6023054405968244,1.5638291681996748,1.7339123017030802
erjcre,vq_ctw,30,linear,256.0,5.0,1005.0,0.9999999999980905,0.03241045729829106,5.400933898861013,5.400933898861013
erjcre,vq_ctw,30,linear,512.0,5.0,1005.0,0.9999999999980905,0.04182239523151102,5.490079429065774,5.490079429065774
erjcre,vq_ctw,30,linear,1024.0,5.0,1005.0,0.9916056212959292,0.07834459796948794,5.174512887687089,5.174512887687089
erjcre,vq_ctw,30,nearest,256.0,5.0,137.0,0.8673493132358769,0.8425596864594808,4.482500565983945,4.482500565983945
erjcre,vq_ctw,30,nearest,512.0,5.0,137.0,0.9325640632082294,0.49485051353272336,4.332356174578602,4.332356174578602
erjcre,vq_ctw,30,nearest,1024.0,5.0,137.0,0.8586753596570884,0.9901114023705677,4.573582260252521,4.573582260252521
erjtai,direct_ctw,30,linear,,5.0,1007.0,0.8217615174064963,1.503922179838047,1.6607378306400582,1.8345202275614048
erjtai,markov_order_1,30,linear,,5.0,1007.0,0.7066932654702628,2.2350288464235746,1.6607378306400582,1.8345202275614048
erjtai,markov_order_2,30,linear,,5.0,1007.0,0.668169610900468,2.4577581583836787,1.6607378306400582,1.8345202275614048
erjtai,vq_ctw,30,linear,256.0,5.0,1007.0,0.9784667051562318,0.171498404938192,6.650077375521137,6.650077375521137
erjtai,vq_ctw,30,linear,512.0,5.0,1007.0,0.9786941987831118,0.20852372502685718,6.8180021150344565,6.8180021150344565
erjtai,vq_ctw,30,linear,1024.0,5.0,1007.0,0.9779576395803351,0.20393993627284332,6.646191227602642,6.646191227602642
erulgh,direct_ctw,30,linear,,5.0,1007.0,0.8428973598049614,1.3982183399751766,1.6186814792992723,1.7964222117627384
erulgh,direct_ctw,30,nearest,,5.0,158.0,0.8425721423457823,1.0788472595372303,1.5349295835299581,1.716750009357198
erulgh,markov_order_1,30,linear,,5.0,1007.0,0.75794521774463,1.9861769800544886,1.6186814792992723,1.7964222117627384
erulgh,markov_order_1,30,nearest,,5.0,158.0,0.6754257005176836,1.835141569167242,1.5349295835299581,1.716750009357198
erulgh,markov_order_2,30,linear,,5.0,1007.0,0.7219814647683159,2.2169433930513076,1.6186814792992723,1.7964222117627384
erulgh,markov_order_2,30,nearest,,5.0,158.0,0.6628293972551259,1.883448713899829,1.5349295835299581,1.716750009357198
erulgh,vq_ctw,30,linear,256.0,5.0,1007.0,0.9853414895468929,0.133526560146258,4.48007759176057,4.48007759176057
erulgh,vq_ctw,30,linear,512.0,5.0,1007.0,0.9765020737531379,0.2266207726393724,4.507399303731185,4.507399303731185
erulgh,vq_ctw,30,linear,1024.0,5.0,1007.0,0.9837748984854772,0.16523498809449544,4.426923767654933,4.426923767654933
erulgh,vq_ctw,30,nearest,256.0,5.0,158.0,0.8565228999829484,1.0477387898332127,4.457801049632207,4.457801049632207
erulgh,vq_ctw,30,nearest,512.0,5.0,158.0,0.8601169997247623,1.0437465708568445,4.307962979179137,4.307962979179137
erulgh,vq_ctw,30,nearest,1024.0,5.0,158.0,0.8658379132566947,1.0602251029358694,4.495274458093679,4.495274458093679
erwumu,direct_ctw,30,linear,,5.0,1006.0,0.8409327797119206,1.3414227639688445,1.6246601302496624,1.7826107608077066
erwumu,direct_ctw,30,nearest,,5.0,123.0,0.820524362123941,1.0333161258704815,1.5196103889791372,1.7113795979381001
erwumu,markov_order_1,30,linear,,5.0,1006.0,0.7659688313719154,1.8286186081275408,1.6246601302496624,1.7826107608077066
erwumu,markov_order_1,30,nearest,,5.0,123.0,0.680445249962006,1.5355371456687144,1.5196103889791372,1.7113795979381001
erwumu,markov_order_2,30,linear,,5.0,1006.0,0.7410422988754999,1.979973612860966,1.6246601302496624,1.7826107608077066
erwumu,markov_order_2,30,nearest,,5.0,123.0,0.6800576733678151,1.5369826645975604,1.5196103889791372,1.7113795979381001
erwumu,vq_ctw,30,linear,256.0,5.0,1006.0,0.9865023903247949,0.11667423853923652,4.062151710545692,4.062151710545692
erwumu,vq_ctw,30,linear,512.0,5.0,1006.0,0.9836351403200174,0.162814689725017,4.161363345969063,4.161363345969063
erwumu,vq_ctw,30,linear,1024.0,5.0,1006.0,0.9903054091836764,0.09815078527221836,4.233671573332623,4.233671573332623
erwumu,vq_ctw,30,nearest,256.0,5.0,123.0,0.8888432567039813,0.8106176562184195,4.434443113820034,4.434443113820034
erwumu,vq_ctw,30,nearest,512.0,5.0,123.0,0.8703135304794836,0.9095191868492083,4.208978761379261,4.208978761379261
erwumu,vq_ctw,30,nearest,1024.0,5.0,123.0,0.8422926837170269,1.0664554407959093,4.370169866622978,4.370169866622978
eryeig,direct_ctw,30,linear,,5.0,1007.0,0.8058604110550072,1.486609636762767,1.6834068113313203,1.8370733703135171
eryeig,direct_ctw,30,nearest,,5.0,182.0,0.8250913070217257,1.0816080784784157,1.6200565817011445,1.7892448035984316
eryeig,markov_order_1,30,linear,,5.0,1007.0,0.7242753189634703,1.95245850557611,1.6834068113313203,1.8370733703135171
eryeig,markov_order_1,30,nearest,,5.0,182.0,0.6345386026030438,1.813457683552043,1.6200565817011445,1.7892448035984316
eryeig,markov_order_2,30,linear,,5.0,1007.0,0.7037701999357086,2.0615524914447683,1.6834068113313203,1.8370733703135171
eryeig,markov_order_2,30,nearest,,5.0,182.0,0.6426460455344173,1.7923699158011166,1.6200565817011445,1.7892448035984316
eryeig,vq_ctw,30,linear,256.0,5.0,1007.0,0.9911299123622667,0.08207592810413657,4.593937286140291,4.593937286140291
eryeig,vq_ctw,30,linear,512.0,5.0,1007.0,0.9897386833462616,0.10634660341494644,4.596672821526052,4.596672821526052
eryeig,vq_ctw,30,linear,1024.0,5.0,1007.0,0.9904764306547089,0.09271240214653499,4.528244929439975,4.528244929439975
eryeig,vq_ctw,30,nearest,256.0,5.0,182.0,0.8679060523648638,0.9872159449590838,4.434645076573048,4.434645076573048
eryeig,vq_ctw,30,nearest,512.0,5.0,182.0,0.8760668306944888,0.9507901986211432,4.243497523691451,4.243497523691451
eryeig,vq_ctw,30,nearest,1024.0,5.0,182.0,0.8758193387147992,1.0095599461283546,4.292162897647649,4.292162897647649
eshria,direct_ctw,30,linear,,5.0,1008.0,0.8681818257311447,1.1012054229699977,1.7034292326412916,1.844812806824769
eshria,direct_ctw,30,nearest,,5.0,66.0,0.8292943412734833,0.9680875709063888,1.602670580762654,1.7556261341792285
eshria,markov_order_1,30,linear,,5.0,1008.0,0.8129471783752813,1.459836774710602,1.7034292326412916,1.844812806824769
eshria,markov_order_1,30,nearest,,5.0,66.0,0.709718572885564,1.3901464894288462,1.602670580762654,1.7556261341792285
eshria,markov_order_2,30,linear,,5.0,1008.0,0.8061479772143928,1.501823340827585,1.7034292326412916,1.844812806824769
eshria,markov_order_2,30,nearest,,5.0,66.0,0.695719312521534,1.4364540109804886,1.602670580762654,1.7556261341792285
eshria,vq_ctw,30,linear,256.0,5.0,1008.0,0.9932009586181406,0.06553074056359606,3.5831498258014456,3.5831498258014456
eshria,vq_ctw,30,linear,512.0,5.0,1008.0,0.9942036989950004,0.06059522665530083,3.7525410784735467,3.7525410784735467
eshria,vq_ctw,30,linear,1024.0,5.0,1008.0,0.9915375432746433,0.0788809380665256,3.620508955365587,3.620508955365587
eshria,vq_ctw,30,nearest,256.0,5.0,66.0,0.8908575380973419,0.7334244351096141,4.1995691301361155,4.1995691301361155
eshria,vq_ctw,30,nearest,512.0,5.0,66.0,0.8967407479235785,0.7312390231101978,4.256121447808742,4.256121447808742
eshria,vq_ctw,30,nearest,1024.0,5.0,66.0,0.8509600759850795,0.9688554945851674,4.546086083177506,4.546086083177506
eshroa,direct_ctw,30,linear,,5.0,1007.0,0.8375876078637317,1.4446725273852623,1.6046172462172128,1.7786585636695897
eshroa,direct_ctw,30,nearest,,5.0,39.0,0.8066982547164349,1.0949310733371622,1.5604721327237614,1.7837189989518816
eshroa,markov_order_1,30,linear,,5.0,1007.0,0.7689171303931368,1.9247241175776575,1.6046172462172128,1.7786585636695897
eshroa,markov_order_1,30,nearest,,5.0,39.0,0.6117661516179889,1.7401180223274246,1.5604721327237614,1.7837189989518816
eshroa,markov_order_2,30,linear,,5.0,1007.0,0.7280606084964333,2.1914749263033597,1.6046172462172128,1.7786585636695897
eshroa,markov_order_2,30,nearest,,5.0,39.0,0.6352454246368348,1.6760683529512783,1.5604721327237614,1.7837189989518816
eshroa,vq_ctw,30,linear,256.0,5.0,1007.0,0.9944342930092832,0.05851146831730735,4.032387824239494,4.032387824239494
eshroa,vq_ctw,30,linear,512.0,5.0,1007.0,0.9916550239712877,0.09303721899554862,4.081545349113098,4.081545349113098
eshroa,vq_ctw,30,linear,1024.0,5.0,1007.0,0.9909220764520072,0.09569472081291376,4.006827242621244,4.006827242621244
eshroa,vq_ctw,30,nearest,256.0,5.0,39.0,0.8540941775420118,1.0372165357372132,4.110080411871545,4.110080411871545
eshroa,vq_ctw,30,nearest,512.0,5.0,39.0,0.8750679981596252,0.9393985938968186,4.121279056956885,4.121279056956885
eshroa,vq_ctw,30,nearest,1024.0,5.0,39.0,0.8690891014986741,1.0292417081483463,4.53326032701895,4.53326032701895
esnddc,direct_ctw,30,linear,,5.0,1007.0,0.8630077646514125,1.1960000818463736,1.529770823451832,1.7138920856125015
esnddc,direct_ctw,30,nearest,,5.0,175.0,0.8519645345949048,0.8715055804657937,1.5249930604233,1.6945510887858655
esnddc,markov_order_1,30,linear,,5.0,1007.0,0.8094368562445375,1.5646722149773047,1.529770823451832,1.7138920856125015
esnddc,markov_order_1,30,nearest,,5.0,175.0,0.7523790370232167,1.2475733732131138,1.5249930604233,1.6945510887858655
esnddc,markov_order_2,30,linear,,5.0,1007.0,0.7852843556314588,1.7216798766449006,1.529770823451832,1.7138920856125015
esnddc,markov_order_2,30,nearest,,5.0,175.0,0.7380449623390262,1.3028447444169253,1.5249930604233,1.6945510887858655
esnddc,vq_ctw,30,linear,256.0,5.0,1007.0,0.9999999999980905,0.026764543015439526,3.916492956279594,3.916492956279594
esnddc,vq_ctw,30,linear,512.0,5.0,1007.0,0.9918971915021014,0.08077818627210696,3.9193336718349263,3.9193336718349263
esnddc,vq_ctw,30,linear,1024.0,5.0,1007.0,0.9923443499127801,0.07694985132674922,3.934173533680024,3.934173533680024
esnddc,vq_ctw,30,nearest,256.0,5.0,175.0,0.8778581425954148,0.8202594691991544,4.0854716133015065,4.0854716133015065
esnddc,vq_ctw,30,nearest,512.0,5.0,175.0,0.8894232360761408,0.766634669881467,3.9748266038944933,3.9748266038944933
esnddc,vq_ctw,30,nearest,1024.0,5.0,175.0,0.8530038288981978,0.976999687787008,4.028035000083169,4.028035000083169
esudce,direct_ctw,30,linear,,5.0,1007.0,0.8634963420328865,1.2008726033195734,1.6501500486393192,1.8195492986627286
esudce,direct_ctw,30,nearest,,5.0,34.0,0.8479410825523108,0.968038725008762,1.462688774531902,1.6178971314217803
esudce,markov_order_1,30,linear,,5.0,1007.0,0.7852316250203992,1.7352039379870632,1.6501500486393192,1.8195492986627286
esudce,markov_order_1,30,nearest,,5.0,34.0,0.6877593286331712,1.6207434066883994,1.462688774531902,1.6178971314217803
esudce,markov_order_2,30,linear,,5.0,1007.0,0.7561893023661802,1.9191830195009778,1.6501500486393192,1.8195492986627286
esudce,markov_order_2,30,nearest,,5.0,34.0,0.6399351012657392,1.7787818512000053,1.462688774531902,1.6178971314217803
esudce,vq_ctw,30,linear,256.0,5.0,1007.0,0.9793821158809313,0.16551375545295172,4.410086165784416,4.410086165784416
esudce,vq_ctw,30,linear,512.0,5.0,1007.0,0.9786221610256212,0.2043692712295773,4.8819429767775855,4.8819429767775855
esudce,vq_ctw,30,linear,1024.0,5.0,1007.0,0.9729112178019569,0.2424734365054667,4.642199650520338,4.642199650520338
esudce,vq_ctw,30,nearest,256.0,5.0,34.0,0.8592819395118658,1.0535715410644757,4.582786328734914,4.582786328734914
esudce,vq_ctw,30,nearest,512.0,5.0,34.0,0.8710685871184833,0.9412945195720426,4.293914642120342,4.293914642120342
esudce,vq_ctw,30,nearest,1024.0,5.0,34.0,0.8808844177102969,0.9388854909477613,4.746495610558878,4.746495610558878
etalra,direct_ctw,30,linear,,5.0,1005.0,0.7987219621130344,1.8233405026022231,1.6125582487905024,1.7743373589531717
etalra,direct_ctw,30,nearest,,5.0,37.0,0.8613837063014265,0.9697486410701367,1.6006054581091838,1.7976801234818092
etalra,markov_order_1,30,linear,,5.0,1005.0,0.6505397339057427,2.8414395295836767,1.6125582487905024,1.7743373589531717
etalra,markov_order_1,30,nearest,,5.0,37.0,0.6281122190409572,1.9961315528706176,1.6006054581091838,1.7976801234818092
etalra,markov_order_2,30,linear,,5.0,1005.0,0.5785948229893867,3.2827351371955182,1.6125582487905024,1.7743373589531717
etalra,markov_order_2,30,nearest,,5.0,37.0,0.5885958714641721,2.1321892920380057,1.6006054581091838,1.7976801234818092
etalra,vq_ctw,30,linear,256.0,5.0,1005.0,0.9519787329763914,0.35404313212392674,5.986004271467184,5.986004271467184
etalra,vq_ctw,30,linear,512.0,5.0,1005.0,0.9486501565252305,0.44615308705971213,6.192472829316353,6.192472829316353
etalra,vq_ctw,30,linear,1024.0,5.0,1005.0,0.9518423464314822,0.390337254799471,6.007322551854499,6.007322551854499
etalra,vq_ctw,30,nearest,256.0,5.0,37.0,0.8565371981814824,1.0236246313264983,4.4036629637195706,4.4036629637195706
etalra,vq_ctw,30,nearest,512.0,5.0,37.0,0.862067786452102,1.0732795550332774,4.398007014400844,4.398007014400844
etalra,vq_ctw,30,nearest,1024.0,5.0,37.0,0.8747683340617877,1.0076266885732885,4.57304000977799,4.57304000977799
etirnf,direct_ctw,30,linear,,5.0,158.0,0.8868249488870327,0.9403167973533816,1.5688005502477387,1.7107491139945008
etirnf,markov_order_1,30,linear,,5.0,158.0,0.7303729897243951,1.8674946348812924,1.5688005502477387,1.7107491139945008
etirnf,markov_order_2,30,linear,,5.0,158.0,0.7050666665887083,1.9979248561714458,1.5688005502477387,1.7107491139945008
etirnf,vq_ctw,30,linear,256.0,5.0,158.0,0.97749945413575,0.17775965377373368,5.268176244626099,5.268176244626099
etirnf,vq_ctw,30,linear,512.0,5.0,158.0,0.975118586035892,0.22580659391109745,4.719969036204802,4.719969036204802
etirnf,vq_ctw,30,linear,1024.0,5.0,158.0,0.9845981803072703,0.13018053684167447,5.338008171654853,5.338008171654853
etnads,direct_ctw,30,linear,,5.0,1007.0,0.8362631197080741,1.383848799072702,1.6697044566174464,1.8357929158397535
etnads,direct_ctw,30,nearest,,5.0,117.0,0.839047272872043,0.9718702816949681,1.6547716635357854,1.823342048123598
etnads,markov_order_1,30,linear,,5.0,1007.0,0.7703504234081315,1.8162340243246569,1.6697044566174464,1.8357929158397535
etnads,markov_order_1,30,nearest,,5.0,117.0,0.6833078491415258,1.563335660756575,1.6547716635357854,1.823342048123598
etnads,markov_order_2,30,linear,,5.0,1007.0,0.7382218887500823,2.0135872352331425,1.6697044566174464,1.8357929158397535
etnads,markov_order_2,30,nearest,,5.0,117.0,0.6719498544511066,1.5994510916611706,1.6547716635357854,1.823342048123598
etnads,vq_ctw,30,linear,256.0,5.0,1007.0,0.9987752755831963,0.014837705810725315,4.22004132464139,4.22004132464139
etnads,vq_ctw,30,linear,512.0,5.0,1007.0,0.9910232537940102,0.08815841987835561,4.247677666415609,4.247677666415609
etnads,vq_ctw,30,linear,1024.0,5.0,1007.0,0.9938948264015507,0.06336557584192315,4.194072852804442,4.194072852804442
etnads,vq_ctw,30,nearest,256.0,5.0,117.0,0.858379308805725,0.9830528979018442,4.40190993010339,4.40190993010339
etnads,vq_ctw,30,nearest,512.0,5.0,117.0,0.8883534562251323,0.8203770945754828,4.696154563059632,4.696154563059632
etnads,vq_ctw,30,nearest,1024.0,5.0,117.0,0.8588633060569536,1.0322909787607293,4.945667298128766,4.945667298128766
eufdod,direct_ctw,30,linear,,5.0,1004.0,0.8310526384441546,1.3729672591231772,1.7804116195679667,1.9311807637396863
eufdod,direct_ctw,30,nearest,,5.0,104.0,0.8493689970174072,0.9933024612849661,1.6840050026366329,1.8539473192403624
eufdod,markov_order_1,30,linear,,5.0,1004.0,0.7486400320189689,1.8811854395657177,1.7804116195679667,1.9311807637396863
eufdod,markov_order_1,30,nearest,,5.0,104.0,0.6512606211318162,1.828679177396643,1.6840050026366329,1.8539473192403624
eufdod,markov_order_2,30,linear,,5.0,1004.0,0.7247469236895139,2.0181570023855473,1.7804116195679667,1.9311807637396863
eufdod,markov_order_2,30,nearest,,5.0,104.0,0.6541946059175987,1.8181612603133175,1.6840050026366329,1.8539473192403624
eufdod,vq_ctw,30,linear,256.0,5.0,1004.0,0.9999999999980905,0.06419680406457266,6.01932758479376,6.01932758479376
eufdod,vq_ctw,30,linear,512.0,5.0,1004.0,0.9927488774400594,0.06921219459776973,6.098521149882858,6.098521149882858
eufdod,vq_ctw,30,linear,1024.0,5.0,1004.0,0.9940356404539794,0.05861653954020809,5.9060150382318435,5.9060150382318435
eufdod,vq_ctw,30,nearest,256.0,5.0,104.0,0.8667723367082976,0.9729514659280505,4.4108721460137295,4.4108721460137295
eufdod,vq_ctw,30,nearest,512.0,5.0,104.0,0.8586254536613137,1.0277937753567508,4.42479280214854,4.42479280214854
eufdod,vq_ctw,30,nearest,1024.0,5.0,104.0,0.8762839445528938,0.9720474177642076,5.02108123179005,5.02108123179005
evbacc,direct_ctw,30,linear,,5.0,999.0,0.8120481325307207,1.4809124004986998,1.6341131572384515,1.8015712088477325
evbacc,direct_ctw,30,nearest,,5.0,108.0,0.8161168395043754,1.072702237475252,1.625920759300053,1.77990421924262
evbacc,markov_order_1,30,linear,,5.0,999.0,0.7331398949313437,1.9497095380742593,1.6341131572384515,1.8015712088477325
evbacc,markov_order_1,30,nearest,,5.0,108.0,0.6218070825085161,1.7404667429177296,1.625920759300053,1.77990421924262
evbacc,markov_order_2,30,linear,,5.0,999.0,0.7136788805360357,2.057859052631721,1.6341131572384515,1.8015712088477325
evbacc,markov_order_2,30,nearest,,5.0,108.0,0.6247795723134708,1.7395599023020016,1.625920759300053,1.77990421924262
evbacc,vq_ctw,30,linear,256.0,5.0,999.0,0.9999999999980905,0.0949891154181932,4.6339276597546855,4.6339276597546855
evbacc,vq_ctw,30,linear,512.0,5.0,999.0,0.9856589295076738,0.12270225378716207,4.838645460358947,4.838645460358947
evbacc,vq_ctw,30,linear,1024.0,5.0,999.0,0.988367345532357,0.10306470169608752,4.6963233557813595,4.6963233557813595
evbacc,vq_ctw,30,nearest,256.0,5.0,108.0,0.8758962063075726,0.8839715410289315,4.324210860588216,4.324210860588216
evbacc,vq_ctw,30,nearest,512.0,5.0,108.0,0.885973966091151,0.863195906634185,4.187182634151646,4.187182634151646
evbacc,vq_ctw,30,nearest,1024.0,5.0,108.0,0.8636523857252746,1.0105028660939286,4.6695799790110994,4.6695799790110994
evdyff,direct_ctw,30,linear,,5.0,1007.0,0.8318493084509739,1.4785538564429785,1.6315382766235123,1.794580300653562
evdyff,direct_ctw,30,nearest,,5.0,94.0,0.8199046164985535,1.1443711304594848,1.5005496553773545,1.690270664222187
evdyff,markov_order_1,30,linear,,5.0,1007.0,0.7420767253201735,2.089197658949547,1.6315382766235123,1.794580300653562
evdyff,markov_order_1,30,nearest,,5.0,94.0,0.6144753675088176,1.957883604619188,1.5005496553773545,1.690270664222187
evdyff,markov_order_2,30,linear,,5.0,1007.0,0.7046170452663774,2.3249854599244726,1.6315382766235123,1.794580300653562
evdyff,markov_order_2,30,nearest,,5.0,94.0,0.609569719960159,1.973930329482535,1.5005496553773545,1.690270664222187
evdyff,vq_ctw,30,linear,256.0,5.0,1007.0,0.9918055215229455,0.07676505418968321,4.39084419707912,4.39084419707912
evdyff,vq_ctw,30,linear,512.0,5.0,1007.0,0.9896107403027812,0.09982936284386534,4.520846789496769,4.520846789496769
evdyff,vq_ctw,30,linear,1024.0,5.0,1007.0,0.9927222027899156,0.07904883482112171,4.432338419248171,4.432338419248171
evdyff,vq_ctw,30,nearest,256.0,5.0,94.0,0.8634037692374292,1.0047044154741915,4.337170964600875,4.337170964600875
evdyff,vq_ctw,30,nearest,512.0,5.0,94.0,0.8630614085880433,1.0018061937829845,4.336607769106686,4.336607769106686
evdyff,vq_ctw,30,nearest,1024.0,5.0,94.0,0.8707334838507274,1.0359615291281887,4.447826007564215,4.447826007564215
evfler,direct_ctw,30,linear,,5.0,953.0,0.8573230613539765,1.2771054492843161,1.649929602332538,1.7913115382421103
evfler,markov_order_1,30,linear,,5.0,953.0,0.7548512105126425,1.9820154419151146,1.649929602332538,1.7913115382421103
evfler,markov_order_2,30,linear,,5.0,953.0,0.7286734360382043,2.1477248308939036,1.649929602332538,1.7913115382421103
evfler,vq_ctw,30,linear,256.0,5.0,953.0,0.9675993162954653,0.2576457242706242,4.961174936695036,4.961174936695036
evfler,vq_ctw,30,linear,512.0,5.0,953.0,0.967831842352981,0.2883046393088305,5.286905961902626,5.286905961902626
evfler,vq_ctw,30,linear,1024.0,5.0,953.0,0.9697391902727459,0.26596154859380666,5.163474656896971,5.163474656896971
evijce,direct_ctw,30,linear,,5.0,1002.0,0.9022310832216276,0.9214399634901529,1.7320148996957019,1.872327093771768
evijce,markov_order_1,30,linear,,5.0,1002.0,0.8123433224675984,1.5786124920615905,1.7320148996957019,1.872327093771768
evijce,markov_order_2,30,linear,,5.0,1002.0,0.7956666059320467,1.6909674770864984,1.7320148996957019,1.872327093771768
evijce,vq_ctw,30,linear,256.0,5.0,1002.0,0.9709780768889362,0.23546154316781423,5.468291672165484,5.468291672165484
evijce,vq_ctw,30,linear,512.0,5.0,1002.0,0.9771667548329339,0.22116675635446212,5.757521830329803,5.757521830329803
evijce,vq_ctw,30,linear,1024.0,5.0,1002.0,0.9748269573310206,0.23464601881313812,5.388715101609991,5.388715101609991
evjoko,direct_ctw,30,linear,,5.0,1007.0,0.8313021808565022,1.438125665467606,1.6156228508406196,1.7838820095345136
evjoko,direct_ctw,30,nearest,,5.0,288.0,0.8493455874040678,0.9623080438464421,1.5221252649101926,1.7145646139432043
evjoko,markov_order_1,30,linear,,5.0,1007.0,0.7612545566802742,1.901647268370425,1.6156228508406196,1.7838820095345136
evjoko,markov_order_1,30,nearest,,5.0,288.0,0.6998846406178162,1.5915216658346534,1.5221252649101926,1.7145646139432043
evjoko,markov_order_2,30,linear,,5.0,1007.0,0.7235396941246186,2.13442468387666,1.6156228508406196,1.7838820095345136
evjoko,markov_order_2,30,nearest,,5.0,288.0,0.6748639257259875,1.6813716280314552,1.5221252649101926,1.7145646139432043
evjoko,vq_ctw,30,linear,256.0,5.0,1007.0,0.9999999999980905,0.025085405780223873,4.471839930238903,4.471839930238903
evjoko,vq_ctw,30,linear,512.0,5.0,1007.0,0.9932192409168379,0.06538096166045639,4.524011585391512,4.524011585391512
evjoko,vq_ctw,30,linear,1024.0,5.0,1007.0,0.9922017969064815,0.07361267980086857,4.363855233684217,4.363855233684217
evjoko,vq_ctw,30,nearest,256.0,5.0,288.0,0.8603756582889186,0.9964861642406257,4.553892832899617,4.553892832899617
evjoko,vq_ctw,30,nearest,512.0,5.0,288.0,0.8797071755209582,0.8934761150406574,4.493735394652381,4.493735394652381
evjoko,vq_ctw,30,nearest,1024.0,5.0,288.0,0.8771556147026922,0.969382103243341,4.513099766899797,4.513099766899797
evmaja,direct_ctw,30,linear,,5.0,1007.0,0.9279622450404158,0.7037729532339215,1.8771440102367498,2.0127961651570687
evmaja,markov_order_1,30,linear,,5.0,1007.0,0.8708640421675087,1.1471472997398038,1.8771440102367498,2.0127961651570687
evmaja,markov_order_2,30,linear,,5.0,1007.0,0.8663702515761491,1.179996794923716,1.8771440102367498,2.0127961651570687
evmaja,vq_ctw,30,linear,256.0,5.0,1007.0,0.996346755563453,0.04063001491256573,3.7504114481591544,3.7504114481591544
evmaja,vq_ctw,30,linear,512.0,5.0,1007.0,0.9938656912262686,0.06976001571123644,3.7440911072355387,3.7440911072355387
evmaja,vq_ctw,30,linear,1024.0,5.0,1007.0,0.9909083127267154,0.09289297855765498,3.3963015848804567,3.3963015848804567
evtitd,direct_ctw,30,linear,,5.0,1007.0,0.8392750093764825,1.4733304880973341,1.6023530958838952,1.7736386019270498
evtitd,markov_order_1,30,linear,,5.0,1007.0,0.759388126752519,2.0495126563500365,1.6023530958838952,1.7736386019270498
evtitd,markov_order_2,30,linear,,5.0,1007.0,0.7106817189192377,2.3750290892059707,1.6023530958838952,1.7736386019270498
evtitd,vq_ctw,30,linear,256.0,5.0,1007.0,0.9920182949271458,0.07974499110881143,4.467120513734006,4.467120513734006
evtitd,vq_ctw,30,linear,512.0,5.0,1007.0,0.9858922578850356,0.14340240298535234,4.317631784856464,4.317631784856464
evtitd,vq_ctw,30,linear,1024.0,5.0,1007.0,0.9883219191241789,0.12191044762316255,4.458754979305412,4.458754979305412
ewbglo,direct_ctw,30,linear,,5.0,1007.0,0.8140227814431541,1.5671545526701933,1.7545710827022494,1.9100361422915415
ewbglo,direct_ctw,30,nearest,,5.0,42.0,0.8637290731414398,0.8908000565791419,1.5015077427120838,1.6673801896230676
ewbglo,markov_order_1,30,linear,,5.0,1007.0,0.6927146347002928,2.3343913231702387,1.7545710827022494,1.9100361422915415
ewbglo,markov_order_1,30,nearest,,5.0,42.0,0.740824857115031,1.4272851449320216,1.5015077427120838,1.6673801896230676
ewbglo,markov_order_2,30,linear,,5.0,1007.0,0.6514846361530243,2.570910614657459,1.7545710827022494,1.9100361422915415
ewbglo,markov_order_2,30,nearest,,5.0,42.0,0.7350198593917259,1.449433699331924,1.5015077427120838,1.6673801896230676
ewbglo,vq_ctw,30,linear,256.0,5.0,1007.0,0.9626327442228855,0.2674553738702553,5.822907707694252,5.822907707694252
ewbglo,vq_ctw,30,linear,512.0,5.0,1007.0,0.9709490418599347,0.23565458093335304,6.338393040097556,6.338393040097556
ewbglo,vq_ctw,30,linear,1024.0,5.0,1007.0,0.9633247158480855,0.2849640411793345,5.858553002237779,5.858553002237779
ewbglo,vq_ctw,30,nearest,256.0,5.0,42.0,0.8633898959662483,1.0083354449402724,3.6119536976740285,3.6119536976740285
ewbglo,vq_ctw,30,nearest,512.0,5.0,42.0,0.8549351136018408,1.057195931785562,3.9780974957278707,3.9780974957278707
ewbglo,vq_ctw,30,nearest,1024.0,5.0,42.0,0.8667277457709075,1.0441205766640966,4.290492953597541,4.290492953597541
ewedkl,direct_ctw,30,linear,,5.0,1007.0,0.9014113280855939,0.858860445263395,1.5780865753248934,1.7433510689746752
ewedkl,markov_order_1,30,linear,,5.0,1007.0,0.851086440087991,1.2027690363104857,1.5780865753248934,1.7433510689746752
ewedkl,markov_order_2,30,linear,,5.0,1007.0,0.8511842467407658,1.202131788187951,1.5780865753248934,1.7433510689746752
ewedkl,vq_ctw,30,linear,256.0,5.0,1007.0,1.0,0.0,3.6687078411792835,3.6687078411792835
ewedkl,vq_ctw,30,linear,512.0,5.0,1007.0,0.9999999999980905,0.05223459892964249,3.3106698657570055,3.3106698657570055
ewedkl,vq_ctw,30,linear,1024.0,5.0,1007.0,0.9978769811558824,0.024034334675713778,3.483197064430275,3.483197064430275
ewufri,direct_ctw,30,linear,,5.0,1007.0,0.8509661332202343,1.3238759587490012,1.6333654801754895,1.787303658116658
ewufri,direct_ctw,30,nearest,,5.0,354.0,0.8301905460840152,1.0121080155866198,1.6334573317877241,1.8032720980700758
ewufri,markov_order_1,30,linear,,5.0,1007.0,0.7788961206673655,1.8251028605988049,1.6333654801754895,1.787303658116658
ewufri,markov_order_1,30,nearest,,5.0,354.0,0.6664605223518456,1.6387374442457254,1.6334573317877241,1.8032720980700758
ewufri,markov_order_2,30,linear,,5.0,1007.0,0.7459112536448258,2.039189334467643,1.6333654801754895,1.787303658116658
ewufri,markov_order_2,30,nearest,,5.0,354.0,0.6729327945093097,1.61409130569389,1.6334573317877241,1.8032720980700758
ewufri,vq_ctw,30,linear,256.0,5.0,1007.0,0.9948401899590971,0.05480954265882852,4.512913533333142,4.512913533333142
ewufri,vq_ctw,30,linear,512.0,5.0,1007.0,0.9825752658352384,0.16718509233450396,4.148946892450169,4.148946892450169
ewufri,vq_ctw,30,linear,1024.0,5.0,1007.0,0.9867386130198881,0.13250299164533058,4.164330622359146,4.164330622359146
ewufri,vq_ctw,30,nearest,256.0,5.0,354.0,0.8842193894554882,0.8822210561756275,4.503732471845682,4.503732471845682
ewufri,vq_ctw,30,nearest,512.0,5.0,354.0,0.8874092210802489,0.9028650948281292,4.392916186969058,4.392916186969058
ewufri,vq_ctw,30,nearest,1024.0,5.0,354.0,0.8706161674144297,0.9896428243480091,4.730457233716915,4.730457233716915
ewvnil,direct_ctw,30,linear,,5.0,1007.0,0.8443271237476827,1.3280523629152332,1.5948144741699057,1.7641568117410247
ewvnil,markov_order_1,30,linear,,5.0,1007.0,0.7706046522938823,1.8146398365742602,1.5948144741699057,1.7641568117410247
ewvnil,markov_order_2,30,linear,,5.0,1007.0,0.744324098398886,1.9767166738483766,1.5948144741699057,1.7641568117410247
ewvnil,vq_ctw,30,linear,256.0,5.0,1007.0,0.9918160893711669,0.07668135466544611,4.178574672401949,4.178574672401949
ewvnil,vq_ctw,30,linear,512.0,5.0,1007.0,0.9901339444613061,0.10281212879635765,4.3900871694096,4.3900871694096
ewvnil,vq_ctw,30,linear,1024.0,5.0,1007.0,0.9902191472637442,0.09483909048277953,4.3002269848529835,4.3002269848529835
exskaf,direct_ctw,30,linear,,5.0,1007.0,0.8165760283584893,1.5692945368617097,1.7096377738701403,1.866234036674682
exskaf,direct_ctw,30,nearest,,5.0,219.0,0.8444644342798051,1.0084654923376248,1.7473731363646772,1.9082489285415452
exskaf,markov_order_1,30,linear,,5.0,1007.0,0.7212215490867616,2.193967978557202,1.7096377738701403,1.866234036674682
exskaf,markov_order_1,30,nearest,,5.0,219.0,0.6518560341050252,1.7959569269878206,1.7473731363646772,1.9082489285415452
exskaf,markov_order_2,30,linear,,5.0,1007.0,0.6835555385037845,2.4217337904662695,1.7096377738701403,1.866234036674682
exskaf,markov_order_2,30,nearest,,5.0,219.0,0.6636764638308142,1.75721028652177,1.7473731363646772,1.9082489285415452
exskaf,vq_ctw,30,linear,256.0,5.0,1007.0,0.9809788642150509,0.15492979791817374,4.82429071905531,4.82429071905531
exskaf,vq_ctw,30,linear,512.0,5.0,1007.0,0.9827224345198724,0.16042419538532102,5.093688004941406,5.093688004941406
exskaf,vq_ctw,30,linear,1024.0,5.0,1007.0,0.9851703117882908,0.15296329936497466,4.9755901302960135,4.9755901302960135
exskaf,vq_ctw,30,nearest,256.0,5.0,219.0,0.8624098257273501,1.0106406468358375,4.657723982217646,4.657723982217646
exskaf,vq_ctw,30,nearest,512.0,5.0,219.0,0.8573127842512273,1.0271558836210966,4.560788284989998,4.560788284989998
exskaf,vq_ctw,30,nearest,1024.0,5.0,219.0,0.8689592080393371,1.037750727476881,4.5126549145664585,4.5126549145664585
eybmij,direct_ctw,30,linear,,5.0,1007.0,0.8254959031176297,1.506808379786229,1.5904579837935813,1.7545743732498353
eybmij,direct_ctw,30,nearest,,5.0,110.0,0.8399777062844288,1.018063633550911,1.463917291244291,1.623557815835385
eybmij,markov_order_1,30,linear,,5.0,1007.0,0.7370112295024945,2.095503420114866,1.5904579837935813,1.7545743732498353
eybmij,markov_order_1,30,nearest,,5.0,110.0,0.6580847064082904,1.7423096089186991,1.463917291244291,1.623557815835385
eybmij,markov_order_2,30,linear,,5.0,1007.0,0.6931746156474902,2.364493380293262,1.5904579837935813,1.7545743732498353
eybmij,markov_order_2,30,nearest,,5.0,110.0,0.6662777131314197,1.71701275210256,1.463917291244291,1.623557815835385
eybmij,vq_ctw,30,linear,256.0,5.0,1007.0,0.988480465602084,0.10896430852983263,4.827676993019084,4.827676993019084
eybmij,vq_ctw,30,linear,512.0,5.0,1007.0,0.9827440470971291,0.16025495319565833,4.996361451660792,4.996361451660792
eybmij,vq_ctw,30,linear,1024.0,5.0,1007.0,0.9840296727624587,0.15945633724136857,4.689956498208653,4.689956498208653
eybmij,vq_ctw,30,nearest,256.0,5.0,110.0,0.8664218153305093,0.9665689514215328,4.070494185036224,4.070494185036224
eybmij,vq_ctw,30,nearest,512.0,5.0,110.0,0.8628901152160507,1.0085485106979375,4.372293904802807,4.372293904802807
eybmij,vq_ctw,30,nearest,1024.0,5.0,110.0,0.8770875288721632,0.9994971881988646,4.4505044295165055,4.4505044295165055
eybyay,direct_ctw,30,linear,,5.0,1006.0,0.7986519803810945,1.6354261968810981,1.7321502607347186,1.8908072786890515
eybyay,direct_ctw,30,nearest,,5.0,79.0,0.850263495940996,1.0321611542910352,1.6809012882384928,1.904135145721225
eybyay,markov_order_1,30,linear,,5.0,1006.0,0.6851934884321897,2.3226908186403747,1.7321502607347186,1.8908072786890515
eybyay,markov_order_1,30,nearest,,5.0,79.0,0.6341536909249238,1.9816129409662404,1.6809012882384928,1.904135145721225
eybyay,markov_order_2,30,linear,,5.0,1006.0,0.6487508467977685,2.524076016727152,1.7321502607347186,1.8908072786890515
eybyay,markov_order_2,30,nearest,,5.0,79.0,0.6177475789723084,2.039532050832311,1.6809012882384928,1.904135145721225
eybyay,vq_ctw,30,linear,256.0,5.0,1006.0,0.9749065152127111,0.2089270101928148,6.010170978392725,6.010170978392725
eybyay,vq_ctw,30,linear,512.0,5.0,1006.0,0.9814995380283482,0.18487357224578335,6.4263593419464815,6.4263593419464815
eybyay,vq_ctw,30,linear,1024.0,5.0,1006.0,0.9812274032728435,0.16424629954867115,6.1104625992382235,6.1104625992382235
eybyay,vq_ctw,30,nearest,256.0,5.0,79.0,0.8480955390267398,1.085428692011772,5.482297348336378,5.482297348336378
eybyay,vq_ctw,30,nearest,512.0,5.0,79.0,0.854520200935951,1.0375299898515924,4.9793309581948435,4.9793309581948435
eybyay,vq_ctw,30,nearest,1024.0,5.0,79.0,0.8731964637917263,1.0049526566879805,5.1570237625131385,5.1570237625131385
eydadg,direct_ctw,30,linear,,5.0,121.0,0.9450650461358429,0.46122334230803436,1.899066551941438,2.042067337165542
eydadg,direct_ctw,30,nearest,,5.0,32.0,0.8286764153156375,1.0033708116338604,1.622529643650358,1.7959596640068995
eydadg,markov_order_1,30,linear,,5.0,121.0,0.875454971275007,0.8919279101711223,1.899066551941438,2.042067337165542
eydadg,markov_order_1,30,nearest,,5.0,32.0,0.648603170585987,1.6381030185979268,1.622529643650358,1.7959596640068995
eydadg,markov_order_2,30,linear,,5.0,121.0,0.8595083160027657,0.9799350613194941,1.899066551941438,2.042067337165542
eydadg,markov_order_2,30,nearest,,5.0,32.0,0.6559780286621908,1.6166594966936512,1.622529643650358,1.7959596640068995
eydadg,vq_ctw,30,linear,256.0,5.0,121.0,0.9999999999980905,0.0941101957721045,6.586848683524106,6.586848683524106
eydadg,vq_ctw,30,linear,512.0,5.0,121.0,0.9999999999980905,0.1275813200826981,6.115860806121159,6.115860806121159
eydadg,vq_ctw,30,linear,1024.0,5.0,121.0,0.9999999999980905,0.11186733195908466,5.439681591119042,5.439681591119042
eydadg,vq_ctw,30,nearest,256.0,5.0,32.0,0.8694490113404642,0.8620773478735437,4.718710153929368,4.718710153929368
eydadg,vq_ctw,30,nearest,512.0,5.0,32.0,0.898010962350895,0.6369179695065389,5.560078018622211,5.560078018622211
eydadg,vq_ctw,30,nearest,1024.0,5.0,32.0,0.8509951100561267,0.9925164816908899,5.249919300367375,5.249919300367375
eytups,direct_ctw,30,linear,,5.0,1007.0,0.8021173449809209,1.707086414358615,1.714866344096524,1.8596137091159224
eytups,direct_ctw,30,nearest,,5.0,35.0,0.8445351711991338,1.1161605854753007,1.954526642336119,2.07343309395119
eytups,markov_order_1,30,linear,,5.0,1007.0,0.6687908246818814,2.5722028906009737,1.714866344096524,1.8596137091159224
eytups,markov_order_1,30,nearest,,5.0,35.0,0.5085972775704987,2.5574964967427345,1.954526642336119,2.07343309395119
eytups,markov_order_2,30,linear,,5.0,1007.0,0.6108955726374516,2.90974130819254,1.714866344096524,1.8596137091159224
eytups,markov_order_2,30,nearest,,5.0,35.0,0.5311853621969307,2.48329929997164,1.954526642336119,2.07343309395119
eytups,vq_ctw,30,linear,256.0,5.0,1007.0,0.9611885783369742,0.314438651446945,6.054310448504144,6.054310448504144
eytups,vq_ctw,30,linear,512.0,5.0,1007.0,0.9602907342477809,0.333159651749822,6.382298937976501,6.382298937976501
eytups,vq_ctw,30,linear,1024.0,5.0,1007.0,0.9668054917992536,0.2872427196992201,6.223466100873648,6.223466100873648
eytups,vq_ctw,30,nearest,256.0,5.0,35.0,0.8736046409459763,0.9481327198664995,6.3452756672579,6.3452756672579
eytups,vq_ctw,30,nearest,512.0,5.0,35.0,0.8371335185650046,1.098347217173957,7.903232888374897,7.903232888374897
eytups,vq_ctw,30,nearest,1024.0,5.0,35.0,0.8604470434940662,0.9438060060129329,8.25089342886091,8.25089342886091
iacbyb,direct_ctw,30,linear,,5.0,993.0,0.8939281160120425,0.9023639205538335,1.485102416485729,1.6407456686446005
iacbyb,direct_ctw,30,nearest,,5.0,37.0,0.8521262892456668,0.986741583272992,1.5355889015225543,1.747235741350726
iacbyb,markov_order_1,30,linear,,5.0,993.0,0.8443170583334384,1.2321172349223821,1.485102416485729,1.6407456686446005
iacbyb,markov_order_1,30,nearest,,5.0,37.0,0.6255951782802401,1.9218167107851847,1.5355889015225543,1.747235741350726
iacbyb,markov_order_2,30,linear,,5.0,993.0,0.8386872135154183,1.2676723356600774,1.485102416485729,1.6407456686446005
iacbyb,markov_order_2,30,nearest,,5.0,37.0,0.6623283993682371,1.7954415650112416,1.5355889015225543,1.747235741350726
iacbyb,vq_ctw,30,linear,256.0,5.0,993.0,0.9999999999980905,0.06663633981639214,3.5510744869736777,3.5510744869736777
iacbyb,vq_ctw,30,linear,512.0,5.0,993.0,0.9906633807540138,0.09116074825214818,3.7364729650313935,3.7364729650313935
iacbyb,vq_ctw,30,linear,1024.0,5.0,993.0,0.9918609025761892,0.07632620436390689,3.6677962842538787,3.6677962842538787
iacbyb,vq_ctw,30,nearest,256.0,5.0,37.0,0.8991474763598692,0.7742497898772089,4.603131316647465,4.603131316647465
iacbyb,vq_ctw,30,nearest,512.0,5.0,37.0,0.8906426466702587,0.8260465535986181,4.637587571152718,4.637587571152718
iacbyb,vq_ctw,30,nearest,1024.0,5.0,37.0,0.8948820901561081,0.8486603720395288,4.628669797113387,4.628669797113387
iackaw,direct_ctw,30,linear,,5.0,1007.0,0.8110503389610276,1.4374747078014105,1.639950780059745,1.7924744159814336
iackaw,direct_ctw,30,nearest,,5.0,126.0,0.8149731682435342,1.1114348063233124,1.5517534870400034,1.731305125084466
iackaw,markov_order_1,30,linear,,5.0,1007.0,0.7425850302092535,1.8285125433946454,1.639950780059745,1.7924744159814336
iackaw,markov_order_1,30,nearest,,5.0,126.0,0.6272680287723589,1.8099407918678383,1.5517534870400034,1.731305125084466
iackaw,markov_order_2,30,linear,,5.0,1007.0,0.7288354730694634,1.9025408404648398,1.639950780059745,1.7924744159814336
iackaw,markov_order_2,30,nearest,,5.0,126.0,0.6440360378914602,1.7544141860420592,1.5517534870400034,1.731305125084466
iackaw,vq_ctw,30,linear,256.0,5.0,1007.0,0.9914428231412961,0.07962584880419275,4.470920975736506,4.470920975736506
iackaw,vq_ctw,30,linear,512.0,5.0,1007.0,0.9900691064239457,0.09607474997307723,4.598553773302426,4.598553773302426
iackaw,vq_ctw,30,linear,1024.0,5.0,1007.0,0.9879769284588537,0.11298080856254292,4.46020450348777,4.46020450348777
iackaw,vq_ctw,30,nearest,256.0,5.0,126.0,0.8566571268650578,1.0236245258221683,4.628461047528397,4.628461047528397
iackaw,vq_ctw,30,nearest,512.0,5.0,126.0,0.8714174390083977,0.9676250573102327,4.489716691645123,4.489716691645123
iackaw,vq_ctw,30,nearest,1024.0,5.0,126.0,0.8788850940299028,0.9946327378174314,4.528942486222149,4.528942486222149
iafbag,direct_ctw,30,linear,,5.0,947.0,0.8732330419290331,1.11381299418478,1.581489158967955,1.7358125593079368
iafbag,direct_ctw,30,nearest,,5.0,44.0,0.8326439556833688,1.0402093426068346,1.714868086608503,1.831931658017824
iafbag,markov_order_1,30,linear,,5.0,947.0,0.8249018435883824,1.4500736216534857,1.581489158967955,1.7358125593079368
iafbag,markov_order_1,30,nearest,,5.0,44.0,0.6566687076698648,1.7251614787421239,1.714868086608503,1.831931658017824
iafbag,markov_order_2,30,linear,,5.0,947.0,0.8006028747471091,1.6099185505146563,1.581489158967955,1.7358125593079368
iafbag,markov_order_2,30,nearest,,5.0,44.0,0.6657899318376034,1.6951818217536283,1.714868086608503,1.831931658017824
iafbag,vq_ctw,30,linear,256.0,5.0,947.0,0.9986337667495748,0.017135641780436073,3.5039719200146813,3.5039719200146813
iafbag,vq_ctw,30,linear,512.0,5.0,947.0,0.9953793323356064,0.04711713177502058,3.611996396479071,3.611996396479071
iafbag,vq_ctw,30,linear,1024.0,5.0,947.0,0.9967611074816046,0.03792950372654444,3.6853613632405806,3.6853613632405806
iafbag,vq_ctw,30,nearest,256.0,5.0,44.0,0.866637293161324,0.9893386012448377,3.941899891574088,3.941899891574088
iafbag,vq_ctw,30,nearest,512.0,5.0,44.0,0.8558013087888117,1.052229092433508,3.956887478866747,3.956887478866747
iafbag,vq_ctw,30,nearest,1024.0,5.0,44.0,0.8795069548060979,0.9895362385063277,4.1607672730655585,4.1607672730655585
iafstn,direct_ctw,30,linear,,5.0,1007.0,0.8237235781264536,1.39238644014202,1.7025851150474287,1.8721145688777991
iafstn,direct_ctw,30,nearest,,5.0,223.0,0.8264718190684646,1.0392991173155302,1.4875908977996144,1.668096019272199
iafstn,markov_order_1,30,linear,,5.0,1007.0,0.7513240926777573,1.8256262650474344,1.7025851150474287,1.8721145688777991
iafstn,markov_order_1,30,nearest,,5.0,223.0,0.643005660625939,1.7231588709036243,1.4875908977996144,1.668096019272199
iafstn,markov_order_2,30,linear,,5.0,1007.0,0.7364203147003355,1.9094724348036656,1.7025851150474287,1.8721145688777991
iafstn,markov_order_2,30,nearest,,5.0,223.0,0.6476994676276543,1.710570364746359,1.4875908977996144,1.668096019272199
iafstn,vq_ctw,30,linear,256.0,5.0,1007.0,0.9931010121644391,0.07038395031124556,4.090244663412477,4.090244663412477
iafstn,vq_ctw,30,linear,512.0,5.0,1007.0,0.9908776389483324,0.09609859716532618,4.169678513440685,4.169678513440685
iafstn,vq_ctw,30,linear,1024.0,5.0,1007.0,0.993543165269252,0.06649214217251044,4.0761233200303275,4.0761233200303275
iafstn,vq_ctw,30,nearest,256.0,5.0,223.0,0.8620282325859254,0.9696115617616998,4.249578214081545,4.249578214081545
iafstn,vq_ctw,30,nearest,512.0,5.0,223.0,0.8818642859606552,0.8857026657212819,4.219980771360593,4.219980771360593
iafstn,vq_ctw,30,nearest,1024.0,5.0,223.0,0.8771138783904016,0.9741444181391355,4.606712285265467,4.606712285265467
iaggri,direct_ctw,30,linear,,5.0,1007.0,0.8557723095866255,1.367911908203306,1.6441847542365677,1.8059731357938418
iaggri,markov_order_1,30,linear,,5.0,1007.0,0.7248964340246907,2.322574642977104,1.6441847542365677,1.8059731357938418
iaggri,markov_order_2,30,linear,,5.0,1007.0,0.6730195005653691,2.6636266020168056,1.6441847542365677,1.8059731357938418
iaggri,vq_ctw,30,linear,256.0,5.0,1007.0,0.9733539681464746,0.21951531153181564,6.782898179615737,6.782898179615737
iaggri,vq_ctw,30,linear,512.0,5.0,1007.0,0.953084165811564,0.3475081250598679,5.7008568943646285,5.7008568943646285
iaggri,vq_ctw,30,linear,1024.0,5.0,1007.0,0.9609183762795387,0.32881022721890607,5.698690911597726,5.698690911597726
iagods,direct_ctw,30,linear,,5.0,141.0,0.8652750015018653,0.9484764475110388,1.3535785461499374,1.5497663934872334
iagods,direct_ctw,30,nearest,,5.0,42.0,0.8088910257786855,1.147526888559948,1.3363829737009894,1.5481825252810704
iagods,markov_order_1,30,linear,,5.0,141.0,0.7696859825804558,1.425131495329915,1.3535785461499374,1.5497663934872334
iagods,markov_order_1,30,nearest,,5.0,42.0,0.6175506111464906,1.847773576305712,1.3363829737009894,1.5481825252810704
iagods,markov_order_2,30,linear,,5.0,141.0,0.7636165292346235,1.4525865133036235,1.3535785461499374,1.5497663934872334
iagods,markov_order_2,30,nearest,,5.0,42.0,0.6032021713324621,1.8903826236832888,1.3363829737009894,1.5481825252810704
iagods,vq_ctw,30,linear,256.0,5.0,141.0,1.0,0.0,3.1308941092560403,3.1308941092560403
iagods,vq_ctw,30,linear,512.0,5.0,141.0,0.9999999999980905,0.12421139214930126,2.9737823899707143,2.9737823899707143
iagods,vq_ctw,30,linear,1024.0,5.0,141.0,1.0,0.0,3.1357471913903963,3.1357471913903963
iagods,vq_ctw,30,nearest,256.0,5.0,42.0,0.852139762631146,1.0731654050761081,4.975192397916487,4.975192397916487
iagods,vq_ctw,30,nearest,512.0,5.0,42.0,0.8523625310619765,1.0943374099452832,4.68128093790748,4.68128093790748
iagods,vq_ctw,30,nearest,1024.0,5.0,42.0,0.8659623042323759,1.092079115388837,4.969720949517241,4.969720949517241
iahoro,direct_ctw,30,linear,,5.0,1006.0,0.8398961436753348,1.3021790273998544,1.5155060239401694,1.6966402529624358
iahoro,markov_order_1,30,linear,,5.0,1006.0,0.7795252311910967,1.6803967204707588,1.5155060239401694,1.6966402529624358
iahoro,markov_order_2,30,linear,,5.0,1006.0,0.7550098645728569,1.8248311732523397,1.5155060239401694,1.6966402529624358
iahoro,vq_ctw,30,linear,256.0,5.0,1006.0,0.9945686073032561,0.05411422616816688,4.3729501417943615,4.3729501417943615
iahoro,vq_ctw,30,linear,512.0,5.0,1006.0,0.995692732480993,0.04687839327834585,4.478559138622748,4.478559138622748
iahoro,vq_ctw,30,linear,1024.0,5.0,1006.0,0.9926318729693928,0.07015822479034502,4.341541140322641,4.341541140322641
iapber,direct_ctw,30,linear,,5.0,969.0,0.8427473935000729,1.3390381238066058,1.663250070580781,1.8243694713529743
iapber,direct_ctw,30,nearest,,5.0,82.0,0.8114249588327682,1.0703324841711845,1.6957755964158125,1.8901698625339527
iapber,markov_order_1,30,linear,,5.0,969.0,0.7750761561614081,1.7865138647190348,1.663250070580781,1.8243694713529743
iapber,markov_order_1,30,nearest,,5.0,82.0,0.6605697645200612,1.6064315495775288,1.6957755964158125,1.8901698625339527
iapber,markov_order_2,30,linear,,5.0,969.0,0.7476582072262822,1.9564524575847067,1.663250070580781,1.8243694713529743
iapber,markov_order_2,30,nearest,,5.0,82.0,0.6765555781812748,1.557606947982252,1.6957755964158125,1.8901698625339527
iapber,vq_ctw,30,linear,256.0,5.0,969.0,0.9985496557336807,0.017217090791413925,3.9081010247524137,3.9081010247524137
iapber,vq_ctw,30,linear,512.0,5.0,969.0,0.9947957767571206,0.05521680025140367,3.918256237553957,3.918256237553957
iapber,vq_ctw,30,linear,1024.0,5.0,969.0,0.9974983496639707,0.031034776667727353,3.9932014834879554,3.9932014834879554
iapber,vq_ctw,30,nearest,256.0,5.0,82.0,0.854482501239812,1.0286000001502784,4.087492509510976,4.087492509510976
iapber,vq_ctw,30,nearest,512.0,5.0,82.0,0.8584315518993336,1.0232168746405712,4.177379529564394,4.177379529564394
iapber,vq_ctw,30,nearest,1024.0,5.0,82.0,0.8746590573832185,1.0166765365791355,4.289112289997092,4.289112289997092
iatmeu,direct_ctw,30,linear,,5.0,1007.0,0.8368081150977189,1.5044259169501153,1.6404715541073644,1.7925066723964027
iatmeu,markov_order_1,30,linear,,5.0,1007.0,0.6989660071554341,2.473636907916354,1.6404715541073644,1.7925066723964027
iatmeu,markov_order_2,30,linear,,5.0,1007.0,0.645494285330351,2.8117330867560537,1.6404715541073644,1.7925066723964027
iatmeu,vq_ctw,30,linear,256.0,5.0,1007.0,0.9466865448039404,0.42409893199279364,6.001629091671511,6.001629091671511
iatmeu,vq_ctw,30,linear,512.0,5.0,1007.0,0.9501637361527265,0.44367822891675773,6.435655005419244,6.435655005419244
iatmeu,vq_ctw,30,linear,1024.0,5.0,1007.0,0.941725538751624,0.47119404382676494,6.09709403398817,6.09709403398817
iatojb,direct_ctw,30,linear,,5.0,1007.0,0.8071765195048324,1.4414881644823305,1.6597536098339767,1.8204458225953533
iatojb,direct_ctw,30,nearest,,5.0,203.0,0.8089877230953783,1.0623026424685165,1.6042796294379575,1.7876540257582214
iatojb,markov_order_1,30,linear,,5.0,1007.0,0.7309563965532034,1.8644334051699714,1.6597536098339767,1.8204458225953533
iatojb,markov_order_1,30,nearest,,5.0,203.0,0.6502671111673163,1.623033549117651,1.6042796294379575,1.7876540257582214
iatojb,markov_order_2,30,linear,,5.0,1007.0,0.714939504628571,1.947581273279572,1.6597536098339767,1.8204458225953533
iatojb,markov_order_2,30,nearest,,5.0,203.0,0.6570259207730903,1.5971564218845895,1.6042796294379575,1.7876540257582214
iatojb,vq_ctw,30,linear,256.0,5.0,1007.0,0.9999999999980905,0.07709567752911232,4.122159738661892,4.122159738661892
iatojb,vq_ctw,30,linear,512.0,5.0,1007.0,0.9886733075535862,0.10079196696479208,4.2517154681506515,4.2517154681506515
iatojb,vq_ctw,30,linear,1024.0,5.0,1007.0,0.9901423181863012,0.0897058568783133,4.007346745247948,4.007346745247948
iatojb,vq_ctw,30,nearest,256.0,5.0,203.0,0.8691877377286092,0.9097635572323775,4.460521672304638,4.460521672304638
iatojb,vq_ctw,30,nearest,512.0,5.0,203.0,0.8776932365383642,0.8613506025974856,4.378644139344525,4.378644139344525
iatojb,vq_ctw,30,nearest,1024.0,5.0,203.0,0.856314927687227,0.9930235920661178,4.465423333331345,4.465423333331345
iawxbe,direct_ctw,30,linear,,5.0,1007.0,0.8253611582906929,1.60384393413754,1.569257101544432,1.7450812996699152
iawxbe,direct_ctw,30,nearest,,5.0,39.0,0.830185169295213,1.051578840840458,1.681111296316558,1.8149629099544795
iawxbe,markov_order_1,30,linear,,5.0,1007.0,0.6929635550182643,2.5346865940419194,1.569257101544432,1.7450812996699152
iawxbe,markov_order_1,30,nearest,,5.0,39.0,0.6310849327707835,1.806429667635328,1.681111296316558,1.8149629099544795
iawxbe,markov_order_2,30,linear,,5.0,1007.0,0.6418172807022421,2.860146908488314,1.569257101544432,1.7450812996699152
iawxbe,markov_order_2,30,nearest,,5.0,39.0,0.6126745493963901,1.862393705850999,1.681111296316558,1.8149629099544795
iawxbe,vq_ctw,30,linear,256.0,5.0,1007.0,0.9461775177033076,0.3877244693708563,5.913709864313893,5.913709864313893
iawxbe,vq_ctw,30,linear,512.0,5.0,1007.0,0.9539383206129075,0.40761064843513756,6.244016644318199,6.244016644318199
iawxbe,vq_ctw,30,linear,1024.0,5.0,1007.0,0.9503462009588562,0.4132777048852913,5.952362482292038,5.952362482292038
iawxbe,vq_ctw,30,nearest,256.0,5.0,39.0,0.8462414102389071,1.0508217281066887,14.126374034386,14.126374034386
iawxbe,vq_ctw,30,nearest,512.0,5.0,39.0,0.8777797099893808,0.8788252562986895,15.034022688162054,15.034022688162054
iawxbe,vq_ctw,30,nearest,1024.0,5.0,39.0,0.8762756255156753,0.8597954148357113,15.109313964720473,15.109313964720473
ibflsr,direct_ctw,30,linear,,5.0,1007.0,0.8387425553512504,1.3952901905664974,1.5807951576290447,1.7588537212227786
ibflsr,direct_ctw,30,nearest,,5.0,168.0,0.8476053782521482,0.9646959030356529,1.4714734927440538,1.6762937411034706
ibflsr,markov_order_1,30,linear,,5.0,1007.0,0.7652493695490346,1.889632421492196,1.5807951576290447,1.7588537212227786
ibflsr,markov_order_1,30,nearest,,5.0,168.0,0.7208412678764424,1.4973416917341837,1.4714734927440538,1.6762937411034706
ibflsr,markov_order_2,30,linear,,5.0,1007.0,0.7340813011391996,2.0854818831830872,1.5807951576290447,1.7588537212227786
ibflsr,markov_order_2,30,nearest,,5.0,168.0,0.7095977914488738,1.5397343141434894,1.4714734927440538,1.6762937411034706
ibflsr,vq_ctw,30,linear,256.0,5.0,1007.0,0.9963046182228105,0.04103739749727429,4.2970759604884075,4.2970759604884075
ibflsr,vq_ctw,30,linear,512.0,5.0,1007.0,0.9854808265217183,0.14315898609703726,4.139477912790458,4.139477912790458
ibflsr,vq_ctw,30,linear,1024.0,5.0,1007.0,0.9879321383768247,0.11834518431549808,4.095573594242095,4.095573594242095
ibflsr,vq_ctw,30,nearest,256.0,5.0,168.0,0.8637110714416071,0.9722671702472271,4.278093185401057,4.278093185401057
ibflsr,vq_ctw,30,nearest,512.0,5.0,168.0,0.8671734732709734,0.9596253342648821,4.1715640343255,4.1715640343255
ibflsr,vq_ctw,30,nearest,1024.0,5.0,168.0,0.8663853745154604,1.0098781128756993,4.335545701520701,4.335545701520701
ibgryk,direct_ctw,30,linear,,5.0,1007.0,0.848419717512328,1.3424810911872083,1.7389567695476724,1.8870620387134311
ibgryk,direct_ctw,30,nearest,,5.0,118.0,0.8026737996863789,1.1551717382279987,1.7020449578481482,1.8657695893693849
ibgryk,markov_order_1,30,linear,,5.0,1007.0,0.7592787889874942,1.953469870954645,1.7389567695476724,1.8870620387134311
ibgryk,markov_order_1,30,nearest,,5.0,118.0,0.5698544307678559,1.9399581446491732,1.7020449578481482,1.8657695893693849
ibgryk,markov_order_2,30,linear,,5.0,1007.0,0.7267978360173413,2.159401873392229,1.7389567695476724,1.8870620387134311
ibgryk,markov_order_2,30,nearest,,5.0,118.0,0.6199023873701668,1.8052606861029117,1.7020449578481482,1.8657695893693849
ibgryk,vq_ctw,30,linear,256.0,5.0,1007.0,0.9845560160746886,0.1304755329485201,4.540901264678514,4.540901264678514
ibgryk,vq_ctw,30,linear,512.0,5.0,1007.0,0.9824151647034698,0.1770232756675068,4.698151090599489,4.698151090599489
ibgryk,vq_ctw,30,linear,1024.0,5.0,1007.0,0.9823772548688241,0.17343050302147273,4.6285310424166735,4.6285310424166735
ibgryk,vq_ctw,30,nearest,256.0,5.0,118.0,0.8773271018968081,0.9042580883625545,4.748798159274539,4.748798159274539
ibgryk,vq_ctw,30,nearest,512.0,5.0,118.0,0.8727553613230795,0.8619047283828596,4.767471159444435,4.767471159444435
ibgryk,vq_ctw,30,nearest,1024.0,5.0,118.0,0.8562120210798436,1.0440016901944318,4.819895331359044,4.819895331359044
iblool,direct_ctw,30,linear,,5.0,1007.0,0.8468796985391573,1.3456638948267279,1.604332859768966,1.7496691096339825
iblool,direct_ctw,30,nearest,,5.0,138.0,0.8518524118831288,0.911288960071192,1.520574970564745,1.6600136686927969
iblool,markov_order_1,30,linear,,5.0,1007.0,0.7649516822706731,1.9043366843782485,1.604332859768966,1.7496691096339825
iblool,markov_order_1,30,nearest,,5.0,138.0,0.7407905055366304,1.365454585707883,1.520574970564745,1.6600136686927969
iblool,markov_order_2,30,linear,,5.0,1007.0,0.7320531620639392,2.1125600963255415,1.604332859768966,1.7496691096339825
iblool,markov_order_2,30,nearest,,5.0,138.0,0.738850792400834,1.3753809038955487,1.520574970564745,1.6600136686927969
iblool,vq_ctw,30,linear,256.0,5.0,1007.0,0.9815529260658341,0.16186813726652746,4.987131785422112,4.987131785422112
iblool,vq_ctw,30,linear,512.0,5.0,1007.0,0.9812736131124817,0.1826356012847384,5.19698696830177,5.19698696830177
iblool,vq_ctw,30,linear,1024.0,5.0,1007.0,0.9841788053444682,0.15402166415062396,5.135649072934911,5.135649072934911
iblool,vq_ctw,30,nearest,256.0,5.0,138.0,0.8865894749044281,0.8111304308298053,4.960742738707183,4.960742738707183
iblool,vq_ctw,30,nearest,512.0,5.0,138.0,0.8922147520717599,0.7771974698001894,5.015220345438518,5.015220345438518
iblool,vq_ctw,30,nearest,1024.0,5.0,138.0,0.866196856730555,0.9566433049667479,5.030490406569506,5.030490406569506
ibpijd,direct_ctw,30,linear,,5.0,1007.0,0.8669527408484947,1.1309115821121882,1.5532397651415673,1.7417607374487696
ibpijd,direct_ctw,30,nearest,,5.0,259.0,0.8272217160702744,1.0538063075791284,1.7356117069878343,1.9360052664995477
ibpijd,markov_order_1,30,linear,,5.0,1007.0,0.8092736449028234,1.513180199295929,1.5532397651415673,1.7417607374487696
ibpijd,markov_order_1,30,nearest,,5.0,259.0,0.6284805529478177,1.8070450192383327,1.7356117069878343,1.9360052664995477
ibpijd,markov_order_2,30,linear,,5.0,1007.0,0.7932027197378877,1.6137759471212598,1.5532397651415673,1.7417607374487696
ibpijd,markov_order_2,30,nearest,,5.0,259.0,0.6460851696784417,1.7470113521784927,1.7356117069878343,1.9360052664995477
ibpijd,vq_ctw,30,linear,256.0,5.0,1007.0,0.9999999999980905,0.0335748132807942,3.4723730239969655,3.4723730239969655
ibpijd,vq_ctw,30,linear,512.0,5.0,1007.0,0.9955928535481782,0.0452413446747632,3.6452535667838895,3.6452535667838895
ibpijd,vq_ctw,30,linear,1024.0,5.0,1007.0,0.9957559399617001,0.046281181800485315,3.552703932788482,3.552703932788482
ibpijd,vq_ctw,30,nearest,256.0,5.0,259.0,0.8697744710599479,0.950695294349733,4.3572155099655285,4.3572155099655285
ibpijd,vq_ctw,30,nearest,512.0,5.0,259.0,0.8851808440990062,0.8395686615598557,4.282800626283631,4.282800626283631
ibpijd,vq_ctw,30,nearest,1024.0,5.0,259.0,0.8671802082202923,0.9913226231082768,4.595947682638615,4.595947682638615
ibwici,direct_ctw,30,linear,,5.0,1006.0,0.8460724314493191,1.3514906638761417,1.5240844330739869,1.7026286610781778
ibwici,direct_ctw,30,nearest,,5.0,152.0,0.8399347317042873,1.0104411767387766,1.466790711429334,1.6344029614958642
ibwici,markov_order_1,30,linear,,5.0,1006.0,0.7495261504950134,2.003003271408384,1.5240844330739869,1.7026286610781778
ibwici,markov_order_1,30,nearest,,5.0,152.0,0.653595315183414,1.7522556160012959,1.466790711429334,1.6344029614958642
ibwici,markov_order_2,30,linear,,5.0,1006.0,0.7199277429313191,2.187261322036216,1.5240844330739869,1.7026286610781778
ibwici,markov_order_2,30,nearest,,5.0,152.0,0.64875937586982,1.766648923621834,1.466790711429334,1.6344029614958642
ibwici,vq_ctw,30,linear,256.0,5.0,1006.0,0.9735031676527421,0.21850372531322462,5.2778268136986775,5.2778268136986775
ibwici,vq_ctw,30,linear,512.0,5.0,1006.0,0.9745534360981368,0.21134718317036646,5.470059374324883,5.470059374324883
ibwici,vq_ctw,30,linear,1024.0,5.0,1006.0,0.9769160665445736,0.22322708232449218,5.209636302726408,5.209636302726408
ibwici,vq_ctw,30,nearest,256.0,5.0,152.0,0.8772214552821204,0.9279312012446969,5.056007896945058,5.056007896945058
ibwici,vq_ctw,30,nearest,512.0,5.0,152.0,0.8595327646050788,1.0282757432405853,4.771749027911319,4.771749027911319
ibwici,vq_ctw,30,nearest,1024.0,5.0,152.0,0.8642495842895992,1.0362214520845299,5.065613869504301,5.065613869504301
icagpo,direct_ctw,30,linear,,5.0,1007.0,0.835440930153038,1.4822937379308285,1.6824217984494017,1.8342397196194649
icagpo,direct_ctw,30,nearest,,5.0,247.0,0.8253304273373047,1.1499947926941494,1.6340483161858566,1.8053259595576119
icagpo,markov_order_1,30,linear,,5.0,1007.0,0.7463489853539234,2.107453839782739,1.6824217984494017,1.8342397196194649
icagpo,markov_order_1,30,nearest,,5.0,247.0,0.6387977715265925,1.946509553838297,1.6340483161858566,1.8053259595576119
icagpo,markov_order_2,30,linear,,5.0,1007.0,0.7014419752518343,2.3984239475960143,1.6824217984494017,1.8342397196194649
icagpo,markov_order_2,30,nearest,,5.0,247.0,0.6283300505679358,1.9880191455641454,1.6340483161858566,1.8053259595576119
icagpo,vq_ctw,30,linear,256.0,5.0,1007.0,0.9878485227517806,0.11400006639893318,4.752813064652414,4.752813064652414
icagpo,vq_ctw,30,linear,512.0,5.0,1007.0,0.9823661919498947,0.16888497040027106,4.569916341191176,4.569916341191176
icagpo,vq_ctw,30,linear,1024.0,5.0,1007.0,0.984089465025077,0.16248451548137013,4.511204314525078,4.511204314525078
icagpo,vq_ctw,30,nearest,256.0,5.0,247.0,0.8416378429802635,1.135258623596339,4.565906525617571,4.565906525617571
icagpo,vq_ctw,30,nearest,512.0,5.0,247.0,0.8795871243727726,0.9200997932305564,4.565166086809411,4.565166086809411
icagpo,vq_ctw,30,nearest,1024.0,5.0,247.0,0.8531644837703395,1.1677932397768285,4.7475776617609915,4.7475776617609915
icdahe,direct_ctw,30,linear,,5.0,156.0,0.9025800376249342,0.7125902517216541,1.8702485282509353,2.0058804858114945
icdahe,markov_order_1,30,linear,,5.0,156.0,0.8149171250982431,1.169503421846184,1.8702485282509353,2.0058804858114945
icdahe,markov_order_2,30,linear,,5.0,156.0,0.8417170191817137,1.0393416003291727,1.8702485282509353,2.0058804858114945
icdahe,vq_ctw,30,linear,256.0,5.0,156.0,0.9999999999980904,0.05469295208511154,3.1028134011889614,3.1028134011889614
icdahe,vq_ctw,30,linear,512.0,5.0,156.0,0.9999999999980904,0.05469295208511154,3.0667178487696214,3.0667178487696214
icdahe,vq_ctw,30,linear,1024.0,5.0,156.0,1.0,0.0,3.2537869847159815,3.2537869847159815
icdapn,direct_ctw,30,linear,,5.0,1007.0,0.8048788353620053,1.6398416340363073,1.6587329498351997,1.814455546335558
icdapn,direct_ctw,30,nearest,,5.0,342.0,0.8299083020825936,1.097334753116806,1.5430965261422311,1.7204355106851226
icdapn,markov_order_1,30,linear,,5.0,1007.0,0.701633319869467,2.2979851666202222,1.6587329498351997,1.814455546335558
icdapn,markov_order_1,30,nearest,,5.0,342.0,0.6079000118562539,1.98927626913167,1.5430965261422311,1.7204355106851226
icdapn,markov_order_2,30,linear,,5.0,1007.0,0.6577719319317594,2.5541908355160765,1.6587329498351997,1.814455546335558
icdapn,markov_order_2,30,nearest,,5.0,342.0,0.5998845630611355,2.0167981957412517,1.5430965261422311,1.7204355106851226
icdapn,vq_ctw,30,linear,256.0,5.0,1007.0,0.9883126023332135,0.11515749288728233,5.444512744991993,5.444512744991993
icdapn,vq_ctw,30,linear,512.0,5.0,1007.0,0.980738182958651,0.17579919254470522,5.464077452022002,5.464077452022002
icdapn,vq_ctw,30,linear,1024.0,5.0,1007.0,0.9794106556791538,0.18591556690195948,5.327480176461839,5.327480176461839
icdapn,vq_ctw,30,nearest,256.0,5.0,342.0,0.8549115656822363,1.042586726444967,4.62298729495593,4.62298729495593
icdapn,vq_ctw,30,nearest,512.0,5.0,342.0,0.8603996079287375,1.006813083833469,4.643636954312409,4.643636954312409
icdapn,vq_ctw,30,nearest,1024.0,5.0,342.0,0.8697280847001064,0.9951469060770969,4.959538544332616,4.959538544332616
icdult,direct_ctw,30,linear,,5.0,736.0,0.8672663974568353,1.118376889302641,1.6053342913143644,1.7513499704267574
icdult,markov_order_1,30,linear,,5.0,736.0,0.7836576108815063,1.6555638874165992,1.6053342913143644,1.7513499704267574
icdult,markov_order_2,30,linear,,5.0,736.0,0.7738316655153519,1.714376807388517,1.6053342913143644,1.7513499704267574
icdult,vq_ctw,30,linear,256.0,5.0,736.0,0.9696089711787564,0.2445177145481089,4.7895918548904195,4.7895918548904195
icdult,vq_ctw,30,linear,512.0,5.0,736.0,0.9767353639608259,0.2195358434617741,5.327300603635633,5.327300603635633
icdult,vq_ctw,30,linear,1024.0,5.0,736.0,0.9757920410474561,0.21287183482981892,4.9830696943910775,4.9830696943910775
icedpa,direct_ctw,30,linear,,5.0,1007.0,0.906687614827302,0.7927273953517158,1.752604530190968,1.9098517326624558
icedpa,direct_ctw,30,nearest,,5.0,75.0,0.8482731737864689,0.9371625037786577,1.6147909735133257,1.7798440516811234
icedpa,markov_order_1,30,linear,,5.0,1007.0,0.865716345607503,1.0659787331431745,1.752604530190968,1.9098517326624558
icedpa,markov_order_1,30,nearest,,5.0,75.0,0.6931608388545785,1.5421679665506571,1.6147909735133257,1.7798440516811234
icedpa,markov_order_2,30,linear,,5.0,1007.0,0.8642151639207432,1.075555919070721,1.752604530190968,1.9098517326624558
icedpa,markov_order_2,30,nearest,,5.0,75.0,0.6982186463424698,1.535016032853302,1.6147909735133257,1.7798440516811234
icedpa,vq_ctw,30,linear,256.0,5.0,1007.0,0.9999999999980905,0.04650667228866194,3.1332362832518132,3.1332362832518132
icedpa,vq_ctw,30,linear,512.0,5.0,1007.0,0.9940090966692093,0.058838911793741025,3.306673422671602,3.306673422671602
icedpa,vq_ctw,30,linear,1024.0,5.0,1007.0,0.9946882071371075,0.053093717442632166,3.1070893335704373,3.1070893335704373
icedpa,vq_ctw,30,nearest,256.0,5.0,75.0,0.8622542120567263,0.9980689990784796,4.484315663775502,4.484315663775502
icedpa,vq_ctw,30,nearest,512.0,5.0,75.0,0.8748209914708931,0.9508624933530883,4.223951211943677,4.223951211943677
icedpa,vq_ctw,30,nearest,1024.0,5.0,75.0,0.8802219377380641,0.9840655115512863,4.422202672676112,4.422202672676112
ichank,direct_ctw,30,linear,,5.0,997.0,0.8581838117672418,1.1430358855860236,1.6441657516712471,1.8038881736979693
ichank,direct_ctw,30,nearest,,5.0,37.0,0.8329176208055904,1.0828884640358032,1.7112167388921373,1.8743404352524398
ichank,markov_order_1,30,linear,,5.0,997.0,0.7909600647102344,1.556339756484013,1.6441657516712471,1.8038881736979693
ichank,markov_order_1,30,nearest,,5.0,37.0,0.606610068992964,1.9838506016485633,1.7112167388921373,1.8743404352524398
ichank,markov_order_2,30,linear,,5.0,997.0,0.7848423267708982,1.5918239531904137,1.6441657516712471,1.8038881736979693
ichank,markov_order_2,30,nearest,,5.0,37.0,0.6130263617376399,1.9631310775151702,1.7112167388921373,1.8743404352524398
ichank,vq_ctw,30,linear,256.0,5.0,997.0,0.9999999999980904,0.021008582992945845,3.8017169784598837,3.8017169784598837
ichank,vq_ctw,30,linear,512.0,5.0,997.0,0.9970225146961702,0.033994537776633325,3.6611267806130914,3.6611267806130914
ichank,vq_ctw,30,linear,1024.0,5.0,997.0,0.9972928536871282,0.0296967234635575,3.713665210689409,3.713665210689409
ichank,vq_ctw,30,nearest,256.0,5.0,37.0,0.8690479933276843,0.898549325154099,4.120921452251582,4.120921452251582
ichank,vq_ctw,30,nearest,512.0,5.0,37.0,0.8581037441901685,1.0148722396385739,5.16892522494119,5.16892522494119
ichank,vq_ctw,30,nearest,1024.0,5.0,37.0,0.875162346724369,0.9906468100956813,4.537416241663548,4.537416241663548
ichiki,direct_ctw,30,linear,,5.0,1007.0,0.854671050648194,1.2554309905270542,1.5362002745437526,1.7101123589915066
ichiki,direct_ctw,30,nearest,,5.0,117.0,0.8441097249837703,0.9545121737799062,1.5485020577721227,1.7400691064539155
ichiki,markov_order_1,30,linear,,5.0,1007.0,0.7968553983076592,1.647110082164829,1.5362002745437526,1.7101123589915066
ichiki,markov_order_1,30,nearest,,5.0,117.0,0.6661897794012851,1.614329970043258,1.5485020577721227,1.7400691064539155
ichiki,markov_order_2,30,linear,,5.0,1007.0,0.7730616781913336,1.7992053691698333,1.5362002745437526,1.7101123589915066
ichiki,markov_order_2,30,nearest,,5.0,117.0,0.6638585723581049,1.6231364743438308,1.5485020577721227,1.7400691064539155
ichiki,vq_ctw,30,linear,256.0,5.0,1007.0,0.9965153829533921,0.036954233773681344,4.028973335741705,4.028973335741705
ichiki,vq_ctw,30,linear,512.0,5.0,1007.0,0.9956850498264521,0.048741756392381035,4.097431282144523,4.097431282144523
ichiki,vq_ctw,30,linear,1024.0,5.0,1007.0,0.996047139094034,0.04642498788944945,4.044846361340467,4.044846361340467
ichiki,vq_ctw,30,nearest,256.0,5.0,117.0,0.8736576020941984,0.9082659969652666,5.155425652304091,5.155425652304091
ichiki,vq_ctw,30,nearest,512.0,5.0,117.0,0.889333777864676,0.7853243769032284,5.227840564409592,5.227840564409592
ichiki,vq_ctw,30,nearest,1024.0,5.0,117.0,0.8639968321944916,0.994178335329649,5.229343514097285,5.229343514097285
ickguw,direct_ctw,30,linear,,5.0,1007.0,0.8251731245830205,1.383226755663791,1.7065873766542474,1.8870559913364555
ickguw,direct_ctw,30,nearest,,5.0,186.0,0.8421269571650578,1.0547536487259328,1.622033326037728,1.8392134266484015
ickguw,markov_order_1,30,linear,,5.0,1007.0,0.7629217164352866,1.759196387817408,1.7065873766542474,1.8870559913364555
ickguw,markov_order_1,30,nearest,,5.0,186.0,0.6177360080145772,1.9968555719738972,1.622033326037728,1.8392134266484015
ickguw,markov_order_2,30,linear,,5.0,1007.0,0.7451569948456935,1.8605255693448155,1.7065873766542474,1.8870559913364555
ickguw,markov_order_2,30,nearest,,5.0,186.0,0.6134352569548355,2.0130092945229565,1.622033326037728,1.8392134266484015
ickguw,vq_ctw,30,linear,256.0,5.0,1007.0,0.9999999999980905,0.013210179638772728,3.7416866660203114,3.7416866660203114
ickguw,vq_ctw,30,linear,512.0,5.0,1007.0,0.9964258988901823,0.03777223572199007,3.8213564922604193,3.8213564922604193
ickguw,vq_ctw,30,linear,1024.0,5.0,1007.0,0.9969332718164035,0.034882582809785435,3.832370972424112,3.832370972424112
ickguw,vq_ctw,30,nearest,256.0,5.0,186.0,0.8599291680896435,1.0466435468590773,4.316573015397688,4.316573015397688
ickguw,vq_ctw,30,nearest,512.0,5.0,186.0,0.8631079184886826,1.0368039948068355,4.323948656192601,4.323948656192601
ickguw,vq_ctw,30,nearest,1024.0,5.0,186.0,0.8885874918230826,0.9198846715728373,4.697164094735995,4.697164094735995
ickphi,direct_ctw,30,linear,,5.0,1007.0,0.8252465733960751,1.4477648927917366,1.5799314799558726,1.7499213342483524
ickphi,direct_ctw,30,nearest,,5.0,37.0,0.8379683226223795,1.0579937030901674,1.9688606065333825,2.1138622681112613
ickphi,markov_order_1,30,linear,,5.0,1007.0,0.7459325391968916,1.9506579444178163,1.5799314799558726,1.7499213342483524
ickphi,markov_order_1,30,nearest,,5.0,37.0,0.6160795630419168,1.953183840738387,1.9688606065333825,2.1138622681112613
ickphi,markov_order_2,30,linear,,5.0,1007.0,0.7153398882069509,2.1311453987556064,1.5799314799558726,1.7499213342483524
ickphi,markov_order_2,30,nearest,,5.0,37.0,0.6207658739292441,1.9378053078431303,1.9688606065333825,2.1138622681112613
ickphi,vq_ctw,30,linear,256.0,5.0,1007.0,0.9848456427852705,0.12844577631454335,4.660882399230448,4.660882399230448
ickphi,vq_ctw,30,linear,512.0,5.0,1007.0,0.9805194426434749,0.16938996003195014,4.6367720076242875,4.6367720076242875
ickphi,vq_ctw,30,linear,1024.0,5.0,1007.0,0.9844035866544207,0.147136993291895,4.467227756549686,4.467227756549686
ickphi,vq_ctw,30,nearest,256.0,5.0,37.0,0.8702955964828885,0.9677801843717915,5.144167239114291,5.144167239114291
ickphi,vq_ctw,30,nearest,512.0,5.0,37.0,0.8600335713701572,0.9770863267365989,6.754445245878225,6.754445245878225
ickphi,vq_ctw,30,nearest,1024.0,5.0,37.0,0.8990657069945177,0.8337959107229406,6.732628040349792,6.732628040349792
ickviy,direct_ctw,30,linear,,5.0,1007.0,0.8345850562611887,1.4815260265204127,1.7371387507037048,1.884886608224002
ickviy,direct_ctw,30,nearest,,5.0,41.0,0.8288492204149196,1.140811500632571,1.8080051867982294,1.9325958766008406
ickviy,markov_order_1,30,linear,,5.0,1007.0,0.7299090083101822,2.2040405833563876,1.7371387507037048,1.884886608224002
ickviy,markov_order_1,30,nearest,,5.0,41.0,0.5834074033189759,2.1493560616154364,1.8080051867982294,1.9325958766008406
ickviy,markov_order_2,30,linear,,5.0,1007.0,0.6857199928195692,2.483404589908532,1.7371387507037048,1.884886608224002
ickviy,markov_order_2,30,nearest,,5.0,41.0,0.5914436754535918,2.122698798977868,1.8080051867982294,1.9325958766008406
ickviy,vq_ctw,30,linear,256.0,5.0,1007.0,0.9740459394224286,0.21481312855017998,4.833483275055373,4.833483275055373
ickviy,vq_ctw,30,linear,512.0,5.0,1007.0,0.9727158813902501,0.24393516508203714,5.140299836052185,5.140299836052185
ickviy,vq_ctw,30,linear,1024.0,5.0,1007.0,0.9730161197357664,0.24168758007004615,4.9905302852082025,4.9905302852082025
ickviy,vq_ctw,30,nearest,256.0,5.0,41.0,0.8516761095081407,1.0758055055721942,4.3991930500703145,4.3991930500703145
ickviy,vq_ctw,30,nearest,512.0,5.0,41.0,0.8598809630777474,0.9779143417336102,3.948190979834262,3.948190979834262
ickviy,vq_ctw,30,nearest,1024.0,5.0,41.0,0.8639120580039159,1.0259754255312221,5.3289372336853305,5.3289372336853305
icodmu,direct_ctw,30,linear,,5.0,1007.0,0.8142700608289568,1.6293478784007625,1.7089200737680683,1.8585167392968545
icodmu,markov_order_1,30,linear,,5.0,1007.0,0.6664700961843063,2.600948564590568,1.7089200737680683,1.8585167392968545
icodmu,markov_order_2,30,linear,,5.0,1007.0,0.6124846838063173,2.9179573431498103,1.7089200737680683,1.8585167392968545
icodmu,vq_ctw,30,linear,256.0,5.0,1007.0,0.9394431952960383,0.470259818198612,6.908007195401048,6.908007195401048
icodmu,vq_ctw,30,linear,512.0,5.0,1007.0,0.9427143156927072,0.4773957572707833,7.435070955493312,7.435070955493312
icodmu,vq_ctw,30,linear,1024.0,5.0,1007.0,0.9345773319355835,0.5005116766090304,6.974355666845432,6.974355666845432
ictlyp,direct_ctw,30,linear,,5.0,1007.0,0.8444235587078244,1.4084100645980775,1.6800983206274238,1.8415111284169088
ictlyp,direct_ctw,30,nearest,,5.0,72.0,0.8543999516010027,0.9611647244667277,1.6324018883071756,1.8032939034639794
ictlyp,markov_order_1,30,linear,,5.0,1007.0,0.7282641216293069,2.214687366119553,1.6800983206274238,1.8415111284169088
ictlyp,markov_order_1,30,nearest,,5.0,72.0,0.6901737703330012,1.6620770780614074,1.6324018883071756,1.8032939034639794
ictlyp,markov_order_2,30,linear,,5.0,1007.0,0.6753922245112465,2.546771590007166,1.6800983206274238,1.8415111284169088
ictlyp,markov_order_2,30,nearest,,5.0,72.0,0.6877529109216473,1.6720790225780773,1.6324018883071756,1.8032939034639794
ictlyp,vq_ctw,30,linear,256.0,5.0,1007.0,0.9853072015675323,0.13378900264122226,6.6258200371849165,6.6258200371849165
ictlyp,vq_ctw,30,linear,512.0,5.0,1007.0,0.9680583398139522,0.26792094657782106,5.55108837161248,5.55108837161248
ictlyp,vq_ctw,30,linear,1024.0,5.0,1007.0,0.9684758959619738,0.2751752072507749,5.788162068754027,5.788162068754027
ictlyp,vq_ctw,30,nearest,256.0,5.0,72.0,0.8885727651609976,0.7917163294758969,4.530317362273414,4.530317362273414
ictlyp,vq_ctw,30,nearest,512.0,5.0,72.0,0.8673433820586808,0.8628158555889739,4.1163761681594515,4.1163761681594515
ictlyp,vq_ctw,30,nearest,1024.0,5.0,72.0,0.8554843549396096,1.019142292457501,4.236012078544664,4.236012078544664
ictmuo,direct_ctw,30,linear,,5.0,883.0,0.950953195016162,0.4452639313556524,1.489478815724462,1.6097134422680035
ictmuo,direct_ctw,30,nearest,,5.0,37.0,0.8460848330280342,0.8635016693393428,1.3197280422577,1.5719166534093327
ictmuo,markov_order_1,30,linear,,5.0,883.0,0.9237504940238688,0.642119591623895,1.489478815724462,1.6097134422680035
ictmuo,markov_order_1,30,nearest,,5.0,37.0,0.7922639854362908,1.0663866620786966,1.3197280422577,1.5719166534093327
ictmuo,markov_order_2,30,linear,,5.0,883.0,0.9239134486115906,0.640991570888608,1.489478815724462,1.6097134422680035
ictmuo,markov_order_2,30,nearest,,5.0,37.0,0.7711929413484574,1.1385765431469281,1.3197280422577,1.5719166534093327
ictmuo,vq_ctw,30,linear,256.0,5.0,883.0,0.9974681524026037,0.028018592311377804,2.860182835638488,2.860182835638488
ictmuo,vq_ctw,30,linear,512.0,5.0,883.0,0.9999999999980905,0.0138784815053622,3.2017208138415896,3.2017208138415896
ictmuo,vq_ctw,30,linear,1024.0,5.0,883.0,0.9977744094784661,0.02634575505516254,2.842856271965971,2.842856271965971
ictmuo,vq_ctw,30,nearest,256.0,5.0,37.0,0.8993979311773015,0.7309537818616118,4.146922379016797,4.146922379016797
ictmuo,vq_ctw,30,nearest,512.0,5.0,37.0,0.8544656737351219,0.9747519682417757,4.338403121030568,4.338403121030568
ictmuo,vq_ctw,30,nearest,1024.0,5.0,37.0,0.857270584761149,1.019530757099477,5.003814136571519,5.003814136571519
icwiro,direct_ctw,30,linear,,5.0,1007.0,0.8170776136678821,1.5462442237238208,1.6854789045100964,1.8572950287481693
icwiro,direct_ctw,30,nearest,,5.0,298.0,0.832585269174789,1.0630080862183369,1.5523033451188164,1.7582803139575276
icwiro,markov_order_1,30,linear,,5.0,1007.0,0.7092169399252634,2.2365388745804076,1.6854789045100964,1.8572950287481693
icwiro,markov_order_1,30,nearest,,5.0,298.0,0.640528894077718,1.8443814927759594,1.5523033451188164,1.7582803139575276
icwiro,markov_order_2,30,linear,,5.0,1007.0,0.6672403438711919,2.4818377924849795,1.6854789045100964,1.8572950287481693
icwiro,markov_order_2,30,nearest,,5.0,298.0,0.627312663736836,1.8877624156844388,1.5523033451188164,1.7582803139575276
icwiro,vq_ctw,30,linear,256.0,5.0,1007.0,0.9942481610332043,0.056829888775195805,6.505976854246817,6.505976854246817
icwiro,vq_ctw,30,linear,512.0,5.0,1007.0,0.9667629981113111,0.24361111794895388,4.908200447273056,4.908200447273056
icwiro,vq_ctw,30,linear,1024.0,5.0,1007.0,0.9867106315786529,0.12294808287791159,5.741207013142635,5.741207013142635
icwiro,vq_ctw,30,nearest,256.0,5.0,298.0,0.848623896433998,1.021655530186208,4.300269542708828,4.300269542708828
icwiro,vq_ctw,30,nearest,512.0,5.0,298.0,0.8790933080253667,0.8880706467483032,4.368975277148092,4.368975277148092
icwiro,vq_ctw,30,nearest,1024.0,5.0,298.0,0.8641278463150296,1.0252041572060338,4.524336392642467,4.524336392642467
idbayb,direct_ctw,30,linear,,5.0,1007.0,0.8390694513793773,1.3075994003078302,1.6339376736089708,1.794878480341727
idbayb,direct_ctw,30,nearest,,5.0,37.0,0.7924594309291542,1.0656992707468094,1.4293720800993372,1.714392758568755
idbayb,markov_order_1,30,linear,,5.0,1007.0,0.7666854636330878,1.7566488050119209,1.6339376736089708,1.794878480341727
idbayb,markov_order_1,30,nearest,,5.0,37.0,0.6548298367994534,1.476762242419561,1.4293720800993372,1.714392758568755
idbayb,markov_order_2,30,linear,,5.0,1007.0,0.749437057907427,1.856997824690037,1.6339376736089708,1.794878480341727
idbayb,markov_order_2,30,nearest,,5.0,37.0,0.68102890049304,1.4088162868100955,1.4293720800993372,1.714392758568755
idbayb,vq_ctw,30,linear,256.0,5.0,1007.0,0.9880774192997039,0.1121817373755969,4.259557978673298,4.259557978673298
idbayb,vq_ctw,30,linear,512.0,5.0,1007.0,0.9865138678568929,0.13796670389633134,4.445652464351825,4.445652464351825
idbayb,vq_ctw,30,linear,1024.0,5.0,1007.0,0.9883620165482407,0.11474216476358985,4.301946941119469,4.301946941119469
idbayb,vq_ctw,30,nearest,256.0,5.0,37.0,0.8702209477771119,0.8581695508911498,4.68670425018545,4.68670425018545
idbayb,vq_ctw,30,nearest,512.0,5.0,37.0,0.9611582019706346,0.27579823906631884,4.3662267662039564,4.3662267662039564
idbayb,vq_ctw,30,nearest,1024.0,5.0,37.0,0.8183634538429941,1.0469172321989813,4.194534172729224,4.194534172729224
idcadg,direct_ctw,30,linear,,5.0,1007.0,0.9065165205093818,0.7831263270127947,1.497398043765113,1.627083227790596
idcadg,direct_ctw,30,nearest,,5.0,75.0,0.8177487370551728,1.0819621446677437,1.523441004371275,1.7189620761091342
idcadg,markov_order_1,30,linear,,5.0,1007.0,0.8600274051707022,1.0859635390660642,1.497398043765113,1.627083227790596
idcadg,markov_order_1,30,nearest,,5.0,75.0,0.6243597508599668,1.7727712824981579,1.523441004371275,1.7189620761091342
idcadg,markov_order_2,30,linear,,5.0,1007.0,0.8624500703583207,1.0708974961975568,1.497398043765113,1.627083227790596
idcadg,markov_order_2,30,nearest,,5.0,75.0,0.6287853570846438,1.759588544277962,1.523441004371275,1.7189620761091342
idcadg,vq_ctw,30,linear,256.0,5.0,1007.0,0.9963851885103472,0.04025783285059425,3.4161016541734046,3.4161016541734046
idcadg,vq_ctw,30,linear,512.0,5.0,1007.0,0.9979652784521976,0.025194286830366848,3.724772913302562,3.724772913302562
idcadg,vq_ctw,30,linear,1024.0,5.0,1007.0,0.997708213223546,0.025691736661251047,3.471756946331796,3.471756946331796
idcadg,vq_ctw,30,nearest,256.0,5.0,75.0,0.862976614565561,1.032686460862128,4.905045782412368,4.905045782412368
idcadg,vq_ctw,30,nearest,512.0,5.0,75.0,0.8578371997760282,1.037597704824379,4.107880936806894,4.107880936806894
idcadg,vq_ctw,30,nearest,1024.0,5.0,75.0,0.8824740965551964,0.9368094309825358,5.393737162265455,5.393737162265455
ideutg,direct_ctw,30,linear,,5.0,1007.0,0.8344442146183289,1.3377918231098322,1.6763012168707043,1.823012008310892
ideutg,direct_ctw,30,nearest,,5.0,152.0,0.8259856769820821,0.9957532538811994,1.7195329315629417,1.876788561899226
ideutg,markov_order_1,30,linear,,5.0,1007.0,0.7745934008265941,1.7098462420048313,1.6763012168707043,1.823012008310892
ideutg,markov_order_1,30,nearest,,5.0,152.0,0.678981594082321,1.50039798672369,1.7195329315629417,1.876788561899226
ideutg,markov_order_2,30,linear,,5.0,1007.0,0.7579062404687946,1.8080176460424717,1.6763012168707043,1.823012008310892
ideutg,markov_order_2,30,nearest,,5.0,152.0,0.6905046763211833,1.4725191324644398,1.7195329315629417,1.876788561899226
ideutg,vq_ctw,30,linear,256.0,5.0,1007.0,0.9999999999980905,0.032354697354544194,3.8085677317195223,3.8085677317195223
ideutg,vq_ctw,30,linear,512.0,5.0,1007.0,0.9937737228746429,0.060803387089630526,3.8026522728942718,3.8026522728942718
ideutg,vq_ctw,30,linear,1024.0,5.0,1007.0,0.9999999999980905,0.02256051576544163,3.9675471292711983,3.9675471292711983
ideutg,vq_ctw,30,nearest,256.0,5.0,152.0,0.8834184513241197,0.8185833587998742,4.330683099137961,4.330683099137961
ideutg,vq_ctw,30,nearest,512.0,5.0,152.0,0.8930497130811105,0.7578604323209385,4.090291610475723,4.090291610475723
ideutg,vq_ctw,30,nearest,1024.0,5.0,152.0,0.8647284803406537,0.9776772980272799,4.228069462036254,4.228069462036254
idholv,direct_ctw,30,linear,,5.0,1007.0,0.8333331785390937,1.3312672206142213,1.5030614262922244,1.6798771862695583
idholv,direct_ctw,30,nearest,,5.0,188.0,0.8373682984294981,1.0130650084913069,1.5850210199698482,1.7631941417057255
idholv,markov_order_1,30,linear,,5.0,1007.0,0.7697740229481558,1.7194451506747839,1.5030614262922244,1.6798771862695583
idholv,markov_order_1,30,nearest,,5.0,188.0,0.6607958561046539,1.7056827630509437,1.5850210199698482,1.7631941417057255
idholv,markov_order_2,30,linear,,5.0,1007.0,0.7525615663611867,1.8185882392486825,1.5030614262922244,1.6798771862695583
idholv,markov_order_2,30,nearest,,5.0,188.0,0.6644594707975634,1.696698801249733,1.5850210199698482,1.7631941417057255
idholv,vq_ctw,30,linear,256.0,5.0,1007.0,0.9999999999980905,0.037511380854184505,4.108329095928543,4.108329095928543
idholv,vq_ctw,30,linear,512.0,5.0,1007.0,0.9905484028267176,0.08658685412746378,4.091677242888218,4.091677242888218
idholv,vq_ctw,30,linear,1024.0,5.0,1007.0,0.9911530880480495,0.08189502136831084,4.072402842014304,4.072402842014304
idholv,vq_ctw,30,nearest,256.0,5.0,188.0,0.8685486864019059,0.9508683691063329,4.433696952940491,4.433696952940491
idholv,vq_ctw,30,nearest,512.0,5.0,188.0,0.8649323947726264,1.0025153275115646,4.214091349530206,4.214091349530206
idholv,vq_ctw,30,nearest,1024.0,5.0,188.0,0.8754438763023883,1.000295768825136,4.583486994454446,4.583486994454446
idjoat,direct_ctw,30,linear,,5.0,48.0,0.8708059604388696,0.9647591013233975,1.4760549157134275,1.6830055640658539
idjoat,direct_ctw,30,nearest,,5.0,42.0,0.8832978702550074,0.8474306483561881,1.484405863794566,1.6639782207091263
idjoat,markov_order_1,30,linear,,5.0,48.0,0.6650979790425816,1.9814708293308732,1.4760549157134275,1.6830055640658539
idjoat,markov_order_1,30,nearest,,5.0,42.0,0.7083957655700412,1.6894211183894352,1.484405863794566,1.6639782207091263
idjoat,markov_order_2,30,linear,,5.0,48.0,0.6708100534157205,1.9576040454266346,1.4760549157134275,1.6830055640658539
idjoat,markov_order_2,30,nearest,,5.0,42.0,0.7102875887644928,1.6816750228165016,1.484405863794566,1.6639782207091263
idjoat,vq_ctw,30,linear,256.0,5.0,48.0,1.0,0.0,5.256663453377898,5.256663453377898
idjoat,vq_ctw,30,linear,512.0,5.0,48.0,0.9999999999980905,0.294911053111112,4.491394138767743,4.491394138767743
idjoat,vq_ctw,30,linear,1024.0,5.0,48.0,0.9999999999980905,0.14789207963983783,4.815359745975968,4.815359745975968
idjoat,vq_ctw,30,nearest,256.0,5.0,42.0,0.8877413173314811,0.8218414253716673,4.985488306873302,4.985488306873302
idjoat,vq_ctw,30,nearest,512.0,5.0,42.0,0.8671356105471139,1.0066077258868418,4.955665310000415,4.955665310000415
idjoat,vq_ctw,30,nearest,1024.0,5.0,42.0,0.8596418385270309,1.070735498051318,4.86309893775764,4.86309893775764
idjojw,direct_ctw,30,linear,,5.0,728.0,0.9751100883285791,0.25076120805360735,1.4161257577125679,1.590863463844066
idjojw,direct_ctw,30,nearest,,5.0,35.0,0.8167296912864035,1.1127197169279528,1.4802174165590463,1.654455054356792
idjojw,markov_order_1,30,linear,,5.0,728.0,0.9565919132719465,0.40190418935546124,1.4161257577125679,1.590863463844066
idjojw,markov_order_1,30,nearest,,5.0,35.0,0.6585704003806779,1.7189551480779106,1.4802174165590463,1.654455054356792
idjojw,markov_order_2,30,linear,,5.0,728.0,0.9568992529229902,0.39951027547898255,1.4161257577125679,1.590863463844066
idjojw,markov_order_2,30,nearest,,5.0,35.0,0.6415500257277824,1.773684090712429,1.4802174165590463,1.654455054356792
idjojw,vq_ctw,30,linear,256.0,5.0,728.0,0.9999999999980906,0.03220163938255405,2.49317085812065,2.49317085812065
idjojw,vq_ctw,30,linear,512.0,5.0,728.0,0.9969263527299583,0.033153307003190254,2.9956843110072118,2.9956843110072118
idjojw,vq_ctw,30,linear,1024.0,5.0,728.0,0.9999999999980906,0.03068560838283037,2.6808017771771486,2.6808017771771486
idjojw,vq_ctw,30,nearest,256.0,5.0,35.0,0.8497801808691572,1.032110477506229,4.3018702168668765,4.3018702168668765
idjojw,vq_ctw,30,nearest,512.0,5.0,35.0,0.8540028814743178,1.037723122105124,4.063456129386224,4.063456129386224
idjojw,vq_ctw,30,nearest,1024.0,5.0,35.0,0.8735441428427099,1.0009771244721968,4.976550636696561,4.976550636696561
idjokv,direct_ctw,30,linear,,5.0,1007.0,0.8391972548699906,1.4174032016711258,1.6760200712914977,1.8377914057540754
idjokv,direct_ctw,30,nearest,,5.0,151.0,0.8118859207845416,1.1685242451872606,1.7454596730001766,1.926982155341534
idjokv,markov_order_1,30,linear,,5.0,1007.0,0.7616864761507027,1.949947032066688,1.6760200712914977,1.8377914057540754
idjokv,markov_order_1,30,nearest,,5.0,151.0,0.613266628664778,1.930294869269729,1.7454596730001766,1.926982155341534
idjokv,markov_order_2,30,linear,,5.0,1007.0,0.727192015648598,2.1707611262048645,1.6760200712914977,1.8377914057540754
idjokv,markov_order_2,30,nearest,,5.0,151.0,0.6157827075350324,1.922763116001578,1.7454596730001766,1.926982155341534
idjokv,vq_ctw,30,linear,256.0,5.0,1007.0,0.9921207860451594,0.07886850070799957,4.099743757730623,4.099743757730623
idjokv,vq_ctw,30,linear,512.0,5.0,1007.0,0.9886979503489104,0.11852172069425004,4.162214960757643,4.162214960757643
idjokv,vq_ctw,30,linear,1024.0,5.0,1007.0,0.9903789176304796,0.09751272564181862,3.9997589217493656,3.9997589217493656
idjokv,vq_ctw,30,nearest,256.0,5.0,151.0,0.8508310692134198,1.102402185226922,4.54870313218746,4.54870313218746
idjokv,vq_ctw,30,nearest,512.0,5.0,151.0,0.853041774523972,1.0590377692396442,4.339123201291662,4.339123201291662
idjokv,vq_ctw,30,nearest,1024.0,5.0,151.0,0.8584989520830769,1.1016763169406167,4.286384062205344,4.286384062205344
idlorr,direct_ctw,30,linear,,5.0,1006.0,0.8393890059953752,1.36230302693331,1.6296163607019012,1.7817029479423976
idlorr,direct_ctw,30,nearest,,5.0,33.0,0.836721778963019,1.064162814579189,2.0129399708839224,2.143661282005364
idlorr,markov_order_1,30,linear,,5.0,1006.0,0.7492112327594914,1.946984425595063,1.6296163607019012,1.7817029479423976
idlorr,markov_order_1,30,nearest,,5.0,33.0,0.5385589762590054,2.1885134978458476,2.0129399708839224,2.143661282005364
idlorr,markov_order_2,30,linear,,5.0,1006.0,0.7251276430902226,2.091771740607759,1.6296163607019012,1.7817029479423976
idlorr,markov_order_2,30,nearest,,5.0,33.0,0.5628889098296547,2.1184737346798945,2.0129399708839224,2.143661282005364
idlorr,vq_ctw,30,linear,256.0,5.0,1006.0,0.9947401742382791,0.05572588670645476,5.14486095440767,5.14486095440767
idlorr,vq_ctw,30,linear,512.0,5.0,1006.0,0.9916084698042313,0.09162239972625574,5.094082628400727,5.094082628400727
idlorr,vq_ctw,30,linear,1024.0,5.0,1006.0,0.993224424498217,0.07429530547242223,4.962851688212753,4.962851688212753
idlorr,vq_ctw,30,nearest,256.0,5.0,33.0,0.8531734917771459,1.014035448199828,4.370414681138534,4.370414681138534
idlorr,vq_ctw,30,nearest,512.0,5.0,33.0,0.8591703811245772,1.008896248463714,4.670986173915552,4.670986173915552
idlorr,vq_ctw,30,nearest,1024.0,5.0,33.0,0.8687290172085242,0.9770327560197142,4.149378754179839,4.149378754179839
idodly,direct_ctw,30,linear,,5.0,1006.0,0.8390146397862321,1.4105754102265318,1.5085213506683406,1.6903448530094187
idodly,direct_ctw,30,nearest,,5.0,161.0,0.8532970761524328,0.9465806951738958,1.421694110800577,1.6239774073087567
idodly,markov_order_1,30,linear,,5.0,1006.0,0.7457309569576498,2.040336082623275,1.5085213506683406,1.6903448530094187
idodly,markov_order_1,30,nearest,,5.0,161.0,0.7393683556036615,1.4376561967152621,1.421694110800577,1.6239774073087567
idodly,markov_order_2,30,linear,,5.0,1006.0,0.7046205198271763,2.2955632570052837,1.5085213506683406,1.6903448530094187
idodly,markov_order_2,30,nearest,,5.0,161.0,0.7202686136674433,1.5182272954763478,1.421694110800577,1.6239774073087567
idodly,vq_ctw,30,linear,256.0,5.0,1006.0,0.9716133265746638,0.21462210627675068,5.364517902851764,5.364517902851764
idodly,vq_ctw,30,linear,512.0,5.0,1006.0,0.9658928051057732,0.3027542173614473,5.239789923304276,5.239789923304276
idodly,vq_ctw,30,linear,1024.0,5.0,1006.0,0.9674049130107707,0.27243379874648793,5.305841705196233,5.305841705196233
idodly,vq_ctw,30,nearest,256.0,5.0,161.0,0.868427348986033,0.9246878339607073,4.216790076389929,4.216790076389929
idodly,vq_ctw,30,nearest,512.0,5.0,161.0,0.8757726474873068,0.8817135582271278,4.287491919419828,4.287491919419828
idodly,vq_ctw,30,nearest,1024.0,5.0,161.0,0.8578419118392303,1.0351221330203084,4.919940105765286,4.919940105765286
idshyw,direct_ctw,30,linear,,5.0,990.0,0.8592305226477128,1.2140023197299155,1.6696464491896867,1.8263248246502852
idshyw,direct_ctw,30,nearest,,5.0,119.0,0.8323522810396907,1.0167522089445995,1.6366589008621504,1.8355956940190732
idshyw,markov_order_1,30,linear,,5.0,990.0,0.7837990083784243,1.7173032410633078,1.6696464491896867,1.8263248246502852
idshyw,markov_order_1,30,nearest,,5.0,119.0,0.6775199913278294,1.6165456370386564,1.6366589008621504,1.8355956940190732
idshyw,markov_order_2,30,linear,,5.0,990.0,0.7615501301765334,1.8558038390656266,1.6696464491896867,1.8263248246502852
idshyw,markov_order_2,30,nearest,,5.0,119.0,0.685673200539157,1.5844613675275643,1.6366589008621504,1.8355956940190732
idshyw,vq_ctw,30,linear,256.0,5.0,990.0,0.9917790175522155,0.08178385022480884,3.9850771042293887,3.9850771042293887
idshyw,vq_ctw,30,linear,512.0,5.0,990.0,0.9893866537885732,0.10947578092124563,4.304441379219739,4.304441379219739
idshyw,vq_ctw,30,linear,1024.0,5.0,990.0,0.9903570585001231,0.10080688364530979,4.168827529712449,4.168827529712449
idshyw,vq_ctw,30,nearest,256.0,5.0,119.0,0.8490015027466286,1.063087079743717,4.255038305758745,4.255038305758745
idshyw,vq_ctw,30,nearest,512.0,5.0,119.0,0.8828148942026128,0.9042180469933144,3.8081619816512657,3.8081619816512657
idshyw,vq_ctw,30,nearest,1024.0,5.0,119.0,0.8733780373432133,1.0252393072613357,4.018318047154855,4.018318047154855
idsmuk,direct_ctw,30,linear,,5.0,1007.0,0.8250186349316986,1.4605131922524168,1.5020947854885318,1.6689178444888493
idsmuk,direct_ctw,30,nearest,,5.0,207.0,0.8431671339607286,1.0510025820199944,1.5299494492533783,1.7045871870722213
idsmuk,markov_order_1,30,linear,,5.0,1007.0,0.7353266945569726,2.0309829824506935,1.5020947854885318,1.6689178444888493
idsmuk,markov_order_1,30,nearest,,5.0,207.0,0.6109909592390963,2.013630724466327,1.5299494492533783,1.7045871870722213
idsmuk,markov_order_2,30,linear,,5.0,1007.0,0.7091308096419563,2.1856061954389605,1.5020947854885318,1.6689178444888493
idsmuk,markov_order_2,30,nearest,,5.0,207.0,0.6162862619436225,1.9991407187842876,1.5299494492533783,1.7045871870722213
idsmuk,vq_ctw,30,linear,256.0,5.0,1007.0,0.9815711815016958,0.1617345203632069,4.949455339878261,4.949455339878261
idsmuk,vq_ctw,30,linear,512.0,5.0,1007.0,0.981103527911675,0.17299184888384866,5.224843527992578,5.224843527992578
idsmuk,vq_ctw,30,linear,1024.0,5.0,1007.0,0.9837964022435118,0.15718159156533315,5.138936017510527,5.138936017510527
idsmuk,vq_ctw,30,nearest,256.0,5.0,207.0,0.8546768141020946,1.0647814123760058,4.77841587747091,4.77841587747091
idsmuk,vq_ctw,30,nearest,512.0,5.0,207.0,0.8623590901882424,1.001596300123853,5.327233319811334,5.327233319811334
idsmuk,vq_ctw,30,nearest,1024.0,5.0,207.0,0.8671360062017379,1.0175946706362105,5.4206975249895875,5.4206975249895875
idtwal,direct_ctw,30,linear,,5.0,103.0,0.8499496200813432,1.0601175059121264,1.613342592242635,1.7938098158828022
idtwal,markov_order_1,30,linear,,5.0,103.0,0.7077837038082572,1.748215888586868,1.613342592242635,1.7938098158828022
idtwal,markov_order_2,30,linear,,5.0,103.0,0.7015497034877233,1.7747391853223042,1.613342592242635,1.7938098158828022
idtwal,vq_ctw,30,linear,256.0,5.0,103.0,1.0,0.0,3.877960573840482,3.877960573840482
idtwal,vq_ctw,30,linear,512.0,5.0,103.0,0.9823153936003467,0.14591965768069992,3.7965458778308223,3.7965458778308223
idtwal,vq_ctw,30,linear,1024.0,5.0,103.0,0.9999999999980905,0.08859967220766783,3.9289217102268474,3.9289217102268474
idvoww,direct_ctw,30,linear,,5.0,1007.0,0.8266996590821524,1.4491339895935422,1.6110881937164443,1.7765055113923534
idvoww,direct_ctw,30,nearest,,5.0,146.0,0.8277866358890927,1.1461046803071944,1.6248444760365257,1.815546770940336
idvoww,markov_order_1,30,linear,,5.0,1007.0,0.7536572155654013,1.9197767970979862,1.6110881937164443,1.7765055113923534
idvoww,markov_order_1,30,nearest,,5.0,146.0,0.677270379849221,1.8123178548160876,1.6248444760365257,1.815546770940336
idvoww,markov_order_2,30,linear,,5.0,1007.0,0.7246530833649613,2.0945817599141523,1.6110881937164443,1.7765055113923534
idvoww,markov_order_2,30,nearest,,5.0,146.0,0.6597544975106737,1.8794328020066364,1.6248444760365257,1.815546770940336
idvoww,vq_ctw,30,linear,256.0,5.0,1007.0,0.9876582561691317,0.10828726793172438,4.430076952033413,4.430076952033413
idvoww,vq_ctw,30,linear,512.0,5.0,1007.0,0.9871479109269137,0.12486109831430409,4.6224566889952206,4.6224566889952206
idvoww,vq_ctw,30,linear,1024.0,5.0,1007.0,0.985028030408042,0.14213538875755197,4.40799414156656,4.40799414156656
idvoww,vq_ctw,30,nearest,256.0,5.0,146.0,0.8462633298342653,1.150278304827026,4.672996200421456,4.672996200421456
idvoww,vq_ctw,30,nearest,512.0,5.0,146.0,0.8511420351454874,1.099738202420638,4.598133685251814,4.598133685251814
idvoww,vq_ctw,30,nearest,1024.0,5.0,146.0,0.8520124516628614,1.1966687124439783,4.434686743257016,4.434686743257016
ifanfa,direct_ctw,30,linear,,5.0,992.0,0.9062943075833633,0.8603045980230578,1.7811193682209874,1.899282893410139
ifanfa,direct_ctw,30,nearest,,5.0,40.0,0.8306450246884861,1.131666629758318,1.3563561577632925,1.5840250492165358
ifanfa,markov_order_1,30,linear,,5.0,992.0,0.8436865781834461,1.3119948518944395,1.7811193682209874,1.899282893410139
ifanfa,markov_order_1,30,nearest,,5.0,40.0,0.5979219951548518,2.1009288442644776,1.3563561577632925,1.5840250492165358
ifanfa,markov_order_2,30,linear,,5.0,992.0,0.8359452361758133,1.3645027875551354,1.7811193682209874,1.899282893410139
ifanfa,markov_order_2,30,nearest,,5.0,40.0,0.5930364214580508,2.1173697617093357,1.3563561577632925,1.5840250492165358
ifanfa,vq_ctw,30,linear,256.0,5.0,992.0,0.9881591992442977,0.10460411257501098,3.7093807769961797,3.7093807769961797
ifanfa,vq_ctw,30,linear,512.0,5.0,992.0,0.9889938394180032,0.11294741543965235,3.6717116542763666,3.6717116542763666
ifanfa,vq_ctw,30,linear,1024.0,5.0,992.0,0.9882451567672673,0.1195080973151679,3.748324735280227,3.748324735280227
ifanfa,vq_ctw,30,nearest,256.0,5.0,40.0,0.848208996932257,1.0696772109863302,4.77913286670527,4.77913286670527
ifanfa,vq_ctw,30,nearest,512.0,5.0,40.0,0.8617440109657807,0.9944210846060374,4.329238734534252,4.329238734534252
ifanfa,vq_ctw,30,nearest,1024.0,5.0,40.0,0.8656126994748738,1.0511221953370296,5.000619253911676,5.000619253911676
ifefro,direct_ctw,30,linear,,5.0,895.0,0.8493635386396197,1.3276901877612985,1.7029497596283323,1.8521392422482934
ifefro,direct_ctw,30,nearest,,5.0,111.0,0.8419869106585403,1.0473220354746826,1.5141292569545857,1.6810392548117141
ifefro,markov_order_1,30,linear,,5.0,895.0,0.7494799475238791,2.003296014602998,1.7029497596283323,1.8521392422482934
ifefro,markov_order_1,30,nearest,,5.0,111.0,0.6015672645034535,2.0280892842337988,1.5141292569545857,1.6810392548117141
ifefro,markov_order_2,30,linear,,5.0,895.0,0.7209623449885059,2.180928890553721,1.7029497596283323,1.8521392422482934
ifefro,markov_order_2,30,nearest,,5.0,111.0,0.594017394909422,2.0523897021163635,1.5141292569545857,1.6810392548117141
ifefro,vq_ctw,30,linear,256.0,5.0,895.0,0.9833388637916297,0.14866633812118685,4.721099912597432,4.721099912597432
ifefro,vq_ctw,30,linear,512.0,5.0,895.0,0.9762499143243556,0.2095077988238414,4.772311507060132,4.772311507060132
ifefro,vq_ctw,30,linear,1024.0,5.0,895.0,0.9809151666403909,0.174440518765188,4.7603205567500035,4.7603205567500035
ifefro,vq_ctw,30,nearest,256.0,5.0,111.0,0.8552867325229663,1.0385019893325889,4.886308225420898,4.886308225420898
ifefro,vq_ctw,30,nearest,512.0,5.0,111.0,0.8543085640893355,1.0529186750619781,4.793754543726462,4.793754543726462
ifefro,vq_ctw,30,nearest,1024.0,5.0,111.0,0.8817178530412694,0.9415165191841156,4.608963552789301,4.608963552789301
ifelas,direct_ctw,30,linear,,5.0,1007.0,0.8494144561984573,1.456797825709245,1.6136773880356385,1.7757682529873267
ifelas,direct_ctw,30,nearest,,5.0,126.0,0.8406641652665887,1.0243749622908631,1.5175355911382313,1.6896141005126117
ifelas,markov_order_1,30,linear,,5.0,1007.0,0.7043924033928765,2.5356060827632683,1.6136773880356385,1.7757682529873267
ifelas,markov_order_1,30,nearest,,5.0,126.0,0.6698922212190656,1.7456693604926679,1.5175355911382313,1.6896141005126117
ifelas,markov_order_2,30,linear,,5.0,1007.0,0.6438205923474777,2.9393100653816004,1.6136773880356385,1.7757682529873267
ifelas,markov_order_2,30,nearest,,5.0,126.0,0.6525663337861242,1.8149871307803234,1.5175355911382313,1.6896141005126117
ifelas,vq_ctw,30,linear,256.0,5.0,1007.0,0.95679354635558,0.34321818628933265,5.977141657673584,5.977141657673584
ifelas,vq_ctw,30,linear,512.0,5.0,1007.0,0.9493595699887117,0.4496376189639359,5.778491934580305,5.778491934580305
ifelas,vq_ctw,30,linear,1024.0,5.0,1007.0,0.9499325418137329,0.4368858199909661,5.790300244665242,5.790300244665242
ifelas,vq_ctw,30,nearest,256.0,5.0,126.0,0.8713560335010545,0.9683429066493554,4.9655810236988005,4.9655810236988005
ifelas,vq_ctw,30,nearest,512.0,5.0,126.0,0.8797788908921573,0.8777462518965465,4.724880042911499,4.724880042911499
ifelas,vq_ctw,30,nearest,1024.0,5.0,126.0,0.8694783663944923,0.9966694740652661,5.317960887660143,5.317960887660143
ifkald,direct_ctw,30,linear,,5.0,1007.0,0.8478165415865397,1.3620251252510807,1.7301252249006451,1.8559722822724727
ifkald,markov_order_1,30,linear,,5.0,1007.0,0.7603271191468843,1.9705444734036348,1.7301252249006451,1.8559722822724727
ifkald,markov_order_2,30,linear,,5.0,1007.0,0.7238670598594651,2.205082138073447,1.7301252249006451,1.8559722822724727
ifkald,vq_ctw,30,linear,256.0,5.0,1007.0,0.9715483612080452,0.23166123803340155,5.108608013295926,5.108608013295926
ifkald,vq_ctw,30,linear,512.0,5.0,1007.0,0.9784818378383968,0.21443627003611754,5.6669464661671505,5.6669464661671505
ifkald,vq_ctw,30,linear,1024.0,5.0,1007.0,0.9709826529715104,0.2568159018027067,5.26918762760718,5.26918762760718
ifragc,direct_ctw,30,linear,,5.0,993.0,0.8709222052122498,1.032548197219424,1.5901629563844712,1.7586682580025497
ifragc,direct_ctw,30,nearest,,5.0,79.0,0.8322453253234199,0.9880374790371266,1.4602209518535703,1.6610585844602086
ifragc,markov_order_1,30,linear,,5.0,993.0,0.8128717835637072,1.387881790109347,1.5901629563844712,1.7586682580025497
ifragc,markov_order_1,30,nearest,,5.0,79.0,0.6988149566573383,1.4794878434003982,1.4602209518535703,1.6610585844602086
ifragc,markov_order_2,30,linear,,5.0,993.0,0.8155572725220791,1.3722194198774473,1.5901629563844712,1.7586682580025497
ifragc,markov_order_2,30,nearest,,5.0,79.0,0.7140335896073191,1.434757461085969,1.4602209518535703,1.6610585844602086
ifragc,vq_ctw,30,linear,256.0,5.0,993.0,0.9999999999980905,0.04153219828045186,4.74982503518559,4.74982503518559
ifragc,vq_ctw,30,linear,512.0,5.0,993.0,0.9971474652546992,0.031076013393915726,4.635545660931531,4.635545660931531
ifragc,vq_ctw,30,linear,1024.0,5.0,993.0,0.9954856090179514,0.04618531922967541,4.657974877353613,4.657974877353613
ifragc,vq_ctw,30,nearest,256.0,5.0,79.0,0.8880010346271577,0.8726800304547284,4.754275379146843,4.754275379146843
ifragc,vq_ctw,30,nearest,512.0,5.0,79.0,0.8712324091525032,0.9800934818262727,4.095093029076281,4.095093029076281
ifragc,vq_ctw,30,nearest,1024.0,5.0,79.0,0.881169393550302,0.9719256015084551,4.186453299607267,4.186453299607267
igglit,direct_ctw,30,linear,,5.0,1007.0,0.8176724976795426,1.6419838817678498,1.6148620141156538,1.7732009320803523
igglit,direct_ctw,30,nearest,,5.0,160.0,0.8425545871585627,1.0184632756826175,1.4802530854966132,1.6564448619276835
igglit,markov_order_1,30,linear,,5.0,1007.0,0.698517185228014,2.4652558936328255,1.6148620141156538,1.7732009320803523
igglit,markov_order_1,30,nearest,,5.0,160.0,0.662468208399189,1.760091212894639,1.4802530854966132,1.6564448619276835
igglit,markov_order_2,30,linear,,5.0,1007.0,0.6440388776824723,2.807337628878838,1.6148620141156538,1.7732009320803523
igglit,markov_order_2,30,nearest,,5.0,160.0,0.6540920996737087,1.7875947287378111,1.4802530854966132,1.6564448619276835
igglit,vq_ctw,30,linear,256.0,5.0,1007.0,0.9751619440493915,0.2071716015055632,5.220861498895505,5.220861498895505
igglit,vq_ctw,30,linear,512.0,5.0,1007.0,0.9714684223572142,0.2670717404536843,5.132832090203977,5.132832090203977
igglit,vq_ctw,30,linear,1024.0,5.0,1007.0,0.972174536232125,0.24797532868292269,5.2178640584414016,5.2178640584414016
igglit,vq_ctw,30,nearest,256.0,5.0,160.0,0.8562277733654051,1.0346840437824156,4.497991371907635,4.497991371907635
igglit,vq_ctw,30,nearest,512.0,5.0,160.0,0.8599047640302239,1.0142012711727642,4.719609266545241,4.719609266545241
igglit,vq_ctw,30,nearest,1024.0,5.0,160.0,0.8781720499038496,0.9794114984559001,4.515257809789855,4.515257809789855
igsoys,direct_ctw,30,linear,,5.0,1007.0,0.8191737613226888,1.5216122630982925,1.6796061266166784,1.838318883596422
igsoys,direct_ctw,30,nearest,,5.0,132.0,0.852270071984051,0.9550755208285595,1.5684555328171284,1.746101438018828
igsoys,markov_order_1,30,linear,,5.0,1007.0,0.7153551644874155,2.1835524679982807,1.6796061266166784,1.838318883596422
igsoys,markov_order_1,30,nearest,,5.0,132.0,0.6673691847012558,1.7145121241468484,1.5684555328171284,1.746101438018828
igsoys,markov_order_2,30,linear,,5.0,1007.0,0.6760585263251531,2.412953892940469,1.6796061266166784,1.838318883596422
igsoys,markov_order_2,30,nearest,,5.0,132.0,0.6485443076179355,1.7824326155245145,1.5684555328171284,1.746101438018828
igsoys,vq_ctw,30,linear,256.0,5.0,1007.0,0.9913682940813664,0.08526012116005877,5.288405474785762,5.288405474785762
igsoys,vq_ctw,30,linear,512.0,5.0,1007.0,0.9831232669811812,0.16271196869911767,5.2500370909879255,5.2500370909879255
igsoys,vq_ctw,30,linear,1024.0,5.0,1007.0,0.9885370885012214,0.1169584390861153,5.335582347126091,5.335582347126091
igsoys,vq_ctw,30,nearest,256.0,5.0,132.0,0.8601749151475777,1.001552469792564,4.781300744669717,4.781300744669717
igsoys,vq_ctw,30,nearest,512.0,5.0,132.0,0.8732108110237007,0.9532487275411065,4.615703413523058,4.615703413523058
igsoys,vq_ctw,30,nearest,1024.0,5.0,132.0,0.8813456616755427,0.9406013649218369,4.701006462952852,4.701006462952852
igvidt,direct_ctw,30,linear,,5.0,1007.0,0.8389556569447947,1.3937813378128565,1.5289058728079403,1.696359045061672
igvidt,direct_ctw,30,nearest,,5.0,111.0,0.8396842395628277,0.9623655284066007,1.44245054596778,1.6425698347377025
igvidt,markov_order_1,30,linear,,5.0,1007.0,0.7532227844344044,1.9660914840242514,1.5289058728079403,1.696359045061672
igvidt,markov_order_1,30,nearest,,5.0,111.0,0.6797674638897293,1.5833679397511533,1.44245054596778,1.6425698347377025
igvidt,markov_order_2,30,linear,,5.0,1007.0,0.7234516843450444,2.15060359776118,1.5289058728079403,1.696359045061672
igvidt,markov_order_2,30,nearest,,5.0,111.0,0.6983801847071244,1.5214356655695072,1.44245054596778,1.6425698347377025
igvidt,vq_ctw,30,linear,256.0,5.0,1007.0,0.9897426336091695,0.09875206476140606,4.688675891887531,4.688675891887531
igvidt,vq_ctw,30,linear,512.0,5.0,1007.0,0.988515934032808,0.1227182321183346,4.744522556778751,4.744522556778751
igvidt,vq_ctw,30,linear,1024.0,5.0,1007.0,0.9894109895384862,0.10585111571093103,4.720592827350808,4.720592827350808
igvidt,vq_ctw,30,nearest,256.0,5.0,111.0,0.8829935792357098,0.8231767141616908,4.4221479777628785,4.4221479777628785
igvidt,vq_ctw,30,nearest,512.0,5.0,111.0,0.8627005782076518,0.9389199249750255,4.27567094874818,4.27567094874818
igvidt,vq_ctw,30,nearest,1024.0,5.0,111.0,0.8610780288170733,0.926734456509266,4.199057351006777,4.199057351006777
ijcoga,direct_ctw,30,linear,,5.0,1007.0,0.8335464434924383,1.4497286834058931,1.7749130437588596,1.9299604564563866
ijcoga,direct_ctw,30,nearest,,5.0,435.0,0.8130492154568805,1.1053968357403876,1.705005402097008,1.8904544887775547
ijcoga,markov_order_1,30,linear,,5.0,1007.0,0.763559673242908,1.9257229531374382,1.7749130437588596,1.9299604564563866
ijcoga,markov_order_1,30,nearest,,5.0,435.0,0.6557200340861443,1.7628634975957498,1.705005402097008,1.8904544887775547
ijcoga,markov_order_2,30,linear,,5.0,1007.0,0.728588462282912,2.1482544117312004,1.7749130437588596,1.9299604564563866
ijcoga,markov_order_2,30,nearest,,5.0,435.0,0.6588790172900525,1.7446475301412228,1.705005402097008,1.8904544887775547
ijcoga,vq_ctw,30,linear,256.0,5.0,1007.0,0.9972301348597344,0.03191335077838284,3.733660545797286,3.733660545797286
ijcoga,vq_ctw,30,linear,512.0,5.0,1007.0,0.9934907416162921,0.06314814125391355,3.7629072266779424,3.7629072266779424
ijcoga,vq_ctw,30,linear,1024.0,5.0,1007.0,0.9954137048761463,0.0540852577009351,3.8315483278927607,3.8315483278927607
ijcoga,vq_ctw,30,nearest,256.0,5.0,435.0,0.8560803383897463,1.0274526159761814,4.817595218942128,4.817595218942128
ijcoga,vq_ctw,30,nearest,512.0,5.0,435.0,0.8746855778575984,0.8995483737984167,4.752487619808349,4.752487619808349
ijcoga,vq_ctw,30,nearest,1024.0,5.0,435.0,0.8632597536531146,1.0419710189766325,4.984664296165624,4.984664296165624
ijdeyd,direct_ctw,30,linear,,5.0,1007.0,0.819804613332323,1.417046239467277,1.7661011320410458,1.9167876834012612
ijdeyd,direct_ctw,30,nearest,,5.0,291.0,0.8177561921020575,1.0843141890607548,1.7392721924542955,1.909697987064877
ijdeyd,markov_order_1,30,linear,,5.0,1007.0,0.7503832209908519,1.8309694771404623,1.7661011320410458,1.9167876834012612
ijdeyd,markov_order_1,30,nearest,,5.0,291.0,0.6549351999122603,1.6882610431832867,1.7392721924542955,1.909697987064877
ijdeyd,markov_order_2,30,linear,,5.0,1007.0,0.735581099957455,1.9141440381455566,1.7661011320410458,1.9167876834012612
ijdeyd,markov_order_2,30,nearest,,5.0,291.0,0.6548264031205352,1.693224459430804,1.7392721924542955,1.909697987064877
ijdeyd,vq_ctw,30,linear,256.0,5.0,1007.0,0.9969020505949696,0.03338018410959883,3.9809459067107,3.9809459067107
ijdeyd,vq_ctw,30,linear,512.0,5.0,1007.0,0.9937682489388991,0.06708066921758973,3.868330006457609,3.868330006457609
ijdeyd,vq_ctw,30,linear,1024.0,5.0,1007.0,0.997015077576095,0.03530754468803501,3.8474165168861383,3.8474165168861383
ijdeyd,vq_ctw,30,nearest,256.0,5.0,291.0,0.8549183072747014,1.0351664607893178,4.204574424647851,4.204574424647851
ijdeyd,vq_ctw,30,nearest,512.0,5.0,291.0,0.8719511435525149,0.9561798747455351,4.3242033494057734,4.3242033494057734
ijdeyd,vq_ctw,30,nearest,1024.0,5.0,291.0,0.8588804853034766,1.0829446576926973,4.576904963626177,4.576904963626177
ijhigo,direct_ctw,30,linear,,5.0,1007.0,0.8090698821172921,1.621281986453118,1.6353975961099698,1.783624327928011
ijhigo,direct_ctw,30,nearest,,5.0,185.0,0.8341106200148276,1.061861870177266,1.5233100244675026,1.697690525669069
ijhigo,markov_order_1,30,linear,,5.0,1007.0,0.6903916270526509,2.381118210539371,1.6353975961099698,1.783624327928011
ijhigo,markov_order_1,30,nearest,,5.0,185.0,0.5968112553634657,1.987984479125307,1.5233100244675026,1.697690525669069
ijhigo,markov_order_2,30,linear,,5.0,1007.0,0.6523167758129285,2.603418600891913,1.6353975961099698,1.783624327928011
ijhigo,markov_order_2,30,nearest,,5.0,185.0,0.6130493372613569,1.93568612129392,1.5233100244675026,1.697690525669069
ijhigo,vq_ctw,30,linear,256.0,5.0,1007.0,0.9806668109949378,0.1570132360190399,5.767728613037627,5.767728613037627
ijhigo,vq_ctw,30,linear,512.0,5.0,1007.0,0.9776899792768287,0.20602351857963996,5.939459728273674,5.939459728273674
ijhigo,vq_ctw,30,linear,1024.0,5.0,1007.0,0.9794226067305732,0.18582506915839828,5.63439802692974,5.63439802692974
ijhigo,vq_ctw,30,nearest,256.0,5.0,185.0,0.8580074657043331,1.0193767317963298,5.270773516960189,5.270773516960189
ijhigo,vq_ctw,30,nearest,512.0,5.0,185.0,0.8503061535544105,1.0323530519314694,5.685683059143831,5.685683059143831
ijhigo,vq_ctw,30,nearest,1024.0,5.0,185.0,0.8690926375491022,0.9947175235678524,5.910983838668183,5.910983838668183
ijhipv,direct_ctw,30,linear,,5.0,1007.0,0.8271436108036874,1.3395284621330206,1.6872525082082752,1.840063934698235
ijhipv,direct_ctw,30,nearest,,5.0,266.0,0.8301031794408834,0.9974606902423905,1.6878921999923866,1.8330919644589614
ijhipv,markov_order_1,30,linear,,5.0,1007.0,0.7604585128714709,1.7301393399695222,1.6872525082082752,1.840063934698235
ijhipv,markov_order_1,30,nearest,,5.0,266.0,0.6669908692528256,1.5768948415146127,1.6878921999923866,1.8330919644589614
ijhipv,markov_order_2,30,linear,,5.0,1007.0,0.7481841939147256,1.7979602492063698,1.6872525082082752,1.840063934698235
ijhipv,markov_order_2,30,nearest,,5.0,266.0,0.6758590211350406,1.5610240446056893,1.6878921999923866,1.8330919644589614
ijhipv,vq_ctw,30,linear,256.0,5.0,1007.0,0.9979585001264286,0.024421113024530344,3.9658373259569495,3.9658373259569495
ijhipv,vq_ctw,30,linear,512.0,5.0,1007.0,0.9972135580018463,0.03323680089492827,4.03379920821885,4.03379920821885
ijhipv,vq_ctw,30,linear,1024.0,5.0,1007.0,0.9968376397727365,0.03583003633878378,3.920093800604836,3.920093800604836
ijhipv,vq_ctw,30,nearest,256.0,5.0,266.0,0.8629313271516751,0.9781048392397979,4.338319726977331,4.338319726977331
ijhipv,vq_ctw,30,nearest,512.0,5.0,266.0,0.8704595738903762,0.9222441930483415,4.417897207607157,4.417897207607157
ijhipv,vq_ctw,30,nearest,1024.0,5.0,266.0,0.8671862427126956,1.0096433649090952,4.668673163858126,4.668673163858126
ijpiaw,direct_ctw,30,linear,,5.0,1007.0,0.8385708683629268,1.3965054573737512,1.606820177343299,1.7683297941315834
ijpiaw,direct_ctw,30,nearest,,5.0,238.0,0.8317286477924075,1.1065963358689075,1.6201953061024177,1.7910676477973348
ijpiaw,markov_order_1,30,linear,,5.0,1007.0,0.7613218677574198,1.9147273131823181,1.606820177343299,1.7683297941315834
ijpiaw,markov_order_1,30,nearest,,5.0,238.0,0.644526478607934,1.8871464107887077,1.6201953061024177,1.7910676477973348
ijpiaw,markov_order_2,30,linear,,5.0,1007.0,0.728649549418603,2.11886221569134,1.606820177343299,1.7683297941315834
ijpiaw,markov_order_2,30,nearest,,5.0,238.0,0.6417916776040204,1.9044835427702815,1.6201953061024177,1.7910676477973348
ijpiaw,vq_ctw,30,linear,256.0,5.0,1007.0,0.985477043518524,0.13248786883260702,4.543129705724983,4.543129705724983
ijpiaw,vq_ctw,30,linear,512.0,5.0,1007.0,0.9849798248023339,0.14735825646899434,4.775743997991129,4.775743997991129
ijpiaw,vq_ctw,30,linear,1024.0,5.0,1007.0,0.987212754814144,0.13180510039901402,4.426470508420748,4.426470508420748
ijpiaw,vq_ctw,30,nearest,256.0,5.0,238.0,0.8647780543043585,1.0141303293142485,5.763136102991701,5.763136102991701
ijpiaw,vq_ctw,30,nearest,512.0,5.0,238.0,0.8542281509256987,1.071295535212391,5.767727412626617,5.767727412626617
ijpiaw,vq_ctw,30,nearest,1024.0,5.0,238.0,0.8677793976103871,1.0467491831101192,5.716343639442247,5.716343639442247
ijpruk,direct_ctw,30,linear,,5.0,1007.0,0.8225557497346841,1.414383192908768,1.6212203536285121,1.8030884830590208
ijpruk,direct_ctw,30,nearest,,5.0,259.0,0.8362965618402257,1.023286627255629,1.523898357141473,1.7168299171088186
ijpruk,markov_order_1,30,linear,,5.0,1007.0,0.7486028933776228,1.861792066187668,1.6212203536285121,1.8030884830590208
ijpruk,markov_order_1,30,nearest,,5.0,259.0,0.6719074448309618,1.6722182588750574,1.523898357141473,1.7168299171088186
ijpruk,markov_order_2,30,linear,,5.0,1007.0,0.728296193730328,1.9768833754638553,1.6212203536285121,1.8030884830590208
ijpruk,markov_order_2,30,nearest,,5.0,259.0,0.6519635040159389,1.7456841096107467,1.523898357141473,1.7168299171088186
ijpruk,vq_ctw,30,linear,256.0,5.0,1007.0,0.9999999999980905,0.09343331238055133,4.360430333364728,4.360430333364728
ijpruk,vq_ctw,30,linear,512.0,5.0,1007.0,0.9843062066346966,0.1322198441872429,4.408556449498442,4.408556449498442
ijpruk,vq_ctw,30,linear,1024.0,5.0,1007.0,0.989701627840007,0.09306309965518866,4.535894808566682,4.535894808566682
ijpruk,vq_ctw,30,nearest,256.0,5.0,259.0,0.8695558704131553,0.9354725650313933,4.41198250467238,4.41198250467238
ijpruk,vq_ctw,30,nearest,512.0,5.0,259.0,0.8765166347694351,0.9015994719190197,3.9845730911833215,3.9845730911833215
ijpruk,vq_ctw,30,nearest,1024.0,5.0,259.0,0.8694569003712782,0.9780793702660309,4.423222179939179,4.423222179939179
ijthin,direct_ctw,30,linear,,5.0,997.0,0.8471173125137618,1.3744183086890345,1.6426040481963666,1.810517510088519
ijthin,direct_ctw,30,nearest,,5.0,39.0,0.834321447356401,0.9103173060990769,1.549824819307267,1.6884597905283154
ijthin,markov_order_1,30,linear,,5.0,997.0,0.7679538296355629,1.9311635010348382,1.6426040481963666,1.810517510088519
ijthin,markov_order_1,30,nearest,,5.0,39.0,0.7651453794673371,1.1586142397152668,1.549824819307267,1.6884597905283154
ijthin,markov_order_2,30,linear,,5.0,997.0,0.730078704014426,2.1785947669874943,1.6426040481963666,1.810517510088519
ijthin,markov_order_2,30,nearest,,5.0,39.0,0.7313913601678825,1.2651956508149844,1.549824819307267,1.6884597905283154
ijthin,vq_ctw,30,linear,256.0,5.0,997.0,0.9863298762638174,0.12590978567605104,4.349570278887882,4.349570278887882
ijthin,vq_ctw,30,linear,512.0,5.0,997.0,0.9827357990424739,0.17758374703107624,4.289750174337375,4.289750174337375
ijthin,vq_ctw,30,linear,1024.0,5.0,997.0,0.9862607873500844,0.1401847306627464,4.358713284385171,4.358713284385171
ijthin,vq_ctw,30,nearest,256.0,5.0,39.0,0.8559534901862366,0.9991286117435403,4.031593426410665,4.031593426410665
ijthin,vq_ctw,30,nearest,512.0,5.0,39.0,0.8668171620803999,0.9399944568605607,4.196305439832518,4.196305439832518
ijthin,vq_ctw,30,nearest,1024.0,5.0,39.0,0.8677299861439601,0.9829170263582259,4.005552558178397,4.005552558178397
ijtowh,direct_ctw,30,linear,,5.0,1007.0,0.8192999147279786,1.4874258520468213,1.6374118092728431,1.7957460959951144
ijtowh,direct_ctw,30,nearest,,5.0,288.0,0.8298758459714486,1.0237712637801952,1.5688644802325549,1.7573679782976928
ijtowh,markov_order_1,30,linear,,5.0,1007.0,0.7319069185173157,2.034257764432897,1.6374118092728431,1.7957460959951144
ijtowh,markov_order_1,30,nearest,,5.0,288.0,0.6592823507933289,1.668450537651263,1.5688644802325549,1.7573679782976928
ijtowh,markov_order_2,30,linear,,5.0,1007.0,0.7007821951406717,2.2146739870665852,1.6374118092728431,1.7957460959951144
ijtowh,markov_order_2,30,nearest,,5.0,288.0,0.675677862077921,1.6137161586998776,1.5688644802325549,1.7573679782976928
ijtowh,vq_ctw,30,linear,256.0,5.0,1007.0,0.9999999999980905,0.0855957875771913,4.481908565209899,4.481908565209899
ijtowh,vq_ctw,30,linear,512.0,5.0,1007.0,0.9878448890803404,0.11402888078835262,4.724537912358968,4.724537912358968
ijtowh,vq_ctw,30,linear,1024.0,5.0,1007.0,0.9910841163936494,0.08764860475536224,4.669368007462181,4.669368007462181
ijtowh,vq_ctw,30,nearest,256.0,5.0,288.0,0.8721540420159761,0.9225263879971215,4.309364948877978,4.309364948877978
ijtowh,vq_ctw,30,nearest,512.0,5.0,288.0,0.8822483040532093,0.8566690479049756,4.30461714969045,4.30461714969045
ijtowh,vq_ctw,30,nearest,1024.0,5.0,288.0,0.8706815026052597,0.992529092497903,4.216431571513812,4.216431571513812
ikdagc,direct_ctw,30,linear,,5.0,1001.0,0.9010233865402535,0.9514105288663166,1.3325658792124586,1.5407925324324128
ikdagc,direct_ctw,30,nearest,,5.0,117.0,0.8539361149134225,0.9508239666697103,1.4041260440753434,1.6020151037888872
ikdagc,markov_order_1,30,linear,,5.0,1001.0,0.8353960503293478,1.4529043422345285,1.3325658792124586,1.5407925324324128
ikdagc,markov_order_1,30,nearest,,5.0,117.0,0.7148907546971559,1.551002040807481,1.4041260440753434,1.6020151037888872
ikdagc,markov_order_2,30,linear,,5.0,1001.0,0.804170082788306,1.674425095480197,1.3325658792124586,1.5407925324324128
ikdagc,markov_order_2,30,nearest,,5.0,117.0,0.681007303799634,1.6721735155831043,1.4041260440753434,1.6020151037888872
ikdagc,vq_ctw,30,linear,256.0,5.0,1001.0,0.9999999999980905,0.07401025593325043,5.5108079813399975,5.5108079813399975
ikdagc,vq_ctw,30,linear,512.0,5.0,1001.0,0.9727592944681969,0.20760022499086267,4.218546544573198,4.218546544573198
ikdagc,vq_ctw,30,linear,1024.0,5.0,1001.0,0.9785709021079562,0.17082013955655034,4.77777729578102,4.77777729578102
ikdagc,vq_ctw,30,nearest,256.0,5.0,117.0,0.88783950073359,0.8097511444829635,4.539169805790142,4.539169805790142
ikdagc,vq_ctw,30,nearest,512.0,5.0,117.0,0.8982356102235084,0.8308778035693389,4.451161328750518,4.451161328750518
ikdagc,vq_ctw,30,nearest,1024.0,5.0,117.0,0.8499355931076761,1.0550702306312278,4.425016413131479,4.425016413131479
ikkimm,direct_ctw,30,linear,,5.0,1006.0,0.8352954180729855,1.46142537624787,1.567232875348383,1.7390719946849083
ikkimm,direct_ctw,30,nearest,,5.0,412.0,0.8313528272718343,1.018502249776066,1.5177757701421524,1.7211839183688808
ikkimm,markov_order_1,30,linear,,5.0,1006.0,0.7554093317880309,2.0143416021637663,1.567232875348383,1.7390719946849083
ikkimm,markov_order_1,30,nearest,,5.0,412.0,0.6661488145126777,1.6413816228525595,1.5177757701421524,1.7211839183688808
ikkimm,markov_order_2,30,linear,,5.0,1006.0,0.7075074890158645,2.3209845777356555,1.567232875348383,1.7390719946849083
ikkimm,markov_order_2,30,nearest,,5.0,412.0,0.6742945942792267,1.6225907247400198,1.5177757701421524,1.7211839183688808
ikkimm,vq_ctw,30,linear,256.0,5.0,1006.0,0.9867247410137949,0.12283802894254686,4.827644583494182,4.827644583494182
ikkimm,vq_ctw,30,linear,512.0,5.0,1006.0,0.980605018964473,0.19247852503133978,4.869739120798293,4.869739120798293
ikkimm,vq_ctw,30,linear,1024.0,5.0,1006.0,0.9787437541808206,0.1909495637190588,4.704948851067171,4.704948851067171
ikkimm,vq_ctw,30,nearest,256.0,5.0,412.0,0.8725341456262737,0.9194259112648471,4.5196356517005425,4.5196356517005425
ikkimm,vq_ctw,30,nearest,512.0,5.0,412.0,0.8805599651897617,0.8492065647514407,4.237535351797429,4.237535351797429
ikkimm,vq_ctw,30,nearest,1024.0,5.0,412.0,0.8713973376707311,0.9849436035856594,4.478232602597845,4.478232602597845
ikujfu,direct_ctw,30,linear,,5.0,1007.0,0.8576428719381635,1.215656478666337,1.6553708538826235,1.827578845420133
ikujfu,markov_order_1,30,linear,,5.0,1007.0,0.7944106255593875,1.6359807563200945,1.6553708538826235,1.827578845420133
ikujfu,markov_order_2,30,linear,,5.0,1007.0,0.7747218821890746,1.7591817486166108,1.6553708538826235,1.827578845420133
ikujfu,vq_ctw,30,linear,256.0,5.0,1007.0,0.9999999999980905,0.04209656530948851,3.8567247364381165,3.8567247364381165
ikujfu,vq_ctw,30,linear,512.0,5.0,1007.0,0.9893292572950704,0.09587839237299729,3.8503977888995977,3.8503977888995977
ikujfu,vq_ctw,30,linear,1024.0,5.0,1007.0,0.993663321364615,0.06172033880765913,3.864892027865495,3.864892027865495
ilcoby,direct_ctw,30,linear,,5.0,1007.0,0.8232451524811851,1.626044395761271,1.685276246963508,1.8429683276021438
ilcoby,direct_ctw,30,nearest,,5.0,77.0,0.8318231929167849,1.0927388154537314,1.525982851666033,1.7254697932151921
ilcoby,markov_order_1,30,linear,,5.0,1007.0,0.6919820512990353,2.551802808159118,1.685276246963508,1.8429683276021438
ilcoby,markov_order_1,30,nearest,,5.0,77.0,0.6588400935481887,1.811866607703241,1.525982851666033,1.7254697932151921
ilcoby,markov_order_2,30,linear,,5.0,1007.0,0.6313335136507804,2.937609397282364,1.685276246963508,1.8429683276021438
ilcoby,markov_order_2,30,nearest,,5.0,77.0,0.6498072343390136,1.8487806979989256,1.525982851666033,1.7254697932151921
ilcoby,vq_ctw,30,linear,256.0,5.0,1007.0,0.9687003243297744,0.26346771992869533,5.822892609229802,5.822892609229802
ilcoby,vq_ctw,30,linear,512.0,5.0,1007.0,0.9610524905137809,0.3542881018025795,5.54978603216926,5.54978603216926
ilcoby,vq_ctw,30,linear,1024.0,5.0,1007.0,0.9669516928251807,0.29488445971519617,5.4969417891096315,5.4969417891096315
ilcoby,vq_ctw,30,nearest,256.0,5.0,77.0,0.8576866233148777,1.0490410836802002,4.445083217946111,4.445083217946111
ilcoby,vq_ctw,30,nearest,512.0,5.0,77.0,0.8588527579846654,1.047408825307127,4.310410149176828,4.310410149176828
ilcoby,vq_ctw,30,nearest,1024.0,5.0,77.0,0.8777717992919652,0.9778721443411623,5.003298367733633,5.003298367733633
ilkble,direct_ctw,30,linear,,5.0,1007.0,0.8109985944750553,1.5162282819192983,1.6575612848491181,1.8005463869989293
ilkble,markov_order_1,30,linear,,5.0,1007.0,0.7077737739014475,2.134560409560357,1.6575612848491181,1.8005463869989293
ilkble,markov_order_2,30,linear,,5.0,1007.0,0.6869633376769242,2.249569666761753,1.6575612848491181,1.8005463869989293
ilkble,vq_ctw,30,linear,256.0,5.0,1007.0,0.958060438510977,0.2930549683705845,5.340259895768781,5.340259895768781
ilkble,vq_ctw,30,linear,512.0,5.0,1007.0,0.963849438906418,0.30829430330157337,5.68932156160241,5.68932156160241
ilkble,vq_ctw,30,linear,1024.0,5.0,1007.0,0.9636138676132582,0.2982422529287368,5.7003876897239305,5.7003876897239305
ilkedv,direct_ctw,30,linear,,5.0,1007.0,0.8617020190860827,1.264919308815051,1.6110508093051863,1.7732141016291527
ilkedv,direct_ctw,30,nearest,,5.0,152.0,0.8214533469429561,1.042687606492535,1.499830556537407,1.71055796224299
ilkedv,markov_order_1,30,linear,,5.0,1007.0,0.7745878707495614,1.8866634160630782,1.6110508093051863,1.7732141016291527
ilkedv,markov_order_1,30,nearest,,5.0,152.0,0.6622636126014865,1.6318106434362174,1.499830556537407,1.71055796224299
ilkedv,markov_order_2,30,linear,,5.0,1007.0,0.740210276387617,2.1134781869404238,1.6110508093051863,1.7732141016291527
ilkedv,markov_order_2,30,nearest,,5.0,152.0,0.6628981576792663,1.6339856984057963,1.499830556537407,1.71055796224299
ilkedv,vq_ctw,30,linear,256.0,5.0,1007.0,0.9827719124868403,0.15288638572853222,4.471914737986032,4.471914737986032
ilkedv,vq_ctw,30,linear,512.0,5.0,1007.0,0.9880509240019153,0.12434161512025692,4.8339874575826665,4.8339874575826665
ilkedv,vq_ctw,30,linear,1024.0,5.0,1007.0,0.9832565884998414,0.1660238915490817,4.577786293129243,4.577786293129243
ilkedv,vq_ctw,30,nearest,256.0,5.0,152.0,0.8559333027297357,1.0401936559244562,4.476501189519514,4.476501189519514
ilkedv,vq_ctw,30,nearest,512.0,5.0,152.0,0.8827730729939699,0.8744925654918629,4.395751162000562,4.395751162000562
ilkedv,vq_ctw,30,nearest,1024.0,5.0,152.0,0.8673464527153293,1.0090882601880018,4.250586244118386,4.250586244118386
ilyutj,direct_ctw,30,linear,,5.0,1007.0,0.8099962355329975,1.59458057592538,1.7021177856435552,1.8697396464802054
ilyutj,direct_ctw,30,nearest,,5.0,122.0,0.8358286552092971,1.0363081296604195,1.5741740706160168,1.757290926101642
ilyutj,markov_order_1,30,linear,,5.0,1007.0,0.7038288150211445,2.2686949061753845,1.7021177856435552,1.8697396464802054
ilyutj,markov_order_1,30,nearest,,5.0,122.0,0.6594912375026383,1.7447169806960565,1.5741740706160168,1.757290926101642
ilyutj,markov_order_2,30,linear,,5.0,1007.0,0.6581414765675183,2.5334714719501226,1.7021177856435552,1.8697396464802054
ilyutj,markov_order_2,30,nearest,,5.0,122.0,0.664103134597188,1.7223861699193979,1.5741740706160168,1.757290926101642
ilyutj,vq_ctw,30,linear,256.0,5.0,1007.0,0.9822834141659218,0.14613693533851496,5.5262666333493335,5.5262666333493335
ilyutj,vq_ctw,30,linear,512.0,5.0,1007.0,0.9831263090590597,0.1403812592126003,5.791826625600143,5.791826625600143
ilyutj,vq_ctw,30,linear,1024.0,5.0,1007.0,0.9847932736437851,0.13770874961639293,5.5720662570376875,5.5720662570376875
ilyutj,vq_ctw,30,nearest,256.0,5.0,122.0,0.859041832159624,0.9816911987563949,4.3987238642257935,4.3987238642257935
ilyutj,vq_ctw,30,nearest,512.0,5.0,122.0,0.8635256279805622,0.9597585951643304,4.638713371754422,4.638713371754422
ilyutj,vq_ctw,30,nearest,1024.0,5.0,122.0,0.8649611885937888,1.0169108037911037,4.68807670474496,4.68807670474496
imhacy,direct_ctw,30,linear,,5.0,955.0,0.9709634668242546,0.3000892539582463,1.9227605892822757,2.0060729118742433
imhacy,markov_order_1,30,linear,,5.0,955.0,0.9492441519096356,0.48284463810063566,1.9227605892822757,2.0060729118742433
imhacy,markov_order_2,30,linear,,5.0,955.0,0.9487492022735871,0.4868166587198298,1.9227605892822757,2.0060729118742433
imhacy,vq_ctw,30,linear,256.0,5.0,955.0,0.9986162567646748,0.01732981615586038,2.166491684052728,2.166491684052728
imhacy,vq_ctw,30,linear,512.0,5.0,955.0,0.9985605077953584,0.018543366547084432,2.3652347656048076,2.3652347656048076
imhacy,vq_ctw,30,linear,1024.0,5.0,955.0,0.998657600036407,0.017427970569750047,2.1943613143424594,2.1943613143424594
imnees,direct_ctw,30,linear,,5.0,1006.0,0.8145460830121996,1.627366587734098,1.6072630683904867,1.777684948041669
imnees,direct_ctw,30,nearest,,5.0,74.0,0.8502481369596723,1.0078574844317914,1.5328561527009326,1.7220809743607879
imnees,markov_order_1,30,linear,,5.0,1006.0,0.6937828653022495,2.4334383362603753,1.6072630683904867,1.777684948041669
imnees,markov_order_1,30,nearest,,5.0,74.0,0.6745080571945388,1.7837534103115846,1.5328561527009326,1.7220809743607879
imnees,markov_order_2,30,linear,,5.0,1006.0,0.6318192212199484,2.806513952943197,1.6072630683904867,1.777684948041669
imnees,markov_order_2,30,nearest,,5.0,74.0,0.6567036093593385,1.8413862987329865,1.5328561527009326,1.7220809743607879
imnees,vq_ctw,30,linear,256.0,5.0,1006.0,0.953851738769119,0.3429473088282977,5.726736651552873,5.726736651552873
imnees,vq_ctw,30,linear,512.0,5.0,1006.0,0.9598067766919384,0.35601405371350686,6.316397124916709,6.316397124916709
imnees,vq_ctw,30,linear,1024.0,5.0,1006.0,0.9587616408816677,0.35454110406343203,5.947786756211363,5.947786756211363
imnees,vq_ctw,30,nearest,256.0,5.0,74.0,0.8677479585206861,0.9827977342868771,4.334091022549364,4.334091022549364
imnees,vq_ctw,30,nearest,512.0,5.0,74.0,0.869606709126682,0.9488442531323547,4.090944785328907,4.090944785328907
imnees,vq_ctw,30,nearest,1024.0,5.0,74.0,0.8673298505546001,1.0235164595573059,4.648698517286246,4.648698517286246
imoikc,direct_ctw,30,linear,,5.0,1007.0,0.8472971605653914,1.3256930590602254,1.6738002433240886,1.8315422287923595
imoikc,direct_ctw,30,nearest,,5.0,143.0,0.8654756006603211,0.9058885380823296,1.5835972772973408,1.7735441240507797
imoikc,markov_order_1,30,linear,,5.0,1007.0,0.7734928013227532,1.8237395545119375,1.6738002433240886,1.8315422287923595
imoikc,markov_order_1,30,nearest,,5.0,143.0,0.6735757250234375,1.728852816699767,1.5835972772973408,1.7735441240507797
imoikc,markov_order_2,30,linear,,5.0,1007.0,0.7411305993150288,2.027187754402998,1.6738002433240886,1.8315422287923595
imoikc,markov_order_2,30,nearest,,5.0,143.0,0.6721219447196985,1.7368969431566867,1.5835972772973408,1.7735441240507797
imoikc,vq_ctw,30,linear,256.0,5.0,1007.0,0.9930950437546159,0.06639705576711882,4.302615059727716,4.302615059727716
imoikc,vq_ctw,30,linear,512.0,5.0,1007.0,0.980836350411612,0.15588222489022344,4.146860573692496,4.146860573692496
imoikc,vq_ctw,30,linear,1024.0,5.0,1007.0,0.9853950903333795,0.1331160608052282,4.10163770334237,4.10163770334237
imoikc,vq_ctw,30,nearest,256.0,5.0,143.0,0.8627522268581319,0.9720956158493482,5.3979629215348295,5.3979629215348295
imoikc,vq_ctw,30,nearest,512.0,5.0,143.0,0.8842203971080392,0.8665173826964695,4.816740266975099,4.816740266975099
imoikc,vq_ctw,30,nearest,1024.0,5.0,143.0,0.8756734233885862,0.9625319051107536,5.012591160977487,5.012591160977487
imwryt,direct_ctw,30,linear,,5.0,1007.0,0.8229916316625256,1.3474222235262503,1.6283228273003096,1.8087099344718651
imwryt,direct_ctw,30,nearest,,5.0,79.0,0.8439583288487006,1.0667270597475333,1.5881132277571515,1.7903425330569647
imwryt,markov_order_1,30,linear,,5.0,1007.0,0.7417841341225252,1.8071615855459646,1.6283228273003096,1.8087099344718651
imwryt,markov_order_1,30,nearest,,5.0,79.0,0.6084647156049898,2.072665412375753,1.5881132277571515,1.7903425330569647
imwryt,markov_order_2,30,linear,,5.0,1007.0,0.7289041221370067,1.8751909854206739,1.6283228273003096,1.8087099344718651
imwryt,markov_order_2,30,nearest,,5.0,79.0,0.584735567279026,2.1513321188130847,1.5881132277571515,1.7903425330569647
imwryt,vq_ctw,30,linear,256.0,5.0,1007.0,0.9896307954904144,0.09966571120275189,6.72628202307734,6.72628202307734
imwryt,vq_ctw,30,linear,512.0,5.0,1007.0,0.9951947711514649,0.05353218290215553,6.916322715855493,6.916322715855493
imwryt,vq_ctw,30,linear,1024.0,5.0,1007.0,0.992494129050935,0.07565913723034648,6.670000961080593,6.670000961080593
imwryt,vq_ctw,30,nearest,256.0,5.0,79.0,0.8635787725134826,1.0217894863296537,6.58519670695034,6.58519670695034
imwryt,vq_ctw,30,nearest,512.0,5.0,79.0,0.8488042711404462,1.0654284244534942,6.52116858590531,6.52116858590531
imwryt,vq_ctw,30,nearest,1024.0,5.0,79.0,0.8630839500825405,1.0385053477190072,6.450261006091028,6.450261006091028
imwyoj,direct_ctw,30,linear,,5.0,1007.0,0.8291512548160209,1.3980386623237648,1.6699813627704627,1.8292429091266642
imwyoj,direct_ctw,30,nearest,,5.0,504.0,0.8258444787519066,1.0859789073138746,1.6310780154615263,1.8124560237993672
imwyoj,markov_order_1,30,linear,,5.0,1007.0,0.7454851215001874,1.9183509314345657,1.6699813627704627,1.8292429091266642
imwyoj,markov_order_1,30,nearest,,5.0,504.0,0.6177606112555216,1.8905230929877022,1.6310780154615263,1.8124560237993672
imwyoj,markov_order_2,30,linear,,5.0,1007.0,0.7241712644458922,2.04181668411236,1.6699813627704627,1.8292429091266642
imwyoj,markov_order_2,30,nearest,,5.0,504.0,0.6223239306699198,1.8766908801820807,1.6310780154615263,1.8124560237993672
imwyoj,vq_ctw,30,linear,256.0,5.0,1007.0,0.9999999999980905,0.041027499784592435,4.637618256420958,4.637618256420958
imwyoj,vq_ctw,30,linear,512.0,5.0,1007.0,0.9921927062959345,0.07368531834520234,4.509161517561482,4.509161517561482
imwyoj,vq_ctw,30,linear,1024.0,5.0,1007.0,0.9920093569079819,0.07514711003592685,4.32019667099379,4.32019667099379
imwyoj,vq_ctw,30,nearest,256.0,5.0,504.0,0.8618227786101031,0.9921988180789841,4.5065780905039015,4.5065780905039015
imwyoj,vq_ctw,30,nearest,512.0,5.0,504.0,0.8614132608098949,0.9736302658755901,4.597058578862831,4.597058578862831
imwyoj,vq_ctw,30,nearest,1024.0,5.0,504.0,0.864082492462526,1.0299628729767487,4.576841559261302,4.576841559261302
inckki,direct_ctw,30,linear,,5.0,1007.0,0.8115714184235138,1.6040156448234808,1.6677395851944194,1.8214302718251092
inckki,direct_ctw,30,nearest,,5.0,39.0,0.8330659735941186,0.9845108935379545,1.4254109465404683,1.6323577233547861
inckki,markov_order_1,30,linear,,5.0,1007.0,0.7064765951941316,2.2843004571798198,1.6677395851944194,1.8214302718251092
inckki,markov_order_1,30,nearest,,5.0,39.0,0.6859418464588007,1.525918800531325,1.4254109465404683,1.6323577233547861
inckki,markov_order_2,30,linear,,5.0,1007.0,0.6622110927416026,2.5465582747376914,1.6677395851944194,1.8214302718251092
inckki,markov_order_2,30,nearest,,5.0,39.0,0.7046517414269601,1.466226612355548,1.4254109465404683,1.6323577233547861
inckki,vq_ctw,30,linear,256.0,5.0,1007.0,0.9723364408118517,0.2263815639348156,4.945781263700274,4.945781263700274
inckki,vq_ctw,30,linear,512.0,5.0,1007.0,0.9673532461010584,0.2918869215198134,5.250984712622406,5.250984712622406
inckki,vq_ctw,30,linear,1024.0,5.0,1007.0,0.9716982537929314,0.25151698161576247,5.187145496802531,5.187145496802531
inckki,vq_ctw,30,nearest,256.0,5.0,39.0,0.8633895853410658,0.9851237309782098,4.363920795012551,4.363920795012551
inckki,vq_ctw,30,nearest,512.0,5.0,39.0,0.8693075216135074,0.8971694116663128,4.054722309881887,4.054722309881887
inckki,vq_ctw,30,nearest,1024.0,5.0,39.0,0.8740046988233896,0.9980405183335396,3.7326901996644235,3.7326901996644235
indtwr,direct_ctw,30,linear,,5.0,1007.0,0.8634622999081336,1.2314842225269522,1.5668945191168635,1.7562717157597936
indtwr,direct_ctw,30,nearest,,5.0,74.0,0.8573938909780348,0.9169890439164129,1.4659278971827512,1.6574925849192244
indtwr,markov_order_1,30,linear,,5.0,1007.0,0.7924013362493106,1.734867988225752,1.5668945191168635,1.7562717157597936
indtwr,markov_order_1,30,nearest,,5.0,74.0,0.7114610915741355,1.5256124727136613,1.4659278971827512,1.6574925849192244
indtwr,markov_order_2,30,linear,,5.0,1007.0,0.7613638510223839,1.9399735425458187,1.5668945191168635,1.7562717157597936
indtwr,markov_order_2,30,nearest,,5.0,74.0,0.6995705516636785,1.5691935277778672,1.4659278971827512,1.6574925849192244
indtwr,vq_ctw,30,linear,256.0,5.0,1007.0,0.986574097040766,0.12401192712546534,4.330380289411974,4.330380289411974
indtwr,vq_ctw,30,linear,512.0,5.0,1007.0,0.9856392070786861,0.141826255246979,4.527046621741097,4.527046621741097
indtwr,vq_ctw,30,linear,1024.0,5.0,1007.0,0.9866180776143028,0.13353148006707732,4.524796099046825,4.524796099046825
indtwr,vq_ctw,30,nearest,256.0,5.0,74.0,0.8661763353275389,0.920749134912311,4.26834810982206,4.26834810982206
indtwr,vq_ctw,30,nearest,512.0,5.0,74.0,0.8618668827969845,0.989914052600577,4.173823503761198,4.173823503761198
indtwr,vq_ctw,30,nearest,1024.0,5.0,74.0,0.8778057640357367,0.9483967455863176,3.890177529168201,3.890177529168201
indyep,direct_ctw,30,linear,,5.0,1005.0,0.828968739747576,1.3865868333974485,1.5826500565826724,1.7510898428585615
indyep,direct_ctw,30,nearest,,5.0,72.0,0.8014510160131406,1.030072490486575,1.776677582470985,1.9386639187793335
indyep,markov_order_1,30,linear,,5.0,1005.0,0.7633102376125143,1.79493295151256,1.5826500565826724,1.7510898428585615
indyep,markov_order_1,30,nearest,,5.0,72.0,0.690786943537733,1.5364537927779818,1.776677582470985,1.9386639187793335
indyep,markov_order_2,30,linear,,5.0,1005.0,0.7374800387765188,1.945691035932597,1.5826500565826724,1.7510898428585615
indyep,markov_order_2,30,nearest,,5.0,72.0,0.6984764226068033,1.5113304825917842,1.776677582470985,1.9386639187793335
indyep,vq_ctw,30,linear,256.0,5.0,1005.0,0.9964742525325239,0.03733062791063072,4.0487736110817325,4.0487736110817325
indyep,vq_ctw,30,linear,512.0,5.0,1005.0,0.9925569300529941,0.07511666495639456,4.2406504465125385,4.2406504465125385
indyep,vq_ctw,30,linear,1024.0,5.0,1005.0,0.9957039502905081,0.04677250129619731,4.08786120087468,4.08786120087468
indyep,vq_ctw,30,nearest,256.0,5.0,72.0,0.8678477377681619,0.9458303013227787,4.14401402961912,4.14401402961912
indyep,vq_ctw,30,nearest,512.0,5.0,72.0,0.8959920772023264,0.7611536332053735,4.459553215432722,4.459553215432722
indyep,vq_ctw,30,nearest,1024.0,5.0,72.0,0.8664187189562601,0.9112668836800246,4.5097764243000915,4.5097764243000915
inghog,direct_ctw,30,linear,,5.0,1007.0,0.8398145940147994,1.4496902208934226,1.7110096214147543,1.8501725721115048
inghog,direct_ctw,30,nearest,,5.0,71.0,0.8363981159334886,1.079895745472089,1.4337287550335083,1.6231474991759844
inghog,markov_order_1,30,linear,,5.0,1007.0,0.731655573530125,2.204271246477408,1.7110096214147543,1.8501725721115048
inghog,markov_order_1,30,nearest,,5.0,71.0,0.6325100740648019,1.932612879349438,1.4337287550335083,1.6231474991759844
inghog,markov_order_2,30,linear,,5.0,1007.0,0.6895940536338304,2.4728202159486727,1.7110096214147543,1.8501725721115048
inghog,markov_order_2,30,nearest,,5.0,71.0,0.6243752933237641,1.9608049172868625,1.4337287550335083,1.6231474991759844
inghog,vq_ctw,30,linear,256.0,5.0,1007.0,0.9521248955270546,0.353181291086548,5.686604334972987,5.686604334972987
inghog,vq_ctw,30,linear,512.0,5.0,1007.0,0.951301705440535,0.3782380492569704,6.180763363172344,6.180763363172344
inghog,vq_ctw,30,linear,1024.0,5.0,1007.0,0.9567653461408514,0.35731904609667886,5.806312621059202,5.806312621059202
inghog,vq_ctw,30,nearest,256.0,5.0,71.0,0.8597383041318664,0.9628220989537802,4.806805809832226,4.806805809832226
inghog,vq_ctw,30,nearest,512.0,5.0,71.0,0.8794341325075122,0.8230425927453632,4.507946721346345,4.507946721346345
inghog,vq_ctw,30,nearest,1024.0,5.0,71.0,0.8768752705508153,0.9714344586556393,4.6516796294171865,4.6516796294171865
inghot,direct_ctw,30,linear,,5.0,1007.0,0.8280727234662468,1.460500186327589,1.5929118154313728,1.758043678688841
inghot,direct_ctw,30,nearest,,5.0,113.0,0.8211152286013034,1.0684087228650185,1.647888601422981,1.8219004377622312
inghot,markov_order_1,30,linear,,5.0,1007.0,0.7186080088718146,2.1640845096516887,1.5929118154313728,1.758043678688841
inghot,markov_order_1,30,nearest,,5.0,113.0,0.6409384533739508,1.7319709159648455,1.647888601422981,1.8219004377622312
inghot,markov_order_2,30,linear,,5.0,1007.0,0.6828988002376698,2.37377358839134,1.5929118154313728,1.758043678688841
inghot,markov_order_2,30,nearest,,5.0,113.0,0.6277682207145159,1.7718829244676055,1.647888601422981,1.8219004377622312
inghot,vq_ctw,30,linear,256.0,5.0,1007.0,0.9555524861780198,0.33277244803020023,7.177510991156177,7.177510991156177
inghot,vq_ctw,30,linear,512.0,5.0,1007.0,0.9645443840699759,0.3205899781093245,6.654452121402727,6.654452121402727
inghot,vq_ctw,30,linear,1024.0,5.0,1007.0,0.9594670438082081,0.338845069724814,6.120226634915483,6.120226634915483
inghot,vq_ctw,30,nearest,256.0,5.0,113.0,0.8672832031729518,0.9847904086501849,4.825481188273376,4.825481188273376
inghot,vq_ctw,30,nearest,512.0,5.0,113.0,0.8666162666946475,0.9965871149620084,4.436352256617885,4.436352256617885
inghot,vq_ctw,30,nearest,1024.0,5.0,113.0,0.8710691789374064,0.9945740823883323,4.930365746839966,4.930365746839966
inhial,direct_ctw,30,linear,,5.0,622.0,0.9331149830386927,0.6016940932358128,1.9101147130539824,2.007778560595595
inhial,markov_order_1,30,linear,,5.0,622.0,0.8842476900601058,0.945360927540802,1.9101147130539824,2.007778560595595
inhial,markov_order_2,30,linear,,5.0,622.0,0.8844144504102176,0.9442544685855665,1.9101147130539824,2.007778560595595
inhial,vq_ctw,30,linear,256.0,5.0,622.0,0.9952930321150334,0.04787118428010689,3.042699569333436,3.042699569333436
inhial,vq_ctw,30,linear,512.0,5.0,622.0,0.994750539421977,0.055631049925985554,3.2353940132504166,3.2353940132504166
inhial,vq_ctw,30,linear,1024.0,5.0,622.0,0.9943576853537823,0.061547013929355625,3.1218193079779817,3.1218193079779817
inlica,direct_ctw,30,linear,,5.0,1007.0,0.8087947225133766,1.6685007863621428,1.7019816410752018,1.863704509574841
inlica,direct_ctw,30,nearest,,5.0,128.0,0.8496715715061609,1.0180661108625628,1.580395829322883,1.7606275986901498
inlica,markov_order_1,30,linear,,5.0,1007.0,0.6838546626673594,2.4949019743198035,1.7019816410752018,1.863704509574841
inlica,markov_order_1,30,nearest,,5.0,128.0,0.6475778268642676,1.8793581499825218,1.580395829322883,1.7606275986901498
inlica,markov_order_2,30,linear,,5.0,1007.0,0.6238017761495283,2.8530047437148265,1.7019816410752018,1.863704509574841
inlica,markov_order_2,30,nearest,,5.0,128.0,0.6439745652348241,1.9080044461482768,1.580395829322883,1.7606275986901498
inlica,vq_ctw,30,linear,256.0,5.0,1007.0,0.9783326489259235,0.18504453277727156,5.662020874384483,5.662020874384483
inlica,vq_ctw,30,linear,512.0,5.0,1007.0,0.9775989702602144,0.21262313086582216,5.802328757455074,5.802328757455074
inlica,vq_ctw,30,linear,1024.0,5.0,1007.0,0.9741242547742853,0.23334877460064005,5.444521229417666,5.444521229417666
inlica,vq_ctw,30,nearest,256.0,5.0,128.0,0.8616844663462913,1.0432574581954162,4.489066410724551,4.489066410724551
inlica,vq_ctw,30,nearest,512.0,5.0,128.0,0.8650056211115018,1.0093648636572246,4.2334059774327955,4.2334059774327955
inlica,vq_ctw,30,nearest,1024.0,5.0,128.0,0.8743246979162694,1.0067074686521638,4.73726440295189,4.73726440295189
inquay,direct_ctw,30,linear,,5.0,1007.0,0.8374040589835732,1.4744844565730901,1.654529939391436,1.8121346272021723
inquay,direct_ctw,30,nearest,,5.0,134.0,0.8292593859049592,1.066229432985614,1.5983981597602266,1.7892330667678553
inquay,markov_order_1,30,linear,,5.0,1007.0,0.7297967436020323,2.227705119246035,1.654529939391436,1.8121346272021723
inquay,markov_order_1,30,nearest,,5.0,134.0,0.6068452466072969,1.9039518986992696,1.5983981597602266,1.7892330667678553
inquay,markov_order_2,30,linear,,5.0,1007.0,0.6843713577542027,2.518512902912424,1.654529939391436,1.8121346272021723
inquay,markov_order_2,30,nearest,,5.0,134.0,0.6099518856935874,1.8956326237424053,1.5983981597602266,1.7892330667678553
inquay,vq_ctw,30,linear,256.0,5.0,1007.0,0.9738180907724727,0.21636442181094806,5.287391849521006,5.287391849521006
inquay,vq_ctw,30,linear,512.0,5.0,1007.0,0.9658257295077197,0.3108511591220742,5.183871010995355,5.183871010995355
inquay,vq_ctw,30,linear,1024.0,5.0,1007.0,0.9760465867866088,0.21871453691730314,5.250703764475562,5.250703764475562
inquay,vq_ctw,30,nearest,256.0,5.0,134.0,0.8596695614009313,0.9645059127184894,4.274586654022092,4.274586654022092
inquay,vq_ctw,30,nearest,512.0,5.0,134.0,0.8834327668230174,0.8552077176781443,4.387930904409103,4.387930904409103
inquay,vq_ctw,30,nearest,1024.0,5.0,134.0,0.8765644948816027,0.9448401886737456,4.048055084086776,4.048055084086776
inshfo,direct_ctw,30,linear,,5.0,207.0,0.8892238077234143,0.8345813352087811,1.687948697155231,1.8407730140896266
inshfo,markov_order_1,30,linear,,5.0,207.0,0.80366239830558,1.3035553515506133,1.687948697155231,1.8407730140896266
inshfo,markov_order_2,30,linear,,5.0,207.0,0.8063789541477729,1.2898483831812364,1.687948697155231,1.8407730140896266
inshfo,vq_ctw,30,linear,256.0,5.0,207.0,0.9999999999980905,0.044718543604170796,3.0669698986843734,3.0669698986843734
inshfo,vq_ctw,30,linear,512.0,5.0,207.0,1.0,0.0,3.6164149536634604,3.6164149536634604
inshfo,vq_ctw,30,linear,1024.0,5.0,207.0,0.9999999999980905,0.04475095567481054,3.089440084293136,3.089440084293136
insodf,direct_ctw,30,linear,,5.0,1007.0,0.8669392098665349,1.1408522234203575,1.6180868241273256,1.7860076975756218
insodf,direct_ctw,30,nearest,,5.0,148.0,0.8287709939314125,1.0937420188059386,1.6759291051304017,1.869242920151771
insodf,markov_order_1,30,linear,,5.0,1007.0,0.8023586416669196,1.571377395268167,1.6180868241273256,1.7860076975756218
insodf,markov_order_1,30,nearest,,5.0,148.0,0.5862769880837678,2.034856195662467,1.6759291051304017,1.869242920151771
insodf,markov_order_2,30,linear,,5.0,1007.0,0.7908119046181679,1.644023851610668,1.6180868241273256,1.7860076975756218
insodf,markov_order_2,30,nearest,,5.0,148.0,0.6047365862812728,1.9824952711322557,1.6759291051304017,1.869242920151771
insodf,vq_ctw,30,linear,256.0,5.0,1007.0,0.9910212297972251,0.08817536350019023,3.989366508880046,3.989366508880046
insodf,vq_ctw,30,linear,512.0,5.0,1007.0,0.9891688684719377,0.11425206516255092,4.211944459681206,4.211944459681206
insodf,vq_ctw,30,linear,1024.0,5.0,1007.0,0.9897746641935764,0.10273396645541778,3.9592310447988237,3.9592310447988237
insodf,vq_ctw,30,nearest,256.0,5.0,148.0,0.8654853068847244,0.9995830156938252,5.652010670265556,5.652010670265556
insodf,vq_ctw,30,nearest,512.0,5.0,148.0,0.8725364977158816,0.9295106226451537,5.723343005963657,5.723343005963657
insodf,vq_ctw,30,nearest,1024.0,5.0,148.0,0.8754037017360171,0.9722193682257437,5.7925579479100895,5.7925579479100895
ioajdi,direct_ctw,30,linear,,5.0,1007.0,0.827940620306689,1.4614131704993956,1.693600032438774,1.8445948507154828
ioajdi,direct_ctw,30,nearest,,5.0,93.0,0.8143342828956375,1.0222114100229167,1.7015937007384794,1.860109626346257
ioajdi,markov_order_1,30,linear,,5.0,1007.0,0.7546863486635993,1.9429669084640577,1.693600032438774,1.8445948507154828
ioajdi,markov_order_1,30,nearest,,5.0,93.0,0.653291104886855,1.5503237863207346,1.7015937007384794,1.860109626346257
ioajdi,markov_order_2,30,linear,,5.0,1007.0,0.7172929176590715,2.171964263959254,1.693600032438774,1.8445948507154828
ioajdi,markov_order_2,30,nearest,,5.0,93.0,0.7071298140714117,1.395564828895192,1.7015937007384794,1.860109626346257
ioajdi,vq_ctw,30,linear,256.0,5.0,1007.0,0.9942547084055269,0.056774666359902574,4.5079073970332795,4.5079073970332795
ioajdi,vq_ctw,30,linear,512.0,5.0,1007.0,0.9845047025291338,0.1513179823355598,4.405137043259806,4.405137043259806
ioajdi,vq_ctw,30,linear,1024.0,5.0,1007.0,0.9877303620441376,0.1200286101351759,4.207608380839914,4.207608380839914
ioajdi,vq_ctw,30,nearest,256.0,5.0,93.0,0.8718648836702703,0.9195432467386329,4.459392765109577,4.459392765109577
ioajdi,vq_ctw,30,nearest,512.0,5.0,93.0,0.8793799205937205,0.841108169170376,4.2539154104113415,4.2539154104113415
ioajdi,vq_ctw,30,nearest,1024.0,5.0,93.0,0.8775250691351548,0.8907029649865821,4.1604496116969,4.1604496116969
ioangi,direct_ctw,30,linear,,5.0,966.0,0.8651147263582943,1.1436683069235725,1.7366857749772926,1.9145674651639664
ioangi,direct_ctw,30,nearest,,5.0,65.0,0.8476758741587611,0.9898234688641139,1.719549448017538,1.9495161102670748
ioangi,markov_order_1,30,linear,,5.0,966.0,0.7985594342456748,1.580504808713912,1.7366857749772926,1.9145674651639664
ioangi,markov_order_1,30,nearest,,5.0,65.0,0.657911425902049,1.7677953405975495,1.719549448017538,1.9495161102670748
ioangi,markov_order_2,30,linear,,5.0,966.0,0.7731846008095082,1.7359137607943762,1.7366857749772926,1.9145674651639664
ioangi,markov_order_2,30,nearest,,5.0,65.0,0.6765253353188797,1.7029225217838906,1.719549448017538,1.9495161102670748
ioangi,vq_ctw,30,linear,256.0,5.0,966.0,0.9986622433197258,0.016036623364394438,8.964167218247454,8.964167218247454
ioangi,vq_ctw,30,linear,512.0,5.0,966.0,0.9601541199945023,0.28143098799107064,3.952940751859473,3.952940751859473
ioangi,vq_ctw,30,linear,1024.0,5.0,966.0,0.9999999999980905,0.27381487927753984,6.057029517272047,6.057029517272047
ioangi,vq_ctw,30,nearest,256.0,5.0,65.0,0.8554980541805146,0.9643571988921049,5.484362612210937,5.484362612210937
ioangi,vq_ctw,30,nearest,512.0,5.0,65.0,0.910019856478754,0.6923448367248584,4.472496587397761,4.472496587397761
ioangi,vq_ctw,30,nearest,1024.0,5.0,65.0,0.8781806683410991,0.9517947469142244,4.418045448291369,4.418045448291369
iodjie,direct_ctw,30,linear,,5.0,1007.0,0.8322179614326791,1.4412551433323189,1.6123040345422095,1.767009446468582
iodjie,direct_ctw,30,nearest,,5.0,304.0,0.8350102457684683,1.0642790972867853,1.6744291316731659,1.8378782205281687
iodjie,markov_order_1,30,linear,,5.0,1007.0,0.7486793877319117,1.9946819315183884,1.6123040345422095,1.767009446468582
iodjie,markov_order_1,30,nearest,,5.0,304.0,0.6251693333758565,1.8988743046518386,1.6744291316731659,1.8378782205281687
iodjie,markov_order_2,30,linear,,5.0,1007.0,0.7185398208962573,2.1804193909369145,1.6123040345422095,1.767009446468582
iodjie,markov_order_2,30,nearest,,5.0,304.0,0.6317643007066752,1.885731947326016,1.6744291316731659,1.8378782205281687
iodjie,vq_ctw,30,linear,256.0,5.0,1007.0,0.9923045458989849,0.07729214039344756,4.699008483495074,4.699008483495074
iodjie,vq_ctw,30,linear,512.0,5.0,1007.0,0.9851750017832575,0.14095270413087194,4.635628434676644,4.635628434676644
iodjie,vq_ctw,30,linear,1024.0,5.0,1007.0,0.988217764824118,0.11595375183244924,4.556189176627036,4.556189176627036
iodjie,vq_ctw,30,nearest,256.0,5.0,304.0,0.87123189315602,0.9450955671914727,5.172681950767461,5.172681950767461
iodjie,vq_ctw,30,nearest,512.0,5.0,304.0,0.8610206186207178,1.0226487328244294,5.076061139491707,5.076061139491707
iodjie,vq_ctw,30,nearest,1024.0,5.0,304.0,0.8737733010139643,0.9854768332036704,5.150607958549483,5.150607958549483
iodlac,direct_ctw,30,linear,,5.0,945.0,0.8337605095578202,1.3675047249679932,1.6158465696686262,1.782198864060164
iodlac,direct_ctw,30,nearest,,5.0,240.0,0.8291037530328531,1.0479806123375417,1.5592389464707774,1.7295688464836383
iodlac,markov_order_1,30,linear,,5.0,945.0,0.771734406414364,1.7615230514561242,1.6158465696686262,1.782198864060164
iodlac,markov_order_1,30,nearest,,5.0,240.0,0.666489852437402,1.6809105399305515,1.5592389464707774,1.7295688464836383
iodlac,markov_order_2,30,linear,,5.0,945.0,0.7490145049518582,1.8975776264047455,1.6158465696686262,1.782198864060164
iodlac,markov_order_2,30,nearest,,5.0,240.0,0.6604032667115285,1.7009861141748004,1.5592389464707774,1.7295688464836383
iodlac,vq_ctw,30,linear,256.0,5.0,945.0,0.9954449938367457,0.04654184847681684,3.856646109690785,3.856646109690785
iodlac,vq_ctw,30,linear,512.0,5.0,945.0,0.9920917254920986,0.08239944898254545,3.8803447042306844,3.8803447042306844
iodlac,vq_ctw,30,linear,1024.0,5.0,945.0,0.9960231523718077,0.043741124484385906,3.9738906097974276,3.9738906097974276
iodlac,vq_ctw,30,nearest,256.0,5.0,240.0,0.868400677335973,0.9252452214444722,4.2669700693147865,4.2669700693147865
iodlac,vq_ctw,30,nearest,512.0,5.0,240.0,0.8671302989575083,0.941315821916648,4.226239665059952,4.226239665059952
iodlac,vq_ctw,30,nearest,1024.0,5.0,240.0,0.8607634745070207,1.0297285428488565,4.716064243879514,4.716064243879514
iofpli,direct_ctw,30,linear,,5.0,1007.0,0.8324514230764807,1.4575315961019573,1.6260929455158535,1.7813353116399344
iofpli,direct_ctw,30,nearest,,5.0,99.0,0.8211367268801473,1.111829797244858,1.636759871202607,1.798720211328158
iofpli,markov_order_1,30,linear,,5.0,1007.0,0.7559564204706815,1.9749042975425026,1.6260929455158535,1.7813353116399344
iofpli,markov_order_1,30,nearest,,5.0,99.0,0.6257048413217272,1.8579325723276234,1.636759871202607,1.798720211328158
iofpli,markov_order_2,30,linear,,5.0,1007.0,0.7168770711573625,2.2207436080551135,1.6260929455158535,1.7813353116399344
iofpli,markov_order_2,30,nearest,,5.0,99.0,0.630906205371259,1.845589101748218,1.636759871202607,1.798720211328158
iofpli,vq_ctw,30,linear,256.0,5.0,1007.0,0.9897173687049172,0.0989586178125016,4.607116663236284,4.607116663236284
iofpli,vq_ctw,30,linear,512.0,5.0,1007.0,0.9843752972364517,0.15650256936369764,4.706372100137796,4.706372100137796
iofpli,vq_ctw,30,linear,1024.0,5.0,1007.0,0.9880950140058545,0.12081526793994664,4.543250897634094,4.543250897634094
iofpli,vq_ctw,30,nearest,256.0,5.0,99.0,0.8700269946116712,0.9684588739094344,4.2807053294580255,4.2807053294580255
iofpli,vq_ctw,30,nearest,512.0,5.0,99.0,0.8711895321695955,0.9585640450773443,4.2468579767353365,4.2468579767353365
iofpli,vq_ctw,30,nearest,1024.0,5.0,99.0,0.8504493374134123,1.1446823251069205,4.1958345712834175,4.1958345712834175
ioivkn,direct_ctw,30,linear,,5.0,999.0,0.8210818924410832,1.6362676050992826,1.5795637724849219,1.7473399426037965
ioivkn,markov_order_1,30,linear,,5.0,999.0,0.673548127960765,2.660243001204889,1.5795637724849219,1.7473399426037965
ioivkn,markov_order_2,30,linear,,5.0,999.0,0.619521586515236,2.996812097055845,1.5795637724849219,1.7473399426037965
ioivkn,vq_ctw,30,linear,256.0,5.0,999.0,0.9310998658466378,0.471009826461138,6.345553005670126,6.345553005670126
ioivkn,vq_ctw,30,linear,512.0,5.0,999.0,0.9408925244343032,0.5112579592388203,6.897444933360043,6.897444933360043
ioivkn,vq_ctw,30,linear,1024.0,5.0,999.0,0.9454047103636372,0.45887398646240024,6.374692180158146,6.374692180158146
iorjtw,direct_ctw,30,linear,,5.0,1007.0,0.8083621053659245,1.5835378224377554,1.6426728972226412,1.8055793311748634
iorjtw,direct_ctw,30,nearest,,5.0,331.0,0.8375924558338064,1.070591124772484,1.5890382624371764,1.754415757851462
iorjtw,markov_order_1,30,linear,,5.0,1007.0,0.7062945697394264,2.220088197608045,1.6426728972226412,1.8055793311748634
iorjtw,markov_order_1,30,nearest,,5.0,331.0,0.6080538749087198,2.0102527947280113,1.5890382624371764,1.754415757851462
iorjtw,markov_order_2,30,linear,,5.0,1007.0,0.6724152125240115,2.4144036735861047,1.6426728972226412,1.8055793311748634
iorjtw,markov_order_2,30,nearest,,5.0,331.0,0.6129118598389693,1.9952899516509204,1.5890382624371764,1.754415757851462
iorjtw,vq_ctw,30,linear,256.0,5.0,1007.0,0.987326568224424,0.11812304637081843,5.073355562413692,5.073355562413692
iorjtw,vq_ctw,30,linear,512.0,5.0,1007.0,0.9915942022770823,0.08684041414921977,5.440028928897176,5.440028928897176
iorjtw,vq_ctw,30,linear,1024.0,5.0,1007.0,0.9854262272119126,0.13892613046143185,5.063992715864984,5.063992715864984
iorjtw,vq_ctw,30,nearest,256.0,5.0,331.0,0.8479568939598063,1.0806038524716166,5.29552599168935,5.29552599168935
iorjtw,vq_ctw,30,nearest,512.0,5.0,331.0,0.8557103675168585,1.054147856608415,5.230367217182718,5.230367217182718
iorjtw,vq_ctw,30,nearest,1024.0,5.0,331.0,0.8685126361343428,1.029034180993923,5.574816184213809,5.574816184213809
iotklo,direct_ctw,30,linear,,5.0,1007.0,0.8443871283955038,1.307211201353204,1.5879217259387415,1.7589323434355977
iotklo,direct_ctw,30,nearest,,5.0,144.0,0.8157541155727966,1.0629329546285944,1.5392349315260552,1.7308426148302167
iotklo,markov_order_1,30,linear,,5.0,1007.0,0.7805272270919732,1.723197716808934,1.5879217259387415,1.7589323434355977
iotklo,markov_order_1,30,nearest,,5.0,144.0,0.6454501692740371,1.67407011112082,1.5392349315260552,1.7308426148302167
iotklo,markov_order_2,30,linear,,5.0,1007.0,0.7621560160181831,1.83612275366048,1.5879217259387415,1.7589323434355977
iotklo,markov_order_2,30,nearest,,5.0,144.0,0.6564713273252489,1.6449981887794474,1.5392349315260552,1.7308426148302167
iotklo,vq_ctw,30,linear,256.0,5.0,1007.0,0.9940834982689134,0.061676105680385014,3.733860890261868,3.733860890261868
iotklo,vq_ctw,30,linear,512.0,5.0,1007.0,0.9919959729585736,0.08793965782755403,3.9755212361096373,3.9755212361096373
iotklo,vq_ctw,30,linear,1024.0,5.0,1007.0,0.9926630831168192,0.07724306037840109,3.8291447118241138,3.8291447118241138
iotklo,vq_ctw,30,nearest,256.0,5.0,144.0,0.8704427308482453,0.9259344107202233,4.4644539186169405,4.4644539186169405
iotklo,vq_ctw,30,nearest,512.0,5.0,144.0,0.9119711658624556,0.6480087959975983,4.159630931421457,4.159630931421457
iotklo,vq_ctw,30,nearest,1024.0,5.0,144.0,0.8650135480120071,0.9826318089099585,4.229450517326844,4.229450517326844
iovhar,direct_ctw,30,linear,,5.0,1007.0,0.8222206876664963,1.4560580016083473,1.6554899290023901,1.8136764746841638
iovhar,direct_ctw,30,nearest,,5.0,236.0,0.8179439279831203,1.124809232309784,1.606369316613118,1.7854515010846619
iovhar,markov_order_1,30,linear,,5.0,1007.0,0.747217901749042,1.9259571558776445,1.6554899290023901,1.8136764746841638
iovhar,markov_order_1,30,nearest,,5.0,236.0,0.5892052815631379,1.9770992519696977,1.606369316613118,1.7854515010846619
iovhar,markov_order_2,30,linear,,5.0,1007.0,0.7161351527315898,2.107488152712773,1.6554899290023901,1.8136764746841638
iovhar,markov_order_2,30,nearest,,5.0,236.0,0.6092581707556318,1.917007678516558,1.606369316613118,1.7854515010846619
iovhar,vq_ctw,30,linear,256.0,5.0,1007.0,0.9926243193321322,0.07021920589973137,4.36822537013081,4.36822537013081
iovhar,vq_ctw,30,linear,512.0,5.0,1007.0,0.9869098377811764,0.11373497686410007,4.282861399380115,4.282861399380115
iovhar,vq_ctw,30,linear,1024.0,5.0,1007.0,0.9910679404992335,0.08778416088873969,4.278002300690295,4.278002300690295
iovhar,vq_ctw,30,nearest,256.0,5.0,236.0,0.8552354888438829,1.0636314826392859,4.9266144181122735,4.9266144181122735
iovhar,vq_ctw,30,nearest,512.0,5.0,236.0,0.8675964291458376,0.9875701094412719,4.587783783588652,4.587783783588652
iovhar,vq_ctw,30,nearest,1024.0,5.0,236.0,0.8727128383401583,1.0312187198558767,4.955437466670369,4.955437466670369
iovlit,direct_ctw,30,linear,,5.0,1007.0,0.8433679872825859,1.324680778760352,1.6237176550018988,1.7977606786728588
iovlit,direct_ctw,30,nearest,,5.0,73.0,0.844834483290926,0.9325888273287606,1.5268421521151485,1.7501008112783243
iovlit,markov_order_1,30,linear,,5.0,1007.0,0.7754443806183138,1.769789545311327,1.6237176550018988,1.7977606786728588
iovlit,markov_order_1,30,nearest,,5.0,73.0,0.7186844498448943,1.4183342613979706,1.5268421521151485,1.7501008112783243
iovlit,markov_order_2,30,linear,,5.0,1007.0,0.7456647068897472,1.952268218163734,1.6237176550018988,1.7977606786728588
iovlit,markov_order_2,30,nearest,,5.0,73.0,0.7205545608251257,1.413504839586155,1.5268421521151485,1.7501008112783243
iovlit,vq_ctw,30,linear,256.0,5.0,1007.0,0.9999999999980905,0.07269691780229495,4.307323237360702,4.307323237360702
iovlit,vq_ctw,30,linear,512.0,5.0,1007.0,0.9911604577199977,0.08183747598773587,4.44274747219339,4.44274747219339
iovlit,vq_ctw,30,linear,1024.0,5.0,1007.0,0.9889932842042296,0.09840222095988085,4.113750876545704,4.113750876545704
iovlit,vq_ctw,30,nearest,256.0,5.0,73.0,0.8938301289334595,0.8044970272881946,4.338399067997722,4.338399067997722
iovlit,vq_ctw,30,nearest,512.0,5.0,73.0,0.8753691231126707,0.8924059227845788,3.856647064021608,3.856647064021608
iovlit,vq_ctw,30,nearest,1024.0,5.0,73.0,0.8899202776147221,0.899762781626263,4.0165256072100775,4.0165256072100775
ioytgo,direct_ctw,30,linear,,5.0,1003.0,0.833194593665455,1.4434854070781402,1.7343911708024362,1.898704224771222
ioytgo,markov_order_1,30,linear,,5.0,1003.0,0.7180121855340262,2.1989655635207956,1.7343911708024362,1.898704224771222
ioytgo,markov_order_2,30,linear,,5.0,1003.0,0.684562926616849,2.3992180474619342,1.7343911708024362,1.898704224771222
ioytgo,vq_ctw,30,linear,256.0,5.0,1003.0,0.9771331771034518,0.19349072467483058,5.525746468567084,5.525746468567084
ioytgo,vq_ctw,30,linear,512.0,5.0,1003.0,0.9825364383859222,0.1720945742383817,5.825423742197746,5.825423742197746
ioytgo,vq_ctw,30,linear,1024.0,5.0,1003.0,0.9817220264948816,0.1740996598696418,5.6088018310478045,5.6088018310478045
ipdioi,direct_ctw,30,linear,,5.0,1007.0,0.8460025260858303,1.3436100721164694,1.7021545154597737,1.857615057380109
ipdioi,direct_ctw,30,nearest,,5.0,273.0,0.8183454744794585,1.1248854435260691,1.63396772156761,1.7884446328349684
ipdioi,markov_order_1,30,linear,,5.0,1007.0,0.7742747612641295,1.831492555151342,1.7021545154597737,1.857615057380109
ipdioi,markov_order_1,30,nearest,,5.0,273.0,0.5852185129265186,1.992617559493213,1.63396772156761,1.7884446328349684
ipdioi,markov_order_2,30,linear,,5.0,1007.0,0.7463018955017636,2.0095796856350607,1.7021545154597737,1.857615057380109
ipdioi,markov_order_2,30,nearest,,5.0,273.0,0.5967878462163153,1.9701993026311604,1.63396772156761,1.7884446328349684
ipdioi,vq_ctw,30,linear,256.0,5.0,1007.0,0.9999999999980905,0.02082826971691558,4.1182642981723845,4.1182642981723845
ipdioi,vq_ctw,30,linear,512.0,5.0,1007.0,0.990733044017289,0.08516034493690544,3.968173916374462,3.968173916374462
ipdioi,vq_ctw,30,linear,1024.0,5.0,1007.0,0.9966950750375942,0.03723473122514625,4.072773121924644,4.072773121924644
ipdioi,vq_ctw,30,nearest,256.0,5.0,273.0,0.8578818756665131,1.0302113164900726,4.32349352658962,4.32349352658962
ipdioi,vq_ctw,30,nearest,512.0,5.0,273.0,0.8748978336089837,0.908606526213072,4.468910943057895,4.468910943057895
ipdioi,vq_ctw,30,nearest,1024.0,5.0,273.0,0.8634535911491705,1.042711461426391,4.769313996040698,4.769313996040698
ipdraw,direct_ctw,30,linear,,5.0,104.0,0.8457422236672207,1.0191441810577222,1.5653395758852742,1.7443249635168123
ipdraw,direct_ctw,30,nearest,,5.0,42.0,0.8430049754090264,0.941062035781601,1.508624924032542,1.7003855590083004
ipdraw,markov_order_1,30,linear,,5.0,104.0,0.7499065616861577,1.457908346829957,1.5653395758852742,1.7443249635168123
ipdraw,markov_order_1,30,nearest,,5.0,42.0,0.7012920926786659,1.4771215300422225,1.508624924032542,1.7003855590083004
ipdraw,markov_order_2,30,linear,,5.0,104.0,0.7380536363338948,1.5067908087256123,1.5653395758852742,1.7443249635168123
ipdraw,markov_order_2,30,nearest,,5.0,42.0,0.7423866711319232,1.3383501119739702,1.508624924032542,1.7003855590083004
ipdraw,vq_ctw,30,linear,256.0,5.0,104.0,1.0,0.0,3.1548853227884868,3.1548853227884868
ipdraw,vq_ctw,30,linear,512.0,5.0,104.0,1.0,0.0,3.2757600770425728,3.2757600770425728
ipdraw,vq_ctw,30,linear,1024.0,5.0,104.0,1.0,0.0,3.3535954194304027,3.3535954194304027
ipdraw,vq_ctw,30,nearest,256.0,5.0,42.0,0.8747643607195423,0.8958064885406509,4.252019318331294,4.252019318331294
ipdraw,vq_ctw,30,nearest,512.0,5.0,42.0,0.8619215188657146,1.0168827500868405,3.7393436417053016,3.7393436417053016
ipdraw,vq_ctw,30,nearest,1024.0,5.0,42.0,0.8860225759555315,0.9060948188091018,5.015280738495632,5.015280738495632
iphesp,direct_ctw,30,linear,,5.0,1006.0,0.8415131734502657,1.4852885187726488,1.7690423235967596,1.915713220558617
iphesp,direct_ctw,30,nearest,,5.0,37.0,0.8334688727620839,1.149300995183807,1.7594862526846562,1.8653476737355699
iphesp,markov_order_1,30,linear,,5.0,1006.0,0.7128514507199106,2.4134054233238413,1.7690423235967596,1.915713220558617
iphesp,markov_order_1,30,nearest,,5.0,37.0,0.4890450430102866,2.5325185645185004,1.7594862526846562,1.8653476737355699
iphesp,markov_order_2,30,linear,,5.0,1006.0,0.6573995934737957,2.7746955460210883,1.7690423235967596,1.915713220558617
iphesp,markov_order_2,30,nearest,,5.0,37.0,0.5482094739562798,2.3486550594419655,1.7594862526846562,1.8653476737355699
iphesp,vq_ctw,30,linear,256.0,5.0,1006.0,0.9413673045919763,0.41492377146148196,6.853615056444779,6.853615056444779
iphesp,vq_ctw,30,linear,512.0,5.0,1006.0,0.9392894567272687,0.48719355467874753,6.729708982370922,6.729708982370922
iphesp,vq_ctw,30,linear,1024.0,5.0,1006.0,0.9419618250676904,0.45436793988853025,6.434994154307238,6.434994154307238
iphesp,vq_ctw,30,nearest,256.0,5.0,37.0,0.8401956344016543,1.0824689018653975,4.803743192095651,4.803743192095651
iphesp,vq_ctw,30,nearest,512.0,5.0,37.0,0.8291121245413491,1.1014705871885604,4.936656252077095,4.936656252077095
iphesp,vq_ctw,30,nearest,1024.0,5.0,37.0,0.8446511415233927,1.0591848967875162,5.882252092759181,5.882252092759181
iphybc,direct_ctw,30,linear,,5.0,1007.0,0.8296418456004859,1.4944522546401557,1.725165771922203,1.8980885181103293
iphybc,direct_ctw,30,nearest,,5.0,138.0,0.8491287870277954,0.9984218866010756,1.6562165672823748,1.8383667360011333
iphybc,markov_order_1,30,linear,,5.0,1007.0,0.7181609508111435,2.2408979385379686,1.725165771922203,1.8980885181103293
iphybc,markov_order_1,30,nearest,,5.0,138.0,0.6805493186820782,1.7268461012120084,1.6562165672823748,1.8383667360011333
iphybc,markov_order_2,30,linear,,5.0,1007.0,0.6773507167814478,2.490443954917716,1.725165771922203,1.8980885181103293
iphybc,markov_order_2,30,nearest,,5.0,138.0,0.6571800222799019,1.8096941121760126,1.6562165672823748,1.8383667360011333
iphybc,vq_ctw,30,linear,256.0,5.0,1007.0,0.980023482667952,0.1729707047163575,5.6439332744289015,5.6439332744289015
iphybc,vq_ctw,30,linear,512.0,5.0,1007.0,0.9781711821842223,0.20227419337389835,5.9032218678787585,5.9032218678787585
iphybc,vq_ctw,30,linear,1024.0,5.0,1007.0,0.9786065737707281,0.19886833632958023,5.641967560826662,5.641967560826662
iphybc,vq_ctw,30,nearest,256.0,5.0,138.0,0.8628809777698291,0.9924789678908875,4.3201156751149625,4.3201156751149625
iphybc,vq_ctw,30,nearest,512.0,5.0,138.0,0.873291727422751,0.9279872757869935,4.429512189645155,4.429512189645155
iphybc,vq_ctw,30,nearest,1024.0,5.0,138.0,0.8750327075229363,0.9619830205873733,4.552470538249339,4.552470538249339
ipjier,direct_ctw,30,linear,,5.0,1007.0,0.8536599383798805,1.2531985066553697,1.5435856035876152,1.7142029816454214
ipjier,direct_ctw,30,nearest,,5.0,39.0,0.8411671264032063,1.1349983893915894,1.6501698687301956,1.7865885211121593
ipjier,markov_order_1,30,linear,,5.0,1007.0,0.7739282469259685,1.7792519045559747,1.5435856035876152,1.7142029816454214
ipjier,markov_order_1,30,nearest,,5.0,39.0,0.5596109081524163,2.385722844726687,1.6501698687301956,1.7865885211121593
ipjier,markov_order_2,30,linear,,5.0,1007.0,0.752358614408372,1.9118581868494213,1.5435856035876152,1.7142029816454214
ipjier,markov_order_2,30,nearest,,5.0,39.0,0.5543498114856271,2.4041376506932846,1.6501698687301956,1.7865885211121593
ipjier,vq_ctw,30,linear,256.0,5.0,1007.0,0.9999999999980905,0.1413975896961138,4.6686821556013225,4.6686821556013225
ipjier,vq_ctw,30,linear,512.0,5.0,1007.0,0.9827409196868198,0.14302036513641003,4.678493430206099,4.678493430206099
ipjier,vq_ctw,30,linear,1024.0,5.0,1007.0,0.9798059471931492,0.1745355277400658,4.505217686314512,4.505217686314512
ipjier,vq_ctw,30,nearest,256.0,5.0,39.0,0.8502603145600276,1.0584075401816833,5.373468879592553,5.373468879592553
ipjier,vq_ctw,30,nearest,512.0,5.0,39.0,0.8206507547868522,1.1422624389002989,5.577967366360755,5.577967366360755
ipjier,vq_ctw,30,nearest,1024.0,5.0,39.0,0.8526715371401445,0.9839527554765743,5.970456862931859,5.970456862931859
ippfei,direct_ctw,30,linear,,5.0,780.0,0.816252680785787,1.4952830739313505,1.666631332831875,1.827072473910301
ippfei,direct_ctw,30,nearest,,5.0,236.0,0.8237401111300487,1.0739483671274062,1.6650127586505934,1.8259037560478877
ippfei,markov_order_1,30,linear,,5.0,780.0,0.7199709936389956,2.085466614211804,1.666631332831875,1.827072473910301
ippfei,markov_order_1,30,nearest,,5.0,236.0,0.6021627005970951,1.9137494930329115,1.6650127586505934,1.8259037560478877
ippfei,markov_order_2,30,linear,,5.0,780.0,0.6910622871360645,2.2488959212170534,1.666631332831875,1.827072473910301
ippfei,markov_order_2,30,nearest,,5.0,236.0,0.6190003068489799,1.8672081162546088,1.6650127586505934,1.8259037560478877
ippfei,vq_ctw,30,linear,256.0,5.0,780.0,0.9920110753436512,0.07980665951393641,4.633138307433685,4.633138307433685
ippfei,vq_ctw,30,linear,512.0,5.0,780.0,0.9882942462708582,0.11531169835329348,4.652482684901106,4.652482684901106
ippfei,vq_ctw,30,linear,1024.0,5.0,780.0,0.9906257182000637,0.09536445453092865,4.598917331995203,4.598917331995203
ippfei,vq_ctw,30,nearest,256.0,5.0,236.0,0.853062463420555,1.0459133158373612,4.659125071325767,4.659125071325767
ippfei,vq_ctw,30,nearest,512.0,5.0,236.0,0.858867330529692,0.9831096989349457,4.809077932995245,4.809077932995245
ippfei,vq_ctw,30,nearest,1024.0,5.0,236.0,0.8605705041484651,1.0309964604979056,5.107577412596468,5.107577412596468
irjfen,direct_ctw,30,linear,,5.0,1007.0,0.802401844498795,1.5711033386918836,1.6703527858529497,1.8265743099049194
irjfen,direct_ctw,30,nearest,,5.0,248.0,0.8151420116735818,1.1027562319517286,1.732263173649708,1.8859809375472245
irjfen,markov_order_1,30,linear,,5.0,1007.0,0.7219050596172674,2.0547483652354095,1.6703527858529497,1.8265743099049194
irjfen,markov_order_1,30,nearest,,5.0,248.0,0.6170065425892157,1.8303892535997297,1.732263173649708,1.8859809375472245
irjfen,markov_order_2,30,linear,,5.0,1007.0,0.6934053032596917,2.21428366896344,1.6703527858529497,1.8265743099049194
irjfen,markov_order_2,30,nearest,,5.0,248.0,0.6417785693736889,1.756102330554231,1.732263173649708,1.8859809375472245
irjfen,vq_ctw,30,linear,256.0,5.0,1007.0,0.9911105995405888,0.08742658037156302,4.566742733712841,4.566742733712841
irjfen,vq_ctw,30,linear,512.0,5.0,1007.0,0.9860855154683404,0.1380568411845342,4.641497745071204,4.641497745071204
irjfen,vq_ctw,30,linear,1024.0,5.0,1007.0,0.9912524280361319,0.08986615270461175,4.642918138967952,4.642918138967952
irjfen,vq_ctw,30,nearest,256.0,5.0,248.0,0.8507366893675034,1.0583185651359819,4.079264222577175,4.079264222577175
irjfen,vq_ctw,30,nearest,512.0,5.0,248.0,0.865552023894689,0.9974592867246722,4.474838743867586,4.474838743867586
irjfen,vq_ctw,30,nearest,1024.0,5.0,248.0,0.8769968919056031,0.9913046207438486,4.602774855343137,4.602774855343137
isekdy,direct_ctw,30,linear,,5.0,1007.0,0.8307213641812929,1.5024451186534338,1.618687272779337,1.7822645252149907
isekdy,markov_order_1,30,linear,,5.0,1007.0,0.7436189322320064,2.103141442090666,1.618687272779337,1.7822645252149907
isekdy,markov_order_2,30,linear,,5.0,1007.0,0.7011427743123546,2.3741756199596327,1.618687272779337,1.7822645252149907
isekdy,vq_ctw,30,linear,256.0,5.0,1007.0,0.9845088342835284,0.13986718473088589,4.430095451986423,4.430095451986423
isekdy,vq_ctw,30,linear,512.0,5.0,1007.0,0.9838288513118969,0.1678791735851933,4.685237656471777,4.685237656471777
isekdy,vq_ctw,30,linear,1024.0,5.0,1007.0,0.9833276734270268,0.16103683426500986,4.315884934096196,4.315884934096196
isfikt,direct_ctw,30,linear,,5.0,1007.0,0.8332327670352854,1.4148773863740047,1.575023328484122,1.7459060648207518
isfikt,direct_ctw,30,nearest,,5.0,33.0,0.8429684264112856,1.0680039653196896,1.6682783956849723,1.822132597708346
isfikt,markov_order_1,30,linear,,5.0,1007.0,0.7461489952106228,1.98122229926847,1.575023328484122,1.7459060648207518
isfikt,markov_order_1,30,nearest,,5.0,33.0,0.5227550163398973,2.3383015094518527,1.6682783956849723,1.822132597708346
isfikt,markov_order_2,30,linear,,5.0,1007.0,0.7142634341721794,2.1732414589309386,1.575023328484122,1.7459060648207518
isfikt,markov_order_2,30,nearest,,5.0,33.0,0.5427057452033351,2.278518541453566,1.6682783956849723,1.822132597708346
isfikt,vq_ctw,30,linear,256.0,5.0,1007.0,0.9803315105954823,0.15924362938993833,4.724686463110721,4.724686463110721
isfikt,vq_ctw,30,linear,512.0,5.0,1007.0,0.9804157241296194,0.18457324833519023,4.850903274296453,4.850903274296453
isfikt,vq_ctw,30,linear,1024.0,5.0,1007.0,0.9834016833037249,0.1604294106300573,4.82966343587695,4.82966343587695
isfikt,vq_ctw,30,nearest,256.0,5.0,33.0,0.853573670144417,1.0118951391540973,5.681129524372011,5.681129524372011
isfikt,vq_ctw,30,nearest,512.0,5.0,33.0,0.8565664553891256,1.023461434339061,6.491614976374348,6.491614976374348
isfikt,vq_ctw,30,nearest,1024.0,5.0,33.0,0.8558938263733739,0.9994494838682741,7.508162189640178,7.508162189640178
ishvir,direct_ctw,30,linear,,5.0,1007.0,0.8164842792314666,1.4378217176214316,1.656036962837691,1.82254329183624
ishvir,direct_ctw,30,nearest,,5.0,115.0,0.8217215171497481,1.0272504096806732,1.5665914999295172,1.7705504728046846
ishvir,markov_order_1,30,linear,,5.0,1007.0,0.7479958271719213,1.8444969299133227,1.656036962837691,1.82254329183624
ishvir,markov_order_1,30,nearest,,5.0,115.0,0.6723912397183512,1.5565015704003378,1.5665914999295172,1.7705504728046846
ishvir,markov_order_2,30,linear,,5.0,1007.0,0.7311024812511203,1.9389868088796882,1.656036962837691,1.82254329183624
ishvir,markov_order_2,30,nearest,,5.0,115.0,0.6748607517753106,1.5536804549641168,1.5665914999295172,1.7705504728046846
ishvir,vq_ctw,30,linear,256.0,5.0,1007.0,0.9999999999980905,0.05663092666047858,3.953247588597721,3.953247588597721
ishvir,vq_ctw,30,linear,512.0,5.0,1007.0,0.9895842661198215,0.09395249395471789,3.992453221027352,3.992453221027352
ishvir,vq_ctw,30,linear,1024.0,5.0,1007.0,0.9931419479243373,0.06601370318889936,4.0530459732316135,4.0530459732316135
ishvir,vq_ctw,30,nearest,256.0,5.0,115.0,0.8657276836221648,0.962211614469933,4.673041494656755,4.673041494656755
ishvir,vq_ctw,30,nearest,512.0,5.0,115.0,0.8615093784212274,1.0251947999545505,4.416220785510849,4.416220785510849
ishvir,vq_ctw,30,nearest,1024.0,5.0,115.0,0.8807723899298506,0.9455269570549435,4.29300226363939,4.29300226363939
isnthl,direct_ctw,30,linear,,5.0,320.0,0.8909215343584405,0.8881722686423588,1.5846766384490634,1.750669406241664
isnthl,markov_order_1,30,linear,,5.0,320.0,0.781121405539472,1.542786109926173,1.5846766384490634,1.750669406241664
isnthl,markov_order_2,30,linear,,5.0,320.0,0.7765705149789863,1.5673667092617267,1.5846766384490634,1.750669406241664
isnthl,vq_ctw,30,linear,256.0,5.0,320.0,0.9999999999980906,0.13409930265349904,4.518016531683527,4.518016531683527
isnthl,vq_ctw,30,linear,512.0,5.0,320.0,0.9999999999980906,0.10934528507919775,4.846660600909425,4.846660600909425
isnthl,vq_ctw,30,linear,1024.0,5.0,320.0,0.9999999999980906,0.1490190095746073,4.646849320885228,4.646849320885228
ispaww,direct_ctw,30,linear,,5.0,1007.0,0.8335353993454797,1.4410734759264259,1.6232416780607073,1.79034524098263
ispaww,direct_ctw,30,nearest,,5.0,67.0,0.8445304285253652,0.9784207283559979,1.4364287375240878,1.6328273117287124
ispaww,markov_order_1,30,linear,,5.0,1007.0,0.753020005474758,1.980818435330643,1.6232416780607073,1.79034524098263
ispaww,markov_order_1,30,nearest,,5.0,67.0,0.6814047796821846,1.6354143499681724,1.4364287375240878,1.6328273117287124
ispaww,markov_order_2,30,linear,,5.0,1007.0,0.7213517761552004,2.17854333306118,1.6232416780607073,1.79034524098263
ispaww,markov_order_2,30,nearest,,5.0,67.0,0.6694616464826837,1.674334754179905,1.4364287375240878,1.6328273117287124
ispaww,vq_ctw,30,linear,256.0,5.0,1007.0,0.9926738843195532,0.06981885832287632,5.080713932621295,5.080713932621295
ispaww,vq_ctw,30,linear,512.0,5.0,1007.0,0.9909146995041014,0.09283697553361188,5.172670689251406,5.172670689251406
ispaww,vq_ctw,30,linear,1024.0,5.0,1007.0,0.9893691902097306,0.10963056619379939,5.033174667899672,5.033174667899672
ispaww,vq_ctw,30,nearest,256.0,5.0,67.0,0.8625147186747606,0.9768111663910026,4.444238440649459,4.444238440649459
ispaww,vq_ctw,30,nearest,512.0,5.0,67.0,0.8704264485630366,0.9742730877593861,3.9911428903880593,3.9911428903880593
ispaww,vq_ctw,30,nearest,1024.0,5.0,67.0,0.884066124965447,0.930070899106391,4.798482293121452,4.798482293121452
isvayd,direct_ctw,30,linear,,5.0,1005.0,0.8359983311086226,1.4710864971367095,1.5708520796952057,1.7520530519341384
isvayd,direct_ctw,30,nearest,,5.0,32.0,0.8881793913016248,0.7650225707329421,1.0894021832355523,1.2853107037098104
isvayd,markov_order_1,30,linear,,5.0,1005.0,0.7107683767676795,2.3267249130871406,1.5708520796952057,1.7520530519341384
isvayd,markov_order_1,30,nearest,,5.0,32.0,0.7309125108290502,1.4649539921621872,1.0894021832355523,1.2853107037098104
isvayd,markov_order_2,30,linear,,5.0,1005.0,0.6710073248829066,2.573462597417291,1.5708520796952057,1.7520530519341384
isvayd,markov_order_2,30,nearest,,5.0,32.0,0.7256160494284849,1.484785032537972,1.0894021832355523,1.2853107037098104
isvayd,vq_ctw,30,linear,256.0,5.0,1005.0,0.9464437098931906,0.38620063374550795,5.837051081090301,5.837051081090301
isvayd,vq_ctw,30,linear,512.0,5.0,1005.0,0.94967166663174,0.4290795540602535,6.188025770101662,6.188025770101662
isvayd,vq_ctw,30,linear,1024.0,5.0,1005.0,0.9485804707501425,0.4117891333175988,5.9936411560327105,5.9936411560327105
isvayd,vq_ctw,30,nearest,256.0,5.0,32.0,0.8981982622054824,0.7800862996863437,4.620612073416103,4.620612073416103
isvayd,vq_ctw,30,nearest,512.0,5.0,32.0,0.862327828042183,1.0145202824932378,4.171444974302957,4.171444974302957
isvayd,vq_ctw,30,nearest,1024.0,5.0,32.0,0.8994934647336064,0.8182947049559777,4.45857835108262,4.45857835108262
itacfl,direct_ctw,30,linear,,5.0,1007.0,0.8569463311571008,1.2301186174335066,1.662257909595868,1.8114768177221008
itacfl,direct_ctw,30,nearest,,5.0,72.0,0.8378612413274532,0.9808807114670048,1.5849955605622401,1.7187079200312512
itacfl,markov_order_1,30,linear,,5.0,1007.0,0.7944020202843172,1.6498338775073935,1.662257909595868,1.8114768177221008
itacfl,markov_order_1,30,nearest,,5.0,72.0,0.6840821153613188,1.5668378176013968,1.5849955605622401,1.7187079200312512
itacfl,markov_order_2,30,linear,,5.0,1007.0,0.7738996694382856,1.7794300776515692,1.662257909595868,1.8114768177221008
itacfl,markov_order_2,30,nearest,,5.0,72.0,0.6801235582999284,1.5856267392915784,1.5849955605622401,1.7187079200312512
itacfl,vq_ctw,30,linear,256.0,5.0,1007.0,0.99138525521168,0.08007783578711926,4.072323439665661,4.072323439665661
itacfl,vq_ctw,30,linear,512.0,5.0,1007.0,0.9873805919477747,0.12699785579278758,4.1786793357472565,4.1786793357472565
itacfl,vq_ctw,30,linear,1024.0,5.0,1007.0,0.9932825843560888,0.06879089765781815,4.279037732382985,4.279037732382985
itacfl,vq_ctw,30,nearest,256.0,5.0,72.0,0.873709540550671,0.8160488856708255,4.525797166469815,4.525797166469815
itacfl,vq_ctw,30,nearest,512.0,5.0,72.0,0.8999298407587943,0.7133137716906008,4.536735564065723,4.536735564065723
itacfl,vq_ctw,30,nearest,1024.0,5.0,72.0,0.8612319018172001,0.9733777492158507,4.758913809482136,4.758913809482136
itbadp,direct_ctw,30,linear,,5.0,1007.0,0.8464519790133982,1.3487520304958152,1.6291010581424967,1.8013323470350624
itbadp,direct_ctw,30,nearest,,5.0,39.0,0.7898674968158617,1.0747880763037574,1.4564702940313832,1.7216358874418154
itbadp,markov_order_1,30,linear,,5.0,1007.0,0.7660791547672624,1.8970511519970683,1.6291010581424967,1.8013323470350624
itbadp,markov_order_1,30,nearest,,5.0,39.0,0.6256134503052851,1.5473693946649494,1.4564702940313832,1.7216358874418154
itbadp,markov_order_2,30,linear,,5.0,1007.0,0.7384409081127847,2.072774018865462,1.6291010581424967,1.8013323470350624
itbadp,markov_order_2,30,nearest,,5.0,39.0,0.6645975210700616,1.4519514480771243,1.4564702940313832,1.7216358874418154
itbadp,vq_ctw,30,linear,256.0,5.0,1007.0,0.9914478266572763,0.0845892385025269,4.068732066488517,4.068732066488517
itbadp,vq_ctw,30,linear,512.0,5.0,1007.0,0.9904837523344407,0.1042843236922297,4.271088646801429,4.271088646801429
itbadp,vq_ctw,30,linear,1024.0,5.0,1007.0,0.9923002709100888,0.08052456105120466,4.111473099062126,4.111473099062126
itbadp,vq_ctw,30,nearest,256.0,5.0,39.0,0.8925499410826311,0.76993070131944,4.339218616527489,4.339218616527489
itbadp,vq_ctw,30,nearest,512.0,5.0,39.0,0.8611452503239031,0.9977958772939929,4.493590426098739,4.493590426098739
itbadp,vq_ctw,30,nearest,1024.0,5.0,39.0,0.8327381404226509,1.1209659834829904,4.572644739024085,4.572644739024085
itbejs,direct_ctw,30,linear,,5.0,994.0,0.8843663903527657,0.9569363793952835,1.6015285750453672,1.7415096723658783
itbejs,direct_ctw,30,nearest,,5.0,190.0,0.8315177109206855,1.0277430700306132,1.6134494744341152,1.7895591948077842
itbejs,markov_order_1,30,linear,,5.0,994.0,0.8378707923977864,1.2566624862898597,1.6015285750453672,1.7415096723658783
itbejs,markov_order_1,30,nearest,,5.0,190.0,0.6528512332959132,1.7081437860568165,1.6134494744341152,1.7895591948077842
itbejs,markov_order_2,30,linear,,5.0,994.0,0.8349252587352234,1.2748110183220254,1.6015285750453672,1.7415096723658783
itbejs,markov_order_2,30,nearest,,5.0,190.0,0.6638877606187659,1.6750739694106513,1.6134494744341152,1.7895591948077842
itbejs,vq_ctw,30,linear,256.0,5.0,994.0,0.9999999999980905,0.024494394471904483,3.354208877349212,3.354208877349212
itbejs,vq_ctw,30,linear,512.0,5.0,994.0,0.9964840593446826,0.037240946874121494,3.482398053920571,3.482398053920571
itbejs,vq_ctw,30,linear,1024.0,5.0,994.0,0.9968930298336157,0.03528178984160392,3.4710007015638045,3.4710007015638045
itbejs,vq_ctw,30,nearest,256.0,5.0,190.0,0.8651859643322611,0.9459503258407332,4.341345097567391,4.341345097567391
itbejs,vq_ctw,30,nearest,512.0,5.0,190.0,0.8907286691842261,0.7905862481510996,4.370058125152655,4.370058125152655
itbejs,vq_ctw,30,nearest,1024.0,5.0,190.0,0.869525974973187,1.0213154684490506,4.262174584061925,4.262174584061925
itcemr,direct_ctw,30,linear,,5.0,969.0,0.8158301006908963,1.6015285930944099,1.6516503783491348,1.814803316972832
itcemr,direct_ctw,30,nearest,,5.0,147.0,0.8319331896451053,1.1205852692087555,1.63426199676158,1.7971288871259001
itcemr,markov_order_1,30,linear,,5.0,969.0,0.7107342504309933,2.300850186128246,1.6516503783491348,1.814803316972832
itcemr,markov_order_1,30,nearest,,5.0,147.0,0.6017474226649956,2.080729788537236,1.63426199676158,1.7971288871259001
itcemr,markov_order_2,30,linear,,5.0,969.0,0.6628390546244571,2.5924374911403367,1.6516503783491348,1.814803316972832
itcemr,markov_order_2,30,nearest,,5.0,147.0,0.6015309515857756,2.0820707190086374,1.63426199676158,1.7971288871259001
itcemr,vq_ctw,30,linear,256.0,5.0,969.0,0.9799189704344323,0.17372293759850418,4.883613368159574,4.883613368159574
itcemr,vq_ctw,30,linear,512.0,5.0,969.0,0.9741241206056269,0.24015603500317145,4.9900304226339705,4.9900304226339705
itcemr,vq_ctw,30,linear,1024.0,5.0,969.0,0.9805297284319234,0.1836644237517997,4.886547033767634,4.886547033767634
itcemr,vq_ctw,30,nearest,256.0,5.0,147.0,0.8600702117202685,1.0448640716674362,4.8687137841583334,4.8687137841583334
itcemr,vq_ctw,30,nearest,512.0,5.0,147.0,0.8576152546325717,1.0223720048461906,4.465093184529499,4.465093184529499
itcemr,vq_ctw,30,nearest,1024.0,5.0,147.0,0.869294100159161,1.0317022740572082,5.350782058178043,5.350782058178043
ithpet,direct_ctw,30,linear,,5.0,1007.0,0.8424388999985667,1.3858950037078426,1.6007224028715505,1.76077240431721
ithpet,markov_order_1,30,linear,,5.0,1007.0,0.7330688944198186,2.1202589787549595,1.6007224028715505,1.76077240431721
ithpet,markov_order_2,30,linear,,5.0,1007.0,0.713838896218958,2.239388515236205,1.6007224028715505,1.76077240431721
ithpet,vq_ctw,30,linear,256.0,5.0,1007.0,0.9629573343836291,0.28727583604210316,5.130320287990056,5.130320287990056
ithpet,vq_ctw,30,linear,512.0,5.0,1007.0,0.9669886127803449,0.29460916257014363,5.4078821022913415,5.4078821022913415
ithpet,vq_ctw,30,linear,1024.0,5.0,1007.0,0.9686804543298143,0.27368848500187276,5.427947829127222,5.427947829127222
itmeps,direct_ctw,30,linear,,5.0,979.0,0.8501275723822164,1.3139872741134433,1.584450438723159,1.7471869297139582
itmeps,markov_order_1,30,linear,,5.0,979.0,0.7569676984853094,1.9424053140945625,1.584450438723159,1.7471869297139582
itmeps,markov_order_2,30,linear,,5.0,979.0,0.7258892987151768,2.1357424143828236,1.584450438723159,1.7471869297139582
itmeps,vq_ctw,30,linear,256.0,5.0,979.0,0.983259444997145,0.14925916767655015,5.613637415152582,5.613637415152582
itmeps,vq_ctw,30,linear,512.0,5.0,979.0,0.9817220139656826,0.17890750018086538,5.731674223563287,5.731674223563287
itmeps,vq_ctw,30,linear,1024.0,5.0,979.0,0.9840249384569103,0.1501519088262799,5.625008742007775,5.625008742007775
itpivo,direct_ctw,30,linear,,5.0,1006.0,0.8444577620823498,1.3631235477025556,1.6100395925103748,1.7727092413870533
itpivo,direct_ctw,30,nearest,,5.0,34.0,0.8223669526626427,0.9564132804863561,1.7160837123957307,1.8561949017902089
itpivo,markov_order_1,30,linear,,5.0,1006.0,0.7727803918236533,1.8535365542234294,1.6100395925103748,1.7727092413870533
itpivo,markov_order_1,30,nearest,,5.0,34.0,0.670932840439149,1.4355295619984183,1.7160837123957307,1.8561949017902089
itpivo,markov_order_2,30,linear,,5.0,1006.0,0.7397423019860733,2.0646310690458707,1.6100395925103748,1.7727092413870533
itpivo,markov_order_2,30,nearest,,5.0,34.0,0.6919350554813517,1.3791985120819805,1.7160837123957307,1.8561949017902089
itpivo,vq_ctw,30,linear,256.0,5.0,1006.0,0.9914791053151195,0.08432509871236962,4.219114499770113,4.219114499770113
itpivo,vq_ctw,30,linear,512.0,5.0,1006.0,0.9878100782506656,0.11936411907238641,4.243035879712114,4.243035879712114
itpivo,vq_ctw,30,linear,1024.0,5.0,1006.0,0.9923404764548808,0.08262797907452658,4.239725139442687,4.239725139442687
itpivo,vq_ctw,30,nearest,256.0,5.0,34.0,0.8635217313705659,0.9277320856348812,4.224355294059871,4.224355294059871
itpivo,vq_ctw,30,nearest,512.0,5.0,34.0,0.9058994807120211,0.7141842588677106,4.3559033985254905,4.3559033985254905
itpivo,vq_ctw,30,nearest,1024.0,5.0,34.0,0.8564448332756148,0.9964845815703546,4.19975277366072,4.19975277366072
itquir,direct_ctw,30,linear,,5.0,1007.0,0.8431679868656332,1.3549818829120843,1.5491118274250804,1.7180247501850487
itquir,direct_ctw,30,nearest,,5.0,109.0,0.8297105938327898,1.1081527774004745,1.8222117708603403,1.9763306888571215
itquir,markov_order_1,30,linear,,5.0,1007.0,0.7649337020697362,1.8783530670989013,1.5491118274250804,1.7180247501850487
itquir,markov_order_1,30,nearest,,5.0,109.0,0.5789890988213523,2.108241921885938,1.8222117708603403,1.9763306888571215
itquir,markov_order_2,30,linear,,5.0,1007.0,0.7339210005588808,2.071414415926077,1.5491118274250804,1.7180247501850487
itquir,markov_order_2,30,nearest,,5.0,109.0,0.6101952573584556,2.017309210502431,1.8222117708603403,1.9763306888571215
itquir,vq_ctw,30,linear,256.0,5.0,1007.0,0.9999999999980905,0.07729468938125407,4.3693986866794186,4.3693986866794186
itquir,vq_ctw,30,linear,512.0,5.0,1007.0,0.987697543458969,0.10799949959260105,4.545365577878288,4.545365577878288
itquir,vq_ctw,30,linear,1024.0,5.0,1007.0,0.9900083790115991,0.09072920430838634,4.505032460596413,4.505032460596413
itquir,vq_ctw,30,nearest,256.0,5.0,109.0,0.8611074867093048,0.9802178940716737,4.8384991177317245,4.8384991177317245
itquir,vq_ctw,30,nearest,512.0,5.0,109.0,0.912825833176988,0.680525597150769,4.824539456153641,4.824539456153641
itquir,vq_ctw,30,nearest,1024.0,5.0,109.0,0.8629181463602685,0.9913511631251212,4.745743305145904,4.745743305145904
ivheoo,direct_ctw,30,linear,,5.0,1007.0,0.7948932705033727,1.7384610026020604,1.7947623692574664,1.9592743312085519
ivheoo,direct_ctw,30,nearest,,5.0,257.0,0.8182119947653839,1.1686695329490904,1.6454654404448625,1.8293854203314754
ivheoo,markov_order_1,30,linear,,5.0,1007.0,0.6664498927999684,2.5552063395902302,1.7947623692574664,1.9592743312085519
ivheoo,markov_order_1,30,nearest,,5.0,257.0,0.5660674297530334,2.149748853925113,1.6454654404448625,1.8293854203314754
ivheoo,markov_order_2,30,linear,,5.0,1007.0,0.6161657330810563,2.8441378453787896,1.7947623692574664,1.9592743312085519
ivheoo,markov_order_2,30,nearest,,5.0,257.0,0.5890559633509813,2.081492493005666,1.6454654404448625,1.8293854203314754
ivheoo,vq_ctw,30,linear,256.0,5.0,1007.0,0.9826787005285392,0.1535775543294163,5.819596624192835,5.819596624192835
ivheoo,vq_ctw,30,linear,512.0,5.0,1007.0,0.9833025547258669,0.1693482702345227,5.865508874344236,5.865508874344236
ivheoo,vq_ctw,30,linear,1024.0,5.0,1007.0,0.9813806443989428,0.1708555437693064,5.659067253200535,5.659067253200535
ivheoo,vq_ctw,30,nearest,256.0,5.0,257.0,0.8412370395100127,1.1452028105974414,4.559550986700431,4.559550986700431
ivheoo,vq_ctw,30,nearest,512.0,5.0,257.0,0.8465799161032201,1.115066977973988,4.338334659338704,4.338334659338704
ivheoo,vq_ctw,30,nearest,1024.0,5.0,257.0,0.855872478562326,1.1049108405684063,4.919176883953826,4.919176883953826
ivkock,direct_ctw,30,linear,,5.0,1007.0,0.8241194171417077,1.4435052126603893,1.712835776090566,1.8797187632771835
ivkock,direct_ctw,30,nearest,,5.0,112.0,0.8481424305158518,0.9783681301990566,1.8086983706030502,1.9504032721885929
ivkock,markov_order_1,30,linear,,5.0,1007.0,0.7403659373516998,1.9665888827044424,1.712835776090566,1.8797187632771835
ivkock,markov_order_1,30,nearest,,5.0,112.0,0.6612491151720103,1.7549727031863174,1.8086983706030502,1.9504032721885929
ivkock,markov_order_2,30,linear,,5.0,1007.0,0.7100593836217176,2.14215574517638,1.712835776090566,1.8797187632771835
ivkock,markov_order_2,30,nearest,,5.0,112.0,0.6753509670391656,1.7120787560713793,1.8086983706030502,1.9504032721885929
ivkock,vq_ctw,30,linear,256.0,5.0,1007.0,0.9898494844664335,0.09787750092156128,5.238890621689103,5.238890621689103
ivkock,vq_ctw,30,linear,512.0,5.0,1007.0,0.990643217343787,0.09521177718974583,5.377474791761659,5.377474791761659
ivkock,vq_ctw,30,linear,1024.0,5.0,1007.0,0.9882273328538999,0.10410080191045464,5.2088442233969445,5.2088442233969445
ivkock,vq_ctw,30,nearest,256.0,5.0,112.0,0.8637610701735478,0.9404879227788693,4.114744936204775,4.114744936204775
ivkock,vq_ctw,30,nearest,512.0,5.0,112.0,0.9007599820325083,0.7111763385285398,3.930832236885341,3.930832236885341
ivkock,vq_ctw,30,nearest,1024.0,5.0,112.0,0.8644592035063384,1.0089441678250168,4.4370029395191235,4.4370029395191235
izowcu,direct_ctw,30,linear,,5.0,993.0,0.9291443568063699,0.6939791284398437,1.898936674223592,2.058735652441041
izowcu,direct_ctw,30,nearest,,5.0,44.0,0.8427050597085747,1.0344002611569973,1.6587052026416542,1.855839127575961
izowcu,markov_order_1,30,linear,,5.0,993.0,0.86419807537386,1.1957846762862627,1.898936674223592,2.058735652441041
izowcu,markov_order_1,30,nearest,,5.0,44.0,0.6588948338172945,1.807616412180493,1.6587052026416542,1.855839127575961
izowcu,markov_order_2,30,linear,,5.0,993.0,0.8656653830250397,1.1851263486937071,1.898936674223592,2.058735652441041
izowcu,markov_order_2,30,nearest,,5.0,44.0,0.6364868239613314,1.8852287296631045,1.6587052026416542,1.855839127575961
izowcu,vq_ctw,30,linear,256.0,5.0,993.0,0.9918214666530898,0.08142289332940163,3.3504458347827226,3.3504458347827226
izowcu,vq_ctw,30,linear,512.0,5.0,993.0,0.9919894964249744,0.0858943919168634,3.437885349522329,3.437885349522329
izowcu,vq_ctw,30,linear,1024.0,5.0,993.0,0.9899466411724667,0.10448983978324126,3.22330156280968,3.22330156280968
izowcu,vq_ctw,30,nearest,256.0,5.0,44.0,0.8428553100086411,1.149458137255061,4.20619757280935,4.20619757280935
izowcu,vq_ctw,30,nearest,512.0,5.0,44.0,0.8560085185738143,1.0729267853860822,4.391294007562675,4.391294007562675
izowcu,vq_ctw,30,nearest,1024.0,5.0,44.0,0.873564213484477,1.0289675682336232,4.775309181689032,4.775309181689032
oadwow,direct_ctw,30,linear,,5.0,79.0,0.8032719187316006,1.0271424251329557,1.6920744439911615,1.8592974285129633
oadwow,markov_order_1,30,linear,,5.0,79.0,0.7388227048208817,1.2424739544858416,1.6920744439911615,1.8592974285129633
oadwow,markov_order_2,30,linear,,5.0,79.0,0.7388214244269646,1.242477904621817,1.6920744439911615,1.8592974285129633
oadwow,vq_ctw,30,linear,256.0,5.0,79.0,1.0,0.0,2.579947318862554,2.579947318862554
oadwow,vq_ctw,30,linear,512.0,5.0,79.0,1.0,0.0,2.7744033636029855,2.7744033636029855
oadwow,vq_ctw,30,linear,1024.0,5.0,79.0,1.0,0.0,2.8486908863256484,2.8486908863256484
oafhyn,direct_ctw,30,linear,,5.0,998.0,0.8376739369698566,1.3841042212407426,1.5754360952518238,1.7575284825088133
oafhyn,direct_ctw,30,nearest,,5.0,169.0,0.8376789210025444,1.0018087485996776,1.5994365190073188,1.8113675115464096
oafhyn,markov_order_1,30,linear,,5.0,998.0,0.7636824187642743,1.8723699774662426,1.5754360952518238,1.7575284825088133
oafhyn,markov_order_1,30,nearest,,5.0,169.0,0.6813225825100034,1.6044769682391609,1.5994365190073188,1.8113675115464096
oafhyn,markov_order_2,30,linear,,5.0,998.0,0.7344744240103722,2.05239539963791,1.5754360952518238,1.7575284825088133
oafhyn,markov_order_2,30,nearest,,5.0,169.0,0.6866447745123588,1.5908824305057923,1.5994365190073188,1.8113675115464096
oafhyn,vq_ctw,30,linear,256.0,5.0,998.0,0.992159720858506,0.07394875949071124,4.230805233071939,4.230805233071939
oafhyn,vq_ctw,30,linear,512.0,5.0,998.0,0.9886170120725414,0.11259402268809779,4.342866979354595,4.342866979354595
oafhyn,vq_ctw,30,linear,1024.0,5.0,998.0,0.9875692731574671,0.11620987827604869,4.1958444922234746,4.1958444922234746
oafhyn,vq_ctw,30,nearest,256.0,5.0,169.0,0.8603907649874432,1.008233337393564,4.49317129904706,4.49317129904706
oafhyn,vq_ctw,30,nearest,512.0,5.0,169.0,0.8622330254559619,1.0103819237220393,4.296441895779074,4.296441895779074
oafhyn,vq_ctw,30,nearest,1024.0,5.0,169.0,0.8710968075863782,1.0061924995524356,4.452885344816886,4.452885344816886
oahudf,direct_ctw,30,linear,,5.0,992.0,0.838047703843819,1.381504881792928,1.6532810911970848,1.8232517282737517
oahudf,direct_ctw,30,nearest,,5.0,183.0,0.8189803257260435,1.0624100424404923,1.6117865956080026,1.796586853959644
oahudf,markov_order_1,30,linear,,5.0,992.0,0.7662697504269222,1.8561019325488288,1.6532810911970848,1.8232517282737517
oahudf,markov_order_1,30,nearest,,5.0,183.0,0.6564753057029343,1.6490076449623032,1.6117865956080026,1.796586853959644
oahudf,markov_order_2,30,linear,,5.0,992.0,0.7430883783958647,1.9999802656730024,1.6532810911970848,1.8232517282737517
oahudf,markov_order_2,30,nearest,,5.0,183.0,0.6611944421504891,1.6405098094716717,1.6117865956080026,1.796586853959644
oahudf,vq_ctw,30,linear,256.0,5.0,992.0,0.9999999999980905,0.0504774451341838,4.346525993021071,4.346525993021071
oahudf,vq_ctw,30,linear,512.0,5.0,992.0,0.9909829654779244,0.08849556380409963,4.466271319910982,4.466271319910982
oahudf,vq_ctw,30,linear,1024.0,5.0,992.0,0.9896100475006491,0.09983501519745049,4.220632733451348,4.220632733451348
oahudf,vq_ctw,30,nearest,256.0,5.0,183.0,0.8502924238155077,1.0466349375286241,4.341751775129056,4.341751775129056
oahudf,vq_ctw,30,nearest,512.0,5.0,183.0,0.8938631466923921,0.7799226506045114,4.449196202934422,4.449196202934422
oahudf,vq_ctw,30,nearest,1024.0,5.0,183.0,0.8586754242658485,1.0584825103241953,4.593018583930045,4.593018583930045
oakpik,direct_ctw,30,linear,,5.0,994.0,0.8577485929701774,1.2244652323642726,1.7306173289477862,1.893018918160362
oakpik,direct_ctw,30,nearest,,5.0,160.0,0.8274777703537254,1.026515040335804,1.624560655763729,1.8124327784902394
oakpik,markov_order_1,30,linear,,5.0,994.0,0.7955893023748558,1.6422177881027007,1.7306173289477862,1.893018918160362
oakpik,markov_order_1,30,nearest,,5.0,160.0,0.651563515773584,1.6793316183790938,1.624560655763729,1.8124327784902394
oakpik,markov_order_2,30,linear,,5.0,994.0,0.7713958008384026,1.795014956343306,1.7306173289477862,1.893018918160362
oakpik,markov_order_2,30,nearest,,5.0,160.0,0.6554112516387778,1.6743327343128513,1.624560655763729,1.8124327784902394
oakpik,vq_ctw,30,linear,256.0,5.0,994.0,0.9956710409887001,0.047083033054172996,3.604920689679955,3.604920689679955
oakpik,vq_ctw,30,linear,512.0,5.0,994.0,0.992899146744927,0.07737999091816754,3.544493720310184,3.544493720310184
oakpik,vq_ctw,30,linear,1024.0,5.0,994.0,0.994439654167684,0.06256064321552797,3.5677546013201056,3.5677546013201056
oakpik,vq_ctw,30,nearest,256.0,5.0,160.0,0.8482684404664125,1.0033097153259354,4.336224289049439,4.336224289049439
oakpik,vq_ctw,30,nearest,512.0,5.0,160.0,0.8654529659430376,0.9343846954631723,4.488105036675444,4.488105036675444
oakpik,vq_ctw,30,nearest,1024.0,5.0,160.0,0.8697842454870504,1.0141466594941098,4.651180309615109,4.651180309615109
oapwyc,direct_ctw,30,linear,,5.0,1007.0,0.8449754936148033,1.2559295033480864,1.6192167804383557,1.7956909062603759
oapwyc,direct_ctw,30,nearest,,5.0,155.0,0.8206157046142232,1.018127828461111,1.736088629434035,1.8876897987174508
oapwyc,markov_order_1,30,linear,,5.0,1007.0,0.7956000034167573,1.5661186704090058,1.6192167804383557,1.7956909062603759
oapwyc,markov_order_1,30,nearest,,5.0,155.0,0.680764812497331,1.5405917494222507,1.736088629434035,1.8876897987174508
oapwyc,markov_order_2,30,linear,,5.0,1007.0,0.7770137729816187,1.677030817320937,1.6192167804383557,1.7956909062603759
oapwyc,markov_order_2,30,nearest,,5.0,155.0,0.673366220756613,1.5779309502373506,1.736088629434035,1.8876897987174508
oapwyc,vq_ctw,30,linear,256.0,5.0,1007.0,0.9999999999980905,0.03498658971122476,3.7846439199873356,3.7846439199873356
oapwyc,vq_ctw,30,linear,512.0,5.0,1007.0,0.9917927119521833,0.07686648207595104,3.859391880384587,3.859391880384587
oapwyc,vq_ctw,30,linear,1024.0,5.0,1007.0,0.9956018623187539,0.047734623622505634,3.857815299915705,3.857815299915705
oapwyc,vq_ctw,30,nearest,256.0,5.0,155.0,0.9017154310557152,0.7236514977654201,4.300426839931284,4.300426839931284
oapwyc,vq_ctw,30,nearest,512.0,5.0,155.0,0.8522040713627748,0.9600571812236737,4.368671614752586,4.368671614752586
oapwyc,vq_ctw,30,nearest,1024.0,5.0,155.0,0.8481234418350865,1.0294491336305378,4.411343231685051,4.411343231685051
oasthu,direct_ctw,30,linear,,5.0,973.0,0.8610588762669122,1.2883167825526969,1.7076239381650902,1.845600576153213
oasthu,direct_ctw,30,nearest,,5.0,34.0,0.8225047969602117,1.1333851540571114,1.74053706497794,1.8418600100012354
oasthu,markov_order_1,30,linear,,5.0,973.0,0.7456199804723473,2.1122956658471694,1.7076239381650902,1.845600576153213
oasthu,markov_order_1,30,nearest,,5.0,34.0,0.5577961779198385,2.133420366429138,1.74053706497794,1.8418600100012354
oasthu,markov_order_2,30,linear,,5.0,973.0,0.7059339255788901,2.369966127409926,1.7076239381650902,1.845600576153213
oasthu,markov_order_2,30,nearest,,5.0,34.0,0.586633089231154,2.046772590513041,1.74053706497794,1.8418600100012354
oasthu,vq_ctw,30,linear,256.0,5.0,973.0,0.9716665859150114,0.23087128955775374,6.035750276534023,6.035750276534023
oasthu,vq_ctw,30,linear,512.0,5.0,973.0,0.9734568955600106,0.2453606916298297,6.2257324201516955,6.2257324201516955
oasthu,vq_ctw,30,linear,1024.0,5.0,973.0,0.9756156925859196,0.22842795955312475,6.339565343849047,6.339565343849047
oasthu,vq_ctw,30,nearest,256.0,5.0,34.0,0.8294033096747404,1.0002613157833682,8.78007624373645,8.78007624373645
oasthu,vq_ctw,30,nearest,512.0,5.0,34.0,0.8581513856763308,0.9557331152767548,10.314688594812393,10.314688594812393
oasthu,vq_ctw,30,nearest,1024.0,5.0,34.0,0.881950769281648,0.8288801561316613,10.795673728616023,10.795673728616023
obacva,direct_ctw,30,linear,,5.0,1007.0,0.8449072556097612,1.281262242873447,1.6544618733331133,1.7985844961623139
obacva,direct_ctw,30,nearest,,5.0,144.0,0.8511826771756357,0.913710331609668,1.4792437986374596,1.6399915610612104
obacva,markov_order_1,30,linear,,5.0,1007.0,0.7765135445801132,1.7158370259958793,1.6544618733331133,1.7985844961623139
obacva,markov_order_1,30,nearest,,5.0,144.0,0.7286670866940034,1.415318933236976,1.4792437986374596,1.6399915610612104
obacva,markov_order_2,30,linear,,5.0,1007.0,0.7601198844490027,1.813834201686218,1.6544618733331133,1.7985844961623139
obacva,markov_order_2,30,nearest,,5.0,144.0,0.7284837178497358,1.42142372188253,1.4792437986374596,1.6399915610612104
obacva,vq_ctw,30,linear,256.0,5.0,1007.0,0.9827514799534933,0.15303795659373257,4.408352289477565,4.408352289477565
obacva,vq_ctw,30,linear,512.0,5.0,1007.0,0.9876503265394855,0.1306655712689686,4.712803257663179,4.712803257663179
obacva,vq_ctw,30,linear,1024.0,5.0,1007.0,0.9857393612027698,0.13639126636061719,4.480333194827221,4.480333194827221
obacva,vq_ctw,30,nearest,256.0,5.0,144.0,0.8912299507250945,0.7816379763880626,4.343865754046702,4.343865754046702
obacva,vq_ctw,30,nearest,512.0,5.0,144.0,0.8795011874103682,0.8462528658877082,4.4805086372679375,4.4805086372679375
obacva,vq_ctw,30,nearest,1024.0,5.0,144.0,0.8701450429609268,0.9863139439095261,4.386570075660926,4.386570075660926
obceoo,direct_ctw,30,linear,,5.0,1007.0,0.8424892623436306,1.472193019260786,1.4977519090398765,1.6772001444888165
obceoo,direct_ctw,30,nearest,,5.0,93.0,0.8497164938241379,1.0322117676352474,1.4100389502604804,1.5945593982848125
obceoo,markov_order_1,30,linear,,5.0,1007.0,0.7284349694086791,2.298625177437119,1.4977519090398765,1.6772001444888165
obceoo,markov_order_1,30,nearest,,5.0,93.0,0.6851153252554999,1.7812999275566068,1.4100389502604804,1.5945593982848125
obceoo,markov_order_2,30,linear,,5.0,1007.0,0.6776051160701257,2.634214173433007,1.4977519090398765,1.6772001444888165
obceoo,markov_order_2,30,nearest,,5.0,93.0,0.6595032348229254,1.8786967963762284,1.4100389502604804,1.5945593982848125
obceoo,vq_ctw,30,linear,256.0,5.0,1007.0,0.9744138549712777,0.21230193321022756,5.507865256198885,5.507865256198885
obceoo,vq_ctw,30,linear,512.0,5.0,1007.0,0.9699449527242601,0.2790430270452248,5.58779385538587,5.58779385538587
obceoo,vq_ctw,30,linear,1024.0,5.0,1007.0,0.9730622350752671,0.2544182366971603,5.605451205023446,5.605451205023446
obceoo,vq_ctw,30,nearest,256.0,5.0,93.0,0.8541860875424915,1.0708170203001453,5.048735853715075,5.048735853715075
obceoo,vq_ctw,30,nearest,512.0,5.0,93.0,0.8466961622961637,1.117697096379528,5.021657203169243,5.021657203169243
obceoo,vq_ctw,30,nearest,1024.0,5.0,93.0,0.8624934391126984,1.0690123437495962,5.193148671349364,5.193148671349364
obheuj,direct_ctw,30,linear,,5.0,1007.0,0.8310393470449271,1.3855574541335327,1.6055427803424744,1.77042634351307
obheuj,direct_ctw,30,nearest,,5.0,81.0,0.8087913783391752,1.1166025181913866,1.6101359775925217,1.7763969128093455
obheuj,markov_order_1,30,linear,,5.0,1007.0,0.7654512698931433,1.7995596168785595,1.6055427803424744,1.77042634351307
obheuj,markov_order_1,30,nearest,,5.0,81.0,0.6490101378873735,1.6947717187583313,1.6101359775925217,1.7763969128093455
obheuj,markov_order_2,30,linear,,5.0,1007.0,0.7380744896940782,1.9616613371732823,1.6055427803424744,1.77042634351307
obheuj,markov_order_2,30,nearest,,5.0,81.0,0.6612778589777285,1.6568740814801666,1.6101359775925217,1.7763969128093455
obheuj,vq_ctw,30,linear,256.0,5.0,1007.0,0.9930459582236979,0.06679774118685175,3.9228173829674824,3.9228173829674824
obheuj,vq_ctw,30,linear,512.0,5.0,1007.0,0.9898734322331827,0.09768126651338851,4.064695241995074,4.064695241995074
obheuj,vq_ctw,30,linear,1024.0,5.0,1007.0,0.9902625459061909,0.09448105837585027,3.9204271539226268,3.9204271539226268
obheuj,vq_ctw,30,nearest,256.0,5.0,81.0,0.8639221656902165,0.9072225406609391,4.171236879879958,4.171236879879958
obheuj,vq_ctw,30,nearest,512.0,5.0,81.0,0.8969224635719282,0.7087736212136075,4.239863513298612,4.239863513298612
obheuj,vq_ctw,30,nearest,1024.0,5.0,81.0,0.8497136530152537,1.0280678252978097,4.484050628305181,4.484050628305181
oblyag,direct_ctw,30,linear,,5.0,1007.0,0.8633684550288316,1.2017991997611248,1.5446809406910575,1.7303670220362963
oblyag,direct_ctw,30,nearest,,5.0,356.0,0.8494556526994909,0.9613818818473747,1.5299903442476108,1.7176516523588006
oblyag,markov_order_1,30,linear,,5.0,1007.0,0.8045095488772225,1.609133178197022,1.5446809406910575,1.7303670220362963
oblyag,markov_order_1,30,nearest,,5.0,356.0,0.6919140366485605,1.6253852589399176,1.5299903442476108,1.7176516523588006
oblyag,markov_order_2,30,linear,,5.0,1007.0,0.7764892871486081,1.7913145840530578,1.5446809406910575,1.7303670220362963
oblyag,markov_order_2,30,nearest,,5.0,356.0,0.6785556565820438,1.6743570356036364,1.5299903442476108,1.7176516523588006
oblyag,vq_ctw,30,linear,256.0,5.0,1007.0,0.9999999999980905,0.057981222690278375,3.8487848088746084,3.8487848088746084
oblyag,vq_ctw,30,linear,512.0,5.0,1007.0,0.9880881662820017,0.10512823175417862,3.9258862002184403,3.9258862002184403
oblyag,vq_ctw,30,linear,1024.0,5.0,1007.0,0.9935015132349825,0.06686059194594628,4.007522438662339,4.007522438662339
oblyag,vq_ctw,30,nearest,256.0,5.0,356.0,0.8909198346988931,0.7935243616427609,4.2996593552010856,4.2996593552010856
oblyag,vq_ctw,30,nearest,512.0,5.0,356.0,0.890898856692254,0.7680137885683229,4.387930790922121,4.387930790922121
oblyag,vq_ctw,30,nearest,1024.0,5.0,356.0,0.8572321149590768,1.016538043313681,4.4456256653304225,4.4456256653304225
obsimj,direct_ctw,30,linear,,5.0,1007.0,0.8336613436688516,1.368163958148998,1.6037041623623673,1.7762394522625973
obsimj,direct_ctw,30,nearest,,5.0,197.0,0.8209595964014905,1.0447401409914516,1.5515774612934563,1.7318873940060504
obsimj,markov_order_1,30,linear,,5.0,1007.0,0.7616028318874895,1.822700069088565,1.6037041623623673,1.7762394522625973
obsimj,markov_order_1,30,nearest,,5.0,197.0,0.6588052272717224,1.6185725220051161,1.5515774612934563,1.7318873940060504
obsimj,markov_order_2,30,linear,,5.0,1007.0,0.7368638711627492,1.9686974826192707,1.6037041623623673,1.7762394522625973
obsimj,markov_order_2,30,nearest,,5.0,197.0,0.6705818642708926,1.591114987623142,1.5515774612934563,1.7318873940060504
obsimj,vq_ctw,30,linear,256.0,5.0,1007.0,0.9891073836178516,0.09754680709397198,4.258619984343192,4.258619984343192
obsimj,vq_ctw,30,linear,512.0,5.0,1007.0,0.9907714702120946,0.09026114404173426,4.541023500497204,4.541023500497204
obsimj,vq_ctw,30,linear,1024.0,5.0,1007.0,0.986926106225773,0.12126497539673785,4.334320763576595,4.334320763576595
obsimj,vq_ctw,30,nearest,256.0,5.0,197.0,0.8787712257164388,0.8936779633112881,4.258932978499789,4.258932978499789
obsimj,vq_ctw,30,nearest,512.0,5.0,197.0,0.8874184897297343,0.8405374730293683,4.359543753102871,4.359543753102871
obsimj,vq_ctw,30,nearest,1024.0,5.0,197.0,0.8682400845172944,1.0223047978981743,4.475062755327947,4.475062755327947
occeyd,direct_ctw,30,linear,,5.0,1007.0,0.8107393699168066,1.5788213388961228,1.525664529044593,1.6935518935512426
occeyd,direct_ctw,30,nearest,,5.0,35.0,0.8279364331386012,1.061922875818961,1.538723195481205,1.72988357180296
occeyd,markov_order_1,30,linear,,5.0,1007.0,0.7077641034261825,2.228693491232041,1.525664529044593,1.6935518935512426
occeyd,markov_order_1,30,nearest,,5.0,35.0,0.5963927286791549,1.9101687040323274,1.538723195481205,1.72988357180296
occeyd,markov_order_2,30,linear,,5.0,1007.0,0.6710995806785137,2.441165237798508,1.525664529044593,1.6935518935512426
occeyd,markov_order_2,30,nearest,,5.0,35.0,0.6083183981243216,1.8753326910513188,1.538723195481205,1.72988357180296
occeyd,vq_ctw,30,linear,256.0,5.0,1007.0,0.9676035791044084,0.2386673869589192,5.205005409062018,5.205005409062018
occeyd,vq_ctw,30,linear,512.0,5.0,1007.0,0.9637806315431409,0.28208746365866216,5.658454749846397,5.658454749846397
occeyd,vq_ctw,30,linear,1024.0,5.0,1007.0,0.9694013320831507,0.2585826559797258,5.341077124942472,5.341077124942472
occeyd,vq_ctw,30,nearest,256.0,5.0,35.0,0.8712972001223384,0.9151842846627569,4.744574064114664,4.744574064114664
occeyd,vq_ctw,30,nearest,512.0,5.0,35.0,0.8500659855774122,1.12836162140777,4.25543990219084,4.25543990219084
occeyd,vq_ctw,30,nearest,1024.0,5.0,35.0,0.8691370872249429,0.994517172933054,4.605373326575676,4.605373326575676
occrok,direct_ctw,30,linear,,5.0,1007.0,0.8479669157525085,1.3026358757242975,1.5481711680364503,1.7398992537280695
occrok,direct_ctw,30,nearest,,5.0,107.0,0.824417323302634,1.0105337921906792,1.5185770460719334,1.724577803043829
occrok,markov_order_1,30,linear,,5.0,1007.0,0.7802559365221748,1.7537257805470885,1.5481711680364503,1.7398992537280695
occrok,markov_order_1,30,nearest,,5.0,107.0,0.6872817569900319,1.5135992826474287,1.5185770460719334,1.724577803043829
occrok,markov_order_2,30,linear,,5.0,1007.0,0.7494098972815223,1.9457719313646216,1.5481711680364503,1.7398992537280695
occrok,markov_order_2,30,nearest,,5.0,107.0,0.6675524354836094,1.5738026647900865,1.5185770460719334,1.724577803043829
occrok,vq_ctw,30,linear,256.0,5.0,1007.0,0.9928849658162254,0.07227043688176403,4.1190824979368,4.1190824979368
occrok,vq_ctw,30,linear,512.0,5.0,1007.0,0.9894829663089,0.1086213784840825,4.261158494635462,4.261158494635462
occrok,vq_ctw,30,linear,1024.0,5.0,1007.0,0.9924820481964316,0.07888363521512354,4.167654953417478,4.167654953417478
occrok,vq_ctw,30,nearest,256.0,5.0,107.0,0.8809559158731148,0.8658882410581853,4.097553074324957,4.097553074324957
occrok,vq_ctw,30,nearest,512.0,5.0,107.0,0.8790974300910174,0.891996934292794,4.182739197182152,4.182739197182152
occrok,vq_ctw,30,nearest,1024.0,5.0,107.0,0.8589194891667953,1.017927288391917,4.249163855177965,4.249163855177965
ochotc,direct_ctw,30,linear,,5.0,1007.0,0.8954698837179698,1.0149864804256803,1.640860721343352,1.794509447759956
ochotc,direct_ctw,30,nearest,,5.0,110.0,0.8731672158266829,0.8586930013270626,1.521761888442493,1.6783993851017316
ochotc,markov_order_1,30,linear,,5.0,1007.0,0.8092957633192054,1.6731430638259879,1.640860721343352,1.794509447759956
ochotc,markov_order_1,30,nearest,,5.0,110.0,0.7208908809736101,1.5373759432038365,1.521761888442493,1.6783993851017316
ochotc,markov_order_2,30,linear,,5.0,1007.0,0.7793136793474202,1.884152181510583,1.640860721343352,1.794509447759956
ochotc,markov_order_2,30,nearest,,5.0,110.0,0.7037114260417822,1.6023079100059519,1.521761888442493,1.6783993851017316
ochotc,vq_ctw,30,linear,256.0,5.0,1007.0,0.9806173068054187,0.16868121771987438,4.72612363180756,4.72612363180756
ochotc,vq_ctw,30,linear,512.0,5.0,1007.0,0.979036075003884,0.20100999121042268,4.570879615745266,4.570879615745266
ochotc,vq_ctw,30,linear,1024.0,5.0,1007.0,0.9759097760242671,0.23145741874646358,4.962979594772668,4.962979594772668
ochotc,vq_ctw,30,nearest,256.0,5.0,110.0,0.8934632378707138,0.7761429627869536,4.865419306131639,4.865419306131639
ochotc,vq_ctw,30,nearest,512.0,5.0,110.0,0.8926472521278648,0.8058409695286743,4.590809911524749,4.590809911524749
ochotc,vq_ctw,30,nearest,1024.0,5.0,110.0,0.8841502925071761,0.8834612749859828,4.563014940028989,4.563014940028989
ochtin,direct_ctw,30,linear,,5.0,1007.0,0.8422449796773865,1.4314845012136328,1.5547563001985214,1.7214934478699802
ochtin,direct_ctw,30,nearest,,5.0,41.0,0.8640258381485177,0.8893198375753123,1.192843193385668,1.361488319077075
ochtin,markov_order_1,30,linear,,5.0,1007.0,0.7220858252544636,2.2664711736998524,1.5547563001985214,1.7214934478699802
ochtin,markov_order_1,30,nearest,,5.0,41.0,0.7549727446161699,1.3722366195063602,1.192843193385668,1.361488319077075
ochtin,markov_order_2,30,linear,,5.0,1007.0,0.6861218488771471,2.4944429429562294,1.5547563001985214,1.7214934478699802
ochtin,markov_order_2,30,nearest,,5.0,41.0,0.7256425529481055,1.4846863061906437,1.192843193385668,1.361488319077075
ochtin,vq_ctw,30,linear,256.0,5.0,1007.0,0.9524817563351508,0.3707960858504523,5.737384162514703,5.737384162514703
ochtin,vq_ctw,30,linear,512.0,5.0,1007.0,0.9523327836641378,0.3996215391460264,6.36163340589413,6.36163340589413
ochtin,vq_ctw,30,linear,1024.0,5.0,1007.0,0.9493012965822454,0.4070763612290763,5.803790869074945,5.803790869074945
ochtin,vq_ctw,30,nearest,256.0,5.0,41.0,0.8549757852153739,1.032319672905535,4.960436307565683,4.960436307565683
ochtin,vq_ctw,30,nearest,512.0,5.0,41.0,0.8496887332287142,1.061552502400602,4.601907662106466,4.601907662106466
ochtin,vq_ctw,30,nearest,1024.0,5.0,41.0,0.8643387046169653,1.0591030193499205,4.978589470047424,4.978589470047424
ocjeng,direct_ctw,30,linear,,5.0,1007.0,0.8211156265454465,1.4375182300904061,1.5571278830763433,1.7171917179411755
ocjeng,direct_ctw,30,nearest,,5.0,342.0,0.8356548323184966,1.0611803892826464,1.5150305884552562,1.6835369305077394
ocjeng,markov_order_1,30,linear,,5.0,1007.0,0.7522286142624992,1.8602415949605842,1.5571278830763433,1.7171917179411755
ocjeng,markov_order_1,30,nearest,,5.0,342.0,0.6482527676224058,1.8287941229090956,1.5150305884552562,1.6835369305077394
ocjeng,markov_order_2,30,linear,,5.0,1007.0,0.7258538221935881,2.011904517864367,1.5571278830763433,1.7171917179411755
ocjeng,markov_order_2,30,nearest,,5.0,342.0,0.6366281394419531,1.873124334011782,1.5150305884552562,1.6835369305077394
ocjeng,vq_ctw,30,linear,256.0,5.0,1007.0,0.9999999999980905,0.05513112827396186,4.2361970690394575,4.2361970690394575
ocjeng,vq_ctw,30,linear,512.0,5.0,1007.0,0.9958616641805834,0.04285842379931769,4.485365788067418,4.485365788067418
ocjeng,vq_ctw,30,linear,1024.0,5.0,1007.0,0.99234489202983,0.07246723614993612,4.20444571297083,4.20444571297083
ocjeng,vq_ctw,30,nearest,256.0,5.0,342.0,0.8634062490448692,0.9850770146993726,4.47474172661414,4.47474172661414
ocjeng,vq_ctw,30,nearest,512.0,5.0,342.0,0.8679642925400562,0.9884987277415478,4.379831648161018,4.379831648161018
ocjeng,vq_ctw,30,nearest,1024.0,5.0,342.0,0.8686787846240798,1.027315870311875,4.40698134008321,4.40698134008321
ockiho,direct_ctw,30,linear,,5.0,1007.0,0.8472089227864094,1.3263209153734756,1.7108816395158908,1.871796422218583
ockiho,direct_ctw,30,nearest,,5.0,345.0,0.8429395629944966,0.9926526492199785,1.6171916950594594,1.7819288186286406
ockiho,markov_order_1,30,linear,,5.0,1007.0,0.7646912704216611,1.8798913324261322,1.7108816395158908,1.871796422218583
ockiho,markov_order_1,30,nearest,,5.0,345.0,0.670685925503912,1.6921207269099532,1.6171916950594594,1.7819288186286406
ockiho,markov_order_2,30,linear,,5.0,1007.0,0.7315130118217811,2.0861001334525926,1.7108816395158908,1.871796422218583
ockiho,markov_order_2,30,nearest,,5.0,345.0,0.6825971980705458,1.656516087584253,1.6171916950594594,1.7819288186286406
ockiho,vq_ctw,30,linear,256.0,5.0,1007.0,0.9987752755831963,0.014837705810724895,6.373390733267197,6.373390733267197
ockiho,vq_ctw,30,linear,512.0,5.0,1007.0,0.9610636650167963,0.2991065195330123,4.634071236993897,4.634071236993897
ockiho,vq_ctw,30,linear,1024.0,5.0,1007.0,0.9843539460843521,0.14753300752612272,5.565860654628038,5.565860654628038
ockiho,vq_ctw,30,nearest,256.0,5.0,345.0,0.8714405950725047,0.9021372828083193,4.716376286507014,4.716376286507014
ockiho,vq_ctw,30,nearest,512.0,5.0,345.0,0.8771139952607261,0.8875786798744203,4.7709990147361365,4.7709990147361365
ockiho,vq_ctw,30,nearest,1024.0,5.0,345.0,0.8709529799592443,0.9967062788299683,4.220095026514821,4.220095026514821
ockoac,direct_ctw,30,linear,,5.0,435.0,0.8411770256054749,1.2361817186462796,1.6191037861934159,1.7655988735175645
ockoac,direct_ctw,30,nearest,,5.0,41.0,0.842740706807714,0.9928571817039159,1.5913973228261742,1.8036921172983904
ockoac,markov_order_1,30,linear,,5.0,435.0,0.7436571097345807,1.7971658115911033,1.6191037861934159,1.7655988735175645
ockoac,markov_order_1,30,nearest,,5.0,41.0,0.6707239549137962,1.6787403010816788,1.5913973228261742,1.8036921172983904
ockoac,markov_order_2,30,linear,,5.0,435.0,0.7230165663054409,1.9058821355548015,1.6191037861934159,1.7655988735175645
ockoac,markov_order_2,30,nearest,,5.0,41.0,0.6788843101818262,1.651198146952675,1.5913973228261742,1.8036921172983904
ockoac,vq_ctw,30,linear,256.0,5.0,435.0,0.9917818395178243,0.08175986417773232,4.746714107958565,4.746714107958565
ockoac,vq_ctw,30,linear,512.0,5.0,435.0,0.9906921595965476,0.09478451002321246,4.850188252639717,4.850188252639717
ockoac,vq_ctw,30,linear,1024.0,5.0,435.0,0.9892795217446512,0.10252404472165884,4.5223251780390985,4.5223251780390985
ockoac,vq_ctw,30,nearest,256.0,5.0,41.0,0.8636164702467799,1.007014231505127,4.005883635731572,4.005883635731572
ockoac,vq_ctw,30,nearest,512.0,5.0,41.0,0.8875434926295819,0.8229866791440159,4.436845133372333,4.436845133372333
ockoac,vq_ctw,30,nearest,1024.0,5.0,41.0,0.867113457933731,1.0416949964604825,4.283183566151853,4.283183566151853
ockolr,direct_ctw,30,linear,,5.0,831.0,0.8037076441972496,1.4996199639495111,1.6826800780374926,1.8335374760633898
ockolr,direct_ctw,30,nearest,,5.0,212.0,0.8439838677567286,1.0568318207109397,1.7369682427881283,1.8867639910159995
ockolr,markov_order_1,30,linear,,5.0,831.0,0.7144815240167448,2.004935490551079,1.6826800780374926,1.8335374760633898
ockolr,markov_order_1,30,nearest,,5.0,212.0,0.6107183611770538,2.0663733389460615,1.7369682427881283,1.8867639910159995
ockolr,markov_order_2,30,linear,,5.0,831.0,0.693355301714814,2.115841090104143,1.6826800780374926,1.8335374760633898
ockolr,markov_order_2,30,nearest,,5.0,212.0,0.5984499662087629,2.109506237843778,1.7369682427881283,1.8867639910159995
ockolr,vq_ctw,30,linear,256.0,5.0,831.0,0.9908196250316185,0.08985976992167999,4.49338200485605,4.49338200485605
ockolr,vq_ctw,30,linear,512.0,5.0,831.0,0.9944596018166637,0.06058140484183909,4.735084606409731,4.735084606409731
ockolr,vq_ctw,30,linear,1024.0,5.0,831.0,0.9938268596587605,0.06653418408885968,4.658809918242717,4.658809918242717
ockolr,vq_ctw,30,nearest,256.0,5.0,212.0,0.8582946294776954,1.049919181454984,5.045525622387763,5.045525622387763
ockolr,vq_ctw,30,nearest,512.0,5.0,212.0,0.8557261018976506,1.0436970236263845,5.073625819661162,5.073625819661162
ockolr,vq_ctw,30,nearest,1024.0,5.0,212.0,0.8704847822165426,1.023313630475771,5.392482711423062,5.392482711423062
ocshit,direct_ctw,30,linear,,5.0,1007.0,0.7993376870866467,1.6309591493712794,1.6406295537586515,1.792987687454412
ocshit,direct_ctw,30,nearest,,5.0,74.0,0.8339454653804634,1.0927555755305771,1.7105042082022144,1.880674370216994
ocshit,markov_order_1,30,linear,,5.0,1007.0,0.6956450473804304,2.263317876846686,1.6406295537586515,1.792987687454412
ocshit,markov_order_1,30,nearest,,5.0,74.0,0.5793426309842792,2.1151485736049453,1.7105042082022144,1.880674370216994
ocshit,markov_order_2,30,linear,,5.0,1007.0,0.6597608604348794,2.464140189080383,1.6406295537586515,1.792987687454412
ocshit,markov_order_2,30,nearest,,5.0,74.0,0.5791675748154071,2.1158126156684642,1.7105042082022144,1.880674370216994
ocshit,vq_ctw,30,linear,256.0,5.0,1007.0,0.9852117652180213,0.13451886253090722,5.152360720892107,5.152360720892107
ocshit,vq_ctw,30,linear,512.0,5.0,1007.0,0.9816884134770051,0.17437084017740237,5.243539047544694,5.243539047544694
ocshit,vq_ctw,30,linear,1024.0,5.0,1007.0,0.9862065395854468,0.1325906155153037,5.237141063381204,5.237141063381204
ocshit,vq_ctw,30,nearest,256.0,5.0,74.0,0.8604124155866852,1.0013957227508832,4.5969921911487095,4.5969921911487095
ocshit,vq_ctw,30,nearest,512.0,5.0,74.0,0.848073687787554,1.0702389040142628,4.758247781995882,4.758247781995882
ocshit,vq_ctw,30,nearest,1024.0,5.0,74.0,0.8655301001508696,1.0252127973975007,4.7255219710856515,4.7255219710856515
ocwyit,direct_ctw,30,linear,,5.0,1005.0,0.861249011183832,1.2407037366401295,1.6692026930524704,1.812644442315649
ocwyit,markov_order_1,30,linear,,5.0,1005.0,0.7670181714633262,1.890975578856979,1.6692026930524704,1.812644442315649
ocwyit,markov_order_2,30,linear,,5.0,1005.0,0.7401609020884933,2.0620091511936915,1.6692026930524704,1.812644442315649
ocwyit,vq_ctw,30,linear,256.0,5.0,1005.0,0.9612497457992374,0.2752827684795965,5.642836953337423,5.642836953337423
ocwyit,vq_ctw,30,linear,512.0,5.0,1005.0,0.9659444977869274,0.2934134156583512,5.716457199155328,5.716457199155328
ocwyit,vq_ctw,30,linear,1024.0,5.0,1005.0,0.9725004335332059,0.23669210245823047,5.8703317560159824,5.8703317560159824
odklob,direct_ctw,30,linear,,5.0,1007.0,0.8150827305501545,1.6392098651217577,1.7165427749981361,1.8445512104573705
odklob,direct_ctw,30,nearest,,5.0,70.0,0.8190099395489193,1.097331505508617,1.6870015697132332,1.8436194989564345
odklob,markov_order_1,30,linear,,5.0,1007.0,0.6801543996549333,2.5447920807679414,1.7165427749981361,1.8445512104573705
odklob,markov_order_1,30,nearest,,5.0,70.0,0.6089206038922155,1.860800696079219,1.6870015697132332,1.8436194989564345
odklob,markov_order_2,30,linear,,5.0,1007.0,0.6320153569974623,2.836609449328681,1.7165427749981361,1.8445512104573705
odklob,markov_order_2,30,nearest,,5.0,70.0,0.6362204683825443,1.7927924117547394,1.6870015697132332,1.8436194989564345
odklob,vq_ctw,30,linear,256.0,5.0,1007.0,0.9347070002686851,0.478693280197041,5.892706101203412,5.892706101203412
odklob,vq_ctw,30,linear,512.0,5.0,1007.0,0.9383615532124495,0.5188302353331874,6.040049917570581,6.040049917570581
odklob,vq_ctw,30,linear,1024.0,5.0,1007.0,0.9428265583983614,0.476626958661912,5.978093169427212,5.978093169427212
odklob,vq_ctw,30,nearest,256.0,5.0,70.0,0.8491083053033469,1.073432536094807,4.715789300893945,4.715789300893945
odklob,vq_ctw,30,nearest,512.0,5.0,70.0,0.8472716557428813,1.056901766198451,5.520402131199801,5.520402131199801
odklob,vq_ctw,30,nearest,1024.0,5.0,70.0,0.8522557982336337,1.0393122254112548,6.068190625841298,6.068190625841298
odlorh,direct_ctw,30,linear,,5.0,1007.0,0.8303680274396116,1.4133243769075057,1.564958351253745,1.7381878828450417
odlorh,direct_ctw,30,nearest,,5.0,76.0,0.8555107827775275,0.9786062495542119,1.674252514939902,1.8568832820448269
odlorh,markov_order_1,30,linear,,5.0,1007.0,0.7609218641295468,1.8596564861485783,1.564958351253745,1.7381878828450417
odlorh,markov_order_1,30,nearest,,5.0,76.0,0.6898491526643723,1.7180990592678624,1.674252514939902,1.8568832820448269
odlorh,markov_order_2,30,linear,,5.0,1007.0,0.7304647114065057,2.042771202175941,1.564958351253745,1.7381878828450417
odlorh,markov_order_2,30,nearest,,5.0,76.0,0.663240472898388,1.8127431993113172,1.674252514939902,1.8568832820448269
odlorh,vq_ctw,30,linear,256.0,5.0,1007.0,0.9978769811558824,0.024034334675713944,4.113183407104346,4.113183407104346
odlorh,vq_ctw,30,linear,512.0,5.0,1007.0,0.9897037971522178,0.09906953449034765,3.95436259260985,3.95436259260985
odlorh,vq_ctw,30,linear,1024.0,5.0,1007.0,0.9938109656203906,0.060493424998392574,4.069093891559129,4.069093891559129
odlorh,vq_ctw,30,nearest,256.0,5.0,76.0,0.8409952423589739,1.0917813405573558,5.02161915824238,5.02161915824238
odlorh,vq_ctw,30,nearest,512.0,5.0,76.0,0.8804751726091079,0.8931672604900961,4.414566290186437,4.414566290186437
odlorh,vq_ctw,30,nearest,1024.0,5.0,76.0,0.866230390352111,1.022167200690732,4.5264002104646535,4.5264002104646535
odocje,direct_ctw,30,linear,,5.0,1007.0,0.8170578664278789,1.4771339576891673,1.6751829976664974,1.850367491778121
odocje,direct_ctw,30,nearest,,5.0,187.0,0.8278417892716082,1.0709878602763747,1.8050384821152596,1.9528976057878609
odocje,markov_order_1,30,linear,,5.0,1007.0,0.7254214493436887,2.0346668700089365,1.6751829976664974,1.850367491778121
odocje,markov_order_1,30,nearest,,5.0,187.0,0.5906102720765766,1.962130181741224,1.8050384821152596,1.9528976057878609
odocje,markov_order_2,30,linear,,5.0,1007.0,0.703101292659588,2.160641663991889,1.6751829976664974,1.850367491778121
odocje,markov_order_2,30,nearest,,5.0,187.0,0.602926876653156,1.927394390424759,1.8050384821152596,1.9528976057878609
odocje,vq_ctw,30,linear,256.0,5.0,1007.0,0.9999999999980905,0.09134383658876451,4.628722593631729,4.628722593631729
odocje,vq_ctw,30,linear,512.0,5.0,1007.0,0.9846572503728878,0.12976697679476998,4.558252251524028,4.558252251524028
odocje,vq_ctw,30,linear,1024.0,5.0,1007.0,0.9869681956178549,0.1263442923323763,4.467568814954291,4.467568814954291
odocje,vq_ctw,30,nearest,256.0,5.0,187.0,0.8583258434988795,1.0087505919609965,5.025116014592375,5.025116014592375
odocje,vq_ctw,30,nearest,512.0,5.0,187.0,0.8658103492652421,0.9671818300923988,5.053448525224342,5.053448525224342
odocje,vq_ctw,30,nearest,1024.0,5.0,187.0,0.8607212002269862,1.0411588457577488,5.109797656523365,5.109797656523365
odolfe,direct_ctw,30,linear,,5.0,1007.0,0.8566793945494424,1.2016850908196857,1.671258720584064,1.8108748158183223
odolfe,direct_ctw,30,nearest,,5.0,80.0,0.835174703539872,1.0910346629435046,1.6007986791288638,1.789358242019642
odolfe,markov_order_1,30,linear,,5.0,1007.0,0.7731442403450268,1.7361566119980365,1.671258720584064,1.8108748158183223
odolfe,markov_order_1,30,nearest,,5.0,80.0,0.6052733177040577,2.034360015873081,1.6007986791288638,1.789358242019642
odolfe,markov_order_2,30,linear,,5.0,1007.0,0.7629237354262131,1.7972270959627854,1.671258720584064,1.8108748158183223
odolfe,markov_order_2,30,nearest,,5.0,80.0,0.6088684070984168,2.0231276860420886,1.6007986791288638,1.789358242019642
odolfe,vq_ctw,30,linear,256.0,5.0,1007.0,0.9832877409052683,0.13927196877976253,4.632724040635913,4.632724040635913
odolfe,vq_ctw,30,linear,512.0,5.0,1007.0,0.9838262614784399,0.14501584608977133,4.811687487590329,4.811687487590329
odolfe,vq_ctw,30,linear,1024.0,5.0,1007.0,0.9839227992333106,0.1509629069985993,4.4192041142166065,4.4192041142166065
odolfe,vq_ctw,30,nearest,256.0,5.0,80.0,0.8515476555920276,1.075952546101993,4.418065108634697,4.418065108634697
odolfe,vq_ctw,30,nearest,512.0,5.0,80.0,0.8789766118985123,0.9166408090820284,4.979937757799039,4.979937757799039
odolfe,vq_ctw,30,nearest,1024.0,5.0,80.0,0.8760535444700264,1.0056425322124465,4.796658447263232,4.796658447263232
odoywu,direct_ctw,30,linear,,5.0,1007.0,0.8780935317619593,1.0224421069855576,1.5194384346035346,1.6613749316596245
odoywu,direct_ctw,30,nearest,,5.0,32.0,0.8481794682440835,1.0698390920611567,1.7642880228714042,1.9207248067466074
odoywu,markov_order_1,30,linear,,5.0,1007.0,0.8140142288751208,1.4369411484558616,1.5194384346035346,1.6613749316596245
odoywu,markov_order_1,30,nearest,,5.0,32.0,0.5431236476869391,2.3652565720041507,1.7642880228714042,1.9207248067466074
odoywu,markov_order_2,30,linear,,5.0,1007.0,0.8088560740573674,1.4684340440017762,1.5194384346035346,1.6613749316596245
odoywu,markov_order_2,30,nearest,,5.0,32.0,0.5423519043833102,2.367762602804007,1.7642880228714042,1.9207248067466074
odoywu,vq_ctw,30,linear,256.0,5.0,1007.0,0.9999999999980905,0.11287847756908327,3.891450886220522,3.891450886220522
odoywu,vq_ctw,30,linear,512.0,5.0,1007.0,0.9868059492427432,0.12768020190834498,4.172495063678251,4.172495063678251
odoywu,vq_ctw,30,linear,1024.0,5.0,1007.0,0.9999999999980905,0.09515673013973452,4.064907680978716,4.064907680978716
odoywu,vq_ctw,30,nearest,256.0,5.0,32.0,0.8645189442897375,0.9787238036964572,6.800522099815435,6.800522099815435
odoywu,vq_ctw,30,nearest,512.0,5.0,32.0,0.870871860358588,0.9424266661976853,8.096767673053476,8.096767673053476
odoywu,vq_ctw,30,nearest,1024.0,5.0,32.0,0.8664236016913439,0.9421618794857238,8.214966719101994,8.214966719101994
odscix,direct_ctw,30,linear,,5.0,1007.0,0.8415061545667859,1.4301995701598333,1.575390277394513,1.7303793127308682
odscix,markov_order_1,30,linear,,5.0,1007.0,0.7419569927437514,2.1254494897592155,1.575390277394513,1.7303793127308682
odscix,markov_order_2,30,linear,,5.0,1007.0,0.7024128092739873,2.379468546213681,1.575390277394513,1.7303793127308682
odscix,vq_ctw,30,linear,256.0,5.0,1007.0,0.9786629361323752,0.191557491063879,4.818909229067248,4.818909229067248
odscix,vq_ctw,30,linear,512.0,5.0,1007.0,0.9761233525050129,0.22971588305762505,5.0270330278219575,5.0270330278219575
odscix,vq_ctw,30,linear,1024.0,5.0,1007.0,0.9787069928124286,0.19122614504870458,4.972231616808128,4.972231616808128
ofikco,direct_ctw,30,linear,,5.0,1007.0,0.830498819500711,1.3633696282491192,1.526478501932432,1.7087168229406855
ofikco,direct_ctw,30,nearest,,5.0,110.0,0.8230248749662419,1.06567998936803,1.7934870107217473,1.9159241531344953
ofikco,markov_order_1,30,linear,,5.0,1007.0,0.7669298837130674,1.7552098380936907,1.526478501932432,1.7087168229406855
ofikco,markov_order_1,30,nearest,,5.0,110.0,0.6100403366639956,1.8275735695903563,1.7934870107217473,1.9159241531344953
ofikco,markov_order_2,30,linear,,5.0,1007.0,0.7496382486710454,1.8558407097775258,1.526478501932432,1.7087168229406855
ofikco,markov_order_2,30,nearest,,5.0,110.0,0.6271086607083507,1.779643984625569,1.7934870107217473,1.9159241531344953
ofikco,vq_ctw,30,linear,256.0,5.0,1007.0,0.9974905173284296,0.02780325526330357,4.144516501728535,4.144516501728535
ofikco,vq_ctw,30,linear,512.0,5.0,1007.0,0.9948682174134881,0.05455225313616881,4.308736036204438,4.308736036204438
ofikco,vq_ctw,30,linear,1024.0,5.0,1007.0,0.9966895924143571,0.03728857136445652,4.344759377861295,4.344759377861295
ofikco,vq_ctw,30,nearest,256.0,5.0,110.0,0.857303505872233,0.9918505752888288,4.684507908741093,4.684507908741093
ofikco,vq_ctw,30,nearest,512.0,5.0,110.0,0.8914682900104832,0.7517883933487503,4.180070709406897,4.180070709406897
ofikco,vq_ctw,30,nearest,1024.0,5.0,110.0,0.8542873004724765,1.0322815998731978,4.504448628363201,4.504448628363201
ofjeeq,direct_ctw,30,linear,,5.0,1007.0,0.8538162978649979,1.2952940947135445,1.4163393718220818,1.6003490487249883
ofjeeq,direct_ctw,30,nearest,,5.0,220.0,0.8267436978994652,1.075873946332572,1.4559956314752736,1.6494288624266993
ofjeeq,markov_order_1,30,linear,,5.0,1007.0,0.7789861909981359,1.812910170762759,1.4163393718220818,1.6003490487249883
ofjeeq,markov_order_1,30,nearest,,5.0,220.0,0.6427986632524355,1.7983769281482818,1.4559956314752736,1.6494288624266993
ofjeeq,markov_order_2,30,linear,,5.0,1007.0,0.743606812407474,2.040375485335869,1.4163393718220818,1.6003490487249883
ofjeeq,markov_order_2,30,nearest,,5.0,220.0,0.6438355576656845,1.7979292390671178,1.4559956314752736,1.6494288624266993
ofjeeq,vq_ctw,30,linear,256.0,5.0,1007.0,0.98744154721401,0.10987133306139871,4.531728456164094,4.531728456164094
ofjeeq,vq_ctw,30,linear,512.0,5.0,1007.0,0.9838007547359086,0.1571457004564409,4.67277056425522,4.67277056425522
ofjeeq,vq_ctw,30,linear,1024.0,5.0,1007.0,0.9851212154307479,0.14617567032115883,4.681794827260741,4.681794827260741
ofjeeq,vq_ctw,30,nearest,256.0,5.0,220.0,0.8627566987539488,1.0051352358829222,4.3474929886880975,4.3474929886880975
ofjeeq,vq_ctw,30,nearest,512.0,5.0,220.0,0.8539374409683527,1.066975983133081,4.183807428822918,4.183807428822918
ofjeeq,vq_ctw,30,nearest,1024.0,5.0,220.0,0.8682714998001667,1.0538317570546767,4.348601522894601,4.348601522894601
ofodwo,direct_ctw,30,linear,,5.0,1007.0,0.8290517670677913,1.3986953149086765,1.6334705832886052,1.813500970427118
ofodwo,direct_ctw,30,nearest,,5.0,274.0,0.8331766271232431,0.9576016596096029,1.5819515906001993,1.79786383698005
ofodwo,markov_order_1,30,linear,,5.0,1007.0,0.7717517083505321,1.761417866098,1.6334705832886052,1.813500970427118
ofodwo,markov_order_1,30,nearest,,5.0,274.0,0.686829309130307,1.475957344670666,1.5819515906001993,1.79786383698005
ofodwo,markov_order_2,30,linear,,5.0,1007.0,0.742281839192826,1.9371228472672632,1.6334705832886052,1.813500970427118
ofodwo,markov_order_2,30,nearest,,5.0,274.0,0.696442196779172,1.449778201835097,1.5819515906001993,1.79786383698005
ofodwo,vq_ctw,30,linear,256.0,5.0,1007.0,0.990374235871897,0.08792762375891294,3.7970931692982166,3.7970931692982166
ofodwo,vq_ctw,30,linear,512.0,5.0,1007.0,0.9914001413116416,0.08499160815711233,3.9976309004101607,3.9976309004101607
ofodwo,vq_ctw,30,linear,1024.0,5.0,1007.0,0.9914694548050822,0.084406612417061,3.9223108087480076,3.9223108087480076
ofodwo,vq_ctw,30,nearest,256.0,5.0,274.0,0.8758187977751903,0.8923533754190182,4.185562923135134,4.185562923135134
ofodwo,vq_ctw,30,nearest,512.0,5.0,274.0,0.8810492224177927,0.8410683244270025,4.39420788796958,4.39420788796958
ofodwo,vq_ctw,30,nearest,1024.0,5.0,274.0,0.8582826067777075,0.9945460985361001,4.657010416583189,4.657010416583189
ogawje,direct_ctw,30,linear,,5.0,963.0,0.840440813713259,1.3340885384771834,1.660083440167724,1.8141473270569672
ogawje,direct_ctw,30,nearest,,5.0,75.0,0.8532295648191666,0.9657543568774248,1.7692812671916394,1.9581801314603149
ogawje,markov_order_1,30,linear,,5.0,963.0,0.7612786303501938,1.8414475193912545,1.660083440167724,1.8141473270569672
ogawje,markov_order_1,30,nearest,,5.0,75.0,0.6998041351826281,1.6420274736463991,1.7692812671916394,1.9581801314603149
ogawje,markov_order_2,30,linear,,5.0,963.0,0.7378911126283827,1.9811774997892428,1.660083440167724,1.8141473270569672
ogawje,markov_order_2,30,nearest,,5.0,75.0,0.6804378889070629,1.7127041947682706,1.7692812671916394,1.9581801314603149
ogawje,vq_ctw,30,linear,256.0,5.0,963.0,0.9999999999980905,0.10710468139983555,4.853648101410955,4.853648101410955
ogawje,vq_ctw,30,linear,512.0,5.0,963.0,0.9829874801352506,0.1583459383839692,4.674939971426237,4.674939971426237
ogawje,vq_ctw,30,linear,1024.0,5.0,963.0,0.9852014276829623,0.13459786573652024,4.588690754968589,4.588690754968589
ogawje,vq_ctw,30,nearest,256.0,5.0,75.0,0.8562637018789397,1.0233070869670098,5.261004718811475,5.261004718811475
ogawje,vq_ctw,30,nearest,512.0,5.0,75.0,0.8680796797946495,0.9363121289395351,5.27323913683816,5.27323913683816
ogawje,vq_ctw,30,nearest,1024.0,5.0,75.0,0.8759605910163615,0.9721846328635148,5.107459343885483,5.107459343885483
ogdygd,direct_ctw,30,linear,,5.0,965.0,0.8449361757077363,1.2689732910434819,1.6125590058979666,1.7806849431283314
ogdygd,direct_ctw,30,nearest,,5.0,184.0,0.8158317609628769,1.1353793131552763,1.6954563491107317,1.8794652983897004
ogdygd,markov_order_1,30,linear,,5.0,965.0,0.7802699579909892,1.6759320568570124,1.6125590058979666,1.7806849431283314
ogdygd,markov_order_1,30,nearest,,5.0,184.0,0.6229613596712102,1.8782587627312668,1.6954563491107317,1.8794652983897004
ogdygd,markov_order_2,30,linear,,5.0,965.0,0.7590295378171781,1.8014791577896292,1.6125590058979666,1.7806849431283314
ogdygd,markov_order_2,30,nearest,,5.0,184.0,0.6263876851207741,1.8663242930479824,1.6954563491107317,1.8794652983897004
ogdygd,vq_ctw,30,linear,256.0,5.0,965.0,0.9999999999980905,0.038886782002987084,4.181031162653573,4.181031162653573
ogdygd,vq_ctw,30,linear,512.0,5.0,965.0,0.9915108268022952,0.07909120070345484,4.185938572500788,4.185938572500788
ogdygd,vq_ctw,30,linear,1024.0,5.0,965.0,0.992167118557443,0.07388969472367256,4.0329563166955165,4.0329563166955165
ogdygd,vq_ctw,30,nearest,256.0,5.0,184.0,0.8470214798754232,1.1030092984766586,4.552217496583095,4.552217496583095
ogdygd,vq_ctw,30,nearest,512.0,5.0,184.0,0.8849968592136352,0.892371052743552,4.558736491167552,4.558736491167552
ogdygd,vq_ctw,30,nearest,1024.0,5.0,184.0,0.8662838037385753,1.054643396003265,4.776477556810617,4.776477556810617
oggluv,direct_ctw,30,linear,,5.0,978.0,0.8524275684023678,1.3666702273091498,1.781765305290421,1.9440413527840579
oggluv,direct_ctw,30,nearest,,5.0,118.0,0.8297754403986881,1.1099865458569422,1.7079001706219332,1.8843333431151252
oggluv,markov_order_1,30,linear,,5.0,978.0,0.7307325678698294,2.232503911713833,1.781765305290421,1.9440413527840579
oggluv,markov_order_1,30,nearest,,5.0,118.0,0.5811281933948764,2.0928619027347866,1.7079001706219332,1.8843333431151252
oggluv,markov_order_2,30,linear,,5.0,978.0,0.6852622195143272,2.525737644320154,1.781765305290421,1.9440413527840579
oggluv,markov_order_2,30,nearest,,5.0,118.0,0.5926112136486013,2.063108038311414,1.7079001706219332,1.8843333431151252
oggluv,vq_ctw,30,linear,256.0,5.0,978.0,0.9744886568214102,0.21179042116644872,6.2986457266014675,6.2986457266014675
oggluv,vq_ctw,30,linear,512.0,5.0,978.0,0.9745600415034973,0.2423995860694067,6.65339733836757,6.65339733836757
oggluv,vq_ctw,30,linear,1024.0,5.0,978.0,0.9750540363010762,0.22629797532326396,6.210931981882007,6.210931981882007
oggluv,vq_ctw,30,nearest,256.0,5.0,118.0,0.8596718552309468,1.0397009248587123,4.593731603877507,4.593731603877507
oggluv,vq_ctw,30,nearest,512.0,5.0,118.0,0.8537336381451528,1.0571419186280424,4.89842623458655,4.89842623458655
oggluv,vq_ctw,30,nearest,1024.0,5.0,118.0,0.8685642029491768,1.0101099153887674,4.627578789770241,4.627578789770241
ogijtr,direct_ctw,30,linear,,5.0,1007.0,0.8309767447347187,1.3463417908419686,1.574466523569083,1.7407152345392345
ogijtr,direct_ctw,30,nearest,,5.0,162.0,0.8299824460579042,1.0605363128012064,1.4831344093002656,1.6842268135428142
ogijtr,markov_order_1,30,linear,,5.0,1007.0,0.7618003829260709,1.7656655482464634,1.574466523569083,1.7407152345392345
ogijtr,markov_order_1,30,nearest,,5.0,162.0,0.6415152399895618,1.7975849678912725,1.4831344093002656,1.6842268135428142
ogijtr,markov_order_2,30,linear,,5.0,1007.0,0.7455772395182612,1.8581566521195005,1.574466523569083,1.7407152345392345
ogijtr,markov_order_2,30,nearest,,5.0,162.0,0.6318249862090876,1.8289874734652163,1.4831344093002656,1.6842268135428142
ogijtr,vq_ctw,30,linear,256.0,5.0,1007.0,0.9999999999980905,0.07684844709500199,3.987831598503224,3.987831598503224
ogijtr,vq_ctw,30,linear,512.0,5.0,1007.0,0.9905554942951506,0.08653216408907723,4.195785005695843,4.195785005695843
ogijtr,vq_ctw,30,linear,1024.0,5.0,1007.0,0.9907076884691568,0.08535655284665308,4.148631901325848,4.148631901325848
ogijtr,vq_ctw,30,nearest,256.0,5.0,162.0,0.8581672295274805,1.0267881427600813,4.347370180569487,4.347370180569487
ogijtr,vq_ctw,30,nearest,512.0,5.0,162.0,0.8704528645351579,0.9707159311861754,3.887776229287797,3.887776229287797
ogijtr,vq_ctw,30,nearest,1024.0,5.0,162.0,0.8690001294607704,1.0259560816179782,4.4398652411190005,4.4398652411190005
ogikli,direct_ctw,30,linear,,5.0,1007.0,0.8591896209101926,1.214291449918496,1.7108761444058553,1.8919951303352789
ogikli,direct_ctw,30,nearest,,5.0,110.0,0.8195312656273241,1.0769253746113314,1.5283160574522217,1.700226967742657
ogikli,markov_order_1,30,linear,,5.0,1007.0,0.7971355516050121,1.632280266711001,1.7108761444058553,1.8919951303352789
ogikli,markov_order_1,30,nearest,,5.0,110.0,0.6180311169229542,1.803746809213971,1.5283160574522217,1.700226967742657
ogikli,markov_order_2,30,linear,,5.0,1007.0,0.7760590430983875,1.7659479479233828,1.7108761444058553,1.8919951303352789
ogikli,markov_order_2,30,nearest,,5.0,110.0,0.624055599656491,1.7884875248711627,1.5283160574522217,1.700226967742657
ogikli,vq_ctw,30,linear,256.0,5.0,1007.0,0.9999999999980905,0.011341006094823611,3.8141458585850945,3.8141458585850945
ogikli,vq_ctw,30,linear,512.0,5.0,1007.0,0.9913118295070668,0.08065351596069473,3.714506942290154,3.714506942290154
ogikli,vq_ctw,30,linear,1024.0,5.0,1007.0,0.9951581468330106,0.049045172549786256,3.737416413498424,3.737416413498424
ogikli,vq_ctw,30,nearest,256.0,5.0,110.0,0.8594304533096632,1.0136599340563135,4.363517001363666,4.363517001363666
ogikli,vq_ctw,30,nearest,512.0,5.0,110.0,0.8715095880574164,0.9671974680365713,4.090918113268063,4.090918113268063
ogikli,vq_ctw,30,nearest,1024.0,5.0,110.0,0.8785866290788976,0.9826919171398675,4.28830974672846,4.28830974672846
ogjoch,direct_ctw,30,linear,,5.0,1007.0,0.8191629930218353,1.4999320899858677,1.6715906945783925,1.8258275669381903
ogjoch,direct_ctw,30,nearest,,5.0,152.0,0.8296372850199139,1.097636076849584,1.7272691433656233,1.8783615064666999
ogjoch,markov_order_1,30,linear,,5.0,1007.0,0.7374170605612361,2.0184292987731496,1.6715906945783925,1.8258275669381903
ogjoch,markov_order_1,30,nearest,,5.0,152.0,0.5894956068554481,2.0487583494108637,1.7272691433656233,1.8783615064666999
ogjoch,markov_order_2,30,linear,,5.0,1007.0,0.705405236745308,2.2072005351987674,1.6715906945783925,1.8258275669381903
ogjoch,markov_order_2,30,nearest,,5.0,152.0,0.6042885938327892,2.002529321086761,1.7272691433656233,1.8783615064666999
ogjoch,vq_ctw,30,linear,256.0,5.0,1007.0,0.9999999999980905,0.03530985240198687,4.562209845160974,4.562209845160974
ogjoch,vq_ctw,30,linear,512.0,5.0,1007.0,0.9870156854439566,0.12056373471025103,4.32708988825902,4.32708988825902
ogjoch,vq_ctw,30,linear,1024.0,5.0,1007.0,0.9912070720446716,0.08661681854917586,4.4935289121631286,4.4935289121631286
ogjoch,vq_ctw,30,nearest,256.0,5.0,152.0,0.8528555922789449,1.0292026943818802,4.429171214003952,4.429171214003952
ogjoch,vq_ctw,30,nearest,512.0,5.0,152.0,0.8992692132418462,0.7420271324393029,4.543410386305809,4.543410386305809
ogjoch,vq_ctw,30,nearest,1024.0,5.0,152.0,0.8558009826888162,1.0578716624626743,4.683305008707035,4.683305008707035
ognoww,direct_ctw,30,linear,,5.0,1003.0,0.8837299807047714,1.0292380810401094,1.6618923826215408,1.8408275592917485
ognoww,direct_ctw,30,nearest,,5.0,36.0,0.8195640736369545,1.0419016145394722,1.4045192075708237,1.6062564083678437
ognoww,markov_order_1,30,linear,,5.0,1003.0,0.8280439974617171,1.4174451301779345,1.6618923826215408,1.8408275592917485
ognoww,markov_order_1,30,nearest,,5.0,36.0,0.724391097609902,1.4006162223608254,1.4045192075708237,1.6062564083678437
ognoww,markov_order_2,30,linear,,5.0,1003.0,0.8080804107588142,1.5484416204019917,1.6618923826215408,1.8408275592917485
ognoww,markov_order_2,30,nearest,,5.0,36.0,0.7030132390205414,1.4715498123102464,1.4045192075708237,1.6062564083678437
ognoww,vq_ctw,30,linear,256.0,5.0,1003.0,0.9989111027088282,0.014013877549221473,4.0447374980612345,4.0447374980612345
ognoww,vq_ctw,30,linear,512.0,5.0,1003.0,0.9943395548170092,0.06502965896824207,3.9602988365874987,3.9602988365874987
ognoww,vq_ctw,30,linear,1024.0,5.0,1003.0,0.9956485730644181,0.049100836987705905,3.971627731489908,3.971627731489908
ognoww,vq_ctw,30,nearest,256.0,5.0,36.0,0.8690852022838849,0.8639164413267829,4.000848672660361,4.000848672660361
ognoww,vq_ctw,30,nearest,512.0,5.0,36.0,0.9368064857835994,0.46638067847352666,4.132584917115652,4.132584917115652
ognoww,vq_ctw,30,nearest,1024.0,5.0,36.0,0.8152405991270887,1.119376930423038,4.311846745812192,4.311846745812192
ogofvo,direct_ctw,30,linear,,5.0,465.0,0.8293371247121065,1.3418704138360669,1.6536032430407277,1.8250645935763687
ogofvo,direct_ctw,30,nearest,,5.0,198.0,0.8332595099111283,1.0256999624489178,1.5946103815909132,1.7954058763086467
ogofvo,markov_order_1,30,linear,,5.0,465.0,0.730415088531566,1.9192080254639328,1.6536032430407277,1.8250645935763687
ogofvo,markov_order_1,30,nearest,,5.0,198.0,0.6681613972203764,1.6670868014656148,1.5946103815909132,1.7954058763086467
ogofvo,markov_order_2,30,linear,,5.0,465.0,0.701279183645563,2.0746048749296158,1.6536032430407277,1.8250645935763687
ogofvo,markov_order_2,30,nearest,,5.0,198.0,0.6764389426288703,1.640372310308237,1.5946103815909132,1.7954058763086467
ogofvo,vq_ctw,30,linear,256.0,5.0,465.0,0.9999999999980905,0.04027810571166497,4.529832585390659,4.529832585390659
ogofvo,vq_ctw,30,linear,512.0,5.0,465.0,0.993264166899203,0.06501259809947772,4.558530439314742,4.558530439314742
ogofvo,vq_ctw,30,linear,1024.0,5.0,465.0,0.9950251506806229,0.05019738348846635,4.6646146016210865,4.6646146016210865
ogofvo,vq_ctw,30,nearest,256.0,5.0,198.0,0.8881858481231114,0.8189248427944239,4.4067032682321035,4.4067032682321035
ogofvo,vq_ctw,30,nearest,512.0,5.0,198.0,0.8903997875180956,0.805789258043965,4.5372622928184905,4.5372622928184905
ogofvo,vq_ctw,30,nearest,1024.0,5.0,198.0,0.8735586736880878,0.9733387818048621,4.008947130478364,4.008947130478364
ogphag,direct_ctw,30,linear,,5.0,1007.0,0.8395287554878936,1.4585381594069053,1.6358689790633172,1.8017727489177093
ogphag,direct_ctw,30,nearest,,5.0,192.0,0.8241863608916784,1.1205161580575227,1.7183738533134816,1.8761681660080487
ogphag,markov_order_1,30,linear,,5.0,1007.0,0.7350008014468433,2.193452805028441,1.6358689790633172,1.8017727489177093
ogphag,markov_order_1,30,nearest,,5.0,192.0,0.5997834137922661,2.013113987943477,1.7183738533134816,1.8761681660080487
ogphag,markov_order_2,30,linear,,5.0,1007.0,0.6927961963807101,2.4656545714614055,1.6358689790633172,1.8017727489177093
ogphag,markov_order_2,30,nearest,,5.0,192.0,0.6228184434491868,1.9408353672113863,1.7183738533134816,1.8761681660080487
ogphag,vq_ctw,30,linear,256.0,5.0,1007.0,0.977536902470956,0.17751840073489875,5.194970886930924,5.194970886930924
ogphag,vq_ctw,30,linear,512.0,5.0,1007.0,0.9729792508869286,0.24907123274715062,4.922284760145452,4.922284760145452
ogphag,vq_ctw,30,linear,1024.0,5.0,1007.0,0.9762669499022674,0.2170227223394507,4.8678565813027665,4.8678565813027665
ogphag,vq_ctw,30,nearest,256.0,5.0,192.0,0.857311654815216,1.0319357280461707,4.661203236385476,4.661203236385476
ogphag,vq_ctw,30,nearest,512.0,5.0,192.0,0.8527703948613855,1.0583899517760493,4.855221945698646,4.855221945698646
ogphag,vq_ctw,30,nearest,1024.0,5.0,192.0,0.8555521814216428,1.0855693415574883,5.190219880002271,5.190219880002271
ogshtc,direct_ctw,30,linear,,5.0,1007.0,0.832301523215637,1.4110071398639104,1.6506583973799287,1.807400098520883
ogshtc,direct_ctw,30,nearest,,5.0,74.0,0.8263617748528881,1.0681021512247193,1.6236284618844616,1.7607718648135768
ogshtc,markov_order_1,30,linear,,5.0,1007.0,0.7511153796799115,1.9353504984363645,1.6506583973799287,1.807400098520883
ogshtc,markov_order_1,30,nearest,,5.0,74.0,0.6377630878639848,1.7868009578812782,1.6236284618844616,1.7607718648135768
ogshtc,markov_order_2,30,linear,,5.0,1007.0,0.7232997902897377,2.10258610191291,1.6506583973799287,1.807400098520883
ogshtc,markov_order_2,30,nearest,,5.0,74.0,0.6467303628526916,1.7584392157423665,1.6236284618844616,1.7607718648135768
ogshtc,vq_ctw,30,linear,256.0,5.0,1007.0,0.987362140322992,0.11045039633691399,5.030065977676298,5.030065977676298
ogshtc,vq_ctw,30,linear,512.0,5.0,1007.0,0.9856444579481213,0.13120248628171036,5.302783551348144,5.302783551348144
ogshtc,vq_ctw,30,linear,1024.0,5.0,1007.0,0.9874145310595197,0.12670551156989301,4.885501731370574,4.885501731370574
ogshtc,vq_ctw,30,nearest,256.0,5.0,74.0,0.866480632062986,0.8943239310402347,4.113185227444675,4.113185227444675
ogshtc,vq_ctw,30,nearest,512.0,5.0,74.0,0.8793645920114228,0.8371138944965152,4.417366197676855,4.417366197676855
ogshtc,vq_ctw,30,nearest,1024.0,5.0,74.0,0.8649412977943967,1.0205298632817217,4.244156512965293,4.244156512965293
ogurju,direct_ctw,30,linear,,5.0,1007.0,0.8633638579623957,1.2098795103585387,1.722986889631008,1.8932758664401081
ogurju,direct_ctw,30,nearest,,5.0,120.0,0.8316754612332601,1.0742502349347671,1.600593528189113,1.727597227196274
ogurju,markov_order_1,30,linear,,5.0,1007.0,0.7852283447276684,1.747873808295628,1.722986889631008,1.8932758664401081
ogurju,markov_order_1,30,nearest,,5.0,120.0,0.6397193039725845,1.8478093029411753,1.600593528189113,1.727597227196274
ogurju,markov_order_2,30,linear,,5.0,1007.0,0.7574199437507868,1.9258114569332228,1.722986889631008,1.8932758664401081
ogurju,markov_order_2,30,nearest,,5.0,120.0,0.6198388986888583,1.9131096483182557,1.600593528189113,1.727597227196274
ogurju,vq_ctw,30,linear,256.0,5.0,1007.0,0.9911362855336119,0.08721112916073559,6.309392778089094,6.309392778089094
ogurju,vq_ctw,30,linear,512.0,5.0,1007.0,0.9908688255081147,0.09617866179233181,4.6314843961470755,4.6314843961470755
ogurju,vq_ctw,30,linear,1024.0,5.0,1007.0,0.9876975533833752,0.12426237668456175,5.28950172978373,5.28950172978373
ogurju,vq_ctw,30,nearest,256.0,5.0,120.0,0.8490380007992211,1.071838402306761,4.765917245025235,4.765917245025235
ogurju,vq_ctw,30,nearest,512.0,5.0,120.0,0.861109599587998,0.9924966297898233,4.757019845860916,4.757019845860916
ogurju,vq_ctw,30,nearest,1024.0,5.0,120.0,0.8749170231572033,1.010075513887639,5.416255771348319,5.416255771348319
oiphye,direct_ctw,30,linear,,5.0,977.0,0.867696448199414,1.1703288331219366,1.6059782204042239,1.7604663157242508
oiphye,direct_ctw,30,nearest,,5.0,196.0,0.839721433474206,0.9863133567470114,1.616375041774805,1.777469684216207
oiphye,markov_order_1,30,linear,,5.0,977.0,0.7983752726280217,1.6496074868443693,1.6059782204042239,1.7604663157242508
oiphye,markov_order_1,30,nearest,,5.0,196.0,0.666604802794053,1.6760700748031758,1.616375041774805,1.777469684216207
oiphye,markov_order_2,30,linear,,5.0,977.0,0.7770326622407,1.78784576203232,1.6059782204042239,1.7604663157242508
oiphye,markov_order_2,30,nearest,,5.0,196.0,0.6796393769119043,1.6341432795334516,1.616375041774805,1.777469684216207
oiphye,vq_ctw,30,linear,256.0,5.0,977.0,0.9924425116904941,0.07610443336603509,3.6586120181428945,3.6586120181428945
oiphye,vq_ctw,30,linear,512.0,5.0,977.0,0.9907894325432797,0.09393420034184452,3.8817098345157213,3.8817098345157213
oiphye,vq_ctw,30,linear,1024.0,5.0,977.0,0.99338373661059,0.07277630077795863,3.8600736750108986,3.8600736750108986
oiphye,vq_ctw,30,nearest,256.0,5.0,196.0,0.8756911929271141,0.9115839856617716,4.874103579699947,4.874103579699947
oiphye,vq_ctw,30,nearest,512.0,5.0,196.0,0.8534165975654128,0.9876733132056283,4.970912311281086,4.970912311281086
oiphye,vq_ctw,30,nearest,1024.0,5.0,196.0,0.8525824932671734,1.0302710632397063,4.629272930275426,4.629272930275426
oipial,direct_ctw,30,linear,,5.0,1006.0,0.8368285933968393,1.3087999309003735,1.5902620526014313,1.747016057565124
oipial,direct_ctw,30,nearest,,5.0,184.0,0.8307727256939146,0.9750657225630236,1.489780874588801,1.6878219588850092
oipial,markov_order_1,30,linear,,5.0,1006.0,0.777358556776917,1.6750000805425396,1.5902620526014313,1.747016057565124
oipial,markov_order_1,30,nearest,,5.0,184.0,0.6940167241650941,1.4671049255951092,1.489780874588801,1.6878219588850092
oipial,markov_order_2,30,linear,,5.0,1006.0,0.7599326235644444,1.7764187865987449,1.5902620526014313,1.747016057565124
oipial,markov_order_2,30,nearest,,5.0,184.0,0.6974917477402182,1.4617880247260657,1.489780874588801,1.6878219588850092
oipial,vq_ctw,30,linear,256.0,5.0,1006.0,0.9999999999980905,0.03293195363821074,4.174137709136323,4.174137709136323
oipial,vq_ctw,30,linear,512.0,5.0,1006.0,0.994098126538041,0.0580923802233526,4.251887722677642,4.251887722677642
oipial,vq_ctw,30,linear,1024.0,5.0,1006.0,0.9946382130428103,0.05352077174255972,4.051481489908247,4.051481489908247
oipial,vq_ctw,30,nearest,256.0,5.0,184.0,0.8733275367036706,0.904745461440648,4.327610376949206,4.327610376949206
oipial,vq_ctw,30,nearest,512.0,5.0,184.0,0.8682102345953464,0.9302560999226399,4.146105635467186,4.146105635467186
oipial,vq_ctw,30,nearest,1024.0,5.0,184.0,0.8751817051458967,0.9653321216128447,4.660567564679641,4.660567564679641
oirzgo,direct_ctw,30,linear,,5.0,993.0,0.8556328767728865,1.3173982449012476,1.6384773237075145,1.7872071089780037
oirzgo,direct_ctw,30,nearest,,5.0,45.0,0.8275514930130884,1.109048316707415,1.651581162965131,1.8581302969675246
oirzgo,markov_order_1,30,linear,,5.0,993.0,0.761313544440259,1.9862813466552418,1.6384773237075145,1.7872071089780037
oirzgo,markov_order_1,30,nearest,,5.0,45.0,0.5666686248149321,2.10728237171043,1.651581162965131,1.8581302969675246
oirzgo,markov_order_2,30,linear,,5.0,993.0,0.7285847411835651,2.2005644152008705,1.6384773237075145,1.7872071089780037
oirzgo,markov_order_2,30,nearest,,5.0,45.0,0.6000666154430109,2.004724415381921,1.651581162965131,1.8581302969675246
oirzgo,vq_ctw,30,linear,256.0,5.0,993.0,0.9790606942833133,0.16762179244039116,4.626178340042494,4.626178340042494
oirzgo,vq_ctw,30,linear,512.0,5.0,993.0,0.9742409143209053,0.23924238857034377,4.82842528387762,4.82842528387762
oirzgo,vq_ctw,30,linear,1024.0,5.0,993.0,0.9767768912124225,0.21309606083143107,4.651959951922515,4.651959951922515
oirzgo,vq_ctw,30,nearest,256.0,5.0,45.0,0.8490193335157823,1.0908863811425082,5.23487259506651,5.23487259506651
oirzgo,vq_ctw,30,nearest,512.0,5.0,45.0,0.8609801101840333,0.9987258942122365,4.416137983811032,4.416137983811032
oirzgo,vq_ctw,30,nearest,1024.0,5.0,45.0,0.8603648972632141,1.0471401511230118,5.191996383708347,5.191996383708347
oivnab,direct_ctw,30,linear,,5.0,1005.0,0.8253474121150107,1.5848021784996993,1.632091375828,1.7902253010123244
oivnab,direct_ctw,30,nearest,,5.0,267.0,0.8440765782026014,1.0324760482819655,1.624184266526395,1.773519181614456
oivnab,markov_order_1,30,linear,,5.0,1005.0,0.7217565618916636,2.313247711721409,1.632091375828,1.7902253010123244
oivnab,markov_order_1,30,nearest,,5.0,267.0,0.6630540773243528,1.8010761675746085,1.624184266526395,1.773519181614456
oivnab,markov_order_2,30,linear,,5.0,1005.0,0.6629505629240535,2.6907782083898804,1.632091375828,1.7902253010123244
oivnab,markov_order_2,30,nearest,,5.0,267.0,0.6494496203381551,1.8556791649947477,1.624184266526395,1.773519181614456
oivnab,vq_ctw,30,linear,256.0,5.0,1005.0,0.980792082699684,0.1674136616059154,5.354619510464999,5.354619510464999
oivnab,vq_ctw,30,linear,512.0,5.0,1005.0,0.9742963738962835,0.23204733064142608,5.5476413788385965,5.5476413788385965
oivnab,vq_ctw,30,linear,1024.0,5.0,1005.0,0.9779935528048999,0.20944846147689286,5.432554078339847,5.432554078339847
oivnab,vq_ctw,30,nearest,256.0,5.0,267.0,0.8539556294841736,1.0289873955741708,4.490108619295236,4.490108619295236
oivnab,vq_ctw,30,nearest,512.0,5.0,267.0,0.8684918748401278,0.9528335564801477,4.61597492800752,4.61597492800752
oivnab,vq_ctw,30,nearest,1024.0,5.0,267.0,0.8692637285472301,1.0149691130617713,4.578306074551574,4.578306074551574
ojachm,direct_ctw,30,linear,,5.0,1007.0,0.8424620848375042,1.4298550844318672,1.6259106743497647,1.775681322142771
ojachm,direct_ctw,30,nearest,,5.0,135.0,0.833653306692637,1.0570208597422275,1.5771532585982415,1.7227218404979123
ojachm,markov_order_1,30,linear,,5.0,1007.0,0.7501109450526655,2.082403514742299,1.6259106743497647,1.775681322142771
ojachm,markov_order_1,30,nearest,,5.0,135.0,0.6514113178206339,1.7814975071209924,1.5771532585982415,1.7227218404979123
ojachm,markov_order_2,30,linear,,5.0,1007.0,0.7072872421409048,2.3613650395317496,1.6259106743497647,1.775681322142771
ojachm,markov_order_2,30,nearest,,5.0,135.0,0.661827976448155,1.7513573015037691,1.5771532585982415,1.7227218404979123
ojachm,vq_ctw,30,linear,256.0,5.0,1007.0,0.9774281613926633,0.17821868843183478,4.829335915767849,4.829335915767849
ojachm,vq_ctw,30,linear,512.0,5.0,1007.0,0.9717822440133773,0.2508932970397675,4.986501592838007,4.986501592838007
ojachm,vq_ctw,30,linear,1024.0,5.0,1007.0,0.9705677967276326,0.25040075107689286,4.792977461305644,4.792977461305644
ojachm,vq_ctw,30,nearest,256.0,5.0,135.0,0.8481734105531941,1.0961271535562185,4.419666053227726,4.419666053227726
ojachm,vq_ctw,30,nearest,512.0,5.0,135.0,0.8538460150910191,1.0827994930089977,4.4520373486149545,4.4520373486149545
ojachm,vq_ctw,30,nearest,1024.0,5.0,135.0,0.8685107997233973,1.0529170833547166,4.305403036247043,4.305403036247043
ojbaso,direct_ctw,30,linear,,5.0,1007.0,0.8461526470484739,1.2951315525952793,1.5711368376856045,1.7388805689900158
ojbaso,direct_ctw,30,nearest,,5.0,115.0,0.8465667882962713,0.9341268756509722,1.6083327267497645,1.7978167478441751
ojbaso,markov_order_1,30,linear,,5.0,1007.0,0.7834904302720831,1.7047214255430545,1.5711368376856045,1.7388805689900158
ojbaso,markov_order_1,30,nearest,,5.0,115.0,0.7395941841492253,1.3704048001929847,1.6083327267497645,1.7978167478441751
ojbaso,markov_order_2,30,linear,,5.0,1007.0,0.7557544434379794,1.874833506194407,1.5711368376856045,1.7388805689900158
ojbaso,markov_order_2,30,nearest,,5.0,115.0,0.7248282192057847,1.4255125412758516,1.6083327267497645,1.7978167478441751
ojbaso,vq_ctw,30,linear,256.0,5.0,1007.0,0.9999999999980905,0.038957234549554166,4.031431164478053,4.031431164478053
ojbaso,vq_ctw,30,linear,512.0,5.0,1007.0,0.9898972930376865,0.09157595798681677,4.119996923774201,4.119996923774201
ojbaso,vq_ctw,30,linear,1024.0,5.0,1007.0,0.9913952023770611,0.07999977705125319,4.0293953125874955,4.0293953125874955
ojbaso,vq_ctw,30,nearest,256.0,5.0,115.0,0.8988999198686513,0.7353591365017251,4.622636113223889,4.622636113223889
ojbaso,vq_ctw,30,nearest,512.0,5.0,115.0,0.8584251715602149,0.9009764422892962,4.790194396728591,4.790194396728591
ojbaso,vq_ctw,30,nearest,1024.0,5.0,115.0,0.8492898614510851,0.9623935102817514,4.265431398167807,4.265431398167807
ojfann,direct_ctw,30,linear,,5.0,1007.0,0.8418531479248925,1.3901257947170436,1.5791861937688747,1.7544827635308589
ojfann,direct_ctw,30,nearest,,5.0,97.0,0.8305993003148415,1.1139636860662974,1.6162001697512167,1.8118733508428186
ojfann,markov_order_1,30,linear,,5.0,1007.0,0.7678336902749026,1.8978744469447366,1.5791861937688747,1.7544827635308589
ojfann,markov_order_1,30,nearest,,5.0,97.0,0.6048518148574022,2.039320417212449,1.6162001697512167,1.8118733508428186
ojfann,markov_order_2,30,linear,,5.0,1007.0,0.7332472238044712,2.119141657177546,1.5791861937688747,1.7544827635308589
ojfann,markov_order_2,30,nearest,,5.0,97.0,0.6203730296162334,1.9863370971148486,1.6162001697512167,1.8118733508428186
ojfann,vq_ctw,30,linear,256.0,5.0,1007.0,0.9963922549785897,0.03807894188432356,4.327843646603251,4.327843646603251
ojfann,vq_ctw,30,linear,512.0,5.0,1007.0,0.9896032089299509,0.10420586291815627,4.151014213838184,4.151014213838184
ojfann,vq_ctw,30,linear,1024.0,5.0,1007.0,0.9942383007136534,0.06267473211044577,4.290841287883488,4.290841287883488
ojfann,vq_ctw,30,nearest,256.0,5.0,97.0,0.8551392092280784,1.0296524678367787,4.738509545490721,4.738509545490721
ojfann,vq_ctw,30,nearest,512.0,5.0,97.0,0.8698454080754215,0.9816455851733289,4.322104990961785,4.322104990961785
ojfann,vq_ctw,30,nearest,1024.0,5.0,97.0,0.8530920424477154,1.1194145499260866,4.458835061600049,4.458835061600049
ojfequ,direct_ctw,30,linear,,5.0,1007.0,0.8270888926047344,1.5782257808262978,1.6471169268803223,1.8055230910050233
ojfequ,markov_order_1,30,linear,,5.0,1007.0,0.6990795739689585,2.4728986001006867,1.6471169268803223,1.8055230910050233
ojfequ,markov_order_2,30,linear,,5.0,1007.0,0.6415276132171936,2.8360785935034385,1.6471169268803223,1.8055230910050233
ojfequ,vq_ctw,30,linear,256.0,5.0,1007.0,0.9391332922378154,0.4273473100212255,5.8605726925335215,5.8605726925335215
ojfequ,vq_ctw,30,linear,512.0,5.0,1007.0,0.949055680160211,0.43341368414069253,6.1465710396561635,6.1465710396561635
ojfequ,vq_ctw,30,linear,1024.0,5.0,1007.0,0.9457303580993719,0.4566185507038776,5.999837694357017,5.999837694357017
ojfiez,direct_ctw,30,linear,,5.0,990.0,0.8147810975490828,1.56197222033267,1.744122561911214,1.902225007819575
ojfiez,markov_order_1,30,linear,,5.0,990.0,0.6820105216171212,2.3968720494314173,1.744122561911214,1.902225007819575
ojfiez,markov_order_2,30,linear,,5.0,990.0,0.6394030519001658,2.6381418025878403,1.744122561911214,1.902225007819575
ojfiez,vq_ctw,30,linear,256.0,5.0,990.0,0.947923466562329,0.39930634578177326,6.6794858310885274,6.6794858310885274
ojfiez,vq_ctw,30,linear,512.0,5.0,990.0,0.9643132753253476,0.3223390672856449,7.424642749502036,7.424642749502036
ojfiez,vq_ctw,30,linear,1024.0,5.0,990.0,0.9519234440804268,0.3897997322998487,6.79818875123602,6.79818875123602
ojpoot,direct_ctw,30,linear,,5.0,1008.0,0.8646669409929001,1.184072264182624,1.5610868944192804,1.7362417264770877
ojpoot,direct_ctw,30,nearest,,5.0,84.0,0.8339449658940264,1.0890611953478613,1.6691808585833385,1.8678480795517274
ojpoot,markov_order_1,30,linear,,5.0,1008.0,0.8102947930158895,1.5589976253773623,1.5610868944192804,1.7362417264770877
ojpoot,markov_order_1,30,nearest,,5.0,84.0,0.6417117078738624,1.9003999251954167,1.6691808585833385,1.8678480795517274
ojpoot,markov_order_2,30,linear,,5.0,1008.0,0.781848446785607,1.7435999683382817,1.5610868944192804,1.7362417264770877
ojpoot,markov_order_2,30,nearest,,5.0,84.0,0.6046007946505713,2.0266141365140338,1.6691808585833385,1.8678480795517274
ojpoot,vq_ctw,30,linear,256.0,5.0,1008.0,0.9971414422024343,0.03280506760965875,4.003226804071584,4.003226804071584
ojpoot,vq_ctw,30,linear,512.0,5.0,1008.0,0.9919326618245743,0.0864211957040621,3.9262803552784593,3.9262803552784593
ojpoot,vq_ctw,30,linear,1024.0,5.0,1008.0,0.9932496258105996,0.06908058878016175,3.9862768458685234,3.9862768458685234
ojpoot,vq_ctw,30,nearest,256.0,5.0,84.0,0.8758135031325394,0.9130122327170769,5.005984061335416,5.005984061335416
ojpoot,vq_ctw,30,nearest,512.0,5.0,84.0,0.8720052979017756,0.8941231178411907,4.526998749727333,4.526998749727333
ojpoot,vq_ctw,30,nearest,1024.0,5.0,84.0,0.8578005477344429,1.0911353440824927,5.180047853338788,5.180047853338788
ojroig,direct_ctw,30,linear,,5.0,1007.0,0.8138630490278136,1.5577131792278005,1.616554856326586,1.7760710619442566
ojroig,direct_ctw,30,nearest,,5.0,166.0,0.8226949059484238,1.0939060915928962,1.6959067481148293,1.8451674925817076
ojroig,markov_order_1,30,linear,,5.0,1007.0,0.7356052167301477,2.0611173606176365,1.616554856326586,1.7760710619442566
ojroig,markov_order_1,30,nearest,,5.0,166.0,0.6306016566046898,1.8300769179218,1.6959067481148293,1.8451674925817076
ojroig,markov_order_2,30,linear,,5.0,1007.0,0.698911387822193,2.2808297579201144,1.616554856326586,1.7760710619442566
ojroig,markov_order_2,30,nearest,,5.0,166.0,0.6230831331096186,1.855656113038989,1.6959067481148293,1.8451674925817076
ojroig,vq_ctw,30,linear,256.0,5.0,1007.0,0.9901520980628649,0.09539168474094767,4.943099203087042,4.943099203087042
ojroig,vq_ctw,30,linear,512.0,5.0,1007.0,0.983826611481105,0.16478344455086913,4.927047100968912,4.927047100968912
ojroig,vq_ctw,30,linear,1024.0,5.0,1007.0,0.9879635743263198,0.12195733549059797,4.883261545513982,4.883261545513982
ojroig,vq_ctw,30,nearest,256.0,5.0,166.0,0.8581572779112608,1.0070000668482264,4.702512029579798,4.702512029579798
ojroig,vq_ctw,30,nearest,512.0,5.0,166.0,0.8906968532999631,0.8382399437395757,4.6245423626435285,4.6245423626435285
ojroig,vq_ctw,30,nearest,1024.0,5.0,166.0,0.8625345108926923,1.032235444031157,4.822511468456168,4.822511468456168
ojumna,direct_ctw,30,linear,,5.0,994.0,0.8501301919161324,1.2677901727626955,1.6913717409332345,1.8356861461472356
ojumna,direct_ctw,30,nearest,,5.0,39.0,0.8006789757049217,1.0364844123173056,1.516115298606561,1.7276397783042479
ojumna,markov_order_1,30,linear,,5.0,994.0,0.7895852207433229,1.6664833285851843,1.6913717409332345,1.8356861461472356
ojumna,markov_order_1,30,nearest,,5.0,39.0,0.6455046315674554,1.499880715673301,1.516115298606561,1.7276397783042479
ojumna,markov_order_2,30,linear,,5.0,994.0,0.7646026658471038,1.821241868950529,1.6913717409332345,1.8356861461472356
ojumna,markov_order_2,30,nearest,,5.0,39.0,0.7080914597022842,1.3338379793200106,1.516115298606561,1.7276397783042479
ojumna,vq_ctw,30,linear,256.0,5.0,994.0,0.9931430518326265,0.07001573283064627,4.009478715311838,4.009478715311838
ojumna,vq_ctw,30,linear,512.0,5.0,994.0,0.9902548438684988,0.10428977570238433,4.08896956259822,4.08896956259822
ojumna,vq_ctw,30,linear,1024.0,5.0,994.0,0.9906983343816327,0.09473057752242542,4.034833970914285,4.034833970914285
ojumna,vq_ctw,30,nearest,256.0,5.0,39.0,0.8595632016942628,0.9114657524339126,4.704266602874032,4.704266602874032
ojumna,vq_ctw,30,nearest,512.0,5.0,39.0,0.8357553555390601,1.0257323283829176,4.243481693297554,4.243481693297554
ojumna,vq_ctw,30,nearest,1024.0,5.0,39.0,0.8259986336336471,1.116563869428622,4.542286028611877,4.542286028611877
ojvigh,direct_ctw,30,linear,,5.0,1007.0,0.8536549188422417,1.3741103967691206,1.5708074935606526,1.7414350549670896
ojvigh,direct_ctw,30,nearest,,5.0,143.0,0.8357830273938957,1.0649748561008887,1.5285034700225444,1.7070889750265732
ojvigh,markov_order_1,30,linear,,5.0,1007.0,0.7522844121553547,2.1169138167424015,1.5708074935606526,1.7414350549670896
ojvigh,markov_order_1,30,nearest,,5.0,143.0,0.6860761583654456,1.6980930030350299,1.5285034700225444,1.7070889750265732
ojvigh,markov_order_2,30,linear,,5.0,1007.0,0.7064356238693527,2.4248869889612004,1.5708074935606526,1.7414350549670896
ojvigh,markov_order_2,30,nearest,,5.0,143.0,0.6640281739997185,1.7827599936285303,1.5285034700225444,1.7070889750265732
ojvigh,vq_ctw,30,linear,256.0,5.0,1007.0,0.9850813051006602,0.12678823552703242,5.956307289032154,5.956307289032154
ojvigh,vq_ctw,30,linear,512.0,5.0,1007.0,0.9707837081504883,0.26596926391071246,4.875074434934793,4.875074434934793
ojvigh,vq_ctw,30,linear,1024.0,5.0,1007.0,0.9791076917599152,0.1949321459909146,5.413093733433522,5.413093733433522
ojvigh,vq_ctw,30,nearest,256.0,5.0,143.0,0.8655296119954128,0.9580684594528491,5.792223241945793,5.792223241945793
ojvigh,vq_ctw,30,nearest,512.0,5.0,143.0,0.8948372454116922,0.7814469527929769,5.694149683573352,5.694149683573352
ojvigh,vq_ctw,30,nearest,1024.0,5.0,143.0,0.8544323243123678,1.092641160801575,5.711289492071987,5.711289492071987
ojwyky,direct_ctw,30,linear,,5.0,991.0,0.8320174941320782,1.4426603745315392,1.6256238762261555,1.801631394095224
ojwyky,direct_ctw,30,nearest,,5.0,107.0,0.8456670046688942,1.0075710522019328,1.5099712880489,1.6652022608834995
ojwyky,markov_order_1,30,linear,,5.0,991.0,0.7681613455055507,1.8709463669441384,1.6256238762261555,1.801631394095224
ojwyky,markov_order_1,30,nearest,,5.0,107.0,0.6476048943556495,1.8211146132310168,1.5099712880489,1.6652022608834995
ojwyky,markov_order_2,30,linear,,5.0,991.0,0.7355039865064847,2.0767029788212343,1.6256238762261555,1.801631394095224
ojwyky,markov_order_2,30,nearest,,5.0,107.0,0.6327152669217141,1.8696887688594428,1.5099712880489,1.6652022608834995
ojwyky,vq_ctw,30,linear,256.0,5.0,991.0,0.9918981910440546,0.07603041503788197,3.9418692718531982,3.9418692718531982
ojwyky,vq_ctw,30,linear,512.0,5.0,991.0,0.9878750029883369,0.11379003472970543,4.09560124566629,4.09560124566629
ojwyky,vq_ctw,30,linear,1024.0,5.0,991.0,0.9915709269979917,0.08976065883555401,4.034353466257176,4.034353466257176
ojwyky,vq_ctw,30,nearest,256.0,5.0,107.0,0.8755691705406073,0.9555991477242268,4.660834203635248,4.660834203635248
ojwyky,vq_ctw,30,nearest,512.0,5.0,107.0,0.8729592925795102,0.9510594743746812,4.445326691760726,4.445326691760726
ojwyky,vq_ctw,30,nearest,1024.0,5.0,107.0,0.87618417377268,0.9816788440821752,4.766352770991893,4.766352770991893
okavka,direct_ctw,30,linear,,5.0,1007.0,0.8042402065760426,1.7174735724562924,1.6705559369327236,1.8210244688679165
okavka,direct_ctw,30,nearest,,5.0,95.0,0.8232469948176814,1.1530388178310251,1.7846533802026314,1.909747237506346
okavka,markov_order_1,30,linear,,5.0,1007.0,0.6770283195070176,2.564196978677729,1.6705559369327236,1.8210244688679165
okavka,markov_order_1,30,nearest,,5.0,95.0,0.60030615159756,2.0500169145432894,1.7846533802026314,1.909747237506346
okavka,markov_order_2,30,linear,,5.0,1007.0,0.6133984422192503,2.945560162504338,1.6705559369327236,1.8210244688679165
okavka,markov_order_2,30,nearest,,5.0,95.0,0.596720311825436,2.0654690348879963,1.7846533802026314,1.909747237506346
okavka,vq_ctw,30,linear,256.0,5.0,1007.0,0.9615089745484375,0.29633713017769,5.73998441408281,5.73998441408281
okavka,vq_ctw,30,linear,512.0,5.0,1007.0,0.9603523719115289,0.33273317956404463,6.058180017074895,6.058180017074895
okavka,vq_ctw,30,linear,1024.0,5.0,1007.0,0.9679224918936334,0.279187450204815,6.0112687228128,6.0112687228128
okavka,vq_ctw,30,nearest,256.0,5.0,95.0,0.8455172419773954,1.1186965638721904,4.509062667789779,4.509062667789779
okavka,vq_ctw,30,nearest,512.0,5.0,95.0,0.878871048089756,0.8725870545182982,4.652952318875981,4.652952318875981
okavka,vq_ctw,30,nearest,1024.0,5.0,95.0,0.8652395773613505,1.0531980842717612,5.172174270802692,5.172174270802692
okblah,direct_ctw,30,linear,,5.0,1007.0,0.8220800989068191,1.4174179990942453,1.6664149600791196,1.8347951129826068
okblah,direct_ctw,30,nearest,,5.0,347.0,0.8416745379268101,0.9736397804831658,1.636744816329092,1.824426360910435
okblah,markov_order_1,30,linear,,5.0,1007.0,0.750031891540357,1.853575838707642,1.6664149600791196,1.8347951129826068
okblah,markov_order_1,30,nearest,,5.0,347.0,0.6831019868764764,1.5909743040588549,1.636744816329092,1.824426360910435
okblah,markov_order_2,30,linear,,5.0,1007.0,0.7327465371631553,1.9519227577050575,1.6664149600791196,1.8347951129826068
okblah,markov_order_2,30,nearest,,5.0,347.0,0.6853735512918949,1.5885247291234355,1.636744816329092,1.824426360910435
okblah,vq_ctw,30,linear,256.0,5.0,1007.0,0.9999999999980905,0.04426179539611582,4.159016699372886,4.159016699372886
okblah,vq_ctw,30,linear,512.0,5.0,1007.0,0.9895491056658315,0.09421857156523718,4.0397061438317285,4.0397061438317285
okblah,vq_ctw,30,linear,1024.0,5.0,1007.0,0.9926403661074042,0.07008964559742308,4.090930601205532,4.090930601205532
okblah,vq_ctw,30,nearest,256.0,5.0,347.0,0.8627432212665783,0.9665990847984802,4.2752426619592825,4.2752426619592825
okblah,vq_ctw,30,nearest,512.0,5.0,347.0,0.8629740839525782,0.999868097412054,4.277131833728996,4.277131833728996
okblah,vq_ctw,30,nearest,1024.0,5.0,347.0,0.8766160927727528,0.9821390063735101,4.111732916925491,4.111732916925491
okchym,direct_ctw,30,linear,,5.0,1007.0,0.8467698228480344,1.3204197535294413,1.6443973340054323,1.7942044950489673
okchym,markov_order_1,30,linear,,5.0,1007.0,0.7653667598782854,1.8617856591120603,1.6443973340054323,1.7942044950489673
okchym,markov_order_2,30,linear,,5.0,1007.0,0.7420926542540361,2.0060675903074685,1.6443973340054323,1.7942044950489673
okchym,vq_ctw,30,linear,256.0,5.0,1007.0,0.9999999999980905,0.16380024429628126,4.366751285666136,4.366751285666136
okchym,vq_ctw,30,linear,512.0,5.0,1007.0,0.9760503941206053,0.18702567515942595,4.396809474833679,4.396809474833679
okchym,vq_ctw,30,linear,1024.0,5.0,1007.0,0.9781202257426672,0.1737484704476869,4.375556671966924,4.375556671966924
okneyd,direct_ctw,30,linear,,5.0,606.0,0.8684540246605955,1.0878467370029674,1.7559585131577182,1.8917256328130558
okneyd,markov_order_1,30,linear,,5.0,606.0,0.7993652972503166,1.5257344966014064,1.7559585131577182,1.8917256328130558
okneyd,markov_order_2,30,linear,,5.0,606.0,0.783569708757001,1.619316708434253,1.7559585131577182,1.8917256328130558
okneyd,vq_ctw,30,linear,256.0,5.0,606.0,0.9871053377564102,0.11986101726572973,3.787499921628744,3.787499921628744
okneyd,vq_ctw,30,linear,512.0,5.0,606.0,0.9909922392970842,0.09505639095385555,4.001542486865408,4.001542486865408
okneyd,vq_ctw,30,linear,1024.0,5.0,606.0,0.9913378414338873,0.08911183670960812,3.969074115884848,3.969074115884848
oknsco,direct_ctw,30,linear,,5.0,1007.0,0.8598264076274142,1.1576476041036585,1.651072041358255,1.8130145252507728
oknsco,direct_ctw,30,nearest,,5.0,80.0,0.8318601343046523,0.9859753119572968,1.6308228712953305,1.7931236201559997
oknsco,markov_order_1,30,linear,,5.0,1007.0,0.8021305404539232,1.5264305577605735,1.651072041358255,1.8130145252507728
oknsco,markov_order_1,30,nearest,,5.0,80.0,0.6632427487213508,1.5692505402485737,1.6308228712953305,1.7931236201559997
oknsco,markov_order_2,30,linear,,5.0,1007.0,0.790603750501178,1.5962264958895047,1.651072041358255,1.8130145252507728
oknsco,markov_order_2,30,nearest,,5.0,80.0,0.6988576368148303,1.4692862939171563,1.6308228712953305,1.7931236201559997
oknsco,vq_ctw,30,linear,256.0,5.0,1007.0,0.9999999999980905,0.06288924154345404,3.680234078796726,3.680234078796726
oknsco,vq_ctw,30,linear,512.0,5.0,1007.0,0.9939149467090045,0.05962628745211868,3.902663300865198,3.902663300865198
oknsco,vq_ctw,30,linear,1024.0,5.0,1007.0,0.994214303033835,0.06049969960367983,3.879558350913444,3.879558350913444
oknsco,vq_ctw,30,nearest,256.0,5.0,80.0,0.8806544365142717,0.8461918109402686,4.342240114370982,4.342240114370982
oknsco,vq_ctw,30,nearest,512.0,5.0,80.0,0.86529656498096,0.9622602891426011,4.322924935023659,4.322924935023659
oknsco,vq_ctw,30,nearest,1024.0,5.0,80.0,0.8656118715087324,1.0241581725486064,4.073479966429529,4.073479966429529
okquak,direct_ctw,30,linear,,5.0,1007.0,0.8337327587353376,1.48781164954197,1.6192163477216932,1.794179063715633
okquak,direct_ctw,30,nearest,,5.0,305.0,0.8255438027004728,1.104939962914092,1.6169755760607227,1.7969290123434258
okquak,markov_order_1,30,linear,,5.0,1007.0,0.7360963753885524,2.163813939659934,1.6192163477216932,1.794179063715633
okquak,markov_order_1,30,nearest,,5.0,305.0,0.6046286552682426,1.9788783199393563,1.6169755760607227,1.7969290123434258
okquak,markov_order_2,30,linear,,5.0,1007.0,0.704481553809774,2.3664550062581826,1.6192163477216932,1.794179063715633
okquak,markov_order_2,30,nearest,,5.0,305.0,0.5996983493542686,1.994760851326847,1.6169755760607227,1.7969290123434258
okquak,vq_ctw,30,linear,256.0,5.0,1007.0,0.9899726978609783,0.09686697511457898,4.861861331889591,4.861861331889591
okquak,vq_ctw,30,linear,512.0,5.0,1007.0,0.9836067917048572,0.1587434808646172,4.813902012849985,4.813902012849985
okquak,vq_ctw,30,linear,1024.0,5.0,1007.0,0.9866393160909228,0.13335037487911724,4.717250351994106,4.717250351994106
okquak,vq_ctw,30,nearest,256.0,5.0,305.0,0.8744443215524397,0.9201686012382078,4.651101741669876,4.651101741669876
okquak,vq_ctw,30,nearest,512.0,5.0,305.0,0.8734697995762901,0.9197951003277273,4.756534568759741,4.756534568759741
okquak,vq_ctw,30,nearest,1024.0,5.0,305.0,0.872582625772452,0.9946281309470952,4.647280475732953,4.647280475732953
oksbos,direct_ctw,30,linear,,5.0,1007.0,0.8397220828621839,1.4821072651824703,1.6332839981326686,1.7841754408497814
oksbos,markov_order_1,30,linear,,5.0,1007.0,0.7166013086093913,2.3579166084048717,1.6332839981326686,1.7841754408497814
oksbos,markov_order_2,30,linear,,5.0,1007.0,0.6685376040983368,2.6683256061176595,1.6332839981326686,1.7841754408497814
oksbos,vq_ctw,30,linear,256.0,5.0,1007.0,0.9558239540774572,0.3494740827078777,6.100567891701965,6.100567891701965
oksbos,vq_ctw,30,linear,512.0,5.0,1007.0,0.9505335368439858,0.42299611249222274,5.568769789723726,5.568769789723726
oksbos,vq_ctw,30,linear,1024.0,5.0,1007.0,0.9491376871001306,0.4328373330617805,5.523835541493782,5.523835541493782
oktuls,direct_ctw,30,linear,,5.0,1007.0,0.8542513907879956,1.2759337134964595,1.787053407090002,1.9335264895525883
oktuls,markov_order_1,30,linear,,5.0,1007.0,0.785643514623527,1.7451685854467203,1.787053407090002,1.9335264895525883
oktuls,markov_order_2,30,linear,,5.0,1007.0,0.7608448526292945,1.9042346053786592,1.787053407090002,1.9335264895525883
oktuls,vq_ctw,30,linear,256.0,5.0,1007.0,0.9908456458933148,0.08428777730438002,3.9607510795589382,3.9607510795589382
oktuls,vq_ctw,30,linear,512.0,5.0,1007.0,0.9879618268450276,0.12781615714375927,4.471070287450606,4.471070287450606
oktuls,vq_ctw,30,linear,1024.0,5.0,1007.0,0.9872529504927374,0.1314490532355686,3.9613985022855527,3.9613985022855527
okvats,direct_ctw,30,linear,,5.0,1007.0,0.90450488406269,0.8448833091882268,1.8372555820668317,1.9436354424759996
okvats,markov_order_1,30,linear,,5.0,1007.0,0.8598913718589833,1.1572120395589118,1.8372555820668317,1.9436354424759996
okvats,markov_order_2,30,linear,,5.0,1007.0,0.8499306747391806,1.2234165545672286,1.8372555820668317,1.9436354424759996
okvats,vq_ctw,30,linear,256.0,5.0,1007.0,0.9999999999980905,0.040882664163248005,3.0675239712680895,3.0675239712680895
okvats,vq_ctw,30,linear,512.0,5.0,1007.0,0.9965304072237888,0.03681656818422054,3.192865642677714,3.192865642677714
okvats,vq_ctw,30,linear,1024.0,5.0,1007.0,0.9967479059695575,0.03481289222911118,3.1852763357535583,3.1852763357535583
oljnek,direct_ctw,30,linear,,5.0,998.0,0.8226746650173395,1.4976641323873972,1.7020369370323996,1.8749640385822957
oljnek,direct_ctw,30,nearest,,5.0,243.0,0.8359280512952513,1.0701941666109955,1.7602518726820064,1.9237291949582414
oljnek,markov_order_1,30,linear,,5.0,998.0,0.7152863777587541,2.18396333858495,1.7020369370323996,1.8749640385822957
oljnek,markov_order_1,30,nearest,,5.0,243.0,0.6337634044598006,1.9049909783118286,1.7602518726820064,1.9237291949582414
oljnek,markov_order_2,30,linear,,5.0,998.0,0.671004611038028,2.4417039456731846,1.7020369370323996,1.8749640385822957
oljnek,markov_order_2,30,nearest,,5.0,243.0,0.6204540181383784,1.9520667286816142,1.7602518726820064,1.9237291949582414
oljnek,vq_ctw,30,linear,256.0,5.0,998.0,0.9999999999980905,0.020990444242963348,6.43538895964614,6.43538895964614
oljnek,vq_ctw,30,linear,512.0,5.0,998.0,0.9496868501874006,0.33803885829543295,4.989354154888974,4.989354154888974
oljnek,vq_ctw,30,linear,1024.0,5.0,998.0,0.9871073646635785,0.11230341110765209,5.960806478957799,5.960806478957799
oljnek,vq_ctw,30,nearest,256.0,5.0,243.0,0.8615932290037664,0.9446612504099443,4.540376973474013,4.540376973474013
oljnek,vq_ctw,30,nearest,512.0,5.0,243.0,0.8829241028916693,0.8563805977889356,4.478597407639608,4.478597407639608
oljnek,vq_ctw,30,nearest,1024.0,5.0,243.0,0.8668067203739885,1.0222736100688585,4.905032187760393,4.905032187760393
omcuky,direct_ctw,30,linear,,5.0,990.0,0.8271904952992195,1.3846942322531504,1.6475983815072224,1.8161336030159665
omcuky,direct_ctw,30,nearest,,5.0,133.0,0.8220141981846665,1.1187175954499153,1.846997317300174,2.019223000334696
omcuky,markov_order_1,30,linear,,5.0,990.0,0.7581763625198004,1.806446227097277,1.6475983815072224,1.8161336030159665
omcuky,markov_order_1,30,nearest,,5.0,133.0,0.6116809118615638,1.9297068426563917,1.846997317300174,2.019223000334696
omcuky,markov_order_2,30,linear,,5.0,990.0,0.7317050212873168,1.9577773238930796,1.6475983815072224,1.8161336030159665
omcuky,markov_order_2,30,nearest,,5.0,133.0,0.6213362386755851,1.9003239598237853,1.846997317300174,2.019223000334696
omcuky,vq_ctw,30,linear,256.0,5.0,990.0,0.9999999999980905,0.06370445824856641,4.167265570831456,4.167265570831456
omcuky,vq_ctw,30,linear,512.0,5.0,990.0,0.9918440754399112,0.07645960360058968,4.399040790603746,4.399040790603746
omcuky,vq_ctw,30,linear,1024.0,5.0,990.0,0.9919396016038429,0.08041666555566353,4.256893023681122,4.256893023681122
omcuky,vq_ctw,30,nearest,256.0,5.0,133.0,0.8674682074372706,0.9834714649180742,4.356750410332618,4.356750410332618
omcuky,vq_ctw,30,nearest,512.0,5.0,133.0,0.9060156409387738,0.7128051849470202,4.431869829941707,4.431869829941707
omcuky,vq_ctw,30,nearest,1024.0,5.0,133.0,0.858663410674571,1.0713235162421213,4.693268335036063,4.693268335036063
omdrid,direct_ctw,30,linear,,5.0,293.0,0.837910220026294,1.2876447342190784,1.6344230823013057,1.8109865194344756
omdrid,direct_ctw,30,nearest,,5.0,117.0,0.8205407631172135,1.0485718816624054,1.538208622071151,1.7247440938436855
omdrid,markov_order_1,30,linear,,5.0,293.0,0.7045156007512107,2.0576384156008554,1.6344230823013057,1.8109865194344756
omdrid,markov_order_1,30,nearest,,5.0,117.0,0.6654988849929281,1.6059390742726383,1.538208622071151,1.7247440938436855
omdrid,markov_order_2,30,linear,,5.0,293.0,0.6773206660869711,2.197988706534703,1.6344230823013057,1.8109865194344756
omdrid,markov_order_2,30,nearest,,5.0,117.0,0.6656965204306278,1.615092531701017,1.538208622071151,1.7247440938436855
omdrid,vq_ctw,30,linear,256.0,5.0,293.0,0.9999999999980906,0.05931512102278401,4.610155330490437,4.610155330490437
omdrid,vq_ctw,30,linear,512.0,5.0,293.0,0.983659617922,0.13670784724034232,4.721477863215436,4.721477863215436
omdrid,vq_ctw,30,linear,1024.0,5.0,293.0,0.9926115339612049,0.07032239748585076,4.857309190572757,4.857309190572757
omdrid,vq_ctw,30,nearest,256.0,5.0,117.0,0.8544072759067954,1.0139891544766588,3.9240731735741137,3.9240731735741137
omdrid,vq_ctw,30,nearest,512.0,5.0,117.0,0.8728190110521259,0.9465922884910082,4.227565673506915,4.227565673506915
omdrid,vq_ctw,30,nearest,1024.0,5.0,117.0,0.875959598732426,0.968419081863591,4.068962645222264,4.068962645222264
omluaj,direct_ctw,30,linear,,5.0,1006.0,0.82289445822179,1.5061778566138622,1.6557193145301399,1.814433954675951
omluaj,markov_order_1,30,linear,,5.0,1006.0,0.7265287556215315,2.1318367714931736,1.6557193145301399,1.814433954675951
omluaj,markov_order_2,30,linear,,5.0,1006.0,0.6968373597188176,2.3101203129937318,1.6557193145301399,1.814433954675951
omluaj,vq_ctw,30,linear,256.0,5.0,1006.0,0.9834153926339577,0.14809455534027688,4.8155885792814885,4.8155885792814885
omluaj,vq_ctw,30,linear,512.0,5.0,1006.0,0.9790928270949247,0.20054846386437608,5.048377719762524,5.048377719762524
omluaj,vq_ctw,30,linear,1024.0,5.0,1006.0,0.9807326349536587,0.17584174489114338,4.733462066254207,4.733462066254207
omwyek,direct_ctw,30,linear,,5.0,1007.0,0.8637357978142974,1.1991371047752442,1.5719513323621281,1.7376041367039574
omwyek,direct_ctw,30,nearest,,5.0,147.0,0.8223927448082249,0.9977909655087513,1.5249707443249478,1.6712842279198867
omwyek,markov_order_1,30,linear,,5.0,1007.0,0.8082780874677356,1.5840974817775904,1.5719513323621281,1.7376041367039574
omwyek,markov_order_1,30,nearest,,5.0,147.0,0.711055426154304,1.4734806372135485,1.5249707443249478,1.6712842279198867
omwyek,markov_order_2,30,linear,,5.0,1007.0,0.7815554400725713,1.758877243379646,1.5719513323621281,1.7376041367039574
omwyek,markov_order_2,30,nearest,,5.0,147.0,0.7114166334234733,1.4669884479111623,1.5249707443249478,1.6712842279198867
omwyek,vq_ctw,30,linear,256.0,5.0,1007.0,0.9956874340704507,0.0469283935560994,4.034778019626329,4.034778019626329
omwyek,vq_ctw,30,linear,512.0,5.0,1007.0,0.991877335821226,0.08431854317767074,4.026143913730811,4.026143913730811
omwyek,vq_ctw,30,linear,1024.0,5.0,1007.0,0.9954915211118627,0.04877066864626113,4.161372835174609,4.161372835174609
omwyek,vq_ctw,30,nearest,256.0,5.0,147.0,0.8898244118516071,0.7864164823956855,4.114987964087037,4.114987964087037
omwyek,vq_ctw,30,nearest,512.0,5.0,147.0,0.8916491542170368,0.7514254385235964,4.309186542418021,4.309186542418021
omwyek,vq_ctw,30,nearest,1024.0,5.0,147.0,0.8607896701463165,0.9522221433594072,4.208861815546524,4.208861815546524
onanns,direct_ctw,30,linear,,5.0,127.0,0.8224046624957655,1.1338654703463154,1.633673031696833,1.7804206132344744
onanns,direct_ctw,30,nearest,,5.0,32.0,0.8573966036485345,0.9221313063043489,1.6118043963602535,1.8083013153361223
onanns,markov_order_1,30,linear,,5.0,127.0,0.6969421026875051,1.6683900920263512,1.633673031696833,1.7804206132344744
onanns,markov_order_1,30,nearest,,5.0,32.0,0.6466180444110047,1.7575797070095434,1.6118043963602535,1.8083013153361223
onanns,markov_order_2,30,linear,,5.0,127.0,0.6983590765153747,1.6630179880822007,1.633673031696833,1.7804206132344744
onanns,markov_order_2,30,nearest,,5.0,32.0,0.6376735441733192,1.7858933699289656,1.6118043963602535,1.8083013153361223
onanns,vq_ctw,30,linear,256.0,5.0,127.0,1.0,0.0,3.423667734222523,3.423667734222523
onanns,vq_ctw,30,linear,512.0,5.0,127.0,0.9999999999980905,0.11523826783865417,3.446058326665391,3.446058326665391
onanns,vq_ctw,30,linear,1024.0,5.0,127.0,1.0,0.0,3.5698669289115967,3.5698669289115967
onanns,vq_ctw,30,nearest,256.0,5.0,32.0,0.8517194568987421,1.0217966958267932,5.0801082552992005,5.0801082552992005
onanns,vq_ctw,30,nearest,512.0,5.0,32.0,0.8743595109837559,0.943630748945388,4.828664607537973,4.828664607537973
onanns,vq_ctw,30,nearest,1024.0,5.0,32.0,0.8790955345604438,0.9335910878758453,4.422166861887014,4.422166861887014
oncalk,direct_ctw,30,linear,,5.0,1007.0,0.840442799467611,1.4002972780060225,1.684730987264867,1.8470834674196308
oncalk,direct_ctw,30,nearest,,5.0,147.0,0.8391011533630267,0.9726307954887277,1.568962731002366,1.7463857869480477
oncalk,markov_order_1,30,linear,,5.0,1007.0,0.7345792957344057,2.1107881419031886,1.684730987264867,1.8470834674196308
oncalk,markov_order_1,30,nearest,,5.0,147.0,0.7037262207995446,1.519268451155605,1.568962731002366,1.7463857869480477
oncalk,markov_order_2,30,linear,,5.0,1007.0,0.6891694438232516,2.3884026717049895,1.684730987264867,1.8470834674196308
oncalk,markov_order_2,30,nearest,,5.0,147.0,0.6789941126073228,1.598742159779689,1.568962731002366,1.7463857869480477
oncalk,vq_ctw,30,linear,256.0,5.0,1007.0,0.9999999999980905,0.11280714582087224,6.3633276350509735,6.3633276350509735
oncalk,vq_ctw,30,linear,512.0,5.0,1007.0,0.9581543929516488,0.3170148809861134,5.124302351383471,5.124302351383471
oncalk,vq_ctw,30,linear,1024.0,5.0,1007.0,0.970287014409192,0.22266343201796043,5.41599963433773,5.41599963433773
oncalk,vq_ctw,30,nearest,256.0,5.0,147.0,0.8565818843940193,0.9787036868864258,4.59640220165754,4.59640220165754
oncalk,vq_ctw,30,nearest,512.0,5.0,147.0,0.8758616591905104,0.9104500418531586,4.165075613547255,4.165075613547255
oncalk,vq_ctw,30,nearest,1024.0,5.0,147.0,0.8735746224601346,1.0073038005707864,4.074302684078849,4.074302684078849
oncixp,direct_ctw,30,linear,,5.0,1006.0,0.8029659737070085,1.5375734510991939,1.6631247801467337,1.8116748145783341
oncixp,markov_order_1,30,linear,,5.0,1006.0,0.7208483073914198,2.0183339779509835,1.6631247801467337,1.8116748145783341
oncixp,markov_order_2,30,linear,,5.0,1006.0,0.6925948942367326,2.17201159228077,1.6631247801467337,1.8116748145783341
oncixp,vq_ctw,30,linear,256.0,5.0,1006.0,0.9999999999980905,0.14458029702429095,4.723279459104729,4.723279459104729
oncixp,vq_ctw,30,linear,512.0,5.0,1006.0,0.9855786377728984,0.12327222662999232,5.111440678466176,5.111440678466176
oncixp,vq_ctw,30,linear,1024.0,5.0,1006.0,0.9868556553255343,0.12181584599809306,4.973076664007876,4.973076664007876
onghoj,direct_ctw,30,linear,,5.0,1007.0,0.8368092413286461,1.3696265393799043,1.6918136336620342,1.8653431804367915
onghoj,direct_ctw,30,nearest,,5.0,67.0,0.8541627233960783,0.9533405554550345,1.4775600702407599,1.6866512763935806
onghoj,markov_order_1,30,linear,,5.0,1007.0,0.7448093296838685,1.9574073038942457,1.6918136336620342,1.8653431804367915
onghoj,markov_order_1,30,nearest,,5.0,67.0,0.7211076775196438,1.5395301795803176,1.4775600702407599,1.6866512763935806
onghoj,markov_order_2,30,linear,,5.0,1007.0,0.7156018355740579,2.1296287892931125,1.6918136336620342,1.8653431804367915
onghoj,markov_order_2,30,nearest,,5.0,67.0,0.6952092469528709,1.634623856816642,1.4775600702407599,1.6866512763935806
onghoj,vq_ctw,30,linear,256.0,5.0,1007.0,0.9672423413130423,0.24079588191635562,6.323957130341114,6.323957130341114
onghoj,vq_ctw,30,linear,512.0,5.0,1007.0,0.974859579232503,0.23438957424291612,6.64960119908786,6.64960119908786
onghoj,vq_ctw,30,linear,1024.0,5.0,1007.0,0.9741811634730377,0.23291865911150206,6.183256206348469,6.183256206348469
onghoj,vq_ctw,30,nearest,256.0,5.0,67.0,0.8643201403521055,0.9909973353205502,4.6105467659974275,4.6105467659974275
onghoj,vq_ctw,30,nearest,512.0,5.0,67.0,0.8582517055830001,1.0349384387897573,4.016647993299358,4.016647993299358
onghoj,vq_ctw,30,nearest,1024.0,5.0,67.0,0.8765347991422205,0.9925113979168726,4.988318612069788,4.988318612069788
onkawc,direct_ctw,30,linear,,5.0,1007.0,0.8625191937309891,1.1906893095310005,1.6980942260186866,1.8386666546999855
onkawc,direct_ctw,30,nearest,,5.0,119.0,0.8307626838182691,1.0787730149250605,1.5932212306979532,1.7861451903786416
onkawc,markov_order_1,30,linear,,5.0,1007.0,0.7923177969345099,1.6631735168359139,1.6980942260186866,1.8386666546999855
onkawc,markov_order_1,30,nearest,,5.0,119.0,0.6302610912334167,1.871611803618591,1.5932212306979532,1.7861451903786416
onkawc,markov_order_2,30,linear,,5.0,1007.0,0.7714649019757445,1.7945855387717358,1.6980942260186866,1.8386666546999855
onkawc,markov_order_2,30,nearest,,5.0,119.0,0.6266713888961988,1.8844171870196196,1.5932212306979532,1.7861451903786416
onkawc,vq_ctw,30,linear,256.0,5.0,1007.0,0.9895671519615675,0.1001848521802572,3.9319116733012853,3.9319116733012853
onkawc,vq_ctw,30,linear,512.0,5.0,1007.0,0.9884980721680456,0.11729982013185494,4.078732850824628,4.078732850824628
onkawc,vq_ctw,30,linear,1024.0,5.0,1007.0,0.9896532780248192,0.09948218497937018,3.9759567563820597,3.9759567563820597
onkawc,vq_ctw,30,nearest,256.0,5.0,119.0,0.8698537869218916,0.9685104254525833,4.517544318886309,4.517544318886309
onkawc,vq_ctw,30,nearest,512.0,5.0,119.0,0.8584092307541036,1.012318734373981,4.684823116198606,4.684823116198606
onkawc,vq_ctw,30,nearest,1024.0,5.0,119.0,0.876216151485467,0.9921339690639794,4.824457116728055,4.824457116728055
ononma,direct_ctw,30,linear,,5.0,1007.0,0.8226864259625386,1.4975834777603079,1.6307464204083773,1.7981233918433253
ononma,direct_ctw,30,nearest,,5.0,104.0,0.836016230199423,0.9927647133071525,1.4975929349881243,1.7018015199496597
ononma,markov_order_1,30,linear,,5.0,1007.0,0.7424854348641626,2.018833216247957,1.6307464204083773,1.7981233918433253
ononma,markov_order_1,30,nearest,,5.0,104.0,0.673882635663668,1.6235411972316411,1.4975929349881243,1.7018015199496597
ononma,markov_order_2,30,linear,,5.0,1007.0,0.7062549205143536,2.2376199056478883,1.6307464204083773,1.7981233918433253
ononma,markov_order_2,30,nearest,,5.0,104.0,0.6667865212586991,1.64635970301487,1.4975929349881243,1.7018015199496597
ononma,vq_ctw,30,linear,256.0,5.0,1007.0,0.9912577594213141,0.0861907473691896,4.5372822499111445,4.5372822499111445
ononma,vq_ctw,30,linear,512.0,5.0,1007.0,0.9896991119739351,0.11368396194912483,4.719810076242461,4.719810076242461
ononma,vq_ctw,30,linear,1024.0,5.0,1007.0,0.9917275042088647,0.08831799973235017,4.609457435517317,4.609457435517317
ononma,vq_ctw,30,nearest,256.0,5.0,104.0,0.8832189536314459,0.8556806450948756,4.633590999035806,4.633590999035806
ononma,vq_ctw,30,nearest,512.0,5.0,104.0,0.8668921695267071,0.8855695164840002,3.8679016522665064,3.8679016522665064
ononma,vq_ctw,30,nearest,1024.0,5.0,104.0,0.8774062424964478,0.9537527908737732,3.9734829798248823,3.9734829798248823
onvahe,direct_ctw,30,linear,,5.0,1007.0,0.8356140463722677,1.459099939824031,1.6750027021236067,1.828511073155437
onvahe,direct_ctw,30,nearest,,5.0,75.0,0.8316480967139711,1.017312993253735,1.5535647606999772,1.730657690947586
onvahe,markov_order_1,30,linear,,5.0,1007.0,0.7576230418921418,1.9997538152734005,1.6750027021236067,1.828511073155437
onvahe,markov_order_1,30,nearest,,5.0,75.0,0.715665695960202,1.4736510341252238,1.5535647606999772,1.730657690947586
onvahe,markov_order_2,30,linear,,5.0,1007.0,0.7207318824071214,2.238000729554436,1.6750027021236067,1.828511073155437
onvahe,markov_order_2,30,nearest,,5.0,75.0,0.7041318883610842,1.511793187602412,1.5535647606999772,1.730657690947586
onvahe,vq_ctw,30,linear,256.0,5.0,1007.0,0.9929100716243885,0.07499429764488019,4.3212025089539825,4.3212025089539825
onvahe,vq_ctw,30,linear,512.0,5.0,1007.0,0.9864579739505009,0.1305355803807458,4.574483125964277,4.574483125964277
onvahe,vq_ctw,30,linear,1024.0,5.0,1007.0,0.992774776560433,0.08206096325840907,4.468686370129839,4.468686370129839
onvahe,vq_ctw,30,nearest,256.0,5.0,75.0,0.8555631110185321,1.029031519314162,5.6183843716895066,5.6183843716895066
onvahe,vq_ctw,30,nearest,512.0,5.0,75.0,0.8679786537362975,0.9882736437187083,4.491076458244349,4.491076458244349
onvahe,vq_ctw,30,nearest,1024.0,5.0,75.0,0.8664635250733356,1.0373928158858532,4.896109814110287,4.896109814110287
onwohy,direct_ctw,30,linear,,5.0,1007.0,0.8122610108687817,1.5893953389665536,1.732731883818815,1.8641762530032133
onwohy,markov_order_1,30,linear,,5.0,1007.0,0.6709269580311449,2.478681794154343,1.732731883818815,1.8641762530032133
onwohy,markov_order_2,30,linear,,5.0,1007.0,0.643360629124513,2.6356382945600765,1.732731883818815,1.8641762530032133
onwohy,vq_ctw,30,linear,256.0,5.0,1007.0,0.9145270535364839,0.5566472127463811,5.921834809662611,5.921834809662611
onwohy,vq_ctw,30,linear,512.0,5.0,1007.0,0.9193514530189331,0.6129337431525861,6.713082784433494,6.713082784433494
onwohy,vq_ctw,30,linear,1024.0,5.0,1007.0,0.9111347754070229,0.6390093613512388,6.766161970013059,6.766161970013059
onyacj,direct_ctw,30,linear,,5.0,1007.0,0.8332423353270015,1.4763838765436923,1.6515132413712084,1.8177715191550678
onyacj,direct_ctw,30,nearest,,5.0,176.0,0.834727183143423,0.9867534223814289,1.5302783673325022,1.7360851666222097
onyacj,markov_order_1,30,linear,,5.0,1007.0,0.7431978099916389,2.0941308537362424,1.6515132413712084,1.8177715191550678
onyacj,markov_order_1,30,nearest,,5.0,176.0,0.6833718707678819,1.5550184755576597,1.5302783673325022,1.7360851666222097
onyacj,markov_order_2,30,linear,,5.0,1007.0,0.705032041936237,2.3363816790263034,1.6515132413712084,1.8177715191550678
onyacj,markov_order_2,30,nearest,,5.0,176.0,0.6968317387260486,1.5133053435499548,1.5302783673325022,1.7360851666222097
onyacj,vq_ctw,30,linear,256.0,5.0,1007.0,0.9870086933942085,0.1206185020509806,4.5023479826372945,4.5023479826372945
onyacj,vq_ctw,30,linear,512.0,5.0,1007.0,0.9848277109840036,0.15599339075574223,4.676402943773218,4.676402943773218
onyacj,vq_ctw,30,linear,1024.0,5.0,1007.0,0.98257609433398,0.16717834896734213,4.535230663914626,4.535230663914626
onyacj,vq_ctw,30,nearest,256.0,5.0,176.0,0.8757723805553898,0.8887369436043276,4.298725179295258,4.298725179295258
onyacj,vq_ctw,30,nearest,512.0,5.0,176.0,0.8770918436793991,0.8205409655663939,4.234654113733806,4.234654113733806
onyacj,vq_ctw,30,nearest,1024.0,5.0,176.0,0.8588908021453476,1.0083137459161529,4.44767070228012,4.44767070228012
onyenr,direct_ctw,30,linear,,5.0,1007.0,0.8909915393443409,0.9599779523360653,1.5412061985638283,1.6802355040950876
onyenr,direct_ctw,30,nearest,,5.0,227.0,0.8409691158530924,1.0415597407546715,1.5269623179824536,1.728174291742807
onyenr,markov_order_1,30,linear,,5.0,1007.0,0.8379956145065596,1.3272660768256501,1.5412061985638283,1.6802355040950876
onyenr,markov_order_1,30,nearest,,5.0,227.0,0.6810732527026189,1.7454904541646485,1.5269623179824536,1.728174291742807
onyenr,markov_order_2,30,linear,,5.0,1007.0,0.8310730441001142,1.3728336756840431,1.5412061985638283,1.6802355040950876
onyenr,markov_order_2,30,nearest,,5.0,227.0,0.6654373222337148,1.804049950103049,1.5269623179824536,1.728174291742807
onyenr,vq_ctw,30,linear,256.0,5.0,1007.0,0.9964921493364347,0.03716693586616712,3.512525993977271,3.512525993977271
onyenr,vq_ctw,30,linear,512.0,5.0,1007.0,0.9919494762133747,0.08626540287111954,3.441800656704616,3.441800656704616
onyenr,vq_ctw,30,linear,1024.0,5.0,1007.0,0.996288009336157,0.04119777993212325,3.5023593698868476,3.5023593698868476
onyenr,vq_ctw,30,nearest,256.0,5.0,227.0,0.8572805181104163,1.0137251684504798,4.586308798843265,4.586308798843265
onyenr,vq_ctw,30,nearest,512.0,5.0,227.0,0.8588441270581011,0.9868753548466191,4.523891475168567,4.523891475168567
onyenr,vq_ctw,30,nearest,1024.0,5.0,227.0,0.863742441252723,1.0462647549249593,4.648303710007581,4.648303710007581
oocsod,direct_ctw,30,linear,,5.0,1007.0,0.843370834073762,1.3443229666746785,1.6109322809256315,1.7741156356295105
oocsod,direct_ctw,30,nearest,,5.0,115.0,0.8343003898136131,1.0038815953390334,1.6406517698578698,1.818484231405456
oocsod,markov_order_1,30,linear,,5.0,1007.0,0.767718880611402,1.8469668834794792,1.6109322809256315,1.7741156356295105
oocsod,markov_order_1,30,nearest,,5.0,115.0,0.669268690185465,1.6320227268245429,1.6406517698578698,1.818484231405456
oocsod,markov_order_2,30,linear,,5.0,1007.0,0.7410753185681368,2.0122793177925593,1.6109322809256315,1.7741156356295105
oocsod,markov_order_2,30,nearest,,5.0,115.0,0.6762529057533113,1.6230426346761322,1.6406517698578698,1.818484231405456
oocsod,vq_ctw,30,linear,256.0,5.0,1007.0,0.9999999999980905,0.03586935561511192,4.309018229155404,4.309018229155404
oocsod,vq_ctw,30,linear,512.0,5.0,1007.0,0.989361226819641,0.09563744117862581,4.262512482767481,4.262512482767481
oocsod,vq_ctw,30,linear,1024.0,5.0,1007.0,0.9931046465052674,0.06631860940240013,4.281109584816796,4.281109584816796
oocsod,vq_ctw,30,nearest,256.0,5.0,115.0,0.8487485764837308,1.0748219248502622,4.8075640916600255,4.8075640916600255
oocsod,vq_ctw,30,nearest,512.0,5.0,115.0,0.8614779894207663,0.9695186045578676,4.707680240827346,4.707680240827346
oocsod,vq_ctw,30,nearest,1024.0,5.0,115.0,0.8637839323244091,0.9986827844389955,4.369048002141377,4.369048002141377
oogchy,direct_ctw,30,linear,,5.0,1007.0,0.8322445513906762,1.4913215918485867,1.5986142987932073,1.7662149306518047
oogchy,direct_ctw,30,nearest,,5.0,85.0,0.8537762549746664,0.962056076689512,1.5290659385685972,1.710432028442806
oogchy,markov_order_1,30,linear,,5.0,1007.0,0.7333675292315882,2.1697531848770892,1.5986142987932073,1.7662149306518047
oogchy,markov_order_1,30,nearest,,5.0,85.0,0.706555805752079,1.5987540106231677,1.5290659385685972,1.710432028442806
oogchy,markov_order_2,30,linear,,5.0,1007.0,0.6911152323005624,2.436305755653951,1.5986142987932073,1.7662149306518047
oogchy,markov_order_2,30,nearest,,5.0,85.0,0.7037496497535508,1.6093902460704421,1.5290659385685972,1.710432028442806
oogchy,vq_ctw,30,linear,256.0,5.0,1007.0,0.9737937257732102,0.21653013505975705,5.020507539438604,5.020507539438604
oogchy,vq_ctw,30,linear,512.0,5.0,1007.0,0.9786133930601386,0.1919299393868568,5.65993744168571,5.65993744168571
oogchy,vq_ctw,30,linear,1024.0,5.0,1007.0,0.9781991991903383,0.20205541811053518,5.359345783565504,5.359345783565504
oogchy,vq_ctw,30,nearest,256.0,5.0,85.0,0.8629952832891687,1.0099571486916274,4.453174048848785,4.453174048848785
oogchy,vq_ctw,30,nearest,512.0,5.0,85.0,0.8673945864610668,0.9862015261486841,4.775690654694074,4.775690654694074
oogchy,vq_ctw,30,nearest,1024.0,5.0,85.0,0.8697757584737367,1.0247138097352098,4.683708761938412,4.683708761938412
ootquo,direct_ctw,30,linear,,5.0,1007.0,0.9012793377615869,0.9051650631546705,1.5570913507033814,1.7104488280851058
ootquo,direct_ctw,30,nearest,,5.0,32.0,0.8495878723326598,0.9116949494154736,1.6678132336723994,1.7648030355447617
ootquo,markov_order_1,30,linear,,5.0,1007.0,0.8454280186845066,1.3104675830985233,1.5570913507033814,1.7104488280851058
ootquo,markov_order_1,30,nearest,,5.0,32.0,0.7240143263475215,1.4018945262743276,1.6678132336723994,1.7648030355447617
ootquo,markov_order_2,30,linear,,5.0,1007.0,0.8234629689825749,1.4596972750912918,1.5570913507033814,1.7104488280851058
ootquo,markov_order_2,30,nearest,,5.0,32.0,0.6909365220922883,1.5102164009412467,1.6678132336723994,1.7648030355447617
ootquo,vq_ctw,30,linear,256.0,5.0,1007.0,0.9939238340001919,0.05955205403594417,5.3171754346470195,5.3171754346470195
ootquo,vq_ctw,30,linear,512.0,5.0,1007.0,0.9802814801796047,0.18564216864556313,4.097078142578278,4.097078142578278
ootquo,vq_ctw,30,linear,1024.0,5.0,1007.0,0.9858259610181737,0.1402514827849942,4.714591100919256,4.714591100919256
ootquo,vq_ctw,30,nearest,256.0,5.0,32.0,0.8935882699435156,0.7640671948851142,4.437625413116404,4.437625413116404
ootquo,vq_ctw,30,nearest,512.0,5.0,32.0,0.8679927586337643,0.9589391907630579,4.797657110713899,4.797657110713899
ootquo,vq_ctw,30,nearest,1024.0,5.0,32.0,0.8841436735230266,0.9181285684032592,5.042506970243313,5.042506970243313
ootyec,direct_ctw,30,linear,,5.0,1007.0,0.826161006785044,1.492996727052889,1.6348102211107818,1.8030767096679203
ootyec,direct_ctw,30,nearest,,5.0,200.0,0.8316294598881275,1.0367094602072775,1.5641428754231443,1.7330502303045898
ootyec,markov_order_1,30,linear,,5.0,1007.0,0.7464782027231722,2.0222800977819486,1.6348102211107818,1.8030767096679203
ootyec,markov_order_1,30,nearest,,5.0,200.0,0.6659720170963146,1.6723884382129643,1.5641428754231443,1.7330502303045898
ootyec,markov_order_2,30,linear,,5.0,1007.0,0.7066636202212481,2.2677736450264208,1.6348102211107818,1.8030767096679203
ootyec,markov_order_2,30,nearest,,5.0,200.0,0.6690729153400281,1.6664001813450016,1.5641428754231443,1.7330502303045898
ootyec,vq_ctw,30,linear,256.0,5.0,1007.0,0.9901027576405997,0.09000838922401974,4.299151251164425,4.299151251164425
ootyec,vq_ctw,30,linear,512.0,5.0,1007.0,0.9869977157931581,0.13028671236153544,4.387186652185557,4.387186652185557
ootyec,vq_ctw,30,linear,1024.0,5.0,1007.0,0.9879349808897377,0.12220550279503106,4.273296339922069,4.273296339922069
ootyec,vq_ctw,30,nearest,256.0,5.0,200.0,0.8576664145881782,1.0112327499879994,4.334879017724533,4.334879017724533
ootyec,vq_ctw,30,nearest,512.0,5.0,200.0,0.8707076564883616,0.9470381724387232,4.412719013412121,4.412719013412121
ootyec,vq_ctw,30,nearest,1024.0,5.0,200.0,0.8738796797024933,0.9887710051571448,4.4258281743048675,4.4258281743048675
oowfmu,direct_ctw,30,linear,,5.0,89.0,0.9094402897745563,0.6925685510296918,1.4934227249024576,1.639938178378272
oowfmu,markov_order_1,30,linear,,5.0,89.0,0.8069560099969066,1.2497389922615438,1.4934227249024576,1.639938178378272
oowfmu,markov_order_2,30,linear,,5.0,89.0,0.8058107769459888,1.2553112612376982,1.4934227249024576,1.639938178378272
oowfmu,vq_ctw,30,linear,256.0,5.0,89.0,1.0,0.0,4.4407871052994095,4.4407871052994095
oowfmu,vq_ctw,30,linear,512.0,5.0,89.0,1.0,0.0,4.2941743860311705,4.2941743860311705
oowfmu,vq_ctw,30,linear,1024.0,5.0,89.0,1.0,0.0,4.113872583383299,4.113872583383299
opgove,direct_ctw,30,linear,,5.0,1007.0,0.8909353258487867,1.037416077426101,1.4611456842494672,1.6450940773823874
opgove,direct_ctw,30,nearest,,5.0,42.0,0.8353940099180022,0.9744275313137846,1.5550271829932065,1.689142133369891
opgove,markov_order_1,30,linear,,5.0,1007.0,0.8286407787520851,1.5097518980707032,1.4611456842494672,1.6450940773823874
opgove,markov_order_1,30,nearest,,5.0,42.0,0.7242837066292003,1.4009806813934684,1.5550271829932065,1.689142133369891
opgove,markov_order_2,30,linear,,5.0,1007.0,0.7991560709773168,1.7186329973822343,1.4611456842494672,1.6450940773823874
opgove,markov_order_2,30,nearest,,5.0,42.0,0.7279226342211575,1.388584488669219,1.5550271829932065,1.689142133369891
opgove,vq_ctw,30,linear,256.0,5.0,1007.0,0.9859965292843583,0.12848997193512116,4.130689107934497,4.130689107934497
opgove,vq_ctw,30,linear,512.0,5.0,1007.0,0.9834550181248568,0.1599913738242885,4.336040942358607,4.336040942358607
opgove,vq_ctw,30,linear,1024.0,5.0,1007.0,0.9867929401797751,0.13551282424251956,4.379778024021693,4.379778024021693
opgove,vq_ctw,30,nearest,256.0,5.0,42.0,0.8656039717599888,0.9953975461867769,4.3534827729564824,4.3534827729564824
opgove,vq_ctw,30,nearest,512.0,5.0,42.0,0.8602076511299019,1.0480748647354783,3.5801443373763653,3.5801443373763653
opgove,vq_ctw,30,nearest,1024.0,5.0,42.0,0.8686023748297788,1.0474877476362154,4.215129428971496,4.215129428971496
ophgir,direct_ctw,30,linear,,5.0,991.0,0.846519867903442,1.3993057152798754,1.6763714751598433,1.8321091162843748
ophgir,direct_ctw,30,nearest,,5.0,41.0,0.8368835310677779,0.9679462186195049,1.6031388569413139,1.7687191339911577
ophgir,markov_order_1,30,linear,,5.0,991.0,0.755087162251074,2.049100106561575,1.6763714751598433,1.8321091162843748
ophgir,markov_order_1,30,nearest,,5.0,41.0,0.704516942728833,1.466665250910508,1.6031388569413139,1.7687191339911577
ophgir,markov_order_2,30,linear,,5.0,991.0,0.7131612671069263,2.3238839363359824,1.6763714751598433,1.8321091162843748
ophgir,markov_order_2,30,nearest,,5.0,41.0,0.7267320305686565,1.3926509188809213,1.6031388569413139,1.7687191339911577
ophgir,vq_ctw,30,linear,256.0,5.0,991.0,0.9888672651131173,0.10585722544235752,4.844898733698743,4.844898733698743
ophgir,vq_ctw,30,linear,512.0,5.0,991.0,0.9792568720576547,0.1992131160473791,4.573352813197282,4.573352813197282
ophgir,vq_ctw,30,linear,1024.0,5.0,991.0,0.9826909949178467,0.16067031957310365,4.473692594843646,4.473692594843646
ophgir,vq_ctw,30,nearest,256.0,5.0,41.0,0.8624815096838601,1.0345294202955762,4.509046018870279,4.509046018870279
ophgir,vq_ctw,30,nearest,512.0,5.0,41.0,0.8617574885422115,1.0388492194843342,3.884534173958753,3.884534173958753
ophgir,vq_ctw,30,nearest,1024.0,5.0,41.0,0.8771876842649095,0.9776686600384639,3.6383885484715055,3.6383885484715055
ophugb,direct_ctw,30,linear,,5.0,1007.0,0.8210971000510598,1.5953147147119224,1.5019922457820993,1.6892033678355516
ophugb,direct_ctw,30,nearest,,5.0,143.0,0.8305152562194833,1.033117676955747,1.4459004537250697,1.6469028038247064
ophugb,markov_order_1,30,linear,,5.0,1007.0,0.7253467920231782,2.2568367725884153,1.5019922457820993,1.6892033678355516
ophugb,markov_order_1,30,nearest,,5.0,143.0,0.7029512675199832,1.5380559505913378,1.4459004537250697,1.6469028038247064
ophugb,markov_order_2,30,linear,,5.0,1007.0,0.6736031274773433,2.5853845752876734,1.5019922457820993,1.6892033678355516
ophugb,markov_order_2,30,nearest,,5.0,143.0,0.6895912241749012,1.5892732609809335,1.4459004537250697,1.6469028038247064
ophugb,vq_ctw,30,linear,256.0,5.0,1007.0,0.981269164330062,0.1639416740697833,5.277540518073415,5.277540518073415
ophugb,vq_ctw,30,linear,512.0,5.0,1007.0,0.9723128055329302,0.25422758097537135,5.231873213312338,5.231873213312338
ophugb,vq_ctw,30,linear,1024.0,5.0,1007.0,0.9759769199581145,0.21924877187372574,5.286955849173301,5.286955849173301
ophugb,vq_ctw,30,nearest,256.0,5.0,143.0,0.8471957307423674,1.0782751418931382,4.7272053848014,4.7272053848014
ophugb,vq_ctw,30,nearest,512.0,5.0,143.0,0.8654098462119272,0.9915807063152329,4.397307936387638,4.397307936387638
ophugb,vq_ctw,30,nearest,1024.0,5.0,143.0,0.8661848592743283,1.0506786778168666,4.623304349775776,4.623304349775776
opjerm,direct_ctw,30,linear,,5.0,1007.0,0.8495207636144473,1.3828888872949066,1.643606751521467,1.7978587712645224
opjerm,direct_ctw,30,nearest,,5.0,81.0,0.8230351313919176,1.0511296233816572,1.5761893840888224,1.763919712471927
opjerm,markov_order_1,30,linear,,5.0,1007.0,0.756198190792417,2.0518340781432545,1.643606751521467,1.7978587712645224
opjerm,markov_order_1,30,nearest,,5.0,81.0,0.6851183661352304,1.5732495229632117,1.5761893840888224,1.763919712471927
opjerm,markov_order_2,30,linear,,5.0,1007.0,0.7170018028696383,2.311081815997362,1.643606751521467,1.7978587712645224
opjerm,markov_order_2,30,nearest,,5.0,81.0,0.6903206303950479,1.5566208145347786,1.5761893840888224,1.763919712471927
opjerm,vq_ctw,30,linear,256.0,5.0,1007.0,0.9835285848375286,0.14724789307507108,4.805543404614639,4.805543404614639
opjerm,vq_ctw,30,linear,512.0,5.0,1007.0,0.9811115361507673,0.1839792403611117,4.757562132763924,4.757562132763924
opjerm,vq_ctw,30,linear,1024.0,5.0,1007.0,0.9864953394271015,0.13812932335415473,4.7864200713655745,4.7864200713655745
opjerm,vq_ctw,30,nearest,256.0,5.0,81.0,0.8736411210168643,0.913626688746912,4.674911733621219,4.674911733621219
opjerm,vq_ctw,30,nearest,512.0,5.0,81.0,0.8517496514588423,1.0382295053984405,4.459752578913727,4.459752578913727
opjerm,vq_ctw,30,nearest,1024.0,5.0,81.0,0.855667807416923,1.0699237696386212,4.283132270965942,4.283132270965942
opmisa,direct_ctw,30,linear,,5.0,1007.0,0.8328106465044294,1.3855833554708175,1.5847872397411114,1.7548875732840212
opmisa,direct_ctw,30,nearest,,5.0,152.0,0.8410821319903214,1.0418287257359848,1.4519529770980735,1.6603088486390414
opmisa,markov_order_1,30,linear,,5.0,1007.0,0.7677775418555131,1.8018602229254608,1.5847872397411114,1.7548875732840212
opmisa,markov_order_1,30,nearest,,5.0,152.0,0.6999597425804469,1.6550721128548627,1.4519529770980735,1.6603088486390414
opmisa,markov_order_2,30,linear,,5.0,1007.0,0.7422559800320117,1.955416500041445,1.5847872397411114,1.7548875732840212
opmisa,markov_order_2,30,nearest,,5.0,152.0,0.6889703246970914,1.697698272415457,1.4519529770980735,1.6603088486390414
opmisa,vq_ctw,30,linear,256.0,5.0,1007.0,0.9999999999980905,0.04775633844058997,4.060618625170257,4.060618625170257
opmisa,vq_ctw,30,linear,512.0,5.0,1007.0,0.9918939078769821,0.07606440369574309,4.214680262833968,4.214680262833968
opmisa,vq_ctw,30,linear,1024.0,5.0,1007.0,0.9999999999980905,0.06098321156840918,4.096037822358308,4.096037822358308
opmisa,vq_ctw,30,nearest,256.0,5.0,152.0,0.8591452873906743,1.020307895598978,4.484303464842212,4.484303464842212
opmisa,vq_ctw,30,nearest,512.0,5.0,152.0,0.8733512127031549,0.9524153018662772,4.263897007637638,4.263897007637638
opmisa,vq_ctw,30,nearest,1024.0,5.0,152.0,0.8643446907127268,1.0433196276943804,4.566032940854167,4.566032940854167
opnown,direct_ctw,30,linear,,5.0,1007.0,0.8909410132029192,0.9333069846077234,1.700511308861081,1.8468858308535279
opnown,direct_ctw,30,nearest,,5.0,81.0,0.8353504402251577,0.9743405893397102,1.5456784954805793,1.6875114690280928
opnown,markov_order_1,30,linear,,5.0,1007.0,0.8435356894035473,1.251640805283895,1.700511308861081,1.8468858308535279
opnown,markov_order_1,30,nearest,,5.0,81.0,0.7095228277450192,1.4474485755912039,1.5456784954805793,1.6875114690280928
opnown,markov_order_2,30,linear,,5.0,1007.0,0.8394142524914548,1.2780519989664918,1.700511308861081,1.8468858308535279
opnown,markov_order_2,30,nearest,,5.0,81.0,0.720204072214947,1.4147323749639298,1.5456784954805793,1.6875114690280928
opnown,vq_ctw,30,linear,256.0,5.0,1007.0,0.9977524392878926,0.025259203669174314,3.197793477737243,3.197793477737243
opnown,vq_ctw,30,linear,512.0,5.0,1007.0,0.995090782350336,0.05453865473714727,3.2053264170728815,3.2053264170728815
opnown,vq_ctw,30,linear,1024.0,5.0,1007.0,0.9970449191741018,0.0337709901976789,3.210300804739976,3.210300804739976
opnown,vq_ctw,30,nearest,256.0,5.0,81.0,0.8876641359446251,0.8065625514511534,4.321721886212781,4.321721886212781
opnown,vq_ctw,30,nearest,512.0,5.0,81.0,0.8564757641611884,0.9946279727608309,4.203189267903846,4.203189267903846
opnown,vq_ctw,30,nearest,1024.0,5.0,81.0,0.8550969459530464,1.06191389030133,4.749964183625271,4.749964183625271
oquiat,direct_ctw,30,linear,,5.0,1007.0,0.8163286250485766,1.5613798416189348,1.64144079428723,1.8058147841344871
oquiat,direct_ctw,30,nearest,,5.0,180.0,0.8250730745196827,1.0702182481186835,1.5215911952485193,1.7051044300863418
oquiat,markov_order_1,30,linear,,5.0,1007.0,0.7198460368085912,2.187761089685317,1.64144079428723,1.8058147841344871
oquiat,markov_order_1,30,nearest,,5.0,180.0,0.6336741500453833,1.8072307294870102,1.5215911952485193,1.7051044300863418
oquiat,markov_order_2,30,linear,,5.0,1007.0,0.6784155462224659,2.435194077431348,1.64144079428723,1.8058147841344871
oquiat,markov_order_2,30,nearest,,5.0,180.0,0.6466225656176599,1.7761262839125487,1.5215911952485193,1.7051044300863418
oquiat,vq_ctw,30,linear,256.0,5.0,1007.0,0.9896802384454743,0.0992620115956051,5.229109492755613,5.229109492755613
oquiat,vq_ctw,30,linear,512.0,5.0,1007.0,0.9869873419219667,0.13379836789290997,5.230346951765231,5.230346951765231
oquiat,vq_ctw,30,linear,1024.0,5.0,1007.0,0.9860091106083303,0.13419954579321242,5.2137015016833965,5.2137015016833965
oquiat,vq_ctw,30,nearest,256.0,5.0,180.0,0.8561090457401256,0.9647562002142667,4.726021319870583,4.726021319870583
oquiat,vq_ctw,30,nearest,512.0,5.0,180.0,0.9035270176428551,0.6846309518549167,4.612442742860221,4.612442742860221
oquiat,vq_ctw,30,nearest,1024.0,5.0,180.0,0.8560470880150866,1.0101907491243778,4.789021054822868,4.789021054822868
orkbat,direct_ctw,30,linear,,5.0,1007.0,0.8362394275893718,1.4218937102785951,1.7063234336798148,1.8547464605588444
orkbat,direct_ctw,30,nearest,,5.0,206.0,0.8345999585167432,1.049975401879598,1.8590069270261433,2.005403489521812
orkbat,markov_order_1,30,linear,,5.0,1007.0,0.7599832678965215,1.9363206629079908,1.7063234336798148,1.8547464605588444
orkbat,markov_order_1,30,nearest,,5.0,206.0,0.6025673832623069,1.945610341895283,1.8590069270261433,2.005403489521812
orkbat,markov_order_2,30,linear,,5.0,1007.0,0.721920018840603,2.175060468306671,1.7063234336798148,1.8547464605588444
orkbat,markov_order_2,30,nearest,,5.0,206.0,0.6409010001960065,1.8416186101368097,1.8590069270261433,2.005403489521812
orkbat,vq_ctw,30,linear,256.0,5.0,1007.0,0.9885338767771151,0.10853640982313277,4.359179400085908,4.359179400085908
orkbat,vq_ctw,30,linear,512.0,5.0,1007.0,0.9874444346341334,0.13254262601620087,4.529030848393632,4.529030848393632
orkbat,vq_ctw,30,linear,1024.0,5.0,1007.0,0.9877090459184978,0.12020616663864378,4.351161657530794,4.351161657530794
orkbat,vq_ctw,30,nearest,256.0,5.0,206.0,0.861487360815535,1.0056710558022395,4.220052794565493,4.220052794565493
orkbat,vq_ctw,30,nearest,512.0,5.0,206.0,0.8669647995441044,0.9882264998574102,4.480707178867889,4.480707178867889
orkbat,vq_ctw,30,nearest,1024.0,5.0,206.0,0.8804373083079258,0.954013956500247,4.464948461018095,4.464948461018095
orocdu,direct_ctw,30,linear,,5.0,627.0,0.8406739657505122,1.2699989110086638,1.6314715741108017,1.801545118249451
orocdu,direct_ctw,30,nearest,,5.0,79.0,0.824892800925475,1.0735784257198027,1.535560327395051,1.714468829135103
orocdu,markov_order_1,30,linear,,5.0,627.0,0.7657824858901363,1.7221612915238442,1.6314715741108017,1.801545118249451
orocdu,markov_order_1,30,nearest,,5.0,79.0,0.6414003954465102,1.7760307444193184,1.535560327395051,1.714468829135103
orocdu,markov_order_2,30,linear,,5.0,627.0,0.7457031677472148,1.8352050103831004,1.6314715741108017,1.801545118249451
orocdu,markov_order_2,30,nearest,,5.0,79.0,0.6284477516897166,1.8194112124138182,1.535560327395051,1.714468829135103
orocdu,vq_ctw,30,linear,256.0,5.0,627.0,0.9999999999980905,0.08162689531946751,3.7920601775081297,3.7920601775081297
orocdu,vq_ctw,30,linear,512.0,5.0,627.0,0.989172929038363,0.097054619886747,3.798622969160027,3.798622969160027
orocdu,vq_ctw,30,linear,1024.0,5.0,627.0,0.99096143284889,0.08338842461896437,3.7927534865356454,3.7927534865356454
orocdu,vq_ctw,30,nearest,256.0,5.0,79.0,0.8578028529753702,1.0527160573115295,3.997496915120151,3.997496915120151
orocdu,vq_ctw,30,nearest,512.0,5.0,79.0,0.8709093921742634,1.0100635732109124,4.209321487430687,4.209321487430687
orocdu,vq_ctw,30,nearest,1024.0,5.0,79.0,0.8760835605845014,1.019063497096384,4.7368220581573155,4.7368220581573155
orptme,direct_ctw,30,linear,,5.0,1007.0,0.8489696716126061,1.3606466028411004,1.6027081827939935,1.765149929497868
orptme,direct_ctw,30,nearest,,5.0,302.0,0.8558062842286542,0.9540769469243076,1.6017103498239404,1.7644287286223814
orptme,markov_order_1,30,linear,,5.0,1007.0,0.7349177519495091,2.147588614831303,1.6027081827939935,1.765149929497868
orptme,markov_order_1,30,nearest,,5.0,302.0,0.705478548479032,1.6069900072433658,1.6017103498239404,1.7644287286223814
orptme,markov_order_2,30,linear,,5.0,1007.0,0.6845846239008043,2.461955686621249,1.6027081827939935,1.765149929497868
orptme,markov_order_2,30,nearest,,5.0,302.0,0.6818155237826096,1.6961495236207988,1.6017103498239404,1.7644287286223814
orptme,vq_ctw,30,linear,256.0,5.0,1007.0,0.9680473483158227,0.2679970222471157,5.559540379140611,5.559540379140611
orptme,vq_ctw,30,linear,512.0,5.0,1007.0,0.9591644253514371,0.3409275067345828,5.284545502260938,5.284545502260938
orptme,vq_ctw,30,linear,1024.0,5.0,1007.0,0.9543128519426327,0.37386802686453535,5.665804364941608,5.665804364941608
orptme,vq_ctw,30,nearest,256.0,5.0,302.0,0.8572288726042443,1.0119647518121113,6.2624588142350115,6.2624588142350115
orptme,vq_ctw,30,nearest,512.0,5.0,302.0,0.863131247765417,0.9742981304367003,6.412192513951372,6.412192513951372
orptme,vq_ctw,30,nearest,1024.0,5.0,302.0,0.8758014210814955,0.9755492039564333,6.787574140667487,6.787574140667487
orrrar,direct_ctw,30,linear,,5.0,1007.0,0.8351641031906756,1.391399438456017,1.6019066198526148,1.7767158045245686
orrrar,direct_ctw,30,nearest,,5.0,69.0,0.8443837285611093,1.004806719596577,1.5107281280172526,1.7117929256070177
orrrar,markov_order_1,30,linear,,5.0,1007.0,0.7538260179275693,1.9187407793946962,1.6019066198526148,1.7767158045245686
orrrar,markov_order_1,30,nearest,,5.0,69.0,0.6180944859205603,1.8705073329131428,1.5107281280172526,1.7117929256070177
orrrar,markov_order_2,30,linear,,5.0,1007.0,0.7288482408616771,2.0696842693951645,1.6019066198526148,1.7767158045245686
orrrar,markov_order_2,30,nearest,,5.0,69.0,0.6329730316973669,1.8434363260824418,1.5107281280172526,1.7117929256070177
orrrar,vq_ctw,30,linear,256.0,5.0,1007.0,0.9967479059695575,0.03481289222911109,4.5795023867399625,4.5795023867399625
orrrar,vq_ctw,30,linear,512.0,5.0,1007.0,0.9845070838045418,0.13988044404552485,4.482796181735164,4.482796181735164
orrrar,vq_ctw,30,linear,1024.0,5.0,1007.0,0.9876985038271664,0.1151883768076015,4.381316597795612,4.381316597795612
orrrar,vq_ctw,30,nearest,256.0,5.0,69.0,0.8708230298615838,0.9527583849473854,4.717571333618264,4.717571333618264
orrrar,vq_ctw,30,nearest,512.0,5.0,69.0,0.8685899131934115,0.9697484503996313,4.524794993455752,4.524794993455752
orrrar,vq_ctw,30,nearest,1024.0,5.0,69.0,0.8897398220191497,0.9194113819185806,5.035602237097377,5.035602237097377
orsyal,direct_ctw,30,linear,,5.0,1007.0,0.8161197528818819,1.4240133926958516,1.8304511030990032,1.9831568513788878
orsyal,direct_ctw,30,nearest,,5.0,152.0,0.8286724615541429,1.0740269505417814,1.6937590118524617,1.8614695169494389
orsyal,markov_order_1,30,linear,,5.0,1007.0,0.7387448534131863,1.8736550917528392,1.8304511030990032,1.9831568513788878
orsyal,markov_order_1,30,nearest,,5.0,152.0,0.6201458149173614,1.868567786510803,1.6937590118524617,1.8614695169494389
orsyal,markov_order_2,30,linear,,5.0,1007.0,0.7231029363461033,1.9587765678113105,1.8304511030990032,1.9831568513788878
orsyal,markov_order_2,30,nearest,,5.0,152.0,0.6330262446213506,1.8322354400383183,1.6937590118524617,1.8614695169494389
orsyal,vq_ctw,30,linear,256.0,5.0,1007.0,0.9999999999980905,0.04893627798250247,4.4147922959077555,4.4147922959077555
orsyal,vq_ctw,30,linear,512.0,5.0,1007.0,0.990282255223903,0.08863385037296585,4.395029845033328,4.395029845033328
orsyal,vq_ctw,30,linear,1024.0,5.0,1007.0,0.9915875463620241,0.07848707596444006,4.37368339073568,4.37368339073568
orsyal,vq_ctw,30,nearest,256.0,5.0,152.0,0.8586757327658286,0.988402193288143,4.2104421700346215,4.2104421700346215
orsyal,vq_ctw,30,nearest,512.0,5.0,152.0,0.8899383405382271,0.7943086614138317,4.35534321542963,4.35534321542963
orsyal,vq_ctw,30,nearest,1024.0,5.0,152.0,0.875707427297479,0.9771051634889065,4.5291027426579085,4.5291027426579085
osacmu,direct_ctw,30,linear,,5.0,374.0,0.8587233818827473,1.1254626472254086,1.7000769547286947,1.8592095714735843
osacmu,direct_ctw,30,nearest,,5.0,44.0,0.8277801254874059,1.0626399708513103,1.5354251563783117,1.750015593415152
osacmu,markov_order_1,30,linear,,5.0,374.0,0.7730381587747613,1.6368016803820462,1.7000769547286947,1.8592095714735843
osacmu,markov_order_1,30,nearest,,5.0,44.0,0.6842759060087654,1.632759458938638,1.5354251563783117,1.750015593415152
osacmu,markov_order_2,30,linear,,5.0,374.0,0.7573043305596313,1.7235229703229566,1.7000769547286947,1.8592095714735843
osacmu,markov_order_2,30,nearest,,5.0,44.0,0.6624969691616958,1.7060669802931263,1.5354251563783117,1.750015593415152
osacmu,vq_ctw,30,linear,256.0,5.0,374.0,0.9943921819348477,0.05889302216929746,4.086690370187319,4.086690370187319
osacmu,vq_ctw,30,linear,512.0,5.0,374.0,0.992794655524373,0.07604665978815173,4.262782529657482,4.262782529657482
osacmu,vq_ctw,30,linear,1024.0,5.0,374.0,0.990832617359884,0.09355622247497411,3.9624516078027714,3.9624516078027714
osacmu,vq_ctw,30,nearest,256.0,5.0,44.0,0.866701675112557,1.0092224110775607,4.556247555244115,4.556247555244115
osacmu,vq_ctw,30,nearest,512.0,5.0,44.0,0.8840292199448918,0.8852856837307587,4.641395010466645,4.641395010466645
osacmu,vq_ctw,30,nearest,1024.0,5.0,44.0,0.8726991057330273,1.0063580685945501,4.29869283890497,4.29869283890497
osckro,direct_ctw,30,linear,,5.0,1007.0,0.8227974716858536,1.543432238671158,1.615876881436065,1.7903705037059208
osckro,direct_ctw,30,nearest,,5.0,418.0,0.8410810386356521,1.0353644315590118,1.5710780335030308,1.7522406457378688
osckro,markov_order_1,30,linear,,5.0,1007.0,0.7341797498224741,2.1397536961415184,1.615876881436065,1.7903705037059208
osckro,markov_order_1,30,nearest,,5.0,418.0,0.6612183888334872,1.7953505809876975,1.5710780335030308,1.7522406457378688
osckro,markov_order_2,30,linear,,5.0,1007.0,0.6913443381195786,2.406155116101998,1.615876881436065,1.7903705037059208
osckro,markov_order_2,30,nearest,,5.0,418.0,0.6583676682392077,1.8074417289332252,1.5710780335030308,1.7522406457378688
osckro,vq_ctw,30,linear,256.0,5.0,1007.0,0.9855888935261938,0.13162941673878079,4.629380889895012,4.629380889895012
osckro,vq_ctw,30,linear,512.0,5.0,1007.0,0.9810878978450475,0.18417503365986998,4.75433638545854,4.75433638545854
osckro,vq_ctw,30,linear,1024.0,5.0,1007.0,0.9818742592169113,0.17287035008425575,4.571649567736308,4.571649567736308
osckro,vq_ctw,30,nearest,256.0,5.0,418.0,0.857782753419686,1.0377252565679256,4.621048604256486,4.621048604256486
osckro,vq_ctw,30,nearest,512.0,5.0,418.0,0.8709102685189752,0.9668221283568317,4.430601297058721,4.430601297058721
osckro,vq_ctw,30,nearest,1024.0,5.0,418.0,0.8618478818903387,1.068833788952934,4.872823373212607,4.872823373212607
oshyon,direct_ctw,30,linear,,5.0,1007.0,0.8219571062939321,1.4577977587396251,1.6247754032949822,1.7904908811968125
oshyon,direct_ctw,30,nearest,,5.0,72.0,0.8299328829575612,0.9660744274979929,1.350411282138599,1.5321170932453267
oshyon,markov_order_1,30,linear,,5.0,1007.0,0.752841690758436,1.8923407532671057,1.6247754032949822,1.7904908811968125
oshyon,markov_order_1,30,nearest,,5.0,72.0,0.7152578053690921,1.377953149221929,1.350411282138599,1.5321170932453267
oshyon,markov_order_2,30,linear,,5.0,1007.0,0.7246835758846882,2.058267477248163,1.6247754032949822,1.7904908811968125
oshyon,markov_order_2,30,nearest,,5.0,72.0,0.7122436736660852,1.3879015194698467,1.350411282138599,1.5321170932453267
oshyon,vq_ctw,30,linear,256.0,5.0,1007.0,0.9923694232992759,0.07227048054363118,4.219251532236382,4.219251532236382
oshyon,vq_ctw,30,linear,512.0,5.0,1007.0,0.988779592836113,0.10656317403567214,4.381283097135336,4.381283097135336
oshyon,vq_ctw,30,linear,1024.0,5.0,1007.0,0.9925412133151593,0.07834817353774981,4.25235345836893,4.25235345836893
oshyon,vq_ctw,30,nearest,256.0,5.0,72.0,0.885626364676416,0.8330054539894697,4.857365033798864,4.857365033798864
oshyon,vq_ctw,30,nearest,512.0,5.0,72.0,0.8701286732451057,0.9155937683419985,4.495469903114795,4.495469903114795
oshyon,vq_ctw,30,nearest,1024.0,5.0,72.0,0.8578699770976242,1.0165583637043847,4.371405073591113,4.371405073591113
osocce,direct_ctw,30,linear,,5.0,1007.0,0.831541668244673,1.445994148085383,1.6424550291412432,1.8013510941128918
osocce,direct_ctw,30,nearest,,5.0,226.0,0.8204652294833388,1.1365756929541313,1.6273508855009318,1.8196026215036822
osocce,markov_order_1,30,linear,,5.0,1007.0,0.7596873103461157,1.9251351959449063,1.6424550291412432,1.8013510941128918
osocce,markov_order_1,30,nearest,,5.0,226.0,0.6363038769312592,1.8696579110742573,1.6273508855009318,1.8196026215036822
osocce,markov_order_2,30,linear,,5.0,1007.0,0.7252878457361518,2.139413232946605,1.6424550291412432,1.8013510941128918
osocce,markov_order_2,30,nearest,,5.0,226.0,0.6283075574391934,1.8997989738330803,1.6273508855009318,1.8196026215036822
osocce,vq_ctw,30,linear,256.0,5.0,1007.0,0.9999999999980905,0.04605347841586528,4.229483901028739,4.229483901028739
osocce,vq_ctw,30,linear,512.0,5.0,1007.0,0.9839342924232695,0.1348059896521205,4.002920634214574,4.002920634214574
osocce,vq_ctw,30,linear,1024.0,5.0,1007.0,0.9910544008297804,0.09161035137407848,4.019467515505017,4.019467515505017
osocce,vq_ctw,30,nearest,256.0,5.0,226.0,0.8410149798448695,1.0926729266979915,4.554595153557092,4.554595153557092
osocce,vq_ctw,30,nearest,512.0,5.0,226.0,0.8839842469044659,0.875844207469608,4.393079364643421,4.393079364643421
osocce,vq_ctw,30,nearest,1024.0,5.0,226.0,0.8664599192192386,1.0725943897347867,4.414624251012955,4.414624251012955
otasfi,direct_ctw,30,linear,,5.0,1007.0,0.8648904354769889,1.2063608538233581,1.5280531567276208,1.6968572020119888
otasfi,direct_ctw,30,nearest,,5.0,537.0,0.8471932642115231,0.924811299374293,1.6043902667771828,1.7862449928636215
otasfi,markov_order_1,30,linear,,5.0,1007.0,0.7954444668715499,1.6924470771239049,1.5280531567276208,1.6968572020119888
otasfi,markov_order_1,30,nearest,,5.0,537.0,0.7000850022251481,1.4919802558951456,1.6043902667771828,1.7862449928636215
otasfi,markov_order_2,30,linear,,5.0,1007.0,0.7671311675507355,1.8775648065030817,1.5280531567276208,1.6968572020119888
otasfi,markov_order_2,30,nearest,,5.0,537.0,0.6987894479565299,1.5038265383107026,1.6043902667771828,1.7862449928636215
otasfi,vq_ctw,30,linear,256.0,5.0,1007.0,0.9999999999980905,0.050308881405764165,4.403862942382352,4.403862942382352
otasfi,vq_ctw,30,linear,512.0,5.0,1007.0,0.9858111550847131,0.12161982957915499,4.27333033844034,4.27333033844034
otasfi,vq_ctw,30,linear,1024.0,5.0,1007.0,0.9874419019314956,0.10986874469503058,4.271683976507569,4.271683976507569
otasfi,vq_ctw,30,nearest,256.0,5.0,537.0,0.8823431646116898,0.8298117816055952,4.509044679980708,4.509044679980708
otasfi,vq_ctw,30,nearest,512.0,5.0,537.0,0.8935337375985718,0.7994038729681143,4.22999909639984,4.22999909639984
otasfi,vq_ctw,30,nearest,1024.0,5.0,537.0,0.8647842161578059,0.9778198785782786,4.449114489179643,4.449114489179643
otfaho,direct_ctw,30,linear,,5.0,1006.0,0.8874365153307263,0.9940913944995181,1.7100781777986045,1.8625766971191042
otfaho,direct_ctw,30,nearest,,5.0,69.0,0.8410748721066574,0.9696973481626996,1.3980628392237366,1.6138466973649472
otfaho,markov_order_1,30,linear,,5.0,1006.0,0.8253702862996619,1.422923870529503,1.7100781777986045,1.8625766971191042
otfaho,markov_order_1,30,nearest,,5.0,69.0,0.715926265312379,1.4689314079199547,1.3980628392237366,1.6138466973649472
otfaho,markov_order_2,30,linear,,5.0,1006.0,0.8049364923784464,1.554995011350782,1.7100781777986045,1.8625766971191042
otfaho,markov_order_2,30,nearest,,5.0,69.0,0.6943110587316951,1.545044254944613,1.3980628392237366,1.6138466973649472
otfaho,vq_ctw,30,linear,256.0,5.0,1006.0,0.9943081186492354,0.05632378489226783,4.678767653607006,4.678767653607006
otfaho,vq_ctw,30,linear,512.0,5.0,1006.0,0.9862521701133398,0.1366439801149583,4.078243633897843,4.078243633897843
otfaho,vq_ctw,30,linear,1024.0,5.0,1006.0,0.9892696858723176,0.10260383552524525,4.258491391995464,4.258491391995464
otfaho,vq_ctw,30,nearest,256.0,5.0,69.0,0.9023203368103386,0.7339707379893172,5.03314814306618,5.03314814306618
otfaho,vq_ctw,30,nearest,512.0,5.0,69.0,0.8721041436923103,0.9472517210428194,4.318993075415013,4.318993075415013
otfaho,vq_ctw,30,nearest,1024.0,5.0,69.0,0.8736325869480255,0.9556130758850209,4.197738550326389,4.197738550326389
otmego,direct_ctw,30,linear,,5.0,991.0,0.9276378091299735,0.650186230746279,1.7473493196518748,1.8932491544198229
otmego,markov_order_1,30,linear,,5.0,991.0,0.8879525684743811,0.9326652484726171,1.7473493196518748,1.8932491544198229
otmego,markov_order_2,30,linear,,5.0,991.0,0.889811695348856,0.9200096647217898,1.7473493196518748,1.8932491544198229
otmego,vq_ctw,30,linear,256.0,5.0,991.0,0.9942793485232988,0.0565667479665347,3.105500778896779,3.105500778896779
otmego,vq_ctw,30,linear,512.0,5.0,991.0,0.9917783847767336,0.07697989182334561,3.190578684905007,3.190578684905007
otmego,vq_ctw,30,linear,1024.0,5.0,991.0,0.9925530962927195,0.07079364337048802,3.228302834958707,3.228302834958707
otscok,direct_ctw,30,linear,,5.0,1007.0,0.816456689440478,1.5180369767877486,1.6976512928559102,1.8615894541414115
otscok,direct_ctw,30,nearest,,5.0,291.0,0.8241058321748427,1.0757595578883696,1.630848921118614,1.817058905573191
otscok,markov_order_1,30,linear,,5.0,1007.0,0.7382247943018921,2.013569745955215,1.6976512928559102,1.8615894541414115
otscok,markov_order_1,30,nearest,,5.0,291.0,0.6331602244213587,1.8100427752733879,1.630848921118614,1.817058905573191
otscok,markov_order_2,30,linear,,5.0,1007.0,0.7052768066055691,2.2079432257183838,1.6976512928559102,1.8615894541414115
otscok,markov_order_2,30,nearest,,5.0,291.0,0.6392898421887406,1.7985667584785763,1.630848921118614,1.817058905573191
otscok,vq_ctw,30,linear,256.0,5.0,1007.0,0.9918077309984423,0.07674755636253912,4.138426466934832,4.138426466934832
otscok,vq_ctw,30,linear,512.0,5.0,1007.0,0.9868080798177556,0.11447075787692013,4.272975345706498,4.272975345706498
otscok,vq_ctw,30,linear,1024.0,5.0,1007.0,0.9900501759974962,0.10035996558026952,4.148491278980472,4.148491278980472
otscok,vq_ctw,30,nearest,256.0,5.0,291.0,0.8644534555615374,0.9924355374246359,4.745351341059936,4.745351341059936
otscok,vq_ctw,30,nearest,512.0,5.0,291.0,0.8724140649370136,0.9296626780082687,4.390808130600921,4.390808130600921
otscok,vq_ctw,30,nearest,1024.0,5.0,291.0,0.8598025360551933,1.027291917152805,5.044415433034007,5.044415433034007
otswra,direct_ctw,30,linear,,5.0,826.0,0.8331135745677488,1.3180781367010046,1.6097266531394852,1.7764301150214874
otswra,direct_ctw,30,nearest,,5.0,266.0,0.8226883997249089,1.0830773099159698,1.704955843965512,1.8632344704336388
otswra,markov_order_1,30,linear,,5.0,826.0,0.770907429424737,1.6927963755524658,1.6097266531394852,1.7764301150214874
otswra,markov_order_1,30,nearest,,5.0,266.0,0.6575224283664606,1.7191617689269407,1.704955843965512,1.8632344704336388
otswra,markov_order_2,30,linear,,5.0,826.0,0.7522567975679024,1.798654361000749,1.6097266531394852,1.7764301150214874
otswra,markov_order_2,30,nearest,,5.0,266.0,0.6522373068176187,1.7360693299563632,1.704955843965512,1.8632344704336388
otswra,vq_ctw,30,linear,256.0,5.0,826.0,0.9999999999980906,0.038397504009903126,4.004833765294659,4.004833765294659
otswra,vq_ctw,30,linear,512.0,5.0,826.0,0.9941632604449417,0.05754498778545413,4.164276589907311,4.164276589907311
otswra,vq_ctw,30,linear,1024.0,5.0,826.0,0.9933932393750321,0.06395185691984273,4.030277031281526,4.030277031281526
otswra,vq_ctw,30,nearest,256.0,5.0,266.0,0.8684929915450502,0.9416398479250879,4.47056415359741,4.47056415359741
otswra,vq_ctw,30,nearest,512.0,5.0,266.0,0.8810724057592016,0.8630288785502861,4.257088558328624,4.257088558328624
otswra,vq_ctw,30,nearest,1024.0,5.0,266.0,0.8521239658200302,1.0660226139987614,4.173932648483503,4.173932648483503
otvasd,direct_ctw,30,linear,,5.0,1007.0,0.8245869778905092,1.4634306032650921,1.656017704167998,1.8187125203394998
otvasd,direct_ctw,30,nearest,,5.0,211.0,0.813084784546551,1.0733054838162606,1.646937230725324,1.8131831550283561
otvasd,markov_order_1,30,linear,,5.0,1007.0,0.7402799082042034,2.0011836198891992,1.656017704167998,1.8187125203394998
otvasd,markov_order_1,30,nearest,,5.0,211.0,0.6492616004537636,1.6471493629174996,1.646937230725324,1.8131831550283561
otvasd,markov_order_2,30,linear,,5.0,1007.0,0.712251261574723,2.167444605831329,1.656017704167998,1.8187125203394998
otvasd,markov_order_2,30,nearest,,5.0,211.0,0.6644802716037641,1.6150880574344764,1.646937230725324,1.8131831550283561
otvasd,vq_ctw,30,linear,256.0,5.0,1007.0,0.9819468213235634,0.14841873204090764,4.334967049261168,4.334967049261168
otvasd,vq_ctw,30,linear,512.0,5.0,1007.0,0.9854761116866324,0.14701890369617016,4.649256465799269,4.649256465799269
otvasd,vq_ctw,30,linear,1024.0,5.0,1007.0,0.9878342698929621,0.1191623142309508,4.699951641107906,4.699951641107906
otvasd,vq_ctw,30,nearest,256.0,5.0,211.0,0.8643494441644759,0.9834179861056253,4.366524047728429,4.366524047728429
otvasd,vq_ctw,30,nearest,512.0,5.0,211.0,0.8907548880396196,0.7982804206719133,4.368732678320682,4.368732678320682
otvasd,vq_ctw,30,nearest,1024.0,5.0,211.0,0.8593411425446087,1.0458163437590067,4.757201544085332,4.757201544085332
ouvdan,direct_ctw,30,linear,,5.0,992.0,0.8590717080216659,1.1957467157346215,1.6398962621830562,1.7877381845001843
ouvdan,direct_ctw,30,nearest,,5.0,295.0,0.8315468228423366,1.0600661668383846,1.6584063497522936,1.8288814572342875
ouvdan,markov_order_1,30,linear,,5.0,992.0,0.7890093373128952,1.6552585658814936,1.6398962621830562,1.7877381845001843
ouvdan,markov_order_1,30,nearest,,5.0,295.0,0.6409603944544671,1.7988923564919879,1.6584063497522936,1.8288814572342875
ouvdan,markov_order_2,30,linear,,5.0,992.0,0.771915725693727,1.7604206189874705,1.6398962621830562,1.7877381845001843
ouvdan,markov_order_2,30,nearest,,5.0,295.0,0.6324368730687918,1.8353305017415704,1.6584063497522936,1.8288814572342875
ouvdan,vq_ctw,30,linear,256.0,5.0,992.0,0.9875449161908617,0.1091164299587939,4.007149847919203,4.007149847919203
ouvdan,vq_ctw,30,linear,512.0,5.0,992.0,0.9894677372930561,0.10536593124089495,4.327433382818461,4.327433382818461
ouvdan,vq_ctw,30,linear,1024.0,5.0,992.0,0.9882479503420893,0.11570043450862932,4.2087850501354565,4.2087850501354565
ouvdan,vq_ctw,30,nearest,256.0,5.0,295.0,0.8618929585391301,0.9980643758126184,4.344646574642232,4.344646574642232
ouvdan,vq_ctw,30,nearest,512.0,5.0,295.0,0.8617249694320052,0.9998138247547137,4.396526554675889,4.396526554675889
ouvdan,vq_ctw,30,nearest,1024.0,5.0,295.0,0.8754704343740446,0.9896395375159752,4.292392828531334,4.292392828531334
ovkojy,direct_ctw,30,linear,,5.0,992.0,0.8289471406308409,1.4734447205804855,1.6837930103968006,1.8492885468971114
ovkojy,direct_ctw,30,nearest,,5.0,246.0,0.8194600633179202,1.0891324543224077,1.6235070301133026,1.803381586323407
ovkojy,markov_order_1,30,linear,,5.0,992.0,0.7516323882441126,1.9896406368570436,1.6837930103968006,1.8492885468971114
ovkojy,markov_order_1,30,nearest,,5.0,246.0,0.6168202467272712,1.840225341351292,1.6235070301133026,1.803381586323407
ovkojy,markov_order_2,30,linear,,5.0,992.0,0.7164018668695681,2.2087845339810026,1.6837930103968006,1.8492885468971114
ovkojy,markov_order_2,30,nearest,,5.0,246.0,0.6365992311731928,1.7883399101695976,1.6235070301133026,1.803381586323407
ovkojy,vq_ctw,30,linear,256.0,5.0,992.0,0.995203867233532,0.0514534160476253,3.9874666971950528,3.9874666971950528
ovkojy,vq_ctw,30,linear,512.0,5.0,992.0,0.9892425061251963,0.11358174959170364,4.071869316302042,4.071869316302042
ovkojy,vq_ctw,30,linear,1024.0,5.0,992.0,0.9923646108062869,0.07677550513064975,4.161152966514757,4.161152966514757
ovkojy,vq_ctw,30,nearest,256.0,5.0,246.0,0.8666887134132336,0.9706792491615913,4.5362460910027895,4.5362460910027895
ovkojy,vq_ctw,30,nearest,512.0,5.0,246.0,0.880609473244144,0.8814043913269684,4.408922571665523,4.408922571665523
ovkojy,vq_ctw,30,nearest,1024.0,5.0,246.0,0.868770109036885,1.015771454553122,4.549732883745036,4.549732883745036
ovnacg,direct_ctw,30,linear,,5.0,1006.0,0.8160015043825343,1.6169075022435464,1.5537244196917976,1.7160750922728292
ovnacg,markov_order_1,30,linear,,5.0,1006.0,0.7009170552187772,2.388859255309618,1.5537244196917976,1.7160750922728292
ovnacg,markov_order_2,30,linear,,5.0,1006.0,0.6471569827987663,2.7164607551524598,1.5537244196917976,1.7160750922728292
ovnacg,vq_ctw,30,linear,256.0,5.0,1006.0,0.9323226220431473,0.46446179028537293,5.888872791614164,5.888872791614164
ovnacg,vq_ctw,30,linear,512.0,5.0,1006.0,0.9514478271003165,0.4165177451637067,6.570270796744392,6.570270796744392
ovnacg,vq_ctw,30,linear,1024.0,5.0,1006.0,0.9478555093510432,0.4418257773072643,6.278351613232389,6.278351613232389
ovyijn,direct_ctw,30,linear,,5.0,1007.0,0.8440548329956468,1.2869640157441689,1.6392028461698087,1.802277111669552
ovyijn,direct_ctw,30,nearest,,5.0,151.0,0.8395537931109859,0.9918242785609528,1.5510666848438737,1.7182873050306788
ovyijn,markov_order_1,30,linear,,5.0,1007.0,0.7756219742290285,1.7212230459178013,1.6392028461698087,1.802277111669552
ovyijn,markov_order_1,30,nearest,,5.0,151.0,0.6643352838636895,1.6868363832987938,1.5510666848438737,1.7182873050306788
ovyijn,markov_order_2,30,linear,,5.0,1007.0,0.7583003410249439,1.824577977867975,1.6392028461698087,1.802277111669552
ovyijn,markov_order_2,30,nearest,,5.0,151.0,0.6535885897273092,1.7216185015423409,1.5510666848438737,1.7182873050306788
ovyijn,vq_ctw,30,linear,256.0,5.0,1007.0,0.9931827564422888,0.06567979222900962,3.9725399019051078,3.9725399019051078
ovyijn,vq_ctw,30,linear,512.0,5.0,1007.0,0.9933685367567842,0.06803430603755732,4.110289780072454,4.110289780072454
ovyijn,vq_ctw,30,linear,1024.0,5.0,1007.0,0.9940328069923576,0.06213086938216831,4.015832769458924,4.015832769458924
ovyijn,vq_ctw,30,nearest,256.0,5.0,151.0,0.8631783927591202,0.9958343223886034,4.521871385331364,4.521871385331364
ovyijn,vq_ctw,30,nearest,512.0,5.0,151.0,0.8865712448578332,0.8646192723743246,4.715323930243447,4.715323930243447
ovyijn,vq_ctw,30,nearest,1024.0,5.0,151.0,0.8752891687934401,1.004563187474575,4.49979911621666,4.49979911621666
owbsus,direct_ctw,30,linear,,5.0,1007.0,0.8250860677210632,1.500519331654147,1.7257959050723628,1.8782231640578149
owbsus,direct_ctw,30,nearest,,5.0,128.0,0.8354489308239975,1.074487103691135,1.6816239834595703,1.8350253311038731
owbsus,markov_order_1,30,linear,,5.0,1007.0,0.7271417834558639,2.142946288471246,1.7257959050723628,1.8782231640578149
owbsus,markov_order_1,30,nearest,,5.0,128.0,0.6239325822395836,1.9288724523292589,1.6816239834595703,1.8350253311038731
owbsus,markov_order_2,30,linear,,5.0,1007.0,0.6946183312971442,2.3398257407314276,1.7257959050723628,1.8782231640578149
owbsus,markov_order_2,30,nearest,,5.0,128.0,0.6534448506433023,1.8408334033579488,1.6816239834595703,1.8350253311038731
owbsus,vq_ctw,30,linear,256.0,5.0,1007.0,0.9928067779391461,0.07295079806086369,5.520612574308221,5.520612574308221
owbsus,vq_ctw,30,linear,512.0,5.0,1007.0,0.9912441279001721,0.09506124606874314,5.38996236294361,5.38996236294361
owbsus,vq_ctw,30,linear,1024.0,5.0,1007.0,0.9905416686951151,0.09609711230792413,5.37089399486502,5.37089399486502
owbsus,vq_ctw,30,nearest,256.0,5.0,128.0,0.8544984052109343,1.0419295188495457,4.867045479634759,4.867045479634759
owbsus,vq_ctw,30,nearest,512.0,5.0,128.0,0.8819871481813698,0.8295076218505204,4.835102137341405,4.835102137341405
owbsus,vq_ctw,30,nearest,1024.0,5.0,128.0,0.8677522806717127,1.0028446336701913,4.522472701248291,4.522472701248291
owgves,direct_ctw,30,linear,,5.0,1007.0,0.8488983022391337,1.2864181393316363,1.5950014714836438,1.7667175212565038
owgves,direct_ctw,30,nearest,,5.0,158.0,0.8549251669536974,0.8387554975220662,1.4352899909960068,1.6443469719846764
owgves,markov_order_1,30,linear,,5.0,1007.0,0.7800548051303705,1.740897974086856,1.5950014714836438,1.7667175212565038
owgves,markov_order_1,30,nearest,,5.0,158.0,0.7471783821682713,1.224786851548015,1.4352899909960068,1.6443469719846764
owgves,markov_order_2,30,linear,,5.0,1007.0,0.7609657527349792,1.8593874546841567,1.5950014714836438,1.7667175212565038
owgves,markov_order_2,30,nearest,,5.0,158.0,0.7527396427661348,1.2224217834644457,1.4352899909960068,1.6443469719846764
owgves,vq_ctw,30,linear,256.0,5.0,1007.0,0.9892837998331052,0.10248933585341506,3.9254124786105726,3.9254124786105726
owgves,vq_ctw,30,linear,512.0,5.0,1007.0,0.9866915326264732,0.1329049026991268,4.048939410316654,4.048939410316654
owgves,vq_ctw,30,linear,1024.0,5.0,1007.0,0.9871491647635855,0.12485073758147884,3.964946350874782,3.964946350874782
owgves,vq_ctw,30,nearest,256.0,5.0,158.0,0.902320118630134,0.7065128122804772,3.9698810258528225,3.9698810258528225
owgves,vq_ctw,30,nearest,512.0,5.0,158.0,0.8917305172190768,0.8636016508643527,4.0419556680554845,4.0419556680554845
owgves,vq_ctw,30,nearest,1024.0,5.0,158.0,0.8730522152121067,0.9157215557925988,4.056985988910575,4.056985988910575
owhagm,direct_ctw,30,linear,,5.0,837.0,0.8858179475347712,1.0359232569138435,1.780528566614279,1.9370525527625482
owhagm,direct_ctw,30,nearest,,5.0,70.0,0.8170574424075208,1.0432342302293132,1.923503925454314,2.0517990872021095
owhagm,markov_order_1,30,linear,,5.0,837.0,0.8060842420375838,1.598687905974935,1.780528566614279,1.9370525527625482
owhagm,markov_order_1,30,nearest,,5.0,70.0,0.617829306721119,1.719961027055046,1.923503925454314,2.0517990872021095
owhagm,markov_order_2,30,linear,,5.0,837.0,0.7782473142427881,1.780082715461018,1.780528566614279,1.9370525527625482
owhagm,markov_order_2,30,nearest,,5.0,70.0,0.6464430878833998,1.641362028137036,1.923503925454314,2.0517990872021095
owhagm,vq_ctw,30,linear,256.0,5.0,837.0,0.99224685071287,0.08100559882734756,6.061363477456924,6.061363477456924
owhagm,vq_ctw,30,linear,512.0,5.0,837.0,0.987858413397523,0.11896084088797558,5.282960840335338,5.282960840335338
owhagm,vq_ctw,30,linear,1024.0,5.0,837.0,0.983337784170487,0.14867440077976318,5.2237220081894735,5.2237220081894735
owhagm,vq_ctw,30,nearest,256.0,5.0,70.0,0.8520578044908663,0.9743634648115492,4.745329122923657,4.745329122923657
owhagm,vq_ctw,30,nearest,512.0,5.0,70.0,0.8873491136881626,0.6499324780764028,4.071258361820647,4.071258361820647
owhagm,vq_ctw,30,nearest,1024.0,5.0,70.0,0.8486560385035296,1.0329059993546683,4.470119695782442,4.470119695782442
owufre,direct_ctw,30,linear,,5.0,1006.0,0.8303598786872258,1.463500558903726,1.7652262580556295,1.907466733454218
owufre,direct_ctw,30,nearest,,5.0,32.0,0.8205300105321796,1.0956326171999318,1.2463543210260168,1.4318309063631818
owufre,markov_order_1,30,linear,,5.0,1006.0,0.7114800129197965,2.238681814801116,1.7652262580556295,1.907466733454218
owufre,markov_order_1,30,nearest,,5.0,32.0,0.6271177774176253,1.8186651685043036,1.2463543210260168,1.4318309063631818
owufre,markov_order_2,30,linear,,5.0,1006.0,0.6752234885349158,2.4537760766251533,1.7652262580556295,1.907466733454218
owufre,markov_order_2,30,nearest,,5.0,32.0,0.6641999185082013,1.7004464980223333,1.2463543210260168,1.4318309063631818
owufre,vq_ctw,30,linear,256.0,5.0,1006.0,0.944895610387013,0.36280088913725983,6.033556334139848,6.033556334139848
owufre,vq_ctw,30,linear,512.0,5.0,1006.0,0.9623740678643874,0.3186639400441659,6.514422189028677,6.514422189028677
owufre,vq_ctw,30,linear,1024.0,5.0,1006.0,0.953356203680417,0.3652528270174465,6.033259467161019,6.033259467161019
owufre,vq_ctw,30,nearest,256.0,5.0,32.0,0.8183774919009918,1.1053280569305688,5.776708726628926,5.776708726628926
owufre,vq_ctw,30,nearest,512.0,5.0,32.0,0.8418200118460375,1.038827012941962,7.404611285514321,7.404611285514321
owufre,vq_ctw,30,nearest,1024.0,5.0,32.0,0.8423936612955432,1.0359587555485292,7.504687433919881,7.504687433919881
oxdogh,direct_ctw,30,linear,,5.0,948.0,0.8392152932640365,1.4091326730600242,1.5871787822043755,1.758560760501865
oxdogh,direct_ctw,30,nearest,,5.0,248.0,0.8489928892541423,1.017979174774272,1.6638238598934647,1.856340904596142
oxdogh,markov_order_1,30,linear,,5.0,948.0,0.7540489840316162,1.9871711627143775,1.5871787822043755,1.758560760501865
oxdogh,markov_order_1,30,nearest,,5.0,248.0,0.6944525221325023,1.7108728980081467,1.6638238598934647,1.856340904596142
oxdogh,markov_order_2,30,linear,,5.0,948.0,0.7148033437256596,2.233476901582637,1.5871787822043755,1.758560760501865
oxdogh,markov_order_2,30,nearest,,5.0,248.0,0.6892272619093268,1.7320801031318172,1.6638238598934647,1.856340904596142
oxdogh,vq_ctw,30,linear,256.0,5.0,948.0,0.9893583040965712,0.10188446818254698,4.806456201542483,4.806456201542483
oxdogh,vq_ctw,30,linear,512.0,5.0,948.0,0.9790735259875388,0.19520106982372876,4.767973274380074,4.767973274380074
oxdogh,vq_ctw,30,linear,1024.0,5.0,948.0,0.984764835054133,0.14424806557134565,4.79210174354462,4.79210174354462
oxdogh,vq_ctw,30,nearest,256.0,5.0,248.0,0.8691689183627948,0.9225574774898563,4.595138748048151,4.595138748048151
oxdogh,vq_ctw,30,nearest,512.0,5.0,248.0,0.8793318223981242,0.8537102650011061,4.559314570932407,4.559314570932407
oxdogh,vq_ctw,30,nearest,1024.0,5.0,248.0,0.858521858707617,1.0877377390391636,4.520093231743918,4.520093231743918
oyclsd,direct_ctw,30,linear,,5.0,1007.0,0.8872463134458926,0.9783408563065359,1.6869321170951852,1.8321647098838676
oyclsd,markov_order_1,30,linear,,5.0,1007.0,0.8070175851456269,1.51239111172543,1.6869321170951852,1.8321647098838676
oyclsd,markov_order_2,30,linear,,5.0,1007.0,0.7991577368223645,1.5611066009009331,1.6869321170951852,1.8321647098838676
oyclsd,vq_ctw,30,linear,256.0,5.0,1007.0,0.9999999999980905,0.2077323434027428,6.795955902746874,6.795955902746874
oyclsd,vq_ctw,30,linear,512.0,5.0,1007.0,0.9999999999980905,0.1342874880964555,7.265953138591455,7.265953138591455
oyclsd,vq_ctw,30,linear,1024.0,5.0,1007.0,0.9751213441768006,0.19289779816070918,6.595156117428672,6.595156117428672
oydtes,direct_ctw,30,linear,,5.0,1007.0,0.8341383903746329,1.3766666044396807,1.679562103606944,1.8434061708276488
oydtes,direct_ctw,30,nearest,,5.0,125.0,0.8028651327908501,1.0949852437054723,1.6628689767879647,1.8205699803552329
oydtes,markov_order_1,30,linear,,5.0,1007.0,0.7706531787111133,1.7842349664192871,1.679562103606944,1.8434061708276488
oydtes,markov_order_1,30,nearest,,5.0,125.0,0.6390967912717734,1.6879913954384143,1.6628689767879647,1.8205699803552329
oydtes,markov_order_2,30,linear,,5.0,1007.0,0.7428480160883427,1.9519113335573315,1.679562103606944,1.8434061708276488
oydtes,markov_order_2,30,nearest,,5.0,125.0,0.640228713208529,1.6490653584364168,1.6628689767879647,1.8205699803552329
oydtes,vq_ctw,30,linear,256.0,5.0,1007.0,0.9999999999980905,0.0432544469273819,3.785452548654591,3.785452548654591
oydtes,vq_ctw,30,linear,512.0,5.0,1007.0,0.9905771154143815,0.0863653726316333,3.810937795916644,3.810937795916644
oydtes,vq_ctw,30,linear,1024.0,5.0,1007.0,0.9945945570933985,0.05389313203181688,3.932966991143949,3.932966991143949
oydtes,vq_ctw,30,nearest,256.0,5.0,125.0,0.8485040704694126,1.0620561173648313,4.504784808147361,4.504784808147361
oydtes,vq_ctw,30,nearest,512.0,5.0,125.0,0.8516611934232012,0.9861225657627867,4.258874149884219,4.258874149884219
oydtes,vq_ctw,30,nearest,1024.0,5.0,125.0,0.8536330683920443,1.0724555799256514,4.239819853865593,4.239819853865593
oygmeb,direct_ctw,30,linear,,5.0,1007.0,0.8603261907985212,1.3110081048454698,1.6386976417000232,1.8107239423773518
oygmeb,direct_ctw,30,nearest,,5.0,109.0,0.8594351189819007,0.9365170959804241,1.49285083014138,1.6620758976428975
oygmeb,markov_order_1,30,linear,,5.0,1007.0,0.7576468813635377,2.061458853420619,1.6386976417000232,1.8107239423773518
oygmeb,markov_order_1,30,nearest,,5.0,109.0,0.6514902054195663,1.8021237297591617,1.49285083014138,1.6620758976428975
oygmeb,markov_order_2,30,linear,,5.0,1007.0,0.717208301822686,2.3324170287935413,1.6386976417000232,1.8107239423773518
oygmeb,markov_order_2,30,nearest,,5.0,109.0,0.6963302072383587,1.6494679679791209,1.49285083014138,1.6620758976428975
oygmeb,vq_ctw,30,linear,256.0,5.0,1007.0,0.9731824939944631,0.22067639302934178,4.924409909890189,4.924409909890189
oygmeb,vq_ctw,30,linear,512.0,5.0,1007.0,0.9635371916656192,0.32819635848405015,4.8706473824363545,4.8706473824363545
oygmeb,vq_ctw,30,linear,1024.0,5.0,1007.0,0.9688028815716908,0.2627545089015463,4.825555407720541,4.825555407720541
oygmeb,vq_ctw,30,nearest,256.0,5.0,109.0,0.8544553712525561,1.0475385217585456,4.364909480204691,4.364909480204691
oygmeb,vq_ctw,30,nearest,512.0,5.0,109.0,0.8615756475908388,1.0036090731470255,4.206575688604302,4.206575688604302
oygmeb,vq_ctw,30,nearest,1024.0,5.0,109.0,0.864105011184117,1.0024607485229713,4.969176097752304,4.969176097752304
oygvar,direct_ctw,30,linear,,5.0,991.0,0.8957144860170319,0.9541769646258325,1.6499316975925908,1.8043955901416375
oygvar,direct_ctw,30,nearest,,5.0,32.0,0.8698096469153704,0.7643068256920914,1.5541407638706533,1.7843464040158532
oygvar,markov_order_1,30,linear,,5.0,991.0,0.8357870960019332,1.3871208116785898,1.6499316975925908,1.8043955901416375
oygvar,markov_order_1,30,nearest,,5.0,32.0,0.7548428658623739,1.1920766057835899,1.5541407638706533,1.7843464040158532
oygvar,markov_order_2,30,linear,,5.0,991.0,0.8162541702616223,1.5193889630561481,1.6499316975925908,1.8043955901416375
oygvar,markov_order_2,30,nearest,,5.0,32.0,0.7792301208822991,1.1114827697404632,1.5541407638706533,1.7843464040158532
oygvar,vq_ctw,30,linear,256.0,5.0,991.0,0.9849453955238765,0.12774482117877742,4.593355012637433,4.593355012637433
oygvar,vq_ctw,30,linear,512.0,5.0,991.0,0.9907239161974948,0.09450707385093501,4.801883654742402,4.801883654742402
oygvar,vq_ctw,30,linear,1024.0,5.0,991.0,0.9914640924825283,0.08445189872191905,4.7636304652567505,4.7636304652567505
oygvar,vq_ctw,30,nearest,256.0,5.0,32.0,0.9122987393630805,0.6918538033841743,4.13233989760832,4.13233989760832
oygvar,vq_ctw,30,nearest,512.0,5.0,32.0,0.8840850914122306,0.9330538652655368,4.019025216534381,4.019025216534381
oygvar,vq_ctw,30,nearest,1024.0,5.0,32.0,0.8802578110473076,0.971718093064716,4.504431747654944,4.504431747654944
ubgiho,direct_ctw,30,linear,,5.0,1007.0,0.8477741111412208,1.4255179092208021,1.544502323699673,1.7193517460686696
ubgiho,direct_ctw,30,nearest,,5.0,105.0,0.8263473675962264,1.068855272942628,1.5299246782430396,1.696195391027946
ubgiho,markov_order_1,30,linear,,5.0,1007.0,0.72728133865121,2.296727856703529,1.544502323699673,1.7193517460686696
ubgiho,markov_order_1,30,nearest,,5.0,105.0,0.6567028668633899,1.7200537625303203,1.5299246782430396,1.696195391027946
ubgiho,markov_order_2,30,linear,,5.0,1007.0,0.6730604015752937,2.6517180043862845,1.544502323699673,1.7193517460686696
ubgiho,markov_order_2,30,nearest,,5.0,105.0,0.6210567726462964,1.8350210438639436,1.5299246782430396,1.696195391027946
ubgiho,vq_ctw,30,linear,256.0,5.0,1007.0,0.9836311388634718,0.14647981797226006,7.08572520281845,7.08572520281845
ubgiho,vq_ctw,30,linear,512.0,5.0,1007.0,0.9598923669245675,0.36310836454759626,5.800781763763919,5.800781763763919
ubgiho,vq_ctw,30,linear,1024.0,5.0,1007.0,0.9699925018057606,0.2719977171349028,6.190837509074103,6.190837509074103
ubgiho,vq_ctw,30,nearest,256.0,5.0,105.0,0.8747751310945289,0.9107982503571853,4.741215766542309,4.741215766542309
ubgiho,vq_ctw,30,nearest,512.0,5.0,105.0,0.8659993702405395,0.9753946827486054,4.908888913580112,4.908888913580112
ubgiho,vq_ctw,30,nearest,1024.0,5.0,105.0,0.87363443280817,0.9887280208612617,4.783433351251346,4.783433351251346
ubjajo,direct_ctw,30,linear,,5.0,1007.0,0.838435493874618,1.3974634688377527,1.5596944186959876,1.724387735753542
ubjajo,direct_ctw,30,nearest,,5.0,272.0,0.8215363870443542,1.0342264405086092,1.490378262301908,1.666413652791773
ubjajo,markov_order_1,30,linear,,5.0,1007.0,0.7688708398485766,1.8663831804393363,1.5596944186959876,1.724387735753542
ubjajo,markov_order_1,30,nearest,,5.0,272.0,0.6557406812363018,1.6355231207888854,1.490378262301908,1.666413652791773
ubjajo,markov_order_2,30,linear,,5.0,1007.0,0.7363016216254258,2.0717744819265067,1.5596944186959876,1.724387735753542
ubjajo,markov_order_2,30,nearest,,5.0,272.0,0.6600953572028905,1.6269309007335977,1.490378262301908,1.666413652791773
ubjajo,vq_ctw,30,linear,256.0,5.0,1007.0,0.992621921452989,0.07023856169861076,4.384325680825793,4.384325680825793
ubjajo,vq_ctw,30,linear,512.0,5.0,1007.0,0.991907938702678,0.08068660331282292,4.595928622710778,4.595928622710778
ubjajo,vq_ctw,30,linear,1024.0,5.0,1007.0,0.9893314116624642,0.10210288372505166,4.398088668352261,4.398088668352261
ubjajo,vq_ctw,30,nearest,256.0,5.0,272.0,0.8667171285120859,0.9556375096582663,4.266510403433099,4.266510403433099
ubjajo,vq_ctw,30,nearest,512.0,5.0,272.0,0.8740337962333486,0.9213271548619544,4.304844928251066,4.304844928251066
ubjajo,vq_ctw,30,nearest,1024.0,5.0,272.0,0.8708789181381602,0.9933687695231393,4.528932388490134,4.528932388490134
ubjaju,direct_ctw,30,linear,,5.0,991.0,0.8369322115606874,1.2938695787238261,1.6617145208233242,1.8265233657808133
ubjaju,direct_ctw,30,nearest,,5.0,78.0,0.8197508090664058,1.0408142954482555,1.573068932855078,1.7273302015746783
ubjaju,markov_order_1,30,linear,,5.0,991.0,0.7771719119913456,1.656610342012439,1.6617145208233242,1.8265233657808133
ubjaju,markov_order_1,30,nearest,,5.0,78.0,0.6391374219089757,1.663362936095669,1.573068932855078,1.7273302015746783
ubjaju,markov_order_2,30,linear,,5.0,991.0,0.7578821871133485,1.7670156776163106,1.6617145208233242,1.8265233657808133
ubjaju,markov_order_2,30,nearest,,5.0,78.0,0.6708636262916335,1.5723134725644918,1.573068932855078,1.7273302015746783
ubjaju,vq_ctw,30,linear,256.0,5.0,991.0,0.9999999999980905,0.04463284443873667,4.162661912707403,4.162661912707403
ubjaju,vq_ctw,30,linear,512.0,5.0,991.0,0.9999999999980905,0.04488197762876486,4.2479553212790435,4.2479553212790435
ubjaju,vq_ctw,30,linear,1024.0,5.0,991.0,0.9955866146182508,0.045296363015660444,4.187279517504116,4.187279517504116
ubjaju,vq_ctw,30,nearest,256.0,5.0,78.0,0.8831056020855226,0.8890454564885459,4.15013398144567,4.15013398144567
ubjaju,vq_ctw,30,nearest,512.0,5.0,78.0,0.8636873153438503,1.0145388420672232,3.8716525788435536,3.8716525788435536
ubjaju,vq_ctw,30,nearest,1024.0,5.0,78.0,0.8848193230361665,0.9475584980802938,4.135682498752925,4.135682498752925
ubnank,direct_ctw,30,linear,,5.0,1007.0,0.844687632458992,1.3530127864947046,1.5417270041132423,1.6938208053430432
ubnank,direct_ctw,30,nearest,,5.0,151.0,0.8385952083080316,0.9855860419457918,1.4741407307973475,1.6698494620103295
ubnank,markov_order_1,30,linear,,5.0,1007.0,0.7617738055118246,1.9118459051663457,1.5417270041132423,1.6938208053430432
ubnank,markov_order_1,30,nearest,,5.0,151.0,0.7021618527917093,1.5209342094829155,1.4741407307973475,1.6698494620103295
ubnank,markov_order_2,30,linear,,5.0,1007.0,0.7360200926482149,2.073514556965311,1.5417270041132423,1.6938208053430432
ubnank,markov_order_2,30,nearest,,5.0,151.0,0.6895314409703679,1.5653778457941327,1.4741407307973475,1.6698494620103295
ubnank,vq_ctw,30,linear,256.0,5.0,1007.0,0.9793363521157025,0.17790180342264947,5.0627846461205,5.0627846461205
ubnank,vq_ctw,30,linear,512.0,5.0,1007.0,0.9797122813460601,0.2000077936412354,5.0069421020704565,5.0069421020704565
ubnank,vq_ctw,30,linear,1024.0,5.0,1007.0,0.9816620331538987,0.1794071216531995,4.992874999606908,4.992874999606908
ubnank,vq_ctw,30,nearest,256.0,5.0,151.0,0.8790626080301317,0.8870390693650628,4.403487444009586,4.403487444009586
ubnank,vq_ctw,30,nearest,512.0,5.0,151.0,0.8759189107918468,0.9327432532865887,4.350371940033866,4.350371940033866
ubnank,vq_ctw,30,nearest,1024.0,5.0,151.0,0.8789100248533639,0.9730023789867192,4.279472499600277,4.279472499600277
ubzach,direct_ctw,30,linear,,5.0,861.0,0.8356600103427463,1.301951782422113,1.6079253546611794,1.7532784116944706
ubzach,direct_ctw,30,nearest,,5.0,74.0,0.8183251716975972,1.0771724717178752,1.5424221122516195,1.7291999853141709
ubzach,markov_order_1,30,linear,,5.0,861.0,0.7642163776030602,1.7310924889795498,1.6079253546611794,1.7532784116944706
ubzach,markov_order_1,30,nearest,,5.0,74.0,0.6022131092029442,1.8299644623138176,1.5424221122516195,1.7291999853141709
ubzach,markov_order_2,30,linear,,5.0,861.0,0.7481327279815145,1.8216933768575707,1.6079253546611794,1.7532784116944706
ubzach,markov_order_2,30,nearest,,5.0,74.0,0.6179504351746259,1.7851178734319406,1.5424221122516195,1.7291999853141709
ubzach,vq_ctw,30,linear,256.0,5.0,861.0,0.996189008465907,0.03992227184096371,4.134652851136294,4.134652851136294
ubzach,vq_ctw,30,linear,512.0,5.0,861.0,0.989371845206664,0.09555738027793113,4.072215676858981,4.072215676858981
ubzach,vq_ctw,30,linear,1024.0,5.0,861.0,0.9904799614732124,0.08711428124709851,3.8957228908421797,3.8957228908421797
ubzach,vq_ctw,30,nearest,256.0,5.0,74.0,0.8712995239031293,0.9697349148743828,4.065800041732245,4.065800041732245
ubzach,vq_ctw,30,nearest,512.0,5.0,74.0,0.8732583621451152,0.9595246313329305,4.15443340464839,4.15443340464839
ubzach,vq_ctw,30,nearest,1024.0,5.0,74.0,0.8635500860247707,1.023718767773596,4.438770982793235,4.438770982793235
ucbiya,direct_ctw,30,linear,,5.0,1007.0,0.8209987199073059,1.57289373782212,1.6364985341224672,1.8190664992991132
ucbiya,direct_ctw,30,nearest,,5.0,124.0,0.8263109192633371,1.0986303752461455,1.5309691271354482,1.7202175234042436
ucbiya,markov_order_1,30,linear,,5.0,1007.0,0.7244609560871198,2.2269962265487266,1.6364985341224672,1.8190664992991132
ucbiya,markov_order_1,30,nearest,,5.0,124.0,0.6016165370752339,1.9671458288634296,1.5309691271354482,1.7202175234042436
ucbiya,markov_order_2,30,linear,,5.0,1007.0,0.680425926576939,2.5017880439165596,1.6364985341224672,1.8190664992991132
ucbiya,markov_order_2,30,nearest,,5.0,124.0,0.6307423949471853,1.8750443654254494,1.5309691271354482,1.7202175234042436
ucbiya,vq_ctw,30,linear,256.0,5.0,1007.0,0.9892860626268194,0.10247097623059141,4.955156216665754,4.955156216665754
ucbiya,vq_ctw,30,linear,512.0,5.0,1007.0,0.9857424568608002,0.14787705433345552,5.14982198527914,5.14982198527914
ucbiya,vq_ctw,30,linear,1024.0,5.0,1007.0,0.9861048397423756,0.14154806986454962,4.882049806156382,4.882049806156382
ucbiya,vq_ctw,30,nearest,256.0,5.0,124.0,0.8522381745593341,1.0719239982085724,4.4560964521024164,4.4560964521024164
ucbiya,vq_ctw,30,nearest,512.0,5.0,124.0,0.8526827942848949,1.0846391774768285,4.329761555758547,4.329761555758547
ucbiya,vq_ctw,30,nearest,1024.0,5.0,124.0,0.874045209420215,1.001563475420835,4.736164038938736,4.736164038938736
ucdewy,direct_ctw,30,linear,,5.0,629.0,0.929303051757466,0.613090417402159,1.708676291061788,1.8164141755857408
ucdewy,markov_order_1,30,linear,,5.0,629.0,0.9010966896595328,0.8076587372838068,1.708676291061788,1.8164141755857408
ucdewy,markov_order_2,30,linear,,5.0,629.0,0.8947088264968736,0.8497948667343298,1.708676291061788,1.8164141755857408
ucdewy,vq_ctw,30,linear,256.0,5.0,629.0,1.0,0.0,2.487928033069241,2.487928033069241
ucdewy,vq_ctw,30,linear,512.0,5.0,629.0,0.9999999999980904,0.04383167743559761,2.543307497165996,2.543307497165996
ucdewy,vq_ctw,30,linear,1024.0,5.0,629.0,1.0,0.0,2.585603675154987,2.585603675154987
ucgewf,direct_ctw,30,linear,,5.0,1007.0,0.8354834329213756,1.435895480227673,1.6210214948847672,1.7860627038473054
ucgewf,direct_ctw,30,nearest,,5.0,415.0,0.8353277905933524,1.058804046086085,1.5164663584601952,1.7126594841523142
ucgewf,markov_order_1,30,linear,,5.0,1007.0,0.7496018793312498,2.0156611590867883,1.6210214948847672,1.7860627038473054
ucgewf,markov_order_1,30,nearest,,5.0,415.0,0.6644734851279125,1.7799528364289467,1.5164663584601952,1.7126594841523142
ucgewf,markov_order_2,30,linear,,5.0,1007.0,0.7148604511744702,2.233126653195158,1.6210214948847672,1.7860627038473054
ucgewf,markov_order_2,30,nearest,,5.0,415.0,0.6615468444286123,1.7962182623897116,1.5164663584601952,1.7126594841523142
ucgewf,vq_ctw,30,linear,256.0,5.0,1007.0,0.9837172340766631,0.14583428307910137,4.676948911466957,4.676948911466957
ucgewf,vq_ctw,30,linear,512.0,5.0,1007.0,0.9831723436354308,0.1623101129659332,4.796167588648122,4.796167588648122
ucgewf,vq_ctw,30,linear,1024.0,5.0,1007.0,0.9822853375944209,0.163838531758316,4.659026770879794,4.659026770879794
ucgewf,vq_ctw,30,nearest,256.0,5.0,415.0,0.8613866821548362,0.9873288803036476,4.663858821349761,4.663858821349761
ucgewf,vq_ctw,30,nearest,512.0,5.0,415.0,0.8779847822816887,0.9315235036476364,4.122863031471937,4.122863031471937
ucgewf,vq_ctw,30,nearest,1024.0,5.0,415.0,0.8611039393318956,1.0741740159928623,4.37704036349374,4.37704036349374
uchjaf,direct_ctw,30,linear,,5.0,1006.0,0.8346431345555758,1.4419013694693197,1.7106008811697677,1.8635592270758812
uchjaf,direct_ctw,30,nearest,,5.0,162.0,0.8148334339837913,1.0763130683659283,1.6151125295703965,1.7927368841412024
uchjaf,markov_order_1,30,linear,,5.0,1006.0,0.7593225241575325,1.9531871320854166,1.7106008811697677,1.8635592270758812
uchjaf,markov_order_1,30,nearest,,5.0,162.0,0.6319927730678274,1.7195597139989633,1.6151125295703965,1.7927368841412024
uchjaf,markov_order_2,30,linear,,5.0,1006.0,0.7228307597101866,2.1840158820745,1.7106008811697677,1.8635592270758812
uchjaf,markov_order_2,30,nearest,,5.0,162.0,0.6451498229836263,1.682146242991369,1.6151125295703965,1.7927368841412024
uchjaf,vq_ctw,30,linear,256.0,5.0,1006.0,0.990175159210523,0.08945453535930867,4.069051961050938,4.069051961050938
uchjaf,vq_ctw,30,linear,512.0,5.0,1006.0,0.9891651280913032,0.1114361499398408,4.332079502727878,4.332079502727878
uchjaf,vq_ctw,30,linear,1024.0,5.0,1006.0,0.9889676084703067,0.11317850408594889,4.0437198254551685,4.0437198254551685
uchjaf,vq_ctw,30,nearest,256.0,5.0,162.0,0.8583012190695949,1.038299339402341,4.541421097034894,4.541421097034894
uchjaf,vq_ctw,30,nearest,512.0,5.0,162.0,0.8661951768469864,1.0051671587661768,4.415043746355381,4.415043746355381
uchjaf,vq_ctw,30,nearest,1024.0,5.0,162.0,0.876632780089392,0.9945551642177303,4.516259765764995,4.516259765764995
ucovla,direct_ctw,30,linear,,5.0,1007.0,0.8274244263150468,1.5019316801630105,1.4967446466155323,1.681536794636524
ucovla,direct_ctw,30,nearest,,5.0,138.0,0.838630368345688,1.0351882289844236,1.499828260188267,1.667951933325244
ucovla,markov_order_1,30,linear,,5.0,1007.0,0.7275177592523502,2.168717535893654,1.4967446466155323,1.681536794636524
ucovla,markov_order_1,30,nearest,,5.0,138.0,0.5926091442324826,1.9991217725239672,1.499828260188267,1.667951933325244
ucovla,markov_order_2,30,linear,,5.0,1007.0,0.6826282769612575,2.4432861701467443,1.4967446466155323,1.681536794636524
ucovla,markov_order_2,30,nearest,,5.0,138.0,0.6068192136343591,1.9537719561165874,1.499828260188267,1.667951933325244
ucovla,vq_ctw,30,linear,256.0,5.0,1007.0,0.9999999999980905,0.15424285808190003,5.461958619182727,5.461958619182727
ucovla,vq_ctw,30,linear,512.0,5.0,1007.0,0.9645733440984062,0.2563421018600051,5.319185538115272,5.319185538115272
ucovla,vq_ctw,30,linear,1024.0,5.0,1007.0,0.9740676688661165,0.2254279205946143,5.309806870380509,5.309806870380509
ucovla,vq_ctw,30,nearest,256.0,5.0,138.0,0.857341430399382,1.0235557558099813,4.346803879761019,4.346803879761019
ucovla,vq_ctw,30,nearest,512.0,5.0,138.0,0.8580028505339568,1.0170202029089708,4.523184289517748,4.523184289517748
ucovla,vq_ctw,30,nearest,1024.0,5.0,138.0,0.8661468673976865,1.0021823282261624,4.4816743887310935,4.4816743887310935
ucvepn,direct_ctw,30,linear,,5.0,986.0,0.8291379112336256,1.5215687941988454,1.6489947723483347,1.7961843384988838
ucvepn,direct_ctw,30,nearest,,5.0,140.0,0.839079439371404,0.9824681853197459,1.563774629656265,1.7220797991932622
ucvepn,markov_order_1,30,linear,,5.0,986.0,0.7281662982709334,2.2153199207477776,1.6489947723483347,1.7961843384988838
ucvepn,markov_order_1,30,nearest,,5.0,140.0,0.6324554802294265,1.734166502994694,1.563774629656265,1.7220797991932622
ucvepn,markov_order_2,30,linear,,5.0,986.0,0.6774783598954034,2.5340288624318488,1.6489947723483347,1.7961843384988838
ucvepn,markov_order_2,30,nearest,,5.0,140.0,0.674512015035792,1.6127860845896143,1.563774629656265,1.7220797991932622
ucvepn,vq_ctw,30,linear,256.0,5.0,986.0,0.9794202641341561,0.1858428088670873,4.9997706658698124,4.9997706658698124
ucvepn,vq_ctw,30,linear,512.0,5.0,986.0,0.9723049019075565,0.26044776798608243,5.005681564977394,5.005681564977394
ucvepn,vq_ctw,30,linear,1024.0,5.0,986.0,0.978289201330834,0.2013522627283278,5.04204890743657,5.04204890743657
ucvepn,vq_ctw,30,nearest,256.0,5.0,140.0,0.8774817732689488,0.9095591448250565,4.284880992612078,4.284880992612078
ucvepn,vq_ctw,30,nearest,512.0,5.0,140.0,0.8659843761387578,0.9872919979252348,4.191159325561015,4.191159325561015
ucvepn,vq_ctw,30,nearest,1024.0,5.0,140.0,0.8814612081518303,0.962183808512239,4.5002062310786,4.5002062310786
udguic,direct_ctw,30,linear,,5.0,1006.0,0.8323660687303973,1.4307313581182024,1.5724719121219808,1.7340364625081235
udguic,direct_ctw,30,nearest,,5.0,102.0,0.8296801169258202,1.0261690553568268,1.4037946633305152,1.593984358020479
udguic,markov_order_1,30,linear,,5.0,1006.0,0.7494283346163242,1.9758017152901233,1.5724719121219808,1.7340364625081235
udguic,markov_order_1,30,nearest,,5.0,102.0,0.6785604648708502,1.6406268338268888,1.4037946633305152,1.593984358020479
udguic,markov_order_2,30,linear,,5.0,1006.0,0.7185170858570195,2.164629698285125,1.5724719121219808,1.7340364625081235
udguic,markov_order_2,30,nearest,,5.0,102.0,0.6640932164739448,1.6870950210524365,1.4037946633305152,1.593984358020479
udguic,vq_ctw,30,linear,256.0,5.0,1006.0,0.978135915006486,0.18643642873389837,4.8984950182395774,4.8984950182395774
udguic,vq_ctw,30,linear,512.0,5.0,1006.0,0.9870599609266073,0.1360346114268313,5.400581839351142,5.400581839351142
udguic,vq_ctw,30,linear,1024.0,5.0,1006.0,0.985066950902304,0.1418224005294282,5.133456510556344,5.133456510556344
udguic,vq_ctw,30,nearest,256.0,5.0,102.0,0.8615773716522226,0.9936566422035567,4.488287840233741,4.488287840233741
udguic,vq_ctw,30,nearest,512.0,5.0,102.0,0.853959825535752,1.0224193769886465,4.437842229617163,4.437842229617163
udguic,vq_ctw,30,nearest,1024.0,5.0,102.0,0.870992433710147,0.9779192716776871,4.78248684831073,4.78248684831073
udthon,direct_ctw,30,linear,,5.0,994.0,0.858846053538592,1.2257715559291382,1.6518005083862919,1.8097408707748017
udthon,direct_ctw,30,nearest,,5.0,231.0,0.831794754069041,1.007904267639661,1.5677834061805558,1.7683502462289884
udthon,markov_order_1,30,linear,,5.0,994.0,0.7908128865231998,1.6861969295408157,1.6518005083862919,1.8097408707748017
udthon,markov_order_1,30,nearest,,5.0,231.0,0.639603008107392,1.7450549840329515,1.5677834061805558,1.7683502462289884
udthon,markov_order_2,30,linear,,5.0,994.0,0.7679235422978408,1.8314257456471323,1.6518005083862919,1.8097408707748017
udthon,markov_order_2,30,nearest,,5.0,231.0,0.6598438557578901,1.6803666703254672,1.5677834061805558,1.7683502462289884
udthon,vq_ctw,30,linear,256.0,5.0,994.0,0.9931602079586042,0.06986535817784206,3.9523147536701653,3.9523147536701653
udthon,vq_ctw,30,linear,512.0,5.0,994.0,0.9915104358941964,0.08758384044065996,4.196356574197473,4.196356574197473
udthon,vq_ctw,30,linear,1024.0,5.0,994.0,0.9934932772584169,0.06693340056592412,4.057946771303156,4.057946771303156
udthon,vq_ctw,30,nearest,256.0,5.0,231.0,0.8893799764367029,0.7861255578616103,4.50041906286173,4.50041906286173
udthon,vq_ctw,30,nearest,512.0,5.0,231.0,0.8721256289203885,0.8656093416619246,4.175700042435679,4.175700042435679
udthon,vq_ctw,30,nearest,1024.0,5.0,231.0,0.8607714494969839,0.9590543978751805,4.525465373648377,4.525465373648377
udtiog,direct_ctw,30,linear,,5.0,1007.0,0.8319635162181567,1.4430386767307966,1.6363815843749117,1.7942600859895765
udtiog,direct_ctw,30,nearest,,5.0,77.0,0.8529264621800707,1.0430878637794518,1.6951415215122168,1.833286338748511
udtiog,markov_order_1,30,linear,,5.0,1007.0,0.75580628364645,1.9497628474093422,1.6363815843749117,1.7942600859895765
udtiog,markov_order_1,30,nearest,,5.0,77.0,0.6025807563305667,2.1612957906422543,1.6951415215122168,1.833286338748511
udtiog,markov_order_2,30,linear,,5.0,1007.0,0.7191349783966126,2.1768158903509303,1.6363815843749117,1.7942600859895765
udtiog,markov_order_2,30,nearest,,5.0,77.0,0.589455920802825,2.208137197881729,1.6951415215122168,1.833286338748511
udtiog,vq_ctw,30,linear,256.0,5.0,1007.0,0.9900455803134922,0.0904452358275922,4.493906935974326,4.493906935974326
udtiog,vq_ctw,30,linear,512.0,5.0,1007.0,0.9837638551534257,0.1454844437189303,4.630450059683434,4.630450059683434
udtiog,vq_ctw,30,linear,1024.0,5.0,1007.0,0.9878101834319089,0.11430401085992134,4.613226396846655,4.613226396846655
udtiog,vq_ctw,30,nearest,256.0,5.0,77.0,0.8578846378803395,1.016076382743053,5.040382671929635,5.040382671929635
udtiog,vq_ctw,30,nearest,512.0,5.0,77.0,0.86149312440852,1.0193595211484876,5.872868701480878,5.872868701480878
udtiog,vq_ctw,30,nearest,1024.0,5.0,77.0,0.8741743654226688,0.9659416039106486,5.349607447384924,5.349607447384924
udveoy,direct_ctw,30,linear,,5.0,1006.0,0.835788362542427,1.365560229336714,1.5813512817732946,1.766527038691296
udveoy,direct_ctw,30,nearest,,5.0,83.0,0.8240921062348431,1.0208987401954062,1.480912921373686,1.6921413465862105
udveoy,markov_order_1,30,linear,,5.0,1006.0,0.7710026160633825,1.7820886191051404,1.5813512817732946,1.766527038691296
udveoy,markov_order_1,30,nearest,,5.0,83.0,0.6654439427506471,1.5814488577002301,1.480912921373686,1.6921413465862105
udveoy,markov_order_2,30,linear,,5.0,1006.0,0.7380581280735683,1.9801944165426675,1.5813512817732946,1.766527038691296
udveoy,markov_order_2,30,nearest,,5.0,83.0,0.6715341791063931,1.5628886430083098,1.480912921373686,1.6921413465862105
udveoy,vq_ctw,30,linear,256.0,5.0,1006.0,0.9952887240787376,0.04790876553155468,4.114501706854855,4.114501706854855
udveoy,vq_ctw,30,linear,512.0,5.0,1006.0,0.9882655793616562,0.10381801851350293,4.0744817544638865,4.0744817544638865
udveoy,vq_ctw,30,linear,1024.0,5.0,1006.0,0.9952611299221743,0.04814934825211937,4.1358115450505295,4.1358115450505295
udveoy,vq_ctw,30,nearest,256.0,5.0,83.0,0.8770923005098773,0.9276143092608942,4.664431884668456,4.664431884668456
udveoy,vq_ctw,30,nearest,512.0,5.0,83.0,0.8783965744337084,0.8447517554978027,4.217751343800888,4.217751343800888
udveoy,vq_ctw,30,nearest,1024.0,5.0,83.0,0.851922953724003,1.0579330462664265,4.669341221812589,4.669341221812589
udwadl,direct_ctw,30,linear,,5.0,1007.0,0.8666329680992875,1.143003222457234,1.5728107762265966,1.7660163128187711
udwadl,direct_ctw,30,nearest,,5.0,161.0,0.825741213066387,1.1034493353998238,1.6039315908262712,1.7737184921843252
udwadl,markov_order_1,30,linear,,5.0,1007.0,0.8079442917945223,1.5358030500193427,1.5728107762265966,1.7660163128187711
udwadl,markov_order_1,30,nearest,,5.0,161.0,0.6282627897472621,1.8800180168557385,1.6039315908262712,1.7737184921843252
udwadl,markov_order_2,30,linear,,5.0,1007.0,0.7861638387834052,1.6729362304007784,1.5728107762265966,1.7660163128187711
udwadl,markov_order_2,30,nearest,,5.0,161.0,0.6168198013941226,1.9214714641888804,1.6039315908262712,1.7737184921843252
udwadl,vq_ctw,30,linear,256.0,5.0,1007.0,0.9999999999980905,0.06956732477240549,3.9180212045887313,3.9180212045887313
udwadl,vq_ctw,30,linear,512.0,5.0,1007.0,0.9934626828607315,0.06720373231004573,4.301232815768862,4.301232815768862
udwadl,vq_ctw,30,linear,1024.0,5.0,1007.0,0.993002584668753,0.06715138061381067,4.0832326115947,4.0832326115947
udwadl,vq_ctw,30,nearest,256.0,5.0,161.0,0.8496288321127989,1.059946425646129,4.405760671136839,4.405760671136839
udwadl,vq_ctw,30,nearest,512.0,5.0,161.0,0.8551893744884281,1.055266372505706,4.386273610404535,4.386273610404535
udwadl,vq_ctw,30,nearest,1024.0,5.0,161.0,0.8732932082157324,1.0284000679704313,4.370544119312925,4.370544119312925
udwebi,direct_ctw,30,linear,,5.0,935.0,0.9116707603380698,0.678839838087399,1.6601867577371092,1.7974724216296238
udwebi,markov_order_1,30,linear,,5.0,935.0,0.8718617553233183,0.9120396485904066,1.6601867577371092,1.7974724216296238
udwebi,markov_order_2,30,linear,,5.0,935.0,0.883669362053439,0.8453019906747401,1.6601867577371092,1.7974724216296238
udwebi,vq_ctw,30,linear,256.0,5.0,935.0,0.9999999999980905,0.06099677438247615,3.7051328133190236,3.7051328133190236
udwebi,vq_ctw,30,linear,512.0,5.0,935.0,0.9999999999980905,0.03359399544653299,3.8857080113436426,3.8857080113436426
udwebi,vq_ctw,30,linear,1024.0,5.0,935.0,0.9999999999980905,0.05461473577263632,3.637696541395556,3.637696541395556
udwiul,direct_ctw,30,linear,,5.0,1007.0,0.8407249247241004,1.3321591688020074,1.568998014203889,1.7380357868170397
udwiul,direct_ctw,30,nearest,,5.0,68.0,0.8589953155033917,0.832056984427401,1.2132594491863324,1.4148598998150645
udwiul,markov_order_1,30,linear,,5.0,1007.0,0.7714022825815875,1.7796325262601196,1.568998014203889,1.7380357868170397
udwiul,markov_order_1,30,nearest,,5.0,68.0,0.7161349409789675,1.3563419171024127,1.2132594491863324,1.4148598998150645
udwiul,markov_order_2,30,linear,,5.0,1007.0,0.7432981999586127,1.9492442354883526,1.568998014203889,1.7380357868170397
udwiul,markov_order_2,30,nearest,,5.0,68.0,0.718235402973617,1.3441183044821543,1.2132594491863324,1.4148598998150645
udwiul,vq_ctw,30,linear,256.0,5.0,1007.0,0.9999999999980905,0.032903576258982506,4.463760825362762,4.463760825362762
udwiul,vq_ctw,30,linear,512.0,5.0,1007.0,0.9851685649181792,0.12617311132187992,4.305776392578238,4.305776392578238
udwiul,vq_ctw,30,linear,1024.0,5.0,1007.0,0.9878458762531657,0.10691134610076596,4.326796475824351,4.326796475824351
udwiul,vq_ctw,30,nearest,256.0,5.0,68.0,0.9460992065744622,0.5204364867511386,4.0231690596181,4.0231690596181
udwiul,vq_ctw,30,nearest,512.0,5.0,68.0,0.898094503824943,0.6156021122889727,4.3640178097935385,4.3640178097935385
udwiul,vq_ctw,30,nearest,1024.0,5.0,68.0,0.8420853177694995,0.9510599563082631,4.457232620222539,4.457232620222539
ufdoyn,direct_ctw,30,linear,,5.0,1007.0,0.8203108404116353,1.5696119419501202,1.69637043960492,1.861760345055007
ufdoyn,markov_order_1,30,linear,,5.0,1007.0,0.6983004329081849,2.3780374079018665,1.69637043960492,1.861760345055007
ufdoyn,markov_order_2,30,linear,,5.0,1007.0,0.649290414876006,2.6721843116410287,1.69637043960492,1.861760345055007
ufdoyn,vq_ctw,30,linear,256.0,5.0,1007.0,0.9611289692975206,0.27596277599844476,6.523737186697783,6.523737186697783
ufdoyn,vq_ctw,30,linear,512.0,5.0,1007.0,0.9592844683493149,0.28627884335182974,6.3394924778674415,6.3394924778674415
ufdoyn,vq_ctw,30,linear,1024.0,5.0,1007.0,0.9635231624115301,0.31059517600428427,6.126800311453524,6.126800311453524
ugatna,direct_ctw,30,linear,,5.0,1007.0,0.8293880193953334,1.547897974942912,1.606181877573109,1.792343361353978
ugatna,direct_ctw,30,nearest,,5.0,465.0,0.8389554667265401,1.0718704438885434,1.634364837224448,1.8228355790967437
ugatna,markov_order_1,30,linear,,5.0,1007.0,0.7314273701044759,2.2385255759392986,1.606181877573109,1.792343361353978
ugatna,markov_order_1,30,nearest,,5.0,465.0,0.6354392035591825,1.9392418822180404,1.634364837224448,1.8228355790967437
ugatna,markov_order_2,30,linear,,5.0,1007.0,0.6826295208298674,2.5548257076305014,1.606181877573109,1.792343361353978
ugatna,markov_order_2,30,nearest,,5.0,465.0,0.6224343657796576,1.987213065317137,1.634364837224448,1.8228355790967437
ugatna,vq_ctw,30,linear,256.0,5.0,1007.0,0.989591763994143,0.09998415884846666,5.022266696450051,5.022266696450051
ugatna,vq_ctw,30,linear,512.0,5.0,1007.0,0.9785548142671793,0.2096839734250701,4.902813193652889,4.902813193652889
ugatna,vq_ctw,30,linear,1024.0,5.0,1007.0,0.9815237169086151,0.1697502228183827,4.775798288742715,4.775798288742715
ugatna,vq_ctw,30,nearest,256.0,5.0,465.0,0.8667896283311214,0.9600042626307328,4.867282092606011,4.867282092606011
ugatna,vq_ctw,30,nearest,512.0,5.0,465.0,0.8790304419311615,0.8921651386757212,4.596795428739792,4.596795428739792
ugatna,vq_ctw,30,nearest,1024.0,5.0,465.0,0.8543540489174953,1.0687025347904124,4.838220509043073,4.838220509043073
ugdifb,direct_ctw,30,linear,,5.0,984.0,0.8739122645921977,1.050961260308086,1.5921742414269633,1.749514596029457
ugdifb,direct_ctw,30,nearest,,5.0,34.0,0.8586998950915687,1.0355443036846284,1.8826834520175548,2.0542330315260524
ugdifb,markov_order_1,30,linear,,5.0,984.0,0.8239790043728932,1.3753786243737918,1.5921742414269633,1.749514596029457
ugdifb,markov_order_1,30,nearest,,5.0,34.0,0.5264251896878176,2.4991808513439997,1.8826834520175548,2.0542330315260524
ugdifb,markov_order_2,30,linear,,5.0,984.0,0.8085767627338296,1.4701322347884778,1.5921742414269633,1.749514596029457
ugdifb,markov_order_2,30,nearest,,5.0,34.0,0.5387024084920221,2.457952484492797,1.8826834520175548,2.0542330315260524
ugdifb,vq_ctw,30,linear,256.0,5.0,984.0,0.9999999999980905,0.06733657835070882,4.02117063494416,4.02117063494416
ugdifb,vq_ctw,30,linear,512.0,5.0,984.0,0.9874210883562483,0.11002059620000659,4.101708364163659,4.101708364163659
ugdifb,vq_ctw,30,linear,1024.0,5.0,984.0,0.9880735671603604,0.10523587514062645,4.143894272446021,4.143894272446021
ugdifb,vq_ctw,30,nearest,256.0,5.0,34.0,0.8477604294596269,1.072135281002875,5.143463000683907,5.143463000683907
ugdifb,vq_ctw,30,nearest,512.0,5.0,34.0,0.8434025480521494,1.0657317090287088,4.234469761087244,4.234469761087244
ugdifb,vq_ctw,30,nearest,1024.0,5.0,34.0,0.8500883104854713,1.03047458306531,4.683198544688303,4.683198544688303
uggdye,direct_ctw,30,linear,,5.0,1007.0,0.8519693046684789,1.265022861588693,1.4945299004956705,1.6807918686701446
uggdye,direct_ctw,30,nearest,,5.0,73.0,0.8325931889924094,1.0295288321019735,1.843467203692801,1.963191431236477
uggdye,markov_order_1,30,linear,,5.0,1007.0,0.7832875222951561,1.7205334629553073,1.4945299004956705,1.6807918686701446
uggdye,markov_order_1,30,nearest,,5.0,73.0,0.6379985005363983,1.811125621161374,1.843467203692801,1.963191431236477
uggdye,markov_order_2,30,linear,,5.0,1007.0,0.758793729153177,1.8726833884053298,1.4945299004956705,1.6807918686701446
uggdye,markov_order_2,30,nearest,,5.0,73.0,0.648097988074247,1.781614379386555,1.843467203692801,1.963191431236477
uggdye,vq_ctw,30,linear,256.0,5.0,1007.0,0.9936792757643292,0.0652853883504146,4.40924119536798,4.40924119536798
uggdye,vq_ctw,30,linear,512.0,5.0,1007.0,0.9899233737368582,0.10734839295823868,4.531077019908446,4.531077019908446
uggdye,vq_ctw,30,linear,1024.0,5.0,1007.0,0.9906425000653335,0.09823047835259521,4.362284369727735,4.362284369727735
uggdye,vq_ctw,30,nearest,256.0,5.0,73.0,0.8796877396103591,0.848380247735534,5.839365979529218,5.839365979529218
uggdye,vq_ctw,30,nearest,512.0,5.0,73.0,0.9118304564709009,0.6315400385298763,6.610767404059038,6.610767404059038
uggdye,vq_ctw,30,nearest,1024.0,5.0,73.0,0.8535808494860851,0.977477376326373,6.58049275142795,6.58049275142795
ugifma,direct_ctw,30,linear,,5.0,1007.0,0.8054198607272414,1.5911503438378252,1.7524700139462828,1.898055036978095
ugifma,direct_ctw,30,nearest,,5.0,141.0,0.8294429464894032,1.0704660236245347,1.6586610673789512,1.8251745108848887
ugifma,markov_order_1,30,linear,,5.0,1007.0,0.6996925728740833,2.240125623680891,1.7524700139462828,1.898055036978095
ugifma,markov_order_1,30,nearest,,5.0,141.0,0.5870989167999967,1.9852442472397371,1.6586610673789512,1.8251745108848887
ugifma,markov_order_2,30,linear,,5.0,1007.0,0.666962277784144,2.424516709305975,1.7524700139462828,1.898055036978095
ugifma,markov_order_2,30,nearest,,5.0,141.0,0.6155456688272577,1.8989795226645103,1.6586610673789512,1.8251745108848887
ugifma,vq_ctw,30,linear,256.0,5.0,1007.0,0.9929871368794155,0.07137949923360133,5.162301125286519,5.162301125286519
ugifma,vq_ctw,30,linear,512.0,5.0,1007.0,0.9931557235530959,0.06990467036915769,5.25435066470703,5.25435066470703
ugifma,vq_ctw,30,linear,1024.0,5.0,1007.0,0.9905370839687032,0.09613704591267812,4.973193670750108,4.973193670750108
ugifma,vq_ctw,30,nearest,256.0,5.0,141.0,0.8722357229563288,0.8860031866551679,4.33120284139663,4.33120284139663
ugifma,vq_ctw,30,nearest,512.0,5.0,141.0,0.8944140198712724,0.755466269764245,5.053489076951679,5.053489076951679
ugifma,vq_ctw,30,nearest,1024.0,5.0,141.0,0.8707331802640275,0.9663317805086874,4.691180884227461,4.691180884227461
ugthfu,direct_ctw,30,linear,,5.0,990.0,0.8760354266843688,1.0672430670805086,1.6927441566191346,1.8586431339465748
ugthfu,direct_ctw,30,nearest,,5.0,111.0,0.8314780644037496,1.0269273076974796,1.5727484621188088,1.795711954485241
ugthfu,markov_order_1,30,linear,,5.0,990.0,0.8158527689804991,1.4713101701438644,1.6927441566191346,1.8586431339465748
ugthfu,markov_order_1,30,nearest,,5.0,111.0,0.6617618702796643,1.67068299822305,1.5727484621188088,1.795711954485241
ugthfu,markov_order_2,30,linear,,5.0,990.0,0.8012700641114292,1.5635710451441516,1.6927441566191346,1.8586431339465748
ugthfu,markov_order_2,30,nearest,,5.0,111.0,0.6727079786267661,1.634461435526263,1.5727484621188088,1.795711954485241
ugthfu,vq_ctw,30,linear,256.0,5.0,990.0,0.9990430697788747,0.01193416692812667,4.046805951917584,4.046805951917584
ugthfu,vq_ctw,30,linear,512.0,5.0,990.0,0.9885473949533895,0.10842805261766117,3.414753736969123,3.414753736969123
ugthfu,vq_ctw,30,linear,1024.0,5.0,990.0,0.9905624562806418,0.09199907443430642,3.630397978672202,3.630397978672202
ugthfu,vq_ctw,30,nearest,256.0,5.0,111.0,0.8512328185306063,1.0383342890249105,4.540368043518653,4.540368043518653
ugthfu,vq_ctw,30,nearest,512.0,5.0,111.0,0.8658470772907397,0.9782312849086756,4.6859979802674046,4.6859979802674046
ugthfu,vq_ctw,30,nearest,1024.0,5.0,111.0,0.8725903579039569,1.0172204115040502,4.659420544646682,4.659420544646682
ujhuki,direct_ctw,30,linear,,5.0,1007.0,0.8484755371748485,1.3497451224337031,1.6369221268670997,1.8008664785275406
ujhuki,direct_ctw,30,nearest,,5.0,147.0,0.8420583993885763,1.0111246605995385,1.5780569241399642,1.7761278676051542
ujhuki,markov_order_1,30,linear,,5.0,1007.0,0.7708115031704479,1.8899873487265364,1.6369221268670997,1.8008664785275406
ujhuki,markov_order_1,30,nearest,,5.0,147.0,0.6420463526133159,1.8172548415359155,1.5780569241399642,1.7761278676051542
ujhuki,markov_order_2,30,linear,,5.0,1007.0,0.7397134462075636,2.0916456098423164,1.6369221268670997,1.8008664785275406
ujhuki,markov_order_2,30,nearest,,5.0,147.0,0.6545985346691772,1.7734204961193714,1.5780569241399642,1.7761278676051542
ujhuki,vq_ctw,30,linear,256.0,5.0,1007.0,0.9899061954919696,0.09741266195581505,4.363657348597706,4.363657348597706
ujhuki,vq_ctw,30,linear,512.0,5.0,1007.0,0.9891220195703904,0.117097325767883,4.556993165912405,4.556993165912405
ujhuki,vq_ctw,30,linear,1024.0,5.0,1007.0,0.9898380415969975,0.10546025151915095,4.4554252706670745,4.4554252706670745
ujhuki,vq_ctw,30,nearest,256.0,5.0,147.0,0.8593785329940383,0.978871244090928,5.74918820077802,5.74918820077802
ujhuki,vq_ctw,30,nearest,512.0,5.0,147.0,0.8662342187314774,0.9704239654079941,5.748423370733631,5.748423370733631
ujhuki,vq_ctw,30,nearest,1024.0,5.0,147.0,0.8680114268231192,0.986251984341719,6.165569342359012,6.165569342359012
ujkiwe,direct_ctw,30,linear,,5.0,999.0,0.839436908135443,1.3408990148606372,1.5732096159421047,1.7523423990230662
ujkiwe,direct_ctw,30,nearest,,5.0,32.0,0.8516108563628466,0.902572699173214,1.565447760889094,1.8513756051394337
ujkiwe,markov_order_1,30,linear,,5.0,999.0,0.7720547404018377,1.7756201320598297,1.5732096159421047,1.7523423990230662
ujkiwe,markov_order_1,30,nearest,,5.0,32.0,0.7665895106323786,1.2507303179378224,1.565447760889094,1.8513756051394337
ujkiwe,markov_order_2,30,linear,,5.0,999.0,0.7456830249279481,1.935089823732939,1.5732096159421047,1.7523423990230662
ujkiwe,markov_order_2,30,nearest,,5.0,32.0,0.7542733300937843,1.2958878719249107,1.565447760889094,1.8513756051394337
ujkiwe,vq_ctw,30,linear,256.0,5.0,999.0,0.9877540546285012,0.11474866837052117,3.9824690654628405,3.9824690654628405
ujkiwe,vq_ctw,30,linear,512.0,5.0,999.0,0.9859840099224414,0.1389159493624178,4.248035825517688,4.248035825517688
ujkiwe,vq_ctw,30,linear,1024.0,5.0,999.0,0.9865517422430731,0.12418591627198569,4.192396788148402,4.192396788148402
ujkiwe,vq_ctw,30,nearest,256.0,5.0,32.0,0.8746741597416767,0.896312607252701,4.473351503665498,4.473351503665498
ujkiwe,vq_ctw,30,nearest,512.0,5.0,32.0,0.896021732739545,0.7733849187686631,3.725267749162711,3.725267749162711
ujkiwe,vq_ctw,30,nearest,1024.0,5.0,32.0,0.8782056744668519,0.9390886915255279,3.6092738017638166,3.6092738017638166
ujnaww,direct_ctw,30,linear,,5.0,1007.0,0.8537505317355881,1.2795359597876155,1.693110361710352,1.858761818450184
ujnaww,direct_ctw,30,nearest,,5.0,185.0,0.8240754742587323,1.0006900849768754,1.6538666837335085,1.846753982499286
ujnaww,markov_order_1,30,linear,,5.0,1007.0,0.7721333253133722,1.8324539287276154,1.693110361710352,1.858761818450184
ujnaww,markov_order_1,30,nearest,,5.0,185.0,0.6864069321915881,1.4940437378319873,1.6538666837335085,1.846753982499286
ujnaww,markov_order_2,30,linear,,5.0,1007.0,0.7470055068256051,1.9908599203972894,1.693110361710352,1.858761818450184
ujnaww,markov_order_2,30,nearest,,5.0,185.0,0.6871950215156021,1.4938055448429892,1.6538666837335085,1.846753982499286
ujnaww,vq_ctw,30,linear,256.0,5.0,1007.0,0.9936217263447493,0.065796134718042,4.659579731404478,4.659579731404478
ujnaww,vq_ctw,30,linear,512.0,5.0,1007.0,0.990784452805129,0.09936851635200573,4.546238346688012,4.546238346688012
ujnaww,vq_ctw,30,linear,1024.0,5.0,1007.0,0.9935552320375015,0.06906014837172333,4.597976135430498,4.597976135430498
ujnaww,vq_ctw,30,nearest,256.0,5.0,185.0,0.8734239647176351,0.8317257684083801,4.339187776109428,4.339187776109428
ujnaww,vq_ctw,30,nearest,512.0,5.0,185.0,0.8956696169227245,0.7093198511347735,4.187714300066018,4.187714300066018
ujnaww,vq_ctw,30,nearest,1024.0,5.0,185.0,0.8490321814135363,0.9872603704341926,3.986904422121869,3.986904422121869
ujtosh,direct_ctw,30,linear,,5.0,690.0,0.8559050676696801,1.1838460954227592,1.6069391170340603,1.7955263253168143
ujtosh,direct_ctw,30,nearest,,5.0,78.0,0.8283255608351783,0.9733427445153925,1.656169233777682,1.8132635977687006
ujtosh,markov_order_1,30,linear,,5.0,690.0,0.7838907820108723,1.636337539905304,1.6069391170340603,1.7955263253168143
ujtosh,markov_order_1,30,nearest,,5.0,78.0,0.720644851775924,1.3544971306977414,1.656169233777682,1.8132635977687006
ujtosh,markov_order_2,30,linear,,5.0,690.0,0.7665066785406579,1.7384466921325865,1.6069391170340603,1.7955263253168143
ujtosh,markov_order_2,30,nearest,,5.0,78.0,0.7198944177909965,1.359512209373131,1.656169233777682,1.8132635977687006
ujtosh,vq_ctw,30,linear,256.0,5.0,690.0,0.9999999999980905,0.020365616139728062,3.8992638104020494,3.8992638104020494
ujtosh,vq_ctw,30,linear,512.0,5.0,690.0,0.9931101116662062,0.06627395485412835,3.9271138904236027,3.9271138904236027
ujtosh,vq_ctw,30,linear,1024.0,5.0,690.0,0.995206606253224,0.04862403576362233,3.88237504394486,3.88237504394486
ujtosh,vq_ctw,30,nearest,256.0,5.0,78.0,0.8729223314469732,0.8715582137664436,4.205499615688857,4.205499615688857
ujtosh,vq_ctw,30,nearest,512.0,5.0,78.0,0.9016037899500251,0.7061377280794324,4.42174373222283,4.42174373222283
ujtosh,vq_ctw,30,nearest,1024.0,5.0,78.0,0.8623875838515074,1.0100437728600418,4.434765999290191,4.434765999290191
ujtrud,direct_ctw,30,linear,,5.0,1007.0,0.8441783376904306,1.3733093077289216,1.6412090976585294,1.8068705634555962
ujtrud,direct_ctw,30,nearest,,5.0,372.0,0.8434653738921372,0.9864897274970229,1.5884319064386532,1.7727854562950207
ujtrud,markov_order_1,30,linear,,5.0,1007.0,0.7653824414586929,1.913864176869494,1.6412090976585294,1.8068705634555962
ujtrud,markov_order_1,30,nearest,,5.0,372.0,0.66800441635662,1.7040451635225986,1.5884319064386532,1.7727854562950207
ujtrud,markov_order_2,30,linear,,5.0,1007.0,0.7296972383624005,2.1413400562163916,1.6412090976585294,1.8068705634555962
ujtrud,markov_order_2,30,nearest,,5.0,372.0,0.6781296934328054,1.6708912662509956,1.5884319064386532,1.7727854562950207
ujtrud,vq_ctw,30,linear,256.0,5.0,1007.0,0.9913179578424384,0.08568417164176191,4.075538545840188,4.075538545840188
ujtrud,vq_ctw,30,linear,512.0,5.0,1007.0,0.9883351090820053,0.11872361678837183,4.462634857661782,4.462634857661782
ujtrud,vq_ctw,30,linear,1024.0,5.0,1007.0,0.9900596559154313,0.10609281238189552,4.180189797710228,4.180189797710228
ujtrud,vq_ctw,30,nearest,256.0,5.0,372.0,0.8831233155060412,0.8667062697726857,4.526574570417457,4.526574570417457
ujtrud,vq_ctw,30,nearest,512.0,5.0,372.0,0.8707464779393501,0.9560021920467408,4.816195854495505,4.816195854495505
ujtrud,vq_ctw,30,nearest,1024.0,5.0,372.0,0.874724567029001,0.971963461708983,4.962339762858054,4.962339762858054
ukgoaf,direct_ctw,30,linear,,5.0,1006.0,0.8454574261406744,1.4200658242498532,1.49991169107878,1.6768602462161746
ukgoaf,direct_ctw,30,nearest,,5.0,121.0,0.8418646600732308,1.0457864773036678,1.4587608948581414,1.6459685230982064
ukgoaf,markov_order_1,30,linear,,5.0,1006.0,0.7611937319156147,2.027659998859631,1.49991169107878,1.6768602462161746
ukgoaf,markov_order_1,30,nearest,,5.0,121.0,0.637561386310382,1.900585383372677,1.4587608948581414,1.6459685230982064
ukgoaf,markov_order_2,30,linear,,5.0,1006.0,0.7162052385679313,2.3277676867486305,1.49991169107878,1.6768602462161746
ukgoaf,markov_order_2,30,nearest,,5.0,121.0,0.6112732893851485,1.9887758486541138,1.4587608948581414,1.6459685230982064
ukgoaf,vq_ctw,30,linear,256.0,5.0,1006.0,0.9824816739700863,0.1623068537533162,5.0375245578820405,5.0375245578820405
ukgoaf,vq_ctw,30,linear,512.0,5.0,1006.0,0.9809231480457514,0.18553843306574586,5.318698632679207,5.318698632679207
ukgoaf,vq_ctw,30,linear,1024.0,5.0,1006.0,0.9802362163308717,0.179639762125041,4.892874154826036,4.892874154826036
ukgoaf,vq_ctw,30,nearest,256.0,5.0,121.0,0.8574982956323688,1.0583038418504673,7.042356264823006,7.042356264823006
ukgoaf,vq_ctw,30,nearest,512.0,5.0,121.0,0.8652455251659504,0.9809754885815978,6.5233220914912255,6.5233220914912255
ukgoaf,vq_ctw,30,nearest,1024.0,5.0,121.0,0.869006814824522,1.0275554971648135,7.239265904077165,7.239265904077165
uklsdr,direct_ctw,30,linear,,5.0,1007.0,0.841098822739923,1.4531814985331175,1.6851728052687254,1.8455610979552368
uklsdr,direct_ctw,30,nearest,,5.0,101.0,0.8371097297322566,1.0119622041800809,1.5656089748742776,1.72954384401912
uklsdr,markov_order_1,30,linear,,5.0,1007.0,0.7571128062840531,2.055517280221308,1.6851728052687254,1.8455610979552368
uklsdr,markov_order_1,30,nearest,,5.0,101.0,0.6384672016325625,1.7752258977642517,1.5656089748742776,1.72954384401912
uklsdr,markov_order_2,30,linear,,5.0,1007.0,0.7122256232246703,2.3536008268324973,1.6851728052687254,1.8455610979552368
uklsdr,markov_order_2,30,nearest,,5.0,101.0,0.6430342129836835,1.7621364639162365,1.5656089748742776,1.72954384401912
uklsdr,vq_ctw,30,linear,256.0,5.0,1007.0,0.9914409035253987,0.08464767993121587,4.675405794779285,4.675405794779285
uklsdr,vq_ctw,30,linear,512.0,5.0,1007.0,0.9855247153017739,0.1465974259552745,4.620826687677602,4.620826687677602
uklsdr,vq_ctw,30,linear,1024.0,5.0,1007.0,0.9907527794993446,0.10172056599920484,4.55609433022014,4.55609433022014
uklsdr,vq_ctw,30,nearest,256.0,5.0,101.0,0.872878663227286,0.9335777404174098,4.474765055365938,4.474765055365938
uklsdr,vq_ctw,30,nearest,512.0,5.0,101.0,0.9056533822925178,0.6919452830338032,4.67938823190782,4.67938823190782
uklsdr,vq_ctw,30,nearest,1024.0,5.0,101.0,0.862778323961706,0.9911541046362916,4.943622450532968,4.943622450532968
uljior,direct_ctw,30,linear,,5.0,1007.0,0.883313826968476,1.068236075733425,1.8685599215738986,2.0303368141689897
uljior,direct_ctw,30,nearest,,5.0,88.0,0.8541828031454095,0.9174733648323062,1.5064120976251696,1.7206170837067054
uljior,markov_order_1,30,linear,,5.0,1007.0,0.8163342913897434,1.5513405137080973,1.8685599215738986,2.0303368141689897
uljior,markov_order_1,30,nearest,,5.0,88.0,0.7201292549879967,1.4595721206622385,1.5064120976251696,1.7206170837067054
uljior,markov_order_2,30,linear,,5.0,1007.0,0.7977815569023234,1.676858455735105,1.8685599215738986,2.0303368141689897
uljior,markov_order_2,30,nearest,,5.0,88.0,0.7374481530749485,1.4025717740860302,1.5064120976251696,1.7206170837067054
uljior,vq_ctw,30,linear,256.0,5.0,1007.0,0.9936235359045118,0.062050094181712825,3.550949017177799,3.550949017177799
uljior,vq_ctw,30,linear,512.0,5.0,1007.0,0.9906168519509457,0.098462492114678,3.535706703788918,3.535706703788918
uljior,vq_ctw,30,linear,1024.0,5.0,1007.0,0.9919381566568684,0.08377495545781123,3.560558124467967,3.560558124467967
uljior,vq_ctw,30,nearest,256.0,5.0,88.0,0.8478431629158204,0.9900323830752032,4.23717497295774,4.23717497295774
uljior,vq_ctw,30,nearest,512.0,5.0,88.0,0.900998762085634,0.7062798987313971,4.2626680027162545,4.2626680027162545
uljior,vq_ctw,30,nearest,1024.0,5.0,88.0,0.8655813689447445,1.0142087309131869,4.523912677673051,4.523912677673051
umhenw,direct_ctw,30,linear,,5.0,1007.0,0.8250432990019229,1.4710888774389743,1.6044672694457283,1.7732461289439112
umhenw,direct_ctw,30,nearest,,5.0,33.0,0.8662588697617999,0.9688330910919329,1.6925340849285249,1.8597186528137024
umhenw,markov_order_1,30,linear,,5.0,1007.0,0.7290994432983062,2.084822806246539,1.6044672694457283,1.7732461289439112
umhenw,markov_order_1,30,nearest,,5.0,33.0,0.5911636006783733,2.2023946317784184,1.6925340849285249,1.8597186528137024
umhenw,markov_order_2,30,linear,,5.0,1007.0,0.6928184686981476,2.2983089883298233,1.6044672694457283,1.7732461289439112
umhenw,markov_order_2,30,nearest,,5.0,33.0,0.5898060113539054,2.2071841841682085,1.6925340849285249,1.8597186528137024
umhenw,vq_ctw,30,linear,256.0,5.0,1007.0,0.9742385133276522,0.21349969207717842,5.019843837638177,5.019843837638177
umhenw,vq_ctw,30,linear,512.0,5.0,1007.0,0.9720861964151135,0.24863313441468285,5.281252403935896,5.281252403935896
umhenw,vq_ctw,30,linear,1024.0,5.0,1007.0,0.9711588500058168,0.25551364607491445,5.253574403400956,5.253574403400956
umhenw,vq_ctw,30,nearest,256.0,5.0,33.0,0.8585221588138771,1.03657024381728,4.69642837898424,4.69642837898424
umhenw,vq_ctw,30,nearest,512.0,5.0,33.0,0.8646403524318867,0.9780348665758325,3.8903302996449853,3.8903302996449853
umhenw,vq_ctw,30,nearest,1024.0,5.0,33.0,0.8722017716783571,0.9934779808683072,4.57751269363235,4.57751269363235
umsmth,direct_ctw,30,linear,,5.0,1007.0,0.8352962883357238,1.4285921258133134,1.6827719348885728,1.857957985854167
umsmth,direct_ctw,30,nearest,,5.0,273.0,0.821410526673523,1.131205573002743,1.709646818939516,1.8803738656837587
umsmth,markov_order_1,30,linear,,5.0,1007.0,0.7599253165530431,1.9366925652583282,1.6827719348885728,1.857957985854167
umsmth,markov_order_1,30,nearest,,5.0,273.0,0.6125415709089614,1.9527777306585297,1.709646818939516,1.8803738656837587
umsmth,markov_order_2,30,linear,,5.0,1007.0,0.7267871425133319,2.1451336015205316,1.6827719348885728,1.857957985854167
umsmth,markov_order_2,30,nearest,,5.0,273.0,0.6357432170435732,1.8760450120473715,1.709646818939516,1.8803738656837587
umsmth,vq_ctw,30,linear,256.0,5.0,1007.0,0.9999999999980905,0.03357481328079379,4.503008869693568,4.503008869693568
umsmth,vq_ctw,30,linear,512.0,5.0,1007.0,0.9920861302515894,0.07453577118658171,4.345844737970902,4.345844737970902
umsmth,vq_ctw,30,linear,1024.0,5.0,1007.0,0.9938454294450949,0.06020630119300767,4.316470805932517,4.316470805932517
umsmth,vq_ctw,30,nearest,256.0,5.0,273.0,0.8529348286209673,1.0932546367705716,4.597361949389608,4.597361949389608
umsmth,vq_ctw,30,nearest,512.0,5.0,273.0,0.8646167803762929,1.0035725561483109,4.509402384622244,4.509402384622244
umsmth,vq_ctw,30,nearest,1024.0,5.0,273.0,0.8705123272107671,1.0423499054567862,4.667475909109583,4.667475909109583
umvohu,direct_ctw,30,linear,,5.0,1007.0,0.8307736796844188,1.4318281960620587,1.6404736142742935,1.7957171392464997
umvohu,direct_ctw,30,nearest,,5.0,265.0,0.8305340272204199,0.9979396687987433,1.6005523224386586,1.7680496819954472
umvohu,markov_order_1,30,linear,,5.0,1007.0,0.7539777792985128,1.932915059469991,1.6404736142742935,1.7957171392464997
umvohu,markov_order_1,30,nearest,,5.0,265.0,0.6578260424614027,1.6155137159740995,1.6005523224386586,1.7680496819954472
umvohu,markov_order_2,30,linear,,5.0,1007.0,0.7221874831880191,2.126213034253314,1.6404736142742935,1.7957171392464997
umvohu,markov_order_2,30,nearest,,5.0,265.0,0.6592580651186893,1.6211605837253904,1.6005523224386586,1.7680496819954472
umvohu,vq_ctw,30,linear,256.0,5.0,1007.0,0.9912521934592584,0.08112041614841364,4.082934995931206,4.082934995931206
umvohu,vq_ctw,30,linear,512.0,5.0,1007.0,0.9877715208266885,0.12362230825332918,4.126295991529753,4.126295991529753
umvohu,vq_ctw,30,linear,1024.0,5.0,1007.0,0.9911764708366899,0.09053593762210539,4.012681602218798,4.012681602218798
umvohu,vq_ctw,30,nearest,256.0,5.0,265.0,0.8609513500456526,0.9870449161703934,4.337950292505437,4.337950292505437
umvohu,vq_ctw,30,nearest,512.0,5.0,265.0,0.8733338041445418,0.9338850389136206,4.0176911985211605,4.0176911985211605
umvohu,vq_ctw,30,nearest,1024.0,5.0,265.0,0.8647591689359219,1.0339380245357466,4.616725308934987,4.616725308934987
unquek,direct_ctw,30,linear,,5.0,1007.0,0.84509251077474,1.3745238850420987,1.646579007583115,1.8071243736403673
unquek,direct_ctw,30,nearest,,5.0,69.0,0.8185142145875505,1.0693050860405164,1.5149862656803443,1.6743657637514533
unquek,markov_order_1,30,linear,,5.0,1007.0,0.7573756239721061,1.9780419622780712,1.646579007583115,1.8071243736403673
unquek,markov_order_1,30,nearest,,5.0,69.0,0.6414706729015583,1.702337353628979,1.5149862656803443,1.6743657637514533
unquek,markov_order_2,30,linear,,5.0,1007.0,0.7259077436460786,2.178810643023358,1.646579007583115,1.8071243736403673
unquek,markov_order_2,30,nearest,,5.0,69.0,0.6359340803234387,1.7178404419378654,1.5149862656803443,1.6743657637514533
unquek,vq_ctw,30,linear,256.0,5.0,1007.0,0.9857037518804026,0.1366800320444248,4.505448050176074,4.505448050176074
unquek,vq_ctw,30,linear,512.0,5.0,1007.0,0.9825203542413319,0.17222965496855597,4.55250310453616,4.55250310453616
unquek,vq_ctw,30,linear,1024.0,5.0,1007.0,0.9820909899416982,0.17111696078033023,4.377207199273494,4.377207199273494
unquek,vq_ctw,30,nearest,256.0,5.0,69.0,0.8702786136183406,0.9676982460244618,5.50625985138723,5.50625985138723
unquek,vq_ctw,30,nearest,512.0,5.0,69.0,0.8663136739663682,0.9685033340493318,6.02372099697611,6.02372099697611
unquek,vq_ctw,30,nearest,1024.0,5.0,69.0,0.8833629285855872,0.9292069140576364,6.239184630307414,6.239184630307414
unwrai,direct_ctw,30,linear,,5.0,254.0,0.8199075484874779,1.4164004568798405,1.7718534665280132,1.9198909302989469
unwrai,markov_order_1,30,linear,,5.0,254.0,0.5924802886436706,2.6409014123969325,1.7718534665280132,1.9198909302989469
unwrai,markov_order_2,30,linear,,5.0,254.0,0.5719629036610439,2.7345912530848175,1.7718534665280132,1.9198909302989469
unwrai,vq_ctw,30,linear,256.0,5.0,254.0,0.9999999999980905,0.4145879292065996,6.112116986153749,6.112116986153749
unwrai,vq_ctw,30,linear,512.0,5.0,254.0,0.9359584352924152,0.44478723543423737,6.319246067757463,6.319246067757463
unwrai,vq_ctw,30,linear,1024.0,5.0,254.0,0.9384242606165898,0.39524425540589175,6.299486939035273,6.299486939035273
upchim,direct_ctw,30,linear,,5.0,1007.0,0.8295693172542772,1.3553181336357707,1.6213126488367495,1.7871815804947833
upchim,direct_ctw,30,nearest,,5.0,154.0,0.8287369496686697,0.975316701723804,1.6041943793155686,1.7668668657001678
upchim,markov_order_1,30,linear,,5.0,1007.0,0.7699358673993688,1.7185016775040733,1.6213126488367495,1.7871815804947833
upchim,markov_order_1,30,nearest,,5.0,154.0,0.7141779222413273,1.4073323863837088,1.6041943793155686,1.7668668657001678
upchim,markov_order_2,30,linear,,5.0,1007.0,0.7522610459413457,1.8202985126535969,1.6213126488367495,1.7871815804947833
upchim,markov_order_2,30,nearest,,5.0,154.0,0.6985754200356198,1.4582747441657276,1.6041943793155686,1.7668668657001678
upchim,vq_ctw,30,linear,256.0,5.0,1007.0,0.9954787899613715,0.04888995372229196,3.9043271100322423,3.9043271100322423
upchim,vq_ctw,30,linear,512.0,5.0,1007.0,0.9923430938496652,0.08632040128822217,4.0078308595828,4.0078308595828
upchim,vq_ctw,30,linear,1024.0,5.0,1007.0,0.9951145164076581,0.05228156581980304,3.9925500738697863,3.9925500738697863
upchim,vq_ctw,30,nearest,256.0,5.0,154.0,0.866361547806157,0.9280067247382104,4.397305594781643,4.397305594781643
upchim,vq_ctw,30,nearest,512.0,5.0,154.0,0.8671242937828744,0.8973702644043571,4.379876262823987,4.379876262823987
upchim,vq_ctw,30,nearest,1024.0,5.0,154.0,0.860382183479534,0.9654124065109803,4.501391181597956,4.501391181597956
upsjav,direct_ctw,30,linear,,5.0,1007.0,0.8718609012714136,1.0966380824365254,1.7128842134296982,1.8621049706980615
upsjav,direct_ctw,30,nearest,,5.0,183.0,0.8592225037656838,0.8853096319021609,1.6724536390340863,1.8367377834428902
upsjav,markov_order_1,30,linear,,5.0,1007.0,0.8278194032893944,1.3940795278959937,1.7128842134296982,1.8621049706980615
upsjav,markov_order_1,30,nearest,,5.0,183.0,0.7244420964185233,1.441094093120733,1.6724536390340863,1.8367377834428902
upsjav,markov_order_2,30,linear,,5.0,1007.0,0.8139727700320778,1.4833165459267217,1.7128842134296982,1.8621049706980615
upsjav,markov_order_2,30,nearest,,5.0,183.0,0.7082384750306451,1.498824896516783,1.6724536390340863,1.8367377834428902
upsjav,vq_ctw,30,linear,256.0,5.0,1007.0,0.9979273594935012,0.0247483138433945,3.542187900147754,3.542187900147754
upsjav,vq_ctw,30,linear,512.0,5.0,1007.0,0.996532276912065,0.04026715295086097,3.6234046779920948,3.6234046779920948
upsjav,vq_ctw,30,linear,1024.0,5.0,1007.0,0.9968286384236376,0.037235231815146236,3.641571437622091,3.641571437622091
upsjav,vq_ctw,30,nearest,256.0,5.0,183.0,0.8732753793154108,0.8827634368501829,4.316131626680337,4.316131626680337
upsjav,vq_ctw,30,nearest,512.0,5.0,183.0,0.8833982207894715,0.814418244135578,4.236213420177343,4.236213420177343
upsjav,vq_ctw,30,nearest,1024.0,5.0,183.0,0.871403157103559,0.9669694672564801,4.286840044463325,4.286840044463325
upthin,direct_ctw,30,linear,,5.0,1001.0,0.8938429579421917,0.9128426585174746,1.5629746045185127,1.7482968480648524
upthin,markov_order_1,30,linear,,5.0,1001.0,0.8502785686862169,1.2080284725593455,1.5629746045185127,1.7482968480648524
upthin,markov_order_2,30,linear,,5.0,1001.0,0.8353264410100225,1.3040681068331765,1.5629746045185127,1.7482968480648524
upthin,vq_ctw,30,linear,256.0,5.0,1001.0,0.9999999999980905,0.02521843575931071,3.5501547618497007,3.5501547618497007
upthin,vq_ctw,30,linear,512.0,5.0,1001.0,0.9961451344560455,0.04031809467022507,3.5754721689860123,3.5754721689860123
upthin,vq_ctw,30,linear,1024.0,5.0,1001.0,0.99433067298279,0.05613316637565164,3.5229464694175645,3.5229464694175645
urfhod,direct_ctw,30,linear,,5.0,931.0,0.7933691371284612,1.6823879645914053,1.7438255903128637,1.896862868212227
urfhod,direct_ctw,30,nearest,,5.0,195.0,0.8360057800819418,1.0981935664369393,1.7281403614424684,1.899389012819605
urfhod,markov_order_1,30,linear,,5.0,931.0,0.6714442922963126,2.419859535084092,1.7438255903128637,1.896862868212227
urfhod,markov_order_1,30,nearest,,5.0,195.0,0.5880365650358831,2.130594643095528,1.7281403614424684,1.899389012819605
urfhod,markov_order_2,30,linear,,5.0,931.0,0.6274951480442902,2.6604967636996606,1.7438255903128637,1.896862868212227
urfhod,markov_order_2,30,nearest,,5.0,195.0,0.588687870613098,2.135453497460738,1.7281403614424684,1.899389012819605
urfhod,vq_ctw,30,linear,256.0,5.0,931.0,0.9789945707588655,0.16805455684108705,5.624612159073942,5.624612159073942
urfhod,vq_ctw,30,linear,512.0,5.0,931.0,0.9822874999071605,0.15647032868079896,6.183568524268839,6.183568524268839
urfhod,vq_ctw,30,linear,1024.0,5.0,931.0,0.9851495229221956,0.1411578859320151,6.033817377308949,6.033817377308949
urfhod,vq_ctw,30,nearest,256.0,5.0,195.0,0.8532976491448793,1.0498050903034721,4.93622040466071,4.93622040466071
urfhod,vq_ctw,30,nearest,512.0,5.0,195.0,0.8551451012525374,1.0565621212979024,4.7970949713809,4.7970949713809
urfhod,vq_ctw,30,nearest,1024.0,5.0,195.0,0.8765817688874986,0.980119604975894,5.2633646019723646,5.2633646019723646
usadri,direct_ctw,30,linear,,5.0,1005.0,0.889701554943843,1.0252722006753117,1.6792944205646771,1.8331287964839142
usadri,markov_order_1,30,linear,,5.0,1005.0,0.8227736425754213,1.5166629927327233,1.6792944205646771,1.8331287964839142
usadri,markov_order_2,30,linear,,5.0,1005.0,0.8012717317027067,1.6643078875903343,1.6792944205646771,1.8331287964839142
usadri,vq_ctw,30,linear,256.0,5.0,1005.0,0.9907248623775748,0.09064927534844103,3.8834733688430534,3.8834733688430534
usadri,vq_ctw,30,linear,512.0,5.0,1005.0,0.988192989315327,0.11996259232059273,4.038188706996461,4.038188706996461
usadri,vq_ctw,30,linear,1024.0,5.0,1005.0,0.9903278662231257,0.09795594270470763,3.8344712106188776,3.8344712106188776
usbekh,direct_ctw,30,linear,,5.0,1007.0,0.8087876565107954,1.5919633355809222,1.7447570728896837,1.9104287780242253
usbekh,direct_ctw,30,nearest,,5.0,295.0,0.8359793370987388,1.0576636683709972,1.578652722290018,1.756948688612006
usbekh,markov_order_1,30,linear,,5.0,1007.0,0.7072808932276021,2.2315532773912214,1.7447570728896837,1.9104287780242253
usbekh,markov_order_1,30,nearest,,5.0,295.0,0.6147965915319265,1.940365006804908,1.578652722290018,1.756948688612006
usbekh,markov_order_2,30,linear,,5.0,1007.0,0.6750983551606758,2.418428894709701,1.7447570728896837,1.9104287780242253
usbekh,markov_order_2,30,nearest,,5.0,295.0,0.6178192083461032,1.9372016711889435,1.578652722290018,1.756948688612006
usbekh,vq_ctw,30,linear,256.0,5.0,1007.0,0.9933203794925386,0.06845840598458981,4.659105609344078,4.659105609344078
usbekh,vq_ctw,30,linear,512.0,5.0,1007.0,0.992174201935011,0.08797712451076437,4.885391927329774,4.885391927329774
usbekh,vq_ctw,30,linear,1024.0,5.0,1007.0,0.9916652483797578,0.08889211969360593,4.724257040901628,4.724257040901628
usbekh,vq_ctw,30,nearest,256.0,5.0,295.0,0.8614094193716669,1.0043583911113667,4.27150168995365,4.27150168995365
usbekh,vq_ctw,30,nearest,512.0,5.0,295.0,0.8766797309473389,0.8845507394360272,4.699719542812241,4.699719542812241
usbekh,vq_ctw,30,nearest,1024.0,5.0,295.0,0.8668116769332687,1.0156893631056685,4.655983653978672,4.655983653978672
ushfeo,direct_ctw,30,linear,,5.0,1007.0,0.8248747015307214,1.5675632735493312,1.5827118386737333,1.7495323153144633
ushfeo,markov_order_1,30,linear,,5.0,1007.0,0.7238005515823787,2.26692560576268,1.5827118386737333,1.7495323153144633
ushfeo,markov_order_2,30,linear,,5.0,1007.0,0.6746034518288215,2.579204733272236,1.5827118386737333,1.7495323153144633
ushfeo,vq_ctw,30,linear,256.0,5.0,1007.0,0.9870185999015385,0.12054090466368779,4.984352093826325,4.984352093826325
ushfeo,vq_ctw,30,linear,512.0,5.0,1007.0,0.9834282780056464,0.16021102080747263,5.334448074528603,5.334448074528603
ushfeo,vq_ctw,30,linear,1024.0,5.0,1007.0,0.9833198152472843,0.16548876311936148,4.94145314190595,4.94145314190595
uthiss,direct_ctw,30,linear,,5.0,1004.0,0.8124839917866783,1.6731020240659944,1.6700429882979226,1.8210288533167396
uthiss,markov_order_1,30,linear,,5.0,1004.0,0.6655932409045234,2.661441938185286,1.6700429882979226,1.8210288533167396
uthiss,markov_order_2,30,linear,,5.0,1004.0,0.6129712109684547,2.9790637566165095,1.6700429882979226,1.8210288533167396
uthiss,vq_ctw,30,linear,256.0,5.0,1004.0,0.9335235205935957,0.4579975318870985,6.009138251217032,6.009138251217032
uthiss,vq_ctw,30,linear,512.0,5.0,1004.0,0.9461674857293645,0.4639568852231721,6.684242836821355,6.684242836821355
uthiss,vq_ctw,30,linear,1024.0,5.0,1004.0,0.9375360799013268,0.48218582141273286,5.947334777730655,5.947334777730655
uthomo,direct_ctw,30,linear,,5.0,1007.0,0.8455416737990528,1.2649653524320006,1.5563452963369575,1.727994247230417
uthomo,direct_ctw,30,nearest,,5.0,182.0,0.8320433459539299,1.070401705933835,1.5021489925483555,1.6808025253625656
uthomo,markov_order_1,30,linear,,5.0,1007.0,0.7840915238479058,1.6529479653182308,1.5563452963369575,1.727994247230417
uthomo,markov_order_1,30,nearest,,5.0,182.0,0.6334955865536338,1.8686663242903985,1.5021489925483555,1.6808025253625656
uthomo,markov_order_2,30,linear,,5.0,1007.0,0.7640465459548245,1.7721542135249577,1.5563452963369575,1.727994247230417
uthomo,markov_order_2,30,nearest,,5.0,182.0,0.612828186189704,1.937809966060772,1.5021489925483555,1.6808025253625656
uthomo,vq_ctw,30,linear,256.0,5.0,1007.0,0.9951476333361926,0.049136446929198684,3.6815451045508105,3.6815451045508105
uthomo,vq_ctw,30,linear,512.0,5.0,1007.0,0.9902694927285864,0.0944237221103654,3.810726448962317,3.810726448962317
uthomo,vq_ctw,30,linear,1024.0,5.0,1007.0,0.9930699932582827,0.07065540029837972,3.760427441497893,3.760427441497893
uthomo,vq_ctw,30,nearest,256.0,5.0,182.0,0.8669070315494855,0.9599108501227729,4.524679505799346,4.524679505799346
uthomo,vq_ctw,30,nearest,512.0,5.0,182.0,0.8756004030171339,0.9276527035766376,4.678062432967833,4.678062432967833
uthomo,vq_ctw,30,nearest,1024.0,5.0,182.0,0.8751584605882335,1.0081003239873603,5.232947633996464,5.232947633996464
uthsyi,direct_ctw,30,linear,,5.0,977.0,0.8443911313654486,1.4218622342457787,1.7196917885159062,1.8439509691219662
uthsyi,markov_order_1,30,linear,,5.0,977.0,0.6989986400581641,2.426432675515631,1.7196917885159062,1.8439509691219662
uthsyi,markov_order_2,30,linear,,5.0,977.0,0.6533606535810238,2.70904215555264,1.7196917885159062,1.8439509691219662
uthsyi,vq_ctw,30,linear,256.0,5.0,977.0,0.9419135719645312,0.45467395555322415,6.770728452799414,6.770728452799414
uthsyi,vq_ctw,30,linear,512.0,5.0,977.0,0.9402598706065254,0.505632853136401,7.258887499805516,7.258887499805516
uthsyi,vq_ctw,30,linear,1024.0,5.0,977.0,0.9366225883705191,0.4878663739107238,6.880677436547725,6.880677436547725
utjanr,direct_ctw,30,linear,,5.0,1007.0,0.8395835910043873,1.4224505757253985,1.6878628625397563,1.8420244556609953
utjanr,markov_order_1,30,linear,,5.0,1007.0,0.7510565325787393,2.0311376205367715,1.6878628625397563,1.8420244556609953
utjanr,markov_order_2,30,linear,,5.0,1007.0,0.7151680350357554,2.259590740894137,1.6878628625397563,1.8420244556609953
utjanr,vq_ctw,30,linear,256.0,5.0,1007.0,0.9910878904910715,0.08761697120137969,4.620968898398999,4.620968898398999
utjanr,vq_ctw,30,linear,512.0,5.0,1007.0,0.9822343526747678,0.1746279935796105,4.53203013708939,4.53203013708939
utjanr,vq_ctw,30,linear,1024.0,5.0,1007.0,0.9838546511008972,0.15150348200580008,4.570793387390031,4.570793387390031
utkibe,direct_ctw,30,linear,,5.0,1006.0,0.8513306000524857,1.3751100840449837,1.6152913034452372,1.7867312558691075
utkibe,markov_order_1,30,linear,,5.0,1006.0,0.7416477439687411,2.1599114987655863,1.6152913034452372,1.7867312558691075
utkibe,markov_order_2,30,linear,,5.0,1006.0,0.6979688506394855,2.4452379979933787,1.6152913034452372,1.7867312558691075
utkibe,vq_ctw,30,linear,256.0,5.0,1006.0,0.9545786742810382,0.3386101558357647,5.744605560838933,5.744605560838933
utkibe,vq_ctw,30,linear,512.0,5.0,1006.0,0.9659046168371564,0.3168175675926821,6.106559299690505,6.106559299690505
utkibe,vq_ctw,30,linear,1024.0,5.0,1006.0,0.9550205964469564,0.36911318861854725,5.68070223426421,5.68070223426421
utlurv,direct_ctw,30,linear,,5.0,1007.0,0.8421496087387346,1.2996791370453977,1.5565335116573713,1.7452662265703875
utlurv,direct_ctw,30,nearest,,5.0,38.0,0.8586652402584252,0.9530688354183049,1.3088007335470637,1.511661302157705
utlurv,markov_order_1,30,linear,,5.0,1007.0,0.7830409370648136,1.6762022119217264,1.5565335116573713,1.7452662265703875
utlurv,markov_order_1,30,nearest,,5.0,38.0,0.6744790778608296,1.751743892641949,1.3088007335470637,1.511661302157705
utlurv,markov_order_2,30,linear,,5.0,1007.0,0.7591078544204993,1.8198131142849245,1.5565335116573713,1.7452662265703875
utlurv,markov_order_2,30,nearest,,5.0,38.0,0.6467492984954126,1.8500775661314774,1.3088007335470637,1.511661302157705
utlurv,vq_ctw,30,linear,256.0,5.0,1007.0,0.9999999999980905,0.03455118279191407,4.2230584079245155,4.2230584079245155
utlurv,vq_ctw,30,linear,512.0,5.0,1007.0,0.9944646958310047,0.058235711587399736,4.310877612293543,4.310877612293543
utlurv,vq_ctw,30,linear,1024.0,5.0,1007.0,0.9933572783910813,0.06424775584978758,4.269464630137698,4.269464630137698
utlurv,vq_ctw,30,nearest,256.0,5.0,38.0,0.8774206156951277,0.8808538940599577,4.808238353347616,4.808238353347616
utlurv,vq_ctw,30,nearest,512.0,5.0,38.0,0.8649931787505897,1.0194941914043458,4.044102864442419,4.044102864442419
utlurv,vq_ctw,30,nearest,1024.0,5.0,38.0,0.8737908842151029,1.013978469822302,4.26557253711004,4.26557253711004
utthwa,direct_ctw,30,linear,,5.0,348.0,0.8964731544248281,0.9117759394747705,1.530914358992916,1.6688440922505765
utthwa,direct_ctw,30,nearest,,5.0,35.0,0.854157937748115,0.9379712790427397,1.5755253942785772,1.8277740933552347
utthwa,markov_order_1,30,linear,,5.0,348.0,0.8140782393159582,1.468141509208985,1.530914358992916,1.6688440922505765
utthwa,markov_order_1,30,nearest,,5.0,35.0,0.7111640908401893,1.5378689742772533,1.5755253942785772,1.8277740933552347
utthwa,markov_order_2,30,linear,,5.0,348.0,0.7877944656641985,1.630558604323315,1.530914358992916,1.6688440922505765
utthwa,markov_order_2,30,nearest,,5.0,35.0,0.6823277682411563,1.6394441905500585,1.5755253942785772,1.8277740933552347
utthwa,vq_ctw,30,linear,256.0,5.0,348.0,0.9913413707680953,0.0854869858187399,3.958902652689311,3.958902652689311
utthwa,vq_ctw,30,linear,512.0,5.0,348.0,0.9852839115473515,0.14481244995307835,4.1088700364987405,4.1088700364987405
utthwa,vq_ctw,30,linear,1024.0,5.0,348.0,0.9885875963072298,0.11651622325365167,3.833017920219555,3.833017920219555
utthwa,vq_ctw,30,nearest,256.0,5.0,35.0,0.8515226031006269,1.0992480732892782,4.29953475475671,4.29953475475671
utthwa,vq_ctw,30,nearest,512.0,5.0,35.0,0.8592485341934752,1.0084578520771919,3.5757447200656953,3.5757447200656953
utthwa,vq_ctw,30,nearest,1024.0,5.0,35.0,0.8777012604979695,1.0015673299176064,4.32462746498639,4.32462746498639
uttorh,direct_ctw,30,linear,,5.0,901.0,0.8607970819568496,1.2513453465032207,1.602555684940802,1.7636839505408786
uttorh,markov_order_1,30,linear,,5.0,901.0,0.7807753184164382,1.8126401173384221,1.602555684940802,1.7636839505408786
uttorh,markov_order_2,30,linear,,5.0,901.0,0.7497662675445561,2.0146107369852757,1.602555684940802,1.7636839505408786
uttorh,vq_ctw,30,linear,256.0,5.0,901.0,0.9847742701230654,0.12894671586040388,4.468511801820289,4.468511801820289
uttorh,vq_ctw,30,linear,512.0,5.0,901.0,0.9856611822460145,0.14164113858672026,4.548942292591859,4.548942292591859
uttorh,vq_ctw,30,linear,1024.0,5.0,901.0,0.9855888288574826,0.13761108981535403,4.4862010706977955,4.4862010706977955
utvoho,direct_ctw,30,linear,,5.0,1007.0,0.8764921099929526,0.9963943286252559,1.5142264792993079,1.707269835382432
utvoho,direct_ctw,30,nearest,,5.0,175.0,0.8293049465477467,0.9539654397910139,1.4822930084684633,1.671617869916384
utvoho,markov_order_1,30,linear,,5.0,1007.0,0.8425590312974661,1.2107530526268142,1.5142264792993079,1.707269835382432
utvoho,markov_order_1,30,nearest,,5.0,175.0,0.7263931984513062,1.3780748563201561,1.4822930084684633,1.671617869916384
utvoho,markov_order_2,30,linear,,5.0,1007.0,0.8310784345369684,1.280315891441621,1.5142264792993079,1.707269835382432
utvoho,markov_order_2,30,nearest,,5.0,175.0,0.7221844682289235,1.385475104328947,1.4822930084684633,1.671617869916384
utvoho,vq_ctw,30,linear,256.0,5.0,1007.0,1.0,0.0,3.7254449460210237,3.7254449460210237
utvoho,vq_ctw,30,linear,512.0,5.0,1007.0,0.9999999999980905,0.026764543015439474,3.670536771363798,3.670536771363798
utvoho,vq_ctw,30,linear,1024.0,5.0,1007.0,0.9999999999980905,0.01148024045719569,3.8706971628418616,3.8706971628418616
utvoho,vq_ctw,30,nearest,256.0,5.0,175.0,0.8786329113213821,0.7943877344326387,3.924660941726857,3.924660941726857
utvoho,vq_ctw,30,nearest,512.0,5.0,175.0,0.8732893280030546,0.8061555978311429,3.981809348861998,3.981809348861998
utvoho,vq_ctw,30,nearest,1024.0,5.0,175.0,0.8496080622612159,0.9667194932618679,3.9905659486031606,3.9905659486031606
utwoab,direct_ctw,30,linear,,5.0,1007.0,0.8201426079315716,1.4149253800887838,1.6921435957907722,1.8491163681239464
utwoab,direct_ctw,30,nearest,,5.0,39.0,0.8562374490422524,0.9976009088651572,1.7022278086712241,1.8441405635681634
utwoab,markov_order_1,30,linear,,5.0,1007.0,0.7544669837511178,1.8077281283348177,1.6921435957907722,1.8491163681239464
utwoab,markov_order_1,30,nearest,,5.0,39.0,0.6118159437317027,2.053388072741015,1.7022278086712241,1.8441405635681634
utwoab,markov_order_2,30,linear,,5.0,1007.0,0.733410823158453,1.9262009829572266,1.6921435957907722,1.8491163681239464
utwoab,markov_order_2,30,nearest,,5.0,39.0,0.6174768710623009,2.0336827432111675,1.7022278086712241,1.8441405635681634
utwoab,vq_ctw,30,linear,256.0,5.0,1007.0,0.995293230253911,0.05062273944477915,3.772100255098054,3.772100255098054
utwoab,vq_ctw,30,linear,512.0,5.0,1007.0,0.9932746633702803,0.07381688282607189,3.8567834639701966,3.8567834639701966
utwoab,vq_ctw,30,linear,1024.0,5.0,1007.0,0.9967980186619638,0.03755028270764429,3.8760374895316114,3.8760374895316114
utwoab,vq_ctw,30,nearest,256.0,5.0,39.0,0.8690410216797213,0.9529392683536207,6.222263781185476,6.222263781185476
utwoab,vq_ctw,30,nearest,512.0,5.0,39.0,0.8557274308397771,1.0281375399780512,7.130665601209681,7.130665601209681
utwoab,vq_ctw,30,nearest,1024.0,5.0,39.0,0.8643062267503401,1.0029882079303496,7.620278147154033,7.620278147154033
uvburk,direct_ctw,30,linear,,5.0,1007.0,0.9267832155738338,0.7090156489178167,1.918172872313695,2.091931779668546
uvburk,markov_order_1,30,linear,,5.0,1007.0,0.8681736683349213,1.1587502957887035,1.918172872313695,2.091931779668546
uvburk,markov_order_2,30,linear,,5.0,1007.0,0.8676738815840431,1.1623686320815547,1.918172872313695,2.091931779668546
uvburk,vq_ctw,30,linear,256.0,5.0,1007.0,0.995978087083958,0.04181861327973283,3.5893209780334683,3.5893209780334683
uvburk,vq_ctw,30,linear,512.0,5.0,1007.0,0.9902266080597856,0.10672448038943924,3.567565604183438,3.567565604183438
uvburk,vq_ctw,30,linear,1024.0,5.0,1007.0,0.9928367888195828,0.07566280267282685,3.4974193723695497,3.4974193723695497
uvigch,direct_ctw,30,linear,,5.0,1007.0,0.8413255280167954,1.4097272938367915,1.5815070087668788,1.7568178450728198
uvigch,direct_ctw,30,nearest,,5.0,177.0,0.8389119478974996,1.0344553596067394,1.6358206577517442,1.8226832603352885
uvigch,markov_order_1,30,linear,,5.0,1007.0,0.7618807907851297,1.9603234839151544,1.5815070087668788,1.7568178450728198
uvigch,markov_order_1,30,nearest,,5.0,177.0,0.6562616634738564,1.7790191185546465,1.6358206577517442,1.8226832603352885
uvigch,markov_order_2,30,linear,,5.0,1007.0,0.7182423688932613,2.2403885368498133,1.5815070087668788,1.7568178450728198
uvigch,markov_order_2,30,nearest,,5.0,177.0,0.6433285596244207,1.8240094754958136,1.6358206577517442,1.8226832603352885
uvigch,vq_ctw,30,linear,256.0,5.0,1007.0,0.990725608730755,0.09064306270346016,4.837532051729383,4.837532051729383
uvigch,vq_ctw,30,linear,512.0,5.0,1007.0,0.9764275714832841,0.22198802326438255,4.418613315988021,4.418613315988021
uvigch,vq_ctw,30,linear,1024.0,5.0,1007.0,0.9879158026878276,0.11848165571547437,4.614123307139703,4.614123307139703
uvigch,vq_ctw,30,nearest,256.0,5.0,177.0,0.8633282558872112,0.9981018943724589,4.814491055380582,4.814491055380582
uvigch,vq_ctw,30,nearest,512.0,5.0,177.0,0.87688730698971,0.932691571295995,3.9771828599495818,3.9771828599495818
uvigch,vq_ctw,30,nearest,1024.0,5.0,177.0,0.8766833203896386,0.9816800503095199,4.584628098626997,4.584628098626997
uvjeah,direct_ctw,30,linear,,5.0,1007.0,0.8271186958875484,1.5780009578584557,1.6774488155436011,1.8285166385402685
uvjeah,markov_order_1,30,linear,,5.0,1007.0,0.6891482787028363,2.53713055649534,1.6774488155436011,1.8285166385402685
uvjeah,markov_order_2,30,linear,,5.0,1007.0,0.62475738345504,2.9379207799518445,1.6774488155436011,1.8285166385402685
uvjeah,vq_ctw,30,linear,256.0,5.0,1007.0,0.9649732923998977,0.2745215279143083,6.357308429227338,6.357308429227338
uvjeah,vq_ctw,30,linear,512.0,5.0,1007.0,0.9520502623045158,0.4015711847657779,5.687592138864542,5.687592138864542
uvjeah,vq_ctw,30,linear,1024.0,5.0,1007.0,0.9510933861011,0.40815581343283097,5.689278345536866,5.689278345536866
uvjova,direct_ctw,30,linear,,5.0,1007.0,0.8759389458565905,1.0582479534065625,1.6781611991737708,1.8128764362275795
uvjova,direct_ctw,30,nearest,,5.0,69.0,0.8363725650193449,1.044856620075562,1.7561498621404696,1.9260787034177551
uvjova,markov_order_1,30,linear,,5.0,1007.0,0.8039898950076636,1.531223609677125,1.6781611991737708,1.8128764362275795
uvjova,markov_order_1,30,nearest,,5.0,69.0,0.608365505594422,1.9192786686000955,1.7561498621404696,1.9260787034177551
uvjova,markov_order_2,30,linear,,5.0,1007.0,0.796286542550068,1.5787629646729688,1.6781611991737708,1.8128764362275795
uvjova,markov_order_2,30,nearest,,5.0,69.0,0.6417063018228333,1.8157469391886767,1.7561498621404696,1.9260787034177551
uvjova,vq_ctw,30,linear,256.0,5.0,1007.0,0.9879969607272204,0.10580028872309287,4.6733757849074395,4.6733757849074395
uvjova,vq_ctw,30,linear,512.0,5.0,1007.0,0.9853706220737264,0.13330348561102315,4.67537169228353,4.67537169228353
uvjova,vq_ctw,30,linear,1024.0,5.0,1007.0,0.9875970223210313,0.10873542479498219,4.6356594543596135,4.6356594543596135
uvjova,vq_ctw,30,nearest,256.0,5.0,69.0,0.8675101898156983,0.9354851537915381,3.6099928881252685,3.6099928881252685
uvjova,vq_ctw,30,nearest,512.0,5.0,69.0,0.8601172178081437,1.0270636806167885,4.497745110948156,4.497745110948156
uvjova,vq_ctw,30,nearest,1024.0,5.0,69.0,0.8901566181478447,0.9111829989349738,4.588892840470637,4.588892840470637
uvreoi,direct_ctw,30,linear,,5.0,1007.0,0.8299946175823374,1.5498930150315162,1.6463041629665036,1.8118268616831392
uvreoi,direct_ctw,30,nearest,,5.0,39.0,0.8628949280820979,0.9310182223472708,1.59108314302971,1.7747289005413502
uvreoi,markov_order_1,30,linear,,5.0,1007.0,0.6824628120808472,2.5680952516902957,1.6463041629665036,1.8118268616831392
uvreoi,markov_order_1,30,nearest,,5.0,39.0,0.7158043388040145,1.59574002292004,1.59108314302971,1.7747289005413502
uvreoi,markov_order_2,30,linear,,5.0,1007.0,0.6170080785811867,2.9700415848727864,1.6463041629665036,1.8118268616831392
uvreoi,markov_order_2,30,nearest,,5.0,39.0,0.6827766777711058,1.721346718107148,1.59108314302971,1.7747289005413502
uvreoi,vq_ctw,30,linear,256.0,5.0,1007.0,0.9751720462217737,0.20710209586593803,8.427082624462901,8.427082624462901
uvreoi,vq_ctw,30,linear,512.0,5.0,1007.0,0.9341845578738186,0.5029287116346035,6.7490129013983875,6.7490129013983875
uvreoi,vq_ctw,30,linear,1024.0,5.0,1007.0,0.9561627474604365,0.36140428618607034,7.436427656171791,7.436427656171791
uvreoi,vq_ctw,30,nearest,256.0,5.0,39.0,0.8766515590825035,0.8577609672808046,6.014340746640418,6.014340746640418
uvreoi,vq_ctw,30,nearest,512.0,5.0,39.0,0.8597627733826894,1.0055714296116973,5.305324645396179,5.305324645396179
uvreoi,vq_ctw,30,nearest,1024.0,5.0,39.0,0.8722404880092486,1.024027836966551,4.59525369828992,4.59525369828992
