scenario_subdir,user_id,method,sample_interval_min,interpolation_method,codebook_size,tolerance_km,num_points,predictability,entropy_rate_bits,actual_distortion_km,reconstruction_rmse_km
tol_10km_int_5min,abboip,direct_ctw,5,nearest,,10.0,95.0,0.9274646619734872,0.558639468628832,4.457984132555924,4.585647491033944
tol_10km_int_5min,abboip,markov_order_1,5,nearest,,10.0,95.0,0.8671210848018583,0.8350761194856174,4.457984132555924,4.585647491033944
tol_10km_int_5min,abboip,markov_order_2,5,nearest,,10.0,95.0,0.8668982434273316,0.7966660813962378,4.457984132555924,4.585647491033944
tol_10km_int_5min,abboip,vq_ctw,5,nearest,256.0,10.0,95.0,1.0,0.0,8.01575793405991,8.01575793405991
tol_10km_int_5min,abboip,vq_ctw,5,nearest,512.0,10.0,95.0,1.0,0.0,8.916789325199453,8.916789325199453
tol_10km_int_5min,abboip,vq_ctw,5,nearest,1024.0,10.0,95.0,1.0,0.0,8.619543638078909,8.619543638078909
tol_10km_int_5min,abdrem,direct_ctw,5,nearest,,10.0,36.0,0.9024678352276304,0.8112012075938089,4.937324973883035,5.00847545005332
tol_10km_int_5min,abdrem,markov_order_1,5,nearest,,10.0,36.0,0.8864539024058561,1.113596257518114,4.937324973883035,5.00847545005332
tol_10km_int_5min,abdrem,markov_order_2,5,nearest,,10.0,36.0,0.8864539024058561,0.9944426674247512,4.937324973883035,5.00847545005332
tol_10km_int_5min,abdrem,vq_ctw,5,nearest,256.0,10.0,36.0,1.0,0.0,8.079976881941125,8.079976881941125
tol_10km_int_5min,abdrem,vq_ctw,5,nearest,512.0,10.0,36.0,1.0,0.0,9.565235703839171,9.565235703839171
tol_10km_int_5min,abdrem,vq_ctw,5,nearest,1024.0,10.0,36.0,1.0,0.0,9.348244595153416,9.348244595153416
tol_10km_int_5min,abgibo,direct_ctw,5,nearest,,10.0,85.0,0.9069420662826412,0.5310986073066495,4.7447313857474,4.86437035234652
tol_10km_int_5min,abgibo,markov_order_1,5,nearest,,10.0,85.0,0.8412213945661332,0.7960702681486178,4.7447313857474,4.86437035234652
tol_10km_int_5min,abgibo,markov_order_2,5,nearest,,10.0,85.0,0.8287227902941043,0.82794353381379,4.7447313857474,4.86437035234652
tol_10km_int_5min,abgibo,vq_ctw,5,nearest,256.0,10.0,85.0,1.0,0.0,8.796122801687964,8.796122801687964
tol_10km_int_5min,abgibo,vq_ctw,5,nearest,512.0,10.0,85.0,1.0,0.0,10.013709927033691,10.013709927033691
tol_10km_int_5min,abgibo,vq_ctw,5,nearest,1024.0,10.0,85.0,1.0,0.0,9.527738200771129,9.527738200771129
tol_10km_int_5min,abjool,direct_ctw,5,nearest,,10.0,18.0,1.0,0.0,3.757308179939786,3.823362834992365
tol_10km_int_5min,abjool,markov_order_1,5,nearest,,10.0,18.0,1.0,0.0,3.757308179939786,3.823362834992365
tol_10km_int_5min,abjool,markov_order_2,5,nearest,,10.0,18.0,1.0,0.0,3.757308179939786,3.823362834992365
tol_10km_int_5min,abjool,vq_ctw,5,nearest,256.0,10.0,18.0,1.0,0.0,7.025399847292368,7.025399847292368
tol_10km_int_5min,abjool,vq_ctw,5,nearest,512.0,10.0,18.0,1.0,0.0,8.149461237529163,8.149461237529163
tol_10km_int_5min,abjool,vq_ctw,5,nearest,1024.0,10.0,18.0,1.0,0.0,8.117578491545755,8.117578491545755
tol_10km_int_5min,abmuya,direct_ctw,5,nearest,,10.0,96.0,0.9829485239708964,0.2913088100986614,4.110267368933605,4.198361370325709
tol_10km_int_5min,abmuya,markov_order_1,5,nearest,,10.0,96.0,0.9704203768387296,0.3518123805288662,4.110267368933605,4.198361370325709
tol_10km_int_5min,abmuya,markov_order_2,5,nearest,,10.0,96.0,0.966128184654396,0.3093300375104118,4.110267368933605,4.198361370325709
tol_10km_int_5min,abmuya,vq_ctw,5,nearest,256.0,10.0,96.0,1.0,0.0,7.552385731106618,7.552385731106618
tol_10km_int_5min,abmuya,vq_ctw,5,nearest,512.0,10.0,96.0,1.0,0.0,8.531392289030103,8.531392289030103
tol_10km_int_5min,abmuya,vq_ctw,5,nearest,1024.0,10.0,96.0,1.0,0.0,7.867893171096842,7.867893171096842
tol_10km_int_5min,abniar,direct_ctw,5,nearest,,10.0,79.0,0.9566181315705414,0.4620834290391191,4.412371947971054,4.499900352589906
tol_10km_int_5min,abniar,markov_order_1,5,nearest,,10.0,79.0,0.9199223432155184,0.6157086297658719,4.412371947971054,4.499900352589906
tol_10km_int_5min,abniar,markov_order_2,5,nearest,,10.0,79.0,0.9224180062851266,0.619676202660906,4.412371947971054,4.499900352589906
tol_10km_int_5min,abniar,vq_ctw,5,nearest,256.0,10.0,79.0,1.0,0.0,7.969437595341998,7.969437595341998
tol_10km_int_5min,abniar,vq_ctw,5,nearest,512.0,10.0,79.0,1.0,0.0,9.251674958391334,9.251674958391334
tol_10km_int_5min,abniar,vq_ctw,5,nearest,1024.0,10.0,79.0,1.0,0.0,8.711097848671818,8.711097848671818
tol_10km_int_5min,abnovk,direct_ctw,5,nearest,,10.0,50.0,0.9060432371951784,0.6219119330050282,4.489867483675798,4.6255010664243805
tol_10km_int_5min,abnovk,markov_order_1,5,nearest,,10.0,50.0,0.837231423136744,0.8857119958123932,4.489867483675798,4.6255010664243805
tol_10km_int_5min,abnovk,markov_order_2,5,nearest,,10.0,50.0,0.8238826574189513,0.931698601059147,4.489867483675798,4.6255010664243805
tol_10km_int_5min,abnovk,vq_ctw,5,nearest,256.0,10.0,50.0,1.0,0.0,8.462362596672975,8.462362596672975
tol_10km_int_5min,abnovk,vq_ctw,5,nearest,512.0,10.0,50.0,1.0,0.0,10.1863159204797,10.1863159204797
tol_10km_int_5min,abnovk,vq_ctw,5,nearest,1024.0,10.0,50.0,1.0,0.0,9.771301076314709,9.771301076314709
tol_10km_int_5min,abtyff,direct_ctw,5,nearest,,10.0,74.0,0.9700553559000348,0.3704860760068008,4.522116205714406,4.614923771922435
tol_10km_int_5min,abtyff,markov_order_1,5,nearest,,10.0,74.0,0.9431422159592956,0.5030244337031083,4.522116205714406,4.614923771922435
tol_10km_int_5min,abtyff,markov_order_2,5,nearest,,10.0,74.0,0.945955185511114,0.5169435052743655,4.522116205714406,4.614923771922435
tol_10km_int_5min,abtyff,vq_ctw,5,nearest,256.0,10.0,74.0,1.0,0.0,8.1190254322923,8.1190254322923
tol_10km_int_5min,abtyff,vq_ctw,5,nearest,512.0,10.0,74.0,1.0,0.0,9.150189123971336,9.150189123971336
tol_10km_int_5min,abtyff,vq_ctw,5,nearest,1024.0,10.0,74.0,1.0,0.0,8.561018625873071,8.561018625873071
tol_10km_int_5min,abwecn,direct_ctw,5,nearest,,10.0,71.0,0.9469608507983102,0.4833870131694942,4.37641491292614,4.491914590735646
tol_10km_int_5min,abwecn,markov_order_1,5,nearest,,10.0,71.0,0.9085782578200898,0.64298946744906,4.37641491292614,4.491914590735646
tol_10km_int_5min,abwecn,markov_order_2,5,nearest,,10.0,71.0,0.910014886001653,0.6465316337211289,4.37641491292614,4.491914590735646
tol_10km_int_5min,abwecn,vq_ctw,5,nearest,256.0,10.0,71.0,1.0,0.0,7.853656931430306,7.853656931430306
tol_10km_int_5min,abwecn,vq_ctw,5,nearest,512.0,10.0,71.0,1.0,0.0,9.282501841652396,9.282501841652396
tol_10km_int_5min,abwecn,vq_ctw,5,nearest,1024.0,10.0,71.0,1.0,0.0,8.539980304902336,8.539980304902336
tol_10km_int_5min,abyalw,direct_ctw,5,nearest,,10.0,103.0,0.9783564888139972,0.4391305464669224,4.093761736883918,4.167593779639111
tol_10km_int_5min,abyalw,markov_order_1,5,nearest,,10.0,103.0,0.967503529898544,0.5673851595063052,4.093761736883918,4.167593779639111
tol_10km_int_5min,abyalw,markov_order_2,5,nearest,,10.0,103.0,0.9619254423789628,0.5512797439075219,4.093761736883918,4.167593779639111
tol_10km_int_5min,abyalw,vq_ctw,5,nearest,256.0,10.0,103.0,1.0,0.0,7.337192245523989,7.337192245523989
tol_10km_int_5min,abyalw,vq_ctw,5,nearest,512.0,10.0,103.0,1.0,0.0,8.816641641251225,8.816641641251225
tol_10km_int_5min,abyalw,vq_ctw,5,nearest,1024.0,10.0,103.0,1.0,0.0,8.066243320696659,8.066243320696659
tol_10km_int_5min,acdiyi,direct_ctw,5,nearest,,10.0,59.0,0.8689361232664887,0.6902634304457999,4.694220798624177,4.808013939802636
tol_10km_int_5min,acdiyi,markov_order_1,5,nearest,,10.0,59.0,0.7940419478221615,0.9891962560591314,4.694220798624177,4.808013939802636
tol_10km_int_5min,acdiyi,markov_order_2,5,nearest,,10.0,59.0,0.7775875978004476,1.0272164662811447,4.694220798624177,4.808013939802636
tol_10km_int_5min,acdiyi,vq_ctw,5,nearest,256.0,10.0,59.0,1.0,0.0,8.728155256997505,8.728155256997505
tol_10km_int_5min,acdiyi,vq_ctw,5,nearest,512.0,10.0,59.0,1.0,0.0,8.80451574786514,8.80451574786514
tol_10km_int_5min,acdiyi,vq_ctw,5,nearest,1024.0,10.0,59.0,1.0,0.0,9.23105587342978,9.23105587342978
tol_10km_int_5min,acduou,direct_ctw,5,nearest,,10.0,121.0,0.8551274582944358,0.7388348306270026,4.937097233322352,5.041049320902241
tol_10km_int_5min,acduou,markov_order_1,5,nearest,,10.0,121.0,0.7820784604913988,1.0781155035018637,4.937097233322352,5.041049320902241
tol_10km_int_5min,acduou,markov_order_2,5,nearest,,10.0,121.0,0.7769610049314878,1.0780626787489418,4.937097233322352,5.041049320902241
tol_10km_int_5min,acduou,vq_ctw,5,nearest,256.0,10.0,121.0,1.0,0.0,9.032403925642509,9.032403925642509
tol_10km_int_5min,acduou,vq_ctw,5,nearest,512.0,10.0,121.0,1.0,0.0,9.947347200775836,9.947347200775836
tol_10km_int_5min,acduou,vq_ctw,5,nearest,1024.0,10.0,121.0,1.0,0.0,9.502849017111323,9.502849017111323
tol_10km_int_5min,acgerl,direct_ctw,5,nearest,,10.0,20.0,0.8307651084026226,0.9241824954031967,5.299343210473092,5.391914515955457
tol_10km_int_5min,acgerl,markov_order_1,5,nearest,,10.0,20.0,0.6090897679093906,1.6107638162828963,5.299343210473092,5.391914515955457
tol_10km_int_5min,acgerl,markov_order_2,5,nearest,,10.0,20.0,0.665639584243432,1.449268214671247,5.299343210473092,5.391914515955457
tol_10km_int_5min,acgerl,vq_ctw,5,nearest,256.0,10.0,20.0,1.0,0.0,8.632095099972656,8.632095099972656
tol_10km_int_5min,acgerl,vq_ctw,5,nearest,512.0,10.0,20.0,1.0,0.0,9.778048128366574,9.778048128366574
tol_10km_int_5min,acgerl,vq_ctw,5,nearest,1024.0,10.0,20.0,1.0,0.0,9.57444206982769,9.57444206982769
tol_10km_int_5min,acitva,direct_ctw,5,nearest,,10.0,112.0,0.9831912456942536,0.463964000760509,4.2504720072241176,4.3234628768840855
tol_10km_int_5min,acitva,markov_order_1,5,nearest,,10.0,112.0,0.9712088107048004,0.5926368687923,4.2504720072241176,4.3234628768840855
tol_10km_int_5min,acitva,markov_order_2,5,nearest,,10.0,112.0,0.967595046929098,0.6002589550077165,4.2504720072241176,4.3234628768840855
tol_10km_int_5min,acitva,vq_ctw,5,nearest,256.0,10.0,112.0,1.0,0.0,7.948355327302372,7.948355327302372
tol_10km_int_5min,acitva,vq_ctw,5,nearest,512.0,10.0,112.0,1.0,0.0,8.878408019263425,8.878408019263425
tol_10km_int_5min,acitva,vq_ctw,5,nearest,1024.0,10.0,112.0,1.0,0.0,8.242284733128502,8.242284733128502
tol_10km_int_5min,acpegh,direct_ctw,5,nearest,,10.0,262.0,0.945892686525195,0.4698751860103936,4.367645095113397,4.4687580346503335
tol_10km_int_5min,acpegh,markov_order_1,5,nearest,,10.0,262.0,0.924630999074302,0.6072205248584283,4.367645095113397,4.4687580346503335
tol_10km_int_5min,acpegh,markov_order_2,5,nearest,,10.0,262.0,0.9199261383607582,0.6128125273149887,4.367645095113397,4.4687580346503335
tol_10km_int_5min,acpegh,vq_ctw,5,nearest,256.0,10.0,262.0,1.0,0.0,8.158299176579028,8.158299176579028
tol_10km_int_5min,acpegh,vq_ctw,5,nearest,512.0,10.0,262.0,1.0,0.0,9.080772217765912,9.080772217765912
tol_10km_int_5min,acpegh,vq_ctw,5,nearest,1024.0,10.0,262.0,1.0,0.0,8.615943626041984,8.615943626041984
tol_10km_int_5min,acvebr,direct_ctw,5,nearest,,10.0,207.0,0.873260166600139,0.6699465424782752,4.737603889662172,4.824558349485666
tol_10km_int_5min,acvebr,markov_order_1,5,nearest,,10.0,207.0,0.7963977140363381,0.9364245067036044,4.737603889662172,4.824558349485666
tol_10km_int_5min,acvebr,markov_order_2,5,nearest,,10.0,207.0,0.8129198278028366,0.8744329152903165,4.737603889662172,4.824558349485666
tol_10km_int_5min,acvebr,vq_ctw,5,nearest,256.0,10.0,207.0,1.0,0.0,8.240276291054432,8.240276291054432
tol_10km_int_5min,acvebr,vq_ctw,5,nearest,512.0,10.0,207.0,1.0,0.0,9.448872213286268,9.448872213286268
tol_10km_int_5min,acvebr,vq_ctw,5,nearest,1024.0,10.0,207.0,1.0,0.0,8.77562389036745,8.77562389036745
tol_10km_int_5min,adkavy,direct_ctw,5,nearest,,10.0,86.0,0.8849547954448099,0.662692459139367,5.035434267666372,5.14173362955413
tol_10km_int_5min,adkavy,markov_order_1,5,nearest,,10.0,86.0,0.824654061152166,0.9500646376685346,5.035434267666372,5.14173362955413
tol_10km_int_5min,adkavy,markov_order_2,5,nearest,,10.0,86.0,0.8207216735495989,0.920739247056964,5.035434267666372,5.14173362955413
tol_10km_int_5min,adkavy,vq_ctw,5,nearest,256.0,10.0,86.0,1.0,0.0,8.623665366207742,8.623665366207742
tol_10km_int_5min,adkavy,vq_ctw,5,nearest,512.0,10.0,86.0,1.0,0.0,9.372347994758478,9.372347994758478
tol_10km_int_5min,adkavy,vq_ctw,5,nearest,1024.0,10.0,86.0,1.0,0.0,9.321067736236271,9.321067736236271
tol_10km_int_5min,adners,direct_ctw,5,nearest,,10.0,16.0,0.8620430217990396,0.7975198491727155,5.52981459441684,5.621600644373142
tol_10km_int_5min,adners,markov_order_1,5,nearest,,10.0,16.0,0.7298480320018775,1.2698633549553338,5.52981459441684,5.621600644373142
tol_10km_int_5min,adners,markov_order_2,5,nearest,,10.0,16.0,0.6804440454576282,1.4103821257529436,5.52981459441684,5.621600644373142
tol_10km_int_5min,adners,vq_ctw,5,nearest,256.0,10.0,16.0,1.0,0.0,8.949377477296403,8.949377477296403
tol_10km_int_5min,adners,vq_ctw,5,nearest,512.0,10.0,16.0,1.0,0.0,9.207576510598043,9.207576510598043
tol_10km_int_5min,adners,vq_ctw,5,nearest,1024.0,10.0,16.0,1.0,0.0,9.529232061673516,9.529232061673516
tol_10km_int_5min,adpaif,direct_ctw,5,nearest,,10.0,148.0,0.9163514991192138,0.5339009668981624,4.637207139911365,4.722030891463705
tol_10km_int_5min,adpaif,markov_order_1,5,nearest,,10.0,148.0,0.8541193915502774,0.7750329093678717,4.637207139911365,4.722030891463705
tol_10km_int_5min,adpaif,markov_order_2,5,nearest,,10.0,148.0,0.8400951156206604,0.7879254796600794,4.637207139911365,4.722030891463705
tol_10km_int_5min,adpaif,vq_ctw,5,nearest,256.0,10.0,148.0,1.0,0.0,8.279209773991212,8.279209773991212
tol_10km_int_5min,adpaif,vq_ctw,5,nearest,512.0,10.0,148.0,1.0,0.0,9.528035484720869,9.528035484720869
tol_10km_int_5min,adpaif,vq_ctw,5,nearest,1024.0,10.0,148.0,1.0,0.0,9.02996498396802,9.02996498396802
tol_10km_int_5min,aducri,direct_ctw,5,nearest,,10.0,56.0,0.9247361050021528,0.659372354755721,4.763587071921196,4.834119120265067
tol_10km_int_5min,aducri,markov_order_1,5,nearest,,10.0,56.0,0.879734241599022,0.8627236490965494,4.763587071921196,4.834119120265067
tol_10km_int_5min,aducri,markov_order_2,5,nearest,,10.0,56.0,0.8808322351822638,0.8334579192957188,4.763587071921196,4.834119120265067
tol_10km_int_5min,aducri,vq_ctw,5,nearest,256.0,10.0,56.0,1.0,0.0,8.007383966303006,8.007383966303006
tol_10km_int_5min,aducri,vq_ctw,5,nearest,512.0,10.0,56.0,1.0,0.0,9.289687842559106,9.289687842559106
tol_10km_int_5min,aducri,vq_ctw,5,nearest,1024.0,10.0,56.0,1.0,0.0,9.04125490204587,9.04125490204587
tol_10km_int_5min,afmorc,direct_ctw,5,nearest,,10.0,121.0,0.9120682052306278,0.6153295818668614,4.542378899764425,4.643317432468788
tol_10km_int_5min,afmorc,markov_order_1,5,nearest,,10.0,121.0,0.8734201410589291,0.8459057366750627,4.542378899764425,4.643317432468788
tol_10km_int_5min,afmorc,markov_order_2,5,nearest,,10.0,121.0,0.8636872572163827,0.8086637963050806,4.542378899764425,4.643317432468788
tol_10km_int_5min,afmorc,vq_ctw,5,nearest,256.0,10.0,121.0,1.0,0.0,8.400728388677122,8.400728388677122
tol_10km_int_5min,afmorc,vq_ctw,5,nearest,512.0,10.0,121.0,1.0,0.0,9.22383157749226,9.22383157749226
tol_10km_int_5min,afmorc,vq_ctw,5,nearest,1024.0,10.0,121.0,1.0,0.0,8.927055433033876,8.927055433033876
tol_10km_int_5min,afpans,direct_ctw,5,nearest,,10.0,49.0,0.8956878361081138,0.6205520831871045,4.379420840501291,4.482873139081021
tol_10km_int_5min,afpans,markov_order_1,5,nearest,,10.0,49.0,0.8129669364133997,0.9450834216484364,4.379420840501291,4.482873139081021
tol_10km_int_5min,afpans,markov_order_2,5,nearest,,10.0,49.0,0.7989626602365891,0.9973630101854544,4.379420840501291,4.482873139081021
tol_10km_int_5min,afpans,vq_ctw,5,nearest,256.0,10.0,49.0,1.0,0.0,7.484307766724526,7.484307766724526
tol_10km_int_5min,afpans,vq_ctw,5,nearest,512.0,10.0,49.0,1.0,0.0,8.388560913790991,8.388560913790991
tol_10km_int_5min,afpans,vq_ctw,5,nearest,1024.0,10.0,49.0,1.0,0.0,8.26093879187027,8.26093879187027
tol_10km_int_5min,afsfat,direct_ctw,5,nearest,,10.0,40.0,0.9453820584911417,0.4521360491087785,4.504786738821268,4.650932141679874
tol_10km_int_5min,afsfat,markov_order_1,5,nearest,,10.0,40.0,0.9231025923147804,0.5499959923295517,4.504786738821268,4.650932141679874
tol_10km_int_5min,afsfat,markov_order_2,5,nearest,,10.0,40.0,0.9180304402822737,0.5857267008944156,4.504786738821268,4.650932141679874
tol_10km_int_5min,afsfat,vq_ctw,5,nearest,256.0,10.0,40.0,1.0,0.0,8.705490561835655,8.705490561835655
tol_10km_int_5min,afsfat,vq_ctw,5,nearest,512.0,10.0,40.0,1.0,0.0,9.355014371945844,9.355014371945844
tol_10km_int_5min,afsfat,vq_ctw,5,nearest,1024.0,10.0,40.0,1.0,0.0,8.911845694443361,8.911845694443361
tol_10km_int_5min,afweka,direct_ctw,5,nearest,,10.0,67.0,0.9690286219795888,0.4236359659920489,4.292192231899718,4.378685089958542
tol_10km_int_5min,afweka,markov_order_1,5,nearest,,10.0,67.0,0.940621402826032,0.613620621126129,4.292192231899718,4.378685089958542
tol_10km_int_5min,afweka,markov_order_2,5,nearest,,10.0,67.0,0.9329606298092952,0.6554346314866423,4.292192231899718,4.378685089958542
tol_10km_int_5min,afweka,vq_ctw,5,nearest,256.0,10.0,67.0,1.0,0.0,7.64902575189173,7.64902575189173
tol_10km_int_5min,afweka,vq_ctw,5,nearest,512.0,10.0,67.0,1.0,0.0,8.649532061214549,8.649532061214549
tol_10km_int_5min,afweka,vq_ctw,5,nearest,1024.0,10.0,67.0,1.0,0.0,8.337737025432322,8.337737025432322
tol_10km_int_5min,agcowk,direct_ctw,5,nearest,,10.0,144.0,0.9553053342817548,0.5046094530786974,4.337154908714139,4.4135407501134445
tol_10km_int_5min,agcowk,markov_order_1,5,nearest,,10.0,144.0,0.9271177814437488,0.658616599310812,4.337154908714139,4.4135407501134445
tol_10km_int_5min,agcowk,markov_order_2,5,nearest,,10.0,144.0,0.9201314929112968,0.6875512832403995,4.337154908714139,4.4135407501134445
tol_10km_int_5min,agcowk,vq_ctw,5,nearest,256.0,10.0,144.0,1.0,0.0,7.9495858904616545,7.9495858904616545
tol_10km_int_5min,agcowk,vq_ctw,5,nearest,512.0,10.0,144.0,1.0,0.0,9.077391519171444,9.077391519171444
tol_10km_int_5min,agcowk,vq_ctw,5,nearest,1024.0,10.0,144.0,1.0,0.0,8.34489838766417,8.34489838766417
tol_10km_int_5min,agdrea,direct_ctw,5,nearest,,10.0,62.0,0.9812380954336466,0.4090212365310995,4.6998230897495805,4.815225590788176
tol_10km_int_5min,agdrea,markov_order_1,5,nearest,,10.0,62.0,0.9672797422599656,0.4989574154382217,4.6998230897495805,4.815225590788176
tol_10km_int_5min,agdrea,markov_order_2,5,nearest,,10.0,62.0,0.962104257960677,0.5478343921647727,4.6998230897495805,4.815225590788176
tol_10km_int_5min,agdrea,vq_ctw,5,nearest,256.0,10.0,62.0,1.0,0.0,8.23549478866123,8.23549478866123
tol_10km_int_5min,agdrea,vq_ctw,5,nearest,512.0,10.0,62.0,1.0,0.0,9.713638925524712,9.713638925524712
tol_10km_int_5min,agdrea,vq_ctw,5,nearest,1024.0,10.0,62.0,1.0,0.0,8.606928810900094,8.606928810900094
tol_10km_int_5min,aggjuo,direct_ctw,5,nearest,,10.0,120.0,0.9594886905304046,0.597039338634055,4.374006425455193,4.46792386897142
tol_10km_int_5min,aggjuo,markov_order_1,5,nearest,,10.0,120.0,0.9363203190833994,0.7643800037943315,4.374006425455193,4.46792386897142
tol_10km_int_5min,aggjuo,markov_order_2,5,nearest,,10.0,120.0,0.9363646537195855,0.7494802233985239,4.374006425455193,4.46792386897142
tol_10km_int_5min,aggjuo,vq_ctw,5,nearest,256.0,10.0,120.0,1.0,0.0,7.937925285682146,7.937925285682146
tol_10km_int_5min,aggjuo,vq_ctw,5,nearest,512.0,10.0,120.0,1.0,0.0,9.4613090229928,9.4613090229928
tol_10km_int_5min,aggjuo,vq_ctw,5,nearest,1024.0,10.0,120.0,1.0,0.0,8.397511751207082,8.397511751207082
tol_10km_int_5min,agivle,direct_ctw,5,nearest,,10.0,77.0,0.931223731640938,0.5964671241703071,4.433451458211455,4.532311299532586
tol_10km_int_5min,agivle,markov_order_1,5,nearest,,10.0,77.0,0.8923428173999642,0.7431570752519825,4.433451458211455,4.532311299532586
tol_10km_int_5min,agivle,markov_order_2,5,nearest,,10.0,77.0,0.8906705168732284,0.7493138006795145,4.433451458211455,4.532311299532586
tol_10km_int_5min,agivle,vq_ctw,5,nearest,256.0,10.0,77.0,1.0,0.0,8.12155829482936,8.12155829482936
tol_10km_int_5min,agivle,vq_ctw,5,nearest,512.0,10.0,77.0,1.0,0.0,9.192838447900709,9.192838447900709
tol_10km_int_5min,agivle,vq_ctw,5,nearest,1024.0,10.0,77.0,1.0,0.0,8.644782717134861,8.644782717134861
tol_10km_int_5min,agjitf,direct_ctw,5,nearest,,10.0,123.0,0.9999999999989287,0.1559869022962006,3.925739800274616,4.028002482011184
tol_10km_int_5min,agjitf,markov_order_1,5,nearest,,10.0,123.0,0.9999999999989287,0.1630710302856024,3.925739800274616,4.028002482011184
tol_10km_int_5min,agjitf,markov_order_2,5,nearest,,10.0,123.0,0.9999999999989287,0.1756530905543951,3.925739800274616,4.028002482011184
tol_10km_int_5min,agjitf,vq_ctw,5,nearest,256.0,10.0,123.0,1.0,0.0,7.813509645769291,7.813509645769291
tol_10km_int_5min,agjitf,vq_ctw,5,nearest,512.0,10.0,123.0,1.0,0.0,8.632764701355006,8.632764701355006
tol_10km_int_5min,agjitf,vq_ctw,5,nearest,1024.0,10.0,123.0,1.0,0.0,8.088864954170447,8.088864954170447
tol_10km_int_5min,agsuec,direct_ctw,5,nearest,,10.0,33.0,0.9387035076079484,0.3626308622956837,4.394802823444741,4.477448037257445
tol_10km_int_5min,agsuec,markov_order_1,5,nearest,,10.0,33.0,0.8952873831216992,0.5309303441489209,4.394802823444741,4.477448037257445
tol_10km_int_5min,agsuec,markov_order_2,5,nearest,,10.0,33.0,0.8791887169193415,0.5841917335025351,4.394802823444741,4.477448037257445
tol_10km_int_5min,agsuec,vq_ctw,5,nearest,256.0,10.0,33.0,1.0,0.0,8.306491801924532,8.306491801924532
tol_10km_int_5min,agsuec,vq_ctw,5,nearest,512.0,10.0,33.0,1.0,0.0,9.002035230469493,9.002035230469493
tol_10km_int_5min,agsuec,vq_ctw,5,nearest,1024.0,10.0,33.0,1.0,0.0,8.764094754403063,8.764094754403063
tol_10km_int_5min,agvexp,direct_ctw,5,nearest,,10.0,19.0,0.8856192326049059,0.694279110322816,4.721181224124138,4.801900126634674
tol_10km_int_5min,agvexp,markov_order_1,5,nearest,,10.0,19.0,0.7620809691137981,1.168655282909681,4.721181224124138,4.801900126634674
tol_10km_int_5min,agvexp,markov_order_2,5,nearest,,10.0,19.0,0.7414643574734046,1.2342978861517824,4.721181224124138,4.801900126634674
tol_10km_int_5min,agvexp,vq_ctw,5,nearest,256.0,10.0,19.0,1.0,0.0,8.652108492785207,8.652108492785207
tol_10km_int_5min,agvexp,vq_ctw,5,nearest,512.0,10.0,19.0,1.0,0.0,9.79995552558928,9.79995552558928
tol_10km_int_5min,agvexp,vq_ctw,5,nearest,1024.0,10.0,19.0,1.0,0.0,8.661590526227315,8.661590526227315
tol_10km_int_5min,aichas,direct_ctw,5,nearest,,10.0,36.0,0.9999999999991512,0.3358160419633169,4.508195637330437,4.556814047977084
tol_10km_int_5min,aichas,markov_order_1,5,nearest,,10.0,36.0,0.9999999999991512,0.3729411998199929,4.508195637330437,4.556814047977084
tol_10km_int_5min,aichas,markov_order_2,5,nearest,,10.0,36.0,0.9999999999991512,0.3362188523197087,4.508195637330437,4.556814047977084
tol_10km_int_5min,aichas,vq_ctw,5,nearest,256.0,10.0,36.0,1.0,0.0,7.746086796015542,7.746086796015542
tol_10km_int_5min,aichas,vq_ctw,5,nearest,512.0,10.0,36.0,1.0,0.0,9.329239891286862,9.329239891286862
tol_10km_int_5min,aichas,vq_ctw,5,nearest,1024.0,10.0,36.0,1.0,0.0,8.937404541614459,8.937404541614459
tol_10km_int_5min,ailbcu,direct_ctw,5,nearest,,10.0,119.0,0.8940819721232346,0.6349061835090035,4.510316333274705,4.595421661950459
tol_10km_int_5min,ailbcu,markov_order_1,5,nearest,,10.0,119.0,0.8387653955857942,0.8371047101211162,4.510316333274705,4.595421661950459
tol_10km_int_5min,ailbcu,markov_order_2,5,nearest,,10.0,119.0,0.8281292221995166,0.8669084379873861,4.510316333274705,4.595421661950459
tol_10km_int_5min,ailbcu,vq_ctw,5,nearest,256.0,10.0,119.0,1.0,0.0,8.150103239348335,8.150103239348335
tol_10km_int_5min,ailbcu,vq_ctw,5,nearest,512.0,10.0,119.0,1.0,0.0,8.875579335457152,8.875579335457152
tol_10km_int_5min,ailbcu,vq_ctw,5,nearest,1024.0,10.0,119.0,1.0,0.0,8.887858699311224,8.887858699311224
tol_10km_int_5min,aimidd,direct_ctw,5,nearest,,10.0,143.0,0.9677893841752268,0.5623925252711509,4.4590843389459165,4.555789882245641
tol_10km_int_5min,aimidd,markov_order_1,5,nearest,,10.0,143.0,0.9428299368749546,0.7248475120480651,4.4590843389459165,4.555789882245641
tol_10km_int_5min,aimidd,markov_order_2,5,nearest,,10.0,143.0,0.9428299368749546,0.7203870953306342,4.4590843389459165,4.555789882245641
tol_10km_int_5min,aimidd,vq_ctw,5,nearest,256.0,10.0,143.0,1.0,0.0,7.757657436393671,7.757657436393671
tol_10km_int_5min,aimidd,vq_ctw,5,nearest,512.0,10.0,143.0,1.0,0.0,9.434687823939772,9.434687823939772
tol_10km_int_5min,aimidd,vq_ctw,5,nearest,1024.0,10.0,143.0,1.0,0.0,8.271964491720864,8.271964491720864
tol_10km_int_5min,ainpli,direct_ctw,5,nearest,,10.0,99.0,0.9243986084480568,0.6393187852827092,4.671671207372634,4.778912474005881
tol_10km_int_5min,ainpli,markov_order_1,5,nearest,,10.0,99.0,0.8753537279213184,0.9078159111873634,4.671671207372634,4.778912474005881
tol_10km_int_5min,ainpli,markov_order_2,5,nearest,,10.0,99.0,0.8519409635537928,0.9229824124374576,4.671671207372634,4.778912474005881
tol_10km_int_5min,ainpli,vq_ctw,5,nearest,256.0,10.0,99.0,1.0,0.0,7.860335052186038,7.860335052186038
tol_10km_int_5min,ainpli,vq_ctw,5,nearest,512.0,10.0,99.0,1.0,0.0,9.130762680133923,9.130762680133923
tol_10km_int_5min,ainpli,vq_ctw,5,nearest,1024.0,10.0,99.0,1.0,0.0,8.63558910398054,8.63558910398054
tol_10km_int_5min,aitpyg,direct_ctw,5,nearest,,10.0,140.0,0.966274135872504,0.5064287235147685,4.301964120446292,4.408397630360796
tol_10km_int_5min,aitpyg,markov_order_1,5,nearest,,10.0,140.0,0.9415134357393402,0.6429810825013242,4.301964120446292,4.408397630360796
tol_10km_int_5min,aitpyg,markov_order_2,5,nearest,,10.0,140.0,0.937770269325225,0.6292454577195242,4.301964120446292,4.408397630360796
tol_10km_int_5min,aitpyg,vq_ctw,5,nearest,256.0,10.0,140.0,1.0,0.0,7.802065594459405,7.802065594459405
tol_10km_int_5min,aitpyg,vq_ctw,5,nearest,512.0,10.0,140.0,1.0,0.0,8.975429502032963,8.975429502032963
tol_10km_int_5min,aitpyg,vq_ctw,5,nearest,1024.0,10.0,140.0,1.0,0.0,8.66847222966013,8.66847222966013
tol_10km_int_5min,aivtyt,direct_ctw,5,nearest,,10.0,87.0,0.971077513757586,0.5402839782734736,4.229132893471082,4.3377814124421565
tol_10km_int_5min,aivtyt,markov_order_1,5,nearest,,10.0,87.0,0.955625663008022,0.6605002023412659,4.229132893471082,4.3377814124421565
tol_10km_int_5min,aivtyt,markov_order_2,5,nearest,,10.0,87.0,0.9619891648244512,0.667425455845805,4.229132893471082,4.3377814124421565
tol_10km_int_5min,aivtyt,vq_ctw,5,nearest,256.0,10.0,87.0,1.0,0.0,7.710923098239602,7.710923098239602
tol_10km_int_5min,aivtyt,vq_ctw,5,nearest,512.0,10.0,87.0,1.0,0.0,8.980622626325944,8.980622626325944
tol_10km_int_5min,aivtyt,vq_ctw,5,nearest,1024.0,10.0,87.0,1.0,0.0,8.157345930896629,8.157345930896629
tol_10km_int_5min,ajixdo,direct_ctw,5,nearest,,10.0,174.0,0.9678174736502204,0.404029005402361,4.024276966423697,4.140435088595199
tol_10km_int_5min,ajixdo,markov_order_1,5,nearest,,10.0,174.0,0.9483786311193082,0.518632845837583,4.024276966423697,4.140435088595199
tol_10km_int_5min,ajixdo,markov_order_2,5,nearest,,10.0,174.0,0.942654212045204,0.5506993041979655,4.024276966423697,4.140435088595199
tol_10km_int_5min,ajixdo,vq_ctw,5,nearest,256.0,10.0,174.0,1.0,0.0,7.593918062264899,7.593918062264899
tol_10km_int_5min,ajixdo,vq_ctw,5,nearest,512.0,10.0,174.0,1.0,0.0,8.779945904937248,8.779945904937248
tol_10km_int_5min,ajixdo,vq_ctw,5,nearest,1024.0,10.0,174.0,1.0,0.0,8.446506311483313,8.446506311483313
tol_10km_int_5min,ajsips,direct_ctw,5,nearest,,10.0,207.0,0.9662702412027516,0.4230215221971398,4.274476892263044,4.36734778746139
tol_10km_int_5min,ajsips,markov_order_1,5,nearest,,10.0,207.0,0.9438702132359476,0.523443627938911,4.274476892263044,4.36734778746139
tol_10km_int_5min,ajsips,markov_order_2,5,nearest,,10.0,207.0,0.943668136835176,0.530462511929959,4.274476892263044,4.36734778746139
tol_10km_int_5min,ajsips,vq_ctw,5,nearest,256.0,10.0,207.0,1.0,0.0,7.565412548987366,7.565412548987366
tol_10km_int_5min,ajsips,vq_ctw,5,nearest,512.0,10.0,207.0,1.0,0.0,8.719351901276664,8.719351901276664
tol_10km_int_5min,ajsips,vq_ctw,5,nearest,1024.0,10.0,207.0,1.0,0.0,8.039569275672552,8.039569275672552
tol_10km_int_5min,ajsned,direct_ctw,5,nearest,,10.0,74.0,0.940206989769654,0.6052046473697361,4.379428523819875,4.456041737702217
tol_10km_int_5min,ajsned,markov_order_1,5,nearest,,10.0,74.0,0.906394742103877,0.7897826117814634,4.379428523819875,4.456041737702217
tol_10km_int_5min,ajsned,markov_order_2,5,nearest,,10.0,74.0,0.9010670967544456,0.8115791420869375,4.379428523819875,4.456041737702217
tol_10km_int_5min,ajsned,vq_ctw,5,nearest,256.0,10.0,74.0,1.0,0.0,8.885860321343438,8.885860321343438
tol_10km_int_5min,ajsned,vq_ctw,5,nearest,512.0,10.0,74.0,1.0,0.0,9.079836006035825,9.079836006035825
tol_10km_int_5min,ajsned,vq_ctw,5,nearest,1024.0,10.0,74.0,1.0,0.0,9.35969952765334,9.35969952765334
tol_10km_int_5min,ajthof,direct_ctw,5,nearest,,10.0,35.0,0.8891204903160554,0.6109958551238676,3.9479759740539393,4.131887326817923
tol_10km_int_5min,ajthof,markov_order_1,5,nearest,,10.0,35.0,0.8093955624177186,0.8924350762192922,3.9479759740539393,4.131887326817923
tol_10km_int_5min,ajthof,markov_order_2,5,nearest,,10.0,35.0,0.7917254928027965,0.975716463768189,3.9479759740539393,4.131887326817923
tol_10km_int_5min,ajthof,vq_ctw,5,nearest,256.0,10.0,35.0,1.0,0.0,8.14377040214316,8.14377040214316
tol_10km_int_5min,ajthof,vq_ctw,5,nearest,512.0,10.0,35.0,1.0,0.0,9.306983547355628,9.306983547355628
tol_10km_int_5min,ajthof,vq_ctw,5,nearest,1024.0,10.0,35.0,1.0,0.0,9.60471794975568,9.60471794975568
tol_10km_int_5min,akgicj,direct_ctw,5,nearest,,10.0,111.0,0.937480287962794,0.5631704129653735,4.565714784249318,4.626359031023525
tol_10km_int_5min,akgicj,markov_order_1,5,nearest,,10.0,111.0,0.9072995020603304,0.7053361294809585,4.565714784249318,4.626359031023525
tol_10km_int_5min,akgicj,markov_order_2,5,nearest,,10.0,111.0,0.8920290183844864,0.7550537412331474,4.565714784249318,4.626359031023525
tol_10km_int_5min,akgicj,vq_ctw,5,nearest,256.0,10.0,111.0,1.0,0.0,8.30461502398517,8.30461502398517
tol_10km_int_5min,akgicj,vq_ctw,5,nearest,512.0,10.0,111.0,1.0,0.0,9.828862628151256,9.828862628151256
tol_10km_int_5min,akgicj,vq_ctw,5,nearest,1024.0,10.0,111.0,1.0,0.0,8.442684112409472,8.442684112409472
tol_10km_int_5min,akvutv,direct_ctw,5,nearest,,10.0,159.0,0.948211752915865,0.561059681963701,4.478528981863399,4.573385020460312
tol_10km_int_5min,akvutv,markov_order_1,5,nearest,,10.0,159.0,0.912390467166977,0.7249759979173701,4.478528981863399,4.573385020460312
tol_10km_int_5min,akvutv,markov_order_2,5,nearest,,10.0,159.0,0.910278200347801,0.7428390077877378,4.478528981863399,4.573385020460312
tol_10km_int_5min,akvutv,vq_ctw,5,nearest,256.0,10.0,159.0,1.0,0.0,8.102156808957904,8.102156808957904
tol_10km_int_5min,akvutv,vq_ctw,5,nearest,512.0,10.0,159.0,1.0,0.0,9.273699829773058,9.273699829773058
tol_10km_int_5min,akvutv,vq_ctw,5,nearest,1024.0,10.0,159.0,1.0,0.0,8.670026580005905,8.670026580005905
tol_10km_int_5min,akyeer,direct_ctw,5,nearest,,10.0,116.0,0.9640770426843556,0.2120548969758508,4.10348333478031,4.186631675431506
tol_10km_int_5min,akyeer,markov_order_1,5,nearest,,10.0,116.0,0.9345834830628512,0.3259716371658029,4.10348333478031,4.186631675431506
tol_10km_int_5min,akyeer,markov_order_2,5,nearest,,10.0,116.0,0.9247379637649862,0.3583192747823827,4.10348333478031,4.186631675431506
tol_10km_int_5min,akyeer,vq_ctw,5,nearest,256.0,10.0,116.0,1.0,0.0,7.636258463417421,7.636258463417421
tol_10km_int_5min,akyeer,vq_ctw,5,nearest,512.0,10.0,116.0,1.0,0.0,8.633225179836192,8.633225179836192
tol_10km_int_5min,akyeer,vq_ctw,5,nearest,1024.0,10.0,116.0,1.0,0.0,8.143080967060282,8.143080967060282
tol_10km_int_5min,aldhid,direct_ctw,5,nearest,,10.0,54.0,0.8969364362300652,0.6737731374702612,4.527245500689884,4.653593318360639
tol_10km_int_5min,aldhid,markov_order_1,5,nearest,,10.0,54.0,0.8528106142303792,0.963694673245142,4.527245500689884,4.653593318360639
tol_10km_int_5min,aldhid,markov_order_2,5,nearest,,10.0,54.0,0.8528106142303792,0.9142783876243912,4.527245500689884,4.653593318360639
tol_10km_int_5min,aldhid,vq_ctw,5,nearest,256.0,10.0,54.0,1.0,0.0,7.973991465436787,7.973991465436787
tol_10km_int_5min,aldhid,vq_ctw,5,nearest,512.0,10.0,54.0,1.0,0.0,9.045386902046594,9.045386902046594
tol_10km_int_5min,aldhid,vq_ctw,5,nearest,1024.0,10.0,54.0,1.0,0.0,8.63774160320041,8.63774160320041
tol_10km_int_5min,alnihi,direct_ctw,5,nearest,,10.0,34.0,0.9999999999980904,0.3486820721986774,3.850946484376535,3.9497297571405103
tol_10km_int_5min,alnihi,markov_order_1,5,nearest,,10.0,34.0,0.9999999999980904,0.4329522319728398,3.850946484376535,3.9497297571405103
tol_10km_int_5min,alnihi,markov_order_2,5,nearest,,10.0,34.0,0.9999999999980904,0.4559089371653125,3.850946484376535,3.9497297571405103
tol_10km_int_5min,alnihi,vq_ctw,5,nearest,256.0,10.0,34.0,1.0,0.0,7.914472195463448,7.914472195463448
tol_10km_int_5min,alnihi,vq_ctw,5,nearest,512.0,10.0,34.0,1.0,0.0,8.928373428798348,8.928373428798348
tol_10km_int_5min,alnihi,vq_ctw,5,nearest,1024.0,10.0,34.0,1.0,0.0,8.259666191459676,8.259666191459676
tol_10km_int_5min,alshet,direct_ctw,5,nearest,,10.0,208.0,0.9606315314125592,0.4210525785242539,4.295688841754562,4.405456901659366
tol_10km_int_5min,alshet,markov_order_1,5,nearest,,10.0,208.0,0.937487073612726,0.543957470857752,4.295688841754562,4.405456901659366
tol_10km_int_5min,alshet,markov_order_2,5,nearest,,10.0,208.0,0.9356534033807772,0.5403022042721071,4.295688841754562,4.405456901659366
tol_10km_int_5min,alshet,vq_ctw,5,nearest,256.0,10.0,208.0,1.0,0.0,8.294444967259409,8.294444967259409
tol_10km_int_5min,alshet,vq_ctw,5,nearest,512.0,10.0,208.0,1.0,0.0,9.271265349419751,9.271265349419751
tol_10km_int_5min,alshet,vq_ctw,5,nearest,1024.0,10.0,208.0,1.0,0.0,8.684721422322415,8.684721422322415
tol_10km_int_5min,amciuc,direct_ctw,5,nearest,,10.0,77.0,0.9369365958891248,0.3655572160610178,4.379143893980916,4.477875633464598
tol_10km_int_5min,amciuc,markov_order_1,5,nearest,,10.0,77.0,0.8861740861189309,0.553360520948681,4.379143893980916,4.477875633464598
tol_10km_int_5min,amciuc,markov_order_2,5,nearest,,10.0,77.0,0.8800291489034252,0.5629711531395956,4.379143893980916,4.477875633464598
tol_10km_int_5min,amciuc,vq_ctw,5,nearest,256.0,10.0,77.0,1.0,0.0,8.106754482815298,8.106754482815298
tol_10km_int_5min,amciuc,vq_ctw,5,nearest,512.0,10.0,77.0,1.0,0.0,9.277495344699494,9.277495344699494
tol_10km_int_5min,amciuc,vq_ctw,5,nearest,1024.0,10.0,77.0,1.0,0.0,8.509005628548959,8.509005628548959
tol_10km_int_5min,amknyw,direct_ctw,5,nearest,,10.0,54.0,0.9727982235895384,0.3824776253550463,4.25825386118642,4.38614238070536
tol_10km_int_5min,amknyw,markov_order_1,5,nearest,,10.0,54.0,0.9596839797343518,0.4921871409044471,4.25825386118642,4.38614238070536
tol_10km_int_5min,amknyw,markov_order_2,5,nearest,,10.0,54.0,0.9543086320246006,0.5278871117392232,4.25825386118642,4.38614238070536
tol_10km_int_5min,amknyw,vq_ctw,5,nearest,256.0,10.0,54.0,1.0,0.0,8.145481687098979,8.145481687098979
tol_10km_int_5min,amknyw,vq_ctw,5,nearest,512.0,10.0,54.0,1.0,0.0,9.143162839871165,9.143162839871165
tol_10km_int_5min,amknyw,vq_ctw,5,nearest,1024.0,10.0,54.0,1.0,0.0,8.876454983839048,8.876454983839048
tol_10km_int_5min,amvefa,direct_ctw,5,nearest,,10.0,50.0,0.9007358655869746,0.7291446549536745,4.879717084624781,4.956518613300216
tol_10km_int_5min,amvefa,markov_order_1,5,nearest,,10.0,50.0,0.8235248961953843,1.0283211097766018,4.879717084624781,4.956518613300216
tol_10km_int_5min,amvefa,markov_order_2,5,nearest,,10.0,50.0,0.8167926377269973,1.0342146654215691,4.879717084624781,4.956518613300216
tol_10km_int_5min,amvefa,vq_ctw,5,nearest,256.0,10.0,50.0,1.0,0.0,9.26324201946754,9.26324201946754
tol_10km_int_5min,amvefa,vq_ctw,5,nearest,512.0,10.0,50.0,1.0,0.0,10.335549500300672,10.335549500300672
tol_10km_int_5min,amvefa,vq_ctw,5,nearest,1024.0,10.0,50.0,1.0,0.0,8.903512439583617,8.903512439583617
tol_10km_int_5min,amwibs,direct_ctw,5,nearest,,10.0,96.0,0.9999999999984088,0.2910977466813347,4.17213959235055,4.239956592675477
tol_10km_int_5min,amwibs,markov_order_1,5,nearest,,10.0,96.0,0.9999999999984088,0.3172366128041605,4.17213959235055,4.239956592675477
tol_10km_int_5min,amwibs,markov_order_2,5,nearest,,10.0,96.0,0.9999999999984088,0.3222467354891671,4.17213959235055,4.239956592675477
tol_10km_int_5min,amwibs,vq_ctw,5,nearest,256.0,10.0,96.0,1.0,0.0,7.387897344941066,7.387897344941066
tol_10km_int_5min,amwibs,vq_ctw,5,nearest,512.0,10.0,96.0,1.0,0.0,8.501050076272302,8.501050076272302
tol_10km_int_5min,amwibs,vq_ctw,5,nearest,1024.0,10.0,96.0,1.0,0.0,8.350327979019266,8.350327979019266
tol_10km_int_5min,ancedv,direct_ctw,5,nearest,,10.0,28.0,0.9999999999980904,0.6248476070784061,4.123108689006648,4.223914036637655
tol_10km_int_5min,ancedv,markov_order_1,5,nearest,,10.0,28.0,0.9999999999980904,0.6111704979164491,4.123108689006648,4.223914036637655
tol_10km_int_5min,ancedv,markov_order_2,5,nearest,,10.0,28.0,0.9999999999980904,0.5537534660265745,4.123108689006648,4.223914036637655
tol_10km_int_5min,ancedv,vq_ctw,5,nearest,256.0,10.0,28.0,1.0,0.0,7.2428014632858275,7.2428014632858275
tol_10km_int_5min,ancedv,vq_ctw,5,nearest,512.0,10.0,28.0,1.0,0.0,8.269344264652249,8.269344264652249
tol_10km_int_5min,ancedv,vq_ctw,5,nearest,1024.0,10.0,28.0,1.0,0.0,7.6655922548051105,7.6655922548051105
tol_10km_int_5min,ancycl,direct_ctw,5,nearest,,10.0,80.0,0.9567361769156224,0.525877023261857,4.314208857496355,4.4330373908182805
tol_10km_int_5min,ancycl,markov_order_1,5,nearest,,10.0,80.0,0.9093183776494584,0.7653902361369654,4.314208857496355,4.4330373908182805
tol_10km_int_5min,ancycl,markov_order_2,5,nearest,,10.0,80.0,0.9135116003919196,0.7283987686728656,4.314208857496355,4.4330373908182805
tol_10km_int_5min,ancycl,vq_ctw,5,nearest,256.0,10.0,80.0,1.0,0.0,8.185218429200665,8.185218429200665
tol_10km_int_5min,ancycl,vq_ctw,5,nearest,512.0,10.0,80.0,1.0,0.0,9.439934280854487,9.439934280854487
tol_10km_int_5min,ancycl,vq_ctw,5,nearest,1024.0,10.0,80.0,1.0,0.0,9.002848701461778,9.002848701461778
tol_10km_int_5min,andyol,direct_ctw,5,nearest,,10.0,56.0,0.9063162954468644,0.6870712201483903,4.44279832919694,4.592084747210749
tol_10km_int_5min,andyol,markov_order_1,5,nearest,,10.0,56.0,0.826930438286853,1.0012988877617186,4.44279832919694,4.592084747210749
tol_10km_int_5min,andyol,markov_order_2,5,nearest,,10.0,56.0,0.846911246205411,0.9129059937569683,4.44279832919694,4.592084747210749
tol_10km_int_5min,andyol,vq_ctw,5,nearest,256.0,10.0,56.0,1.0,0.0,8.80438069946619,8.80438069946619
tol_10km_int_5min,andyol,vq_ctw,5,nearest,512.0,10.0,56.0,1.0,0.0,9.735899077074803,9.735899077074803
tol_10km_int_5min,andyol,vq_ctw,5,nearest,1024.0,10.0,56.0,1.0,0.0,9.349061757964355,9.349061757964355
tol_10km_int_5min,aniajc,direct_ctw,5,nearest,,10.0,101.0,0.9126355124339348,0.5955022455045255,4.639116300155899,4.743677798572568
tol_10km_int_5min,aniajc,markov_order_1,5,nearest,,10.0,101.0,0.8746846686383608,0.7977524410983444,4.639116300155899,4.743677798572568
tol_10km_int_5min,aniajc,markov_order_2,5,nearest,,10.0,101.0,0.8682024159901075,0.7917997576441069,4.639116300155899,4.743677798572568
tol_10km_int_5min,aniajc,vq_ctw,5,nearest,256.0,10.0,101.0,1.0,0.0,8.357703169396776,8.357703169396776
tol_10km_int_5min,aniajc,vq_ctw,5,nearest,512.0,10.0,101.0,1.0,0.0,8.97825334974398,8.97825334974398
tol_10km_int_5min,aniajc,vq_ctw,5,nearest,1024.0,10.0,101.0,1.0,0.0,8.53879879251468,8.53879879251468
tol_10km_int_5min,anidgi,direct_ctw,5,nearest,,10.0,212.0,0.947210194957843,0.5136460173953796,4.471815314996491,4.587871336317527
tol_10km_int_5min,anidgi,markov_order_1,5,nearest,,10.0,212.0,0.9110260130939594,0.6710797641788941,4.471815314996491,4.587871336317527
tol_10km_int_5min,anidgi,markov_order_2,5,nearest,,10.0,212.0,0.9037283829203628,0.7007586308798717,4.471815314996491,4.587871336317527
tol_10km_int_5min,anidgi,vq_ctw,5,nearest,256.0,10.0,212.0,1.0,0.0,8.26611405625845,8.26611405625845
tol_10km_int_5min,anidgi,vq_ctw,5,nearest,512.0,10.0,212.0,1.0,0.0,9.106012188857544,9.106012188857544
tol_10km_int_5min,anidgi,vq_ctw,5,nearest,1024.0,10.0,212.0,1.0,0.0,8.922866204185189,8.922866204185189
tol_10km_int_5min,ankped,direct_ctw,5,nearest,,10.0,90.0,0.9003601296986014,0.6566629056472444,4.581284867983442,4.695584639382494
tol_10km_int_5min,ankped,markov_order_1,5,nearest,,10.0,90.0,0.8242385651720606,0.9606668093266636,4.581284867983442,4.695584639382494
tol_10km_int_5min,ankped,markov_order_2,5,nearest,,10.0,90.0,0.801633181638199,1.0360993346648146,4.581284867983442,4.695584639382494
tol_10km_int_5min,ankped,vq_ctw,5,nearest,256.0,10.0,90.0,1.0,0.0,8.61770917665449,8.61770917665449
tol_10km_int_5min,ankped,vq_ctw,5,nearest,512.0,10.0,90.0,1.0,0.0,9.877620653656574,9.877620653656574
tol_10km_int_5min,ankped,vq_ctw,5,nearest,1024.0,10.0,90.0,1.0,0.0,9.614824517902097,9.614824517902097
tol_10km_int_5min,ansyut,direct_ctw,5,nearest,,10.0,35.0,0.9269098993121596,0.4056889080325533,4.752539391265075,4.832807875243815
tol_10km_int_5min,ansyut,markov_order_1,5,nearest,,10.0,35.0,0.82404276882953,0.7183981640826288,4.752539391265075,4.832807875243815
tol_10km_int_5min,ansyut,markov_order_2,5,nearest,,10.0,35.0,0.8575909195732199,0.634819381996771,4.752539391265075,4.832807875243815
tol_10km_int_5min,ansyut,vq_ctw,5,nearest,256.0,10.0,35.0,1.0,0.0,8.784157894684387,8.784157894684387
tol_10km_int_5min,ansyut,vq_ctw,5,nearest,512.0,10.0,35.0,1.0,0.0,9.716476387475517,9.716476387475517
tol_10km_int_5min,ansyut,vq_ctw,5,nearest,1024.0,10.0,35.0,1.0,0.0,9.761399462579698,9.761399462579698
tol_10km_int_5min,anucks,direct_ctw,5,nearest,,10.0,48.0,0.9457402995888998,0.6944821727615529,4.372721264458258,4.471928449011732
tol_10km_int_5min,anucks,markov_order_1,5,nearest,,10.0,48.0,0.9243026016032676,0.9023930050756492,4.372721264458258,4.471928449011732
tol_10km_int_5min,anucks,markov_order_2,5,nearest,,10.0,48.0,0.9243026016032676,0.8853342412050864,4.372721264458258,4.471928449011732
tol_10km_int_5min,anucks,vq_ctw,5,nearest,256.0,10.0,48.0,1.0,0.0,9.361190078811326,9.361190078811326
tol_10km_int_5min,anucks,vq_ctw,5,nearest,512.0,10.0,48.0,1.0,0.0,8.66628780553165,8.66628780553165
tol_10km_int_5min,anucks,vq_ctw,5,nearest,1024.0,10.0,48.0,1.0,0.0,9.47999056336966,9.47999056336966
tol_10km_int_5min,anupwr,direct_ctw,5,nearest,,10.0,61.0,0.8592321213373417,0.7572739927872131,4.9502757799960495,5.117044768615392
tol_10km_int_5min,anupwr,markov_order_1,5,nearest,,10.0,61.0,0.7757143164162552,1.05866480432237,4.9502757799960495,5.117044768615392
tol_10km_int_5min,anupwr,markov_order_2,5,nearest,,10.0,61.0,0.762489338104325,1.0868136707844758,4.9502757799960495,5.117044768615392
tol_10km_int_5min,anupwr,vq_ctw,5,nearest,256.0,10.0,61.0,1.0,0.0,8.119117180709553,8.119117180709553
tol_10km_int_5min,anupwr,vq_ctw,5,nearest,512.0,10.0,61.0,1.0,0.0,9.574116226655535,9.574116226655535
tol_10km_int_5min,anupwr,vq_ctw,5,nearest,1024.0,10.0,61.0,1.0,0.0,8.691819296669618,8.691819296669618
tol_10km_int_5min,apigcy,direct_ctw,5,nearest,,10.0,144.0,0.9472108557022566,0.4430198149462739,4.25298563634346,4.354122758977171
tol_10km_int_5min,apigcy,markov_order_1,5,nearest,,10.0,144.0,0.9225464914698086,0.5628388626801515,4.25298563634346,4.354122758977171
tol_10km_int_5min,apigcy,markov_order_2,5,nearest,,10.0,144.0,0.9110106256765084,0.5841262907416647,4.25298563634346,4.354122758977171
tol_10km_int_5min,apigcy,vq_ctw,5,nearest,256.0,10.0,144.0,1.0,0.0,7.990669386040377,7.990669386040377
tol_10km_int_5min,apigcy,vq_ctw,5,nearest,512.0,10.0,144.0,1.0,0.0,8.522569587765098,8.522569587765098
tol_10km_int_5min,apigcy,vq_ctw,5,nearest,1024.0,10.0,144.0,1.0,0.0,8.45668367581806,8.45668367581806
tol_10km_int_5min,appsri,direct_ctw,5,nearest,,10.0,16.0,0.8620534574140073,0.7974757214986659,5.092317930255648,5.238663470019231
tol_10km_int_5min,appsri,markov_order_1,5,nearest,,10.0,16.0,0.7113910962357615,1.324351779098211,5.092317930255648,5.238663470019231
tol_10km_int_5min,appsri,markov_order_2,5,nearest,,10.0,16.0,0.6580981159928818,1.468528725209559,5.092317930255648,5.238663470019231
tol_10km_int_5min,appsri,vq_ctw,5,nearest,256.0,10.0,16.0,1.0,0.0,9.13037401837117,9.13037401837117
tol_10km_int_5min,appsri,vq_ctw,5,nearest,512.0,10.0,16.0,1.0,0.0,10.231899515366925,10.231899515366925
tol_10km_int_5min,appsri,vq_ctw,5,nearest,1024.0,10.0,16.0,1.0,0.0,10.787563410425632,10.787563410425632
tol_10km_int_5min,apssky,direct_ctw,5,nearest,,10.0,177.0,0.911889370038901,0.5917963833235959,4.668764766633193,4.760947972969597
tol_10km_int_5min,apssky,markov_order_1,5,nearest,,10.0,177.0,0.8496494704735992,0.8135408645005381,4.668764766633193,4.760947972969597
tol_10km_int_5min,apssky,markov_order_2,5,nearest,,10.0,177.0,0.8621336691709921,0.7655141865209144,4.668764766633193,4.760947972969597
tol_10km_int_5min,apssky,vq_ctw,5,nearest,256.0,10.0,177.0,1.0,0.0,7.887960539064777,7.887960539064777
tol_10km_int_5min,apssky,vq_ctw,5,nearest,512.0,10.0,177.0,1.0,0.0,8.955585119418437,8.955585119418437
tol_10km_int_5min,apssky,vq_ctw,5,nearest,1024.0,10.0,177.0,1.0,0.0,8.529064905163978,8.529064905163978
tol_10km_int_5min,aquawa,direct_ctw,5,nearest,,10.0,155.0,0.9303814301167944,0.5551169428416293,4.556506804248727,4.659484296303771
tol_10km_int_5min,aquawa,markov_order_1,5,nearest,,10.0,155.0,0.8660389882834953,0.7944645844633528,4.556506804248727,4.659484296303771
tol_10km_int_5min,aquawa,markov_order_2,5,nearest,,10.0,155.0,0.8641602020323548,0.8138930421954242,4.556506804248727,4.659484296303771
tol_10km_int_5min,aquawa,vq_ctw,5,nearest,256.0,10.0,155.0,1.0,0.0,8.083888473097687,8.083888473097687
tol_10km_int_5min,aquawa,vq_ctw,5,nearest,512.0,10.0,155.0,1.0,0.0,8.979371696287378,8.979371696287378
tol_10km_int_5min,aquawa,vq_ctw,5,nearest,1024.0,10.0,155.0,1.0,0.0,8.541263514328579,8.541263514328579
tol_10km_int_5min,arcksy,direct_ctw,5,nearest,,10.0,158.0,0.9720651701328772,0.4142260021853028,4.34603546573909,4.459089941526927
tol_10km_int_5min,arcksy,markov_order_1,5,nearest,,10.0,158.0,0.9632303402105302,0.4866323684137357,4.34603546573909,4.459089941526927
tol_10km_int_5min,arcksy,markov_order_2,5,nearest,,10.0,158.0,0.9589840175955846,0.4889759027761684,4.34603546573909,4.459089941526927
tol_10km_int_5min,arcksy,vq_ctw,5,nearest,256.0,10.0,158.0,1.0,0.0,7.74471762710281,7.74471762710281
tol_10km_int_5min,arcksy,vq_ctw,5,nearest,512.0,10.0,158.0,1.0,0.0,8.81601940756637,8.81601940756637
tol_10km_int_5min,arcksy,vq_ctw,5,nearest,1024.0,10.0,158.0,1.0,0.0,8.407782934852046,8.407782934852046
tol_10km_int_5min,arcuim,direct_ctw,5,nearest,,10.0,114.0,0.9743940173181168,0.4227490752410539,4.494154072162695,4.58135893708679
tol_10km_int_5min,arcuim,markov_order_1,5,nearest,,10.0,114.0,0.9552896209436876,0.5505624414595799,4.494154072162695,4.58135893708679
tol_10km_int_5min,arcuim,markov_order_2,5,nearest,,10.0,114.0,0.9527230890334992,0.5676696580589721,4.494154072162695,4.58135893708679
tol_10km_int_5min,arcuim,vq_ctw,5,nearest,256.0,10.0,114.0,1.0,0.0,8.002598053712067,8.002598053712067
tol_10km_int_5min,arcuim,vq_ctw,5,nearest,512.0,10.0,114.0,1.0,0.0,9.463488065569734,9.463488065569734
tol_10km_int_5min,arcuim,vq_ctw,5,nearest,1024.0,10.0,114.0,1.0,0.0,8.584133600395086,8.584133600395086
tol_10km_int_5min,arcurb,direct_ctw,5,nearest,,10.0,32.0,0.9999999999980904,0.4650724594241769,4.546174285709775,4.64071791585167
tol_10km_int_5min,arcurb,markov_order_1,5,nearest,,10.0,32.0,0.9999999999980904,0.5550410727982431,4.546174285709775,4.64071791585167
tol_10km_int_5min,arcurb,markov_order_2,5,nearest,,10.0,32.0,0.9999999999980904,0.5947266582883749,4.546174285709775,4.64071791585167
tol_10km_int_5min,arcurb,vq_ctw,5,nearest,256.0,10.0,32.0,1.0,0.0,7.551682375651614,7.551682375651614
tol_10km_int_5min,arcurb,vq_ctw,5,nearest,512.0,10.0,32.0,1.0,0.0,9.025762459529329,9.025762459529329
tol_10km_int_5min,arcurb,vq_ctw,5,nearest,1024.0,10.0,32.0,1.0,0.0,7.890199649194693,7.890199649194693
tol_10km_int_5min,arhilb,direct_ctw,5,nearest,,10.0,98.0,0.9647763773587282,0.3884433098360285,4.280534816648597,4.390246670210479
tol_10km_int_5min,arhilb,markov_order_1,5,nearest,,10.0,98.0,0.9493745506696064,0.4828607313814246,4.280534816648597,4.390246670210479
tol_10km_int_5min,arhilb,markov_order_2,5,nearest,,10.0,98.0,0.9451739077078722,0.5141671839927718,4.280534816648597,4.390246670210479
tol_10km_int_5min,arhilb,vq_ctw,5,nearest,256.0,10.0,98.0,1.0,0.0,7.358291052052919,7.358291052052919
tol_10km_int_5min,arhilb,vq_ctw,5,nearest,512.0,10.0,98.0,1.0,0.0,8.95327406298723,8.95327406298723
tol_10km_int_5min,arhilb,vq_ctw,5,nearest,1024.0,10.0,98.0,1.0,0.0,8.357009644034646,8.357009644034646
tol_10km_int_5min,arlwra,direct_ctw,5,nearest,,10.0,90.0,0.9234732206552588,0.4755582603558842,4.691426597801815,4.76648775438852
tol_10km_int_5min,arlwra,markov_order_1,5,nearest,,10.0,90.0,0.8809797406744634,0.6401155638782551,4.691426597801815,4.76648775438852
tol_10km_int_5min,arlwra,markov_order_2,5,nearest,,10.0,90.0,0.8822294680671594,0.6287110497055669,4.691426597801815,4.76648775438852
tol_10km_int_5min,arlwra,vq_ctw,5,nearest,256.0,10.0,90.0,1.0,0.0,8.19189542656768,8.19189542656768
tol_10km_int_5min,arlwra,vq_ctw,5,nearest,512.0,10.0,90.0,1.0,0.0,9.305504625715656,9.305504625715656
tol_10km_int_5min,arlwra,vq_ctw,5,nearest,1024.0,10.0,90.0,1.0,0.0,8.506830276088218,8.506830276088218
tol_10km_int_5min,arphau,direct_ctw,5,nearest,,10.0,174.0,0.90076770881798,0.6229360502490072,4.311662201210247,4.3929429256898525
tol_10km_int_5min,arphau,markov_order_1,5,nearest,,10.0,174.0,0.8429452799945841,0.847340216311345,4.311662201210247,4.3929429256898525
tol_10km_int_5min,arphau,markov_order_2,5,nearest,,10.0,174.0,0.8321475510647042,0.895059916572064,4.311662201210247,4.3929429256898525
tol_10km_int_5min,arphau,vq_ctw,5,nearest,256.0,10.0,174.0,1.0,0.0,8.059839931802456,8.059839931802456
tol_10km_int_5min,arphau,vq_ctw,5,nearest,512.0,10.0,174.0,1.0,0.0,8.924685275804245,8.924685275804245
tol_10km_int_5min,arphau,vq_ctw,5,nearest,1024.0,10.0,174.0,1.0,0.0,8.718267518536463,8.718267518536463
tol_10km_int_5min,artgag,direct_ctw,5,nearest,,10.0,218.0,0.9565101712727868,0.5193931095618571,4.243787280451902,4.33339062371927
tol_10km_int_5min,artgag,markov_order_1,5,nearest,,10.0,218.0,0.9205166882753428,0.6972952101171976,4.243787280451902,4.33339062371927
tol_10km_int_5min,artgag,markov_order_2,5,nearest,,10.0,218.0,0.9184218505252032,0.6694136296879544,4.243787280451902,4.33339062371927
tol_10km_int_5min,artgag,vq_ctw,5,nearest,256.0,10.0,218.0,1.0,0.0,8.027914255943895,8.027914255943895
tol_10km_int_5min,artgag,vq_ctw,5,nearest,512.0,10.0,218.0,1.0,0.0,9.226554476805784,9.226554476805784
tol_10km_int_5min,artgag,vq_ctw,5,nearest,1024.0,10.0,218.0,1.0,0.0,8.593211621534545,8.593211621534545
tol_10km_int_5min,ascley,direct_ctw,5,nearest,,10.0,108.0,0.9603037143322316,0.4268877385763616,4.107752872862071,4.217192119286235
tol_10km_int_5min,ascley,markov_order_1,5,nearest,,10.0,108.0,0.9404466495427052,0.5197955657076855,4.107752872862071,4.217192119286235
tol_10km_int_5min,ascley,markov_order_2,5,nearest,,10.0,108.0,0.9306986660618476,0.5526112744109986,4.107752872862071,4.217192119286235
tol_10km_int_5min,ascley,vq_ctw,5,nearest,256.0,10.0,108.0,1.0,0.0,8.4632358151883,8.4632358151883
tol_10km_int_5min,ascley,vq_ctw,5,nearest,512.0,10.0,108.0,1.0,0.0,9.309129713544667,9.309129713544667
tol_10km_int_5min,ascley,vq_ctw,5,nearest,1024.0,10.0,108.0,1.0,0.0,8.578919797266499,8.578919797266499
tol_10km_int_5min,ashgat,direct_ctw,5,nearest,,10.0,78.0,0.911179341381127,0.5842766184265861,4.771453586791512,4.863627168378581
tol_10km_int_5min,ashgat,markov_order_1,5,nearest,,10.0,78.0,0.8329150869676817,0.8805196726584545,4.771453586791512,4.863627168378581
tol_10km_int_5min,ashgat,markov_order_2,5,nearest,,10.0,78.0,0.8239516393162378,0.9043474361286864,4.771453586791512,4.863627168378581
tol_10km_int_5min,ashgat,vq_ctw,5,nearest,256.0,10.0,78.0,1.0,0.0,8.572309064483374,8.572309064483374
tol_10km_int_5min,ashgat,vq_ctw,5,nearest,512.0,10.0,78.0,1.0,0.0,8.980223704827281,8.980223704827281
tol_10km_int_5min,ashgat,vq_ctw,5,nearest,1024.0,10.0,78.0,1.0,0.0,8.697571118911426,8.697571118911426
tol_10km_int_5min,asigno,direct_ctw,5,nearest,,10.0,171.0,0.9250073417785936,0.5417511051661037,4.367169904510561,4.45411568986468
tol_10km_int_5min,asigno,markov_order_1,5,nearest,,10.0,171.0,0.8886354986153746,0.7267688676475861,4.367169904510561,4.45411568986468
tol_10km_int_5min,asigno,markov_order_2,5,nearest,,10.0,171.0,0.8820740991758581,0.7395968729224228,4.367169904510561,4.45411568986468
tol_10km_int_5min,asigno,vq_ctw,5,nearest,256.0,10.0,171.0,1.0,0.0,7.842774015780993,7.842774015780993
tol_10km_int_5min,asigno,vq_ctw,5,nearest,512.0,10.0,171.0,1.0,0.0,8.58662312899678,8.58662312899678
tol_10km_int_5min,asigno,vq_ctw,5,nearest,1024.0,10.0,171.0,1.0,0.0,8.220310138455359,8.220310138455359
tol_10km_int_5min,askmec,direct_ctw,5,nearest,,10.0,49.0,0.8894795135198668,0.6111685827627098,4.754239587266799,4.867748147156187
tol_10km_int_5min,askmec,markov_order_1,5,nearest,,10.0,49.0,0.8121554576951886,0.8845350720000467,4.754239587266799,4.867748147156187
tol_10km_int_5min,askmec,markov_order_2,5,nearest,,10.0,49.0,0.7829241620546858,0.9835603241951694,4.754239587266799,4.867748147156187
tol_10km_int_5min,askmec,vq_ctw,5,nearest,256.0,10.0,49.0,1.0,0.0,9.277410482483122,9.277410482483122
tol_10km_int_5min,askmec,vq_ctw,5,nearest,512.0,10.0,49.0,1.0,0.0,10.211896876749917,10.211896876749917
tol_10km_int_5min,askmec,vq_ctw,5,nearest,1024.0,10.0,49.0,1.0,0.0,9.92722466587511,9.92722466587511
tol_10km_int_5min,aswift,direct_ctw,5,nearest,,10.0,34.0,0.9999999999990452,0.267665395784245,4.458022674238285,4.5076149811172765
tol_10km_int_5min,aswift,markov_order_1,5,nearest,,10.0,34.0,0.9999999999990452,0.2850259385608668,4.458022674238285,4.5076149811172765
tol_10km_int_5min,aswift,markov_order_2,5,nearest,,10.0,34.0,0.9999999999990452,0.3196819325195698,4.458022674238285,4.5076149811172765
tol_10km_int_5min,aswift,vq_ctw,5,nearest,256.0,10.0,34.0,1.0,0.0,8.281827216738137,8.281827216738137
tol_10km_int_5min,aswift,vq_ctw,5,nearest,512.0,10.0,34.0,1.0,0.0,8.809970756088873,8.809970756088873
tol_10km_int_5min,aswift,vq_ctw,5,nearest,1024.0,10.0,34.0,1.0,0.0,8.7352904147324,8.7352904147324
tol_10km_int_5min,atcila,direct_ctw,5,nearest,,10.0,73.0,0.9999999999980904,0.4959776357487157,4.343591853109757,4.424803860743914
tol_10km_int_5min,atcila,markov_order_1,5,nearest,,10.0,73.0,0.9999999999980904,0.5810780894308903,4.343591853109757,4.424803860743914
tol_10km_int_5min,atcila,markov_order_2,5,nearest,,10.0,73.0,0.9999999999980904,0.5853786909163783,4.343591853109757,4.424803860743914
tol_10km_int_5min,atcila,vq_ctw,5,nearest,256.0,10.0,73.0,1.0,0.0,8.347220608013565,8.347220608013565
tol_10km_int_5min,atcila,vq_ctw,5,nearest,512.0,10.0,73.0,1.0,0.0,9.236348807418876,9.236348807418876
tol_10km_int_5min,atcila,vq_ctw,5,nearest,1024.0,10.0,73.0,1.0,0.0,9.060713938804838,9.060713938804838
tol_10km_int_5min,atfrav,direct_ctw,5,nearest,,10.0,54.0,0.9340267613005964,0.3989352486830772,4.586735232060272,4.719012343381593
tol_10km_int_5min,atfrav,markov_order_1,5,nearest,,10.0,54.0,0.8617608274492751,0.6720328083767818,4.586735232060272,4.719012343381593
tol_10km_int_5min,atfrav,markov_order_2,5,nearest,,10.0,54.0,0.8524262429064331,0.7026348340286204,4.586735232060272,4.719012343381593
tol_10km_int_5min,atfrav,vq_ctw,5,nearest,256.0,10.0,54.0,1.0,0.0,8.440360632419843,8.440360632419843
tol_10km_int_5min,atfrav,vq_ctw,5,nearest,512.0,10.0,54.0,1.0,0.0,9.059661351000342,9.059661351000342
tol_10km_int_5min,atfrav,vq_ctw,5,nearest,1024.0,10.0,54.0,1.0,0.0,8.88627868175466,8.88627868175466
tol_10km_int_5min,atfrim,direct_ctw,5,nearest,,10.0,58.0,0.8956902079928103,0.6994361689140013,4.72006099417848,4.804958541732737
tol_10km_int_5min,atfrim,markov_order_1,5,nearest,,10.0,58.0,0.8089854919407177,1.027001342644631,4.72006099417848,4.804958541732737
tol_10km_int_5min,atfrim,markov_order_2,5,nearest,,10.0,58.0,0.7999368906263506,1.0582130830076266,4.72006099417848,4.804958541732737
tol_10km_int_5min,atfrim,vq_ctw,5,nearest,256.0,10.0,58.0,1.0,0.0,8.748668377614091,8.748668377614091
tol_10km_int_5min,atfrim,vq_ctw,5,nearest,512.0,10.0,58.0,1.0,0.0,9.282806511765664,9.282806511765664
tol_10km_int_5min,atfrim,vq_ctw,5,nearest,1024.0,10.0,58.0,1.0,0.0,9.399520264758737,9.399520264758737
tol_10km_int_5min,atidfi,direct_ctw,5,nearest,,10.0,136.0,0.9632957670115292,0.5260867745036856,4.3035032990835935,4.420673472303334
tol_10km_int_5min,atidfi,markov_order_1,5,nearest,,10.0,136.0,0.944103867835192,0.6914500870146233,4.3035032990835935,4.420673472303334
tol_10km_int_5min,atidfi,markov_order_2,5,nearest,,10.0,136.0,0.939118944984314,0.7195572850177265,4.3035032990835935,4.420673472303334
tol_10km_int_5min,atidfi,vq_ctw,5,nearest,256.0,10.0,136.0,1.0,0.0,8.3404108392277,8.3404108392277
tol_10km_int_5min,atidfi,vq_ctw,5,nearest,512.0,10.0,136.0,1.0,0.0,9.644115825361595,9.644115825361595
tol_10km_int_5min,atidfi,vq_ctw,5,nearest,1024.0,10.0,136.0,1.0,0.0,9.00870459696904,9.00870459696904
tol_10km_int_5min,atnokv,direct_ctw,5,nearest,,10.0,18.0,0.8569890168721167,0.7350812935678033,5.148638414990236,5.2177026745326405
tol_10km_int_5min,atnokv,markov_order_1,5,nearest,,10.0,18.0,0.7844583306572299,0.9674844268433548,5.148638414990236,5.2177026745326405
tol_10km_int_5min,atnokv,markov_order_2,5,nearest,,10.0,18.0,0.7809826096630623,0.9773866138976118,5.148638414990236,5.2177026745326405
tol_10km_int_5min,atnokv,vq_ctw,5,nearest,256.0,10.0,18.0,1.0,0.0,8.33349446299861,8.33349446299861
tol_10km_int_5min,atnokv,vq_ctw,5,nearest,512.0,10.0,18.0,1.0,0.0,9.080186882196466,9.080186882196466
tol_10km_int_5min,atnokv,vq_ctw,5,nearest,1024.0,10.0,18.0,1.0,0.0,9.693244031027332,9.693244031027332
tol_10km_int_5min,atzumb,direct_ctw,5,nearest,,10.0,70.0,0.9228994392510672,0.611502385737365,4.502015533297223,4.585083578282672
tol_10km_int_5min,atzumb,markov_order_1,5,nearest,,10.0,70.0,0.8896980766227771,0.8099196693609799,4.502015533297223,4.585083578282672
tol_10km_int_5min,atzumb,markov_order_2,5,nearest,,10.0,70.0,0.8896980766227771,0.812414168994448,4.502015533297223,4.585083578282672
tol_10km_int_5min,atzumb,vq_ctw,5,nearest,256.0,10.0,70.0,1.0,0.0,8.393546456000932,8.393546456000932
tol_10km_int_5min,atzumb,vq_ctw,5,nearest,512.0,10.0,70.0,1.0,0.0,8.903579689664953,8.903579689664953
tol_10km_int_5min,atzumb,vq_ctw,5,nearest,1024.0,10.0,70.0,1.0,0.0,9.043154832405222,9.043154832405222
tol_10km_int_5min,aucjun,direct_ctw,5,nearest,,10.0,36.0,0.9999999999980906,0.3204178669591113,3.9462953796647167,4.041963464471284
tol_10km_int_5min,aucjun,markov_order_1,5,nearest,,10.0,36.0,0.9999999999980906,0.3493739343612967,3.9462953796647167,4.041963464471284
tol_10km_int_5min,aucjun,markov_order_2,5,nearest,,10.0,36.0,0.9999999999980906,0.3498679810478234,3.9462953796647167,4.041963464471284
tol_10km_int_5min,aucjun,vq_ctw,5,nearest,256.0,10.0,36.0,1.0,0.0,7.913401116749605,7.913401116749605
tol_10km_int_5min,aucjun,vq_ctw,5,nearest,512.0,10.0,36.0,1.0,0.0,9.04832556387534,9.04832556387534
tol_10km_int_5min,aucjun,vq_ctw,5,nearest,1024.0,10.0,36.0,1.0,0.0,8.176891182476336,8.176891182476336
tol_10km_int_5min,auctji,direct_ctw,5,nearest,,10.0,164.0,0.9346882930525604,0.4151510581665514,4.382017904780227,4.509023567400349
tol_10km_int_5min,auctji,markov_order_1,5,nearest,,10.0,164.0,0.8865668826865301,0.6137688111570925,4.382017904780227,4.509023567400349
tol_10km_int_5min,auctji,markov_order_2,5,nearest,,10.0,164.0,0.8762764527325226,0.6393625329863922,4.382017904780227,4.509023567400349
tol_10km_int_5min,auctji,vq_ctw,5,nearest,256.0,10.0,164.0,1.0,0.0,8.482266861206213,8.482266861206213
tol_10km_int_5min,auctji,vq_ctw,5,nearest,512.0,10.0,164.0,1.0,0.0,9.330540972409755,9.330540972409755
tol_10km_int_5min,auctji,vq_ctw,5,nearest,1024.0,10.0,164.0,1.0,0.0,8.875830116245945,8.875830116245945
tol_10km_int_5min,aurjye,direct_ctw,5,nearest,,10.0,50.0,0.9999999999993888,0.1751687833233366,4.305376174812215,4.378667095066658
tol_10km_int_5min,aurjye,markov_order_1,5,nearest,,10.0,50.0,0.9999999999993888,0.1943577752144862,4.305376174812215,4.378667095066658
tol_10km_int_5min,aurjye,markov_order_2,5,nearest,,10.0,50.0,0.9999999999993888,0.1604707898064848,4.305376174812215,4.378667095066658
tol_10km_int_5min,aurjye,vq_ctw,5,nearest,256.0,10.0,50.0,1.0,0.0,7.8842576522514385,7.8842576522514385
tol_10km_int_5min,aurjye,vq_ctw,5,nearest,512.0,10.0,50.0,1.0,0.0,9.79489743879657,9.79489743879657
tol_10km_int_5min,aurjye,vq_ctw,5,nearest,1024.0,10.0,50.0,1.0,0.0,8.692290533169324,8.692290533169324
tol_10km_int_5min,avdyab,direct_ctw,5,nearest,,10.0,76.0,0.963203392241973,0.4487024431451386,4.374263500465389,4.472999671283031
tol_10km_int_5min,avdyab,markov_order_1,5,nearest,,10.0,76.0,0.9406472857042968,0.5858000460393215,4.374263500465389,4.472999671283031
tol_10km_int_5min,avdyab,markov_order_2,5,nearest,,10.0,76.0,0.9346198130538664,0.6232018591764225,4.374263500465389,4.472999671283031
tol_10km_int_5min,avdyab,vq_ctw,5,nearest,256.0,10.0,76.0,1.0,0.0,7.7909005229630495,7.7909005229630495
tol_10km_int_5min,avdyab,vq_ctw,5,nearest,512.0,10.0,76.0,1.0,0.0,9.136537212637416,9.136537212637416
tol_10km_int_5min,avdyab,vq_ctw,5,nearest,1024.0,10.0,76.0,1.0,0.0,8.494597431905301,8.494597431905301
tol_10km_int_5min,avglyb,direct_ctw,5,nearest,,10.0,18.0,1.0,0.0,3.8509806433916247,3.891189629203353
tol_10km_int_5min,avglyb,markov_order_1,5,nearest,,10.0,18.0,1.0,0.0,3.8509806433916247,3.891189629203353
tol_10km_int_5min,avglyb,markov_order_2,5,nearest,,10.0,18.0,1.0,0.0,3.8509806433916247,3.891189629203353
tol_10km_int_5min,avglyb,vq_ctw,5,nearest,256.0,10.0,18.0,1.0,0.0,7.948348164042307,7.948348164042307
tol_10km_int_5min,avglyb,vq_ctw,5,nearest,512.0,10.0,18.0,1.0,0.0,7.799713352022512,7.799713352022512
tol_10km_int_5min,avglyb,vq_ctw,5,nearest,1024.0,10.0,18.0,1.0,0.0,8.82873127973814,8.82873127973814
tol_10km_int_5min,aviltl,direct_ctw,5,nearest,,10.0,59.0,0.8648816115251091,0.7166851926493091,4.866470580379983,4.96576719972664
tol_10km_int_5min,aviltl,markov_order_1,5,nearest,,10.0,59.0,0.7903959905817601,1.1095340113802532,4.866470580379983,4.96576719972664
tol_10km_int_5min,aviltl,markov_order_2,5,nearest,,10.0,59.0,0.7856385865542944,1.049741748186607,4.866470580379983,4.96576719972664
tol_10km_int_5min,aviltl,vq_ctw,5,nearest,256.0,10.0,59.0,1.0,0.0,8.942621331812783,8.942621331812783
tol_10km_int_5min,aviltl,vq_ctw,5,nearest,512.0,10.0,59.0,1.0,0.0,9.847381036001076,9.847381036001076
tol_10km_int_5min,aviltl,vq_ctw,5,nearest,1024.0,10.0,59.0,1.0,0.0,9.544855032390084,9.544855032390084
tol_10km_int_5min,avpavi,direct_ctw,5,nearest,,10.0,114.0,0.9602968549338154,0.5644911997176633,4.4962301897483865,4.593402928011002
tol_10km_int_5min,avpavi,markov_order_1,5,nearest,,10.0,114.0,0.938445103811742,0.7080169855026562,4.4962301897483865,4.593402928011002
tol_10km_int_5min,avpavi,markov_order_2,5,nearest,,10.0,114.0,0.9343785330109068,0.7227833823785026,4.4962301897483865,4.593402928011002
tol_10km_int_5min,avpavi,vq_ctw,5,nearest,256.0,10.0,114.0,1.0,0.0,8.072047896185545,8.072047896185545
tol_10km_int_5min,avpavi,vq_ctw,5,nearest,512.0,10.0,114.0,1.0,0.0,9.139381122051333,9.139381122051333
tol_10km_int_5min,avpavi,vq_ctw,5,nearest,1024.0,10.0,114.0,1.0,0.0,8.7013434700014,8.7013434700014
tol_10km_int_5min,awnbeb,direct_ctw,5,nearest,,10.0,59.0,0.9676157805094592,0.2871391322672337,4.070316247280914,4.145173881751324
tol_10km_int_5min,awnbeb,markov_order_1,5,nearest,,10.0,59.0,0.933617464692064,0.3950762311513394,4.070316247280914,4.145173881751324
tol_10km_int_5min,awnbeb,markov_order_2,5,nearest,,10.0,59.0,0.9177360792943928,0.4337044065146047,4.070316247280914,4.145173881751324
tol_10km_int_5min,awnbeb,vq_ctw,5,nearest,256.0,10.0,59.0,1.0,0.0,7.603419460844093,7.603419460844093
tol_10km_int_5min,awnbeb,vq_ctw,5,nearest,512.0,10.0,59.0,1.0,0.0,8.94929116864853,8.94929116864853
tol_10km_int_5min,awnbeb,vq_ctw,5,nearest,1024.0,10.0,59.0,1.0,0.0,8.460604033001452,8.460604033001452
tol_10km_int_5min,awrenb,direct_ctw,5,nearest,,10.0,95.0,0.9150215845953552,0.5692193755358331,4.723231420975742,4.810333557051047
tol_10km_int_5min,awrenb,markov_order_1,5,nearest,,10.0,95.0,0.8825473279074264,0.756947020056019,4.723231420975742,4.810333557051047
tol_10km_int_5min,awrenb,markov_order_2,5,nearest,,10.0,95.0,0.8793067224869998,0.7634439976212859,4.723231420975742,4.810333557051047
tol_10km_int_5min,awrenb,vq_ctw,5,nearest,256.0,10.0,95.0,1.0,0.0,8.300416063633795,8.300416063633795
tol_10km_int_5min,awrenb,vq_ctw,5,nearest,512.0,10.0,95.0,1.0,0.0,9.226151929181931,9.226151929181931
tol_10km_int_5min,awrenb,vq_ctw,5,nearest,1024.0,10.0,95.0,1.0,0.0,9.026782768391554,9.026782768391554
tol_10km_int_5min,awribi,direct_ctw,5,nearest,,10.0,105.0,0.9390148307225484,0.4466372715183754,4.3249373790389605,4.424967103474991
tol_10km_int_5min,awribi,markov_order_1,5,nearest,,10.0,105.0,0.913700472616317,0.5793976484764785,4.3249373790389605,4.424967103474991
tol_10km_int_5min,awribi,markov_order_2,5,nearest,,10.0,105.0,0.9147461978287696,0.56647528249703,4.3249373790389605,4.424967103474991
tol_10km_int_5min,awribi,vq_ctw,5,nearest,256.0,10.0,105.0,1.0,0.0,8.159482123280672,8.159482123280672
tol_10km_int_5min,awribi,vq_ctw,5,nearest,512.0,10.0,105.0,1.0,0.0,8.950582145394911,8.950582145394911
tol_10km_int_5min,awribi,vq_ctw,5,nearest,1024.0,10.0,105.0,1.0,0.0,8.721667405037923,8.721667405037923
tol_10km_int_5min,aydwah,direct_ctw,5,nearest,,10.0,156.0,0.9366607394533976,0.5496521525663941,4.592555806991217,4.687033639856709
tol_10km_int_5min,aydwah,markov_order_1,5,nearest,,10.0,156.0,0.8923673971117098,0.7547226203958788,4.592555806991217,4.687033639856709
tol_10km_int_5min,aydwah,markov_order_2,5,nearest,,10.0,156.0,0.893362010532341,0.7564294774630598,4.592555806991217,4.687033639856709
tol_10km_int_5min,aydwah,vq_ctw,5,nearest,256.0,10.0,156.0,1.0,0.0,7.919361463744665,7.919361463744665
tol_10km_int_5min,aydwah,vq_ctw,5,nearest,512.0,10.0,156.0,1.0,0.0,9.101204530873185,9.101204530873185
tol_10km_int_5min,aydwah,vq_ctw,5,nearest,1024.0,10.0,156.0,1.0,0.0,8.632428808909173,8.632428808909173
tol_10km_int_5min,ayfsdu,direct_ctw,5,nearest,,10.0,143.0,0.9999999999989052,0.2050768425458436,3.9243884428895495,4.019275974579711
tol_10km_int_5min,ayfsdu,markov_order_1,5,nearest,,10.0,143.0,0.9999999999989052,0.2553613458644978,3.9243884428895495,4.019275974579711
tol_10km_int_5min,ayfsdu,markov_order_2,5,nearest,,10.0,143.0,0.9999999999989052,0.2556774762156662,3.9243884428895495,4.019275974579711
tol_10km_int_5min,ayfsdu,vq_ctw,5,nearest,256.0,10.0,143.0,1.0,0.0,7.517394195523921,7.517394195523921
tol_10km_int_5min,ayfsdu,vq_ctw,5,nearest,512.0,10.0,143.0,1.0,0.0,8.620139396204682,8.620139396204682
tol_10km_int_5min,ayfsdu,vq_ctw,5,nearest,1024.0,10.0,143.0,1.0,0.0,8.161078621817666,8.161078621817666
tol_10km_int_5min,aygpha,direct_ctw,5,nearest,,10.0,116.0,0.9230857936960364,0.5914575098266147,4.581581600237195,4.68335603438361
tol_10km_int_5min,aygpha,markov_order_1,5,nearest,,10.0,116.0,0.87058579502717,0.7983941626958234,4.581581600237195,4.68335603438361
tol_10km_int_5min,aygpha,markov_order_2,5,nearest,,10.0,116.0,0.8637518209458513,0.8281582200762778,4.581581600237195,4.68335603438361
tol_10km_int_5min,aygpha,vq_ctw,5,nearest,256.0,10.0,116.0,1.0,0.0,8.194399891697518,8.194399891697518
tol_10km_int_5min,aygpha,vq_ctw,5,nearest,512.0,10.0,116.0,1.0,0.0,9.26046798457762,9.26046798457762
tol_10km_int_5min,aygpha,vq_ctw,5,nearest,1024.0,10.0,116.0,1.0,0.0,8.708866573482503,8.708866573482503
tol_10km_int_5min,aypudb,direct_ctw,5,nearest,,10.0,158.0,0.9330852990357426,0.4417532734359567,4.3637798466001705,4.450143365110179
tol_10km_int_5min,aypudb,markov_order_1,5,nearest,,10.0,158.0,0.8950229861465285,0.6133917565002868,4.3637798466001705,4.450143365110179
tol_10km_int_5min,aypudb,markov_order_2,5,nearest,,10.0,158.0,0.8864618152765968,0.6437983167444264,4.3637798466001705,4.450143365110179
tol_10km_int_5min,aypudb,vq_ctw,5,nearest,256.0,10.0,158.0,1.0,0.0,7.567589040435183,7.567589040435183
tol_10km_int_5min,aypudb,vq_ctw,5,nearest,512.0,10.0,158.0,1.0,0.0,9.066341182313868,9.066341182313868
tol_10km_int_5min,aypudb,vq_ctw,5,nearest,1024.0,10.0,158.0,1.0,0.0,8.23613143419074,8.23613143419074
tol_10km_int_5min,ayquas,direct_ctw,5,nearest,,10.0,117.0,0.8996266614278812,0.5985736155870399,4.703653360401203,4.780649701958853
tol_10km_int_5min,ayquas,markov_order_1,5,nearest,,10.0,117.0,0.8315501687552351,0.8330663877358206,4.703653360401203,4.780649701958853
tol_10km_int_5min,ayquas,markov_order_2,5,nearest,,10.0,117.0,0.821167754695602,0.8729669577989765,4.703653360401203,4.780649701958853
tol_10km_int_5min,ayquas,vq_ctw,5,nearest,256.0,10.0,117.0,1.0,0.0,9.078987505771291,9.078987505771291
tol_10km_int_5min,ayquas,vq_ctw,5,nearest,512.0,10.0,117.0,1.0,0.0,9.413307781725896,9.413307781725896
tol_10km_int_5min,ayquas,vq_ctw,5,nearest,1024.0,10.0,117.0,1.0,0.0,9.547466970569998,9.547466970569998
tol_10km_int_5min,ayquex,direct_ctw,5,nearest,,10.0,19.0,0.9999999999980904,0.641121057285561,4.675085473252286,4.743128261780557
tol_10km_int_5min,ayquex,markov_order_1,5,nearest,,10.0,19.0,0.9999999999980904,0.7735565487153315,4.675085473252286,4.743128261780557
tol_10km_int_5min,ayquex,markov_order_2,5,nearest,,10.0,19.0,0.9999999999980904,0.572153125539719,4.675085473252286,4.743128261780557
tol_10km_int_5min,ayquex,vq_ctw,5,nearest,256.0,10.0,19.0,1.0,0.0,7.540098524310003,7.540098524310003
tol_10km_int_5min,ayquex,vq_ctw,5,nearest,512.0,10.0,19.0,1.0,0.0,9.134385351226715,9.134385351226715
tol_10km_int_5min,ayquex,vq_ctw,5,nearest,1024.0,10.0,19.0,1.0,0.0,8.36465650900966,8.36465650900966
tol_10km_int_5min,ayshek,direct_ctw,5,nearest,,10.0,97.0,0.9792794804705302,0.3723029714101953,4.239963833770797,4.334936141218155
tol_10km_int_5min,ayshek,markov_order_1,5,nearest,,10.0,97.0,0.973213631226046,0.4205820717287092,4.239963833770797,4.334936141218155
tol_10km_int_5min,ayshek,markov_order_2,5,nearest,,10.0,97.0,0.970575252347896,0.4388152466881994,4.239963833770797,4.334936141218155
tol_10km_int_5min,ayshek,vq_ctw,5,nearest,256.0,10.0,97.0,1.0,0.0,7.898778069414641,7.898778069414641
tol_10km_int_5min,ayshek,vq_ctw,5,nearest,512.0,10.0,97.0,1.0,0.0,8.90782348676925,8.90782348676925
tol_10km_int_5min,ayshek,vq_ctw,5,nearest,1024.0,10.0,97.0,1.0,0.0,8.542474432157046,8.542474432157046
tol_10km_int_5min,aysmsl,direct_ctw,5,nearest,,10.0,145.0,0.9306938945162776,0.5998450574143055,4.727259315549705,4.826396424277274
tol_10km_int_5min,aysmsl,markov_order_1,5,nearest,,10.0,145.0,0.8724695257526115,0.830990005746231,4.727259315549705,4.826396424277274
tol_10km_int_5min,aysmsl,markov_order_2,5,nearest,,10.0,145.0,0.8708447964035776,0.7984965407593494,4.727259315549705,4.826396424277274
tol_10km_int_5min,aysmsl,vq_ctw,5,nearest,256.0,10.0,145.0,1.0,0.0,8.017822185203027,8.017822185203027
tol_10km_int_5min,aysmsl,vq_ctw,5,nearest,512.0,10.0,145.0,1.0,0.0,9.060544942436136,9.060544942436136
tol_10km_int_5min,aysmsl,vq_ctw,5,nearest,1024.0,10.0,145.0,1.0,0.0,8.551051055040926,8.551051055040926
tol_10km_int_5min,eacder,direct_ctw,5,nearest,,10.0,75.0,0.9770977948164606,0.2865386604453455,4.231021014362439,4.329508728196755
tol_10km_int_5min,eacder,markov_order_1,5,nearest,,10.0,75.0,0.966372036785782,0.3798071631105779,4.231021014362439,4.329508728196755
tol_10km_int_5min,eacder,markov_order_2,5,nearest,,10.0,75.0,0.9615191505594528,0.3673515222924222,4.231021014362439,4.329508728196755
tol_10km_int_5min,eacder,vq_ctw,5,nearest,256.0,10.0,75.0,1.0,0.0,8.13047719135473,8.13047719135473
tol_10km_int_5min,eacder,vq_ctw,5,nearest,512.0,10.0,75.0,1.0,0.0,9.46176561873806,9.46176561873806
tol_10km_int_5min,eacder,vq_ctw,5,nearest,1024.0,10.0,75.0,1.0,0.0,8.678222009941104,8.678222009941104
tol_10km_int_5min,eadect,direct_ctw,5,nearest,,10.0,52.0,0.9515557369155108,0.538176413917915,4.548707241829185,4.67635726858477
tol_10km_int_5min,eadect,markov_order_1,5,nearest,,10.0,52.0,0.925758320803168,0.7088117262731383,4.548707241829185,4.67635726858477
tol_10km_int_5min,eadect,markov_order_2,5,nearest,,10.0,52.0,0.925758320803168,0.7225301448871844,4.548707241829185,4.67635726858477
tol_10km_int_5min,eadect,vq_ctw,5,nearest,256.0,10.0,52.0,1.0,0.0,8.252044453086489,8.252044453086489
tol_10km_int_5min,eadect,vq_ctw,5,nearest,512.0,10.0,52.0,1.0,0.0,8.64883144090338,8.64883144090338
tol_10km_int_5min,eadect,vq_ctw,5,nearest,1024.0,10.0,52.0,1.0,0.0,8.662970853053661,8.662970853053661
tol_10km_int_5min,eagbac,direct_ctw,5,nearest,,10.0,55.0,0.9865654955329516,0.0931668617313833,3.9412457920300032,4.021392291071551
tol_10km_int_5min,eagbac,markov_order_1,5,nearest,,10.0,55.0,0.9816519894814358,0.1187728607402725,3.9412457920300032,4.021392291071551
tol_10km_int_5min,eagbac,markov_order_2,5,nearest,,10.0,55.0,0.9828245330461602,0.1128678533373999,3.9412457920300032,4.021392291071551
tol_10km_int_5min,eagbac,vq_ctw,5,nearest,256.0,10.0,55.0,1.0,0.0,8.716005687237079,8.716005687237079
tol_10km_int_5min,eagbac,vq_ctw,5,nearest,512.0,10.0,55.0,1.0,0.0,9.151472470028413,9.151472470028413
tol_10km_int_5min,eagbac,vq_ctw,5,nearest,1024.0,10.0,55.0,1.0,0.0,9.24833364510199,9.24833364510199
tol_10km_int_5min,eapceo,direct_ctw,5,nearest,,10.0,174.0,0.9602216292761192,0.4888384293878975,4.275678498819694,4.413252568450731
tol_10km_int_5min,eapceo,markov_order_1,5,nearest,,10.0,174.0,0.9296526112265908,0.6363649814374135,4.275678498819694,4.413252568450731
tol_10km_int_5min,eapceo,markov_order_2,5,nearest,,10.0,174.0,0.9218662991091642,0.6544247056745565,4.275678498819694,4.413252568450731
tol_10km_int_5min,eapceo,vq_ctw,5,nearest,256.0,10.0,174.0,1.0,0.0,7.626813929169738,7.626813929169738
tol_10km_int_5min,eapceo,vq_ctw,5,nearest,512.0,10.0,174.0,1.0,0.0,8.767168540890276,8.767168540890276
tol_10km_int_5min,eapceo,vq_ctw,5,nearest,1024.0,10.0,174.0,1.0,0.0,8.09135243180774,8.09135243180774
tol_10km_int_5min,easnsv,direct_ctw,5,nearest,,10.0,55.0,0.9628622272459492,0.6749185689578286,4.470722748443001,4.627070903152965
tol_10km_int_5min,easnsv,markov_order_1,5,nearest,,10.0,55.0,0.9279508516008098,0.8816090871269404,4.470722748443001,4.627070903152965
tol_10km_int_5min,easnsv,markov_order_2,5,nearest,,10.0,55.0,0.9321146918445636,0.7812245085506625,4.470722748443001,4.627070903152965
tol_10km_int_5min,easnsv,vq_ctw,5,nearest,256.0,10.0,55.0,1.0,0.0,8.253820136872191,8.253820136872191
tol_10km_int_5min,easnsv,vq_ctw,5,nearest,512.0,10.0,55.0,1.0,0.0,9.941480395461278,9.941480395461278
tol_10km_int_5min,easnsv,vq_ctw,5,nearest,1024.0,10.0,55.0,1.0,0.0,9.472634011971488,9.472634011971488
tol_10km_int_5min,eavcai,direct_ctw,5,nearest,,10.0,51.0,0.9561929758760096,0.5811023685032009,4.437694791806685,4.5220340906713865
tol_10km_int_5min,eavcai,markov_order_1,5,nearest,,10.0,51.0,0.9318049956673808,0.7415811239720804,4.437694791806685,4.5220340906713865
tol_10km_int_5min,eavcai,markov_order_2,5,nearest,,10.0,51.0,0.9198498134623956,0.7659715712556978,4.437694791806685,4.5220340906713865
tol_10km_int_5min,eavcai,vq_ctw,5,nearest,256.0,10.0,51.0,1.0,0.0,8.271435170621135,8.271435170621135
tol_10km_int_5min,eavcai,vq_ctw,5,nearest,512.0,10.0,51.0,1.0,0.0,9.25955971435602,9.25955971435602
tol_10km_int_5min,eavcai,vq_ctw,5,nearest,1024.0,10.0,51.0,1.0,0.0,8.928332729717948,8.928332729717948
tol_10km_int_5min,eavfli,direct_ctw,5,nearest,,10.0,69.0,0.9711530326808712,0.4592143689678796,4.339143012251067,4.427678075308315
tol_10km_int_5min,eavfli,markov_order_1,5,nearest,,10.0,69.0,0.947519440661224,0.6063540955618302,4.339143012251067,4.427678075308315
tol_10km_int_5min,eavfli,markov_order_2,5,nearest,,10.0,69.0,0.94734094024517,0.6256394370577556,4.339143012251067,4.427678075308315
tol_10km_int_5min,eavfli,vq_ctw,5,nearest,256.0,10.0,69.0,1.0,0.0,7.909029343770202,7.909029343770202
tol_10km_int_5min,eavfli,vq_ctw,5,nearest,512.0,10.0,69.0,1.0,0.0,9.492870001089344,9.492870001089344
tol_10km_int_5min,eavfli,vq_ctw,5,nearest,1024.0,10.0,69.0,1.0,0.0,8.49135731543451,8.49135731543451
tol_10km_int_5min,ebcicy,direct_ctw,5,nearest,,10.0,95.0,0.8800117275196605,0.6595490217767054,4.782551933434351,4.90350917096433
tol_10km_int_5min,ebcicy,markov_order_1,5,nearest,,10.0,95.0,0.8507055561882871,0.8293192679756634,4.782551933434351,4.90350917096433
tol_10km_int_5min,ebcicy,markov_order_2,5,nearest,,10.0,95.0,0.8461900177648269,0.8229618301018399,4.782551933434351,4.90350917096433
tol_10km_int_5min,ebcicy,vq_ctw,5,nearest,256.0,10.0,95.0,1.0,0.0,8.26697932780445,8.26697932780445
tol_10km_int_5min,ebcicy,vq_ctw,5,nearest,512.0,10.0,95.0,1.0,0.0,9.3482794152262,9.3482794152262
tol_10km_int_5min,ebcicy,vq_ctw,5,nearest,1024.0,10.0,95.0,1.0,0.0,8.573707537902566,8.573707537902566
tol_10km_int_5min,ebdafy,direct_ctw,5,nearest,,10.0,110.0,0.9363708887471432,0.5267963688716593,4.2152936744167855,4.330850232256529
tol_10km_int_5min,ebdafy,markov_order_1,5,nearest,,10.0,110.0,0.9059013710826122,0.6527643100450242,4.2152936744167855,4.330850232256529
tol_10km_int_5min,ebdafy,markov_order_2,5,nearest,,10.0,110.0,0.9028851062866996,0.6777997884815451,4.2152936744167855,4.330850232256529
tol_10km_int_5min,ebdafy,vq_ctw,5,nearest,256.0,10.0,110.0,1.0,0.0,8.117525007671764,8.117525007671764
tol_10km_int_5min,ebdafy,vq_ctw,5,nearest,512.0,10.0,110.0,1.0,0.0,8.47058676179513,8.47058676179513
tol_10km_int_5min,ebdafy,vq_ctw,5,nearest,1024.0,10.0,110.0,1.0,0.0,8.62604372780327,8.62604372780327
tol_10km_int_5min,ebenfr,direct_ctw,5,nearest,,10.0,72.0,0.9999999999987004,0.2877251937806493,4.025156621474542,4.080296743498462
tol_10km_int_5min,ebenfr,markov_order_1,5,nearest,,10.0,72.0,0.9999999999987004,0.320091801170885,4.025156621474542,4.080296743498462
tol_10km_int_5min,ebenfr,markov_order_2,5,nearest,,10.0,72.0,0.9999999999987004,0.304208871084667,4.025156621474542,4.080296743498462
tol_10km_int_5min,ebenfr,vq_ctw,5,nearest,256.0,10.0,72.0,1.0,0.0,8.106602987417967,8.106602987417967
tol_10km_int_5min,ebenfr,vq_ctw,5,nearest,512.0,10.0,72.0,1.0,0.0,8.653197458912151,8.653197458912151
tol_10km_int_5min,ebenfr,vq_ctw,5,nearest,1024.0,10.0,72.0,1.0,0.0,8.405254124801722,8.405254124801722
tol_10km_int_5min,ebstic,direct_ctw,5,nearest,,10.0,119.0,0.905519617770275,0.6417860281755768,4.750881294292615,4.846935225960392
tol_10km_int_5min,ebstic,markov_order_1,5,nearest,,10.0,119.0,0.8392587664553336,0.9282172547606586,4.750881294292615,4.846935225960392
tol_10km_int_5min,ebstic,markov_order_2,5,nearest,,10.0,119.0,0.8405847663467322,0.9165062773537916,4.750881294292615,4.846935225960392
tol_10km_int_5min,ebstic,vq_ctw,5,nearest,256.0,10.0,119.0,1.0,0.0,8.13758380234757,8.13758380234757
tol_10km_int_5min,ebstic,vq_ctw,5,nearest,512.0,10.0,119.0,1.0,0.0,9.428384247941931,9.428384247941931
tol_10km_int_5min,ebstic,vq_ctw,5,nearest,1024.0,10.0,119.0,1.0,0.0,8.72305080098204,8.72305080098204
tol_10km_int_5min,eccest,direct_ctw,5,nearest,,10.0,122.0,0.9250467163928688,0.5783032632939529,4.563116940155756,4.665392049176355
tol_10km_int_5min,eccest,markov_order_1,5,nearest,,10.0,122.0,0.8654167992274583,0.8279041775487275,4.563116940155756,4.665392049176355
tol_10km_int_5min,eccest,markov_order_2,5,nearest,,10.0,122.0,0.8584676613633779,0.82106339911971,4.563116940155756,4.665392049176355
tol_10km_int_5min,eccest,vq_ctw,5,nearest,256.0,10.0,122.0,1.0,0.0,8.022320518003363,8.022320518003363
tol_10km_int_5min,eccest,vq_ctw,5,nearest,512.0,10.0,122.0,1.0,0.0,9.330419227589015,9.330419227589015
tol_10km_int_5min,eccest,vq_ctw,5,nearest,1024.0,10.0,122.0,1.0,0.0,8.601680867676315,8.601680867676315
tol_10km_int_5min,ecdiwo,direct_ctw,5,nearest,,10.0,114.0,0.9827701963662192,0.3322660923221963,4.12494948007452,4.199520416521741
tol_10km_int_5min,ecdiwo,markov_order_1,5,nearest,,10.0,114.0,0.9661353744009424,0.4182272335417966,4.12494948007452,4.199520416521741
tol_10km_int_5min,ecdiwo,markov_order_2,5,nearest,,10.0,114.0,0.9661353744009424,0.4248704721581464,4.12494948007452,4.199520416521741
tol_10km_int_5min,ecdiwo,vq_ctw,5,nearest,256.0,10.0,114.0,1.0,0.0,8.102583285916104,8.102583285916104
tol_10km_int_5min,ecdiwo,vq_ctw,5,nearest,512.0,10.0,114.0,1.0,0.0,9.206752519639554,9.206752519639554
tol_10km_int_5min,ecdiwo,vq_ctw,5,nearest,1024.0,10.0,114.0,1.0,0.0,8.555340245673747,8.555340245673747
tol_10km_int_5min,ecfesy,direct_ctw,5,nearest,,10.0,197.0,0.9572169219557628,0.481980953738073,4.431387613683289,4.5137487588991805
tol_10km_int_5min,ecfesy,markov_order_1,5,nearest,,10.0,197.0,0.908153507350846,0.6985411415808013,4.431387613683289,4.5137487588991805
tol_10km_int_5min,ecfesy,markov_order_2,5,nearest,,10.0,197.0,0.9030174196423764,0.6954641294066572,4.431387613683289,4.5137487588991805
tol_10km_int_5min,ecfesy,vq_ctw,5,nearest,256.0,10.0,197.0,1.0,0.0,8.255396836185483,8.255396836185483
tol_10km_int_5min,ecfesy,vq_ctw,5,nearest,512.0,10.0,197.0,1.0,0.0,9.36198903180237,9.36198903180237
tol_10km_int_5min,ecfesy,vq_ctw,5,nearest,1024.0,10.0,197.0,1.0,0.0,8.806415151215864,8.806415151215864
tol_10km_int_5min,ecforj,direct_ctw,5,nearest,,10.0,17.0,0.9999999999980904,0.3677615557364678,4.300499593661939,4.44290957392864
tol_10km_int_5min,ecforj,markov_order_1,5,nearest,,10.0,17.0,0.9999999999980904,0.4690241258281969,4.300499593661939,4.44290957392864
tol_10km_int_5min,ecforj,markov_order_2,5,nearest,,10.0,17.0,0.9999999999980904,0.4672372705947998,4.300499593661939,4.44290957392864
tol_10km_int_5min,ecforj,vq_ctw,5,nearest,256.0,10.0,17.0,1.0,0.0,8.23085856046406,8.23085856046406
tol_10km_int_5min,ecforj,vq_ctw,5,nearest,512.0,10.0,17.0,1.0,0.0,8.451541590157849,8.451541590157849
tol_10km_int_5min,ecforj,vq_ctw,5,nearest,1024.0,10.0,17.0,1.0,0.0,8.359782128803259,8.359782128803259
tol_10km_int_5min,ecgojt,direct_ctw,5,nearest,,10.0,71.0,0.9392008313118584,0.6011134664743771,4.415390953098227,4.539418116075427
tol_10km_int_5min,ecgojt,markov_order_1,5,nearest,,10.0,71.0,0.9211510036276854,0.7725650363656374,4.415390953098227,4.539418116075427
tol_10km_int_5min,ecgojt,markov_order_2,5,nearest,,10.0,71.0,0.9218522334395988,0.7549294366229461,4.415390953098227,4.539418116075427
tol_10km_int_5min,ecgojt,vq_ctw,5,nearest,256.0,10.0,71.0,1.0,0.0,7.97337219921629,7.97337219921629
tol_10km_int_5min,ecgojt,vq_ctw,5,nearest,512.0,10.0,71.0,1.0,0.0,8.83743206573491,8.83743206573491
tol_10km_int_5min,ecgojt,vq_ctw,5,nearest,1024.0,10.0,71.0,1.0,0.0,9.087717392504144,9.087717392504144
tol_10km_int_5min,ecjeod,direct_ctw,5,nearest,,10.0,69.0,0.9444660563755196,0.418492204267081,4.013473381623743,4.117297611921075
tol_10km_int_5min,ecjeod,markov_order_1,5,nearest,,10.0,69.0,0.9288665092932896,0.4944709834278511,4.013473381623743,4.117297611921075
tol_10km_int_5min,ecjeod,markov_order_2,5,nearest,,10.0,69.0,0.9278823440696792,0.5118159139555223,4.013473381623743,4.117297611921075
tol_10km_int_5min,ecjeod,vq_ctw,5,nearest,256.0,10.0,69.0,1.0,0.0,8.031330830999762,8.031330830999762
tol_10km_int_5min,ecjeod,vq_ctw,5,nearest,512.0,10.0,69.0,1.0,0.0,8.863064274158885,8.863064274158885
tol_10km_int_5min,ecjeod,vq_ctw,5,nearest,1024.0,10.0,69.0,1.0,0.0,8.44332912606961,8.44332912606961
tol_10km_int_5min,eckeck,direct_ctw,5,nearest,,10.0,96.0,0.936053918512688,0.5656961523151806,4.669985490639632,4.788951680272714
tol_10km_int_5min,eckeck,markov_order_1,5,nearest,,10.0,96.0,0.8590046304296495,0.8616485816847402,4.669985490639632,4.788951680272714
tol_10km_int_5min,eckeck,markov_order_2,5,nearest,,10.0,96.0,0.8693466594499742,0.82402467034681,4.669985490639632,4.788951680272714
tol_10km_int_5min,eckeck,vq_ctw,5,nearest,256.0,10.0,96.0,1.0,0.0,8.324044230360863,8.324044230360863
tol_10km_int_5min,eckeck,vq_ctw,5,nearest,512.0,10.0,96.0,1.0,0.0,9.366344829362433,9.366344829362433
tol_10km_int_5min,eckeck,vq_ctw,5,nearest,1024.0,10.0,96.0,1.0,0.0,8.728393914538795,8.728393914538795
tol_10km_int_5min,ecnopl,direct_ctw,5,nearest,,10.0,160.0,0.9110954197713088,0.5893538253657107,4.724511316523558,4.82586356322637
tol_10km_int_5min,ecnopl,markov_order_1,5,nearest,,10.0,160.0,0.831037133188134,0.8868492730101348,4.724511316523558,4.82586356322637
tol_10km_int_5min,ecnopl,markov_order_2,5,nearest,,10.0,160.0,0.8357759992515416,0.8835498826384093,4.724511316523558,4.82586356322637
tol_10km_int_5min,ecnopl,vq_ctw,5,nearest,256.0,10.0,160.0,1.0,0.0,8.845368910346334,8.845368910346334
tol_10km_int_5min,ecnopl,vq_ctw,5,nearest,512.0,10.0,160.0,1.0,0.0,9.39067770244844,9.39067770244844
tol_10km_int_5min,ecnopl,vq_ctw,5,nearest,1024.0,10.0,160.0,1.0,0.0,9.228678099641613,9.228678099641613
tol_10km_int_5min,eddreb,direct_ctw,5,nearest,,10.0,102.0,0.916782992302342,0.4978229185615971,4.401073635364266,4.464849742914535
tol_10km_int_5min,eddreb,markov_order_1,5,nearest,,10.0,102.0,0.8673248180072652,0.7273025144214902,4.401073635364266,4.464849742914535
tol_10km_int_5min,eddreb,markov_order_2,5,nearest,,10.0,102.0,0.8580846358358722,0.7654232015829311,4.401073635364266,4.464849742914535
tol_10km_int_5min,eddreb,vq_ctw,5,nearest,256.0,10.0,102.0,1.0,0.0,7.781939310819493,7.781939310819493
tol_10km_int_5min,eddreb,vq_ctw,5,nearest,512.0,10.0,102.0,1.0,0.0,9.176194432093588,9.176194432093588
tol_10km_int_5min,eddreb,vq_ctw,5,nearest,1024.0,10.0,102.0,1.0,0.0,8.460158429363377,8.460158429363377
tol_10km_int_5min,edeejd,direct_ctw,5,nearest,,10.0,144.0,0.8941968975462429,0.6292852399765378,4.569768828399967,4.638020456379812
tol_10km_int_5min,edeejd,markov_order_1,5,nearest,,10.0,144.0,0.8281948707834063,0.9345070966231056,4.569768828399967,4.638020456379812
tol_10km_int_5min,edeejd,markov_order_2,5,nearest,,10.0,144.0,0.8256987097024369,0.9283147901569002,4.569768828399967,4.638020456379812
tol_10km_int_5min,edeejd,vq_ctw,5,nearest,256.0,10.0,144.0,1.0,0.0,8.337007467672887,8.337007467672887
tol_10km_int_5min,edeejd,vq_ctw,5,nearest,512.0,10.0,144.0,1.0,0.0,9.46350508782336,9.46350508782336
tol_10km_int_5min,edeejd,vq_ctw,5,nearest,1024.0,10.0,144.0,1.0,0.0,9.111789689431069,9.111789689431069
tol_10km_int_5min,edglev,direct_ctw,5,nearest,,10.0,125.0,0.8924692086456758,0.5886846112087957,4.594091894104851,4.682117992041095
tol_10km_int_5min,edglev,markov_order_1,5,nearest,,10.0,125.0,0.8397831219676023,0.7722329219713131,4.594091894104851,4.682117992041095
tol_10km_int_5min,edglev,markov_order_2,5,nearest,,10.0,125.0,0.8350867124292235,0.7974482192055912,4.594091894104851,4.682117992041095
tol_10km_int_5min,edglev,vq_ctw,5,nearest,256.0,10.0,125.0,1.0,0.0,7.7738713139222675,7.7738713139222675
tol_10km_int_5min,edglev,vq_ctw,5,nearest,512.0,10.0,125.0,1.0,0.0,8.932594230983163,8.932594230983163
tol_10km_int_5min,edglev,vq_ctw,5,nearest,1024.0,10.0,125.0,1.0,0.0,8.2967739251103,8.2967739251103
tol_10km_int_5min,edgrat,direct_ctw,5,nearest,,10.0,199.0,0.9571075694304536,0.4775551613981236,4.132651434760875,4.239364561439976
tol_10km_int_5min,edgrat,markov_order_1,5,nearest,,10.0,199.0,0.9304716875948136,0.6291660001506773,4.132651434760875,4.239364561439976
tol_10km_int_5min,edgrat,markov_order_2,5,nearest,,10.0,199.0,0.9307440006340952,0.6170072869855868,4.132651434760875,4.239364561439976
tol_10km_int_5min,edgrat,vq_ctw,5,nearest,256.0,10.0,199.0,1.0,0.0,7.840160020027574,7.840160020027574
tol_10km_int_5min,edgrat,vq_ctw,5,nearest,512.0,10.0,199.0,1.0,0.0,8.746229480573238,8.746229480573238
tol_10km_int_5min,edgrat,vq_ctw,5,nearest,1024.0,10.0,199.0,1.0,0.0,8.276320606158436,8.276320606158436
tol_10km_int_5min,edjiye,direct_ctw,5,nearest,,10.0,124.0,0.9522053405068536,0.5422805003192536,4.407958707680954,4.527724969017802
tol_10km_int_5min,edjiye,markov_order_1,5,nearest,,10.0,124.0,0.9169130389985046,0.7091834758431338,4.407958707680954,4.527724969017802
tol_10km_int_5min,edjiye,markov_order_2,5,nearest,,10.0,124.0,0.908823848066992,0.695490554310597,4.407958707680954,4.527724969017802
tol_10km_int_5min,edjiye,vq_ctw,5,nearest,256.0,10.0,124.0,1.0,0.0,8.69349376879591,8.69349376879591
tol_10km_int_5min,edjiye,vq_ctw,5,nearest,512.0,10.0,124.0,1.0,0.0,9.627179033274922,9.627179033274922
tol_10km_int_5min,edjiye,vq_ctw,5,nearest,1024.0,10.0,124.0,1.0,0.0,9.030055297637462,9.030055297637462
tol_10km_int_5min,edlyxy,direct_ctw,5,nearest,,10.0,108.0,0.9336137255937688,0.5849065557048833,4.854332084984039,4.947297417564523
tol_10km_int_5min,edlyxy,markov_order_1,5,nearest,,10.0,108.0,0.8812423771416928,0.8399590736374782,4.854332084984039,4.947297417564523
tol_10km_int_5min,edlyxy,markov_order_2,5,nearest,,10.0,108.0,0.8820296302085714,0.8525832977437517,4.854332084984039,4.947297417564523
tol_10km_int_5min,edlyxy,vq_ctw,5,nearest,256.0,10.0,108.0,1.0,0.0,8.2923539515327,8.2923539515327
tol_10km_int_5min,edlyxy,vq_ctw,5,nearest,512.0,10.0,108.0,1.0,0.0,9.277708796188442,9.277708796188442
tol_10km_int_5min,edlyxy,vq_ctw,5,nearest,1024.0,10.0,108.0,1.0,0.0,9.0338420632239,9.0338420632239
tol_10km_int_5min,edmugr,direct_ctw,5,nearest,,10.0,36.0,0.8531880060449526,0.7437741318787581,5.095578573754703,5.218585453023308
tol_10km_int_5min,edmugr,markov_order_1,5,nearest,,10.0,36.0,0.7729078048136215,1.096983064494185,5.095578573754703,5.218585453023308
tol_10km_int_5min,edmugr,markov_order_2,5,nearest,,10.0,36.0,0.7729078048136215,1.130806370268714,5.095578573754703,5.218585453023308
tol_10km_int_5min,edmugr,vq_ctw,5,nearest,256.0,10.0,36.0,1.0,0.0,9.466356975147264,9.466356975147264
tol_10km_int_5min,edmugr,vq_ctw,5,nearest,512.0,10.0,36.0,1.0,0.0,9.551174335506602,9.551174335506602
tol_10km_int_5min,edmugr,vq_ctw,5,nearest,1024.0,10.0,36.0,1.0,0.0,9.963621056858251,9.963621056858251
tol_10km_int_5min,ednill,direct_ctw,5,nearest,,10.0,152.0,0.8749915675479845,0.7329154207265226,4.626655711532543,4.713092763914718
tol_10km_int_5min,ednill,markov_order_1,5,nearest,,10.0,152.0,0.8112416394219207,0.991363970340087,4.626655711532543,4.713092763914718
tol_10km_int_5min,ednill,markov_order_2,5,nearest,,10.0,152.0,0.8038883575879902,1.0074576059133675,4.626655711532543,4.713092763914718
tol_10km_int_5min,ednill,vq_ctw,5,nearest,256.0,10.0,152.0,1.0,0.0,8.845662957548326,8.845662957548326
tol_10km_int_5min,ednill,vq_ctw,5,nearest,512.0,10.0,152.0,1.0,0.0,9.652281138797704,9.652281138797704
tol_10km_int_5min,ednill,vq_ctw,5,nearest,1024.0,10.0,152.0,1.0,0.0,9.378979713547244,9.378979713547244
tol_10km_int_5min,edodbl,direct_ctw,5,nearest,,10.0,91.0,0.9053005711135572,0.6148872925579499,4.378303173574371,4.48142356223902
tol_10km_int_5min,edodbl,markov_order_1,5,nearest,,10.0,91.0,0.8545775012442675,0.7986669748665346,4.378303173574371,4.48142356223902
tol_10km_int_5min,edodbl,markov_order_2,5,nearest,,10.0,91.0,0.8418195086664106,0.8316784164056016,4.378303173574371,4.48142356223902
tol_10km_int_5min,edodbl,vq_ctw,5,nearest,256.0,10.0,91.0,1.0,0.0,7.623293574571408,7.623293574571408
tol_10km_int_5min,edodbl,vq_ctw,5,nearest,512.0,10.0,91.0,1.0,0.0,8.630511940164943,8.630511940164943
tol_10km_int_5min,edodbl,vq_ctw,5,nearest,1024.0,10.0,91.0,1.0,0.0,8.379914450111315,8.379914450111315
tol_10km_int_5min,edrafs,direct_ctw,5,nearest,,10.0,24.0,0.9999999999980904,0.4453906559878117,4.4193419007327845,4.572774724697388
tol_10km_int_5min,edrafs,markov_order_1,5,nearest,,10.0,24.0,0.9999999999980904,0.4344059039483436,4.4193419007327845,4.572774724697388
tol_10km_int_5min,edrafs,markov_order_2,5,nearest,,10.0,24.0,0.9999999999980904,0.3663852166532752,4.4193419007327845,4.572774724697388
tol_10km_int_5min,edrafs,vq_ctw,5,nearest,256.0,10.0,24.0,1.0,0.0,7.478030133472586,7.478030133472586
tol_10km_int_5min,edrafs,vq_ctw,5,nearest,512.0,10.0,24.0,1.0,0.0,9.141052757752773,9.141052757752773
tol_10km_int_5min,edrafs,vq_ctw,5,nearest,1024.0,10.0,24.0,1.0,0.0,8.071216691391362,8.071216691391362
tol_10km_int_5min,eedigk,direct_ctw,5,nearest,,10.0,100.0,0.9875855278510758,0.2912212702615543,4.130054733364284,4.208370109383907
tol_10km_int_5min,eedigk,markov_order_1,5,nearest,,10.0,100.0,0.9766120941479136,0.3394053051428405,4.130054733364284,4.208370109383907
tol_10km_int_5min,eedigk,markov_order_2,5,nearest,,10.0,100.0,0.9724366018224736,0.3465409395722757,4.130054733364284,4.208370109383907
tol_10km_int_5min,eedigk,vq_ctw,5,nearest,256.0,10.0,100.0,1.0,0.0,8.368242765883785,8.368242765883785
tol_10km_int_5min,eedigk,vq_ctw,5,nearest,512.0,10.0,100.0,1.0,0.0,8.939303012575493,8.939303012575493
tol_10km_int_5min,eedigk,vq_ctw,5,nearest,1024.0,10.0,100.0,1.0,0.0,8.573475012820246,8.573475012820246
tol_10km_int_5min,eefayb,direct_ctw,5,nearest,,10.0,18.0,0.9430812203782132,0.3720089816710241,4.145103588168314,4.265763367258053
tol_10km_int_5min,eefayb,markov_order_1,5,nearest,,10.0,18.0,0.889939201412874,0.6101601165018014,4.145103588168314,4.265763367258053
tol_10km_int_5min,eefayb,markov_order_2,5,nearest,,10.0,18.0,0.8790575700688046,0.6530062274605939,4.145103588168314,4.265763367258053
tol_10km_int_5min,eefayb,vq_ctw,5,nearest,256.0,10.0,18.0,1.0,0.0,7.935664362674962,7.935664362674962
tol_10km_int_5min,eefayb,vq_ctw,5,nearest,512.0,10.0,18.0,1.0,0.0,9.006269562678167,9.006269562678167
tol_10km_int_5min,eefayb,vq_ctw,5,nearest,1024.0,10.0,18.0,1.0,0.0,9.031717374119244,9.031717374119244
tol_10km_int_5min,eegcef,direct_ctw,5,nearest,,10.0,40.0,0.9999999999980904,0.2606128466080923,4.350983129639812,4.494687112928345
tol_10km_int_5min,eegcef,markov_order_1,5,nearest,,10.0,40.0,0.9999999999980904,0.2098555038308888,4.350983129639812,4.494687112928345
tol_10km_int_5min,eegcef,markov_order_2,5,nearest,,10.0,40.0,0.9999999999980904,0.1986886138739513,4.350983129639812,4.494687112928345
tol_10km_int_5min,eegcef,vq_ctw,5,nearest,256.0,10.0,40.0,1.0,0.0,7.885851853399953,7.885851853399953
tol_10km_int_5min,eegcef,vq_ctw,5,nearest,512.0,10.0,40.0,1.0,0.0,9.166135386804568,9.166135386804568
tol_10km_int_5min,eegcef,vq_ctw,5,nearest,1024.0,10.0,40.0,1.0,0.0,8.396391442687015,8.396391442687015
tol_10km_int_5min,eemafb,direct_ctw,5,nearest,,10.0,33.0,0.9999999999980904,0.3755555946185118,4.0379138581377925,4.10018115912635
tol_10km_int_5min,eemafb,markov_order_1,5,nearest,,10.0,33.0,0.9999999999980904,0.4803029698781259,4.0379138581377925,4.10018115912635
tol_10km_int_5min,eemafb,markov_order_2,5,nearest,,10.0,33.0,0.9999999999980904,0.4784610429589666,4.0379138581377925,4.10018115912635
tol_10km_int_5min,eemafb,vq_ctw,5,nearest,256.0,10.0,33.0,1.0,0.0,7.720128813316852,7.720128813316852
tol_10km_int_5min,eemafb,vq_ctw,5,nearest,512.0,10.0,33.0,1.0,0.0,8.67965410853707,8.67965410853707
tol_10km_int_5min,eemafb,vq_ctw,5,nearest,1024.0,10.0,33.0,1.0,0.0,8.352930234256819,8.352930234256819
tol_10km_int_5min,eersdo,direct_ctw,5,nearest,,10.0,178.0,0.9318082707046834,0.5911138021053448,4.430415836819885,4.535376850292259
tol_10km_int_5min,eersdo,markov_order_1,5,nearest,,10.0,178.0,0.8883326582234362,0.7831514148483129,4.430415836819885,4.535376850292259
tol_10km_int_5min,eersdo,markov_order_2,5,nearest,,10.0,178.0,0.8795429014708718,0.809463707836162,4.430415836819885,4.535376850292259
tol_10km_int_5min,eersdo,vq_ctw,5,nearest,256.0,10.0,178.0,1.0,0.0,8.394947663421197,8.394947663421197
tol_10km_int_5min,eersdo,vq_ctw,5,nearest,512.0,10.0,178.0,1.0,0.0,9.479163208436107,9.479163208436107
tol_10km_int_5min,eersdo,vq_ctw,5,nearest,1024.0,10.0,178.0,1.0,0.0,9.188862265175224,9.188862265175224
tol_10km_int_5min,eesbaj,direct_ctw,5,nearest,,10.0,145.0,0.9493185654331704,0.4835088318284418,4.394012988723239,4.501475815865501
tol_10km_int_5min,eesbaj,markov_order_1,5,nearest,,10.0,145.0,0.9351813177752012,0.5790445225764957,4.394012988723239,4.501475815865501
tol_10km_int_5min,eesbaj,markov_order_2,5,nearest,,10.0,145.0,0.9361117609512836,0.5320217798199929,4.394012988723239,4.501475815865501
tol_10km_int_5min,eesbaj,vq_ctw,5,nearest,256.0,10.0,145.0,1.0,0.0,8.014128184459945,8.014128184459945
tol_10km_int_5min,eesbaj,vq_ctw,5,nearest,512.0,10.0,145.0,1.0,0.0,8.895481875258424,8.895481875258424
tol_10km_int_5min,eesbaj,vq_ctw,5,nearest,1024.0,10.0,145.0,1.0,0.0,8.526163376686483,8.526163376686483
tol_10km_int_5min,efcati,direct_ctw,5,nearest,,10.0,116.0,0.957276992886484,0.5882129076739837,4.659078527215408,4.768721306689345
tol_10km_int_5min,efcati,markov_order_1,5,nearest,,10.0,116.0,0.9454615253218998,0.6875606736511829,4.659078527215408,4.768721306689345
tol_10km_int_5min,efcati,markov_order_2,5,nearest,,10.0,116.0,0.9443567201231248,0.6739818105571097,4.659078527215408,4.768721306689345
tol_10km_int_5min,efcati,vq_ctw,5,nearest,256.0,10.0,116.0,1.0,0.0,8.151880623036057,8.151880623036057
tol_10km_int_5min,efcati,vq_ctw,5,nearest,512.0,10.0,116.0,1.0,0.0,9.371026741446729,9.371026741446729
tol_10km_int_5min,efcati,vq_ctw,5,nearest,1024.0,10.0,116.0,1.0,0.0,8.85579647571043,8.85579647571043
tol_10km_int_5min,effneo,direct_ctw,5,nearest,,10.0,94.0,0.919711447005906,0.4228309667013935,4.2967114884312165,4.392735297437908
tol_10km_int_5min,effneo,markov_order_1,5,nearest,,10.0,94.0,0.8817647166504778,0.6099359254052197,4.2967114884312165,4.392735297437908
tol_10km_int_5min,effneo,markov_order_2,5,nearest,,10.0,94.0,0.8847071849973017,0.5903062084993753,4.2967114884312165,4.392735297437908
tol_10km_int_5min,effneo,vq_ctw,5,nearest,256.0,10.0,94.0,1.0,0.0,7.748190045285911,7.748190045285911
tol_10km_int_5min,effneo,vq_ctw,5,nearest,512.0,10.0,94.0,1.0,0.0,8.951906343948563,8.951906343948563
tol_10km_int_5min,effneo,vq_ctw,5,nearest,1024.0,10.0,94.0,1.0,0.0,8.622013689914224,8.622013689914224
tol_10km_int_5min,efghak,direct_ctw,5,nearest,,10.0,60.0,0.9099141272762898,0.6117460489902079,4.550988463878995,4.6898904724676544
tol_10km_int_5min,efghak,markov_order_1,5,nearest,,10.0,60.0,0.8346459693275066,0.9123868962460228,4.550988463878995,4.6898904724676544
tol_10km_int_5min,efghak,markov_order_2,5,nearest,,10.0,60.0,0.8263268590681483,0.966150142293978,4.550988463878995,4.6898904724676544
tol_10km_int_5min,efghak,vq_ctw,5,nearest,256.0,10.0,60.0,1.0,0.0,8.692408803823982,8.692408803823982
tol_10km_int_5min,efghak,vq_ctw,5,nearest,512.0,10.0,60.0,1.0,0.0,9.588964564363836,9.588964564363836
tol_10km_int_5min,efghak,vq_ctw,5,nearest,1024.0,10.0,60.0,1.0,0.0,9.693262122589717,9.693262122589717
tol_10km_int_5min,efgoak,direct_ctw,5,nearest,,10.0,180.0,0.9443208634071492,0.4969780486746173,4.327064836851389,4.45115649163149
tol_10km_int_5min,efgoak,markov_order_1,5,nearest,,10.0,180.0,0.9082184887654275,0.6551350551979513,4.327064836851389,4.45115649163149
tol_10km_int_5min,efgoak,markov_order_2,5,nearest,,10.0,180.0,0.9111193424997558,0.665317417970593,4.327064836851389,4.45115649163149
tol_10km_int_5min,efgoak,vq_ctw,5,nearest,256.0,10.0,180.0,1.0,0.0,7.864676885407122,7.864676885407122
tol_10km_int_5min,efgoak,vq_ctw,5,nearest,512.0,10.0,180.0,1.0,0.0,9.07797034384965,9.07797034384965
tol_10km_int_5min,efgoak,vq_ctw,5,nearest,1024.0,10.0,180.0,1.0,0.0,8.441052807230491,8.441052807230491
tol_10km_int_5min,efmymo,direct_ctw,5,nearest,,10.0,19.0,0.9083531202623836,0.5871999965604274,5.220521988361908,5.299946805422064
tol_10km_int_5min,efmymo,markov_order_1,5,nearest,,10.0,19.0,0.8134941402525424,0.9897092868774774,5.220521988361908,5.299946805422064
tol_10km_int_5min,efmymo,markov_order_2,5,nearest,,10.0,19.0,0.817346055118198,0.9753482490567552,5.220521988361908,5.299946805422064
tol_10km_int_5min,efmymo,vq_ctw,5,nearest,256.0,10.0,19.0,1.0,0.0,10.396410256522383,10.396410256522383
tol_10km_int_5min,efmymo,vq_ctw,5,nearest,512.0,10.0,19.0,1.0,0.0,10.264003468827326,10.264003468827326
tol_10km_int_5min,efmymo,vq_ctw,5,nearest,1024.0,10.0,19.0,1.0,0.0,10.704551100568343,10.704551100568343
tol_10km_int_5min,efonve,direct_ctw,5,nearest,,10.0,149.0,0.9652637838438112,0.5700581346164512,4.324909354863076,4.428617082727158
tol_10km_int_5min,efonve,markov_order_1,5,nearest,,10.0,149.0,0.9313837826842708,0.7471929879348171,4.324909354863076,4.428617082727158
tol_10km_int_5min,efonve,markov_order_2,5,nearest,,10.0,149.0,0.9229269616055248,0.7581129839485816,4.324909354863076,4.428617082727158
tol_10km_int_5min,efonve,vq_ctw,5,nearest,256.0,10.0,149.0,1.0,0.0,8.151377395947833,8.151377395947833
tol_10km_int_5min,efonve,vq_ctw,5,nearest,512.0,10.0,149.0,1.0,0.0,9.412074942393357,9.412074942393357
tol_10km_int_5min,efonve,vq_ctw,5,nearest,1024.0,10.0,149.0,1.0,0.0,8.977802260052181,8.977802260052181
tol_10km_int_5min,efsphe,direct_ctw,5,nearest,,10.0,34.0,0.8833532773125236,0.636078944330588,4.664116529335102,4.756250286051932
tol_10km_int_5min,efsphe,markov_order_1,5,nearest,,10.0,34.0,0.7823492932942637,0.9735052087799184,4.664116529335102,4.756250286051932
tol_10km_int_5min,efsphe,markov_order_2,5,nearest,,10.0,34.0,0.777130951056634,0.996988655878761,4.664116529335102,4.756250286051932
tol_10km_int_5min,efsphe,vq_ctw,5,nearest,256.0,10.0,34.0,1.0,0.0,8.20105436078928,8.20105436078928
tol_10km_int_5min,efsphe,vq_ctw,5,nearest,512.0,10.0,34.0,1.0,0.0,8.947792483106268,8.947792483106268
tol_10km_int_5min,efsphe,vq_ctw,5,nearest,1024.0,10.0,34.0,1.0,0.0,9.341661433880786,9.341661433880786
tol_10km_int_5min,eggfri,direct_ctw,5,nearest,,10.0,111.0,0.9726517251550932,0.4213720044266617,4.09580105554284,4.187790148649672
tol_10km_int_5min,eggfri,markov_order_1,5,nearest,,10.0,111.0,0.9515501086475548,0.5549926244263189,4.09580105554284,4.187790148649672
tol_10km_int_5min,eggfri,markov_order_2,5,nearest,,10.0,111.0,0.948455545437228,0.580959548951992,4.09580105554284,4.187790148649672
tol_10km_int_5min,eggfri,vq_ctw,5,nearest,256.0,10.0,111.0,1.0,0.0,7.590982731746379,7.590982731746379
tol_10km_int_5min,eggfri,vq_ctw,5,nearest,512.0,10.0,111.0,1.0,0.0,8.866466294272195,8.866466294272195
tol_10km_int_5min,eggfri,vq_ctw,5,nearest,1024.0,10.0,111.0,1.0,0.0,8.019974778668018,8.019974778668018
tol_10km_int_5min,eghanw,direct_ctw,5,nearest,,10.0,130.0,0.9519243361425888,0.3696848042748685,4.60012099537835,4.690420319531228
tol_10km_int_5min,eghanw,markov_order_1,5,nearest,,10.0,130.0,0.912506741588953,0.5350337084778265,4.60012099537835,4.690420319531228
tol_10km_int_5min,eghanw,markov_order_2,5,nearest,,10.0,130.0,0.9048992645887164,0.5726493739313797,4.60012099537835,4.690420319531228
tol_10km_int_5min,eghanw,vq_ctw,5,nearest,256.0,10.0,130.0,1.0,0.0,8.282111320270664,8.282111320270664
tol_10km_int_5min,eghanw,vq_ctw,5,nearest,512.0,10.0,130.0,1.0,0.0,9.171348922492482,9.171348922492482
tol_10km_int_5min,eghanw,vq_ctw,5,nearest,1024.0,10.0,130.0,1.0,0.0,9.148835905151223,9.148835905151223
tol_10km_int_5min,egloha,direct_ctw,5,nearest,,10.0,19.0,0.9999999999980904,0.3421598135193416,3.5530203986680284,3.6290419159426186
tol_10km_int_5min,egloha,markov_order_1,5,nearest,,10.0,19.0,0.9999999999980904,0.4288222235042777,3.5530203986680284,3.6290419159426186
tol_10km_int_5min,egloha,markov_order_2,5,nearest,,10.0,19.0,0.9999999999980904,0.4270160891420361,3.5530203986680284,3.6290419159426186
tol_10km_int_5min,egloha,vq_ctw,5,nearest,256.0,10.0,19.0,1.0,0.0,7.267670292258344,7.267670292258344
tol_10km_int_5min,egloha,vq_ctw,5,nearest,512.0,10.0,19.0,1.0,0.0,8.903336968782407,8.903336968782407
tol_10km_int_5min,egloha,vq_ctw,5,nearest,1024.0,10.0,19.0,1.0,0.0,7.844198768817775,7.844198768817775
tol_10km_int_5min,egnata,direct_ctw,5,nearest,,10.0,140.0,0.9134861581419288,0.5750598260117867,4.474617481409857,4.614904836444654
tol_10km_int_5min,egnata,markov_order_1,5,nearest,,10.0,140.0,0.8443538169796738,0.8391795459776143,4.474617481409857,4.614904836444654
tol_10km_int_5min,egnata,markov_order_2,5,nearest,,10.0,140.0,0.8373269865227365,0.8450438553120246,4.474617481409857,4.614904836444654
tol_10km_int_5min,egnata,vq_ctw,5,nearest,256.0,10.0,140.0,1.0,0.0,8.476092304059753,8.476092304059753
tol_10km_int_5min,egnata,vq_ctw,5,nearest,512.0,10.0,140.0,1.0,0.0,9.006380274548054,9.006380274548054
tol_10km_int_5min,egnata,vq_ctw,5,nearest,1024.0,10.0,140.0,1.0,0.0,9.327319339880074,9.327319339880074
tol_10km_int_5min,egteir,direct_ctw,5,nearest,,10.0,135.0,0.9534046497821248,0.4799647226523655,4.411553867299352,4.498019002105851
tol_10km_int_5min,egteir,markov_order_1,5,nearest,,10.0,135.0,0.930024879755448,0.5915309501592423,4.411553867299352,4.498019002105851
tol_10km_int_5min,egteir,markov_order_2,5,nearest,,10.0,135.0,0.9185487847778168,0.6443830923069009,4.411553867299352,4.498019002105851
tol_10km_int_5min,egteir,vq_ctw,5,nearest,256.0,10.0,135.0,1.0,0.0,7.967520474214951,7.967520474214951
tol_10km_int_5min,egteir,vq_ctw,5,nearest,512.0,10.0,135.0,1.0,0.0,8.744436505442643,8.744436505442643
tol_10km_int_5min,egteir,vq_ctw,5,nearest,1024.0,10.0,135.0,1.0,0.0,8.21978431339184,8.21978431339184
tol_10km_int_5min,egwicj,direct_ctw,5,nearest,,10.0,23.0,0.8885322111883811,0.6809997048774301,4.8085858369426,4.979042129782693
tol_10km_int_5min,egwicj,markov_order_1,5,nearest,,10.0,23.0,0.801801869004827,1.0324462913892754,4.8085858369426,4.979042129782693
tol_10km_int_5min,egwicj,markov_order_2,5,nearest,,10.0,23.0,0.8021781875280207,1.0310904255966442,4.8085858369426,4.979042129782693
tol_10km_int_5min,egwicj,vq_ctw,5,nearest,256.0,10.0,23.0,1.0,0.0,7.8456112146632515,7.8456112146632515
tol_10km_int_5min,egwicj,vq_ctw,5,nearest,512.0,10.0,23.0,1.0,0.0,9.197178187089342,9.197178187089342
tol_10km_int_5min,egwicj,vq_ctw,5,nearest,1024.0,10.0,23.0,1.0,0.0,8.780807687609055,8.780807687609055
tol_10km_int_5min,eiboid,direct_ctw,5,nearest,,10.0,98.0,0.9676296841930728,0.5628197286977832,4.315422897804979,4.380579231843085
tol_10km_int_5min,eiboid,markov_order_1,5,nearest,,10.0,98.0,0.9491123546561708,0.6779042330618733,4.315422897804979,4.380579231843085
tol_10km_int_5min,eiboid,markov_order_2,5,nearest,,10.0,98.0,0.9490201194464752,0.7014920168438561,4.315422897804979,4.380579231843085
tol_10km_int_5min,eiboid,vq_ctw,5,nearest,256.0,10.0,98.0,1.0,0.0,7.451608431446447,7.451608431446447
tol_10km_int_5min,eiboid,vq_ctw,5,nearest,512.0,10.0,98.0,1.0,0.0,9.007392241074456,9.007392241074456
tol_10km_int_5min,eiboid,vq_ctw,5,nearest,1024.0,10.0,98.0,1.0,0.0,7.861760409403853,7.861760409403853
tol_10km_int_5min,eifvid,direct_ctw,5,nearest,,10.0,98.0,0.9426590995417632,0.3930553317480623,4.392257967890443,4.510313857265992
tol_10km_int_5min,eifvid,markov_order_1,5,nearest,,10.0,98.0,0.9014512252503522,0.636706838513113,4.392257967890443,4.510313857265992
tol_10km_int_5min,eifvid,markov_order_2,5,nearest,,10.0,98.0,0.8963113688269022,0.6352894388979484,4.392257967890443,4.510313857265992
tol_10km_int_5min,eifvid,vq_ctw,5,nearest,256.0,10.0,98.0,1.0,0.0,8.376682124899043,8.376682124899043
tol_10km_int_5min,eifvid,vq_ctw,5,nearest,512.0,10.0,98.0,1.0,0.0,9.159378547080667,9.159378547080667
tol_10km_int_5min,eifvid,vq_ctw,5,nearest,1024.0,10.0,98.0,1.0,0.0,8.950296350744138,8.950296350744138
tol_10km_int_5min,eincuf,direct_ctw,5,nearest,,10.0,17.0,0.8893366336698307,0.6125770009195607,3.964143658581004,4.1727798834018826
tol_10km_int_5min,eincuf,markov_order_1,5,nearest,,10.0,17.0,0.7938690317672388,0.9401528111063094,3.964143658581004,4.1727798834018826
tol_10km_int_5min,eincuf,markov_order_2,5,nearest,,10.0,17.0,0.7791477404529235,0.9825729129881878,3.964143658581004,4.1727798834018826
tol_10km_int_5min,eincuf,vq_ctw,5,nearest,256.0,10.0,17.0,1.0,0.0,9.78771671138071,9.78771671138071
tol_10km_int_5min,eincuf,vq_ctw,5,nearest,512.0,10.0,17.0,1.0,0.0,11.368206280021312,11.368206280021312
tol_10km_int_5min,eincuf,vq_ctw,5,nearest,1024.0,10.0,17.0,1.0,0.0,9.750173933971965,9.750173933971965
tol_10km_int_5min,eitpem,direct_ctw,5,nearest,,10.0,21.0,0.8471617649185978,0.7697358830135895,5.013379221342567,5.165328654504139
tol_10km_int_5min,eitpem,markov_order_1,5,nearest,,10.0,21.0,0.7729078048136215,1.0999363406998994,5.013379221342567,5.165328654504139
tol_10km_int_5min,eitpem,markov_order_2,5,nearest,,10.0,21.0,0.7729078048136215,1.1658948996550027,5.013379221342567,5.165328654504139
tol_10km_int_5min,eitpem,vq_ctw,5,nearest,256.0,10.0,21.0,1.0,0.0,10.35839790811049,10.35839790811049
tol_10km_int_5min,eitpem,vq_ctw,5,nearest,512.0,10.0,21.0,1.0,0.0,11.053630657024156,11.053630657024156
tol_10km_int_5min,eitpem,vq_ctw,5,nearest,1024.0,10.0,21.0,1.0,0.0,9.944848924067578,9.944848924067578
tol_10km_int_5min,ejcrur,direct_ctw,5,nearest,,10.0,85.0,0.919155558709887,0.5620937113226044,4.601217033800212,4.715486139749854
tol_10km_int_5min,ejcrur,markov_order_1,5,nearest,,10.0,85.0,0.8669484238904839,0.7816110286190077,4.601217033800212,4.715486139749854
tol_10km_int_5min,ejcrur,markov_order_2,5,nearest,,10.0,85.0,0.8644356933426869,0.8017655986744359,4.601217033800212,4.715486139749854
tol_10km_int_5min,ejcrur,vq_ctw,5,nearest,256.0,10.0,85.0,1.0,0.0,7.6572756108912445,7.6572756108912445
tol_10km_int_5min,ejcrur,vq_ctw,5,nearest,512.0,10.0,85.0,1.0,0.0,9.060248638973876,9.060248638973876
tol_10km_int_5min,ejcrur,vq_ctw,5,nearest,1024.0,10.0,85.0,1.0,0.0,8.349464976909173,8.349464976909173
tol_10km_int_5min,ejesba,direct_ctw,5,nearest,,10.0,108.0,0.9736979617812188,0.3561560600554166,4.216468062825265,4.319534152898863
tol_10km_int_5min,ejesba,markov_order_1,5,nearest,,10.0,108.0,0.9565117731162072,0.4530788282084299,4.216468062825265,4.319534152898863
tol_10km_int_5min,ejesba,markov_order_2,5,nearest,,10.0,108.0,0.9489617659440864,0.4718245224830718,4.216468062825265,4.319534152898863
tol_10km_int_5min,ejesba,vq_ctw,5,nearest,256.0,10.0,108.0,1.0,0.0,8.278071464675046,8.278071464675046
tol_10km_int_5min,ejesba,vq_ctw,5,nearest,512.0,10.0,108.0,1.0,0.0,9.212188072991632,9.212188072991632
tol_10km_int_5min,ejesba,vq_ctw,5,nearest,1024.0,10.0,108.0,1.0,0.0,8.690150037778071,8.690150037778071
tol_10km_int_5min,ejkipu,direct_ctw,5,nearest,,10.0,75.0,0.9278419871406178,0.5733695728714232,4.498821242432118,4.597650814213648
tol_10km_int_5min,ejkipu,markov_order_1,5,nearest,,10.0,75.0,0.8531336217362546,0.8581916443323778,4.498821242432118,4.597650814213648
tol_10km_int_5min,ejkipu,markov_order_2,5,nearest,,10.0,75.0,0.8553701749642446,0.8551272970239023,4.498821242432118,4.597650814213648
tol_10km_int_5min,ejkipu,vq_ctw,5,nearest,256.0,10.0,75.0,1.0,0.0,8.30626205315715,8.30626205315715
tol_10km_int_5min,ejkipu,vq_ctw,5,nearest,512.0,10.0,75.0,1.0,0.0,8.74590623256114,8.74590623256114
tol_10km_int_5min,ejkipu,vq_ctw,5,nearest,1024.0,10.0,75.0,1.0,0.0,9.063577878022327,9.063577878022327
tol_10km_int_5min,ejnoax,direct_ctw,5,nearest,,10.0,84.0,0.9304130565488572,0.5646067296625795,4.453697117457668,4.556742454052341
tol_10km_int_5min,ejnoax,markov_order_1,5,nearest,,10.0,84.0,0.9109581140060082,0.7390834587757708,4.453697117457668,4.556742454052341
tol_10km_int_5min,ejnoax,markov_order_2,5,nearest,,10.0,84.0,0.9080817305186626,0.7608338706009978,4.453697117457668,4.556742454052341
tol_10km_int_5min,ejnoax,vq_ctw,5,nearest,256.0,10.0,84.0,1.0,0.0,8.213172643396891,8.213172643396891
tol_10km_int_5min,ejnoax,vq_ctw,5,nearest,512.0,10.0,84.0,1.0,0.0,9.019666766669562,9.019666766669562
tol_10km_int_5min,ejnoax,vq_ctw,5,nearest,1024.0,10.0,84.0,1.0,0.0,9.136847679063674,9.136847679063674
tol_10km_int_5min,ejshig,direct_ctw,5,nearest,,10.0,182.0,0.9346989204867988,0.468824602114491,4.353415997440614,4.471664151941366
tol_10km_int_5min,ejshig,markov_order_1,5,nearest,,10.0,182.0,0.9142325780009564,0.5866170624985635,4.353415997440614,4.471664151941366
tol_10km_int_5min,ejshig,markov_order_2,5,nearest,,10.0,182.0,0.9159234995191778,0.5776251585349231,4.353415997440614,4.471664151941366
tol_10km_int_5min,ejshig,vq_ctw,5,nearest,256.0,10.0,182.0,1.0,0.0,7.581620062974852,7.581620062974852
tol_10km_int_5min,ejshig,vq_ctw,5,nearest,512.0,10.0,182.0,1.0,0.0,8.75443261901133,8.75443261901133
tol_10km_int_5min,ejshig,vq_ctw,5,nearest,1024.0,10.0,182.0,1.0,0.0,8.296276045117956,8.296276045117956
tol_10km_int_5min,ejtobu,direct_ctw,5,nearest,,10.0,127.0,0.9612412687974666,0.4803470773624587,4.514820842980585,4.636539776849716
tol_10km_int_5min,ejtobu,markov_order_1,5,nearest,,10.0,127.0,0.9386666068136418,0.6115556390942369,4.514820842980585,4.636539776849716
tol_10km_int_5min,ejtobu,markov_order_2,5,nearest,,10.0,127.0,0.9318070304606918,0.6301618403467447,4.514820842980585,4.636539776849716
tol_10km_int_5min,ejtobu,vq_ctw,5,nearest,256.0,10.0,127.0,1.0,0.0,7.753207778960957,7.753207778960957
tol_10km_int_5min,ejtobu,vq_ctw,5,nearest,512.0,10.0,127.0,1.0,0.0,8.953064742610449,8.953064742610449
tol_10km_int_5min,ejtobu,vq_ctw,5,nearest,1024.0,10.0,127.0,1.0,0.0,8.346969147080157,8.346969147080157
tol_10km_int_5min,ekenuc,direct_ctw,5,nearest,,10.0,65.0,0.9277659851261322,0.4992135604627573,4.309904103280047,4.436523436374206
tol_10km_int_5min,ekenuc,markov_order_1,5,nearest,,10.0,65.0,0.8985389152775795,0.6467996858453872,4.309904103280047,4.436523436374206
tol_10km_int_5min,ekenuc,markov_order_2,5,nearest,,10.0,65.0,0.8948787920052893,0.6525165406877443,4.309904103280047,4.436523436374206
tol_10km_int_5min,ekenuc,vq_ctw,5,nearest,256.0,10.0,65.0,1.0,0.0,8.39195794343218,8.39195794343218
tol_10km_int_5min,ekenuc,vq_ctw,5,nearest,512.0,10.0,65.0,1.0,0.0,9.290526257918348,9.290526257918348
tol_10km_int_5min,ekenuc,vq_ctw,5,nearest,1024.0,10.0,65.0,1.0,0.0,9.152620958285803,9.152620958285803
tol_10km_int_5min,ekfrab,direct_ctw,5,nearest,,10.0,16.0,0.9999999999980904,0.6708651947271701,5.005908697234371,5.09576640637181
tol_10km_int_5min,ekfrab,markov_order_1,5,nearest,,10.0,16.0,0.9999999999980904,0.8338214790201068,5.005908697234371,5.09576640637181
tol_10km_int_5min,ekfrab,markov_order_2,5,nearest,,10.0,16.0,0.9999999999980904,0.8001794725802582,5.005908697234371,5.09576640637181
tol_10km_int_5min,ekfrab,vq_ctw,5,nearest,256.0,10.0,16.0,1.0,0.0,8.529262996018415,8.529262996018415
tol_10km_int_5min,ekfrab,vq_ctw,5,nearest,512.0,10.0,16.0,1.0,0.0,10.355122080165714,10.355122080165714
tol_10km_int_5min,ekfrab,vq_ctw,5,nearest,1024.0,10.0,16.0,1.0,0.0,9.422477032356882,9.422477032356882
tol_10km_int_5min,ektamy,direct_ctw,5,nearest,,10.0,276.0,0.8992610605142514,0.6827717736158124,4.910321666660624,4.992643965818731
tol_10km_int_5min,ektamy,markov_order_1,5,nearest,,10.0,276.0,0.8275295450433255,0.9721933982516312,4.910321666660624,4.992643965818731
tol_10km_int_5min,ektamy,markov_order_2,5,nearest,,10.0,276.0,0.8185706398978665,0.982264468497004,4.910321666660624,4.992643965818731
tol_10km_int_5min,ektamy,vq_ctw,5,nearest,256.0,10.0,276.0,1.0,0.0,8.94251842031046,8.94251842031046
tol_10km_int_5min,ektamy,vq_ctw,5,nearest,512.0,10.0,276.0,1.0,0.0,9.673735902059327,9.673735902059327
tol_10km_int_5min,ektamy,vq_ctw,5,nearest,1024.0,10.0,276.0,1.0,0.0,9.487784034149822,9.487784034149822
tol_10km_int_5min,ektuyo,direct_ctw,5,nearest,,10.0,58.0,0.8673373274156574,0.7737025942112156,5.094498393282775,5.187121551073686
tol_10km_int_5min,ektuyo,markov_order_1,5,nearest,,10.0,58.0,0.7390132690172936,1.2392458022037411,5.094498393282775,5.187121551073686
tol_10km_int_5min,ektuyo,markov_order_2,5,nearest,,10.0,58.0,0.7171955584837115,1.3056748001218528,5.094498393282775,5.187121551073686
tol_10km_int_5min,ektuyo,vq_ctw,5,nearest,256.0,10.0,58.0,1.0,0.0,8.61850932067403,8.61850932067403
tol_10km_int_5min,ektuyo,vq_ctw,5,nearest,512.0,10.0,58.0,1.0,0.0,9.605297589845687,9.605297589845687
tol_10km_int_5min,ektuyo,vq_ctw,5,nearest,1024.0,10.0,58.0,1.0,0.0,9.13615274715237,9.13615274715237
tol_10km_int_5min,ekyosj,direct_ctw,5,nearest,,10.0,163.0,0.9211883767409388,0.6554064954985853,4.67609302246518,4.764852433256438
tol_10km_int_5min,ekyosj,markov_order_1,5,nearest,,10.0,163.0,0.8632522288451046,0.9176995241822776,4.67609302246518,4.764852433256438
tol_10km_int_5min,ekyosj,markov_order_2,5,nearest,,10.0,163.0,0.8550135278174288,0.9102343253383928,4.67609302246518,4.764852433256438
tol_10km_int_5min,ekyosj,vq_ctw,5,nearest,256.0,10.0,163.0,1.0,0.0,7.980888408859613,7.980888408859613
tol_10km_int_5min,ekyosj,vq_ctw,5,nearest,512.0,10.0,163.0,1.0,0.0,9.365494826087254,9.365494826087254
tol_10km_int_5min,ekyosj,vq_ctw,5,nearest,1024.0,10.0,163.0,1.0,0.0,8.739373582386824,8.739373582386824
tol_10km_int_5min,elafle,direct_ctw,5,nearest,,10.0,173.0,0.9564986554522256,0.432541640211979,4.393444896790966,4.521702936153456
tol_10km_int_5min,elafle,markov_order_1,5,nearest,,10.0,173.0,0.9203639118492192,0.6087652874214019,4.393444896790966,4.521702936153456
tol_10km_int_5min,elafle,markov_order_2,5,nearest,,10.0,173.0,0.910348764660521,0.6212735178319565,4.393444896790966,4.521702936153456
tol_10km_int_5min,elafle,vq_ctw,5,nearest,256.0,10.0,173.0,1.0,0.0,7.967879981062284,7.967879981062284
tol_10km_int_5min,elafle,vq_ctw,5,nearest,512.0,10.0,173.0,1.0,0.0,8.630944786677095,8.630944786677095
tol_10km_int_5min,elafle,vq_ctw,5,nearest,1024.0,10.0,173.0,1.0,0.0,8.56259245012892,8.56259245012892
tol_10km_int_5min,elbnax,direct_ctw,5,nearest,,10.0,152.0,0.90079122953526,0.6308702880871,4.442480858838943,4.55522767113325
tol_10km_int_5min,elbnax,markov_order_1,5,nearest,,10.0,152.0,0.8605203395463443,0.8069160135711484,4.442480858838943,4.55522767113325
tol_10km_int_5min,elbnax,markov_order_2,5,nearest,,10.0,152.0,0.8546525436846437,0.7926017509201265,4.442480858838943,4.55522767113325
tol_10km_int_5min,elbnax,vq_ctw,5,nearest,256.0,10.0,152.0,1.0,0.0,7.773991378495546,7.773991378495546
tol_10km_int_5min,elbnax,vq_ctw,5,nearest,512.0,10.0,152.0,1.0,0.0,9.07435602889012,9.07435602889012
tol_10km_int_5min,elbnax,vq_ctw,5,nearest,1024.0,10.0,152.0,1.0,0.0,8.240176221010472,8.240176221010472
tol_10km_int_5min,elfyea,direct_ctw,5,nearest,,10.0,151.0,0.9413121059406638,0.407825063427349,4.479788053603302,4.5935258758083926
tol_10km_int_5min,elfyea,markov_order_1,5,nearest,,10.0,151.0,0.9141950642941165,0.5119902496970612,4.479788053603302,4.5935258758083926
tol_10km_int_5min,elfyea,markov_order_2,5,nearest,,10.0,151.0,0.9070413556957486,0.5320267697017091,4.479788053603302,4.5935258758083926
tol_10km_int_5min,elfyea,vq_ctw,5,nearest,256.0,10.0,151.0,1.0,0.0,8.087541692779794,8.087541692779794
tol_10km_int_5min,elfyea,vq_ctw,5,nearest,512.0,10.0,151.0,1.0,0.0,8.866514248761597,8.866514248761597
tol_10km_int_5min,elfyea,vq_ctw,5,nearest,1024.0,10.0,151.0,1.0,0.0,8.848850513206015,8.848850513206015
tol_10km_int_5min,elhuyo,direct_ctw,5,nearest,,10.0,18.0,0.852219039398938,0.752040145459051,4.393947190885742,4.53829627888892
tol_10km_int_5min,elhuyo,markov_order_1,5,nearest,,10.0,18.0,0.7729078048136215,1.0111455888291874,4.393947190885742,4.53829627888892
tol_10km_int_5min,elhuyo,markov_order_2,5,nearest,,10.0,18.0,0.7729078048136215,1.0042769644172391,4.393947190885742,4.53829627888892
tol_10km_int_5min,elhuyo,vq_ctw,5,nearest,256.0,10.0,18.0,1.0,0.0,8.42794124132792,8.42794124132792
tol_10km_int_5min,elhuyo,vq_ctw,5,nearest,512.0,10.0,18.0,1.0,0.0,9.999945461601309,9.999945461601309
tol_10km_int_5min,elhuyo,vq_ctw,5,nearest,1024.0,10.0,18.0,1.0,0.0,8.261788730911134,8.261788730911134
tol_10km_int_5min,ellimt,direct_ctw,5,nearest,,10.0,16.0,1.0,0.0,3.60888833315041,3.660722975528347
tol_10km_int_5min,ellimt,markov_order_1,5,nearest,,10.0,16.0,1.0,0.0,3.60888833315041,3.660722975528347
tol_10km_int_5min,ellimt,markov_order_2,5,nearest,,10.0,16.0,1.0,0.0,3.60888833315041,3.660722975528347
tol_10km_int_5min,ellimt,vq_ctw,5,nearest,256.0,10.0,16.0,1.0,0.0,7.599141189086832,7.599141189086832
tol_10km_int_5min,ellimt,vq_ctw,5,nearest,512.0,10.0,16.0,1.0,0.0,8.807558392156011,8.807558392156011
tol_10km_int_5min,ellimt,vq_ctw,5,nearest,1024.0,10.0,16.0,1.0,0.0,8.131158768701374,8.131158768701374
tol_10km_int_5min,elswck,direct_ctw,5,nearest,,10.0,40.0,0.9999999999980906,0.3062988313658991,4.1061116583462445,4.171843123142047
tol_10km_int_5min,elswck,markov_order_1,5,nearest,,10.0,40.0,0.9999999999980906,0.3759350643092607,4.1061116583462445,4.171843123142047
tol_10km_int_5min,elswck,markov_order_2,5,nearest,,10.0,40.0,0.9999999999980906,0.3953770864797205,4.1061116583462445,4.171843123142047
tol_10km_int_5min,elswck,vq_ctw,5,nearest,256.0,10.0,40.0,1.0,0.0,7.336274806329479,7.336274806329479
tol_10km_int_5min,elswck,vq_ctw,5,nearest,512.0,10.0,40.0,1.0,0.0,8.782318149100831,8.782318149100831
tol_10km_int_5min,elswck,vq_ctw,5,nearest,1024.0,10.0,40.0,1.0,0.0,8.047023740110772,8.047023740110772
tol_10km_int_5min,elvgid,direct_ctw,5,nearest,,10.0,36.0,0.9551436923052272,0.4966749979440181,4.336214484353106,4.535155071905249
tol_10km_int_5min,elvgid,markov_order_1,5,nearest,,10.0,36.0,0.9180334803518968,0.668570884065768,4.336214484353106,4.535155071905249
tol_10km_int_5min,elvgid,markov_order_2,5,nearest,,10.0,36.0,0.9064278601714308,0.7369906846833971,4.336214484353106,4.535155071905249
tol_10km_int_5min,elvgid,vq_ctw,5,nearest,256.0,10.0,36.0,1.0,0.0,8.413730734430825,8.413730734430825
tol_10km_int_5min,elvgid,vq_ctw,5,nearest,512.0,10.0,36.0,1.0,0.0,9.821587968211167,9.821587968211167
tol_10km_int_5min,elvgid,vq_ctw,5,nearest,1024.0,10.0,36.0,1.0,0.0,9.691586071429764,9.691586071429764
tol_10km_int_5min,elwesn,direct_ctw,5,nearest,,10.0,35.0,0.954015071163201,0.426582478281917,4.89100029782604,4.960960164395258
tol_10km_int_5min,elwesn,markov_order_1,5,nearest,,10.0,35.0,0.9180712688269088,0.5767699256288521,4.89100029782604,4.960960164395258
tol_10km_int_5min,elwesn,markov_order_2,5,nearest,,10.0,35.0,0.905973876509227,0.6372184693607837,4.89100029782604,4.960960164395258
tol_10km_int_5min,elwesn,vq_ctw,5,nearest,256.0,10.0,35.0,1.0,0.0,8.679676298658276,8.679676298658276
tol_10km_int_5min,elwesn,vq_ctw,5,nearest,512.0,10.0,35.0,1.0,0.0,9.319703391380996,9.319703391380996
tol_10km_int_5min,elwesn,vq_ctw,5,nearest,1024.0,10.0,35.0,1.0,0.0,9.514437098033858,9.514437098033858
tol_10km_int_5min,enarwe,direct_ctw,5,nearest,,10.0,132.0,0.8588592431386769,0.7863501617995106,5.027188595886465,5.154978384751309
tol_10km_int_5min,enarwe,markov_order_1,5,nearest,,10.0,132.0,0.7671119957193604,1.120881929908454,5.027188595886465,5.154978384751309
tol_10km_int_5min,enarwe,markov_order_2,5,nearest,,10.0,132.0,0.7536533389438868,1.155296689076133,5.027188595886465,5.154978384751309
tol_10km_int_5min,enarwe,vq_ctw,5,nearest,256.0,10.0,132.0,1.0,0.0,9.058562442616362,9.058562442616362
tol_10km_int_5min,enarwe,vq_ctw,5,nearest,512.0,10.0,132.0,1.0,0.0,9.86244109535898,9.86244109535898
tol_10km_int_5min,enarwe,vq_ctw,5,nearest,1024.0,10.0,132.0,1.0,0.0,9.794914172056876,9.794914172056876
tol_10km_int_5min,enekbl,direct_ctw,5,nearest,,10.0,74.0,0.9343929749855444,0.5487306046898316,4.221013283743395,4.332666561450097
tol_10km_int_5min,enekbl,markov_order_1,5,nearest,,10.0,74.0,0.9010781081769368,0.7113935547425282,4.221013283743395,4.332666561450097
tol_10km_int_5min,enekbl,markov_order_2,5,nearest,,10.0,74.0,0.8881014643658883,0.7593658216290975,4.221013283743395,4.332666561450097
tol_10km_int_5min,enekbl,vq_ctw,5,nearest,256.0,10.0,74.0,1.0,0.0,7.840828580715965,7.840828580715965
tol_10km_int_5min,enekbl,vq_ctw,5,nearest,512.0,10.0,74.0,1.0,0.0,9.031491582909554,9.031491582909554
tol_10km_int_5min,enekbl,vq_ctw,5,nearest,1024.0,10.0,74.0,1.0,0.0,8.681066619712567,8.681066619712567
tol_10km_int_5min,enidmo,direct_ctw,5,nearest,,10.0,22.0,0.8878036472589403,0.6187018348497524,4.34463555449422,4.440801946617312
tol_10km_int_5min,enidmo,markov_order_1,5,nearest,,10.0,22.0,0.848622499789811,0.764654291133634,4.34463555449422,4.440801946617312
tol_10km_int_5min,enidmo,markov_order_2,5,nearest,,10.0,22.0,0.8452473942299918,0.7763596111609122,4.34463555449422,4.440801946617312
tol_10km_int_5min,enidmo,vq_ctw,5,nearest,256.0,10.0,22.0,1.0,0.0,7.944206888549274,7.944206888549274
tol_10km_int_5min,enidmo,vq_ctw,5,nearest,512.0,10.0,22.0,1.0,0.0,9.461510147165082,9.461510147165082
tol_10km_int_5min,enidmo,vq_ctw,5,nearest,1024.0,10.0,22.0,1.0,0.0,8.488975261294039,8.488975261294039
tol_10km_int_5min,enjubp,direct_ctw,5,nearest,,10.0,19.0,0.9999999999980904,0.3041529337908333,4.092458662510995,4.216682409651979
tol_10km_int_5min,enjubp,markov_order_1,5,nearest,,10.0,19.0,0.9999999999980904,0.3642513131436844,4.092458662510995,4.216682409651979
tol_10km_int_5min,enjubp,markov_order_2,5,nearest,,10.0,19.0,0.9999999999980904,0.4079439947412281,4.092458662510995,4.216682409651979
tol_10km_int_5min,enjubp,vq_ctw,5,nearest,256.0,10.0,19.0,1.0,0.0,8.795683337953113,8.795683337953113
tol_10km_int_5min,enjubp,vq_ctw,5,nearest,512.0,10.0,19.0,1.0,0.0,10.33058949670917,10.33058949670917
tol_10km_int_5min,enjubp,vq_ctw,5,nearest,1024.0,10.0,19.0,1.0,0.0,8.473363879329067,8.473363879329067
tol_10km_int_5min,enkkan,direct_ctw,5,nearest,,10.0,198.0,0.9683296727559088,0.2719247939735739,3.9032711583306536,3.9758130226979937
tol_10km_int_5min,enkkan,markov_order_1,5,nearest,,10.0,198.0,0.9492044456547928,0.3703486963411344,3.9032711583306536,3.9758130226979937
tol_10km_int_5min,enkkan,markov_order_2,5,nearest,,10.0,198.0,0.9413581698243718,0.4008844542208788,3.9032711583306536,3.9758130226979937
tol_10km_int_5min,enkkan,vq_ctw,5,nearest,256.0,10.0,198.0,1.0,0.0,7.937823895604739,7.937823895604739
tol_10km_int_5min,enkkan,vq_ctw,5,nearest,512.0,10.0,198.0,1.0,0.0,8.523406556022273,8.523406556022273
tol_10km_int_5min,enkkan,vq_ctw,5,nearest,1024.0,10.0,198.0,1.0,0.0,8.557333086949642,8.557333086949642
tol_10km_int_5min,enyons,direct_ctw,5,nearest,,10.0,120.0,0.9311837033166832,0.5157509623096114,4.786512923442191,4.849576167888512
tol_10km_int_5min,enyons,markov_order_1,5,nearest,,10.0,120.0,0.8916119566398543,0.7094915694483663,4.786512923442191,4.849576167888512
tol_10km_int_5min,enyons,markov_order_2,5,nearest,,10.0,120.0,0.8970356344107299,0.6825348673203298,4.786512923442191,4.849576167888512
tol_10km_int_5min,enyons,vq_ctw,5,nearest,256.0,10.0,120.0,1.0,0.0,8.891883842064395,8.891883842064395
tol_10km_int_5min,enyons,vq_ctw,5,nearest,512.0,10.0,120.0,1.0,0.0,9.839885783982504,9.839885783982504
tol_10km_int_5min,enyons,vq_ctw,5,nearest,1024.0,10.0,120.0,1.0,0.0,9.588832564599077,9.588832564599077
tol_10km_int_5min,eoccoi,direct_ctw,5,nearest,,10.0,112.0,0.9243913292202824,0.58608687757969,4.559531199406375,4.675440652606312
tol_10km_int_5min,eoccoi,markov_order_1,5,nearest,,10.0,112.0,0.8726736183250053,0.8213311703846367,4.559531199406375,4.675440652606312
tol_10km_int_5min,eoccoi,markov_order_2,5,nearest,,10.0,112.0,0.8692325761018819,0.8140384142874655,4.559531199406375,4.675440652606312
tol_10km_int_5min,eoccoi,vq_ctw,5,nearest,256.0,10.0,112.0,1.0,0.0,7.873915581059935,7.873915581059935
tol_10km_int_5min,eoccoi,vq_ctw,5,nearest,512.0,10.0,112.0,1.0,0.0,9.327035906671814,9.327035906671814
tol_10km_int_5min,eoccoi,vq_ctw,5,nearest,1024.0,10.0,112.0,1.0,0.0,8.523047065895666,8.523047065895666
tol_10km_int_5min,eoffri,direct_ctw,5,nearest,,10.0,252.0,0.9444643643572662,0.4602928970851024,4.53390078446945,4.628434938840045
tol_10km_int_5min,eoffri,markov_order_1,5,nearest,,10.0,252.0,0.904875526831464,0.633644432811221,4.53390078446945,4.628434938840045
tol_10km_int_5min,eoffri,markov_order_2,5,nearest,,10.0,252.0,0.903547448795468,0.6426707337740616,4.53390078446945,4.628434938840045
tol_10km_int_5min,eoffri,vq_ctw,5,nearest,256.0,10.0,252.0,1.0,0.0,8.4344274144709,8.4344274144709
tol_10km_int_5min,eoffri,vq_ctw,5,nearest,512.0,10.0,252.0,1.0,0.0,9.204725784976866,9.204725784976866
tol_10km_int_5min,eoffri,vq_ctw,5,nearest,1024.0,10.0,252.0,1.0,0.0,8.882313644196103,8.882313644196103
tol_10km_int_5min,eoivqu,direct_ctw,5,nearest,,10.0,25.0,0.8780823482076526,0.6567657425154658,4.537223045255058,4.624622394718402
tol_10km_int_5min,eoivqu,markov_order_1,5,nearest,,10.0,25.0,0.813785922247289,0.8796981550697472,4.537223045255058,4.624622394718402
tol_10km_int_5min,eoivqu,markov_order_2,5,nearest,,10.0,25.0,0.7892805672012072,0.9535750935088688,4.537223045255058,4.624622394718402
tol_10km_int_5min,eoivqu,vq_ctw,5,nearest,256.0,10.0,25.0,1.0,0.0,7.567128333601434,7.567128333601434
tol_10km_int_5min,eoivqu,vq_ctw,5,nearest,512.0,10.0,25.0,1.0,0.0,8.541424019010954,8.541424019010954
tol_10km_int_5min,eoivqu,vq_ctw,5,nearest,1024.0,10.0,25.0,1.0,0.0,8.36284743586568,8.36284743586568
tol_10km_int_5min,eokrac,direct_ctw,5,nearest,,10.0,225.0,0.9475273666414196,0.5321381373091086,4.444103581355248,4.536846473441127
tol_10km_int_5min,eokrac,markov_order_1,5,nearest,,10.0,225.0,0.9068850421740526,0.7009388010972154,4.444103581355248,4.536846473441127
tol_10km_int_5min,eokrac,markov_order_2,5,nearest,,10.0,225.0,0.9055997475886596,0.699412536492484,4.444103581355248,4.536846473441127
tol_10km_int_5min,eokrac,vq_ctw,5,nearest,256.0,10.0,225.0,1.0,0.0,7.893840579477872,7.893840579477872
tol_10km_int_5min,eokrac,vq_ctw,5,nearest,512.0,10.0,225.0,1.0,0.0,8.909372274337052,8.909372274337052
tol_10km_int_5min,eokrac,vq_ctw,5,nearest,1024.0,10.0,225.0,1.0,0.0,8.688031823511755,8.688031823511755
tol_10km_int_5min,eolgug,direct_ctw,5,nearest,,10.0,54.0,0.9462829343100296,0.5695952303646591,4.506216400709328,4.604926716823193
tol_10km_int_5min,eolgug,markov_order_1,5,nearest,,10.0,54.0,0.9204217489404996,0.7235728875477283,4.506216400709328,4.604926716823193
tol_10km_int_5min,eolgug,markov_order_2,5,nearest,,10.0,54.0,0.9119374654589472,0.7106813661089263,4.506216400709328,4.604926716823193
tol_10km_int_5min,eolgug,vq_ctw,5,nearest,256.0,10.0,54.0,1.0,0.0,8.478132479894573,8.478132479894573
tol_10km_int_5min,eolgug,vq_ctw,5,nearest,512.0,10.0,54.0,1.0,0.0,9.972755288294842,9.972755288294842
tol_10km_int_5min,eolgug,vq_ctw,5,nearest,1024.0,10.0,54.0,1.0,0.0,8.973094368135385,8.973094368135385
tol_10km_int_5min,eoslui,direct_ctw,5,nearest,,10.0,150.0,0.9141318568364296,0.5590268189296075,4.367118566561017,4.46182561587199
tol_10km_int_5min,eoslui,markov_order_1,5,nearest,,10.0,150.0,0.8648797740161672,0.7812495682075263,4.367118566561017,4.46182561587199
tol_10km_int_5min,eoslui,markov_order_2,5,nearest,,10.0,150.0,0.8517804590910876,0.7969809556836435,4.367118566561017,4.46182561587199
tol_10km_int_5min,eoslui,vq_ctw,5,nearest,256.0,10.0,150.0,1.0,0.0,7.980521348403053,7.980521348403053
tol_10km_int_5min,eoslui,vq_ctw,5,nearest,512.0,10.0,150.0,1.0,0.0,8.918589523884012,8.918589523884012
tol_10km_int_5min,eoslui,vq_ctw,5,nearest,1024.0,10.0,150.0,1.0,0.0,8.715368014603497,8.715368014603497
tol_10km_int_5min,eovsyt,direct_ctw,5,nearest,,10.0,36.0,0.9545293302358462,0.2652727224729769,3.6981926265255622,3.911241793074652
tol_10km_int_5min,eovsyt,markov_order_1,5,nearest,,10.0,36.0,0.9123566351478468,0.4224717898835696,3.6981926265255622,3.911241793074652
tol_10km_int_5min,eovsyt,markov_order_2,5,nearest,,10.0,36.0,0.8997687851657888,0.4616572101698037,3.6981926265255622,3.911241793074652
tol_10km_int_5min,eovsyt,vq_ctw,5,nearest,256.0,10.0,36.0,1.0,0.0,8.57277764095459,8.57277764095459
tol_10km_int_5min,eovsyt,vq_ctw,5,nearest,512.0,10.0,36.0,1.0,0.0,9.82268444220488,9.82268444220488
tol_10km_int_5min,eovsyt,vq_ctw,5,nearest,1024.0,10.0,36.0,1.0,0.0,9.763620057143612,9.763620057143612
tol_10km_int_5min,eoydba,direct_ctw,5,nearest,,10.0,42.0,0.999999999999136,0.15039023583258,4.139811528810211,4.18587215080882
tol_10km_int_5min,eoydba,markov_order_1,5,nearest,,10.0,42.0,0.999999999999136,0.1939910058709827,4.139811528810211,4.18587215080882
tol_10km_int_5min,eoydba,markov_order_2,5,nearest,,10.0,42.0,0.999999999999136,0.1931739450880641,4.139811528810211,4.18587215080882
tol_10km_int_5min,eoydba,vq_ctw,5,nearest,256.0,10.0,42.0,1.0,0.0,7.02388325039797,7.02388325039797
tol_10km_int_5min,eoydba,vq_ctw,5,nearest,512.0,10.0,42.0,1.0,0.0,8.498668600980817,8.498668600980817
tol_10km_int_5min,eoydba,vq_ctw,5,nearest,1024.0,10.0,42.0,1.0,0.0,8.172600982731607,8.172600982731607
tol_10km_int_5min,epabca,direct_ctw,5,nearest,,10.0,381.0,0.9109012386849076,0.577890559889517,4.4685500595366205,4.568812467723226
tol_10km_int_5min,epabca,markov_order_1,5,nearest,,10.0,381.0,0.8404738247364886,0.8495029318466515,4.4685500595366205,4.568812467723226
tol_10km_int_5min,epabca,markov_order_2,5,nearest,,10.0,381.0,0.8529128714270904,0.789379851927839,4.4685500595366205,4.568812467723226
tol_10km_int_5min,epabca,vq_ctw,5,nearest,256.0,10.0,381.0,1.0,0.0,8.141596669221364,8.141596669221364
tol_10km_int_5min,epabca,vq_ctw,5,nearest,512.0,10.0,381.0,1.0,0.0,9.293222925325418,9.293222925325418
tol_10km_int_5min,epabca,vq_ctw,5,nearest,1024.0,10.0,381.0,1.0,0.0,8.830641974318114,8.830641974318114
tol_10km_int_5min,epemva,direct_ctw,5,nearest,,10.0,239.0,0.9813178724344732,0.3569016288088125,4.117722246099001,4.193347882072895
tol_10km_int_5min,epemva,markov_order_1,5,nearest,,10.0,239.0,0.9627236433973853,0.4755379812259533,4.117722246099001,4.193347882072895
tol_10km_int_5min,epemva,markov_order_2,5,nearest,,10.0,239.0,0.961297373175282,0.4895900555681861,4.117722246099001,4.193347882072895
tol_10km_int_5min,epemva,vq_ctw,5,nearest,256.0,10.0,239.0,1.0,0.0,7.739154640743258,7.739154640743258
tol_10km_int_5min,epemva,vq_ctw,5,nearest,512.0,10.0,239.0,1.0,0.0,8.680267141261375,8.680267141261375
tol_10km_int_5min,epemva,vq_ctw,5,nearest,1024.0,10.0,239.0,1.0,0.0,8.234493915427505,8.234493915427505
tol_10km_int_5min,epkiap,direct_ctw,5,nearest,,10.0,127.0,0.9802022225479448,0.3262139213040017,4.30184279589128,4.369383073580704
tol_10km_int_5min,epkiap,markov_order_1,5,nearest,,10.0,127.0,0.9651527551539564,0.3913080337089527,4.30184279589128,4.369383073580704
tol_10km_int_5min,epkiap,markov_order_2,5,nearest,,10.0,127.0,0.9612044319205812,0.4094643587713872,4.30184279589128,4.369383073580704
tol_10km_int_5min,epkiap,vq_ctw,5,nearest,256.0,10.0,127.0,1.0,0.0,7.8931318080526065,7.8931318080526065
tol_10km_int_5min,epkiap,vq_ctw,5,nearest,512.0,10.0,127.0,1.0,0.0,8.944697356652448,8.944697356652448
tol_10km_int_5min,epkiap,vq_ctw,5,nearest,1024.0,10.0,127.0,1.0,0.0,8.397226775572879,8.397226775572879
tol_10km_int_5min,equioc,direct_ctw,5,nearest,,10.0,59.0,0.9999999999994822,0.1476937976375855,3.770805105244729,3.8193689527820687
tol_10km_int_5min,equioc,markov_order_1,5,nearest,,10.0,59.0,0.9999999999994822,0.145528241174749,3.770805105244729,3.8193689527820687
tol_10km_int_5min,equioc,markov_order_2,5,nearest,,10.0,59.0,0.9999999999994822,0.1346687099898363,3.770805105244729,3.8193689527820687
tol_10km_int_5min,equioc,vq_ctw,5,nearest,256.0,10.0,59.0,1.0,0.0,7.1140591554697945,7.1140591554697945
tol_10km_int_5min,equioc,vq_ctw,5,nearest,512.0,10.0,59.0,1.0,0.0,8.227395110166645,8.227395110166645
tol_10km_int_5min,equioc,vq_ctw,5,nearest,1024.0,10.0,59.0,1.0,0.0,7.553072141699599,7.553072141699599
tol_10km_int_5min,equoaw,direct_ctw,5,nearest,,10.0,110.0,0.9425533062011092,0.461402406071152,4.106034975255144,4.230188861876847
tol_10km_int_5min,equoaw,markov_order_1,5,nearest,,10.0,110.0,0.9135796526844352,0.6002374119622786,4.106034975255144,4.230188861876847
tol_10km_int_5min,equoaw,markov_order_2,5,nearest,,10.0,110.0,0.9069877541323064,0.6270014452900663,4.106034975255144,4.230188861876847
tol_10km_int_5min,equoaw,vq_ctw,5,nearest,256.0,10.0,110.0,1.0,0.0,7.8593516487270545,7.8593516487270545
tol_10km_int_5min,equoaw,vq_ctw,5,nearest,512.0,10.0,110.0,1.0,0.0,8.426212798529564,8.426212798529564
tol_10km_int_5min,equoaw,vq_ctw,5,nearest,1024.0,10.0,110.0,1.0,0.0,8.134514518699092,8.134514518699092
tol_10km_int_5min,erjboy,direct_ctw,5,nearest,,10.0,148.0,0.9664022820791968,0.3924095013330044,4.260739869550579,4.338024058912026
tol_10km_int_5min,erjboy,markov_order_1,5,nearest,,10.0,148.0,0.9478301713748768,0.5263329244206435,4.260739869550579,4.338024058912026
tol_10km_int_5min,erjboy,markov_order_2,5,nearest,,10.0,148.0,0.9478301713748768,0.5313355660735674,4.260739869550579,4.338024058912026
tol_10km_int_5min,erjboy,vq_ctw,5,nearest,256.0,10.0,148.0,1.0,0.0,7.69733780924615,7.69733780924615
tol_10km_int_5min,erjboy,vq_ctw,5,nearest,512.0,10.0,148.0,1.0,0.0,8.76880829040972,8.76880829040972
tol_10km_int_5min,erjboy,vq_ctw,5,nearest,1024.0,10.0,148.0,1.0,0.0,8.506017245185545,8.506017245185545
tol_10km_int_5min,erjcre,direct_ctw,5,nearest,,10.0,126.0,0.9646373070655928,0.3963762520660741,4.294001411627364,4.393102779165548
tol_10km_int_5min,erjcre,markov_order_1,5,nearest,,10.0,126.0,0.9399070921419204,0.5455955797912707,4.294001411627364,4.393102779165548
tol_10km_int_5min,erjcre,markov_order_2,5,nearest,,10.0,126.0,0.9401579696188068,0.5135596839549237,4.294001411627364,4.393102779165548
tol_10km_int_5min,erjcre,vq_ctw,5,nearest,256.0,10.0,126.0,1.0,0.0,7.887765939426938,7.887765939426938
tol_10km_int_5min,erjcre,vq_ctw,5,nearest,512.0,10.0,126.0,1.0,0.0,9.366737255618355,9.366737255618355
tol_10km_int_5min,erjcre,vq_ctw,5,nearest,1024.0,10.0,126.0,1.0,0.0,8.637394459083572,8.637394459083572
tol_10km_int_5min,erjtai,direct_ctw,5,nearest,,10.0,83.0,0.9757737030693364,0.3499900401662632,4.055927324967235,4.131833484403929
tol_10km_int_5min,erjtai,markov_order_1,5,nearest,,10.0,83.0,0.9719913222138644,0.3791585036148762,4.055927324967235,4.131833484403929
tol_10km_int_5min,erjtai,markov_order_2,5,nearest,,10.0,83.0,0.9717013822485864,0.3602772921757511,4.055927324967235,4.131833484403929
tol_10km_int_5min,erjtai,vq_ctw,5,nearest,256.0,10.0,83.0,1.0,0.0,7.302453486198618,7.302453486198618
tol_10km_int_5min,erjtai,vq_ctw,5,nearest,512.0,10.0,83.0,1.0,0.0,8.196569344622805,8.196569344622805
tol_10km_int_5min,erjtai,vq_ctw,5,nearest,1024.0,10.0,83.0,1.0,0.0,7.916428117372314,7.916428117372314
tol_10km_int_5min,erulgh,direct_ctw,5,nearest,,10.0,53.0,0.9689656488202182,0.5211227790702102,4.4408931284270805,4.553410233382311
tol_10km_int_5min,erulgh,markov_order_1,5,nearest,,10.0,53.0,0.9402712735701824,0.6897788666481983,4.4408931284270805,4.553410233382311
tol_10km_int_5min,erulgh,markov_order_2,5,nearest,,10.0,53.0,0.9309737572271668,0.7473397784131401,4.4408931284270805,4.553410233382311
tol_10km_int_5min,erulgh,vq_ctw,5,nearest,256.0,10.0,53.0,1.0,0.0,8.47807616032751,8.47807616032751
tol_10km_int_5min,erulgh,vq_ctw,5,nearest,512.0,10.0,53.0,1.0,0.0,9.248811251378044,9.248811251378044
tol_10km_int_5min,erulgh,vq_ctw,5,nearest,1024.0,10.0,53.0,1.0,0.0,9.26375210044877,9.26375210044877
tol_10km_int_5min,erwumu,direct_ctw,5,nearest,,10.0,170.0,0.9186892096521144,0.5703190056491615,4.54766816205214,4.621100690982274
tol_10km_int_5min,erwumu,markov_order_1,5,nearest,,10.0,170.0,0.8986026027441814,0.7327570113422489,4.54766816205214,4.621100690982274
tol_10km_int_5min,erwumu,markov_order_2,5,nearest,,10.0,170.0,0.8912517734943731,0.7096408901017377,4.54766816205214,4.621100690982274
tol_10km_int_5min,erwumu,vq_ctw,5,nearest,256.0,10.0,170.0,1.0,0.0,8.21257979985036,8.21257979985036
tol_10km_int_5min,erwumu,vq_ctw,5,nearest,512.0,10.0,170.0,1.0,0.0,9.19071555547723,9.19071555547723
tol_10km_int_5min,erwumu,vq_ctw,5,nearest,1024.0,10.0,170.0,1.0,0.0,8.727025333359226,8.727025333359226
tol_10km_int_5min,eryeig,direct_ctw,5,nearest,,10.0,121.0,0.919371980441558,0.5293830916873546,4.578535488919329,4.68469762176216
tol_10km_int_5min,eryeig,markov_order_1,5,nearest,,10.0,121.0,0.8926703154512777,0.6856159125179022,4.578535488919329,4.68469762176216
tol_10km_int_5min,eryeig,markov_order_2,5,nearest,,10.0,121.0,0.8877272725626121,0.6451317815197527,4.578535488919329,4.68469762176216
tol_10km_int_5min,eryeig,vq_ctw,5,nearest,256.0,10.0,121.0,1.0,0.0,8.680876652294486,8.680876652294486
tol_10km_int_5min,eryeig,vq_ctw,5,nearest,512.0,10.0,121.0,1.0,0.0,9.445596699738031,9.445596699738031
tol_10km_int_5min,eryeig,vq_ctw,5,nearest,1024.0,10.0,121.0,1.0,0.0,9.287363384438994,9.287363384438994
tol_10km_int_5min,eshria,direct_ctw,5,nearest,,10.0,96.0,0.9670064202262086,0.352512853237795,4.052812413780501,4.149198526344449
tol_10km_int_5min,eshria,markov_order_1,5,nearest,,10.0,96.0,0.9550546697017014,0.4386499362257613,4.052812413780501,4.149198526344449
tol_10km_int_5min,eshria,markov_order_2,5,nearest,,10.0,96.0,0.9550546697017014,0.4328559423394131,4.052812413780501,4.149198526344449
tol_10km_int_5min,eshria,vq_ctw,5,nearest,256.0,10.0,96.0,1.0,0.0,8.237605709398641,8.237605709398641
tol_10km_int_5min,eshria,vq_ctw,5,nearest,512.0,10.0,96.0,1.0,0.0,8.754473628010086,8.754473628010086
tol_10km_int_5min,eshria,vq_ctw,5,nearest,1024.0,10.0,96.0,1.0,0.0,9.017041899944909,9.017041899944909
tol_10km_int_5min,eshroa,direct_ctw,5,nearest,,10.0,36.0,0.9108500936627902,0.5169628312474512,4.661671238779755,4.797841283945735
tol_10km_int_5min,eshroa,markov_order_1,5,nearest,,10.0,36.0,0.8531289255633977,0.7462996837042497,4.661671238779755,4.797841283945735
tol_10km_int_5min,eshroa,markov_order_2,5,nearest,,10.0,36.0,0.8418698331169389,0.7852989634306067,4.661671238779755,4.797841283945735
tol_10km_int_5min,eshroa,vq_ctw,5,nearest,256.0,10.0,36.0,1.0,0.0,8.314795110315114,8.314795110315114
tol_10km_int_5min,eshroa,vq_ctw,5,nearest,512.0,10.0,36.0,1.0,0.0,9.128278387719844,9.128278387719844
tol_10km_int_5min,eshroa,vq_ctw,5,nearest,1024.0,10.0,36.0,1.0,0.0,9.481488560842516,9.481488560842516
tol_10km_int_5min,esnddc,direct_ctw,5,nearest,,10.0,71.0,0.9458530957274004,0.5584518302963758,4.902958542733325,4.969219476118689
tol_10km_int_5min,esnddc,markov_order_1,5,nearest,,10.0,71.0,0.9102614943464716,0.7104705011723651,4.902958542733325,4.969219476118689
tol_10km_int_5min,esnddc,markov_order_2,5,nearest,,10.0,71.0,0.9109652519121424,0.6957072121282202,4.902958542733325,4.969219476118689
tol_10km_int_5min,esnddc,vq_ctw,5,nearest,256.0,10.0,71.0,1.0,0.0,8.56816847825052,8.56816847825052
tol_10km_int_5min,esnddc,vq_ctw,5,nearest,512.0,10.0,71.0,1.0,0.0,9.526720693805908,9.526720693805908
tol_10km_int_5min,esnddc,vq_ctw,5,nearest,1024.0,10.0,71.0,1.0,0.0,9.308219493998854,9.308219493998854
tol_10km_int_5min,esudce,direct_ctw,5,nearest,,10.0,121.0,0.922102042652314,0.5898259193648807,4.46288454232372,4.5778060695060345
tol_10km_int_5min,esudce,markov_order_1,5,nearest,,10.0,121.0,0.8746960654700244,0.7835752341890813,4.46288454232372,4.5778060695060345
tol_10km_int_5min,esudce,markov_order_2,5,nearest,,10.0,121.0,0.8736723228466838,0.7986306782938163,4.46288454232372,4.5778060695060345
tol_10km_int_5min,esudce,vq_ctw,5,nearest,256.0,10.0,121.0,1.0,0.0,8.427373495091437,8.427373495091437
tol_10km_int_5min,esudce,vq_ctw,5,nearest,512.0,10.0,121.0,1.0,0.0,9.868964702173182,9.868964702173182
tol_10km_int_5min,esudce,vq_ctw,5,nearest,1024.0,10.0,121.0,1.0,0.0,9.279979906585144,9.279979906585144
tol_10km_int_5min,etirnf,direct_ctw,5,nearest,,10.0,19.0,0.9999999999980904,0.5695903865540903,5.043365369672655,5.1374366336671065
tol_10km_int_5min,etirnf,markov_order_1,5,nearest,,10.0,19.0,0.9999999999980904,0.6902665767146988,5.043365369672655,5.1374366336671065
tol_10km_int_5min,etirnf,markov_order_2,5,nearest,,10.0,19.0,0.9999999999980904,0.733390237804772,5.043365369672655,5.1374366336671065
tol_10km_int_5min,etirnf,vq_ctw,5,nearest,256.0,10.0,19.0,1.0,0.0,7.896720495852367,7.896720495852367
tol_10km_int_5min,etirnf,vq_ctw,5,nearest,512.0,10.0,19.0,1.0,0.0,9.026427661165316,9.026427661165316
tol_10km_int_5min,etirnf,vq_ctw,5,nearest,1024.0,10.0,19.0,1.0,0.0,8.694279570805469,8.694279570805469
tol_10km_int_5min,etnads,direct_ctw,5,nearest,,10.0,350.0,0.927653031930106,0.5676052774709269,4.45528812788667,4.563298541093527
tol_10km_int_5min,etnads,markov_order_1,5,nearest,,10.0,350.0,0.8876758182646757,0.7369969360426134,4.45528812788667,4.563298541093527
tol_10km_int_5min,etnads,markov_order_2,5,nearest,,10.0,350.0,0.8879639500917644,0.7374240009950609,4.45528812788667,4.563298541093527
tol_10km_int_5min,etnads,vq_ctw,5,nearest,256.0,10.0,350.0,1.0,0.0,7.845445415990495,7.845445415990495
tol_10km_int_5min,etnads,vq_ctw,5,nearest,512.0,10.0,350.0,1.0,0.0,8.994591431088384,8.994591431088384
tol_10km_int_5min,etnads,vq_ctw,5,nearest,1024.0,10.0,350.0,1.0,0.0,8.449506533105188,8.449506533105188
tol_10km_int_5min,eufdod,direct_ctw,5,nearest,,10.0,53.0,0.8877020184492587,0.6923678501371997,4.769842043232172,4.88852764288601
tol_10km_int_5min,eufdod,markov_order_1,5,nearest,,10.0,53.0,0.8066269011746228,0.9886745579567509,4.769842043232172,4.88852764288601
tol_10km_int_5min,eufdod,markov_order_2,5,nearest,,10.0,53.0,0.8028891713213475,1.0257681306825,4.769842043232172,4.88852764288601
tol_10km_int_5min,eufdod,vq_ctw,5,nearest,256.0,10.0,53.0,1.0,0.0,8.152798273084064,8.152798273084064
tol_10km_int_5min,eufdod,vq_ctw,5,nearest,512.0,10.0,53.0,1.0,0.0,9.509232217883492,9.509232217883492
tol_10km_int_5min,eufdod,vq_ctw,5,nearest,1024.0,10.0,53.0,1.0,0.0,9.207033593271602,9.207033593271602
tol_10km_int_5min,evbacc,direct_ctw,5,nearest,,10.0,102.0,0.9302099001514288,0.5148155893249281,4.407886606532977,4.485898254400797
tol_10km_int_5min,evbacc,markov_order_1,5,nearest,,10.0,102.0,0.9023588868314292,0.6668367349209385,4.407886606532977,4.485898254400797
tol_10km_int_5min,evbacc,markov_order_2,5,nearest,,10.0,102.0,0.9021746110303188,0.6618151043068338,4.407886606532977,4.485898254400797
tol_10km_int_5min,evbacc,vq_ctw,5,nearest,256.0,10.0,102.0,1.0,0.0,7.869990712941699,7.869990712941699
tol_10km_int_5min,evbacc,vq_ctw,5,nearest,512.0,10.0,102.0,1.0,0.0,9.088558676599876,9.088558676599876
tol_10km_int_5min,evbacc,vq_ctw,5,nearest,1024.0,10.0,102.0,1.0,0.0,8.072060843820598,8.072060843820598
tol_10km_int_5min,evdyff,direct_ctw,5,nearest,,10.0,181.0,0.9136446321870132,0.5344762505989044,4.393842926421087,4.483030067023294
tol_10km_int_5min,evdyff,markov_order_1,5,nearest,,10.0,181.0,0.865841041191574,0.7191175168007378,4.393842926421087,4.483030067023294
tol_10km_int_5min,evdyff,markov_order_2,5,nearest,,10.0,181.0,0.8584306052847948,0.7487625318625885,4.393842926421087,4.483030067023294
tol_10km_int_5min,evdyff,vq_ctw,5,nearest,256.0,10.0,181.0,1.0,0.0,7.883615208619058,7.883615208619058
tol_10km_int_5min,evdyff,vq_ctw,5,nearest,512.0,10.0,181.0,1.0,0.0,8.959037189210768,8.959037189210768
tol_10km_int_5min,evdyff,vq_ctw,5,nearest,1024.0,10.0,181.0,1.0,0.0,8.471147220570261,8.471147220570261
tol_10km_int_5min,evjoko,direct_ctw,5,nearest,,10.0,116.0,0.919191455561981,0.4778976315257294,4.684146132850597,4.784601645665549
tol_10km_int_5min,evjoko,markov_order_1,5,nearest,,10.0,116.0,0.8809083055860774,0.6288261854724093,4.684146132850597,4.784601645665549
tol_10km_int_5min,evjoko,markov_order_2,5,nearest,,10.0,116.0,0.8616508462622626,0.6958561409779832,4.684146132850597,4.784601645665549
tol_10km_int_5min,evjoko,vq_ctw,5,nearest,256.0,10.0,116.0,1.0,0.0,8.575620401785072,8.575620401785072
tol_10km_int_5min,evjoko,vq_ctw,5,nearest,512.0,10.0,116.0,1.0,0.0,9.352475393670629,9.352475393670629
tol_10km_int_5min,evjoko,vq_ctw,5,nearest,1024.0,10.0,116.0,1.0,0.0,9.38081624943289,9.38081624943289
tol_10km_int_5min,evmaja,direct_ctw,5,nearest,,10.0,54.0,0.9999999999986916,0.2367819869960486,3.977595722858257,4.051424284346656
tol_10km_int_5min,evmaja,markov_order_1,5,nearest,,10.0,54.0,0.9999999999986916,0.3002049185578723,3.977595722858257,4.051424284346656
tol_10km_int_5min,evmaja,markov_order_2,5,nearest,,10.0,54.0,0.9999999999986916,0.2989794981389338,3.977595722858257,4.051424284346656
tol_10km_int_5min,evmaja,vq_ctw,5,nearest,256.0,10.0,54.0,1.0,0.0,7.23714659307917,7.23714659307917
tol_10km_int_5min,evmaja,vq_ctw,5,nearest,512.0,10.0,54.0,1.0,0.0,8.567389730223159,8.567389730223159
tol_10km_int_5min,evmaja,vq_ctw,5,nearest,1024.0,10.0,54.0,1.0,0.0,8.181459734063028,8.181459734063028
tol_10km_int_5min,evtitd,direct_ctw,5,nearest,,10.0,208.0,0.9239174144718736,0.5567551021668818,4.699429504402068,4.819815105361747
tol_10km_int_5min,evtitd,markov_order_1,5,nearest,,10.0,208.0,0.8665746389432751,0.8027673490119954,4.699429504402068,4.819815105361747
tol_10km_int_5min,evtitd,markov_order_2,5,nearest,,10.0,208.0,0.8688271810679624,0.7927119962845688,4.699429504402068,4.819815105361747
tol_10km_int_5min,evtitd,vq_ctw,5,nearest,256.0,10.0,208.0,1.0,0.0,8.031903588111671,8.031903588111671
tol_10km_int_5min,evtitd,vq_ctw,5,nearest,512.0,10.0,208.0,1.0,0.0,8.972005979887387,8.972005979887387
tol_10km_int_5min,evtitd,vq_ctw,5,nearest,1024.0,10.0,208.0,1.0,0.0,8.628618816263453,8.628618816263453
tol_10km_int_5min,ewbglo,direct_ctw,5,nearest,,10.0,162.0,0.9672088845016296,0.4938872765760042,4.324760454725937,4.426769728726012
tol_10km_int_5min,ewbglo,markov_order_1,5,nearest,,10.0,162.0,0.9537404787570928,0.5946117070735925,4.324760454725937,4.426769728726012
tol_10km_int_5min,ewbglo,markov_order_2,5,nearest,,10.0,162.0,0.9537404787570928,0.5623108280038567,4.324760454725937,4.426769728726012
tol_10km_int_5min,ewbglo,vq_ctw,5,nearest,256.0,10.0,162.0,1.0,0.0,7.214923175829596,7.214923175829596
tol_10km_int_5min,ewbglo,vq_ctw,5,nearest,512.0,10.0,162.0,1.0,0.0,8.848720344564216,8.848720344564216
tol_10km_int_5min,ewbglo,vq_ctw,5,nearest,1024.0,10.0,162.0,1.0,0.0,7.856572121291203,7.856572121291203
tol_10km_int_5min,ewedkl,direct_ctw,5,nearest,,10.0,18.0,0.8902000823283215,0.6091120719491551,3.5689501463962725,3.6445535655642862
tol_10km_int_5min,ewedkl,markov_order_1,5,nearest,,10.0,18.0,0.8669033089819942,0.6989668095209611,3.5689501463962725,3.6445535655642862
tol_10km_int_5min,ewedkl,markov_order_2,5,nearest,,10.0,18.0,0.86515790753692,0.7054117472662922,3.5689501463962725,3.6445535655642862
tol_10km_int_5min,ewedkl,vq_ctw,5,nearest,256.0,10.0,18.0,1.0,0.0,7.44225684883889,7.44225684883889
tol_10km_int_5min,ewedkl,vq_ctw,5,nearest,512.0,10.0,18.0,1.0,0.0,9.068985624295442,9.068985624295442
tol_10km_int_5min,ewedkl,vq_ctw,5,nearest,1024.0,10.0,18.0,1.0,0.0,7.8315312328211455,7.8315312328211455
tol_10km_int_5min,ewufri,direct_ctw,5,nearest,,10.0,88.0,0.9244776511098812,0.506084917805428,4.211888586124511,4.279542127894644
tol_10km_int_5min,ewufri,markov_order_1,5,nearest,,10.0,88.0,0.864983565009291,0.746944024224024,4.211888586124511,4.279542127894644
tol_10km_int_5min,ewufri,markov_order_2,5,nearest,,10.0,88.0,0.8416386759351758,0.8232605286637011,4.211888586124511,4.279542127894644
tol_10km_int_5min,ewufri,vq_ctw,5,nearest,256.0,10.0,88.0,1.0,0.0,8.58429923733597,8.58429923733597
tol_10km_int_5min,ewufri,vq_ctw,5,nearest,512.0,10.0,88.0,1.0,0.0,9.412882985964655,9.412882985964655
tol_10km_int_5min,ewufri,vq_ctw,5,nearest,1024.0,10.0,88.0,1.0,0.0,9.424811468809027,9.424811468809027
tol_10km_int_5min,ewvnil,direct_ctw,5,nearest,,10.0,17.0,1.0,0.0,3.650340036225676,3.722276235125448
tol_10km_int_5min,ewvnil,markov_order_1,5,nearest,,10.0,17.0,1.0,0.0,3.650340036225676,3.722276235125448
tol_10km_int_5min,ewvnil,markov_order_2,5,nearest,,10.0,17.0,1.0,0.0,3.650340036225676,3.722276235125448
tol_10km_int_5min,ewvnil,vq_ctw,5,nearest,256.0,10.0,17.0,1.0,0.0,7.931912866282145,7.931912866282145
tol_10km_int_5min,ewvnil,vq_ctw,5,nearest,512.0,10.0,17.0,1.0,0.0,8.62781777171685,8.62781777171685
tol_10km_int_5min,ewvnil,vq_ctw,5,nearest,1024.0,10.0,17.0,1.0,0.0,8.103082512428946,8.103082512428946
tol_10km_int_5min,exskaf,direct_ctw,5,nearest,,10.0,54.0,0.9559847759849508,0.3724457494058433,4.632478189170912,4.681711590423707
tol_10km_int_5min,exskaf,markov_order_1,5,nearest,,10.0,54.0,0.8983859683861533,0.5896296057654993,4.632478189170912,4.681711590423707
tol_10km_int_5min,exskaf,markov_order_2,5,nearest,,10.0,54.0,0.9090084364905112,0.5608309230278592,4.632478189170912,4.681711590423707
tol_10km_int_5min,exskaf,vq_ctw,5,nearest,256.0,10.0,54.0,1.0,0.0,8.306930983949176,8.306930983949176
tol_10km_int_5min,exskaf,vq_ctw,5,nearest,512.0,10.0,54.0,1.0,0.0,8.730968438998636,8.730968438998636
tol_10km_int_5min,exskaf,vq_ctw,5,nearest,1024.0,10.0,54.0,1.0,0.0,8.715584091619398,8.715584091619398
tol_10km_int_5min,eybmij,direct_ctw,5,nearest,,10.0,54.0,0.8931015665474445,0.6199765011419467,4.42731759900867,4.56564553984097
tol_10km_int_5min,eybmij,markov_order_1,5,nearest,,10.0,54.0,0.8035212194172339,0.9384866170923648,4.42731759900867,4.56564553984097
tol_10km_int_5min,eybmij,markov_order_2,5,nearest,,10.0,54.0,0.7888616636051211,0.9794722182534203,4.42731759900867,4.56564553984097
tol_10km_int_5min,eybmij,vq_ctw,5,nearest,256.0,10.0,54.0,1.0,0.0,9.007983464003123,9.007983464003123
tol_10km_int_5min,eybmij,vq_ctw,5,nearest,512.0,10.0,54.0,1.0,0.0,9.797792096200386,9.797792096200386
tol_10km_int_5min,eybmij,vq_ctw,5,nearest,1024.0,10.0,54.0,1.0,0.0,9.491624664977511,9.491624664977511
tol_10km_int_5min,eybyay,direct_ctw,5,nearest,,10.0,112.0,0.9128738476509114,0.5687751135116406,4.588674934546456,4.663697964945045
tol_10km_int_5min,eybyay,markov_order_1,5,nearest,,10.0,112.0,0.8705425746320815,0.7405650434680717,4.588674934546456,4.663697964945045
tol_10km_int_5min,eybyay,markov_order_2,5,nearest,,10.0,112.0,0.8712379547300377,0.7123224453267581,4.588674934546456,4.663697964945045
tol_10km_int_5min,eybyay,vq_ctw,5,nearest,256.0,10.0,112.0,1.0,0.0,8.07571942373097,8.07571942373097
tol_10km_int_5min,eybyay,vq_ctw,5,nearest,512.0,10.0,112.0,1.0,0.0,9.1813104685198,9.1813104685198
tol_10km_int_5min,eybyay,vq_ctw,5,nearest,1024.0,10.0,112.0,1.0,0.0,8.78685096830657,8.78685096830657
tol_10km_int_5min,iackaw,direct_ctw,5,nearest,,10.0,54.0,0.8570317597276532,0.7597708077345523,4.729052410499536,4.813363231417387
tol_10km_int_5min,iackaw,markov_order_1,5,nearest,,10.0,54.0,0.7608885063193868,1.179147160474925,4.729052410499536,4.813363231417387
tol_10km_int_5min,iackaw,markov_order_2,5,nearest,,10.0,54.0,0.7744521282314594,1.0719604158247196,4.729052410499536,4.813363231417387
tol_10km_int_5min,iackaw,vq_ctw,5,nearest,256.0,10.0,54.0,1.0,0.0,8.778419854354004,8.778419854354004
tol_10km_int_5min,iackaw,vq_ctw,5,nearest,512.0,10.0,54.0,1.0,0.0,9.553560028361357,9.553560028361357
tol_10km_int_5min,iackaw,vq_ctw,5,nearest,1024.0,10.0,54.0,1.0,0.0,9.422412423848126,9.422412423848126
tol_10km_int_5min,iafbag,direct_ctw,5,nearest,,10.0,63.0,0.9710192921546592,0.3149354386234393,4.603493071831164,4.6922209409524696
tol_10km_int_5min,iafbag,markov_order_1,5,nearest,,10.0,63.0,0.944126193971615,0.4462718451700177,4.603493071831164,4.6922209409524696
tol_10km_int_5min,iafbag,markov_order_2,5,nearest,,10.0,63.0,0.9396610638101592,0.4743314179555855,4.603493071831164,4.6922209409524696
tol_10km_int_5min,iafbag,vq_ctw,5,nearest,256.0,10.0,63.0,1.0,0.0,7.936615643374036,7.936615643374036
tol_10km_int_5min,iafbag,vq_ctw,5,nearest,512.0,10.0,63.0,1.0,0.0,8.82481515525516,8.82481515525516
tol_10km_int_5min,iafbag,vq_ctw,5,nearest,1024.0,10.0,63.0,1.0,0.0,8.653769237296354,8.653769237296354
tol_10km_int_5min,iafstn,direct_ctw,5,nearest,,10.0,174.0,0.9265460260703924,0.5214828318095106,4.416137294965344,4.5209994067761645
tol_10km_int_5min,iafstn,markov_order_1,5,nearest,,10.0,174.0,0.8728026067962671,0.7647775575035065,4.416137294965344,4.5209994067761645
tol_10km_int_5min,iafstn,markov_order_2,5,nearest,,10.0,174.0,0.8715386463647177,0.7450503988965775,4.416137294965344,4.5209994067761645
tol_10km_int_5min,iafstn,vq_ctw,5,nearest,256.0,10.0,174.0,1.0,0.0,8.130730405043261,8.130730405043261
tol_10km_int_5min,iafstn,vq_ctw,5,nearest,512.0,10.0,174.0,1.0,0.0,9.083341640574696,9.083341640574696
tol_10km_int_5min,iafstn,vq_ctw,5,nearest,1024.0,10.0,174.0,1.0,0.0,8.92400710695455,8.92400710695455
tol_10km_int_5min,iaggri,direct_ctw,5,nearest,,10.0,16.0,0.8388416619848202,0.7982318174093989,5.655601272694977,5.707827685196368
tol_10km_int_5min,iaggri,markov_order_1,5,nearest,,10.0,16.0,0.7729078048136215,1.18160279102096,5.655601272694977,5.707827685196368
tol_10km_int_5min,iaggri,markov_order_2,5,nearest,,10.0,16.0,0.7729078048136215,1.0869752034440725,5.655601272694977,5.707827685196368
tol_10km_int_5min,iaggri,vq_ctw,5,nearest,256.0,10.0,16.0,1.0,0.0,8.917770630836818,8.917770630836818
tol_10km_int_5min,iaggri,vq_ctw,5,nearest,512.0,10.0,16.0,1.0,0.0,9.598562468743411,9.598562468743411
tol_10km_int_5min,iaggri,vq_ctw,5,nearest,1024.0,10.0,16.0,1.0,0.0,9.879980473093667,9.879980473093667
tol_10km_int_5min,iahoro,direct_ctw,5,nearest,,10.0,16.0,0.875306056986278,0.66739855736413,4.625575865181753,4.739079735924163
tol_10km_int_5min,iahoro,markov_order_1,5,nearest,,10.0,16.0,0.7729078048136215,1.0180842445464555,4.625575865181753,4.739079735924163
tol_10km_int_5min,iahoro,markov_order_2,5,nearest,,10.0,16.0,0.7729078048136215,1.059380244053768,4.625575865181753,4.739079735924163
tol_10km_int_5min,iahoro,vq_ctw,5,nearest,256.0,10.0,16.0,1.0,0.0,7.93745590558157,7.93745590558157
tol_10km_int_5min,iahoro,vq_ctw,5,nearest,512.0,10.0,16.0,1.0,0.0,8.890810181846252,8.890810181846252
tol_10km_int_5min,iahoro,vq_ctw,5,nearest,1024.0,10.0,16.0,1.0,0.0,8.44041208947062,8.44041208947062
tol_10km_int_5min,iapber,direct_ctw,5,nearest,,10.0,62.0,0.9345218540130212,0.5550629895302561,4.667519618141988,4.77017047774483
tol_10km_int_5min,iapber,markov_order_1,5,nearest,,10.0,62.0,0.9206743336934844,0.6135869186297237,4.667519618141988,4.77017047774483
tol_10km_int_5min,iapber,markov_order_2,5,nearest,,10.0,62.0,0.9207183376298862,0.6070609005539103,4.667519618141988,4.77017047774483
tol_10km_int_5min,iapber,vq_ctw,5,nearest,256.0,10.0,62.0,1.0,0.0,7.395960015780584,7.395960015780584
tol_10km_int_5min,iapber,vq_ctw,5,nearest,512.0,10.0,62.0,1.0,0.0,9.249633202948129,9.249633202948129
tol_10km_int_5min,iapber,vq_ctw,5,nearest,1024.0,10.0,62.0,1.0,0.0,8.007064602149175,8.007064602149175
tol_10km_int_5min,iatojb,direct_ctw,5,nearest,,10.0,50.0,0.9999999999980906,0.4556425095821066,4.251625282866866,4.349475517514611
tol_10km_int_5min,iatojb,markov_order_1,5,nearest,,10.0,50.0,0.9999999999980906,0.5823477959107932,4.251625282866866,4.349475517514611
tol_10km_int_5min,iatojb,markov_order_2,5,nearest,,10.0,50.0,0.9999999999980906,0.549854955925742,4.251625282866866,4.349475517514611
tol_10km_int_5min,iatojb,vq_ctw,5,nearest,256.0,10.0,50.0,1.0,0.0,7.570920805972544,7.570920805972544
tol_10km_int_5min,iatojb,vq_ctw,5,nearest,512.0,10.0,50.0,1.0,0.0,8.480116880816437,8.480116880816437
tol_10km_int_5min,iatojb,vq_ctw,5,nearest,1024.0,10.0,50.0,1.0,0.0,8.417777304436754,8.417777304436754
tol_10km_int_5min,ibflsr,direct_ctw,5,nearest,,10.0,91.0,0.9764552984465724,0.3972997004385465,4.446258425485847,4.551596180799338
tol_10km_int_5min,ibflsr,markov_order_1,5,nearest,,10.0,91.0,0.952871335450078,0.518813412785337,4.446258425485847,4.551596180799338
tol_10km_int_5min,ibflsr,markov_order_2,5,nearest,,10.0,91.0,0.9556415800084654,0.493787419655827,4.446258425485847,4.551596180799338
tol_10km_int_5min,ibflsr,vq_ctw,5,nearest,256.0,10.0,91.0,1.0,0.0,7.415761259745735,7.415761259745735
tol_10km_int_5min,ibflsr,vq_ctw,5,nearest,512.0,10.0,91.0,1.0,0.0,8.647003710377001,8.647003710377001
tol_10km_int_5min,ibflsr,vq_ctw,5,nearest,1024.0,10.0,91.0,1.0,0.0,8.025288005917265,8.025288005917265
tol_10km_int_5min,ibgryk,direct_ctw,5,nearest,,10.0,128.0,0.8761844081946472,0.7201965707562983,4.851477719047907,4.955736085352918
tol_10km_int_5min,ibgryk,markov_order_1,5,nearest,,10.0,128.0,0.8104803045523042,0.9982389551709148,4.851477719047907,4.955736085352918
tol_10km_int_5min,ibgryk,markov_order_2,5,nearest,,10.0,128.0,0.8055860230821991,1.0233150727905864,4.851477719047907,4.955736085352918
tol_10km_int_5min,ibgryk,vq_ctw,5,nearest,256.0,10.0,128.0,1.0,0.0,8.69771600900819,8.69771600900819
tol_10km_int_5min,ibgryk,vq_ctw,5,nearest,512.0,10.0,128.0,1.0,0.0,9.642655247608912,9.642655247608912
tol_10km_int_5min,ibgryk,vq_ctw,5,nearest,1024.0,10.0,128.0,1.0,0.0,9.115970027613308,9.115970027613308
tol_10km_int_5min,iblool,direct_ctw,5,nearest,,10.0,54.0,0.9463511758740424,0.6165739775426252,4.964818136045115,5.047473511499062
tol_10km_int_5min,iblool,markov_order_1,5,nearest,,10.0,54.0,0.928508012625202,0.7920879063531806,4.964818136045115,5.047473511499062
tol_10km_int_5min,iblool,markov_order_2,5,nearest,,10.0,54.0,0.928508012625202,0.7860199100793095,4.964818136045115,5.047473511499062
tol_10km_int_5min,iblool,vq_ctw,5,nearest,256.0,10.0,54.0,1.0,0.0,8.372097343437943,8.372097343437943
tol_10km_int_5min,iblool,vq_ctw,5,nearest,512.0,10.0,54.0,1.0,0.0,9.727925331634472,9.727925331634472
tol_10km_int_5min,iblool,vq_ctw,5,nearest,1024.0,10.0,54.0,1.0,0.0,8.804947699277864,8.804947699277864
tol_10km_int_5min,ibpijd,direct_ctw,5,nearest,,10.0,183.0,0.9643750128130316,0.4416378219553218,4.339717362892907,4.45586190342066
tol_10km_int_5min,ibpijd,markov_order_1,5,nearest,,10.0,183.0,0.9411413320546336,0.5650679956562257,4.339717362892907,4.45586190342066
tol_10km_int_5min,ibpijd,markov_order_2,5,nearest,,10.0,183.0,0.9369137982138822,0.5900635244296109,4.339717362892907,4.45586190342066
tol_10km_int_5min,ibpijd,vq_ctw,5,nearest,256.0,10.0,183.0,1.0,0.0,8.047060635247544,8.047060635247544
tol_10km_int_5min,ibpijd,vq_ctw,5,nearest,512.0,10.0,183.0,1.0,0.0,9.13019964270761,9.13019964270761
tol_10km_int_5min,ibpijd,vq_ctw,5,nearest,1024.0,10.0,183.0,1.0,0.0,8.601631075019728,8.601631075019728
tol_10km_int_5min,ibwici,direct_ctw,5,nearest,,10.0,88.0,0.935432851754421,0.3953777165827388,4.102887403690349,4.166348343217805
tol_10km_int_5min,ibwici,markov_order_1,5,nearest,,10.0,88.0,0.8909015705438268,0.5199062117251578,4.102887403690349,4.166348343217805
tol_10km_int_5min,ibwici,markov_order_2,5,nearest,,10.0,88.0,0.8785498195708744,0.5738617291949869,4.102887403690349,4.166348343217805
tol_10km_int_5min,ibwici,vq_ctw,5,nearest,256.0,10.0,88.0,1.0,0.0,8.893146790222026,8.893146790222026
tol_10km_int_5min,ibwici,vq_ctw,5,nearest,512.0,10.0,88.0,1.0,0.0,8.840234455287298,8.840234455287298
tol_10km_int_5min,ibwici,vq_ctw,5,nearest,1024.0,10.0,88.0,1.0,0.0,9.148811662964604,9.148811662964604
tol_10km_int_5min,icagpo,direct_ctw,5,nearest,,10.0,135.0,0.977093676500168,0.5277081115157389,4.738202910374764,4.830355103625237
tol_10km_int_5min,icagpo,markov_order_1,5,nearest,,10.0,135.0,0.9610764477385813,0.6455338501498606,4.738202910374764,4.830355103625237
tol_10km_int_5min,icagpo,markov_order_2,5,nearest,,10.0,135.0,0.9576398453348676,0.6619755211463624,4.738202910374764,4.830355103625237
tol_10km_int_5min,icagpo,vq_ctw,5,nearest,256.0,10.0,135.0,1.0,0.0,8.742930265510548,8.742930265510548
tol_10km_int_5min,icagpo,vq_ctw,5,nearest,512.0,10.0,135.0,1.0,0.0,10.058249310459203,10.058249310459203
tol_10km_int_5min,icagpo,vq_ctw,5,nearest,1024.0,10.0,135.0,1.0,0.0,8.781769928375386,8.781769928375386
tol_10km_int_5min,icdahe,direct_ctw,5,nearest,,10.0,19.0,0.8826112903181262,0.639196627505285,5.568054853593915,5.627038523788492
tol_10km_int_5min,icdahe,markov_order_1,5,nearest,,10.0,19.0,0.8087794953019702,0.8952381952056648,5.568054853593915,5.627038523788492
tol_10km_int_5min,icdahe,markov_order_2,5,nearest,,10.0,19.0,0.7729078048136215,1.0302884099640424,5.568054853593915,5.627038523788492
tol_10km_int_5min,icdahe,vq_ctw,5,nearest,256.0,10.0,19.0,1.0,0.0,9.979999926878598,9.979999926878598
tol_10km_int_5min,icdahe,vq_ctw,5,nearest,512.0,10.0,19.0,1.0,0.0,10.335303439228996,10.335303439228996
tol_10km_int_5min,icdahe,vq_ctw,5,nearest,1024.0,10.0,19.0,1.0,0.0,10.38427345210156,10.38427345210156
tol_10km_int_5min,icdapn,direct_ctw,5,nearest,,10.0,50.0,0.9507774699464142,0.5634464563774967,4.755173346069986,4.8340297050295735
tol_10km_int_5min,icdapn,markov_order_1,5,nearest,,10.0,50.0,0.9273304975390604,0.7515944095549191,4.755173346069986,4.8340297050295735
tol_10km_int_5min,icdapn,markov_order_2,5,nearest,,10.0,50.0,0.9273304975390604,0.7916024047239076,4.755173346069986,4.8340297050295735
tol_10km_int_5min,icdapn,vq_ctw,5,nearest,256.0,10.0,50.0,1.0,0.0,8.30159317348015,8.30159317348015
tol_10km_int_5min,icdapn,vq_ctw,5,nearest,512.0,10.0,50.0,1.0,0.0,9.21796979336194,9.21796979336194
tol_10km_int_5min,icdapn,vq_ctw,5,nearest,1024.0,10.0,50.0,1.0,0.0,8.804424623450625,8.804424623450625
tol_10km_int_5min,icdult,direct_ctw,5,nearest,,10.0,37.0,0.951134300157893,0.2817240939734669,3.878699545423833,3.9860200268861417
tol_10km_int_5min,icdult,markov_order_1,5,nearest,,10.0,37.0,0.9468971994761206,0.2994429348121814,3.878699545423833,3.9860200268861417
tol_10km_int_5min,icdult,markov_order_2,5,nearest,,10.0,37.0,0.9482428026287114,0.2938767091007346,3.878699545423833,3.9860200268861417
tol_10km_int_5min,icdult,vq_ctw,5,nearest,256.0,10.0,37.0,1.0,0.0,7.848364991007945,7.848364991007945
tol_10km_int_5min,icdult,vq_ctw,5,nearest,512.0,10.0,37.0,1.0,0.0,8.60269675242449,8.60269675242449
tol_10km_int_5min,icdult,vq_ctw,5,nearest,1024.0,10.0,37.0,1.0,0.0,8.615683350369267,8.615683350369267
tol_10km_int_5min,icedpa,direct_ctw,5,nearest,,10.0,86.0,0.9653077051393032,0.4936055790446008,4.388580976801066,4.497472018941357
tol_10km_int_5min,icedpa,markov_order_1,5,nearest,,10.0,86.0,0.9362762937791484,0.6003766303531662,4.388580976801066,4.497472018941357
tol_10km_int_5min,icedpa,markov_order_2,5,nearest,,10.0,86.0,0.943478352653995,0.5675313220875557,4.388580976801066,4.497472018941357
tol_10km_int_5min,icedpa,vq_ctw,5,nearest,256.0,10.0,86.0,1.0,0.0,8.400759466212094,8.400759466212094
tol_10km_int_5min,icedpa,vq_ctw,5,nearest,512.0,10.0,86.0,1.0,0.0,9.082537070648044,9.082537070648044
tol_10km_int_5min,icedpa,vq_ctw,5,nearest,1024.0,10.0,86.0,1.0,0.0,8.535956565698003,8.535956565698003
tol_10km_int_5min,ichiki,direct_ctw,5,nearest,,10.0,106.0,0.9526449679119762,0.4615276040328139,4.340883146017518,4.393039268636517
tol_10km_int_5min,ichiki,markov_order_1,5,nearest,,10.0,106.0,0.9095998066813332,0.5970974222682971,4.340883146017518,4.393039268636517
tol_10km_int_5min,ichiki,markov_order_2,5,nearest,,10.0,106.0,0.9103630788626256,0.6107507665490207,4.340883146017518,4.393039268636517
tol_10km_int_5min,ichiki,vq_ctw,5,nearest,256.0,10.0,106.0,1.0,0.0,7.625229292619895,7.625229292619895
tol_10km_int_5min,ichiki,vq_ctw,5,nearest,512.0,10.0,106.0,1.0,0.0,8.836035838080003,8.836035838080003
tol_10km_int_5min,ichiki,vq_ctw,5,nearest,1024.0,10.0,106.0,1.0,0.0,8.030564169575198,8.030564169575198
tol_10km_int_5min,ickguw,direct_ctw,5,nearest,,10.0,117.0,0.9367599146940104,0.5576366495237566,4.417546875590509,4.5224299231508125
tol_10km_int_5min,ickguw,markov_order_1,5,nearest,,10.0,117.0,0.8811091023114312,0.7432670793951173,4.417546875590509,4.5224299231508125
tol_10km_int_5min,ickguw,markov_order_2,5,nearest,,10.0,117.0,0.886216322884151,0.7211111475000203,4.417546875590509,4.5224299231508125
tol_10km_int_5min,ickguw,vq_ctw,5,nearest,256.0,10.0,117.0,1.0,0.0,8.388473639696572,8.388473639696572
tol_10km_int_5min,ickguw,vq_ctw,5,nearest,512.0,10.0,117.0,1.0,0.0,9.38995968364426,9.38995968364426
tol_10km_int_5min,ickguw,vq_ctw,5,nearest,1024.0,10.0,117.0,1.0,0.0,8.69110099140507,8.69110099140507
tol_10km_int_5min,ickphi,direct_ctw,5,nearest,,10.0,61.0,0.961861800831178,0.5164130196045875,4.638491991585667,4.735571926271457
tol_10km_int_5min,ickphi,markov_order_1,5,nearest,,10.0,61.0,0.9276848743572512,0.7244946140062406,4.638491991585667,4.735571926271457
tol_10km_int_5min,ickphi,markov_order_2,5,nearest,,10.0,61.0,0.9177009596180554,0.7121881730180476,4.638491991585667,4.735571926271457
tol_10km_int_5min,ickphi,vq_ctw,5,nearest,256.0,10.0,61.0,1.0,0.0,7.887721276076237,7.887721276076237
tol_10km_int_5min,ickphi,vq_ctw,5,nearest,512.0,10.0,61.0,1.0,0.0,9.131960706198948,9.131960706198948
tol_10km_int_5min,ickphi,vq_ctw,5,nearest,1024.0,10.0,61.0,1.0,0.0,8.516077175347085,8.516077175347085
tol_10km_int_5min,ickviy,direct_ctw,5,nearest,,10.0,225.0,0.961461286275665,0.5383716192610389,4.577194890064557,4.668658586738816
tol_10km_int_5min,ickviy,markov_order_1,5,nearest,,10.0,225.0,0.9113380013518952,0.7435040632137501,4.577194890064557,4.668658586738816
tol_10km_int_5min,ickviy,markov_order_2,5,nearest,,10.0,225.0,0.915334014736458,0.7354346589427834,4.577194890064557,4.668658586738816
tol_10km_int_5min,ickviy,vq_ctw,5,nearest,256.0,10.0,225.0,1.0,0.0,8.321818752228092,8.321818752228092
tol_10km_int_5min,ickviy,vq_ctw,5,nearest,512.0,10.0,225.0,1.0,0.0,9.519219165128762,9.519219165128762
tol_10km_int_5min,ickviy,vq_ctw,5,nearest,1024.0,10.0,225.0,1.0,0.0,8.710552008104905,8.710552008104905
tol_10km_int_5min,ictlyp,direct_ctw,5,nearest,,10.0,35.0,0.9068481365256356,0.7637242387441924,4.931004503317737,5.032475448199562
tol_10km_int_5min,ictlyp,markov_order_1,5,nearest,,10.0,35.0,0.8767213797550931,1.0145465173071382,4.931004503317737,5.032475448199562
tol_10km_int_5min,ictlyp,markov_order_2,5,nearest,,10.0,35.0,0.8767213797550931,1.0009062548007464,4.931004503317737,5.032475448199562
tol_10km_int_5min,ictlyp,vq_ctw,5,nearest,256.0,10.0,35.0,1.0,0.0,8.360109277756132,8.360109277756132
tol_10km_int_5min,ictlyp,vq_ctw,5,nearest,512.0,10.0,35.0,1.0,0.0,9.450876416394,9.450876416394
tol_10km_int_5min,ictlyp,vq_ctw,5,nearest,1024.0,10.0,35.0,1.0,0.0,8.62381079219707,8.62381079219707
tol_10km_int_5min,ictmuo,direct_ctw,5,nearest,,10.0,39.0,0.8984282412707526,0.5839596080668505,4.664505989532247,4.78878893557127
tol_10km_int_5min,ictmuo,markov_order_1,5,nearest,,10.0,39.0,0.8047772287593982,0.981423963266568,4.664505989532247,4.78878893557127
tol_10km_int_5min,ictmuo,markov_order_2,5,nearest,,10.0,39.0,0.8025804774274443,0.9774071462357216,4.664505989532247,4.78878893557127
tol_10km_int_5min,ictmuo,vq_ctw,5,nearest,256.0,10.0,39.0,1.0,0.0,7.964913457195932,7.964913457195932
tol_10km_int_5min,ictmuo,vq_ctw,5,nearest,512.0,10.0,39.0,1.0,0.0,9.04972686501921,9.04972686501921
tol_10km_int_5min,ictmuo,vq_ctw,5,nearest,1024.0,10.0,39.0,1.0,0.0,8.325578244752688,8.325578244752688
tol_10km_int_5min,icwiro,direct_ctw,5,nearest,,10.0,110.0,0.9472196092877792,0.4306792532873343,4.255393674053968,4.37784540688994
tol_10km_int_5min,icwiro,markov_order_1,5,nearest,,10.0,110.0,0.9246713424499854,0.5156665035721133,4.255393674053968,4.37784540688994
tol_10km_int_5min,icwiro,markov_order_2,5,nearest,,10.0,110.0,0.9285130526422138,0.5026153856821532,4.255393674053968,4.37784540688994
tol_10km_int_5min,icwiro,vq_ctw,5,nearest,256.0,10.0,110.0,1.0,0.0,7.689883665735691,7.689883665735691
tol_10km_int_5min,icwiro,vq_ctw,5,nearest,512.0,10.0,110.0,1.0,0.0,8.611042149137399,8.611042149137399
tol_10km_int_5min,icwiro,vq_ctw,5,nearest,1024.0,10.0,110.0,1.0,0.0,8.282189310915372,8.282189310915372
tol_10km_int_5min,idbayb,direct_ctw,5,nearest,,10.0,87.0,0.939700307365946,0.6221337481595117,4.690874221978576,4.791924650373273
tol_10km_int_5min,idbayb,markov_order_1,5,nearest,,10.0,87.0,0.9058103246344076,0.8357507167468614,4.690874221978576,4.791924650373273
tol_10km_int_5min,idbayb,markov_order_2,5,nearest,,10.0,87.0,0.9070307535926246,0.7834542695986632,4.690874221978576,4.791924650373273
tol_10km_int_5min,idbayb,vq_ctw,5,nearest,256.0,10.0,87.0,1.0,0.0,8.158052631360182,8.158052631360182
tol_10km_int_5min,idbayb,vq_ctw,5,nearest,512.0,10.0,87.0,1.0,0.0,9.140545666817912,9.140545666817912
tol_10km_int_5min,idbayb,vq_ctw,5,nearest,1024.0,10.0,87.0,1.0,0.0,8.856660338519406,8.856660338519406
tol_10km_int_5min,idcadg,direct_ctw,5,nearest,,10.0,37.0,0.9764738903300904,0.3102978617229953,4.726944546846903,4.884988234777853
tol_10km_int_5min,idcadg,markov_order_1,5,nearest,,10.0,37.0,0.9570911235832636,0.4087803339686299,4.726944546846903,4.884988234777853
tol_10km_int_5min,idcadg,markov_order_2,5,nearest,,10.0,37.0,0.9544614579175248,0.437347744303495,4.726944546846903,4.884988234777853
tol_10km_int_5min,idcadg,vq_ctw,5,nearest,256.0,10.0,37.0,1.0,0.0,8.38133356851784,8.38133356851784
tol_10km_int_5min,idcadg,vq_ctw,5,nearest,512.0,10.0,37.0,1.0,0.0,10.370099431201623,10.370099431201623
tol_10km_int_5min,idcadg,vq_ctw,5,nearest,1024.0,10.0,37.0,1.0,0.0,9.7402859587717,9.7402859587717
tol_10km_int_5min,ideutg,direct_ctw,5,nearest,,10.0,101.0,0.918282007566155,0.6577286180186025,4.627403625829984,4.718907469563105
tol_10km_int_5min,ideutg,markov_order_1,5,nearest,,10.0,101.0,0.8640850512610198,0.8479322588005656,4.627403625829984,4.718907469563105
tol_10km_int_5min,ideutg,markov_order_2,5,nearest,,10.0,101.0,0.8535169452039093,0.8770066233851864,4.627403625829984,4.718907469563105
tol_10km_int_5min,ideutg,vq_ctw,5,nearest,256.0,10.0,101.0,1.0,0.0,8.058262582280946,8.058262582280946
tol_10km_int_5min,ideutg,vq_ctw,5,nearest,512.0,10.0,101.0,1.0,0.0,9.273931148464412,9.273931148464412
tol_10km_int_5min,ideutg,vq_ctw,5,nearest,1024.0,10.0,101.0,1.0,0.0,8.488018681392377,8.488018681392377
tol_10km_int_5min,idholv,direct_ctw,5,nearest,,10.0,170.0,0.9295692410263025,0.4730870512756753,4.524272271815723,4.611930553301363
tol_10km_int_5min,idholv,markov_order_1,5,nearest,,10.0,170.0,0.9070444472536358,0.6606855379005967,4.524272271815723,4.611930553301363
tol_10km_int_5min,idholv,markov_order_2,5,nearest,,10.0,170.0,0.907776791963423,0.6257046286865982,4.524272271815723,4.611930553301363
tol_10km_int_5min,idholv,vq_ctw,5,nearest,256.0,10.0,170.0,1.0,0.0,8.283751631712514,8.283751631712514
tol_10km_int_5min,idholv,vq_ctw,5,nearest,512.0,10.0,170.0,1.0,0.0,8.918074769216878,8.918074769216878
tol_10km_int_5min,idholv,vq_ctw,5,nearest,1024.0,10.0,170.0,1.0,0.0,8.877690413911855,8.877690413911855
tol_10km_int_5min,idjokv,direct_ctw,5,nearest,,10.0,110.0,0.9246020514256278,0.6177623231942553,4.87775157278937,4.963393585181691
tol_10km_int_5min,idjokv,markov_order_1,5,nearest,,10.0,110.0,0.8540552602497747,0.8814254910477508,4.87775157278937,4.963393585181691
tol_10km_int_5min,idjokv,markov_order_2,5,nearest,,10.0,110.0,0.8542062390203048,0.8836595036019436,4.87775157278937,4.963393585181691
tol_10km_int_5min,idjokv,vq_ctw,5,nearest,256.0,10.0,110.0,1.0,0.0,8.693510375919288,8.693510375919288
tol_10km_int_5min,idjokv,vq_ctw,5,nearest,512.0,10.0,110.0,1.0,0.0,9.164270424804652,9.164270424804652
tol_10km_int_5min,idjokv,vq_ctw,5,nearest,1024.0,10.0,110.0,1.0,0.0,9.369617466786012,9.369617466786012
tol_10km_int_5min,idlorr,direct_ctw,5,nearest,,10.0,35.0,0.9229281535912496,0.4923563885034329,4.940574918040674,5.050563772937772
tol_10km_int_5min,idlorr,markov_order_1,5,nearest,,10.0,35.0,0.8718878497794549,0.719950725300629,4.940574918040674,5.050563772937772
tol_10km_int_5min,idlorr,markov_order_2,5,nearest,,10.0,35.0,0.8652966813908768,0.7460723010993396,4.940574918040674,5.050563772937772
tol_10km_int_5min,idlorr,vq_ctw,5,nearest,256.0,10.0,35.0,1.0,0.0,8.128141280216694,8.128141280216694
tol_10km_int_5min,idlorr,vq_ctw,5,nearest,512.0,10.0,35.0,1.0,0.0,9.922803029437292,9.922803029437292
tol_10km_int_5min,idlorr,vq_ctw,5,nearest,1024.0,10.0,35.0,1.0,0.0,9.789731304089374,9.789731304089374
tol_10km_int_5min,idodly,direct_ctw,5,nearest,,10.0,51.0,0.9467689796374704,0.5282591263011767,5.067528200392386,5.199332520298469
tol_10km_int_5min,idodly,markov_order_1,5,nearest,,10.0,51.0,0.9243026016032676,0.6340046686702072,5.067528200392386,5.199332520298469
tol_10km_int_5min,idodly,markov_order_2,5,nearest,,10.0,51.0,0.9243026016032676,0.6496009163293281,5.067528200392386,5.199332520298469
tol_10km_int_5min,idodly,vq_ctw,5,nearest,256.0,10.0,51.0,1.0,0.0,8.546259196693555,8.546259196693555
tol_10km_int_5min,idodly,vq_ctw,5,nearest,512.0,10.0,51.0,1.0,0.0,9.32940534237473,9.32940534237473
tol_10km_int_5min,idodly,vq_ctw,5,nearest,1024.0,10.0,51.0,1.0,0.0,8.782969195687414,8.782969195687414
tol_10km_int_5min,idshyw,direct_ctw,5,nearest,,10.0,185.0,0.9289683186897584,0.5977407457490006,4.813843171317475,4.916699684217656
tol_10km_int_5min,idshyw,markov_order_1,5,nearest,,10.0,185.0,0.8584155605070727,0.8941065377734121,4.813843171317475,4.916699684217656
tol_10km_int_5min,idshyw,markov_order_2,5,nearest,,10.0,185.0,0.8583430956246765,0.8969188719583836,4.813843171317475,4.916699684217656
tol_10km_int_5min,idshyw,vq_ctw,5,nearest,256.0,10.0,185.0,1.0,0.0,8.561942758030309,8.561942758030309
tol_10km_int_5min,idshyw,vq_ctw,5,nearest,512.0,10.0,185.0,1.0,0.0,9.269247166171342,9.269247166171342
tol_10km_int_5min,idshyw,vq_ctw,5,nearest,1024.0,10.0,185.0,1.0,0.0,9.168470339043768,9.168470339043768
tol_10km_int_5min,idsmuk,direct_ctw,5,nearest,,10.0,51.0,0.9297796463346352,0.6791127406642489,4.85112728806085,4.944232144483981
tol_10km_int_5min,idsmuk,markov_order_1,5,nearest,,10.0,51.0,0.9243026016032676,0.8888891934246705,4.85112728806085,4.944232144483981
tol_10km_int_5min,idsmuk,markov_order_2,5,nearest,,10.0,51.0,0.9243026016032676,0.8123926126330457,4.85112728806085,4.944232144483981
tol_10km_int_5min,idsmuk,vq_ctw,5,nearest,256.0,10.0,51.0,1.0,0.0,8.633712745336418,8.633712745336418
tol_10km_int_5min,idsmuk,vq_ctw,5,nearest,512.0,10.0,51.0,1.0,0.0,9.607192964690476,9.607192964690476
tol_10km_int_5min,idsmuk,vq_ctw,5,nearest,1024.0,10.0,51.0,1.0,0.0,9.12203864706074,9.12203864706074
tol_10km_int_5min,idtwal,direct_ctw,5,nearest,,10.0,17.0,0.9999999999980904,0.5253195486153818,3.839058771261344,3.915504449427209
tol_10km_int_5min,idtwal,markov_order_1,5,nearest,,10.0,17.0,0.9999999999980904,0.7452511173047479,3.839058771261344,3.915504449427209
tol_10km_int_5min,idtwal,markov_order_2,5,nearest,,10.0,17.0,0.9999999999980904,0.6303456374644283,3.839058771261344,3.915504449427209
tol_10km_int_5min,idtwal,vq_ctw,5,nearest,256.0,10.0,17.0,1.0,0.0,7.681280985584259,7.681280985584259
tol_10km_int_5min,idtwal,vq_ctw,5,nearest,512.0,10.0,17.0,1.0,0.0,8.841909601239973,8.841909601239973
tol_10km_int_5min,idtwal,vq_ctw,5,nearest,1024.0,10.0,17.0,1.0,0.0,7.873816386086961,7.873816386086961
tol_10km_int_5min,idvoww,direct_ctw,5,nearest,,10.0,107.0,0.8838614648564297,0.6542997356252015,4.440834359537789,4.558745475265298
tol_10km_int_5min,idvoww,markov_order_1,5,nearest,,10.0,107.0,0.835235033176386,0.849433000123501,4.440834359537789,4.558745475265298
tol_10km_int_5min,idvoww,markov_order_2,5,nearest,,10.0,107.0,0.8196642614493762,0.8582606190077109,4.440834359537789,4.558745475265298
tol_10km_int_5min,idvoww,vq_ctw,5,nearest,256.0,10.0,107.0,1.0,0.0,7.460002395052247,7.460002395052247
tol_10km_int_5min,idvoww,vq_ctw,5,nearest,512.0,10.0,107.0,1.0,0.0,8.895476442443995,8.895476442443995
tol_10km_int_5min,idvoww,vq_ctw,5,nearest,1024.0,10.0,107.0,1.0,0.0,8.142589514457752,8.142589514457752
tol_10km_int_5min,ifanfa,direct_ctw,5,nearest,,10.0,75.0,0.913002245470172,0.5708375113138713,4.495209367515668,4.592375744550682
tol_10km_int_5min,ifanfa,markov_order_1,5,nearest,,10.0,75.0,0.8372870427640783,0.8585422610747382,4.495209367515668,4.592375744550682
tol_10km_int_5min,ifanfa,markov_order_2,5,nearest,,10.0,75.0,0.8308205379661309,0.90636312568886,4.495209367515668,4.592375744550682
tol_10km_int_5min,ifanfa,vq_ctw,5,nearest,256.0,10.0,75.0,1.0,0.0,8.840134022549751,8.840134022549751
tol_10km_int_5min,ifanfa,vq_ctw,5,nearest,512.0,10.0,75.0,1.0,0.0,9.759146820893736,9.759146820893736
tol_10km_int_5min,ifanfa,vq_ctw,5,nearest,1024.0,10.0,75.0,1.0,0.0,9.292823159157598,9.292823159157598
tol_10km_int_5min,ifefro,direct_ctw,5,nearest,,10.0,34.0,0.9490217268077052,0.4977251668292356,4.343524149285412,4.426840768124744
tol_10km_int_5min,ifefro,markov_order_1,5,nearest,,10.0,34.0,0.9240387076608786,0.6425886316814051,4.343524149285412,4.426840768124744
tol_10km_int_5min,ifefro,markov_order_2,5,nearest,,10.0,34.0,0.9064168133486584,0.722868976974583,4.343524149285412,4.426840768124744
tol_10km_int_5min,ifefro,vq_ctw,5,nearest,256.0,10.0,34.0,1.0,0.0,8.51559394186346,8.51559394186346
tol_10km_int_5min,ifefro,vq_ctw,5,nearest,512.0,10.0,34.0,1.0,0.0,9.839279483440578,9.839279483440578
tol_10km_int_5min,ifefro,vq_ctw,5,nearest,1024.0,10.0,34.0,1.0,0.0,9.789199790568658,9.789199790568658
tol_10km_int_5min,ifelas,direct_ctw,5,nearest,,10.0,79.0,0.9760013881307265,0.3429062312684409,3.8916931057017554,3.994775298583153
tol_10km_int_5min,ifelas,markov_order_1,5,nearest,,10.0,79.0,0.9630954972903104,0.4056513192987681,3.8916931057017554,3.994775298583153
tol_10km_int_5min,ifelas,markov_order_2,5,nearest,,10.0,79.0,0.9602545983710786,0.4235202895322112,3.8916931057017554,3.994775298583153
tol_10km_int_5min,ifelas,vq_ctw,5,nearest,256.0,10.0,79.0,1.0,0.0,7.932496424956549,7.932496424956549
tol_10km_int_5min,ifelas,vq_ctw,5,nearest,512.0,10.0,79.0,1.0,0.0,8.970249932896854,8.970249932896854
tol_10km_int_5min,ifelas,vq_ctw,5,nearest,1024.0,10.0,79.0,1.0,0.0,8.351710269974495,8.351710269974495
tol_10km_int_5min,ifkald,direct_ctw,5,nearest,,10.0,33.0,0.8599308102179853,0.7648903288271318,4.941901747826628,5.011449305046451
tol_10km_int_5min,ifkald,markov_order_1,5,nearest,,10.0,33.0,0.7432474414813125,1.2357156534924236,4.941901747826628,5.011449305046451
tol_10km_int_5min,ifkald,markov_order_2,5,nearest,,10.0,33.0,0.738164575999324,1.1759376981427518,4.941901747826628,5.011449305046451
tol_10km_int_5min,ifkald,vq_ctw,5,nearest,256.0,10.0,33.0,1.0,0.0,9.403368649892895,9.403368649892895
tol_10km_int_5min,ifkald,vq_ctw,5,nearest,512.0,10.0,33.0,1.0,0.0,9.923600516052884,9.923600516052884
tol_10km_int_5min,ifkald,vq_ctw,5,nearest,1024.0,10.0,33.0,1.0,0.0,9.65321015537297,9.65321015537297
tol_10km_int_5min,ifragc,direct_ctw,5,nearest,,10.0,110.0,0.9760687290150364,0.3530194910134345,4.447387473626222,4.538449830599954
tol_10km_int_5min,ifragc,markov_order_1,5,nearest,,10.0,110.0,0.961280862444079,0.4331677591702952,4.447387473626222,4.538449830599954
tol_10km_int_5min,ifragc,markov_order_2,5,nearest,,10.0,110.0,0.9607749844668004,0.4643703888388428,4.447387473626222,4.538449830599954
tol_10km_int_5min,ifragc,vq_ctw,5,nearest,256.0,10.0,110.0,1.0,0.0,8.39492003575718,8.39492003575718
tol_10km_int_5min,ifragc,vq_ctw,5,nearest,512.0,10.0,110.0,1.0,0.0,9.201297798788106,9.201297798788106
tol_10km_int_5min,ifragc,vq_ctw,5,nearest,1024.0,10.0,110.0,1.0,0.0,8.79059174933018,8.79059174933018
tol_10km_int_5min,igglit,direct_ctw,5,nearest,,10.0,93.0,0.9999999999980907,0.5221885748531102,4.201257989245047,4.2692249556910085
tol_10km_int_5min,igglit,markov_order_1,5,nearest,,10.0,93.0,0.9999999999980907,0.6464612986915264,4.201257989245047,4.2692249556910085
tol_10km_int_5min,igglit,markov_order_2,5,nearest,,10.0,93.0,0.9999999999980907,0.6016026840983897,4.201257989245047,4.2692249556910085
tol_10km_int_5min,igglit,vq_ctw,5,nearest,256.0,10.0,93.0,1.0,0.0,7.590173805660355,7.590173805660355
tol_10km_int_5min,igglit,vq_ctw,5,nearest,512.0,10.0,93.0,1.0,0.0,9.428113602833138,9.428113602833138
tol_10km_int_5min,igglit,vq_ctw,5,nearest,1024.0,10.0,93.0,1.0,0.0,8.004630223905778,8.004630223905778
tol_10km_int_5min,igsoys,direct_ctw,5,nearest,,10.0,177.0,0.9569800837179095,0.51696828421813,4.313700207001515,4.429924388415095
tol_10km_int_5min,igsoys,markov_order_1,5,nearest,,10.0,177.0,0.9406274805855268,0.6224352238178094,4.313700207001515,4.429924388415095
tol_10km_int_5min,igsoys,markov_order_2,5,nearest,,10.0,177.0,0.9399309497463,0.610246085612236,4.313700207001515,4.429924388415095
tol_10km_int_5min,igsoys,vq_ctw,5,nearest,256.0,10.0,177.0,1.0,0.0,8.293413627297559,8.293413627297559
tol_10km_int_5min,igsoys,vq_ctw,5,nearest,512.0,10.0,177.0,1.0,0.0,9.007655899795598,9.007655899795598
tol_10km_int_5min,igsoys,vq_ctw,5,nearest,1024.0,10.0,177.0,1.0,0.0,8.762580650893199,8.762580650893199
tol_10km_int_5min,igvidt,direct_ctw,5,nearest,,10.0,108.0,0.9559723727963214,0.4596167008042024,4.351240421988507,4.452788866267493
tol_10km_int_5min,igvidt,markov_order_1,5,nearest,,10.0,108.0,0.9232094042108148,0.6203553093516244,4.351240421988507,4.452788866267493
tol_10km_int_5min,igvidt,markov_order_2,5,nearest,,10.0,108.0,0.9101570073325084,0.6580262969996699,4.351240421988507,4.452788866267493
tol_10km_int_5min,igvidt,vq_ctw,5,nearest,256.0,10.0,108.0,1.0,0.0,7.602665654973412,7.602665654973412
tol_10km_int_5min,igvidt,vq_ctw,5,nearest,512.0,10.0,108.0,1.0,0.0,8.660373288657683,8.660373288657683
tol_10km_int_5min,igvidt,vq_ctw,5,nearest,1024.0,10.0,108.0,1.0,0.0,8.429757787097822,8.429757787097822
tol_10km_int_5min,ijcoga,direct_ctw,5,nearest,,10.0,153.0,0.9427229819361276,0.5112070772352304,4.658641965611404,4.7671501492024895
tol_10km_int_5min,ijcoga,markov_order_1,5,nearest,,10.0,153.0,0.8973169257573843,0.7261957900322981,4.658641965611404,4.7671501492024895
tol_10km_int_5min,ijcoga,markov_order_2,5,nearest,,10.0,153.0,0.8947139556507707,0.7139011826611804,4.658641965611404,4.7671501492024895
tol_10km_int_5min,ijcoga,vq_ctw,5,nearest,256.0,10.0,153.0,1.0,0.0,8.419953651898684,8.419953651898684
tol_10km_int_5min,ijcoga,vq_ctw,5,nearest,512.0,10.0,153.0,1.0,0.0,8.990122522173838,8.990122522173838
tol_10km_int_5min,ijcoga,vq_ctw,5,nearest,1024.0,10.0,153.0,1.0,0.0,9.06382427701578,9.06382427701578
tol_10km_int_5min,ijdeyd,direct_ctw,5,nearest,,10.0,111.0,0.9683851617891538,0.3649259960277166,4.348181588218274,4.479314828405525
tol_10km_int_5min,ijdeyd,markov_order_1,5,nearest,,10.0,111.0,0.9418625242127904,0.4822171028287463,4.348181588218274,4.479314828405525
tol_10km_int_5min,ijdeyd,markov_order_2,5,nearest,,10.0,111.0,0.9422055195375912,0.4881322821073284,4.348181588218274,4.479314828405525
tol_10km_int_5min,ijdeyd,vq_ctw,5,nearest,256.0,10.0,111.0,1.0,0.0,8.038974748180769,8.038974748180769
tol_10km_int_5min,ijdeyd,vq_ctw,5,nearest,512.0,10.0,111.0,1.0,0.0,8.925985073155749,8.925985073155749
tol_10km_int_5min,ijdeyd,vq_ctw,5,nearest,1024.0,10.0,111.0,1.0,0.0,8.628542711511544,8.628542711511544
tol_10km_int_5min,ijhigo,direct_ctw,5,nearest,,10.0,79.0,0.9999999999996132,0.0775552453762407,3.451635740361148,3.520415484945212
tol_10km_int_5min,ijhigo,markov_order_1,5,nearest,,10.0,79.0,0.9999999999996132,0.099703643884795,3.451635740361148,3.520415484945212
tol_10km_int_5min,ijhigo,markov_order_2,5,nearest,,10.0,79.0,0.9999999999996132,0.0993187445257506,3.451635740361148,3.520415484945212
tol_10km_int_5min,ijhigo,vq_ctw,5,nearest,256.0,10.0,79.0,1.0,0.0,7.416017747772708,7.416017747772708
tol_10km_int_5min,ijhigo,vq_ctw,5,nearest,512.0,10.0,79.0,1.0,0.0,7.992828711591874,7.992828711591874
tol_10km_int_5min,ijhigo,vq_ctw,5,nearest,1024.0,10.0,79.0,1.0,0.0,8.236924166694466,8.236924166694466
tol_10km_int_5min,ijhipv,direct_ctw,5,nearest,,10.0,111.0,0.9275086858375424,0.50722921783986,4.523238689836235,4.622641340101861
tol_10km_int_5min,ijhipv,markov_order_1,5,nearest,,10.0,111.0,0.8955587701802956,0.6627007017224782,4.523238689836235,4.622641340101861
tol_10km_int_5min,ijhipv,markov_order_2,5,nearest,,10.0,111.0,0.8876375679178756,0.6875274940318228,4.523238689836235,4.622641340101861
tol_10km_int_5min,ijhipv,vq_ctw,5,nearest,256.0,10.0,111.0,1.0,0.0,8.32762498635597,8.32762498635597
tol_10km_int_5min,ijhipv,vq_ctw,5,nearest,512.0,10.0,111.0,1.0,0.0,9.06886980571998,9.06886980571998
tol_10km_int_5min,ijhipv,vq_ctw,5,nearest,1024.0,10.0,111.0,1.0,0.0,8.778191654360823,8.778191654360823
tol_10km_int_5min,ijpiaw,direct_ctw,5,nearest,,10.0,97.0,0.9754518969123496,0.55256752523244,4.262836832733321,4.335036039853786
tol_10km_int_5min,ijpiaw,markov_order_1,5,nearest,,10.0,97.0,0.946609071912713,0.7148727243912074,4.262836832733321,4.335036039853786
tol_10km_int_5min,ijpiaw,markov_order_2,5,nearest,,10.0,97.0,0.9474146117730248,0.7299136859920623,4.262836832733321,4.335036039853786
tol_10km_int_5min,ijpiaw,vq_ctw,5,nearest,256.0,10.0,97.0,1.0,0.0,7.884834424540005,7.884834424540005
tol_10km_int_5min,ijpiaw,vq_ctw,5,nearest,512.0,10.0,97.0,1.0,0.0,9.657289168102045,9.657289168102045
tol_10km_int_5min,ijpiaw,vq_ctw,5,nearest,1024.0,10.0,97.0,1.0,0.0,8.989516233128269,8.989516233128269
tol_10km_int_5min,ijpruk,direct_ctw,5,nearest,,10.0,218.0,0.927025756948327,0.5117728868739287,4.447392647135332,4.539318594665531
tol_10km_int_5min,ijpruk,markov_order_1,5,nearest,,10.0,218.0,0.8824099771593208,0.6915685040621029,4.447392647135332,4.539318594665531
tol_10km_int_5min,ijpruk,markov_order_2,5,nearest,,10.0,218.0,0.8838313965041071,0.6897374866572742,4.447392647135332,4.539318594665531
tol_10km_int_5min,ijpruk,vq_ctw,5,nearest,256.0,10.0,218.0,1.0,0.0,7.877104346059863,7.877104346059863
tol_10km_int_5min,ijpruk,vq_ctw,5,nearest,512.0,10.0,218.0,1.0,0.0,8.99445153861708,8.99445153861708
tol_10km_int_5min,ijpruk,vq_ctw,5,nearest,1024.0,10.0,218.0,1.0,0.0,8.407486602875055,8.407486602875055
tol_10km_int_5min,ijthin,direct_ctw,5,nearest,,10.0,34.0,0.9999999999980904,0.445087870537551,4.3792585515508,4.471767088743105
tol_10km_int_5min,ijthin,markov_order_1,5,nearest,,10.0,34.0,0.9999999999980904,0.5663892080572799,4.3792585515508,4.471767088743105
tol_10km_int_5min,ijthin,markov_order_2,5,nearest,,10.0,34.0,0.9999999999980904,0.5181511025312908,4.3792585515508,4.471767088743105
tol_10km_int_5min,ijthin,vq_ctw,5,nearest,256.0,10.0,34.0,1.0,0.0,8.15535632032378,8.15535632032378
tol_10km_int_5min,ijthin,vq_ctw,5,nearest,512.0,10.0,34.0,1.0,0.0,9.035093019443018,9.035093019443018
tol_10km_int_5min,ijthin,vq_ctw,5,nearest,1024.0,10.0,34.0,1.0,0.0,8.545552793983788,8.545552793983788
tol_10km_int_5min,ijtowh,direct_ctw,5,nearest,,10.0,123.0,0.9286082486630294,0.6160529471675339,4.63399770477163,4.745248041419231
tol_10km_int_5min,ijtowh,markov_order_1,5,nearest,,10.0,123.0,0.8814931228192545,0.8441119872434639,4.63399770477163,4.745248041419231
tol_10km_int_5min,ijtowh,markov_order_2,5,nearest,,10.0,123.0,0.8781284614694979,0.8508764068769,4.63399770477163,4.745248041419231
tol_10km_int_5min,ijtowh,vq_ctw,5,nearest,256.0,10.0,123.0,1.0,0.0,8.631236705891498,8.631236705891498
tol_10km_int_5min,ijtowh,vq_ctw,5,nearest,512.0,10.0,123.0,1.0,0.0,9.608192474394162,9.608192474394162
tol_10km_int_5min,ijtowh,vq_ctw,5,nearest,1024.0,10.0,123.0,1.0,0.0,9.516336882193029,9.516336882193029
tol_10km_int_5min,ikdagc,direct_ctw,5,nearest,,10.0,97.0,0.9544360235660518,0.3972993682936339,4.37449103475181,4.467700514893462
tol_10km_int_5min,ikdagc,markov_order_1,5,nearest,,10.0,97.0,0.9437506598422488,0.4621617988420566,4.37449103475181,4.467700514893462
tol_10km_int_5min,ikdagc,markov_order_2,5,nearest,,10.0,97.0,0.9431516626888434,0.4755856739430552,4.37449103475181,4.467700514893462
tol_10km_int_5min,ikdagc,vq_ctw,5,nearest,256.0,10.0,97.0,1.0,0.0,8.006262979021354,8.006262979021354
tol_10km_int_5min,ikdagc,vq_ctw,5,nearest,512.0,10.0,97.0,1.0,0.0,8.77892859694559,8.77892859694559
tol_10km_int_5min,ikdagc,vq_ctw,5,nearest,1024.0,10.0,97.0,1.0,0.0,8.641377693242188,8.641377693242188
tol_10km_int_5min,ikkimm,direct_ctw,5,nearest,,10.0,255.0,0.9357304175106128,0.5233790261391759,4.548621998977649,4.645292196146281
tol_10km_int_5min,ikkimm,markov_order_1,5,nearest,,10.0,255.0,0.9011083723927952,0.6879810218535604,4.548621998977649,4.645292196146281
tol_10km_int_5min,ikkimm,markov_order_2,5,nearest,,10.0,255.0,0.8975722105512698,0.7047974457812306,4.548621998977649,4.645292196146281
tol_10km_int_5min,ikkimm,vq_ctw,5,nearest,256.0,10.0,255.0,1.0,0.0,7.8382744777193105,7.8382744777193105
tol_10km_int_5min,ikkimm,vq_ctw,5,nearest,512.0,10.0,255.0,1.0,0.0,9.203441923427787,9.203441923427787
tol_10km_int_5min,ikkimm,vq_ctw,5,nearest,1024.0,10.0,255.0,1.0,0.0,8.477113369026144,8.477113369026144
tol_10km_int_5min,ikujfu,direct_ctw,5,nearest,,10.0,77.0,0.9634989901090244,0.6176145534727038,4.616497461438738,4.7325484093631385
tol_10km_int_5min,ikujfu,markov_order_1,5,nearest,,10.0,77.0,0.9452394963332168,0.7606934424734333,4.616497461438738,4.7325484093631385
tol_10km_int_5min,ikujfu,markov_order_2,5,nearest,,10.0,77.0,0.9363684942955182,0.7506962613749313,4.616497461438738,4.7325484093631385
tol_10km_int_5min,ikujfu,vq_ctw,5,nearest,256.0,10.0,77.0,1.0,0.0,8.731122005490148,8.731122005490148
tol_10km_int_5min,ikujfu,vq_ctw,5,nearest,512.0,10.0,77.0,1.0,0.0,9.187535539978612,9.187535539978612
tol_10km_int_5min,ikujfu,vq_ctw,5,nearest,1024.0,10.0,77.0,1.0,0.0,9.338591755380936,9.338591755380936
tol_10km_int_5min,ilcoby,direct_ctw,5,nearest,,10.0,79.0,0.8916644540261927,0.6091706551776136,4.434489795619978,4.546206895366996
tol_10km_int_5min,ilcoby,markov_order_1,5,nearest,,10.0,79.0,0.8312042088345043,0.8318328761394476,4.434489795619978,4.546206895366996
tol_10km_int_5min,ilcoby,markov_order_2,5,nearest,,10.0,79.0,0.8130121176639779,0.8878316656518088,4.434489795619978,4.546206895366996
tol_10km_int_5min,ilcoby,vq_ctw,5,nearest,256.0,10.0,79.0,1.0,0.0,8.087218159474537,8.087218159474537
tol_10km_int_5min,ilcoby,vq_ctw,5,nearest,512.0,10.0,79.0,1.0,0.0,9.449048207643694,9.449048207643694
tol_10km_int_5min,ilcoby,vq_ctw,5,nearest,1024.0,10.0,79.0,1.0,0.0,8.95011385766265,8.95011385766265
tol_10km_int_5min,ilkble,direct_ctw,5,nearest,,10.0,110.0,0.9136753731480888,0.5640722931808608,4.3610214360812805,4.478761352611115
tol_10km_int_5min,ilkble,markov_order_1,5,nearest,,10.0,110.0,0.8660612746698003,0.7158082825974246,4.3610214360812805,4.478761352611115
tol_10km_int_5min,ilkble,markov_order_2,5,nearest,,10.0,110.0,0.8637446771831492,0.7036200146428213,4.3610214360812805,4.478761352611115
tol_10km_int_5min,ilkble,vq_ctw,5,nearest,256.0,10.0,110.0,1.0,0.0,8.17396247269795,8.17396247269795
tol_10km_int_5min,ilkble,vq_ctw,5,nearest,512.0,10.0,110.0,1.0,0.0,9.107260387694437,9.107260387694437
tol_10km_int_5min,ilkble,vq_ctw,5,nearest,1024.0,10.0,110.0,1.0,0.0,8.755444757001477,8.755444757001477
tol_10km_int_5min,ilkedv,direct_ctw,5,nearest,,10.0,86.0,0.988870530254561,0.3517945479711442,4.192107473202411,4.292306526739903
tol_10km_int_5min,ilkedv,markov_order_1,5,nearest,,10.0,86.0,0.9814873811755854,0.4069417657963412,4.192107473202411,4.292306526739903
tol_10km_int_5min,ilkedv,markov_order_2,5,nearest,,10.0,86.0,0.9817303387220933,0.3792356083806257,4.192107473202411,4.292306526739903
tol_10km_int_5min,ilkedv,vq_ctw,5,nearest,256.0,10.0,86.0,1.0,0.0,7.997511893381191,7.997511893381191
tol_10km_int_5min,ilkedv,vq_ctw,5,nearest,512.0,10.0,86.0,1.0,0.0,8.996603909070124,8.996603909070124
tol_10km_int_5min,ilkedv,vq_ctw,5,nearest,1024.0,10.0,86.0,1.0,0.0,8.34128138413379,8.34128138413379
tol_10km_int_5min,ilyutj,direct_ctw,5,nearest,,10.0,111.0,0.9252799583582436,0.5479564813204408,4.721364976100215,4.852687144260246
tol_10km_int_5min,ilyutj,markov_order_1,5,nearest,,10.0,111.0,0.8943047641314852,0.718765049237863,4.721364976100215,4.852687144260246
tol_10km_int_5min,ilyutj,markov_order_2,5,nearest,,10.0,111.0,0.8936144671191895,0.751601557194984,4.721364976100215,4.852687144260246
tol_10km_int_5min,ilyutj,vq_ctw,5,nearest,256.0,10.0,111.0,1.0,0.0,8.20099794765049,8.20099794765049
tol_10km_int_5min,ilyutj,vq_ctw,5,nearest,512.0,10.0,111.0,1.0,0.0,8.986676363936756,8.986676363936756
tol_10km_int_5min,ilyutj,vq_ctw,5,nearest,1024.0,10.0,111.0,1.0,0.0,9.15952249717952,9.15952249717952
tol_10km_int_5min,imhacy,direct_ctw,5,nearest,,10.0,17.0,0.8675192822694879,0.6966832411653834,4.270870446251923,4.37970813458182
tol_10km_int_5min,imhacy,markov_order_1,5,nearest,,10.0,17.0,0.7938690317672388,0.9401528111063095,4.270870446251923,4.37970813458182
tol_10km_int_5min,imhacy,markov_order_2,5,nearest,,10.0,17.0,0.7729078048136215,1.060567913084342,4.270870446251923,4.37970813458182
tol_10km_int_5min,imhacy,vq_ctw,5,nearest,256.0,10.0,17.0,1.0,0.0,8.576647994382744,8.576647994382744
tol_10km_int_5min,imhacy,vq_ctw,5,nearest,512.0,10.0,17.0,1.0,0.0,9.962764198504656,9.962764198504656
tol_10km_int_5min,imhacy,vq_ctw,5,nearest,1024.0,10.0,17.0,1.0,0.0,10.033798915942924,10.033798915942924
tol_10km_int_5min,imnees,direct_ctw,5,nearest,,10.0,117.0,0.938845929906018,0.5502181919652814,4.415345606802765,4.49432192822952
tol_10km_int_5min,imnees,markov_order_1,5,nearest,,10.0,117.0,0.904347219719554,0.7777904990789608,4.415345606802765,4.49432192822952
tol_10km_int_5min,imnees,markov_order_2,5,nearest,,10.0,117.0,0.9085724178547512,0.7446495999767974,4.415345606802765,4.49432192822952
tol_10km_int_5min,imnees,vq_ctw,5,nearest,256.0,10.0,117.0,1.0,0.0,8.888716916032081,8.888716916032081
tol_10km_int_5min,imnees,vq_ctw,5,nearest,512.0,10.0,117.0,1.0,0.0,9.51590198114796,9.51590198114796
tol_10km_int_5min,imnees,vq_ctw,5,nearest,1024.0,10.0,117.0,1.0,0.0,9.532885028253231,9.532885028253231
tol_10km_int_5min,imoikc,direct_ctw,5,nearest,,10.0,182.0,0.9275975935539534,0.5018086520472307,4.249733521242786,4.348795956119575
tol_10km_int_5min,imoikc,markov_order_1,5,nearest,,10.0,182.0,0.8819904695116623,0.6965655289856523,4.249733521242786,4.348795956119575
tol_10km_int_5min,imoikc,markov_order_2,5,nearest,,10.0,182.0,0.8812077439239849,0.6922954742169996,4.249733521242786,4.348795956119575
tol_10km_int_5min,imoikc,vq_ctw,5,nearest,256.0,10.0,182.0,1.0,0.0,8.01934192023485,8.01934192023485
tol_10km_int_5min,imoikc,vq_ctw,5,nearest,512.0,10.0,182.0,1.0,0.0,8.767732759487089,8.767732759487089
tol_10km_int_5min,imoikc,vq_ctw,5,nearest,1024.0,10.0,182.0,1.0,0.0,8.413984474601975,8.413984474601975
tol_10km_int_5min,imwryt,direct_ctw,5,nearest,,10.0,63.0,0.9301843450607766,0.4231738145157457,4.07542652832751,4.176341083943948
tol_10km_int_5min,imwryt,markov_order_1,5,nearest,,10.0,63.0,0.8861677342649518,0.5998551318289796,4.07542652832751,4.176341083943948
tol_10km_int_5min,imwryt,markov_order_2,5,nearest,,10.0,63.0,0.8631780353261349,0.68358383628427,4.07542652832751,4.176341083943948
tol_10km_int_5min,imwryt,vq_ctw,5,nearest,256.0,10.0,63.0,1.0,0.0,8.001444058459503,8.001444058459503
tol_10km_int_5min,imwryt,vq_ctw,5,nearest,512.0,10.0,63.0,1.0,0.0,9.086096952911795,9.086096952911795
tol_10km_int_5min,imwryt,vq_ctw,5,nearest,1024.0,10.0,63.0,1.0,0.0,8.69467069204546,8.69467069204546
tol_10km_int_5min,imwyoj,direct_ctw,5,nearest,,10.0,255.0,0.96104086496776,0.553435594077952,4.433237429564729,4.520758889267269
tol_10km_int_5min,imwyoj,markov_order_1,5,nearest,,10.0,255.0,0.9377319967514376,0.6860439253764234,4.433237429564729,4.520758889267269
tol_10km_int_5min,imwyoj,markov_order_2,5,nearest,,10.0,255.0,0.9336125157539392,0.6816910936150012,4.433237429564729,4.520758889267269
tol_10km_int_5min,imwyoj,vq_ctw,5,nearest,256.0,10.0,255.0,1.0,0.0,7.956185981524876,7.956185981524876
tol_10km_int_5min,imwyoj,vq_ctw,5,nearest,512.0,10.0,255.0,1.0,0.0,9.261161929531408,9.261161929531408
tol_10km_int_5min,imwyoj,vq_ctw,5,nearest,1024.0,10.0,255.0,1.0,0.0,8.472485429466905,8.472485429466905
tol_10km_int_5min,inckki,direct_ctw,5,nearest,,10.0,129.0,0.927662251931044,0.5415315862845079,4.685577424887912,4.8005219251220215
tol_10km_int_5min,inckki,markov_order_1,5,nearest,,10.0,129.0,0.8871528821364701,0.75985461996929,4.685577424887912,4.8005219251220215
tol_10km_int_5min,inckki,markov_order_2,5,nearest,,10.0,129.0,0.8817485746908686,0.7849003984210786,4.685577424887912,4.8005219251220215
tol_10km_int_5min,inckki,vq_ctw,5,nearest,256.0,10.0,129.0,1.0,0.0,8.136449105757796,8.136449105757796
tol_10km_int_5min,inckki,vq_ctw,5,nearest,512.0,10.0,129.0,1.0,0.0,9.286502419905212,9.286502419905212
tol_10km_int_5min,inckki,vq_ctw,5,nearest,1024.0,10.0,129.0,1.0,0.0,9.112655024910474,9.112655024910474
tol_10km_int_5min,indtwr,direct_ctw,5,nearest,,10.0,73.0,0.9569898318606652,0.5212277459801749,4.423219327237133,4.586527882723024
tol_10km_int_5min,indtwr,markov_order_1,5,nearest,,10.0,73.0,0.917758864552636,0.7357079324499071,4.423219327237133,4.586527882723024
tol_10km_int_5min,indtwr,markov_order_2,5,nearest,,10.0,73.0,0.9173596203122728,0.7078594555000342,4.423219327237133,4.586527882723024
tol_10km_int_5min,indtwr,vq_ctw,5,nearest,256.0,10.0,73.0,1.0,0.0,8.107149960620239,8.107149960620239
tol_10km_int_5min,indtwr,vq_ctw,5,nearest,512.0,10.0,73.0,1.0,0.0,8.932460345032478,8.932460345032478
tol_10km_int_5min,indtwr,vq_ctw,5,nearest,1024.0,10.0,73.0,1.0,0.0,8.920365334284899,8.920365334284899
tol_10km_int_5min,indyep,direct_ctw,5,nearest,,10.0,112.0,0.9331135857393984,0.5916497851558954,4.369557733980364,4.443578619632668
tol_10km_int_5min,indyep,markov_order_1,5,nearest,,10.0,112.0,0.8818263513310444,0.8392975532887907,4.369557733980364,4.443578619632668
tol_10km_int_5min,indyep,markov_order_2,5,nearest,,10.0,112.0,0.8782624019002245,0.8678386469660909,4.369557733980364,4.443578619632668
tol_10km_int_5min,indyep,vq_ctw,5,nearest,256.0,10.0,112.0,1.0,0.0,7.92306671263142,7.92306671263142
tol_10km_int_5min,indyep,vq_ctw,5,nearest,512.0,10.0,112.0,1.0,0.0,9.51622721866673,9.51622721866673
tol_10km_int_5min,indyep,vq_ctw,5,nearest,1024.0,10.0,112.0,1.0,0.0,8.59358662924987,8.59358662924987
tol_10km_int_5min,inghog,direct_ctw,5,nearest,,10.0,165.0,0.9604296642574052,0.5382903115320332,4.496924251378172,4.569214706819843
tol_10km_int_5min,inghog,markov_order_1,5,nearest,,10.0,165.0,0.927595949322939,0.6891690554022738,4.496924251378172,4.569214706819843
tol_10km_int_5min,inghog,markov_order_2,5,nearest,,10.0,165.0,0.9345025867442688,0.6893531758555403,4.496924251378172,4.569214706819843
tol_10km_int_5min,inghog,vq_ctw,5,nearest,256.0,10.0,165.0,1.0,0.0,7.765033522516131,7.765033522516131
tol_10km_int_5min,inghog,vq_ctw,5,nearest,512.0,10.0,165.0,1.0,0.0,9.209325886178972,9.209325886178972
tol_10km_int_5min,inghog,vq_ctw,5,nearest,1024.0,10.0,165.0,1.0,0.0,8.340623074627178,8.340623074627178
tol_10km_int_5min,inghot,direct_ctw,5,nearest,,10.0,16.0,0.9999999999980904,0.5845181919559036,4.054937095345192,4.191974789951431
tol_10km_int_5min,inghot,markov_order_1,5,nearest,,10.0,16.0,0.9999999999980904,0.7146584773397162,4.054937095345192,4.191974789951431
tol_10km_int_5min,inghot,markov_order_2,5,nearest,,10.0,16.0,0.9999999999980904,0.4965908680875215,4.054937095345192,4.191974789951431
tol_10km_int_5min,inghot,vq_ctw,5,nearest,256.0,10.0,16.0,1.0,0.0,8.314097774368413,8.314097774368413
tol_10km_int_5min,inghot,vq_ctw,5,nearest,512.0,10.0,16.0,1.0,0.0,9.251571998533333,9.251571998533333
tol_10km_int_5min,inghot,vq_ctw,5,nearest,1024.0,10.0,16.0,1.0,0.0,8.214643475045273,8.214643475045273
tol_10km_int_5min,inhial,direct_ctw,5,nearest,,10.0,63.0,0.9219724366342328,0.6122483045944371,4.5721114939474985,4.684419187012836
tol_10km_int_5min,inhial,markov_order_1,5,nearest,,10.0,63.0,0.86662839330245,0.8358815317061373,4.5721114939474985,4.684419187012836
tol_10km_int_5min,inhial,markov_order_2,5,nearest,,10.0,63.0,0.8813464426644045,0.8176968464097307,4.5721114939474985,4.684419187012836
tol_10km_int_5min,inhial,vq_ctw,5,nearest,256.0,10.0,63.0,1.0,0.0,7.961279424983735,7.961279424983735
tol_10km_int_5min,inhial,vq_ctw,5,nearest,512.0,10.0,63.0,1.0,0.0,9.004971324940433,9.004971324940433
tol_10km_int_5min,inhial,vq_ctw,5,nearest,1024.0,10.0,63.0,1.0,0.0,8.835967207636987,8.835967207636987
tol_10km_int_5min,inlica,direct_ctw,5,nearest,,10.0,84.0,0.9727978464885412,0.4634784646682502,4.3030977743408485,4.392463844980309
tol_10km_int_5min,inlica,markov_order_1,5,nearest,,10.0,84.0,0.9366134202266532,0.5845067013921319,4.3030977743408485,4.392463844980309
tol_10km_int_5min,inlica,markov_order_2,5,nearest,,10.0,84.0,0.93324278633318,0.5878144809637101,4.3030977743408485,4.392463844980309
tol_10km_int_5min,inlica,vq_ctw,5,nearest,256.0,10.0,84.0,1.0,0.0,7.699209396390778,7.699209396390778
tol_10km_int_5min,inlica,vq_ctw,5,nearest,512.0,10.0,84.0,1.0,0.0,8.94657679940587,8.94657679940587
tol_10km_int_5min,inlica,vq_ctw,5,nearest,1024.0,10.0,84.0,1.0,0.0,7.899981922934961,7.899981922934961
tol_10km_int_5min,inquay,direct_ctw,5,nearest,,10.0,151.0,0.9350712783571024,0.4699981431228588,4.211830962247762,4.338709497539282
tol_10km_int_5min,inquay,markov_order_1,5,nearest,,10.0,151.0,0.8860771252810496,0.675465987636447,4.211830962247762,4.338709497539282
tol_10km_int_5min,inquay,markov_order_2,5,nearest,,10.0,151.0,0.8844373406346444,0.6734033528768951,4.211830962247762,4.338709497539282
tol_10km_int_5min,inquay,vq_ctw,5,nearest,256.0,10.0,151.0,1.0,0.0,7.9346821366477,7.9346821366477
tol_10km_int_5min,inquay,vq_ctw,5,nearest,512.0,10.0,151.0,1.0,0.0,8.98465468555726,8.98465468555726
tol_10km_int_5min,inquay,vq_ctw,5,nearest,1024.0,10.0,151.0,1.0,0.0,8.425201525919864,8.425201525919864
tol_10km_int_5min,insodf,direct_ctw,5,nearest,,10.0,108.0,0.9238109354675186,0.5417648804891922,4.65720760055959,4.767992694142219
tol_10km_int_5min,insodf,markov_order_1,5,nearest,,10.0,108.0,0.8759127327922713,0.7403623257101452,4.65720760055959,4.767992694142219
tol_10km_int_5min,insodf,markov_order_2,5,nearest,,10.0,108.0,0.8710449797578321,0.760052759907433,4.65720760055959,4.767992694142219
tol_10km_int_5min,insodf,vq_ctw,5,nearest,256.0,10.0,108.0,1.0,0.0,8.156583938202788,8.156583938202788
tol_10km_int_5min,insodf,vq_ctw,5,nearest,512.0,10.0,108.0,1.0,0.0,8.982641883528814,8.982641883528814
tol_10km_int_5min,insodf,vq_ctw,5,nearest,1024.0,10.0,108.0,1.0,0.0,8.858468515798615,8.858468515798615
tol_10km_int_5min,ioajdi,direct_ctw,5,nearest,,10.0,174.0,0.930712202227532,0.5171150922295865,4.493356107417514,4.593149750271674
tol_10km_int_5min,ioajdi,markov_order_1,5,nearest,,10.0,174.0,0.8906267150398177,0.6642672137776264,4.493356107417514,4.593149750271674
tol_10km_int_5min,ioajdi,markov_order_2,5,nearest,,10.0,174.0,0.8912588897961328,0.6573345737339092,4.493356107417514,4.593149750271674
tol_10km_int_5min,ioajdi,vq_ctw,5,nearest,256.0,10.0,174.0,1.0,0.0,8.251677383288055,8.251677383288055
tol_10km_int_5min,ioajdi,vq_ctw,5,nearest,512.0,10.0,174.0,1.0,0.0,9.44644980330886,9.44644980330886
tol_10km_int_5min,ioajdi,vq_ctw,5,nearest,1024.0,10.0,174.0,1.0,0.0,8.450856595613612,8.450856595613612
tol_10km_int_5min,ioangi,direct_ctw,5,nearest,,10.0,112.0,0.9400863408827524,0.5475130012487519,4.434832436115042,4.554994830653205
tol_10km_int_5min,ioangi,markov_order_1,5,nearest,,10.0,112.0,0.9130887795584602,0.7101585176223332,4.434832436115042,4.554994830653205
tol_10km_int_5min,ioangi,markov_order_2,5,nearest,,10.0,112.0,0.909030827263103,0.7135907532814477,4.434832436115042,4.554994830653205
tol_10km_int_5min,ioangi,vq_ctw,5,nearest,256.0,10.0,112.0,1.0,0.0,8.411322429704233,8.411322429704233
tol_10km_int_5min,ioangi,vq_ctw,5,nearest,512.0,10.0,112.0,1.0,0.0,9.629744121578725,9.629744121578725
tol_10km_int_5min,ioangi,vq_ctw,5,nearest,1024.0,10.0,112.0,1.0,0.0,9.031369243971708,9.031369243971708
tol_10km_int_5min,iodjie,direct_ctw,5,nearest,,10.0,90.0,0.9193658460975712,0.4973039467950436,4.611501482112993,4.737131440902634
tol_10km_int_5min,iodjie,markov_order_1,5,nearest,,10.0,90.0,0.8673199431974588,0.6979948960682184,4.611501482112993,4.737131440902634
tol_10km_int_5min,iodjie,markov_order_2,5,nearest,,10.0,90.0,0.8553178297540972,0.7120833059532552,4.611501482112993,4.737131440902634
tol_10km_int_5min,iodjie,vq_ctw,5,nearest,256.0,10.0,90.0,1.0,0.0,8.585240646890185,8.585240646890185
tol_10km_int_5min,iodjie,vq_ctw,5,nearest,512.0,10.0,90.0,1.0,0.0,9.56847545277796,9.56847545277796
tol_10km_int_5min,iodjie,vq_ctw,5,nearest,1024.0,10.0,90.0,1.0,0.0,9.325949488395317,9.325949488395317
tol_10km_int_5min,iodlac,direct_ctw,5,nearest,,10.0,151.0,0.9699056247545058,0.4301109067206169,4.197245994902136,4.292460794847055
tol_10km_int_5min,iodlac,markov_order_1,5,nearest,,10.0,151.0,0.9506382002714332,0.5536159536848922,4.197245994902136,4.292460794847055
tol_10km_int_5min,iodlac,markov_order_2,5,nearest,,10.0,151.0,0.9522034074420488,0.5552538309648264,4.197245994902136,4.292460794847055
tol_10km_int_5min,iodlac,vq_ctw,5,nearest,256.0,10.0,151.0,1.0,0.0,8.119027564417896,8.119027564417896
tol_10km_int_5min,iodlac,vq_ctw,5,nearest,512.0,10.0,151.0,1.0,0.0,9.186224210807785,9.186224210807785
tol_10km_int_5min,iodlac,vq_ctw,5,nearest,1024.0,10.0,151.0,1.0,0.0,8.93145140400887,8.93145140400887
tol_10km_int_5min,iorjtw,direct_ctw,5,nearest,,10.0,110.0,0.952213628761115,0.3932867509981316,4.422024886883533,4.517455956162967
tol_10km_int_5min,iorjtw,markov_order_1,5,nearest,,10.0,110.0,0.9206388610744763,0.5878353453822764,4.422024886883533,4.517455956162967
tol_10km_int_5min,iorjtw,markov_order_2,5,nearest,,10.0,110.0,0.911680437499214,0.5697479958354806,4.422024886883533,4.517455956162967
tol_10km_int_5min,iorjtw,vq_ctw,5,nearest,256.0,10.0,110.0,1.0,0.0,8.488690639531738,8.488690639531738
tol_10km_int_5min,iorjtw,vq_ctw,5,nearest,512.0,10.0,110.0,1.0,0.0,9.22987188203086,9.22987188203086
tol_10km_int_5min,iorjtw,vq_ctw,5,nearest,1024.0,10.0,110.0,1.0,0.0,8.7518596969118,8.7518596969118
tol_10km_int_5min,iotklo,direct_ctw,5,nearest,,10.0,70.0,0.96612204408908,0.644585829149832,4.83864447812822,4.9524714688184375
tol_10km_int_5min,iotklo,markov_order_1,5,nearest,,10.0,70.0,0.9521418548306092,0.7451440078820646,4.83864447812822,4.9524714688184375
tol_10km_int_5min,iotklo,markov_order_2,5,nearest,,10.0,70.0,0.957418327417737,0.719122982093577,4.83864447812822,4.9524714688184375
tol_10km_int_5min,iotklo,vq_ctw,5,nearest,256.0,10.0,70.0,1.0,0.0,8.753999221366595,8.753999221366595
tol_10km_int_5min,iotklo,vq_ctw,5,nearest,512.0,10.0,70.0,1.0,0.0,9.89592112006212,9.89592112006212
tol_10km_int_5min,iotklo,vq_ctw,5,nearest,1024.0,10.0,70.0,1.0,0.0,9.724463426440272,9.724463426440272
tol_10km_int_5min,iovhar,direct_ctw,5,nearest,,10.0,120.0,0.9385989427201848,0.4193646642146305,4.2679710313749855,4.347102032930787
tol_10km_int_5min,iovhar,markov_order_1,5,nearest,,10.0,120.0,0.8995775936195562,0.6144488050485779,4.2679710313749855,4.347102032930787
tol_10km_int_5min,iovhar,markov_order_2,5,nearest,,10.0,120.0,0.89016678741125,0.607204583055775,4.2679710313749855,4.347102032930787
tol_10km_int_5min,iovhar,vq_ctw,5,nearest,256.0,10.0,120.0,1.0,0.0,8.250815619465678,8.250815619465678
tol_10km_int_5min,iovhar,vq_ctw,5,nearest,512.0,10.0,120.0,1.0,0.0,8.99222818572932,8.99222818572932
tol_10km_int_5min,iovhar,vq_ctw,5,nearest,1024.0,10.0,120.0,1.0,0.0,9.050811947382396,9.050811947382396
tol_10km_int_5min,iovlit,direct_ctw,5,nearest,,10.0,59.0,0.9020707749724912,0.5660092816346788,4.739443412097455,4.800062814558022
tol_10km_int_5min,iovlit,markov_order_1,5,nearest,,10.0,59.0,0.8139121614894352,0.8771641691499322,4.739443412097455,4.800062814558022
tol_10km_int_5min,iovlit,markov_order_2,5,nearest,,10.0,59.0,0.8050285120830823,0.9070222749426068,4.739443412097455,4.800062814558022
tol_10km_int_5min,iovlit,vq_ctw,5,nearest,256.0,10.0,59.0,1.0,0.0,8.708272947188018,8.708272947188018
tol_10km_int_5min,iovlit,vq_ctw,5,nearest,512.0,10.0,59.0,1.0,0.0,9.36667947093288,9.36667947093288
tol_10km_int_5min,iovlit,vq_ctw,5,nearest,1024.0,10.0,59.0,1.0,0.0,9.650136891981,9.650136891981
tol_10km_int_5min,ioytgo,direct_ctw,5,nearest,,10.0,43.0,0.9540359289045706,0.3920437515674683,4.030816382393227,4.102030513913996
tol_10km_int_5min,ioytgo,markov_order_1,5,nearest,,10.0,43.0,0.939533989658472,0.4678662730048483,4.030816382393227,4.102030513913996
tol_10km_int_5min,ioytgo,markov_order_2,5,nearest,,10.0,43.0,0.9481439378401102,0.4429673553454297,4.030816382393227,4.102030513913996
tol_10km_int_5min,ioytgo,vq_ctw,5,nearest,256.0,10.0,43.0,1.0,0.0,8.281929542190815,8.281929542190815
tol_10km_int_5min,ioytgo,vq_ctw,5,nearest,512.0,10.0,43.0,1.0,0.0,9.435573973788866,9.435573973788866
tol_10km_int_5min,ioytgo,vq_ctw,5,nearest,1024.0,10.0,43.0,1.0,0.0,8.615000612768108,8.615000612768108
tol_10km_int_5min,ipdioi,direct_ctw,5,nearest,,10.0,166.0,0.9314874080894952,0.5478796706603412,4.400699687861437,4.51402536808876
tol_10km_int_5min,ipdioi,markov_order_1,5,nearest,,10.0,166.0,0.886903791001006,0.7448847213390485,4.400699687861437,4.51402536808876
tol_10km_int_5min,ipdioi,markov_order_2,5,nearest,,10.0,166.0,0.8850992826273326,0.7522040867762753,4.400699687861437,4.51402536808876
tol_10km_int_5min,ipdioi,vq_ctw,5,nearest,256.0,10.0,166.0,1.0,0.0,8.488863067655592,8.488863067655592
tol_10km_int_5min,ipdioi,vq_ctw,5,nearest,512.0,10.0,166.0,1.0,0.0,9.45889187936627,9.45889187936627
tol_10km_int_5min,ipdioi,vq_ctw,5,nearest,1024.0,10.0,166.0,1.0,0.0,8.976955969120828,8.976955969120828
tol_10km_int_5min,iphesp,direct_ctw,5,nearest,,10.0,21.0,0.8826333065509593,0.7564772233433156,4.807713450397993,4.913884858793256
tol_10km_int_5min,iphesp,markov_order_1,5,nearest,,10.0,21.0,0.7461043936777595,1.3251855435201128,4.807713450397993,4.913884858793256
tol_10km_int_5min,iphesp,markov_order_2,5,nearest,,10.0,21.0,0.7092862170534678,1.4510690688240755,4.807713450397993,4.913884858793256
tol_10km_int_5min,iphesp,vq_ctw,5,nearest,256.0,10.0,21.0,1.0,0.0,11.231659137828782,11.231659137828782
tol_10km_int_5min,iphesp,vq_ctw,5,nearest,512.0,10.0,21.0,1.0,0.0,10.935301423490584,10.935301423490584
tol_10km_int_5min,iphesp,vq_ctw,5,nearest,1024.0,10.0,21.0,1.0,0.0,11.455154613815123,11.455154613815123
tol_10km_int_5min,iphybc,direct_ctw,5,nearest,,10.0,83.0,0.9338649418750437,0.4732111458298149,4.447339514224536,4.528278352440285
tol_10km_int_5min,iphybc,markov_order_1,5,nearest,,10.0,83.0,0.8779471101307568,0.6929753250524757,4.447339514224536,4.528278352440285
tol_10km_int_5min,iphybc,markov_order_2,5,nearest,,10.0,83.0,0.8731934821228559,0.7221330782916839,4.447339514224536,4.528278352440285
tol_10km_int_5min,iphybc,vq_ctw,5,nearest,256.0,10.0,83.0,1.0,0.0,8.132717680072714,8.132717680072714
tol_10km_int_5min,iphybc,vq_ctw,5,nearest,512.0,10.0,83.0,1.0,0.0,8.914706702692467,8.914706702692467
tol_10km_int_5min,iphybc,vq_ctw,5,nearest,1024.0,10.0,83.0,1.0,0.0,8.701117288248993,8.701117288248993
tol_10km_int_5min,ipjier,direct_ctw,5,nearest,,10.0,112.0,0.9902381563311068,0.3909034533679875,4.129345815884749,4.279510113001893
tol_10km_int_5min,ipjier,markov_order_1,5,nearest,,10.0,112.0,0.9863159468460256,0.4415143899350777,4.129345815884749,4.279510113001893
tol_10km_int_5min,ipjier,markov_order_2,5,nearest,,10.0,112.0,0.9865953845350172,0.4564980077609988,4.129345815884749,4.279510113001893
tol_10km_int_5min,ipjier,vq_ctw,5,nearest,256.0,10.0,112.0,1.0,0.0,8.585699465015981,8.585699465015981
tol_10km_int_5min,ipjier,vq_ctw,5,nearest,512.0,10.0,112.0,1.0,0.0,9.98696419201072,9.98696419201072
tol_10km_int_5min,ipjier,vq_ctw,5,nearest,1024.0,10.0,112.0,1.0,0.0,9.028296651789136,9.028296651789136
tol_10km_int_5min,ippfei,direct_ctw,5,nearest,,10.0,218.0,0.9523728815680064,0.4636098625945554,4.34104263688969,4.439622888962118
tol_10km_int_5min,ippfei,markov_order_1,5,nearest,,10.0,218.0,0.9269813088528168,0.6005129332030832,4.34104263688969,4.439622888962118
tol_10km_int_5min,ippfei,markov_order_2,5,nearest,,10.0,218.0,0.9205191889790671,0.6125859956527127,4.34104263688969,4.439622888962118
tol_10km_int_5min,ippfei,vq_ctw,5,nearest,256.0,10.0,218.0,1.0,0.0,7.646253307784369,7.646253307784369
tol_10km_int_5min,ippfei,vq_ctw,5,nearest,512.0,10.0,218.0,1.0,0.0,8.734358442150471,8.734358442150471
tol_10km_int_5min,ippfei,vq_ctw,5,nearest,1024.0,10.0,218.0,1.0,0.0,8.318775295222238,8.318775295222238
tol_10km_int_5min,irjfen,direct_ctw,5,nearest,,10.0,196.0,0.9265089502351,0.4934313431978041,4.423916588562674,4.541859704000993
tol_10km_int_5min,irjfen,markov_order_1,5,nearest,,10.0,196.0,0.905566742739965,0.6293023391716089,4.423916588562674,4.541859704000993
tol_10km_int_5min,irjfen,markov_order_2,5,nearest,,10.0,196.0,0.9013102387707492,0.6518095289683481,4.423916588562674,4.541859704000993
tol_10km_int_5min,irjfen,vq_ctw,5,nearest,256.0,10.0,196.0,1.0,0.0,7.988921437601377,7.988921437601377
tol_10km_int_5min,irjfen,vq_ctw,5,nearest,512.0,10.0,196.0,1.0,0.0,9.11928064274477,9.11928064274477
tol_10km_int_5min,irjfen,vq_ctw,5,nearest,1024.0,10.0,196.0,1.0,0.0,8.415174510434156,8.415174510434156
tol_10km_int_5min,isekdy,direct_ctw,5,nearest,,10.0,24.0,0.9267284763037076,0.4512869345316772,4.838631509583641,4.959763665775489
tol_10km_int_5min,isekdy,markov_order_1,5,nearest,,10.0,24.0,0.8817237561735607,0.6426618436543016,4.838631509583641,4.959763665775489
tol_10km_int_5min,isekdy,markov_order_2,5,nearest,,10.0,24.0,0.8596929883926432,0.7253492946023535,4.838631509583641,4.959763665775489
tol_10km_int_5min,isekdy,vq_ctw,5,nearest,256.0,10.0,24.0,1.0,0.0,8.167403053313162,8.167403053313162
tol_10km_int_5min,isekdy,vq_ctw,5,nearest,512.0,10.0,24.0,1.0,0.0,9.046110921425536,9.046110921425536
tol_10km_int_5min,isekdy,vq_ctw,5,nearest,1024.0,10.0,24.0,1.0,0.0,9.02244364231738,9.02244364231738
tol_10km_int_5min,isfikt,direct_ctw,5,nearest,,10.0,62.0,0.9041528349124244,0.5062885774918963,4.6805517241244745,4.776595868788462
tol_10km_int_5min,isfikt,markov_order_1,5,nearest,,10.0,62.0,0.8399209379583775,0.7810978362179282,4.6805517241244745,4.776595868788462
tol_10km_int_5min,isfikt,markov_order_2,5,nearest,,10.0,62.0,0.8320203560060135,0.7805527918540373,4.6805517241244745,4.776595868788462
tol_10km_int_5min,isfikt,vq_ctw,5,nearest,256.0,10.0,62.0,1.0,0.0,8.736451715126407,8.736451715126407
tol_10km_int_5min,isfikt,vq_ctw,5,nearest,512.0,10.0,62.0,1.0,0.0,9.17370581885236,9.17370581885236
tol_10km_int_5min,isfikt,vq_ctw,5,nearest,1024.0,10.0,62.0,1.0,0.0,9.120988424605452,9.120988424605452
tol_10km_int_5min,ishvir,direct_ctw,5,nearest,,10.0,183.0,0.977022512154067,0.4388927736222736,3.984987896050199,4.083339696070265
tol_10km_int_5min,ishvir,markov_order_1,5,nearest,,10.0,183.0,0.9633381238295524,0.5254111651287171,3.984987896050199,4.083339696070265
tol_10km_int_5min,ishvir,markov_order_2,5,nearest,,10.0,183.0,0.9676837123040272,0.5187906582041946,3.984987896050199,4.083339696070265
tol_10km_int_5min,ishvir,vq_ctw,5,nearest,256.0,10.0,183.0,1.0,0.0,7.515658875509123,7.515658875509123
tol_10km_int_5min,ishvir,vq_ctw,5,nearest,512.0,10.0,183.0,1.0,0.0,8.761010599624452,8.761010599624452
tol_10km_int_5min,ishvir,vq_ctw,5,nearest,1024.0,10.0,183.0,1.0,0.0,7.7909124095416145,7.7909124095416145
tol_10km_int_5min,isnthl,direct_ctw,5,nearest,,10.0,35.0,0.9999999999980904,0.4633527536286849,4.515230522685321,4.583567381138347
tol_10km_int_5min,isnthl,markov_order_1,5,nearest,,10.0,35.0,0.9999999999980904,0.506516402444616,4.515230522685321,4.583567381138347
tol_10km_int_5min,isnthl,markov_order_2,5,nearest,,10.0,35.0,0.9999999999980904,0.4506926371597355,4.515230522685321,4.583567381138347
tol_10km_int_5min,isnthl,vq_ctw,5,nearest,256.0,10.0,35.0,1.0,0.0,7.923495576037554,7.923495576037554
tol_10km_int_5min,isnthl,vq_ctw,5,nearest,512.0,10.0,35.0,1.0,0.0,9.45854102615853,9.45854102615853
tol_10km_int_5min,isnthl,vq_ctw,5,nearest,1024.0,10.0,35.0,1.0,0.0,8.170040168491395,8.170040168491395
tol_10km_int_5min,ispaww,direct_ctw,5,nearest,,10.0,213.0,0.9468240977346588,0.4555834493838402,4.259515746218991,4.375314478755483
tol_10km_int_5min,ispaww,markov_order_1,5,nearest,,10.0,213.0,0.9314790688770436,0.5466554481016618,4.259515746218991,4.375314478755483
tol_10km_int_5min,ispaww,markov_order_2,5,nearest,,10.0,213.0,0.9310298286584412,0.5373327449332677,4.259515746218991,4.375314478755483
tol_10km_int_5min,ispaww,vq_ctw,5,nearest,256.0,10.0,213.0,1.0,0.0,7.68841542401439,7.68841542401439
tol_10km_int_5min,ispaww,vq_ctw,5,nearest,512.0,10.0,213.0,1.0,0.0,8.75922951198772,8.75922951198772
tol_10km_int_5min,ispaww,vq_ctw,5,nearest,1024.0,10.0,213.0,1.0,0.0,8.50977329109869,8.50977329109869
tol_10km_int_5min,isvayd,direct_ctw,5,nearest,,10.0,35.0,0.9390511019674368,0.613609104022329,4.219623934588012,4.329392243482768
tol_10km_int_5min,isvayd,markov_order_1,5,nearest,,10.0,35.0,0.908923750645552,0.770887424162102,4.219623934588012,4.329392243482768
tol_10km_int_5min,isvayd,markov_order_2,5,nearest,,10.0,35.0,0.90202741617811,0.8068895187720843,4.219623934588012,4.329392243482768
tol_10km_int_5min,isvayd,vq_ctw,5,nearest,256.0,10.0,35.0,1.0,0.0,7.869991218508681,7.869991218508681
tol_10km_int_5min,isvayd,vq_ctw,5,nearest,512.0,10.0,35.0,1.0,0.0,8.951574793990906,8.951574793990906
tol_10km_int_5min,isvayd,vq_ctw,5,nearest,1024.0,10.0,35.0,1.0,0.0,9.162388743193569,9.162388743193569
tol_10km_int_5min,itacfl,direct_ctw,5,nearest,,10.0,105.0,0.9540617735003724,0.4250830173837148,4.171008021713587,4.291382886892391
tol_10km_int_5min,itacfl,markov_order_1,5,nearest,,10.0,105.0,0.9244737796076348,0.5605948416581317,4.171008021713587,4.291382886892391
tol_10km_int_5min,itacfl,markov_order_2,5,nearest,,10.0,105.0,0.918557355135052,0.5817826630294215,4.171008021713587,4.291382886892391
tol_10km_int_5min,itacfl,vq_ctw,5,nearest,256.0,10.0,105.0,1.0,0.0,8.015036198494064,8.015036198494064
tol_10km_int_5min,itacfl,vq_ctw,5,nearest,512.0,10.0,105.0,1.0,0.0,9.009699963206696,9.009699963206696
tol_10km_int_5min,itacfl,vq_ctw,5,nearest,1024.0,10.0,105.0,1.0,0.0,8.666606783555908,8.666606783555908
tol_10km_int_5min,itbadp,direct_ctw,5,nearest,,10.0,91.0,0.8774343570673986,0.7170309229865743,4.628739981150685,4.685634689026124
tol_10km_int_5min,itbadp,markov_order_1,5,nearest,,10.0,91.0,0.8084101278106731,0.9883595280777028,4.628739981150685,4.685634689026124
tol_10km_int_5min,itbadp,markov_order_2,5,nearest,,10.0,91.0,0.7788534603667097,1.087125592715687,4.628739981150685,4.685634689026124
tol_10km_int_5min,itbadp,vq_ctw,5,nearest,256.0,10.0,91.0,1.0,0.0,8.778177254377697,8.778177254377697
tol_10km_int_5min,itbadp,vq_ctw,5,nearest,512.0,10.0,91.0,1.0,0.0,9.651143987953386,9.651143987953386
tol_10km_int_5min,itbadp,vq_ctw,5,nearest,1024.0,10.0,91.0,1.0,0.0,9.05688415144956,9.05688415144956
tol_10km_int_5min,itbejs,direct_ctw,5,nearest,,10.0,60.0,0.9354992452482526,0.6010268944661287,4.437469038238475,4.546927188718652
tol_10km_int_5min,itbejs,markov_order_1,5,nearest,,10.0,60.0,0.9054578196934548,0.7396233116382078,4.437469038238475,4.546927188718652
tol_10km_int_5min,itbejs,markov_order_2,5,nearest,,10.0,60.0,0.8878442023335966,0.8049278213835727,4.437469038238475,4.546927188718652
tol_10km_int_5min,itbejs,vq_ctw,5,nearest,256.0,10.0,60.0,1.0,0.0,8.284884366381519,8.284884366381519
tol_10km_int_5min,itbejs,vq_ctw,5,nearest,512.0,10.0,60.0,1.0,0.0,9.471463281426168,9.471463281426168
tol_10km_int_5min,itbejs,vq_ctw,5,nearest,1024.0,10.0,60.0,1.0,0.0,9.214520238687584,9.214520238687584
tol_10km_int_5min,itcemr,direct_ctw,5,nearest,,10.0,102.0,0.932321060677236,0.5196605080133595,4.26443861835546,4.397446255995243
tol_10km_int_5min,itcemr,markov_order_1,5,nearest,,10.0,102.0,0.9014396895558964,0.6308174542385618,4.26443861835546,4.397446255995243
tol_10km_int_5min,itcemr,markov_order_2,5,nearest,,10.0,102.0,0.8972825878204318,0.6565117080720385,4.26443861835546,4.397446255995243
tol_10km_int_5min,itcemr,vq_ctw,5,nearest,256.0,10.0,102.0,1.0,0.0,8.626098108014752,8.626098108014752
tol_10km_int_5min,itcemr,vq_ctw,5,nearest,512.0,10.0,102.0,1.0,0.0,8.86805226516776,8.86805226516776
tol_10km_int_5min,itcemr,vq_ctw,5,nearest,1024.0,10.0,102.0,1.0,0.0,9.00612241127561,9.00612241127561
tol_10km_int_5min,ithpet,direct_ctw,5,nearest,,10.0,24.0,0.8747508270891339,0.6695127237317728,4.392585307981314,4.475650032552674
tol_10km_int_5min,ithpet,markov_order_1,5,nearest,,10.0,24.0,0.8176963321159759,0.8673944296672765,4.392585307981314,4.475650032552674
tol_10km_int_5min,ithpet,markov_order_2,5,nearest,,10.0,24.0,0.8438978613696633,0.7810046834434234,4.392585307981314,4.475650032552674
tol_10km_int_5min,ithpet,vq_ctw,5,nearest,256.0,10.0,24.0,1.0,0.0,8.511906433137062,8.511906433137062
tol_10km_int_5min,ithpet,vq_ctw,5,nearest,512.0,10.0,24.0,1.0,0.0,10.131019945491955,10.131019945491955
tol_10km_int_5min,ithpet,vq_ctw,5,nearest,1024.0,10.0,24.0,1.0,0.0,8.921149991001245,8.921149991001245
tol_10km_int_5min,itmeps,direct_ctw,5,nearest,,10.0,21.0,0.9999999999980904,0.4751082187772215,4.142234994496345,4.229391145930005
tol_10km_int_5min,itmeps,markov_order_1,5,nearest,,10.0,21.0,0.9999999999980904,0.494300263468811,4.142234994496345,4.229391145930005
tol_10km_int_5min,itmeps,markov_order_2,5,nearest,,10.0,21.0,0.9999999999980904,0.5537281219335994,4.142234994496345,4.229391145930005
tol_10km_int_5min,itmeps,vq_ctw,5,nearest,256.0,10.0,21.0,1.0,0.0,7.275429130298692,7.275429130298692
tol_10km_int_5min,itmeps,vq_ctw,5,nearest,512.0,10.0,21.0,1.0,0.0,9.517125153951897,9.517125153951897
tol_10km_int_5min,itmeps,vq_ctw,5,nearest,1024.0,10.0,21.0,1.0,0.0,7.713976461213892,7.713976461213892
tol_10km_int_5min,itpivo,direct_ctw,5,nearest,,10.0,121.0,0.9635469608214688,0.4089593305960163,4.4252590630086,4.519109316574426
tol_10km_int_5min,itpivo,markov_order_1,5,nearest,,10.0,121.0,0.9344200637174732,0.5843050541949953,4.4252590630086,4.519109316574426
tol_10km_int_5min,itpivo,markov_order_2,5,nearest,,10.0,121.0,0.928703653580988,0.5657405907094171,4.4252590630086,4.519109316574426
tol_10km_int_5min,itpivo,vq_ctw,5,nearest,256.0,10.0,121.0,1.0,0.0,7.465587297978675,7.465587297978675
tol_10km_int_5min,itpivo,vq_ctw,5,nearest,512.0,10.0,121.0,1.0,0.0,9.038057495715444,9.038057495715444
tol_10km_int_5min,itpivo,vq_ctw,5,nearest,1024.0,10.0,121.0,1.0,0.0,8.139351031002203,8.139351031002203
tol_10km_int_5min,itquir,direct_ctw,5,nearest,,10.0,138.0,0.8978791893129161,0.6554852237420499,4.516431106834349,4.693515590594092
tol_10km_int_5min,itquir,markov_order_1,5,nearest,,10.0,138.0,0.8247420121046508,0.9358977812114884,4.516431106834349,4.693515590594092
tol_10km_int_5min,itquir,markov_order_2,5,nearest,,10.0,138.0,0.8229106891397324,0.9476543699033374,4.516431106834349,4.693515590594092
tol_10km_int_5min,itquir,vq_ctw,5,nearest,256.0,10.0,138.0,1.0,0.0,8.301067997319851,8.301067997319851
tol_10km_int_5min,itquir,vq_ctw,5,nearest,512.0,10.0,138.0,1.0,0.0,9.708814493684336,9.708814493684336
tol_10km_int_5min,itquir,vq_ctw,5,nearest,1024.0,10.0,138.0,1.0,0.0,9.295982428048102,9.295982428048102
tol_10km_int_5min,ivheoo,direct_ctw,5,nearest,,10.0,75.0,0.9518933779854156,0.4202789511657248,4.239587044989544,4.340997447604952
tol_10km_int_5min,ivheoo,markov_order_1,5,nearest,,10.0,75.0,0.9246803901476228,0.5382953818780936,4.239587044989544,4.340997447604952
tol_10km_int_5min,ivheoo,markov_order_2,5,nearest,,10.0,75.0,0.9199781290600696,0.5628551151592306,4.239587044989544,4.340997447604952
tol_10km_int_5min,ivheoo,vq_ctw,5,nearest,256.0,10.0,75.0,1.0,0.0,9.032009060223208,9.032009060223208
tol_10km_int_5min,ivheoo,vq_ctw,5,nearest,512.0,10.0,75.0,1.0,0.0,10.075147426018962,10.075147426018962
tol_10km_int_5min,ivheoo,vq_ctw,5,nearest,1024.0,10.0,75.0,1.0,0.0,9.489137111729162,9.489137111729162
tol_10km_int_5min,ivkock,direct_ctw,5,nearest,,10.0,132.0,0.9219067246875948,0.6209791153127289,4.184557081342137,4.334132270561198
tol_10km_int_5min,ivkock,markov_order_1,5,nearest,,10.0,132.0,0.8774525199288445,0.8234369715115172,4.184557081342137,4.334132270561198
tol_10km_int_5min,ivkock,markov_order_2,5,nearest,,10.0,132.0,0.8676502405607048,0.8777263592893197,4.184557081342137,4.334132270561198
tol_10km_int_5min,ivkock,vq_ctw,5,nearest,256.0,10.0,132.0,1.0,0.0,7.938861173182002,7.938861173182002
tol_10km_int_5min,ivkock,vq_ctw,5,nearest,512.0,10.0,132.0,1.0,0.0,9.158166551056064,9.158166551056064
tol_10km_int_5min,ivkock,vq_ctw,5,nearest,1024.0,10.0,132.0,1.0,0.0,8.782413990055959,8.782413990055959
tol_10km_int_5min,izowcu,direct_ctw,5,nearest,,10.0,34.0,0.9999999999991014,0.3430998574690848,4.726463888857251,4.80182944425325
tol_10km_int_5min,izowcu,markov_order_1,5,nearest,,10.0,34.0,0.9999999999991014,0.4339801617066129,4.726463888857251,4.80182944425325
tol_10km_int_5min,izowcu,markov_order_2,5,nearest,,10.0,34.0,0.9999999999991014,0.3560241534937663,4.726463888857251,4.80182944425325
tol_10km_int_5min,izowcu,vq_ctw,5,nearest,256.0,10.0,34.0,1.0,0.0,8.106415475044855,8.106415475044855
tol_10km_int_5min,izowcu,vq_ctw,5,nearest,512.0,10.0,34.0,1.0,0.0,9.173180708432003,9.173180708432003
tol_10km_int_5min,izowcu,vq_ctw,5,nearest,1024.0,10.0,34.0,1.0,0.0,8.69450393111894,8.69450393111894
tol_10km_int_5min,oadwow,direct_ctw,5,nearest,,10.0,23.0,0.9999999999980904,0.2958318238776771,4.2695923423481,4.371000699269246
tol_10km_int_5min,oadwow,markov_order_1,5,nearest,,10.0,23.0,0.9999999999980904,0.3669090259039118,4.2695923423481,4.371000699269246
tol_10km_int_5min,oadwow,markov_order_2,5,nearest,,10.0,23.0,0.9999999999980904,0.3648032469341274,4.2695923423481,4.371000699269246
tol_10km_int_5min,oadwow,vq_ctw,5,nearest,256.0,10.0,23.0,1.0,0.0,6.800086041214697,6.800086041214697
tol_10km_int_5min,oadwow,vq_ctw,5,nearest,512.0,10.0,23.0,1.0,0.0,8.42038538114288,8.42038538114288
tol_10km_int_5min,oadwow,vq_ctw,5,nearest,1024.0,10.0,23.0,1.0,0.0,7.910545056995432,7.910545056995432
tol_10km_int_5min,oafhyn,direct_ctw,5,nearest,,10.0,62.0,0.9006750193799553,0.5755006596935593,4.6164367182199415,4.774545342273994
tol_10km_int_5min,oafhyn,markov_order_1,5,nearest,,10.0,62.0,0.8204911670551024,0.8765339682128869,4.6164367182199415,4.774545342273994
tol_10km_int_5min,oafhyn,markov_order_2,5,nearest,,10.0,62.0,0.8118960754545327,0.9076879437914998,4.6164367182199415,4.774545342273994
tol_10km_int_5min,oafhyn,vq_ctw,5,nearest,256.0,10.0,62.0,1.0,0.0,9.033745637577326,9.033745637577326
tol_10km_int_5min,oafhyn,vq_ctw,5,nearest,512.0,10.0,62.0,1.0,0.0,9.81099804197159,9.81099804197159
tol_10km_int_5min,oafhyn,vq_ctw,5,nearest,1024.0,10.0,62.0,1.0,0.0,9.784394559307298,9.784394559307298
tol_10km_int_5min,oahudf,direct_ctw,5,nearest,,10.0,168.0,0.9235842581920513,0.5075930626431755,4.40023782510352,4.502927070719344
tol_10km_int_5min,oahudf,markov_order_1,5,nearest,,10.0,168.0,0.8537541505332916,0.7649782003719481,4.40023782510352,4.502927070719344
tol_10km_int_5min,oahudf,markov_order_2,5,nearest,,10.0,168.0,0.8474620934098172,0.7943789347957187,4.40023782510352,4.502927070719344
tol_10km_int_5min,oahudf,vq_ctw,5,nearest,256.0,10.0,168.0,1.0,0.0,8.185880078707694,8.185880078707694
tol_10km_int_5min,oahudf,vq_ctw,5,nearest,512.0,10.0,168.0,1.0,0.0,9.163443742446953,9.163443742446953
tol_10km_int_5min,oahudf,vq_ctw,5,nearest,1024.0,10.0,168.0,1.0,0.0,8.649491201768605,8.649491201768605
tol_10km_int_5min,oakpik,direct_ctw,5,nearest,,10.0,65.0,0.9999999999985606,0.3542264484600455,4.0396163372060165,4.157062839370267
tol_10km_int_5min,oakpik,markov_order_1,5,nearest,,10.0,65.0,0.9999999999985606,0.3780547404802166,4.0396163372060165,4.157062839370267
tol_10km_int_5min,oakpik,markov_order_2,5,nearest,,10.0,65.0,0.9999999999985606,0.3407433992211554,4.0396163372060165,4.157062839370267
tol_10km_int_5min,oakpik,vq_ctw,5,nearest,256.0,10.0,65.0,1.0,0.0,7.202840433283621,7.202840433283621
tol_10km_int_5min,oakpik,vq_ctw,5,nearest,512.0,10.0,65.0,1.0,0.0,8.614222628593671,8.614222628593671
tol_10km_int_5min,oakpik,vq_ctw,5,nearest,1024.0,10.0,65.0,1.0,0.0,7.700958166784662,7.700958166784662
tol_10km_int_5min,oapwyc,direct_ctw,5,nearest,,10.0,123.0,0.9268931133956768,0.6805975986875735,4.567165759744027,4.712018636251372
tol_10km_int_5min,oapwyc,markov_order_1,5,nearest,,10.0,123.0,0.8949205901742954,0.9361418377854338,4.567165759744027,4.712018636251372
tol_10km_int_5min,oapwyc,markov_order_2,5,nearest,,10.0,123.0,0.8892770324214266,0.8420847074107319,4.567165759744027,4.712018636251372
tol_10km_int_5min,oapwyc,vq_ctw,5,nearest,256.0,10.0,123.0,1.0,0.0,8.249555196685685,8.249555196685685
tol_10km_int_5min,oapwyc,vq_ctw,5,nearest,512.0,10.0,123.0,1.0,0.0,9.60805047073622,9.60805047073622
tol_10km_int_5min,oapwyc,vq_ctw,5,nearest,1024.0,10.0,123.0,1.0,0.0,8.846417685379013,8.846417685379013
tol_10km_int_5min,oasthu,direct_ctw,5,nearest,,10.0,92.0,0.933823920947501,0.4869684357615843,4.578110281392333,4.655638264934422
tol_10km_int_5min,oasthu,markov_order_1,5,nearest,,10.0,92.0,0.8967894366466406,0.6645983658135757,4.578110281392333,4.655638264934422
tol_10km_int_5min,oasthu,markov_order_2,5,nearest,,10.0,92.0,0.8828589479525129,0.7209303947335117,4.578110281392333,4.655638264934422
tol_10km_int_5min,oasthu,vq_ctw,5,nearest,256.0,10.0,92.0,1.0,0.0,7.69098101521018,7.69098101521018
tol_10km_int_5min,oasthu,vq_ctw,5,nearest,512.0,10.0,92.0,1.0,0.0,8.91249177244614,8.91249177244614
tol_10km_int_5min,oasthu,vq_ctw,5,nearest,1024.0,10.0,92.0,1.0,0.0,8.317109540814577,8.317109540814577
tol_10km_int_5min,obacva,direct_ctw,5,nearest,,10.0,122.0,0.9568768920746242,0.3029246451213369,4.188634816770853,4.295893302669326
tol_10km_int_5min,obacva,markov_order_1,5,nearest,,10.0,122.0,0.9125997550650512,0.46668493352313,4.188634816770853,4.295893302669326
tol_10km_int_5min,obacva,markov_order_2,5,nearest,,10.0,122.0,0.8981739507456395,0.5088592797640265,4.188634816770853,4.295893302669326
tol_10km_int_5min,obacva,vq_ctw,5,nearest,256.0,10.0,122.0,1.0,0.0,8.672943239298169,8.672943239298169
tol_10km_int_5min,obacva,vq_ctw,5,nearest,512.0,10.0,122.0,1.0,0.0,9.282130901318666,9.282130901318666
tol_10km_int_5min,obacva,vq_ctw,5,nearest,1024.0,10.0,122.0,1.0,0.0,8.94965438707111,8.94965438707111
tol_10km_int_5min,obceoo,direct_ctw,5,nearest,,10.0,47.0,0.8931191942489829,0.7184840395393759,4.780279913981697,4.885048780782307
tol_10km_int_5min,obceoo,markov_order_1,5,nearest,,10.0,47.0,0.8027571453331996,1.0516515426340491,4.780279913981697,4.885048780782307
tol_10km_int_5min,obceoo,markov_order_2,5,nearest,,10.0,47.0,0.7979173679737676,1.064171589612456,4.780279913981697,4.885048780782307
tol_10km_int_5min,obceoo,vq_ctw,5,nearest,256.0,10.0,47.0,1.0,0.0,7.947650735185765,7.947650735185765
tol_10km_int_5min,obceoo,vq_ctw,5,nearest,512.0,10.0,47.0,1.0,0.0,8.819439326679685,8.819439326679685
tol_10km_int_5min,obceoo,vq_ctw,5,nearest,1024.0,10.0,47.0,1.0,0.0,8.514508688698381,8.514508688698381
tol_10km_int_5min,obheuj,direct_ctw,5,nearest,,10.0,183.0,0.9345973877744695,0.5613478547744455,4.483855168594999,4.599978327655424
tol_10km_int_5min,obheuj,markov_order_1,5,nearest,,10.0,183.0,0.8981050453578124,0.7074296762994191,4.483855168594999,4.599978327655424
tol_10km_int_5min,obheuj,markov_order_2,5,nearest,,10.0,183.0,0.8961767750299806,0.7239361989417624,4.483855168594999,4.599978327655424
tol_10km_int_5min,obheuj,vq_ctw,5,nearest,256.0,10.0,183.0,1.0,0.0,8.074885448325952,8.074885448325952
tol_10km_int_5min,obheuj,vq_ctw,5,nearest,512.0,10.0,183.0,1.0,0.0,9.154443387863749,9.154443387863749
tol_10km_int_5min,obheuj,vq_ctw,5,nearest,1024.0,10.0,183.0,1.0,0.0,8.612961583079457,8.612961583079457
tol_10km_int_5min,oblyag,direct_ctw,5,nearest,,10.0,162.0,0.916633905290582,0.639273817290342,4.406254073663662,4.5008603232393
tol_10km_int_5min,oblyag,markov_order_1,5,nearest,,10.0,162.0,0.8703374205032406,0.8346397658711184,4.406254073663662,4.5008603232393
tol_10km_int_5min,oblyag,markov_order_2,5,nearest,,10.0,162.0,0.8649369182056899,0.8319888791672464,4.406254073663662,4.5008603232393
tol_10km_int_5min,oblyag,vq_ctw,5,nearest,256.0,10.0,162.0,1.0,0.0,7.745937443800344,7.745937443800344
tol_10km_int_5min,oblyag,vq_ctw,5,nearest,512.0,10.0,162.0,1.0,0.0,9.199202290613169,9.199202290613169
tol_10km_int_5min,oblyag,vq_ctw,5,nearest,1024.0,10.0,162.0,1.0,0.0,8.255856426800872,8.255856426800872
tol_10km_int_5min,obsimj,direct_ctw,5,nearest,,10.0,156.0,0.9287260490158548,0.5007759053883668,4.3780319220542285,4.452087768786685
tol_10km_int_5min,obsimj,markov_order_1,5,nearest,,10.0,156.0,0.8893383017813673,0.7019484421698842,4.3780319220542285,4.452087768786685
tol_10km_int_5min,obsimj,markov_order_2,5,nearest,,10.0,156.0,0.8946735036563169,0.6923230869414783,4.3780319220542285,4.452087768786685
tol_10km_int_5min,obsimj,vq_ctw,5,nearest,256.0,10.0,156.0,1.0,0.0,7.787535941967451,7.787535941967451
tol_10km_int_5min,obsimj,vq_ctw,5,nearest,512.0,10.0,156.0,1.0,0.0,9.088804572616665,9.088804572616665
tol_10km_int_5min,obsimj,vq_ctw,5,nearest,1024.0,10.0,156.0,1.0,0.0,8.456211920527577,8.456211920527577
tol_10km_int_5min,occeyd,direct_ctw,5,nearest,,10.0,37.0,0.9385821375208524,0.3685927145824086,4.355513056192186,4.412785417968569
tol_10km_int_5min,occeyd,markov_order_1,5,nearest,,10.0,37.0,0.8667566407645619,0.6353229627788386,4.355513056192186,4.412785417968569
tol_10km_int_5min,occeyd,markov_order_2,5,nearest,,10.0,37.0,0.8555397453520566,0.6691681911835129,4.355513056192186,4.412785417968569
tol_10km_int_5min,occeyd,vq_ctw,5,nearest,256.0,10.0,37.0,1.0,0.0,7.877081042185176,7.877081042185176
tol_10km_int_5min,occeyd,vq_ctw,5,nearest,512.0,10.0,37.0,1.0,0.0,9.388391279947411,9.388391279947411
tol_10km_int_5min,occeyd,vq_ctw,5,nearest,1024.0,10.0,37.0,1.0,0.0,8.585196374384674,8.585196374384674
tol_10km_int_5min,occrok,direct_ctw,5,nearest,,10.0,72.0,0.9434442417359578,0.4768860016988635,4.551876646686472,4.646643181674026
tol_10km_int_5min,occrok,markov_order_1,5,nearest,,10.0,72.0,0.9129736623641472,0.6386331204359447,4.551876646686472,4.646643181674026
tol_10km_int_5min,occrok,markov_order_2,5,nearest,,10.0,72.0,0.9190018537915378,0.619655213158014,4.551876646686472,4.646643181674026
tol_10km_int_5min,occrok,vq_ctw,5,nearest,256.0,10.0,72.0,1.0,0.0,8.472479302676119,8.472479302676119
tol_10km_int_5min,occrok,vq_ctw,5,nearest,512.0,10.0,72.0,1.0,0.0,8.982486530437079,8.982486530437079
tol_10km_int_5min,occrok,vq_ctw,5,nearest,1024.0,10.0,72.0,1.0,0.0,9.234417101031058,9.234417101031058
tol_10km_int_5min,ochotc,direct_ctw,5,nearest,,10.0,69.0,0.9139937691456416,0.5002634900971148,4.477041728988571,4.561551886232469
tol_10km_int_5min,ochotc,markov_order_1,5,nearest,,10.0,69.0,0.88480830678902,0.6622148440702532,4.477041728988571,4.561551886232469
tol_10km_int_5min,ochotc,markov_order_2,5,nearest,,10.0,69.0,0.88480830678902,0.69317182274062,4.477041728988571,4.561551886232469
tol_10km_int_5min,ochotc,vq_ctw,5,nearest,256.0,10.0,69.0,1.0,0.0,9.020577219501234,9.020577219501234
tol_10km_int_5min,ochotc,vq_ctw,5,nearest,512.0,10.0,69.0,1.0,0.0,10.603239781448009,10.603239781448009
tol_10km_int_5min,ochotc,vq_ctw,5,nearest,1024.0,10.0,69.0,1.0,0.0,9.526421386911473,9.526421386911473
tol_10km_int_5min,ochtin,direct_ctw,5,nearest,,10.0,17.0,0.9999999999980904,0.3269729633569502,3.327989822986361,3.4197625604223743
tol_10km_int_5min,ochtin,markov_order_1,5,nearest,,10.0,17.0,0.9999999999980904,0.3875272988098117,3.327989822986361,3.4197625604223743
tol_10km_int_5min,ochtin,markov_order_2,5,nearest,,10.0,17.0,0.9999999999980904,0.4059565675981534,3.327989822986361,3.4197625604223743
tol_10km_int_5min,ochtin,vq_ctw,5,nearest,256.0,10.0,17.0,1.0,0.0,7.243028593963089,7.243028593963089
tol_10km_int_5min,ochtin,vq_ctw,5,nearest,512.0,10.0,17.0,1.0,0.0,6.844103703873614,6.844103703873614
tol_10km_int_5min,ochtin,vq_ctw,5,nearest,1024.0,10.0,17.0,1.0,0.0,8.72864945335335,8.72864945335335
tol_10km_int_5min,ocjeng,direct_ctw,5,nearest,,10.0,71.0,0.9260721558805308,0.4492448087998801,4.3855566214028165,4.46153630392887
tol_10km_int_5min,ocjeng,markov_order_1,5,nearest,,10.0,71.0,0.8912516248398686,0.6596271384392048,4.3855566214028165,4.46153630392887
tol_10km_int_5min,ocjeng,markov_order_2,5,nearest,,10.0,71.0,0.9007132977639938,0.5667114625895567,4.3855566214028165,4.46153630392887
tol_10km_int_5min,ocjeng,vq_ctw,5,nearest,256.0,10.0,71.0,1.0,0.0,8.227366683127055,8.227366683127055
tol_10km_int_5min,ocjeng,vq_ctw,5,nearest,512.0,10.0,71.0,1.0,0.0,8.780711242380532,8.780711242380532
tol_10km_int_5min,ocjeng,vq_ctw,5,nearest,1024.0,10.0,71.0,1.0,0.0,8.889090769218205,8.889090769218205
tol_10km_int_5min,ockiho,direct_ctw,5,nearest,,10.0,167.0,0.9421545738307806,0.503989462773445,4.314384150764315,4.42778807348257
tol_10km_int_5min,ockiho,markov_order_1,5,nearest,,10.0,167.0,0.914602810846859,0.6253056781547387,4.314384150764315,4.42778807348257
tol_10km_int_5min,ockiho,markov_order_2,5,nearest,,10.0,167.0,0.902692500164678,0.6640533828226943,4.314384150764315,4.42778807348257
tol_10km_int_5min,ockiho,vq_ctw,5,nearest,256.0,10.0,167.0,1.0,0.0,7.546046811478789,7.546046811478789
tol_10km_int_5min,ockiho,vq_ctw,5,nearest,512.0,10.0,167.0,1.0,0.0,8.85102168770101,8.85102168770101
tol_10km_int_5min,ockiho,vq_ctw,5,nearest,1024.0,10.0,167.0,1.0,0.0,8.033147484562166,8.033147484562166
tol_10km_int_5min,ockoac,direct_ctw,5,nearest,,10.0,16.0,0.833419038447816,0.816404343989332,5.613887603987545,5.640604424368925
tol_10km_int_5min,ockoac,markov_order_1,5,nearest,,10.0,16.0,0.7729078048136215,1.1882936420763173,5.613887603987545,5.640604424368925
tol_10km_int_5min,ockoac,markov_order_2,5,nearest,,10.0,16.0,0.7772659565083726,0.9878624998969776,5.613887603987545,5.640604424368925
tol_10km_int_5min,ockoac,vq_ctw,5,nearest,256.0,10.0,16.0,1.0,0.0,9.56099917283906,9.56099917283906
tol_10km_int_5min,ockoac,vq_ctw,5,nearest,512.0,10.0,16.0,1.0,0.0,10.294189380748437,10.294189380748437
tol_10km_int_5min,ockoac,vq_ctw,5,nearest,1024.0,10.0,16.0,1.0,0.0,9.906492850037536,9.906492850037536
tol_10km_int_5min,ockolr,direct_ctw,5,nearest,,10.0,193.0,0.9392685689044602,0.6005938084735705,4.622690351729669,4.72452883572437
tol_10km_int_5min,ockolr,markov_order_1,5,nearest,,10.0,193.0,0.8775254496429217,0.8517939282110196,4.622690351729669,4.72452883572437
tol_10km_int_5min,ockolr,markov_order_2,5,nearest,,10.0,193.0,0.8852073940546514,0.82758876243186,4.622690351729669,4.72452883572437
tol_10km_int_5min,ockolr,vq_ctw,5,nearest,256.0,10.0,193.0,1.0,0.0,7.76648662986181,7.76648662986181
tol_10km_int_5min,ockolr,vq_ctw,5,nearest,512.0,10.0,193.0,1.0,0.0,9.087761521378248,9.087761521378248
tol_10km_int_5min,ockolr,vq_ctw,5,nearest,1024.0,10.0,193.0,1.0,0.0,8.527339555314658,8.527339555314658
tol_10km_int_5min,ocshit,direct_ctw,5,nearest,,10.0,134.0,0.9202891350361576,0.5927334633656429,4.476963572501808,4.60248690391844
tol_10km_int_5min,ocshit,markov_order_1,5,nearest,,10.0,134.0,0.8661625963576931,0.821335815664027,4.476963572501808,4.60248690391844
tol_10km_int_5min,ocshit,markov_order_2,5,nearest,,10.0,134.0,0.8599573626269805,0.8356561361981271,4.476963572501808,4.60248690391844
tol_10km_int_5min,ocshit,vq_ctw,5,nearest,256.0,10.0,134.0,1.0,0.0,8.27282947505619,8.27282947505619
tol_10km_int_5min,ocshit,vq_ctw,5,nearest,512.0,10.0,134.0,1.0,0.0,9.309672074039728,9.309672074039728
tol_10km_int_5min,ocshit,vq_ctw,5,nearest,1024.0,10.0,134.0,1.0,0.0,8.94457865481186,8.94457865481186
tol_10km_int_5min,ocwyit,direct_ctw,5,nearest,,10.0,19.0,0.8951068194575157,0.5892106005751548,4.182531660171639,4.205580148643735
tol_10km_int_5min,ocwyit,markov_order_1,5,nearest,,10.0,19.0,0.8752564334419501,0.6675876761280749,4.182531660171639,4.205580148643735
tol_10km_int_5min,ocwyit,markov_order_2,5,nearest,,10.0,19.0,0.8737224950447655,0.6734176258452649,4.182531660171639,4.205580148643735
tol_10km_int_5min,ocwyit,vq_ctw,5,nearest,256.0,10.0,19.0,1.0,0.0,8.345331535039097,8.345331535039097
tol_10km_int_5min,ocwyit,vq_ctw,5,nearest,512.0,10.0,19.0,1.0,0.0,8.57620181567344,8.57620181567344
tol_10km_int_5min,ocwyit,vq_ctw,5,nearest,1024.0,10.0,19.0,1.0,0.0,9.326246011649047,9.326246011649047
tol_10km_int_5min,odklob,direct_ctw,5,nearest,,10.0,41.0,0.94328993020261,0.5574617431466043,4.982184707378035,5.080880066908101
tol_10km_int_5min,odklob,markov_order_1,5,nearest,,10.0,41.0,0.9210430571410616,0.6969165077440963,4.982184707378035,5.080880066908101
tol_10km_int_5min,odklob,markov_order_2,5,nearest,,10.0,41.0,0.903406455438696,0.7706298967983545,4.982184707378035,5.080880066908101
tol_10km_int_5min,odklob,vq_ctw,5,nearest,256.0,10.0,41.0,1.0,0.0,8.607538394200802,8.607538394200802
tol_10km_int_5min,odklob,vq_ctw,5,nearest,512.0,10.0,41.0,1.0,0.0,9.800345569340214,9.800345569340214
tol_10km_int_5min,odklob,vq_ctw,5,nearest,1024.0,10.0,41.0,1.0,0.0,9.066606830971349,9.066606830971349
tol_10km_int_5min,odlorh,direct_ctw,5,nearest,,10.0,97.0,0.943474149580834,0.4705949868334735,4.466090663388576,4.543852843941963
tol_10km_int_5min,odlorh,markov_order_1,5,nearest,,10.0,97.0,0.9158183348377588,0.6031402439265452,4.466090663388576,4.543852843941963
tol_10km_int_5min,odlorh,markov_order_2,5,nearest,,10.0,97.0,0.9133772038967982,0.6031613403467109,4.466090663388576,4.543852843941963
tol_10km_int_5min,odlorh,vq_ctw,5,nearest,256.0,10.0,97.0,1.0,0.0,8.507356374899773,8.507356374899773
tol_10km_int_5min,odlorh,vq_ctw,5,nearest,512.0,10.0,97.0,1.0,0.0,9.805232503780408,9.805232503780408
tol_10km_int_5min,odlorh,vq_ctw,5,nearest,1024.0,10.0,97.0,1.0,0.0,9.367070600291395,9.367070600291395
tol_10km_int_5min,odocje,direct_ctw,5,nearest,,10.0,120.0,0.9502222422411236,0.4354626156451743,4.291538843052492,4.417432654851592
tol_10km_int_5min,odocje,markov_order_1,5,nearest,,10.0,120.0,0.9157164358726496,0.5628547370802401,4.291538843052492,4.417432654851592
tol_10km_int_5min,odocje,markov_order_2,5,nearest,,10.0,120.0,0.9124421581857388,0.5745427381477601,4.291538843052492,4.417432654851592
tol_10km_int_5min,odocje,vq_ctw,5,nearest,256.0,10.0,120.0,1.0,0.0,8.875320536116392,8.875320536116392
tol_10km_int_5min,odocje,vq_ctw,5,nearest,512.0,10.0,120.0,1.0,0.0,9.493845832611846,9.493845832611846
tol_10km_int_5min,odocje,vq_ctw,5,nearest,1024.0,10.0,120.0,1.0,0.0,9.21888229022992,9.21888229022992
tol_10km_int_5min,odolfe,direct_ctw,5,nearest,,10.0,39.0,0.8729928589943882,0.675605264314569,4.571204023900632,4.654831502504004
tol_10km_int_5min,odolfe,markov_order_1,5,nearest,,10.0,39.0,0.8097522449121252,0.9132125417756972,4.571204023900632,4.654831502504004
tol_10km_int_5min,odolfe,markov_order_2,5,nearest,,10.0,39.0,0.8089014662256352,0.9296775083650926,4.571204023900632,4.654831502504004
tol_10km_int_5min,odolfe,vq_ctw,5,nearest,256.0,10.0,39.0,1.0,0.0,8.04819207514324,8.04819207514324
tol_10km_int_5min,odolfe,vq_ctw,5,nearest,512.0,10.0,39.0,1.0,0.0,9.238871195725096,9.238871195725096
tol_10km_int_5min,odolfe,vq_ctw,5,nearest,1024.0,10.0,39.0,1.0,0.0,9.018957862977604,9.018957862977604
tol_10km_int_5min,odoywu,direct_ctw,5,nearest,,10.0,36.0,0.8631266391499001,0.7094082258676262,4.911204040396759,5.026048169540833
tol_10km_int_5min,odoywu,markov_order_1,5,nearest,,10.0,36.0,0.820587636413181,0.8635173941727025,4.911204040396759,5.026048169540833
tol_10km_int_5min,odoywu,markov_order_2,5,nearest,,10.0,36.0,0.8134786711026103,0.9200984191619312,4.911204040396759,5.026048169540833
tol_10km_int_5min,odoywu,vq_ctw,5,nearest,256.0,10.0,36.0,1.0,0.0,8.443691837608881,8.443691837608881
tol_10km_int_5min,odoywu,vq_ctw,5,nearest,512.0,10.0,36.0,1.0,0.0,9.441422737611484,9.441422737611484
tol_10km_int_5min,odoywu,vq_ctw,5,nearest,1024.0,10.0,36.0,1.0,0.0,8.837190653345724,8.837190653345724
tol_10km_int_5min,odscix,direct_ctw,5,nearest,,10.0,37.0,0.955922802697404,0.2609909869259765,4.454646230926035,4.544780440494971
tol_10km_int_5min,odscix,markov_order_1,5,nearest,,10.0,37.0,0.9144426351157998,0.4192871280308567,4.454646230926035,4.544780440494971
tol_10km_int_5min,odscix,markov_order_2,5,nearest,,10.0,37.0,0.9011245711649932,0.4618108875320442,4.454646230926035,4.544780440494971
tol_10km_int_5min,odscix,vq_ctw,5,nearest,256.0,10.0,37.0,1.0,0.0,7.807816184498906,7.807816184498906
tol_10km_int_5min,odscix,vq_ctw,5,nearest,512.0,10.0,37.0,1.0,0.0,8.805132450196092,8.805132450196092
tol_10km_int_5min,odscix,vq_ctw,5,nearest,1024.0,10.0,37.0,1.0,0.0,8.379518834039535,8.379518834039535
tol_10km_int_5min,ofikco,direct_ctw,5,nearest,,10.0,159.0,0.9560271112874036,0.3160348786072491,4.246496809352607,4.322743099213406
tol_10km_int_5min,ofikco,markov_order_1,5,nearest,,10.0,159.0,0.9338039382973142,0.3999843253789029,4.246496809352607,4.322743099213406
tol_10km_int_5min,ofikco,markov_order_2,5,nearest,,10.0,159.0,0.9297461535842644,0.414479957327198,4.246496809352607,4.322743099213406
tol_10km_int_5min,ofikco,vq_ctw,5,nearest,256.0,10.0,159.0,1.0,0.0,8.0451281157656,8.0451281157656
tol_10km_int_5min,ofikco,vq_ctw,5,nearest,512.0,10.0,159.0,1.0,0.0,8.970785038144905,8.970785038144905
tol_10km_int_5min,ofikco,vq_ctw,5,nearest,1024.0,10.0,159.0,1.0,0.0,8.632286601061617,8.632286601061617
tol_10km_int_5min,ofjeeq,direct_ctw,5,nearest,,10.0,74.0,0.9613965645522342,0.4163175969517146,4.190707102099584,4.291849669038679
tol_10km_int_5min,ofjeeq,markov_order_1,5,nearest,,10.0,74.0,0.9526455883780314,0.5301456005175874,4.190707102099584,4.291849669038679
tol_10km_int_5min,ofjeeq,markov_order_2,5,nearest,,10.0,74.0,0.9478301713751732,0.502614887006521,4.190707102099584,4.291849669038679
tol_10km_int_5min,ofjeeq,vq_ctw,5,nearest,256.0,10.0,74.0,1.0,0.0,8.09350377462302,8.09350377462302
tol_10km_int_5min,ofjeeq,vq_ctw,5,nearest,512.0,10.0,74.0,1.0,0.0,8.718482985438353,8.718482985438353
tol_10km_int_5min,ofjeeq,vq_ctw,5,nearest,1024.0,10.0,74.0,1.0,0.0,8.486812289652448,8.486812289652448
tol_10km_int_5min,ofodwo,direct_ctw,5,nearest,,10.0,68.0,0.9125711443256304,0.4905171369409597,4.337268963553237,4.430843475624289
tol_10km_int_5min,ofodwo,markov_order_1,5,nearest,,10.0,68.0,0.8465228823213609,0.7649955480934474,4.337268963553237,4.430843475624289
tol_10km_int_5min,ofodwo,markov_order_2,5,nearest,,10.0,68.0,0.8335171762005532,0.7780516613621449,4.337268963553237,4.430843475624289
tol_10km_int_5min,ofodwo,vq_ctw,5,nearest,256.0,10.0,68.0,1.0,0.0,8.477026135717862,8.477026135717862
tol_10km_int_5min,ofodwo,vq_ctw,5,nearest,512.0,10.0,68.0,1.0,0.0,9.195209766187205,9.195209766187205
tol_10km_int_5min,ofodwo,vq_ctw,5,nearest,1024.0,10.0,68.0,1.0,0.0,8.928871092677628,8.928871092677628
tol_10km_int_5min,ogawje,direct_ctw,5,nearest,,10.0,137.0,0.9406720733160674,0.4928198153474601,4.274115333704067,4.379193609678001
tol_10km_int_5min,ogawje,markov_order_1,5,nearest,,10.0,137.0,0.910381514917894,0.650466215348696,4.274115333704067,4.379193609678001
tol_10km_int_5min,ogawje,markov_order_2,5,nearest,,10.0,137.0,0.9119235162175376,0.6550708718936044,4.274115333704067,4.379193609678001
tol_10km_int_5min,ogawje,vq_ctw,5,nearest,256.0,10.0,137.0,1.0,0.0,7.860303553953009,7.860303553953009
tol_10km_int_5min,ogawje,vq_ctw,5,nearest,512.0,10.0,137.0,1.0,0.0,9.08361441078267,9.08361441078267
tol_10km_int_5min,ogawje,vq_ctw,5,nearest,1024.0,10.0,137.0,1.0,0.0,8.458199800507057,8.458199800507057
tol_10km_int_5min,ogdygd,direct_ctw,5,nearest,,10.0,227.0,0.9424062844035804,0.5153646104515724,4.5401334750694,4.642709852716645
tol_10km_int_5min,ogdygd,markov_order_1,5,nearest,,10.0,227.0,0.9174441230021508,0.6710268956423262,4.5401334750694,4.642709852716645
tol_10km_int_5min,ogdygd,markov_order_2,5,nearest,,10.0,227.0,0.9111844816933724,0.6912257718488082,4.5401334750694,4.642709852716645
tol_10km_int_5min,ogdygd,vq_ctw,5,nearest,256.0,10.0,227.0,1.0,0.0,8.168294499089837,8.168294499089837
tol_10km_int_5min,ogdygd,vq_ctw,5,nearest,512.0,10.0,227.0,1.0,0.0,9.207177207824335,9.207177207824335
tol_10km_int_5min,ogdygd,vq_ctw,5,nearest,1024.0,10.0,227.0,1.0,0.0,8.65908052040341,8.65908052040341
tol_10km_int_5min,ogijtr,direct_ctw,5,nearest,,10.0,83.0,0.9229762630580916,0.4824218560446978,4.388078395826234,4.48253791948536
tol_10km_int_5min,ogijtr,markov_order_1,5,nearest,,10.0,83.0,0.8859866629403368,0.6190893619423586,4.388078395826234,4.48253791948536
tol_10km_int_5min,ogijtr,markov_order_2,5,nearest,,10.0,83.0,0.8810270237301321,0.6499800465969733,4.388078395826234,4.48253791948536
tol_10km_int_5min,ogijtr,vq_ctw,5,nearest,256.0,10.0,83.0,1.0,0.0,8.00070498905251,8.00070498905251
tol_10km_int_5min,ogijtr,vq_ctw,5,nearest,512.0,10.0,83.0,1.0,0.0,8.86295275635647,8.86295275635647
tol_10km_int_5min,ogijtr,vq_ctw,5,nearest,1024.0,10.0,83.0,1.0,0.0,8.464130576019583,8.464130576019583
tol_10km_int_5min,ogikli,direct_ctw,5,nearest,,10.0,83.0,0.917480138565562,0.622874551104032,4.292253123374584,4.400631550227796
tol_10km_int_5min,ogikli,markov_order_1,5,nearest,,10.0,83.0,0.86015258275617,0.8976331116770461,4.292253123374584,4.400631550227796
tol_10km_int_5min,ogikli,markov_order_2,5,nearest,,10.0,83.0,0.8505076309571914,0.9293342473024814,4.292253123374584,4.400631550227796
tol_10km_int_5min,ogikli,vq_ctw,5,nearest,256.0,10.0,83.0,1.0,0.0,8.049369681054305,8.049369681054305
tol_10km_int_5min,ogikli,vq_ctw,5,nearest,512.0,10.0,83.0,1.0,0.0,9.21574012555368,9.21574012555368
tol_10km_int_5min,ogikli,vq_ctw,5,nearest,1024.0,10.0,83.0,1.0,0.0,8.197905667614519,8.197905667614519
tol_10km_int_5min,ogjoch,direct_ctw,5,nearest,,10.0,216.0,0.9533363957378014,0.4776099215641248,4.52249841530734,4.63225784228365
tol_10km_int_5min,ogjoch,markov_order_1,5,nearest,,10.0,216.0,0.925528280587348,0.6364271533362805,4.52249841530734,4.63225784228365
tol_10km_int_5min,ogjoch,markov_order_2,5,nearest,,10.0,216.0,0.923067311083412,0.6423338217162183,4.52249841530734,4.63225784228365
tol_10km_int_5min,ogjoch,vq_ctw,5,nearest,256.0,10.0,216.0,1.0,0.0,7.8395608078866035,7.8395608078866035
tol_10km_int_5min,ogjoch,vq_ctw,5,nearest,512.0,10.0,216.0,1.0,0.0,9.14605629580235,9.14605629580235
tol_10km_int_5min,ogjoch,vq_ctw,5,nearest,1024.0,10.0,216.0,1.0,0.0,8.53913609244624,8.53913609244624
tol_10km_int_5min,ognoww,direct_ctw,5,nearest,,10.0,147.0,0.896721014105802,0.5506448486803003,4.670983611355522,4.789912666135383
tol_10km_int_5min,ognoww,markov_order_1,5,nearest,,10.0,147.0,0.8357005851579624,0.8043765289072277,4.670983611355522,4.789912666135383
tol_10km_int_5min,ognoww,markov_order_2,5,nearest,,10.0,147.0,0.8262579535592418,0.8081324870067375,4.670983611355522,4.789912666135383
tol_10km_int_5min,ognoww,vq_ctw,5,nearest,256.0,10.0,147.0,1.0,0.0,8.834526787992873,8.834526787992873
tol_10km_int_5min,ognoww,vq_ctw,5,nearest,512.0,10.0,147.0,1.0,0.0,9.407761110568623,9.407761110568623
tol_10km_int_5min,ognoww,vq_ctw,5,nearest,1024.0,10.0,147.0,1.0,0.0,9.377490849351734,9.377490849351734
tol_10km_int_5min,ogofvo,direct_ctw,5,nearest,,10.0,190.0,0.8960866036033119,0.6492295560125045,4.560767226448611,4.663271821328166
tol_10km_int_5min,ogofvo,markov_order_1,5,nearest,,10.0,190.0,0.8465138374226974,0.8813421403563557,4.560767226448611,4.663271821328166
tol_10km_int_5min,ogofvo,markov_order_2,5,nearest,,10.0,190.0,0.8421809084612076,0.8990043179648102,4.560767226448611,4.663271821328166
tol_10km_int_5min,ogofvo,vq_ctw,5,nearest,256.0,10.0,190.0,1.0,0.0,7.98102697508192,7.98102697508192
tol_10km_int_5min,ogofvo,vq_ctw,5,nearest,512.0,10.0,190.0,1.0,0.0,9.122928834271452,9.122928834271452
tol_10km_int_5min,ogofvo,vq_ctw,5,nearest,1024.0,10.0,190.0,1.0,0.0,8.392399438806725,8.392399438806725
tol_10km_int_5min,ogphag,direct_ctw,5,nearest,,10.0,200.0,0.9733352101313052,0.4036600450465696,4.125991560174925,4.224712058803687
tol_10km_int_5min,ogphag,markov_order_1,5,nearest,,10.0,200.0,0.9561193877879164,0.4982350587762261,4.125991560174925,4.224712058803687
tol_10km_int_5min,ogphag,markov_order_2,5,nearest,,10.0,200.0,0.9571830066242564,0.5032079390253821,4.125991560174925,4.224712058803687
tol_10km_int_5min,ogphag,vq_ctw,5,nearest,256.0,10.0,200.0,1.0,0.0,7.448492032963469,7.448492032963469
tol_10km_int_5min,ogphag,vq_ctw,5,nearest,512.0,10.0,200.0,1.0,0.0,8.697536537990663,8.697536537990663
tol_10km_int_5min,ogphag,vq_ctw,5,nearest,1024.0,10.0,200.0,1.0,0.0,8.167490550790378,8.167490550790378
tol_10km_int_5min,ogshtc,direct_ctw,5,nearest,,10.0,194.0,0.9154296390046848,0.5910920852741013,4.42815555327458,4.550329454239577
tol_10km_int_5min,ogshtc,markov_order_1,5,nearest,,10.0,194.0,0.8577928725651974,0.8258806337844412,4.42815555327458,4.550329454239577
tol_10km_int_5min,ogshtc,markov_order_2,5,nearest,,10.0,194.0,0.863333320742814,0.7944119143278358,4.42815555327458,4.550329454239577
tol_10km_int_5min,ogshtc,vq_ctw,5,nearest,256.0,10.0,194.0,1.0,0.0,7.580057597638071,7.580057597638071
tol_10km_int_5min,ogshtc,vq_ctw,5,nearest,512.0,10.0,194.0,1.0,0.0,9.1374820224096,9.1374820224096
tol_10km_int_5min,ogshtc,vq_ctw,5,nearest,1024.0,10.0,194.0,1.0,0.0,8.101533689457568,8.101533689457568
tol_10km_int_5min,ogurju,direct_ctw,5,nearest,,10.0,153.0,0.956332434398578,0.4061637450430801,4.327933138033571,4.417418700957748
tol_10km_int_5min,ogurju,markov_order_1,5,nearest,,10.0,153.0,0.9345362458626278,0.498740488724402,4.327933138033571,4.417418700957748
tol_10km_int_5min,ogurju,markov_order_2,5,nearest,,10.0,153.0,0.9330427679548442,0.51266114405286,4.327933138033571,4.417418700957748
tol_10km_int_5min,ogurju,vq_ctw,5,nearest,256.0,10.0,153.0,1.0,0.0,7.892448881551584,7.892448881551584
tol_10km_int_5min,ogurju,vq_ctw,5,nearest,512.0,10.0,153.0,1.0,0.0,9.146102809601748,9.146102809601748
tol_10km_int_5min,ogurju,vq_ctw,5,nearest,1024.0,10.0,153.0,1.0,0.0,8.34547787104363,8.34547787104363
tol_10km_int_5min,oiphye,direct_ctw,5,nearest,,10.0,58.0,0.8421664292915255,0.7863389989187003,4.699828728585465,4.8153958641984485
tol_10km_int_5min,oiphye,markov_order_1,5,nearest,,10.0,58.0,0.7831992045589198,1.02777714080258,4.699828728585465,4.8153958641984485
tol_10km_int_5min,oiphye,markov_order_2,5,nearest,,10.0,58.0,0.7825009127278333,1.0256328160469212,4.699828728585465,4.8153958641984485
tol_10km_int_5min,oiphye,vq_ctw,5,nearest,256.0,10.0,58.0,1.0,0.0,8.966361590426663,8.966361590426663
tol_10km_int_5min,oiphye,vq_ctw,5,nearest,512.0,10.0,58.0,1.0,0.0,9.839791446675068,9.839791446675068
tol_10km_int_5min,oiphye,vq_ctw,5,nearest,1024.0,10.0,58.0,1.0,0.0,9.413857062014108,9.413857062014108
tol_10km_int_5min,oipial,direct_ctw,5,nearest,,10.0,186.0,0.9090768483728076,0.5610323938247254,4.625022666353169,4.733489462318676
tol_10km_int_5min,oipial,markov_order_1,5,nearest,,10.0,186.0,0.84183151521724,0.8299118040360001,4.625022666353169,4.733489462318676
tol_10km_int_5min,oipial,markov_order_2,5,nearest,,10.0,186.0,0.8335591149233442,0.8528008657118955,4.625022666353169,4.733489462318676
tol_10km_int_5min,oipial,vq_ctw,5,nearest,256.0,10.0,186.0,1.0,0.0,8.381460017786122,8.381460017786122
tol_10km_int_5min,oipial,vq_ctw,5,nearest,512.0,10.0,186.0,1.0,0.0,9.267267391907811,9.267267391907811
tol_10km_int_5min,oipial,vq_ctw,5,nearest,1024.0,10.0,186.0,1.0,0.0,9.164890086422236,9.164890086422236
tol_10km_int_5min,oirzgo,direct_ctw,5,nearest,,10.0,91.0,0.8947242413644316,0.6062397389341402,4.97188766092682,5.08206845048691
tol_10km_int_5min,oirzgo,markov_order_1,5,nearest,,10.0,91.0,0.8492531849056983,0.8504142657860465,4.97188766092682,5.08206845048691
tol_10km_int_5min,oirzgo,markov_order_2,5,nearest,,10.0,91.0,0.841185629698252,0.8520593022278555,4.97188766092682,5.08206845048691
tol_10km_int_5min,oirzgo,vq_ctw,5,nearest,256.0,10.0,91.0,1.0,0.0,8.810017562985903,8.810017562985903
tol_10km_int_5min,oirzgo,vq_ctw,5,nearest,512.0,10.0,91.0,1.0,0.0,9.3455170014986,9.3455170014986
tol_10km_int_5min,oirzgo,vq_ctw,5,nearest,1024.0,10.0,91.0,1.0,0.0,9.652921938385171,9.652921938385171
tol_10km_int_5min,oivnab,direct_ctw,5,nearest,,10.0,84.0,0.9443290073777236,0.6144732067916103,4.367529683223189,4.478215676381349
tol_10km_int_5min,oivnab,markov_order_1,5,nearest,,10.0,84.0,0.9217283818885734,0.7563861261557334,4.367529683223189,4.478215676381349
tol_10km_int_5min,oivnab,markov_order_2,5,nearest,,10.0,84.0,0.9144193503183689,0.7782407059094225,4.367529683223189,4.478215676381349
tol_10km_int_5min,oivnab,vq_ctw,5,nearest,256.0,10.0,84.0,1.0,0.0,8.02026261887618,8.02026261887618
tol_10km_int_5min,oivnab,vq_ctw,5,nearest,512.0,10.0,84.0,1.0,0.0,9.146104498784158,9.146104498784158
tol_10km_int_5min,oivnab,vq_ctw,5,nearest,1024.0,10.0,84.0,1.0,0.0,8.39753862786461,8.39753862786461
tol_10km_int_5min,ojachm,direct_ctw,5,nearest,,10.0,271.0,0.9576892040311846,0.4733283692138016,4.34523566223832,4.444051118607153
tol_10km_int_5min,ojachm,markov_order_1,5,nearest,,10.0,271.0,0.9253311122133124,0.6080077243227364,4.34523566223832,4.444051118607153
tol_10km_int_5min,ojachm,markov_order_2,5,nearest,,10.0,271.0,0.9236396942453948,0.6096637332377721,4.34523566223832,4.444051118607153
tol_10km_int_5min,ojachm,vq_ctw,5,nearest,256.0,10.0,271.0,1.0,0.0,7.602110747379047,7.602110747379047
tol_10km_int_5min,ojachm,vq_ctw,5,nearest,512.0,10.0,271.0,1.0,0.0,8.95991508105413,8.95991508105413
tol_10km_int_5min,ojachm,vq_ctw,5,nearest,1024.0,10.0,271.0,1.0,0.0,8.129993536326147,8.129993536326147
tol_10km_int_5min,ojbaso,direct_ctw,5,nearest,,10.0,111.0,0.970781257165048,0.4357934190386401,4.09206640586064,4.171541976427454
tol_10km_int_5min,ojbaso,markov_order_1,5,nearest,,10.0,111.0,0.9478253134435944,0.5518111543872799,4.09206640586064,4.171541976427454
tol_10km_int_5min,ojbaso,markov_order_2,5,nearest,,10.0,111.0,0.9464371745802762,0.5699345834794365,4.09206640586064,4.171541976427454
tol_10km_int_5min,ojbaso,vq_ctw,5,nearest,256.0,10.0,111.0,1.0,0.0,7.975037225912295,7.975037225912295
tol_10km_int_5min,ojbaso,vq_ctw,5,nearest,512.0,10.0,111.0,1.0,0.0,9.260144187888148,9.260144187888148
tol_10km_int_5min,ojbaso,vq_ctw,5,nearest,1024.0,10.0,111.0,1.0,0.0,8.22513419513331,8.22513419513331
tol_10km_int_5min,ojfann,direct_ctw,5,nearest,,10.0,233.0,0.945463615944503,0.5676167805853881,4.500093275541233,4.593576256721713
tol_10km_int_5min,ojfann,markov_order_1,5,nearest,,10.0,233.0,0.9009359361174198,0.7853934855653386,4.500093275541233,4.593576256721713
tol_10km_int_5min,ojfann,markov_order_2,5,nearest,,10.0,233.0,0.9041528608055868,0.7668365247656382,4.500093275541233,4.593576256721713
tol_10km_int_5min,ojfann,vq_ctw,5,nearest,256.0,10.0,233.0,1.0,0.0,8.289666678107945,8.289666678107945
tol_10km_int_5min,ojfann,vq_ctw,5,nearest,512.0,10.0,233.0,1.0,0.0,9.356030341608577,9.356030341608577
tol_10km_int_5min,ojfann,vq_ctw,5,nearest,1024.0,10.0,233.0,1.0,0.0,9.01331152989462,9.01331152989462
tol_10km_int_5min,ojfiez,direct_ctw,5,nearest,,10.0,37.0,0.9173200270856192,0.5816056118558579,4.410905747509977,4.508122269305684
tol_10km_int_5min,ojfiez,markov_order_1,5,nearest,,10.0,37.0,0.8833850889574174,0.7547131560594219,4.410905747509977,4.508122269305684
tol_10km_int_5min,ojfiez,markov_order_2,5,nearest,,10.0,37.0,0.8833850889574174,0.7505243759043811,4.410905747509977,4.508122269305684
tol_10km_int_5min,ojfiez,vq_ctw,5,nearest,256.0,10.0,37.0,1.0,0.0,8.460071825361394,8.460071825361394
tol_10km_int_5min,ojfiez,vq_ctw,5,nearest,512.0,10.0,37.0,1.0,0.0,9.555132230013411,9.555132230013411
tol_10km_int_5min,ojfiez,vq_ctw,5,nearest,1024.0,10.0,37.0,1.0,0.0,9.08422625484455,9.08422625484455
tol_10km_int_5min,ojpoot,direct_ctw,5,nearest,,10.0,117.0,0.9629819815226276,0.3882774811070665,4.337536097419245,4.441644116474706
tol_10km_int_5min,ojpoot,markov_order_1,5,nearest,,10.0,117.0,0.9301018909993732,0.5236279492506117,4.337536097419245,4.441644116474706
tol_10km_int_5min,ojpoot,markov_order_2,5,nearest,,10.0,117.0,0.9213706979469292,0.5476322120596522,4.337536097419245,4.441644116474706
tol_10km_int_5min,ojpoot,vq_ctw,5,nearest,256.0,10.0,117.0,1.0,0.0,9.293126872999336,9.293126872999336
tol_10km_int_5min,ojpoot,vq_ctw,5,nearest,512.0,10.0,117.0,1.0,0.0,9.396641289727649,9.396641289727649
tol_10km_int_5min,ojpoot,vq_ctw,5,nearest,1024.0,10.0,117.0,1.0,0.0,10.497794530812545,10.497794530812545
tol_10km_int_5min,ojroig,direct_ctw,5,nearest,,10.0,99.0,0.9536369011647104,0.5706973690079548,4.8079906171418365,4.89556624037349
tol_10km_int_5min,ojroig,markov_order_1,5,nearest,,10.0,99.0,0.9072475854171002,0.7672192717791037,4.8079906171418365,4.89556624037349
tol_10km_int_5min,ojroig,markov_order_2,5,nearest,,10.0,99.0,0.9040007877544642,0.7824962438218127,4.8079906171418365,4.89556624037349
tol_10km_int_5min,ojroig,vq_ctw,5,nearest,256.0,10.0,99.0,1.0,0.0,8.746776212506205,8.746776212506205
tol_10km_int_5min,ojroig,vq_ctw,5,nearest,512.0,10.0,99.0,1.0,0.0,9.869318329656704,9.869318329656704
tol_10km_int_5min,ojroig,vq_ctw,5,nearest,1024.0,10.0,99.0,1.0,0.0,8.995382873654416,8.995382873654416
tol_10km_int_5min,ojumna,direct_ctw,5,nearest,,10.0,114.0,0.9167330268908088,0.5374532163344243,4.380429617327924,4.4658570393651775
tol_10km_int_5min,ojumna,markov_order_1,5,nearest,,10.0,114.0,0.8906661195304995,0.6323849821017281,4.380429617327924,4.4658570393651775
tol_10km_int_5min,ojumna,markov_order_2,5,nearest,,10.0,114.0,0.8910150305057852,0.640061476394913,4.380429617327924,4.4658570393651775
tol_10km_int_5min,ojumna,vq_ctw,5,nearest,256.0,10.0,114.0,1.0,0.0,7.913341554807865,7.913341554807865
tol_10km_int_5min,ojumna,vq_ctw,5,nearest,512.0,10.0,114.0,1.0,0.0,9.30313821436442,9.30313821436442
tol_10km_int_5min,ojumna,vq_ctw,5,nearest,1024.0,10.0,114.0,1.0,0.0,8.42923782865426,8.42923782865426
tol_10km_int_5min,ojvigh,direct_ctw,5,nearest,,10.0,75.0,0.8937455360550431,0.6950309001898468,4.544031462800047,4.665029330938103
tol_10km_int_5min,ojvigh,markov_order_1,5,nearest,,10.0,75.0,0.8368995554006862,0.9193900868179228,4.544031462800047,4.665029330938103
tol_10km_int_5min,ojvigh,markov_order_2,5,nearest,,10.0,75.0,0.8253581229464586,0.956634724748418,4.544031462800047,4.665029330938103
tol_10km_int_5min,ojvigh,vq_ctw,5,nearest,256.0,10.0,75.0,1.0,0.0,8.686173226971736,8.686173226971736
tol_10km_int_5min,ojvigh,vq_ctw,5,nearest,512.0,10.0,75.0,1.0,0.0,9.619496936795263,9.619496936795263
tol_10km_int_5min,ojvigh,vq_ctw,5,nearest,1024.0,10.0,75.0,1.0,0.0,9.586860563161354,9.586860563161354
tol_10km_int_5min,ojwyky,direct_ctw,5,nearest,,10.0,65.0,0.9278375861187228,0.4732894817461406,4.249197304024141,4.37730574051085
tol_10km_int_5min,ojwyky,markov_order_1,5,nearest,,10.0,65.0,0.8981654667642396,0.611988148429861,4.249197304024141,4.37730574051085
tol_10km_int_5min,ojwyky,markov_order_2,5,nearest,,10.0,65.0,0.9139891237384966,0.5498441935919125,4.249197304024141,4.37730574051085
tol_10km_int_5min,ojwyky,vq_ctw,5,nearest,256.0,10.0,65.0,1.0,0.0,7.859597960060385,7.859597960060385
tol_10km_int_5min,ojwyky,vq_ctw,5,nearest,512.0,10.0,65.0,1.0,0.0,9.283099202139317,9.283099202139317
tol_10km_int_5min,ojwyky,vq_ctw,5,nearest,1024.0,10.0,65.0,1.0,0.0,8.014500824767445,8.014500824767445
tol_10km_int_5min,okavka,direct_ctw,5,nearest,,10.0,128.0,0.9757738729488004,0.4835914612648082,4.188520092736676,4.288966692891096
tol_10km_int_5min,okavka,markov_order_1,5,nearest,,10.0,128.0,0.9664809792423036,0.5683373079784315,4.188520092736676,4.288966692891096
tol_10km_int_5min,okavka,markov_order_2,5,nearest,,10.0,128.0,0.9621676843892212,0.5814198997073727,4.188520092736676,4.288966692891096
tol_10km_int_5min,okavka,vq_ctw,5,nearest,256.0,10.0,128.0,1.0,0.0,7.831202615138896,7.831202615138896
tol_10km_int_5min,okavka,vq_ctw,5,nearest,512.0,10.0,128.0,1.0,0.0,8.962151954437918,8.962151954437918
tol_10km_int_5min,okavka,vq_ctw,5,nearest,1024.0,10.0,128.0,1.0,0.0,8.510316512385451,8.510316512385451
tol_10km_int_5min,okblah,direct_ctw,5,nearest,,10.0,215.0,0.9443374162623897,0.5248043907091068,4.454026096609103,4.562294147021768
tol_10km_int_5min,okblah,markov_order_1,5,nearest,,10.0,215.0,0.9135066640966092,0.6854849273241728,4.454026096609103,4.562294147021768
tol_10km_int_5min,okblah,markov_order_2,5,nearest,,10.0,215.0,0.9182360113727652,0.6460380717740459,4.454026096609103,4.562294147021768
tol_10km_int_5min,okblah,vq_ctw,5,nearest,256.0,10.0,215.0,1.0,0.0,8.088181038483981,8.088181038483981
tol_10km_int_5min,okblah,vq_ctw,5,nearest,512.0,10.0,215.0,1.0,0.0,9.186648911530703,9.186648911530703
tol_10km_int_5min,okblah,vq_ctw,5,nearest,1024.0,10.0,215.0,1.0,0.0,8.859357707358635,8.859357707358635
tol_10km_int_5min,okchym,direct_ctw,5,nearest,,10.0,96.0,0.9086754981759356,0.5817438848972266,4.494907301294182,4.647786511735245
tol_10km_int_5min,okchym,markov_order_1,5,nearest,,10.0,96.0,0.8268405173067589,0.9274062165191952,4.494907301294182,4.647786511735245
tol_10km_int_5min,okchym,markov_order_2,5,nearest,,10.0,96.0,0.8158090514447957,0.9708122075441644,4.494907301294182,4.647786511735245
tol_10km_int_5min,okchym,vq_ctw,5,nearest,256.0,10.0,96.0,1.0,0.0,8.591805159206897,8.591805159206897
tol_10km_int_5min,okchym,vq_ctw,5,nearest,512.0,10.0,96.0,1.0,0.0,9.128767201964015,9.128767201964015
tol_10km_int_5min,okchym,vq_ctw,5,nearest,1024.0,10.0,96.0,1.0,0.0,9.218240549511862,9.218240549511862
tol_10km_int_5min,okneyd,direct_ctw,5,nearest,,10.0,20.0,0.9999999999980906,0.5726896754908559,4.536911296594377,4.6315863647638205
tol_10km_int_5min,okneyd,markov_order_1,5,nearest,,10.0,20.0,0.9999999999980906,0.6366202394962065,4.536911296594377,4.6315863647638205
tol_10km_int_5min,okneyd,markov_order_2,5,nearest,,10.0,20.0,0.9999999999980906,0.684541844574465,4.536911296594377,4.6315863647638205
tol_10km_int_5min,okneyd,vq_ctw,5,nearest,256.0,10.0,20.0,1.0,0.0,7.954587131242439,7.954587131242439
tol_10km_int_5min,okneyd,vq_ctw,5,nearest,512.0,10.0,20.0,1.0,0.0,9.82160954494449,9.82160954494449
tol_10km_int_5min,okneyd,vq_ctw,5,nearest,1024.0,10.0,20.0,1.0,0.0,8.367793754889716,8.367793754889716
tol_10km_int_5min,oknsco,direct_ctw,5,nearest,,10.0,169.0,0.951245294558895,0.4853814873319161,4.310803526989352,4.39814702558734
tol_10km_int_5min,oknsco,markov_order_1,5,nearest,,10.0,169.0,0.9207542445523408,0.629044532552581,4.310803526989352,4.39814702558734
tol_10km_int_5min,oknsco,markov_order_2,5,nearest,,10.0,169.0,0.9155851014742162,0.6357842685832071,4.310803526989352,4.39814702558734
tol_10km_int_5min,oknsco,vq_ctw,5,nearest,256.0,10.0,169.0,1.0,0.0,8.143529979359405,8.143529979359405
tol_10km_int_5min,oknsco,vq_ctw,5,nearest,512.0,10.0,169.0,1.0,0.0,8.77823033779878,8.77823033779878
tol_10km_int_5min,oknsco,vq_ctw,5,nearest,1024.0,10.0,169.0,1.0,0.0,8.88308816623949,8.88308816623949
tol_10km_int_5min,okquak,direct_ctw,5,nearest,,10.0,72.0,0.9748367709479808,0.4446089535250398,4.732045395939138,4.833870050800142
tol_10km_int_5min,okquak,markov_order_1,5,nearest,,10.0,72.0,0.953465888784462,0.5604049118398735,4.732045395939138,4.833870050800142
tol_10km_int_5min,okquak,markov_order_2,5,nearest,,10.0,72.0,0.94322681484814,0.6039826156336559,4.732045395939138,4.833870050800142
tol_10km_int_5min,okquak,vq_ctw,5,nearest,256.0,10.0,72.0,1.0,0.0,8.342008503895611,8.342008503895611
tol_10km_int_5min,okquak,vq_ctw,5,nearest,512.0,10.0,72.0,1.0,0.0,9.039857775074475,9.039857775074475
tol_10km_int_5min,okquak,vq_ctw,5,nearest,1024.0,10.0,72.0,1.0,0.0,9.013510782391714,9.013510782391714
tol_10km_int_5min,oksbos,direct_ctw,5,nearest,,10.0,51.0,0.9999999999987644,0.3465185812875964,4.108237951239056,4.1834346531293
tol_10km_int_5min,oksbos,markov_order_1,5,nearest,,10.0,51.0,0.9999999999987644,0.4019360811882096,4.108237951239056,4.1834346531293
tol_10km_int_5min,oksbos,markov_order_2,5,nearest,,10.0,51.0,0.9999999999987644,0.4254052438799422,4.108237951239056,4.1834346531293
tol_10km_int_5min,oksbos,vq_ctw,5,nearest,256.0,10.0,51.0,1.0,0.0,8.338580192068772,8.338580192068772
tol_10km_int_5min,oksbos,vq_ctw,5,nearest,512.0,10.0,51.0,1.0,0.0,8.847354021035434,8.847354021035434
tol_10km_int_5min,oksbos,vq_ctw,5,nearest,1024.0,10.0,51.0,1.0,0.0,8.920016480052071,8.920016480052071
tol_10km_int_5min,oktuls,direct_ctw,5,nearest,,10.0,71.0,0.9655833510259316,0.3129320150580936,4.2813016661337855,4.406470490756261
tol_10km_int_5min,oktuls,markov_order_1,5,nearest,,10.0,71.0,0.9408046537051896,0.4517275556951823,4.2813016661337855,4.406470490756261
tol_10km_int_5min,oktuls,markov_order_2,5,nearest,,10.0,71.0,0.9279807370171916,0.5029911174182703,4.2813016661337855,4.406470490756261
tol_10km_int_5min,oktuls,vq_ctw,5,nearest,256.0,10.0,71.0,1.0,0.0,7.205331464207965,7.205331464207965
tol_10km_int_5min,oktuls,vq_ctw,5,nearest,512.0,10.0,71.0,1.0,0.0,8.545724669462862,8.545724669462862
tol_10km_int_5min,oktuls,vq_ctw,5,nearest,1024.0,10.0,71.0,1.0,0.0,7.627140088644097,7.627140088644097
tol_10km_int_5min,okvats,direct_ctw,5,nearest,,10.0,73.0,0.9170685055467732,0.5859301888566727,4.5541580169246885,4.634324462482546
tol_10km_int_5min,okvats,markov_order_1,5,nearest,,10.0,73.0,0.8564669804521006,0.8458062848471498,4.5541580169246885,4.634324462482546
tol_10km_int_5min,okvats,markov_order_2,5,nearest,,10.0,73.0,0.8563995837789947,0.8645824777365062,4.5541580169246885,4.634324462482546
tol_10km_int_5min,okvats,vq_ctw,5,nearest,256.0,10.0,73.0,1.0,0.0,8.821358363779161,8.821358363779161
tol_10km_int_5min,okvats,vq_ctw,5,nearest,512.0,10.0,73.0,1.0,0.0,9.685977668132445,9.685977668132445
tol_10km_int_5min,okvats,vq_ctw,5,nearest,1024.0,10.0,73.0,1.0,0.0,9.3057129782241,9.3057129782241
tol_10km_int_5min,oljnek,direct_ctw,5,nearest,,10.0,56.0,0.948012860201383,0.4568584184274007,4.166586297742335,4.240618101570503
tol_10km_int_5min,oljnek,markov_order_1,5,nearest,,10.0,56.0,0.9310612978885195,0.5727449624909013,4.166586297742335,4.240618101570503
tol_10km_int_5min,oljnek,markov_order_2,5,nearest,,10.0,56.0,0.9310612978885195,0.5324558478319931,4.166586297742335,4.240618101570503
tol_10km_int_5min,oljnek,vq_ctw,5,nearest,256.0,10.0,56.0,1.0,0.0,7.831075566963919,7.831075566963919
tol_10km_int_5min,oljnek,vq_ctw,5,nearest,512.0,10.0,56.0,1.0,0.0,8.35136787269116,8.35136787269116
tol_10km_int_5min,oljnek,vq_ctw,5,nearest,1024.0,10.0,56.0,1.0,0.0,8.36890589596791,8.36890589596791
tol_10km_int_5min,omcuky,direct_ctw,5,nearest,,10.0,139.0,0.9262919588139976,0.5444032583823933,4.4228129847066056,4.512015964691851
tol_10km_int_5min,omcuky,markov_order_1,5,nearest,,10.0,139.0,0.8760243047521272,0.7562131896123225,4.4228129847066056,4.512015964691851
tol_10km_int_5min,omcuky,markov_order_2,5,nearest,,10.0,139.0,0.8685203939893381,0.7542298083418899,4.4228129847066056,4.512015964691851
tol_10km_int_5min,omcuky,vq_ctw,5,nearest,256.0,10.0,139.0,1.0,0.0,7.57223747073629,7.57223747073629
tol_10km_int_5min,omcuky,vq_ctw,5,nearest,512.0,10.0,139.0,1.0,0.0,9.13080442176705,9.13080442176705
tol_10km_int_5min,omcuky,vq_ctw,5,nearest,1024.0,10.0,139.0,1.0,0.0,8.38684339394637,8.38684339394637
tol_10km_int_5min,omdrid,direct_ctw,5,nearest,,10.0,99.0,0.9999999999985149,0.3402690117333069,4.17995370622083,4.254015321634079
tol_10km_int_5min,omdrid,markov_order_1,5,nearest,,10.0,99.0,0.9999999999985149,0.4472240229214616,4.17995370622083,4.254015321634079
tol_10km_int_5min,omdrid,markov_order_2,5,nearest,,10.0,99.0,0.9999999999985149,0.3902755192598982,4.17995370622083,4.254015321634079
tol_10km_int_5min,omdrid,vq_ctw,5,nearest,256.0,10.0,99.0,1.0,0.0,7.367294789129126,7.367294789129126
tol_10km_int_5min,omdrid,vq_ctw,5,nearest,512.0,10.0,99.0,1.0,0.0,9.002699887319745,9.002699887319745
tol_10km_int_5min,omdrid,vq_ctw,5,nearest,1024.0,10.0,99.0,1.0,0.0,8.142100734418397,8.142100734418397
tol_10km_int_5min,omluaj,direct_ctw,5,nearest,,10.0,145.0,0.8996185723125047,0.650538080938771,4.843681301488893,4.926030108893233
tol_10km_int_5min,omluaj,markov_order_1,5,nearest,,10.0,145.0,0.856565293619898,0.8344897847450258,4.843681301488893,4.926030108893233
tol_10km_int_5min,omluaj,markov_order_2,5,nearest,,10.0,145.0,0.8473822430081214,0.8182675118705861,4.843681301488893,4.926030108893233
tol_10km_int_5min,omluaj,vq_ctw,5,nearest,256.0,10.0,145.0,1.0,0.0,8.190761603061457,8.190761603061457
tol_10km_int_5min,omluaj,vq_ctw,5,nearest,512.0,10.0,145.0,1.0,0.0,9.257788003903489,9.257788003903489
tol_10km_int_5min,omluaj,vq_ctw,5,nearest,1024.0,10.0,145.0,1.0,0.0,8.783717808015007,8.783717808015007
tol_10km_int_5min,omwyek,direct_ctw,5,nearest,,10.0,34.0,0.94544793256454,0.4696303014538571,4.457109074557789,4.577588926919462
tol_10km_int_5min,omwyek,markov_order_1,5,nearest,,10.0,34.0,0.9132119203727092,0.6224974508381108,4.457109074557789,4.577588926919462
tol_10km_int_5min,omwyek,markov_order_2,5,nearest,,10.0,34.0,0.9009236166522152,0.6831798472273064,4.457109074557789,4.577588926919462
tol_10km_int_5min,omwyek,vq_ctw,5,nearest,256.0,10.0,34.0,1.0,0.0,8.799211952965319,8.799211952965319
tol_10km_int_5min,omwyek,vq_ctw,5,nearest,512.0,10.0,34.0,1.0,0.0,9.189979347130087,9.189979347130087
tol_10km_int_5min,omwyek,vq_ctw,5,nearest,1024.0,10.0,34.0,1.0,0.0,8.997729857865878,8.997729857865878
tol_10km_int_5min,oncalk,direct_ctw,5,nearest,,10.0,109.0,0.9405338091555628,0.5473905220270091,4.274504400535012,4.368499582343333
tol_10km_int_5min,oncalk,markov_order_1,5,nearest,,10.0,109.0,0.9197495343062964,0.6986518538793437,4.274504400535012,4.368499582343333
tol_10km_int_5min,oncalk,markov_order_2,5,nearest,,10.0,109.0,0.9124082300928318,0.6823592435559319,4.274504400535012,4.368499582343333
tol_10km_int_5min,oncalk,vq_ctw,5,nearest,256.0,10.0,109.0,1.0,0.0,7.5270328809505935,7.5270328809505935
tol_10km_int_5min,oncalk,vq_ctw,5,nearest,512.0,10.0,109.0,1.0,0.0,8.975073568969236,8.975073568969236
tol_10km_int_5min,oncalk,vq_ctw,5,nearest,1024.0,10.0,109.0,1.0,0.0,8.35299366363382,8.35299366363382
tol_10km_int_5min,oncixp,direct_ctw,5,nearest,,10.0,81.0,0.9125595618342636,0.5784318829344467,4.814705930332929,4.889653121485089
tol_10km_int_5min,oncixp,markov_order_1,5,nearest,,10.0,81.0,0.8227323572657639,0.9062785299022224,4.814705930332929,4.889653121485089
tol_10km_int_5min,oncixp,markov_order_2,5,nearest,,10.0,81.0,0.8190737821780198,0.9195681360293418,4.814705930332929,4.889653121485089
tol_10km_int_5min,oncixp,vq_ctw,5,nearest,256.0,10.0,81.0,1.0,0.0,9.252976189383892,9.252976189383892
tol_10km_int_5min,oncixp,vq_ctw,5,nearest,512.0,10.0,81.0,1.0,0.0,9.317691282274737,9.317691282274737
tol_10km_int_5min,oncixp,vq_ctw,5,nearest,1024.0,10.0,81.0,1.0,0.0,9.661815470220215,9.661815470220215
tol_10km_int_5min,onghoj,direct_ctw,5,nearest,,10.0,89.0,0.917987714531021,0.5320735474339512,4.8638344265882765,5.002520483440745
tol_10km_int_5min,onghoj,markov_order_1,5,nearest,,10.0,89.0,0.877749259784467,0.7012896867062647,4.8638344265882765,5.002520483440745
tol_10km_int_5min,onghoj,markov_order_2,5,nearest,,10.0,89.0,0.8767981655700492,0.7010609563161716,4.8638344265882765,5.002520483440745
tol_10km_int_5min,onghoj,vq_ctw,5,nearest,256.0,10.0,89.0,1.0,0.0,8.452848066305735,8.452848066305735
tol_10km_int_5min,onghoj,vq_ctw,5,nearest,512.0,10.0,89.0,1.0,0.0,9.158962466784043,9.158962466784043
tol_10km_int_5min,onghoj,vq_ctw,5,nearest,1024.0,10.0,89.0,1.0,0.0,9.118210652233913,9.118210652233913
tol_10km_int_5min,onkawc,direct_ctw,5,nearest,,10.0,60.0,0.9462505103732098,0.4420880857108033,4.374639503348766,4.525634943155415
tol_10km_int_5min,onkawc,markov_order_1,5,nearest,,10.0,60.0,0.900941683845684,0.6461254086429375,4.374639503348766,4.525634943155415
tol_10km_int_5min,onkawc,markov_order_2,5,nearest,,10.0,60.0,0.8912173215861667,0.7077039306044609,4.374639503348766,4.525634943155415
tol_10km_int_5min,onkawc,vq_ctw,5,nearest,256.0,10.0,60.0,1.0,0.0,8.057842767319125,8.057842767319125
tol_10km_int_5min,onkawc,vq_ctw,5,nearest,512.0,10.0,60.0,1.0,0.0,8.88244708216254,8.88244708216254
tol_10km_int_5min,onkawc,vq_ctw,5,nearest,1024.0,10.0,60.0,1.0,0.0,8.445781421340126,8.445781421340126
tol_10km_int_5min,ononma,direct_ctw,5,nearest,,10.0,181.0,0.953814841245687,0.5469717856941239,4.441986495620585,4.526181319546019
tol_10km_int_5min,ononma,markov_order_1,5,nearest,,10.0,181.0,0.9311670677352916,0.7320815151624802,4.441986495620585,4.526181319546019
tol_10km_int_5min,ononma,markov_order_2,5,nearest,,10.0,181.0,0.9279755736549956,0.6954558697001572,4.441986495620585,4.526181319546019
tol_10km_int_5min,ononma,vq_ctw,5,nearest,256.0,10.0,181.0,1.0,0.0,7.922178671051002,7.922178671051002
tol_10km_int_5min,ononma,vq_ctw,5,nearest,512.0,10.0,181.0,1.0,0.0,9.255734027180765,9.255734027180765
tol_10km_int_5min,ononma,vq_ctw,5,nearest,1024.0,10.0,181.0,1.0,0.0,8.771983909540445,8.771983909540445
tol_10km_int_5min,onvahe,direct_ctw,5,nearest,,10.0,174.0,0.8793434225201568,0.6921488773723582,5.058361625099439,5.168080730065285
tol_10km_int_5min,onvahe,markov_order_1,5,nearest,,10.0,174.0,0.7667404327981542,1.086810053361094,5.058361625099439,5.168080730065285
tol_10km_int_5min,onvahe,markov_order_2,5,nearest,,10.0,174.0,0.7608101837474675,1.1080162796719648,5.058361625099439,5.168080730065285
tol_10km_int_5min,onvahe,vq_ctw,5,nearest,256.0,10.0,174.0,1.0,0.0,9.01046878322,9.01046878322
tol_10km_int_5min,onvahe,vq_ctw,5,nearest,512.0,10.0,174.0,1.0,0.0,9.62746483246052,9.62746483246052
tol_10km_int_5min,onvahe,vq_ctw,5,nearest,1024.0,10.0,174.0,1.0,0.0,9.570703215883272,9.570703215883272
tol_10km_int_5min,onwohy,direct_ctw,5,nearest,,10.0,68.0,0.9615286001337472,0.4498912650897453,4.364024495351141,4.423963483778995
tol_10km_int_5min,onwohy,markov_order_1,5,nearest,,10.0,68.0,0.9212301558275828,0.5910360101831904,4.364024495351141,4.423963483778995
tol_10km_int_5min,onwohy,markov_order_2,5,nearest,,10.0,68.0,0.9234570241663448,0.5906166101472958,4.364024495351141,4.423963483778995
tol_10km_int_5min,onwohy,vq_ctw,5,nearest,256.0,10.0,68.0,1.0,0.0,7.959205877817239,7.959205877817239
tol_10km_int_5min,onwohy,vq_ctw,5,nearest,512.0,10.0,68.0,1.0,0.0,9.465123011491018,9.465123011491018
tol_10km_int_5min,onwohy,vq_ctw,5,nearest,1024.0,10.0,68.0,1.0,0.0,9.144578376396217,9.144578376396217
tol_10km_int_5min,onyacj,direct_ctw,5,nearest,,10.0,210.0,0.9534672577862764,0.3909753485091563,4.337496980578141,4.432162913993981
tol_10km_int_5min,onyacj,markov_order_1,5,nearest,,10.0,210.0,0.9229523727307932,0.5185765494478942,4.337496980578141,4.432162913993981
tol_10km_int_5min,onyacj,markov_order_2,5,nearest,,10.0,210.0,0.9232765704025458,0.5114219548294698,4.337496980578141,4.432162913993981
tol_10km_int_5min,onyacj,vq_ctw,5,nearest,256.0,10.0,210.0,1.0,0.0,7.953018765991101,7.953018765991101
tol_10km_int_5min,onyacj,vq_ctw,5,nearest,512.0,10.0,210.0,1.0,0.0,8.65949242421829,8.65949242421829
tol_10km_int_5min,onyacj,vq_ctw,5,nearest,1024.0,10.0,210.0,1.0,0.0,8.461844316027232,8.461844316027232
tol_10km_int_5min,onyenr,direct_ctw,5,nearest,,10.0,118.0,0.954370830904349,0.4370500436355219,4.320125726809629,4.404773738158773
tol_10km_int_5min,onyenr,markov_order_1,5,nearest,,10.0,118.0,0.9203009557192368,0.5880097539046787,4.320125726809629,4.404773738158773
tol_10km_int_5min,onyenr,markov_order_2,5,nearest,,10.0,118.0,0.9291316634989336,0.5225594537633954,4.320125726809629,4.404773738158773
tol_10km_int_5min,onyenr,vq_ctw,5,nearest,256.0,10.0,118.0,1.0,0.0,7.808417260177182,7.808417260177182
tol_10km_int_5min,onyenr,vq_ctw,5,nearest,512.0,10.0,118.0,1.0,0.0,8.86035138568888,8.86035138568888
tol_10km_int_5min,onyenr,vq_ctw,5,nearest,1024.0,10.0,118.0,1.0,0.0,8.611295965589484,8.611295965589484
tol_10km_int_5min,oocsod,direct_ctw,5,nearest,,10.0,102.0,0.9540721383873052,0.2601629407773002,4.173050192696185,4.2666025642838274
tol_10km_int_5min,oocsod,markov_order_1,5,nearest,,10.0,102.0,0.9077419524864304,0.4267483256435396,4.173050192696185,4.2666025642838274
tol_10km_int_5min,oocsod,markov_order_2,5,nearest,,10.0,102.0,0.9165802861906388,0.389584501328467,4.173050192696185,4.2666025642838274
tol_10km_int_5min,oocsod,vq_ctw,5,nearest,256.0,10.0,102.0,1.0,0.0,7.457493967581696,7.457493967581696
tol_10km_int_5min,oocsod,vq_ctw,5,nearest,512.0,10.0,102.0,1.0,0.0,8.813447895612969,8.813447895612969
tol_10km_int_5min,oocsod,vq_ctw,5,nearest,1024.0,10.0,102.0,1.0,0.0,8.317877349380096,8.317877349380096
tol_10km_int_5min,oogchy,direct_ctw,5,nearest,,10.0,51.0,0.9562446043683444,0.5369744117591035,4.654924065274602,4.770402011773301
tol_10km_int_5min,oogchy,markov_order_1,5,nearest,,10.0,51.0,0.9117787285127316,0.7102169350147941,4.654924065274602,4.770402011773301
tol_10km_int_5min,oogchy,markov_order_2,5,nearest,,10.0,51.0,0.9201256399411746,0.6865097146704222,4.654924065274602,4.770402011773301
tol_10km_int_5min,oogchy,vq_ctw,5,nearest,256.0,10.0,51.0,1.0,0.0,8.16684386108528,8.16684386108528
tol_10km_int_5min,oogchy,vq_ctw,5,nearest,512.0,10.0,51.0,1.0,0.0,9.293454476229886,9.293454476229886
tol_10km_int_5min,oogchy,vq_ctw,5,nearest,1024.0,10.0,51.0,1.0,0.0,9.457349119977334,9.457349119977334
tol_10km_int_5min,ootyec,direct_ctw,5,nearest,,10.0,144.0,0.9643225304238214,0.4597269467509937,4.341410301380821,4.422991158943449
tol_10km_int_5min,ootyec,markov_order_1,5,nearest,,10.0,144.0,0.9495350677351272,0.568972138328545,4.341410301380821,4.422991158943449
tol_10km_int_5min,ootyec,markov_order_2,5,nearest,,10.0,144.0,0.9495350677351272,0.5590111225843679,4.341410301380821,4.422991158943449
tol_10km_int_5min,ootyec,vq_ctw,5,nearest,256.0,10.0,144.0,1.0,0.0,8.18874871463759,8.18874871463759
tol_10km_int_5min,ootyec,vq_ctw,5,nearest,512.0,10.0,144.0,1.0,0.0,9.315648437942498,9.315648437942498
tol_10km_int_5min,ootyec,vq_ctw,5,nearest,1024.0,10.0,144.0,1.0,0.0,8.579350557062668,8.579350557062668
tol_10km_int_5min,oowfmu,direct_ctw,5,nearest,,10.0,16.0,1.0,0.0,3.728848955463016,3.835477962149444
tol_10km_int_5min,oowfmu,markov_order_1,5,nearest,,10.0,16.0,1.0,0.0,3.728848955463016,3.835477962149444
tol_10km_int_5min,oowfmu,markov_order_2,5,nearest,,10.0,16.0,1.0,0.0,3.728848955463016,3.835477962149444
tol_10km_int_5min,oowfmu,vq_ctw,5,nearest,256.0,10.0,16.0,1.0,0.0,8.486918789903509,8.486918789903509
tol_10km_int_5min,oowfmu,vq_ctw,5,nearest,512.0,10.0,16.0,1.0,0.0,8.367993199356627,8.367993199356627
tol_10km_int_5min,oowfmu,vq_ctw,5,nearest,1024.0,10.0,16.0,1.0,0.0,8.824028482534692,8.824028482534692
tol_10km_int_5min,opgove,direct_ctw,5,nearest,,10.0,55.0,0.9256408902656988,0.5506028815254458,4.109521659458079,4.221989046127569
tol_10km_int_5min,opgove,markov_order_1,5,nearest,,10.0,55.0,0.8500892349942933,0.8586418842264181,4.109521659458079,4.221989046127569
tol_10km_int_5min,opgove,markov_order_2,5,nearest,,10.0,55.0,0.8646157063861774,0.8156788789985238,4.109521659458079,4.221989046127569
tol_10km_int_5min,opgove,vq_ctw,5,nearest,256.0,10.0,55.0,1.0,0.0,8.458160491832519,8.458160491832519
tol_10km_int_5min,opgove,vq_ctw,5,nearest,512.0,10.0,55.0,1.0,0.0,9.230869662696954,9.230869662696954
tol_10km_int_5min,opgove,vq_ctw,5,nearest,1024.0,10.0,55.0,1.0,0.0,9.242070187258465,9.242070187258465
tol_10km_int_5min,ophgir,direct_ctw,5,nearest,,10.0,82.0,0.9765138887521024,0.2792689912563984,4.281122337246564,4.379703258115983
tol_10km_int_5min,ophgir,markov_order_1,5,nearest,,10.0,82.0,0.955753042757604,0.3458337897053423,4.281122337246564,4.379703258115983
tol_10km_int_5min,ophgir,markov_order_2,5,nearest,,10.0,82.0,0.9462579689588064,0.3806390624089999,4.281122337246564,4.379703258115983
tol_10km_int_5min,ophgir,vq_ctw,5,nearest,256.0,10.0,82.0,1.0,0.0,7.5711264480573455,7.5711264480573455
tol_10km_int_5min,ophgir,vq_ctw,5,nearest,512.0,10.0,82.0,1.0,0.0,8.885140340236752,8.885140340236752
tol_10km_int_5min,ophgir,vq_ctw,5,nearest,1024.0,10.0,82.0,1.0,0.0,8.127108766832418,8.127108766832418
tol_10km_int_5min,ophugb,direct_ctw,5,nearest,,10.0,41.0,0.9469191378463176,0.5726674591121877,4.698694163604527,4.81830378676589
tol_10km_int_5min,ophugb,markov_order_1,5,nearest,,10.0,41.0,0.8811989500467735,0.913200499178369,4.698694163604527,4.81830378676589
tol_10km_int_5min,ophugb,markov_order_2,5,nearest,,10.0,41.0,0.8644486214334868,0.9240792171462496,4.698694163604527,4.81830378676589
tol_10km_int_5min,ophugb,vq_ctw,5,nearest,256.0,10.0,41.0,1.0,0.0,8.180134492184477,8.180134492184477
tol_10km_int_5min,ophugb,vq_ctw,5,nearest,512.0,10.0,41.0,1.0,0.0,8.984927755064048,8.984927755064048
tol_10km_int_5min,ophugb,vq_ctw,5,nearest,1024.0,10.0,41.0,1.0,0.0,8.321837230982258,8.321837230982258
tol_10km_int_5min,opjerm,direct_ctw,5,nearest,,10.0,69.0,0.9702698279740886,0.5057695718719011,4.552257323481148,4.623151862271373
tol_10km_int_5min,opjerm,markov_order_1,5,nearest,,10.0,69.0,0.9473409402456404,0.6558049639653764,4.552257323481148,4.623151862271373
tol_10km_int_5min,opjerm,markov_order_2,5,nearest,,10.0,69.0,0.9473409402456404,0.6666517544963091,4.552257323481148,4.623151862271373
tol_10km_int_5min,opjerm,vq_ctw,5,nearest,256.0,10.0,69.0,1.0,0.0,8.304071241422207,8.304071241422207
tol_10km_int_5min,opjerm,vq_ctw,5,nearest,512.0,10.0,69.0,1.0,0.0,9.142560202557783,9.142560202557783
tol_10km_int_5min,opjerm,vq_ctw,5,nearest,1024.0,10.0,69.0,1.0,0.0,9.291842678774469,9.291842678774469
tol_10km_int_5min,opmisa,direct_ctw,5,nearest,,10.0,218.0,0.965304671066746,0.3494701631936804,4.237530185897285,4.346046541962377
tol_10km_int_5min,opmisa,markov_order_1,5,nearest,,10.0,218.0,0.9356413929500378,0.4812716613854996,4.237530185897285,4.346046541962377
tol_10km_int_5min,opmisa,markov_order_2,5,nearest,,10.0,218.0,0.9334961496473944,0.4870667908421401,4.237530185897285,4.346046541962377
tol_10km_int_5min,opmisa,vq_ctw,5,nearest,256.0,10.0,218.0,1.0,0.0,7.783320836354117,7.783320836354117
tol_10km_int_5min,opmisa,vq_ctw,5,nearest,512.0,10.0,218.0,1.0,0.0,8.650643201671656,8.650643201671656
tol_10km_int_5min,opmisa,vq_ctw,5,nearest,1024.0,10.0,218.0,1.0,0.0,8.571710130261222,8.571710130261222
tol_10km_int_5min,opnown,direct_ctw,5,nearest,,10.0,39.0,0.9368481981533276,0.4758056809183963,4.101517839416554,4.165696514340886
tol_10km_int_5min,opnown,markov_order_1,5,nearest,,10.0,39.0,0.9010110944048604,0.667850424526952,4.101517839416554,4.165696514340886
tol_10km_int_5min,opnown,markov_order_2,5,nearest,,10.0,39.0,0.9010110944048604,0.6659264012407815,4.101517839416554,4.165696514340886
tol_10km_int_5min,opnown,vq_ctw,5,nearest,256.0,10.0,39.0,1.0,0.0,7.905935716908214,7.905935716908214
tol_10km_int_5min,opnown,vq_ctw,5,nearest,512.0,10.0,39.0,1.0,0.0,8.594151743922005,8.594151743922005
tol_10km_int_5min,opnown,vq_ctw,5,nearest,1024.0,10.0,39.0,1.0,0.0,8.475828036966254,8.475828036966254
tol_10km_int_5min,oquiat,direct_ctw,5,nearest,,10.0,151.0,0.933330253251394,0.4511420852500958,4.183781249840319,4.3165770741537965
tol_10km_int_5min,oquiat,markov_order_1,5,nearest,,10.0,151.0,0.9002322422242143,0.6196682666910915,4.183781249840319,4.3165770741537965
tol_10km_int_5min,oquiat,markov_order_2,5,nearest,,10.0,151.0,0.8907161549317831,0.6256568891093758,4.183781249840319,4.3165770741537965
tol_10km_int_5min,oquiat,vq_ctw,5,nearest,256.0,10.0,151.0,1.0,0.0,8.294972859627858,8.294972859627858
tol_10km_int_5min,oquiat,vq_ctw,5,nearest,512.0,10.0,151.0,1.0,0.0,9.480105766391512,9.480105766391512
tol_10km_int_5min,oquiat,vq_ctw,5,nearest,1024.0,10.0,151.0,1.0,0.0,8.793276997049603,8.793276997049603
tol_10km_int_5min,orkbat,direct_ctw,5,nearest,,10.0,111.0,0.9536473030274412,0.5086010206946866,4.323567652563674,4.381277886903297
tol_10km_int_5min,orkbat,markov_order_1,5,nearest,,10.0,111.0,0.9340931347940508,0.6118326662301219,4.323567652563674,4.381277886903297
tol_10km_int_5min,orkbat,markov_order_2,5,nearest,,10.0,111.0,0.9376484196500904,0.6019655683135354,4.323567652563674,4.381277886903297
tol_10km_int_5min,orkbat,vq_ctw,5,nearest,256.0,10.0,111.0,1.0,0.0,8.130753375462081,8.130753375462081
tol_10km_int_5min,orkbat,vq_ctw,5,nearest,512.0,10.0,111.0,1.0,0.0,9.282736545594537,9.282736545594537
tol_10km_int_5min,orkbat,vq_ctw,5,nearest,1024.0,10.0,111.0,1.0,0.0,8.622421449752295,8.622421449752295
tol_10km_int_5min,orocdu,direct_ctw,5,nearest,,10.0,32.0,0.9999999999980904,0.3574361834704125,3.822755536086724,3.890919338284694
tol_10km_int_5min,orocdu,markov_order_1,5,nearest,,10.0,32.0,0.9999999999980904,0.4491216546396645,3.822755536086724,3.890919338284694
tol_10km_int_5min,orocdu,markov_order_2,5,nearest,,10.0,32.0,0.9999999999980904,0.4746073133408341,3.822755536086724,3.890919338284694
tol_10km_int_5min,orocdu,vq_ctw,5,nearest,256.0,10.0,32.0,1.0,0.0,7.884899338664086,7.884899338664086
tol_10km_int_5min,orocdu,vq_ctw,5,nearest,512.0,10.0,32.0,1.0,0.0,8.637138720025739,8.637138720025739
tol_10km_int_5min,orocdu,vq_ctw,5,nearest,1024.0,10.0,32.0,1.0,0.0,8.26164350319398,8.26164350319398
tol_10km_int_5min,orptme,direct_ctw,5,nearest,,10.0,91.0,0.9212175818665896,0.5365750882734893,4.565946307118227,4.662177568022364
tol_10km_int_5min,orptme,markov_order_1,5,nearest,,10.0,91.0,0.8782847438538477,0.721670224580052,4.565946307118227,4.662177568022364
tol_10km_int_5min,orptme,markov_order_2,5,nearest,,10.0,91.0,0.874499676777772,0.7238871700244122,4.565946307118227,4.662177568022364
tol_10km_int_5min,orptme,vq_ctw,5,nearest,256.0,10.0,91.0,1.0,0.0,8.639808817925758,8.639808817925758
tol_10km_int_5min,orptme,vq_ctw,5,nearest,512.0,10.0,91.0,1.0,0.0,9.03978760787822,9.03978760787822
tol_10km_int_5min,orptme,vq_ctw,5,nearest,1024.0,10.0,91.0,1.0,0.0,9.426564248574907,9.426564248574907
tol_10km_int_5min,orrrar,direct_ctw,5,nearest,,10.0,185.0,0.9350676723231564,0.5472901020623477,4.528918107428343,4.651201526074355
tol_10km_int_5min,orrrar,markov_order_1,5,nearest,,10.0,185.0,0.8910858010507066,0.7748055817487725,4.528918107428343,4.651201526074355
tol_10km_int_5min,orrrar,markov_order_2,5,nearest,,10.0,185.0,0.9009102317421428,0.7276194352265938,4.528918107428343,4.651201526074355
tol_10km_int_5min,orrrar,vq_ctw,5,nearest,256.0,10.0,185.0,1.0,0.0,8.125924311933874,8.125924311933874
tol_10km_int_5min,orrrar,vq_ctw,5,nearest,512.0,10.0,185.0,1.0,0.0,9.118822364588832,9.118822364588832
tol_10km_int_5min,orrrar,vq_ctw,5,nearest,1024.0,10.0,185.0,1.0,0.0,8.742763679701177,8.742763679701177
tol_10km_int_5min,osacmu,direct_ctw,5,nearest,,10.0,39.0,0.9999999999980904,0.5860986040535179,4.412317601433687,4.52202489535111
tol_10km_int_5min,osacmu,markov_order_1,5,nearest,,10.0,39.0,0.9999999999980904,0.6476641540019179,4.412317601433687,4.52202489535111
tol_10km_int_5min,osacmu,markov_order_2,5,nearest,,10.0,39.0,0.9999999999980904,0.696569620158054,4.412317601433687,4.52202489535111
tol_10km_int_5min,osacmu,vq_ctw,5,nearest,256.0,10.0,39.0,1.0,0.0,7.365841487587449,7.365841487587449
tol_10km_int_5min,osacmu,vq_ctw,5,nearest,512.0,10.0,39.0,1.0,0.0,9.303064865132551,9.303064865132551
tol_10km_int_5min,osacmu,vq_ctw,5,nearest,1024.0,10.0,39.0,1.0,0.0,7.920520605159102,7.920520605159102
tol_10km_int_5min,osckro,direct_ctw,5,nearest,,10.0,114.0,0.928212367128214,0.4317982130595975,4.208451685678727,4.286328317691945
tol_10km_int_5min,osckro,markov_order_1,5,nearest,,10.0,114.0,0.8729937831699945,0.6342049473353735,4.208451685678727,4.286328317691945
tol_10km_int_5min,osckro,markov_order_2,5,nearest,,10.0,114.0,0.8817809929129818,0.5809012342535342,4.208451685678727,4.286328317691945
tol_10km_int_5min,osckro,vq_ctw,5,nearest,256.0,10.0,114.0,1.0,0.0,8.30563029035571,8.30563029035571
tol_10km_int_5min,osckro,vq_ctw,5,nearest,512.0,10.0,114.0,1.0,0.0,9.03570763201162,9.03570763201162
tol_10km_int_5min,osckro,vq_ctw,5,nearest,1024.0,10.0,114.0,1.0,0.0,8.688216876138036,8.688216876138036
tol_10km_int_5min,oshyon,direct_ctw,5,nearest,,10.0,116.0,0.9320936736228936,0.4871468723076104,4.39578180019713,4.473520495002584
tol_10km_int_5min,oshyon,markov_order_1,5,nearest,,10.0,116.0,0.8652633371023302,0.7492599242618894,4.39578180019713,4.473520495002584
tol_10km_int_5min,oshyon,markov_order_2,5,nearest,,10.0,116.0,0.865338261613065,0.7340606373985485,4.39578180019713,4.473520495002584
tol_10km_int_5min,oshyon,vq_ctw,5,nearest,256.0,10.0,116.0,1.0,0.0,7.762766335851023,7.762766335851023
tol_10km_int_5min,oshyon,vq_ctw,5,nearest,512.0,10.0,116.0,1.0,0.0,9.333773845944222,9.333773845944222
tol_10km_int_5min,oshyon,vq_ctw,5,nearest,1024.0,10.0,116.0,1.0,0.0,8.563997033611356,8.563997033611356
tol_10km_int_5min,osocce,direct_ctw,5,nearest,,10.0,305.0,0.9504940969951912,0.4985904447438867,4.315366282186818,4.40958312218957
tol_10km_int_5min,osocce,markov_order_1,5,nearest,,10.0,305.0,0.9165921592810192,0.6653312275661016,4.315366282186818,4.40958312218957
tol_10km_int_5min,osocce,markov_order_2,5,nearest,,10.0,305.0,0.9141601722191414,0.6654618728348424,4.315366282186818,4.40958312218957
tol_10km_int_5min,osocce,vq_ctw,5,nearest,256.0,10.0,305.0,1.0,0.0,7.974385043980801,7.974385043980801
tol_10km_int_5min,osocce,vq_ctw,5,nearest,512.0,10.0,305.0,1.0,0.0,8.985134977037772,8.985134977037772
tol_10km_int_5min,osocce,vq_ctw,5,nearest,1024.0,10.0,305.0,1.0,0.0,8.696830600274296,8.696830600274296
tol_10km_int_5min,otasfi,direct_ctw,5,nearest,,10.0,237.0,0.9339276306481464,0.5060536930499194,4.425923039049366,4.528876057796069
tol_10km_int_5min,otasfi,markov_order_1,5,nearest,,10.0,237.0,0.8964925431554808,0.6789941908300174,4.425923039049366,4.528876057796069
tol_10km_int_5min,otasfi,markov_order_2,5,nearest,,10.0,237.0,0.8945683601585744,0.6842174097691629,4.425923039049366,4.528876057796069
tol_10km_int_5min,otasfi,vq_ctw,5,nearest,256.0,10.0,237.0,1.0,0.0,7.8387339762025405,7.8387339762025405
tol_10km_int_5min,otasfi,vq_ctw,5,nearest,512.0,10.0,237.0,1.0,0.0,8.928742414213698,8.928742414213698
tol_10km_int_5min,otasfi,vq_ctw,5,nearest,1024.0,10.0,237.0,1.0,0.0,8.422664505993351,8.422664505993351
tol_10km_int_5min,otfaho,direct_ctw,5,nearest,,10.0,68.0,0.9301285399256396,0.687290680345416,4.711554225353488,4.811747162630456
tol_10km_int_5min,otfaho,markov_order_1,5,nearest,,10.0,68.0,0.855339887521694,0.9817115302291451,4.711554225353488,4.811747162630456
tol_10km_int_5min,otfaho,markov_order_2,5,nearest,,10.0,68.0,0.8505662774975729,1.0137182691980922,4.711554225353488,4.811747162630456
tol_10km_int_5min,otfaho,vq_ctw,5,nearest,256.0,10.0,68.0,1.0,0.0,8.949205689851503,8.949205689851503
tol_10km_int_5min,otfaho,vq_ctw,5,nearest,512.0,10.0,68.0,1.0,0.0,9.481975698824389,9.481975698824389
tol_10km_int_5min,otfaho,vq_ctw,5,nearest,1024.0,10.0,68.0,1.0,0.0,9.250949346769746,9.250949346769746
tol_10km_int_5min,otmego,direct_ctw,5,nearest,,10.0,17.0,0.8587479196714514,0.8113877784344653,5.12380942676966,5.266198304651022
tol_10km_int_5min,otmego,markov_order_1,5,nearest,,10.0,17.0,0.6441314279797399,1.5032386061587082,5.12380942676966,5.266198304651022
tol_10km_int_5min,otmego,markov_order_2,5,nearest,,10.0,17.0,0.6826422031732349,1.4044851903619044,5.12380942676966,5.266198304651022
tol_10km_int_5min,otmego,vq_ctw,5,nearest,256.0,10.0,17.0,1.0,0.0,8.970400349370061,8.970400349370061
tol_10km_int_5min,otmego,vq_ctw,5,nearest,512.0,10.0,17.0,1.0,0.0,8.960729249032637,8.960729249032637
tol_10km_int_5min,otmego,vq_ctw,5,nearest,1024.0,10.0,17.0,1.0,0.0,9.283321663171725,9.283321663171725
tol_10km_int_5min,otscok,direct_ctw,5,nearest,,10.0,155.0,0.9542755310530828,0.3688564185551862,4.51949860826932,4.621791143206651
tol_10km_int_5min,otscok,markov_order_1,5,nearest,,10.0,155.0,0.9022757169249092,0.5461603229254701,4.51949860826932,4.621791143206651
tol_10km_int_5min,otscok,markov_order_2,5,nearest,,10.0,155.0,0.9042175051670964,0.5457954581611963,4.51949860826932,4.621791143206651
tol_10km_int_5min,otscok,vq_ctw,5,nearest,256.0,10.0,155.0,1.0,0.0,8.97862463966793,8.97862463966793
tol_10km_int_5min,otscok,vq_ctw,5,nearest,512.0,10.0,155.0,1.0,0.0,9.294567792517922,9.294567792517922
tol_10km_int_5min,otscok,vq_ctw,5,nearest,1024.0,10.0,155.0,1.0,0.0,9.57582517274082,9.57582517274082
tol_10km_int_5min,otswra,direct_ctw,5,nearest,,10.0,48.0,0.9999999999987268,0.2555763338533678,4.122501015529822,4.192834989168449
tol_10km_int_5min,otswra,markov_order_1,5,nearest,,10.0,48.0,0.9999999999987268,0.3141973189766803,4.122501015529822,4.192834989168449
tol_10km_int_5min,otswra,markov_order_2,5,nearest,,10.0,48.0,0.9999999999987268,0.3463284217349632,4.122501015529822,4.192834989168449
tol_10km_int_5min,otswra,vq_ctw,5,nearest,256.0,10.0,48.0,1.0,0.0,8.360983171797441,8.360983171797441
tol_10km_int_5min,otswra,vq_ctw,5,nearest,512.0,10.0,48.0,1.0,0.0,8.547157322217647,8.547157322217647
tol_10km_int_5min,otswra,vq_ctw,5,nearest,1024.0,10.0,48.0,1.0,0.0,8.645788046825437,8.645788046825437
tol_10km_int_5min,otvasd,direct_ctw,5,nearest,,10.0,78.0,0.9376826096933812,0.5628951033062921,4.681933796578842,4.787276846012055
tol_10km_int_5min,otvasd,markov_order_1,5,nearest,,10.0,78.0,0.8695860889606081,0.8038291811466971,4.681933796578842,4.787276846012055
tol_10km_int_5min,otvasd,markov_order_2,5,nearest,,10.0,78.0,0.868850796362876,0.7955978003216854,4.681933796578842,4.787276846012055
tol_10km_int_5min,otvasd,vq_ctw,5,nearest,256.0,10.0,78.0,1.0,0.0,9.279576493556004,9.279576493556004
tol_10km_int_5min,otvasd,vq_ctw,5,nearest,512.0,10.0,78.0,1.0,0.0,10.282185931589506,10.282185931589506
tol_10km_int_5min,otvasd,vq_ctw,5,nearest,1024.0,10.0,78.0,1.0,0.0,10.173318475009657,10.173318475009657
tol_10km_int_5min,ouvdan,direct_ctw,5,nearest,,10.0,104.0,0.9244025948439244,0.5284527498887659,4.362897514729294,4.491603157139749
tol_10km_int_5min,ouvdan,markov_order_1,5,nearest,,10.0,104.0,0.8666495498317699,0.7604571020183213,4.362897514729294,4.491603157139749
tol_10km_int_5min,ouvdan,markov_order_2,5,nearest,,10.0,104.0,0.8684385951582405,0.7736528483272846,4.362897514729294,4.491603157139749
tol_10km_int_5min,ouvdan,vq_ctw,5,nearest,256.0,10.0,104.0,1.0,0.0,8.282547544739934,8.282547544739934
tol_10km_int_5min,ouvdan,vq_ctw,5,nearest,512.0,10.0,104.0,1.0,0.0,8.929200905754259,8.929200905754259
tol_10km_int_5min,ouvdan,vq_ctw,5,nearest,1024.0,10.0,104.0,1.0,0.0,8.988356533275491,8.988356533275491
tol_10km_int_5min,ovkojy,direct_ctw,5,nearest,,10.0,92.0,0.953411486820862,0.4493725497106473,4.3568197170485465,4.474369096388257
tol_10km_int_5min,ovkojy,markov_order_1,5,nearest,,10.0,92.0,0.9263196857404276,0.573853998872589,4.3568197170485465,4.474369096388257
tol_10km_int_5min,ovkojy,markov_order_2,5,nearest,,10.0,92.0,0.9391035183910744,0.5374161387172306,4.3568197170485465,4.474369096388257
tol_10km_int_5min,ovkojy,vq_ctw,5,nearest,256.0,10.0,92.0,1.0,0.0,7.72610850280791,7.72610850280791
tol_10km_int_5min,ovkojy,vq_ctw,5,nearest,512.0,10.0,92.0,1.0,0.0,9.035845210433637,9.035845210433637
tol_10km_int_5min,ovkojy,vq_ctw,5,nearest,1024.0,10.0,92.0,1.0,0.0,8.51303809461409,8.51303809461409
tol_10km_int_5min,ovnacg,direct_ctw,5,nearest,,10.0,37.0,0.9999999999980904,0.4289588416489772,4.245540857846964,4.339960782991949
tol_10km_int_5min,ovnacg,markov_order_1,5,nearest,,10.0,37.0,0.9999999999980904,0.5088535240792579,4.245540857846964,4.339960782991949
tol_10km_int_5min,ovnacg,markov_order_2,5,nearest,,10.0,37.0,0.9999999999980904,0.5450714715908402,4.245540857846964,4.339960782991949
tol_10km_int_5min,ovnacg,vq_ctw,5,nearest,256.0,10.0,37.0,1.0,0.0,7.851769471439363,7.851769471439363
tol_10km_int_5min,ovnacg,vq_ctw,5,nearest,512.0,10.0,37.0,1.0,0.0,8.955237816411312,8.955237816411312
tol_10km_int_5min,ovnacg,vq_ctw,5,nearest,1024.0,10.0,37.0,1.0,0.0,8.511406937737211,8.511406937737211
tol_10km_int_5min,ovyijn,direct_ctw,5,nearest,,10.0,141.0,0.9692365353886476,0.4651907236334345,4.200818367585577,4.309482435959753
tol_10km_int_5min,ovyijn,markov_order_1,5,nearest,,10.0,141.0,0.9459588901689228,0.6182624843510527,4.200818367585577,4.309482435959753
tol_10km_int_5min,ovyijn,markov_order_2,5,nearest,,10.0,141.0,0.9434407439411072,0.6133048392776831,4.200818367585577,4.309482435959753
tol_10km_int_5min,ovyijn,vq_ctw,5,nearest,256.0,10.0,141.0,1.0,0.0,8.225535583364248,8.225535583364248
tol_10km_int_5min,ovyijn,vq_ctw,5,nearest,512.0,10.0,141.0,1.0,0.0,9.097715598539216,9.097715598539216
tol_10km_int_5min,ovyijn,vq_ctw,5,nearest,1024.0,10.0,141.0,1.0,0.0,8.852657683955758,8.852657683955758
tol_10km_int_5min,owbsus,direct_ctw,5,nearest,,10.0,106.0,0.9496222557579646,0.4643911504752455,4.328603616872572,4.420070893032435
tol_10km_int_5min,owbsus,markov_order_1,5,nearest,,10.0,106.0,0.9157774281671704,0.6242608879902488,4.328603616872572,4.420070893032435
tol_10km_int_5min,owbsus,markov_order_2,5,nearest,,10.0,106.0,0.910373223944755,0.6565710023290942,4.328603616872572,4.420070893032435
tol_10km_int_5min,owbsus,vq_ctw,5,nearest,256.0,10.0,106.0,1.0,0.0,8.323677535231177,8.323677535231177
tol_10km_int_5min,owbsus,vq_ctw,5,nearest,512.0,10.0,106.0,1.0,0.0,9.03013142728199,9.03013142728199
tol_10km_int_5min,owbsus,vq_ctw,5,nearest,1024.0,10.0,106.0,1.0,0.0,8.64038903294834,8.64038903294834
tol_10km_int_5min,owgves,direct_ctw,5,nearest,,10.0,192.0,0.8857597619272853,0.6200882350572999,4.463039432277749,4.57421026932998
tol_10km_int_5min,owgves,markov_order_1,5,nearest,,10.0,192.0,0.8296413642273744,0.8415861687760372,4.463039432277749,4.57421026932998
tol_10km_int_5min,owgves,markov_order_2,5,nearest,,10.0,192.0,0.8126523967378603,0.8890021167297392,4.463039432277749,4.57421026932998
tol_10km_int_5min,owgves,vq_ctw,5,nearest,256.0,10.0,192.0,1.0,0.0,8.763197111754833,8.763197111754833
tol_10km_int_5min,owgves,vq_ctw,5,nearest,512.0,10.0,192.0,1.0,0.0,9.335451322485262,9.335451322485262
tol_10km_int_5min,owgves,vq_ctw,5,nearest,1024.0,10.0,192.0,1.0,0.0,9.178763301563045,9.178763301563045
tol_10km_int_5min,owhagm,direct_ctw,5,nearest,,10.0,66.0,0.9466016339886676,0.3633768204462347,4.827467686711898,4.898593389609378
tol_10km_int_5min,owhagm,markov_order_1,5,nearest,,10.0,66.0,0.9208618107676312,0.4749072437016893,4.827467686711898,4.898593389609378
tol_10km_int_5min,owhagm,markov_order_2,5,nearest,,10.0,66.0,0.9208618107676312,0.4932104560725001,4.827467686711898,4.898593389609378
tol_10km_int_5min,owhagm,vq_ctw,5,nearest,256.0,10.0,66.0,1.0,0.0,8.40570139519397,8.40570139519397
tol_10km_int_5min,owhagm,vq_ctw,5,nearest,512.0,10.0,66.0,1.0,0.0,9.6881796095032,9.6881796095032
tol_10km_int_5min,owhagm,vq_ctw,5,nearest,1024.0,10.0,66.0,1.0,0.0,8.70285507936781,8.70285507936781
tol_10km_int_5min,owufre,direct_ctw,5,nearest,,10.0,35.0,0.9656736473173534,0.477642413524249,4.180275195934993,4.298821748139168
tol_10km_int_5min,owufre,markov_order_1,5,nearest,,10.0,35.0,0.9322820638676144,0.6891057566819679,4.180275195934993,4.298821748139168
tol_10km_int_5min,owufre,markov_order_2,5,nearest,,10.0,35.0,0.9314493544519998,0.6699058946582296,4.180275195934993,4.298821748139168
tol_10km_int_5min,owufre,vq_ctw,5,nearest,256.0,10.0,35.0,1.0,0.0,7.918442817989352,7.918442817989352
tol_10km_int_5min,owufre,vq_ctw,5,nearest,512.0,10.0,35.0,1.0,0.0,9.15542630713472,9.15542630713472
tol_10km_int_5min,owufre,vq_ctw,5,nearest,1024.0,10.0,35.0,1.0,0.0,8.606024711397033,8.606024711397033
tol_10km_int_5min,oxdogh,direct_ctw,5,nearest,,10.0,268.0,0.9668738857723878,0.4164110554440792,4.217840155564568,4.318243221450895
tol_10km_int_5min,oxdogh,markov_order_1,5,nearest,,10.0,268.0,0.9546169281088556,0.4988842021454345,4.217840155564568,4.318243221450895
tol_10km_int_5min,oxdogh,markov_order_2,5,nearest,,10.0,268.0,0.953333515993776,0.5125621172996108,4.217840155564568,4.318243221450895
tol_10km_int_5min,oxdogh,vq_ctw,5,nearest,256.0,10.0,268.0,1.0,0.0,7.883723157639969,7.883723157639969
tol_10km_int_5min,oxdogh,vq_ctw,5,nearest,512.0,10.0,268.0,1.0,0.0,9.401910997880458,9.401910997880458
tol_10km_int_5min,oxdogh,vq_ctw,5,nearest,1024.0,10.0,268.0,1.0,0.0,8.27325046551573,8.27325046551573
tol_10km_int_5min,oyclsd,direct_ctw,5,nearest,,10.0,67.0,0.9999999999985464,0.3644648158448278,4.3560447832274525,4.454214220502629
tol_10km_int_5min,oyclsd,markov_order_1,5,nearest,,10.0,67.0,0.9999999999985464,0.4357647980138472,4.3560447832274525,4.454214220502629
tol_10km_int_5min,oyclsd,markov_order_2,5,nearest,,10.0,67.0,0.9999999999985464,0.4532238193537937,4.3560447832274525,4.454214220502629
tol_10km_int_5min,oyclsd,vq_ctw,5,nearest,256.0,10.0,67.0,1.0,0.0,7.769063765967355,7.769063765967355
tol_10km_int_5min,oyclsd,vq_ctw,5,nearest,512.0,10.0,67.0,1.0,0.0,8.919014314933069,8.919014314933069
tol_10km_int_5min,oyclsd,vq_ctw,5,nearest,1024.0,10.0,67.0,1.0,0.0,8.904448710325449,8.904448710325449
tol_10km_int_5min,oydtes,direct_ctw,5,nearest,,10.0,171.0,0.9537247489135456,0.5434323809862723,4.427552972780295,4.538644849065781
tol_10km_int_5min,oydtes,markov_order_1,5,nearest,,10.0,171.0,0.909108749013807,0.7068429903871984,4.427552972780295,4.538644849065781
tol_10km_int_5min,oydtes,markov_order_2,5,nearest,,10.0,171.0,0.914963992351648,0.6932564337487208,4.427552972780295,4.538644849065781
tol_10km_int_5min,oydtes,vq_ctw,5,nearest,256.0,10.0,171.0,1.0,0.0,8.14052831059866,8.14052831059866
tol_10km_int_5min,oydtes,vq_ctw,5,nearest,512.0,10.0,171.0,1.0,0.0,9.314295005895222,9.314295005895222
tol_10km_int_5min,oydtes,vq_ctw,5,nearest,1024.0,10.0,171.0,1.0,0.0,8.667026341361186,8.667026341361186
tol_10km_int_5min,oygmeb,direct_ctw,5,nearest,,10.0,128.0,0.93174156867776,0.4808428128270668,4.209582470414324,4.338959913850541
tol_10km_int_5min,oygmeb,markov_order_1,5,nearest,,10.0,128.0,0.8948090055687578,0.6461101101183384,4.209582470414324,4.338959913850541
tol_10km_int_5min,oygmeb,markov_order_2,5,nearest,,10.0,128.0,0.8900502832748671,0.6729285727594864,4.209582470414324,4.338959913850541
tol_10km_int_5min,oygmeb,vq_ctw,5,nearest,256.0,10.0,128.0,1.0,0.0,7.81285132995604,7.81285132995604
tol_10km_int_5min,oygmeb,vq_ctw,5,nearest,512.0,10.0,128.0,1.0,0.0,8.616184877039402,8.616184877039402
tol_10km_int_5min,oygmeb,vq_ctw,5,nearest,1024.0,10.0,128.0,1.0,0.0,8.214148079179582,8.214148079179582
tol_10km_int_5min,ubgiho,direct_ctw,5,nearest,,10.0,53.0,0.9581073187451832,0.5878099871555602,5.033946834146613,5.102954819736138
tol_10km_int_5min,ubgiho,markov_order_1,5,nearest,,10.0,53.0,0.9045504390968084,0.8112841495884731,5.033946834146613,5.102954819736138
tol_10km_int_5min,ubgiho,markov_order_2,5,nearest,,10.0,53.0,0.8949261484477691,0.8435281633620662,5.033946834146613,5.102954819736138
tol_10km_int_5min,ubgiho,vq_ctw,5,nearest,256.0,10.0,53.0,1.0,0.0,8.464533284113235,8.464533284113235
tol_10km_int_5min,ubgiho,vq_ctw,5,nearest,512.0,10.0,53.0,1.0,0.0,9.344214477763904,9.344214477763904
tol_10km_int_5min,ubgiho,vq_ctw,5,nearest,1024.0,10.0,53.0,1.0,0.0,9.041609187363097,9.041609187363097
tol_10km_int_5min,ubjajo,direct_ctw,5,nearest,,10.0,263.0,0.9526587470806724,0.4921034932805837,4.097935784213898,4.175033577160586
tol_10km_int_5min,ubjajo,markov_order_1,5,nearest,,10.0,263.0,0.9325982095293264,0.5985519825704263,4.097935784213898,4.175033577160586
tol_10km_int_5min,ubjajo,markov_order_2,5,nearest,,10.0,263.0,0.9277414093597371,0.5748872708533642,4.097935784213898,4.175033577160586
tol_10km_int_5min,ubjajo,vq_ctw,5,nearest,256.0,10.0,263.0,1.0,0.0,8.013241417136296,8.013241417136296
tol_10km_int_5min,ubjajo,vq_ctw,5,nearest,512.0,10.0,263.0,1.0,0.0,9.200387865947036,9.200387865947036
tol_10km_int_5min,ubjajo,vq_ctw,5,nearest,1024.0,10.0,263.0,1.0,0.0,8.864336396488106,8.864336396488106
tol_10km_int_5min,ubjaju,direct_ctw,5,nearest,,10.0,16.0,0.8648565309988022,0.7065207616935776,3.600154244394143,3.692312443951029
tol_10km_int_5min,ubjaju,markov_order_1,5,nearest,,10.0,16.0,0.8316123085089846,0.8223908678613694,3.600154244394143,3.692312443951029
tol_10km_int_5min,ubjaju,markov_order_2,5,nearest,,10.0,16.0,0.8308407746947273,0.8249370489090451,3.600154244394143,3.692312443951029
tol_10km_int_5min,ubjaju,vq_ctw,5,nearest,256.0,10.0,16.0,1.0,0.0,9.853871304129395,9.853871304129395
tol_10km_int_5min,ubjaju,vq_ctw,5,nearest,512.0,10.0,16.0,1.0,0.0,10.606209463874894,10.606209463874894
tol_10km_int_5min,ubjaju,vq_ctw,5,nearest,1024.0,10.0,16.0,1.0,0.0,9.735092650973316,9.735092650973316
tol_10km_int_5min,ubnank,direct_ctw,5,nearest,,10.0,54.0,0.955103760577188,0.4805639781419512,4.278209822243747,4.340564742038101
tol_10km_int_5min,ubnank,markov_order_1,5,nearest,,10.0,54.0,0.9454542473622516,0.5603576327406746,4.278209822243747,4.340564742038101
tol_10km_int_5min,ubnank,markov_order_2,5,nearest,,10.0,54.0,0.9383588125806448,0.6160291716312485,4.278209822243747,4.340564742038101
tol_10km_int_5min,ubnank,vq_ctw,5,nearest,256.0,10.0,54.0,1.0,0.0,7.855337765072621,7.855337765072621
tol_10km_int_5min,ubnank,vq_ctw,5,nearest,512.0,10.0,54.0,1.0,0.0,9.192884954333724,9.192884954333724
tol_10km_int_5min,ubnank,vq_ctw,5,nearest,1024.0,10.0,54.0,1.0,0.0,8.092216664470827,8.092216664470827
tol_10km_int_5min,ubzach,direct_ctw,5,nearest,,10.0,77.0,0.9096233071210414,0.618116726226978,4.517877201243776,4.635238849825569
tol_10km_int_5min,ubzach,markov_order_1,5,nearest,,10.0,77.0,0.8556013843759218,0.8210077094307087,4.517877201243776,4.635238849825569
tol_10km_int_5min,ubzach,markov_order_2,5,nearest,,10.0,77.0,0.8511279381561703,0.845571968819178,4.517877201243776,4.635238849825569
tol_10km_int_5min,ubzach,vq_ctw,5,nearest,256.0,10.0,77.0,1.0,0.0,8.321945431483176,8.321945431483176
tol_10km_int_5min,ubzach,vq_ctw,5,nearest,512.0,10.0,77.0,1.0,0.0,9.358378446088388,9.358378446088388
tol_10km_int_5min,ubzach,vq_ctw,5,nearest,1024.0,10.0,77.0,1.0,0.0,8.870542122305071,8.870542122305071
tol_10km_int_5min,ucbiya,direct_ctw,5,nearest,,10.0,69.0,0.9745156825689344,0.4834979590973743,4.609492004834762,4.698154994648387
tol_10km_int_5min,ucbiya,markov_order_1,5,nearest,,10.0,69.0,0.9518737116934146,0.6364184501719484,4.609492004834762,4.698154994648387
tol_10km_int_5min,ucbiya,markov_order_2,5,nearest,,10.0,69.0,0.9453194812531818,0.6759771734941793,4.609492004834762,4.698154994648387
tol_10km_int_5min,ucbiya,vq_ctw,5,nearest,256.0,10.0,69.0,1.0,0.0,8.593891126233911,8.593891126233911
tol_10km_int_5min,ucbiya,vq_ctw,5,nearest,512.0,10.0,69.0,1.0,0.0,9.09969605074707,9.09969605074707
tol_10km_int_5min,ucbiya,vq_ctw,5,nearest,1024.0,10.0,69.0,1.0,0.0,8.918440966575318,8.918440966575318
tol_10km_int_5min,ucdewy,direct_ctw,5,nearest,,10.0,167.0,0.8604170845455699,0.7733090043718386,4.947637556773064,5.047830144089618
tol_10km_int_5min,ucdewy,markov_order_1,5,nearest,,10.0,167.0,0.7780850591364293,1.0756704995898587,4.947637556773064,5.047830144089618
tol_10km_int_5min,ucdewy,markov_order_2,5,nearest,,10.0,167.0,0.7776130010112221,1.0784164485745709,4.947637556773064,5.047830144089618
tol_10km_int_5min,ucdewy,vq_ctw,5,nearest,256.0,10.0,167.0,1.0,0.0,8.74505552694468,8.74505552694468
tol_10km_int_5min,ucdewy,vq_ctw,5,nearest,512.0,10.0,167.0,1.0,0.0,9.370599128907942,9.370599128907942
tol_10km_int_5min,ucdewy,vq_ctw,5,nearest,1024.0,10.0,167.0,1.0,0.0,9.219467904812516,9.219467904812516
tol_10km_int_5min,ucgewf,direct_ctw,5,nearest,,10.0,228.0,0.967093222491644,0.4226028959439607,4.434934007700218,4.502781032736865
tol_10km_int_5min,ucgewf,markov_order_1,5,nearest,,10.0,228.0,0.9315138764877732,0.5915235766052781,4.434934007700218,4.502781032736865
tol_10km_int_5min,ucgewf,markov_order_2,5,nearest,,10.0,228.0,0.9373676354272912,0.5629247542043773,4.434934007700218,4.502781032736865
tol_10km_int_5min,ucgewf,vq_ctw,5,nearest,256.0,10.0,228.0,1.0,0.0,8.080521833905266,8.080521833905266
tol_10km_int_5min,ucgewf,vq_ctw,5,nearest,512.0,10.0,228.0,1.0,0.0,8.897204300825662,8.897204300825662
tol_10km_int_5min,ucgewf,vq_ctw,5,nearest,1024.0,10.0,228.0,1.0,0.0,8.441969651922474,8.441969651922474
tol_10km_int_5min,uchjaf,direct_ctw,5,nearest,,10.0,18.0,0.9999999999980906,0.3539714350857155,4.144078780554497,4.195398927324624
tol_10km_int_5min,uchjaf,markov_order_1,5,nearest,,10.0,18.0,0.9999999999980906,0.4479690753079902,4.144078780554497,4.195398927324624
tol_10km_int_5min,uchjaf,markov_order_2,5,nearest,,10.0,18.0,0.9999999999980906,0.4461992892113189,4.144078780554497,4.195398927324624
tol_10km_int_5min,uchjaf,vq_ctw,5,nearest,256.0,10.0,18.0,1.0,0.0,7.256495985647313,7.256495985647313
tol_10km_int_5min,uchjaf,vq_ctw,5,nearest,512.0,10.0,18.0,1.0,0.0,9.05610714069837,9.05610714069837
tol_10km_int_5min,uchjaf,vq_ctw,5,nearest,1024.0,10.0,18.0,1.0,0.0,7.945688949564066,7.945688949564066
tol_10km_int_5min,ucovla,direct_ctw,5,nearest,,10.0,37.0,0.887610441944542,0.6198270141507767,5.110050692735359,5.217706115847032
tol_10km_int_5min,ucovla,markov_order_1,5,nearest,,10.0,37.0,0.8045889885800563,0.988457016486374,5.110050692735359,5.217706115847032
tol_10km_int_5min,ucovla,markov_order_2,5,nearest,,10.0,37.0,0.7985232854822368,1.0003327163519045,5.110050692735359,5.217706115847032
tol_10km_int_5min,ucovla,vq_ctw,5,nearest,256.0,10.0,37.0,1.0,0.0,8.77721806807636,8.77721806807636
tol_10km_int_5min,ucovla,vq_ctw,5,nearest,512.0,10.0,37.0,1.0,0.0,9.9796821768214,9.9796821768214
tol_10km_int_5min,ucovla,vq_ctw,5,nearest,1024.0,10.0,37.0,1.0,0.0,10.14016474982968,10.14016474982968
tol_10km_int_5min,ucvepn,direct_ctw,5,nearest,,10.0,66.0,0.9353433282834942,0.6237857785264225,4.613516035660969,4.724824865475103
tol_10km_int_5min,ucvepn,markov_order_1,5,nearest,,10.0,66.0,0.8932458258390745,0.8399405240878421,4.613516035660969,4.724824865475103
tol_10km_int_5min,ucvepn,markov_order_2,5,nearest,,10.0,66.0,0.8738668752455154,0.8600837552903189,4.613516035660969,4.724824865475103
tol_10km_int_5min,ucvepn,vq_ctw,5,nearest,256.0,10.0,66.0,1.0,0.0,9.00935945179404,9.00935945179404
tol_10km_int_5min,ucvepn,vq_ctw,5,nearest,512.0,10.0,66.0,1.0,0.0,9.954655422985736,9.954655422985736
tol_10km_int_5min,ucvepn,vq_ctw,5,nearest,1024.0,10.0,66.0,1.0,0.0,9.591176754826026,9.591176754826026
tol_10km_int_5min,udguic,direct_ctw,5,nearest,,10.0,172.0,0.8990634009814197,0.659551657153517,4.581294702582474,4.687421519729995
tol_10km_int_5min,udguic,markov_order_1,5,nearest,,10.0,172.0,0.8460069778858847,0.8620512182708872,4.581294702582474,4.687421519729995
tol_10km_int_5min,udguic,markov_order_2,5,nearest,,10.0,172.0,0.8297427529985127,0.9073908954860695,4.581294702582474,4.687421519729995
tol_10km_int_5min,udguic,vq_ctw,5,nearest,256.0,10.0,172.0,1.0,0.0,8.133827940143112,8.133827940143112
tol_10km_int_5min,udguic,vq_ctw,5,nearest,512.0,10.0,172.0,1.0,0.0,9.287228690330544,9.287228690330544
tol_10km_int_5min,udguic,vq_ctw,5,nearest,1024.0,10.0,172.0,1.0,0.0,8.917301477016442,8.917301477016442
tol_10km_int_5min,udthon,direct_ctw,5,nearest,,10.0,112.0,0.9235800810511192,0.6794275362806095,4.984199649939769,5.0689630083905
tol_10km_int_5min,udthon,markov_order_1,5,nearest,,10.0,112.0,0.858791707380733,0.9539569488375044,4.984199649939769,5.0689630083905
tol_10km_int_5min,udthon,markov_order_2,5,nearest,,10.0,112.0,0.8625761456386085,0.9139891751227917,4.984199649939769,5.0689630083905
tol_10km_int_5min,udthon,vq_ctw,5,nearest,256.0,10.0,112.0,1.0,0.0,8.77308219959107,8.77308219959107
tol_10km_int_5min,udthon,vq_ctw,5,nearest,512.0,10.0,112.0,1.0,0.0,9.784132397951828,9.784132397951828
tol_10km_int_5min,udthon,vq_ctw,5,nearest,1024.0,10.0,112.0,1.0,0.0,9.302482072357332,9.302482072357332
tol_10km_int_5min,udtiog,direct_ctw,5,nearest,,10.0,17.0,0.8188078852829667,0.8638701293220699,5.03235146156127,5.112815970761088
tol_10km_int_5min,udtiog,markov_order_1,5,nearest,,10.0,17.0,0.7729078048136215,1.181819980874979,5.03235146156127,5.112815970761088
tol_10km_int_5min,udtiog,markov_order_2,5,nearest,,10.0,17.0,0.7729078048136215,1.131502690025365,5.03235146156127,5.112815970761088
tol_10km_int_5min,udtiog,vq_ctw,5,nearest,256.0,10.0,17.0,1.0,0.0,8.676724152078421,8.676724152078421
tol_10km_int_5min,udtiog,vq_ctw,5,nearest,512.0,10.0,17.0,1.0,0.0,9.667723373227664,9.667723373227664
tol_10km_int_5min,udtiog,vq_ctw,5,nearest,1024.0,10.0,17.0,1.0,0.0,9.80572577218594,9.80572577218594
tol_10km_int_5min,udveoy,direct_ctw,5,nearest,,10.0,57.0,0.9014142493359522,0.4973409703272189,4.395664065181112,4.494488091379908
tol_10km_int_5min,udveoy,markov_order_1,5,nearest,,10.0,57.0,0.8525892768088421,0.7081688541800841,4.395664065181112,4.494488091379908
tol_10km_int_5min,udveoy,markov_order_2,5,nearest,,10.0,57.0,0.8525892768088421,0.7297609248349208,4.395664065181112,4.494488091379908
tol_10km_int_5min,udveoy,vq_ctw,5,nearest,256.0,10.0,57.0,1.0,0.0,8.010624652614043,8.010624652614043
tol_10km_int_5min,udveoy,vq_ctw,5,nearest,512.0,10.0,57.0,1.0,0.0,8.998465731196667,8.998465731196667
tol_10km_int_5min,udveoy,vq_ctw,5,nearest,1024.0,10.0,57.0,1.0,0.0,8.248269804830871,8.248269804830871
tol_10km_int_5min,udwadl,direct_ctw,5,nearest,,10.0,100.0,0.9710804266861623,0.2888055286447412,3.919912854094732,4.024434793545242
tol_10km_int_5min,udwadl,markov_order_1,5,nearest,,10.0,100.0,0.9631894756953372,0.3230658644192052,3.919912854094732,4.024434793545242
tol_10km_int_5min,udwadl,markov_order_2,5,nearest,,10.0,100.0,0.9617964912823804,0.3198661339650264,3.919912854094732,4.024434793545242
tol_10km_int_5min,udwadl,vq_ctw,5,nearest,256.0,10.0,100.0,1.0,0.0,7.55050202258824,7.55050202258824
tol_10km_int_5min,udwadl,vq_ctw,5,nearest,512.0,10.0,100.0,1.0,0.0,8.616516274387925,8.616516274387925
tol_10km_int_5min,udwadl,vq_ctw,5,nearest,1024.0,10.0,100.0,1.0,0.0,7.995888297115949,7.995888297115949
tol_10km_int_5min,udwebi,direct_ctw,5,nearest,,10.0,55.0,0.9682310408395388,0.2684191982590214,4.190891764309416,4.278050548488725
tol_10km_int_5min,udwebi,markov_order_1,5,nearest,,10.0,55.0,0.9461227845391798,0.3186470751208846,4.190891764309416,4.278050548488725
tol_10km_int_5min,udwebi,markov_order_2,5,nearest,,10.0,55.0,0.9381653144439026,0.3292414969295385,4.190891764309416,4.278050548488725
tol_10km_int_5min,udwebi,vq_ctw,5,nearest,256.0,10.0,55.0,1.0,0.0,8.209319263891368,8.209319263891368
tol_10km_int_5min,udwebi,vq_ctw,5,nearest,512.0,10.0,55.0,1.0,0.0,9.24720480831051,9.24720480831051
tol_10km_int_5min,udwebi,vq_ctw,5,nearest,1024.0,10.0,55.0,1.0,0.0,9.063477041065848,9.063477041065848
tol_10km_int_5min,udwiul,direct_ctw,5,nearest,,10.0,60.0,0.9263896334846284,0.572633796179898,4.89984806834652,5.008407684647821
tol_10km_int_5min,udwiul,markov_order_1,5,nearest,,10.0,60.0,0.867170614389178,0.8085277564202921,4.89984806834652,5.008407684647821
tol_10km_int_5min,udwiul,markov_order_2,5,nearest,,10.0,60.0,0.8412038080966187,0.9070883697059424,4.89984806834652,5.008407684647821
tol_10km_int_5min,udwiul,vq_ctw,5,nearest,256.0,10.0,60.0,1.0,0.0,8.365211591145021,8.365211591145021
tol_10km_int_5min,udwiul,vq_ctw,5,nearest,512.0,10.0,60.0,1.0,0.0,9.926964859142153,9.926964859142153
tol_10km_int_5min,udwiul,vq_ctw,5,nearest,1024.0,10.0,60.0,1.0,0.0,8.961753236796252,8.961753236796252
tol_10km_int_5min,ufdoyn,direct_ctw,5,nearest,,10.0,54.0,0.9999999999980906,0.4104892695238102,4.15582436245004,4.316991288565188
tol_10km_int_5min,ufdoyn,markov_order_1,5,nearest,,10.0,54.0,0.9999999999980906,0.4990470179408908,4.15582436245004,4.316991288565188
tol_10km_int_5min,ufdoyn,markov_order_2,5,nearest,,10.0,54.0,0.9999999999980906,0.5288851474728475,4.15582436245004,4.316991288565188
tol_10km_int_5min,ufdoyn,vq_ctw,5,nearest,256.0,10.0,54.0,1.0,0.0,7.51506537559485,7.51506537559485
tol_10km_int_5min,ufdoyn,vq_ctw,5,nearest,512.0,10.0,54.0,1.0,0.0,8.855926033848148,8.855926033848148
tol_10km_int_5min,ufdoyn,vq_ctw,5,nearest,1024.0,10.0,54.0,1.0,0.0,8.533218572218525,8.533218572218525
tol_10km_int_5min,ugatna,direct_ctw,5,nearest,,10.0,186.0,0.9413517728938048,0.573871613207801,4.541686165919861,4.651651039544077
tol_10km_int_5min,ugatna,markov_order_1,5,nearest,,10.0,186.0,0.8731971357666976,0.839013275152249,4.541686165919861,4.651651039544077
tol_10km_int_5min,ugatna,markov_order_2,5,nearest,,10.0,186.0,0.8786292714337879,0.8208185705973352,4.541686165919861,4.651651039544077
tol_10km_int_5min,ugatna,vq_ctw,5,nearest,256.0,10.0,186.0,1.0,0.0,8.175852359961398,8.175852359961398
tol_10km_int_5min,ugatna,vq_ctw,5,nearest,512.0,10.0,186.0,1.0,0.0,9.346701650174374,9.346701650174374
tol_10km_int_5min,ugatna,vq_ctw,5,nearest,1024.0,10.0,186.0,1.0,0.0,8.753851341884694,8.753851341884694
tol_10km_int_5min,ugdifb,direct_ctw,5,nearest,,10.0,38.0,0.8846728594285879,0.6293648157833475,4.102510056102485,4.194346929427786
tol_10km_int_5min,ugdifb,markov_order_1,5,nearest,,10.0,38.0,0.8321144481820127,0.8059862613900293,4.102510056102485,4.194346929427786
tol_10km_int_5min,ugdifb,markov_order_2,5,nearest,,10.0,38.0,0.8299781210885498,0.8546407273026091,4.102510056102485,4.194346929427786
tol_10km_int_5min,ugdifb,vq_ctw,5,nearest,256.0,10.0,38.0,1.0,0.0,7.660160192922304,7.660160192922304
tol_10km_int_5min,ugdifb,vq_ctw,5,nearest,512.0,10.0,38.0,1.0,0.0,8.473541804265869,8.473541804265869
tol_10km_int_5min,ugdifb,vq_ctw,5,nearest,1024.0,10.0,38.0,1.0,0.0,8.55044545941656,8.55044545941656
tol_10km_int_5min,uggdye,direct_ctw,5,nearest,,10.0,204.0,0.9468398613184346,0.5487790288394362,4.628221815337721,4.711334763248543
tol_10km_int_5min,uggdye,markov_order_1,5,nearest,,10.0,204.0,0.9069331460074136,0.7355669646955564,4.628221815337721,4.711334763248543
tol_10km_int_5min,uggdye,markov_order_2,5,nearest,,10.0,204.0,0.9072630927843628,0.7464784575729675,4.628221815337721,4.711334763248543
tol_10km_int_5min,uggdye,vq_ctw,5,nearest,256.0,10.0,204.0,1.0,0.0,8.139551272079244,8.139551272079244
tol_10km_int_5min,uggdye,vq_ctw,5,nearest,512.0,10.0,204.0,1.0,0.0,9.355154003261433,9.355154003261433
tol_10km_int_5min,uggdye,vq_ctw,5,nearest,1024.0,10.0,204.0,1.0,0.0,8.5456388091688,8.5456388091688
tol_10km_int_5min,ugifma,direct_ctw,5,nearest,,10.0,32.0,0.9999999999990452,0.1708118391147481,3.8873922177953126,3.9713073386753215
tol_10km_int_5min,ugifma,markov_order_1,5,nearest,,10.0,32.0,0.9999999999990452,0.2029782837990767,3.8873922177953126,3.9713073386753215
tol_10km_int_5min,ugifma,markov_order_2,5,nearest,,10.0,32.0,0.9999999999990452,0.2131879866406711,3.8873922177953126,3.9713073386753215
tol_10km_int_5min,ugifma,vq_ctw,5,nearest,256.0,10.0,32.0,1.0,0.0,8.18122951005731,8.18122951005731
tol_10km_int_5min,ugifma,vq_ctw,5,nearest,512.0,10.0,32.0,1.0,0.0,8.827150942237587,8.827150942237587
tol_10km_int_5min,ugifma,vq_ctw,5,nearest,1024.0,10.0,32.0,1.0,0.0,8.68879483542467,8.68879483542467
tol_10km_int_5min,ugthfu,direct_ctw,5,nearest,,10.0,51.0,0.917355336307068,0.5482812340435631,4.088179203277747,4.188859742807257
tol_10km_int_5min,ugthfu,markov_order_1,5,nearest,,10.0,51.0,0.8733214556306479,0.7113406726744664,4.088179203277747,4.188859742807257
tol_10km_int_5min,ugthfu,markov_order_2,5,nearest,,10.0,51.0,0.8805808237053626,0.7191601931761527,4.088179203277747,4.188859742807257
tol_10km_int_5min,ugthfu,vq_ctw,5,nearest,256.0,10.0,51.0,1.0,0.0,8.323528590357672,8.323528590357672
tol_10km_int_5min,ugthfu,vq_ctw,5,nearest,512.0,10.0,51.0,1.0,0.0,9.503567294768084,9.503567294768084
tol_10km_int_5min,ugthfu,vq_ctw,5,nearest,1024.0,10.0,51.0,1.0,0.0,8.834235285359151,8.834235285359151
tol_10km_int_5min,ujhuki,direct_ctw,5,nearest,,10.0,128.0,0.9006885195701728,0.5599541498579046,4.846020796012664,4.9549248483325865
tol_10km_int_5min,ujhuki,markov_order_1,5,nearest,,10.0,128.0,0.8242076355935972,0.8589403314812352,4.846020796012664,4.9549248483325865
tol_10km_int_5min,ujhuki,markov_order_2,5,nearest,,10.0,128.0,0.8155643066401749,0.8784488491046583,4.846020796012664,4.9549248483325865
tol_10km_int_5min,ujhuki,vq_ctw,5,nearest,256.0,10.0,128.0,1.0,0.0,8.370130925892903,8.370130925892903
tol_10km_int_5min,ujhuki,vq_ctw,5,nearest,512.0,10.0,128.0,1.0,0.0,9.545584029423674,9.545584029423674
tol_10km_int_5min,ujhuki,vq_ctw,5,nearest,1024.0,10.0,128.0,1.0,0.0,8.902552870549087,8.902552870549087
tol_10km_int_5min,ujkiwe,direct_ctw,5,nearest,,10.0,117.0,0.9279379872010286,0.5773380756471883,4.623244957014718,4.721742826218023
tol_10km_int_5min,ujkiwe,markov_order_1,5,nearest,,10.0,117.0,0.8561793377780207,0.8508655534888081,4.623244957014718,4.721742826218023
tol_10km_int_5min,ujkiwe,markov_order_2,5,nearest,,10.0,117.0,0.8593536297941918,0.8525225712322575,4.623244957014718,4.721742826218023
tol_10km_int_5min,ujkiwe,vq_ctw,5,nearest,256.0,10.0,117.0,1.0,0.0,7.813843104877802,7.813843104877802
tol_10km_int_5min,ujkiwe,vq_ctw,5,nearest,512.0,10.0,117.0,1.0,0.0,9.181145528218693,9.181145528218693
tol_10km_int_5min,ujkiwe,vq_ctw,5,nearest,1024.0,10.0,117.0,1.0,0.0,8.699238052575257,8.699238052575257
tol_10km_int_5min,ujnaww,direct_ctw,5,nearest,,10.0,137.0,0.9802852311368396,0.3738987430533986,4.176751629210853,4.263197676472788
tol_10km_int_5min,ujnaww,markov_order_1,5,nearest,,10.0,137.0,0.9736631765244254,0.4496221448467511,4.176751629210853,4.263197676472788
tol_10km_int_5min,ujnaww,markov_order_2,5,nearest,,10.0,137.0,0.9701630692446236,0.4209634872938538,4.176751629210853,4.263197676472788
tol_10km_int_5min,ujnaww,vq_ctw,5,nearest,256.0,10.0,137.0,1.0,0.0,7.652299486642515,7.652299486642515
tol_10km_int_5min,ujnaww,vq_ctw,5,nearest,512.0,10.0,137.0,1.0,0.0,8.691934146298312,8.691934146298312
tol_10km_int_5min,ujnaww,vq_ctw,5,nearest,1024.0,10.0,137.0,1.0,0.0,7.976869936395224,7.976869936395224
tol_10km_int_5min,ujtosh,direct_ctw,5,nearest,,10.0,57.0,0.9292536662530804,0.5371439634608136,4.525901869383752,4.604549482053974
tol_10km_int_5min,ujtosh,markov_order_1,5,nearest,,10.0,57.0,0.8745087108027302,0.7825743359484287,4.525901869383752,4.604549482053974
tol_10km_int_5min,ujtosh,markov_order_2,5,nearest,,10.0,57.0,0.8701372386758938,0.7957825080945541,4.525901869383752,4.604549482053974
tol_10km_int_5min,ujtosh,vq_ctw,5,nearest,256.0,10.0,57.0,1.0,0.0,8.894526987441242,8.894526987441242
tol_10km_int_5min,ujtosh,vq_ctw,5,nearest,512.0,10.0,57.0,1.0,0.0,9.365495597326635,9.365495597326635
tol_10km_int_5min,ujtosh,vq_ctw,5,nearest,1024.0,10.0,57.0,1.0,0.0,9.47741318336996,9.47741318336996
tol_10km_int_5min,ujtrud,direct_ctw,5,nearest,,10.0,62.0,0.912096839110728,0.6311541948770341,4.478529499090598,4.55978749388333
tol_10km_int_5min,ujtrud,markov_order_1,5,nearest,,10.0,62.0,0.8470810430083047,0.8976587469522552,4.478529499090598,4.55978749388333
tol_10km_int_5min,ujtrud,markov_order_2,5,nearest,,10.0,62.0,0.8235650783256795,0.9873065789311471,4.478529499090598,4.55978749388333
tol_10km_int_5min,ujtrud,vq_ctw,5,nearest,256.0,10.0,62.0,1.0,0.0,7.833649966587989,7.833649966587989
tol_10km_int_5min,ujtrud,vq_ctw,5,nearest,512.0,10.0,62.0,1.0,0.0,9.210372048928798,9.210372048928798
tol_10km_int_5min,ujtrud,vq_ctw,5,nearest,1024.0,10.0,62.0,1.0,0.0,8.108043712925026,8.108043712925026
tol_10km_int_5min,ukgoaf,direct_ctw,5,nearest,,10.0,93.0,0.9531599827088324,0.5045833294873262,4.258140452150754,4.355170725295401
tol_10km_int_5min,ukgoaf,markov_order_1,5,nearest,,10.0,93.0,0.932849462053122,0.5904799403982064,4.258140452150754,4.355170725295401
tol_10km_int_5min,ukgoaf,markov_order_2,5,nearest,,10.0,93.0,0.9293579810161848,0.6194354650818699,4.258140452150754,4.355170725295401
tol_10km_int_5min,ukgoaf,vq_ctw,5,nearest,256.0,10.0,93.0,1.0,0.0,7.825748769449785,7.825748769449785
tol_10km_int_5min,ukgoaf,vq_ctw,5,nearest,512.0,10.0,93.0,1.0,0.0,8.538981499635808,8.538981499635808
tol_10km_int_5min,ukgoaf,vq_ctw,5,nearest,1024.0,10.0,93.0,1.0,0.0,8.326762300026438,8.326762300026438
tol_10km_int_5min,uklsdr,direct_ctw,5,nearest,,10.0,258.0,0.9253098935104648,0.5991165656331563,4.749386085613172,4.8396203364917305
tol_10km_int_5min,uklsdr,markov_order_1,5,nearest,,10.0,258.0,0.8707809353231803,0.8470860499847133,4.749386085613172,4.8396203364917305
tol_10km_int_5min,uklsdr,markov_order_2,5,nearest,,10.0,258.0,0.8678528923552057,0.8535055362838107,4.749386085613172,4.8396203364917305
tol_10km_int_5min,uklsdr,vq_ctw,5,nearest,256.0,10.0,258.0,1.0,0.0,8.45147284022756,8.45147284022756
tol_10km_int_5min,uklsdr,vq_ctw,5,nearest,512.0,10.0,258.0,1.0,0.0,9.236878761348573,9.236878761348573
tol_10km_int_5min,uklsdr,vq_ctw,5,nearest,1024.0,10.0,258.0,1.0,0.0,8.895240051564429,8.895240051564429
tol_10km_int_5min,uljior,direct_ctw,5,nearest,,10.0,73.0,0.9461823526852612,0.4189171398409584,4.670097733804789,4.747876146631077
tol_10km_int_5min,uljior,markov_order_1,5,nearest,,10.0,73.0,0.916303942174602,0.5226786574728115,4.670097733804789,4.747876146631077
tol_10km_int_5min,uljior,markov_order_2,5,nearest,,10.0,73.0,0.900970351342534,0.5650055147760007,4.670097733804789,4.747876146631077
tol_10km_int_5min,uljior,vq_ctw,5,nearest,256.0,10.0,73.0,1.0,0.0,8.414173985522423,8.414173985522423
tol_10km_int_5min,uljior,vq_ctw,5,nearest,512.0,10.0,73.0,1.0,0.0,8.987347637320775,8.987347637320775
tol_10km_int_5min,uljior,vq_ctw,5,nearest,1024.0,10.0,73.0,1.0,0.0,9.226985986189506,9.226985986189506
tol_10km_int_5min,umhenw,direct_ctw,5,nearest,,10.0,33.0,0.8210667942601863,0.903907653342099,5.081288813882204,5.141840149264837
tol_10km_int_5min,umhenw,markov_order_1,5,nearest,,10.0,33.0,0.7205820713720501,1.3620937230216024,5.081288813882204,5.141840149264837
tol_10km_int_5min,umhenw,markov_order_2,5,nearest,,10.0,33.0,0.6984305926206588,1.3520497653318726,5.081288813882204,5.141840149264837
tol_10km_int_5min,umhenw,vq_ctw,5,nearest,256.0,10.0,33.0,1.0,0.0,8.870988224697319,8.870988224697319
tol_10km_int_5min,umhenw,vq_ctw,5,nearest,512.0,10.0,33.0,1.0,0.0,10.478677768264587,10.478677768264587
tol_10km_int_5min,umhenw,vq_ctw,5,nearest,1024.0,10.0,33.0,1.0,0.0,9.251284570724394,9.251284570724394
tol_10km_int_5min,umsmth,direct_ctw,5,nearest,,10.0,72.0,0.9515590880325198,0.5423316421708994,4.348198407798985,4.430811058875175
tol_10km_int_5min,umsmth,markov_order_1,5,nearest,,10.0,72.0,0.8829089386610269,0.8090307498459655,4.348198407798985,4.430811058875175
tol_10km_int_5min,umsmth,markov_order_2,5,nearest,,10.0,72.0,0.8942355843681143,0.7951816805771244,4.348198407798985,4.430811058875175
tol_10km_int_5min,umsmth,vq_ctw,5,nearest,256.0,10.0,72.0,1.0,0.0,7.909716855242428,7.909716855242428
tol_10km_int_5min,umsmth,vq_ctw,5,nearest,512.0,10.0,72.0,1.0,0.0,9.471642922671808,9.471642922671808
tol_10km_int_5min,umsmth,vq_ctw,5,nearest,1024.0,10.0,72.0,1.0,0.0,8.246205818057478,8.246205818057478
tol_10km_int_5min,umvohu,direct_ctw,5,nearest,,10.0,149.0,0.9204321605650664,0.5599737933280137,4.451599074748369,4.54075112867648
tol_10km_int_5min,umvohu,markov_order_1,5,nearest,,10.0,149.0,0.869478175735815,0.7559569159358593,4.451599074748369,4.54075112867648
tol_10km_int_5min,umvohu,markov_order_2,5,nearest,,10.0,149.0,0.8652081201545143,0.7534060772445644,4.451599074748369,4.54075112867648
tol_10km_int_5min,umvohu,vq_ctw,5,nearest,256.0,10.0,149.0,1.0,0.0,8.090694954821327,8.090694954821327
tol_10km_int_5min,umvohu,vq_ctw,5,nearest,512.0,10.0,149.0,1.0,0.0,9.227971873100696,9.227971873100696
tol_10km_int_5min,umvohu,vq_ctw,5,nearest,1024.0,10.0,149.0,1.0,0.0,8.766668273371014,8.766668273371014
tol_10km_int_5min,unquek,direct_ctw,5,nearest,,10.0,71.0,0.930968123572874,0.575756558663164,4.230928178708849,4.304936900728293
tol_10km_int_5min,unquek,markov_order_1,5,nearest,,10.0,71.0,0.921147777338534,0.6133218142123552,4.230928178708849,4.304936900728293
tol_10km_int_5min,unquek,markov_order_2,5,nearest,,10.0,71.0,0.9146055357466852,0.64897934985647,4.230928178708849,4.304936900728293
tol_10km_int_5min,unquek,vq_ctw,5,nearest,256.0,10.0,71.0,1.0,0.0,7.671082099062572,7.671082099062572
tol_10km_int_5min,unquek,vq_ctw,5,nearest,512.0,10.0,71.0,1.0,0.0,9.158485558529312,9.158485558529312
tol_10km_int_5min,unquek,vq_ctw,5,nearest,1024.0,10.0,71.0,1.0,0.0,8.271025234257483,8.271025234257483
tol_10km_int_5min,upchim,direct_ctw,5,nearest,,10.0,139.0,0.9472901423819152,0.5912803997407456,4.435298487780633,4.530351103938697
tol_10km_int_5min,upchim,markov_order_1,5,nearest,,10.0,139.0,0.9340890822105552,0.7271614429911923,4.435298487780633,4.530351103938697
tol_10km_int_5min,upchim,markov_order_2,5,nearest,,10.0,139.0,0.9323869684098964,0.7104524246038056,4.435298487780633,4.530351103938697
tol_10km_int_5min,upchim,vq_ctw,5,nearest,256.0,10.0,139.0,1.0,0.0,7.4433283033093245,7.4433283033093245
tol_10km_int_5min,upchim,vq_ctw,5,nearest,512.0,10.0,139.0,1.0,0.0,9.169358839612409,9.169358839612409
tol_10km_int_5min,upchim,vq_ctw,5,nearest,1024.0,10.0,139.0,1.0,0.0,8.056073273555338,8.056073273555338
tol_10km_int_5min,upsjav,direct_ctw,5,nearest,,10.0,240.0,0.9711734132223896,0.4435422063674865,4.194178672803437,4.298540492892744
tol_10km_int_5min,upsjav,markov_order_1,5,nearest,,10.0,240.0,0.9471546070106126,0.5752291948391857,4.194178672803437,4.298540492892744
tol_10km_int_5min,upsjav,markov_order_2,5,nearest,,10.0,240.0,0.9448519242630768,0.5824888239284601,4.194178672803437,4.298540492892744
tol_10km_int_5min,upsjav,vq_ctw,5,nearest,256.0,10.0,240.0,1.0,0.0,7.533837770248573,7.533837770248573
tol_10km_int_5min,upsjav,vq_ctw,5,nearest,512.0,10.0,240.0,1.0,0.0,8.83495450269225,8.83495450269225
tol_10km_int_5min,upsjav,vq_ctw,5,nearest,1024.0,10.0,240.0,1.0,0.0,8.006946704839846,8.006946704839846
tol_10km_int_5min,urfhod,direct_ctw,5,nearest,,10.0,114.0,0.9553619021138432,0.5692859023492217,4.540981819141337,4.646705993974157
tol_10km_int_5min,urfhod,markov_order_1,5,nearest,,10.0,114.0,0.9195268279102704,0.7510743077719411,4.540981819141337,4.646705993974157
tol_10km_int_5min,urfhod,markov_order_2,5,nearest,,10.0,114.0,0.9203759701142176,0.7349216673588606,4.540981819141337,4.646705993974157
tol_10km_int_5min,urfhod,vq_ctw,5,nearest,256.0,10.0,114.0,1.0,0.0,8.491999354368508,8.491999354368508
tol_10km_int_5min,urfhod,vq_ctw,5,nearest,512.0,10.0,114.0,1.0,0.0,9.217803567818802,9.217803567818802
tol_10km_int_5min,urfhod,vq_ctw,5,nearest,1024.0,10.0,114.0,1.0,0.0,8.765242210997481,8.765242210997481
tol_10km_int_5min,usbekh,direct_ctw,5,nearest,,10.0,17.0,0.9016921076391706,0.6194229974627457,4.683889769555313,4.832333868517626
tol_10km_int_5min,usbekh,markov_order_1,5,nearest,,10.0,17.0,0.7394291613013352,1.240601562950723,4.683889769555313,4.832333868517626
tol_10km_int_5min,usbekh,markov_order_2,5,nearest,,10.0,17.0,0.7432701941574714,1.228678515424816,4.683889769555313,4.832333868517626
tol_10km_int_5min,usbekh,vq_ctw,5,nearest,256.0,10.0,17.0,1.0,0.0,8.94386446364416,8.94386446364416
tol_10km_int_5min,usbekh,vq_ctw,5,nearest,512.0,10.0,17.0,1.0,0.0,8.991384674213432,8.991384674213432
tol_10km_int_5min,usbekh,vq_ctw,5,nearest,1024.0,10.0,17.0,1.0,0.0,8.622955632834092,8.622955632834092
tol_10km_int_5min,ushfeo,direct_ctw,5,nearest,,10.0,86.0,0.9394269378354948,0.4133952165895493,3.995548915066337,4.089937963545936
tol_10km_int_5min,ushfeo,markov_order_1,5,nearest,,10.0,86.0,0.908835213587321,0.5205524020638094,3.995548915066337,4.089937963545936
tol_10km_int_5min,ushfeo,markov_order_2,5,nearest,,10.0,86.0,0.8996453070139399,0.5450544235544095,3.995548915066337,4.089937963545936
tol_10km_int_5min,ushfeo,vq_ctw,5,nearest,256.0,10.0,86.0,1.0,0.0,7.852035277314395,7.852035277314395
tol_10km_int_5min,ushfeo,vq_ctw,5,nearest,512.0,10.0,86.0,1.0,0.0,8.391657362562693,8.391657362562693
tol_10km_int_5min,ushfeo,vq_ctw,5,nearest,1024.0,10.0,86.0,1.0,0.0,8.228406478490962,8.228406478490962
tol_10km_int_5min,uthomo,direct_ctw,5,nearest,,10.0,69.0,0.9175625537622396,0.4740988146506064,4.438895962700394,4.5303956487557056
tol_10km_int_5min,uthomo,markov_order_1,5,nearest,,10.0,69.0,0.8722948003774511,0.643167665676036,4.438895962700394,4.5303956487557056
tol_10km_int_5min,uthomo,markov_order_2,5,nearest,,10.0,69.0,0.8752707556387677,0.6309265729942446,4.438895962700394,4.5303956487557056
tol_10km_int_5min,uthomo,vq_ctw,5,nearest,256.0,10.0,69.0,1.0,0.0,8.512034364522831,8.512034364522831
tol_10km_int_5min,uthomo,vq_ctw,5,nearest,512.0,10.0,69.0,1.0,0.0,9.387056240310365,9.387056240310365
tol_10km_int_5min,uthomo,vq_ctw,5,nearest,1024.0,10.0,69.0,1.0,0.0,9.100380359599924,9.100380359599924
tol_10km_int_5min,uthsyi,direct_ctw,5,nearest,,10.0,52.0,0.963442681095057,0.2263564880232927,3.835144803444855,3.9046566040756328
tol_10km_int_5min,uthsyi,markov_order_1,5,nearest,,10.0,52.0,0.931592831190896,0.3566649221173045,3.835144803444855,3.9046566040756328
tol_10km_int_5min,uthsyi,markov_order_2,5,nearest,,10.0,52.0,0.9241861172193112,0.3826748979550439,3.835144803444855,3.9046566040756328
tol_10km_int_5min,uthsyi,vq_ctw,5,nearest,256.0,10.0,52.0,1.0,0.0,7.978313580656988,7.978313580656988
tol_10km_int_5min,uthsyi,vq_ctw,5,nearest,512.0,10.0,52.0,1.0,0.0,8.231550782144382,8.231550782144382
tol_10km_int_5min,uthsyi,vq_ctw,5,nearest,1024.0,10.0,52.0,1.0,0.0,8.223088727571666,8.223088727571666
tol_10km_int_5min,utjanr,direct_ctw,5,nearest,,10.0,169.0,0.9436034928162432,0.4457141441616931,4.381925110331539,4.496918824437065
tol_10km_int_5min,utjanr,markov_order_1,5,nearest,,10.0,169.0,0.905522736975382,0.6204033648263396,4.381925110331539,4.496918824437065
tol_10km_int_5min,utjanr,markov_order_2,5,nearest,,10.0,169.0,0.8944502870871143,0.6705758267725497,4.381925110331539,4.496918824437065
tol_10km_int_5min,utjanr,vq_ctw,5,nearest,256.0,10.0,169.0,1.0,0.0,8.086394610820768,8.086394610820768
tol_10km_int_5min,utjanr,vq_ctw,5,nearest,512.0,10.0,169.0,1.0,0.0,8.821329090563992,8.821329090563992
tol_10km_int_5min,utjanr,vq_ctw,5,nearest,1024.0,10.0,169.0,1.0,0.0,8.555559546982378,8.555559546982378
tol_10km_int_5min,utkibe,direct_ctw,5,nearest,,10.0,72.0,0.966263391360554,0.3500060358943826,4.675077927453754,4.740066389530125
tol_10km_int_5min,utkibe,markov_order_1,5,nearest,,10.0,72.0,0.9501021606379888,0.4351964629324306,4.675077927453754,4.740066389530125
tol_10km_int_5min,utkibe,markov_order_2,5,nearest,,10.0,72.0,0.9400728929363976,0.4688691975012495,4.675077927453754,4.740066389530125
tol_10km_int_5min,utkibe,vq_ctw,5,nearest,256.0,10.0,72.0,1.0,0.0,8.30429455817077,8.30429455817077
tol_10km_int_5min,utkibe,vq_ctw,5,nearest,512.0,10.0,72.0,1.0,0.0,8.930700759355911,8.930700759355911
tol_10km_int_5min,utkibe,vq_ctw,5,nearest,1024.0,10.0,72.0,1.0,0.0,9.3166506916172,9.3166506916172
tol_10km_int_5min,utlurv,direct_ctw,5,nearest,,10.0,162.0,0.935992210075338,0.642858843466941,4.423387922039491,4.493811137203333
tol_10km_int_5min,utlurv,markov_order_1,5,nearest,,10.0,162.0,0.8873277900456014,0.8407967399765485,4.423387922039491,4.493811137203333
tol_10km_int_5min,utlurv,markov_order_2,5,nearest,,10.0,162.0,0.8958742748767644,0.8034030545356353,4.423387922039491,4.493811137203333
tol_10km_int_5min,utlurv,vq_ctw,5,nearest,256.0,10.0,162.0,1.0,0.0,8.321571609802994,8.321571609802994
tol_10km_int_5min,utlurv,vq_ctw,5,nearest,512.0,10.0,162.0,1.0,0.0,9.591592852417856,9.591592852417856
tol_10km_int_5min,utlurv,vq_ctw,5,nearest,1024.0,10.0,162.0,1.0,0.0,8.77099732203457,8.77099732203457
tol_10km_int_5min,uttorh,direct_ctw,5,nearest,,10.0,196.0,0.9221818966015912,0.6100100764668214,4.469745623046551,4.567448947998555
tol_10km_int_5min,uttorh,markov_order_1,5,nearest,,10.0,196.0,0.8680024794615191,0.8575708361266824,4.469745623046551,4.567448947998555
tol_10km_int_5min,uttorh,markov_order_2,5,nearest,,10.0,196.0,0.8614731191228071,0.8782309278240257,4.469745623046551,4.567448947998555
tol_10km_int_5min,uttorh,vq_ctw,5,nearest,256.0,10.0,196.0,1.0,0.0,8.602189647437909,8.602189647437909
tol_10km_int_5min,uttorh,vq_ctw,5,nearest,512.0,10.0,196.0,1.0,0.0,9.533404304262366,9.533404304262366
tol_10km_int_5min,uttorh,vq_ctw,5,nearest,1024.0,10.0,196.0,1.0,0.0,9.034736193638242,9.034736193638242
tol_10km_int_5min,utvoho,direct_ctw,5,nearest,,10.0,16.0,1.0,0.0,3.946154467528188,3.9971460120703
tol_10km_int_5min,utvoho,markov_order_1,5,nearest,,10.0,16.0,1.0,0.0,3.946154467528188,3.9971460120703
tol_10km_int_5min,utvoho,markov_order_2,5,nearest,,10.0,16.0,1.0,0.0,3.946154467528188,3.9971460120703
tol_10km_int_5min,utvoho,vq_ctw,5,nearest,256.0,10.0,16.0,1.0,0.0,7.687059420854579,7.687059420854579
tol_10km_int_5min,utvoho,vq_ctw,5,nearest,512.0,10.0,16.0,1.0,0.0,8.696839423865894,8.696839423865894
tol_10km_int_5min,utvoho,vq_ctw,5,nearest,1024.0,10.0,16.0,1.0,0.0,8.074646221005034,8.074646221005034
tol_10km_int_5min,utwoab,direct_ctw,5,nearest,,10.0,209.0,0.9294625516965505,0.5716832987192771,4.42170961698405,4.51427873472815
tol_10km_int_5min,utwoab,markov_order_1,5,nearest,,10.0,209.0,0.8842577930192553,0.761155999185052,4.42170961698405,4.51427873472815
tol_10km_int_5min,utwoab,markov_order_2,5,nearest,,10.0,209.0,0.8749190882191924,0.7939376029045622,4.42170961698405,4.51427873472815
tol_10km_int_5min,utwoab,vq_ctw,5,nearest,256.0,10.0,209.0,1.0,0.0,8.42843241661731,8.42843241661731
tol_10km_int_5min,utwoab,vq_ctw,5,nearest,512.0,10.0,209.0,1.0,0.0,9.658017569498172,9.658017569498172
tol_10km_int_5min,utwoab,vq_ctw,5,nearest,1024.0,10.0,209.0,1.0,0.0,8.693462780758374,8.693462780758374
tol_10km_int_5min,uvburk,direct_ctw,5,nearest,,10.0,23.0,1.0,0.0,3.679911456826578,3.7279722620949873
tol_10km_int_5min,uvburk,markov_order_1,5,nearest,,10.0,23.0,1.0,0.0,3.679911456826578,3.7279722620949873
tol_10km_int_5min,uvburk,markov_order_2,5,nearest,,10.0,23.0,1.0,0.0,3.679911456826578,3.7279722620949873
tol_10km_int_5min,uvburk,vq_ctw,5,nearest,256.0,10.0,23.0,1.0,0.0,7.178099331043866,7.178099331043866
tol_10km_int_5min,uvburk,vq_ctw,5,nearest,512.0,10.0,23.0,1.0,0.0,8.241479490704883,8.241479490704883
tol_10km_int_5min,uvburk,vq_ctw,5,nearest,1024.0,10.0,23.0,1.0,0.0,7.526322901837887,7.526322901837887
tol_10km_int_5min,uvigch,direct_ctw,5,nearest,,10.0,131.0,0.9814205908892144,0.3811551176638463,4.364885831153548,4.448298781914509
tol_10km_int_5min,uvigch,markov_order_1,5,nearest,,10.0,131.0,0.9744540512057396,0.4586292530190856,4.364885831153548,4.448298781914509
tol_10km_int_5min,uvigch,markov_order_2,5,nearest,,10.0,131.0,0.9730697429248784,0.4854974090447611,4.364885831153548,4.448298781914509
tol_10km_int_5min,uvigch,vq_ctw,5,nearest,256.0,10.0,131.0,1.0,0.0,7.9736560784207775,7.9736560784207775
tol_10km_int_5min,uvigch,vq_ctw,5,nearest,512.0,10.0,131.0,1.0,0.0,8.98775206683577,8.98775206683577
tol_10km_int_5min,uvigch,vq_ctw,5,nearest,1024.0,10.0,131.0,1.0,0.0,8.36193153356629,8.36193153356629
tol_10km_int_5min,uvjeah,direct_ctw,5,nearest,,10.0,19.0,0.8708540340296027,0.6842372988938588,4.874135613719452,5.073607784412339
tol_10km_int_5min,uvjeah,markov_order_1,5,nearest,,10.0,19.0,0.7729078048136215,1.0472647770727366,4.874135613719452,5.073607784412339
tol_10km_int_5min,uvjeah,markov_order_2,5,nearest,,10.0,19.0,0.7741217660945015,0.9966348827639075,4.874135613719452,5.073607784412339
tol_10km_int_5min,uvjeah,vq_ctw,5,nearest,256.0,10.0,19.0,1.0,0.0,8.040433731502485,8.040433731502485
tol_10km_int_5min,uvjeah,vq_ctw,5,nearest,512.0,10.0,19.0,1.0,0.0,9.461844340175888,9.461844340175888
tol_10km_int_5min,uvjeah,vq_ctw,5,nearest,1024.0,10.0,19.0,1.0,0.0,9.040000543742035,9.040000543742035
tol_10km_int_5min,uvjova,direct_ctw,5,nearest,,10.0,50.0,0.9999999999987016,0.1659714547708793,3.815723777252156,3.871041713445297
tol_10km_int_5min,uvjova,markov_order_1,5,nearest,,10.0,50.0,0.9999999999987016,0.1956758111269536,3.815723777252156,3.871041713445297
tol_10km_int_5min,uvjova,markov_order_2,5,nearest,,10.0,50.0,0.9999999999987016,0.2074909241371671,3.815723777252156,3.871041713445297
tol_10km_int_5min,uvjova,vq_ctw,5,nearest,256.0,10.0,50.0,1.0,0.0,6.784079291499718,6.784079291499718
tol_10km_int_5min,uvjova,vq_ctw,5,nearest,512.0,10.0,50.0,1.0,0.0,8.04901509905798,8.04901509905798
tol_10km_int_5min,uvjova,vq_ctw,5,nearest,1024.0,10.0,50.0,1.0,0.0,7.3325736102042045,7.3325736102042045
tol_10km_int_5min,uvreoi,direct_ctw,5,nearest,,10.0,113.0,0.9595509229697836,0.503106440542572,4.344667891247468,4.442216519690546
tol_10km_int_5min,uvreoi,markov_order_1,5,nearest,,10.0,113.0,0.9496851393965678,0.6036469707515988,4.344667891247468,4.442216519690546
tol_10km_int_5min,uvreoi,markov_order_2,5,nearest,,10.0,113.0,0.949033333511907,0.5629632154374983,4.344667891247468,4.442216519690546
tol_10km_int_5min,uvreoi,vq_ctw,5,nearest,256.0,10.0,113.0,1.0,0.0,7.959739466398668,7.959739466398668
tol_10km_int_5min,uvreoi,vq_ctw,5,nearest,512.0,10.0,113.0,1.0,0.0,8.977485059037136,8.977485059037136
tol_10km_int_5min,uvreoi,vq_ctw,5,nearest,1024.0,10.0,113.0,1.0,0.0,8.78051672497494,8.78051672497494
