user_id,sample_interval_min,interpolation_method,tolerance_km,predictability_direct_ctw,predictability_markov_order_1,predictability_markov_order_2,predictability_vq_ctw_K1024,predictability_vq_ctw_K256,predictability_vq_ctw_K512,entropy_rate_bits_direct_ctw,entropy_rate_bits_markov_order_1,entropy_rate_bits_markov_order_2,entropy_rate_bits_vq_ctw_K1024,entropy_rate_bits_vq_ctw_K256,entropy_rate_bits_vq_ctw_K512
abboip,15,linear,10.0,0.8799112055559495,0.8594102945055144,0.8586036139451712,1.0,1.0,1.0,0.9102885202048585,1.0314399385983775,1.0361001101409797,0.0,0.0,0.0
abboip,15,nearest,10.0,0.8315359574946164,0.7304123513318511,0.7352633215266323,1.0,1.0,1.0,0.9123968028836679,1.2691994094508907,1.239690222155293,0.0,0.0,0.0
abcoij,15,linear,10.0,0.9895947305039255,0.9876172499197561,0.9878197316128783,1.0,1.0,1.0,0.09995996339758773,0.11583087695445517,0.11422833177327787,0.0,0.0,0.0
abdrem,15,linear,10.0,0.8303909382950891,0.7910334345063893,0.782204217073176,1.0,1.0,1.0,1.350080432865732,1.5936457900837242,1.6463543640241818,0.0,0.0,0.0
abgibo,15,linear,10.0,0.8466580285159923,0.8190925157971818,0.8087382482475014,1.0,1.0,1.0,1.1855735045181792,1.3514955030048068,1.411856080143316,0.0,0.0,0.0
abgibo,15,nearest,10.0,0.8394535753864997,0.6844453937153514,0.6992237735025898,1.0,1.0,1.0,0.938908992799345,1.4998793766077239,1.447301052286263,0.0,0.0,0.0
abjool,15,linear,10.0,0.9630608320867229,0.9479362425036152,0.9492171679730856,1.0,1.0,1.0,0.3451723139510664,0.46013800229718643,0.45069087892295734,0.0,0.0,0.0
abjool,15,nearest,10.0,0.8178633180335314,0.6678098829456579,0.6824336822391411,1.0,1.0,1.0,1.0117468571421517,1.5146424587659897,1.4750328540113107,0.0,0.0,0.0
abmuya,15,linear,10.0,0.8664056019326329,0.8432381190643766,0.8401506062648441,1.0,1.0,1.0,1.0293747556060528,1.1688133658618627,1.1869371817784224,0.0,0.0,0.0
abmuya,15,nearest,10.0,0.8274181170056115,0.7002375236303673,0.7095001867285259,1.0,1.0,1.0,0.9492860845578163,1.4101701160934441,1.3830005896242608,0.0,0.0,0.0
abniar,15,linear,10.0,0.8539429499353188,0.8236148739809217,0.8118870520550574,1.0,1.0,1.0,1.196887234239682,1.3930724985192946,1.4664118448062844,0.0,0.0,0.0
abniar,15,nearest,10.0,0.8351201812069251,0.7372856398706135,0.7346677890458059,1.0,1.0,1.0,0.9198296120363995,1.2635738727436387,1.274303346566806,0.0,0.0,0.0
abnovk,15,linear,10.0,0.8830261513059283,0.8578084092871114,0.8541994388790237,1.0,1.0,1.0,0.9399461328424723,1.0997012589963424,1.1219201996529091,0.0,0.0,0.0
abnovk,15,nearest,10.0,0.8207426921908451,0.6877346462439513,0.6998883240280603,1.0,1.0,1.0,0.9968312141346379,1.4389353107531917,1.4119541948181846,0.0,0.0,0.0
abtyff,15,linear,10.0,0.8661162439086136,0.8449583365575031,0.8425168556852867,1.0,1.0,1.0,1.0127462118249024,1.1373518234505313,1.151401974325057,0.0,0.0,0.0
abtyff,15,nearest,10.0,0.8096920014352864,0.5690592693862055,0.5981263265710224,1.0,1.0,1.0,1.0827313216556274,1.8480764191080494,1.775783423835045,0.0,0.0,0.0
abwecn,15,linear,10.0,0.8878252652058538,0.8655819700790708,0.8572415503142241,1.0,1.0,1.0,0.9446953827175302,1.09458787347552,1.1491592475638435,0.0,0.0,0.0
abwecn,15,nearest,10.0,0.8799912351234201,0.8108938678627204,0.7961969060118905,1.0,1.0,1.0,0.7195954512378062,0.9993239361163645,1.0524896435811455,0.0,0.0,0.0
abyalw,15,linear,10.0,0.8796238189963017,0.8557556096631904,0.8650238726979271,1.0,1.0,1.0,0.8416091340324786,0.9681137947015872,0.9198372114006873,0.0,0.0,0.0
abyalw,15,nearest,10.0,0.8201441494564169,0.743548407135754,0.7399863358354999,1.0,1.0,1.0,0.9316755149190968,1.245371838496241,1.254372765870649,0.0,0.0,0.0
acdiyi,15,linear,10.0,0.9019706782411195,0.8804668594959033,0.8736709485230479,1.0,1.0,1.0,0.8141488234810079,0.9565392279168867,1.0001688603767178,0.0,0.0,0.0
acdiyi,15,nearest,10.0,0.8168378341231142,0.6811503564618959,0.6775405083960511,1.0,1.0,1.0,0.9766170418456763,1.4042772904010288,1.4180238004265757,0.0,0.0,0.0
acduou,15,linear,10.0,0.8754550715959106,0.8514117913430048,0.8465360537804717,1.0,1.0,1.0,1.003156528247871,1.1561376995807273,1.1863254529441145,0.0,0.0,0.0
acduou,15,nearest,10.0,0.8060404733602254,0.6494894217196938,0.6615952772812446,1.0,1.0,1.0,1.036276081182509,1.5312874609419316,1.498815009661606,0.0,0.0,0.0
acgerl,15,linear,10.0,0.8942517896349573,0.8726429269001352,0.8663152579967522,1.0,1.0,1.0,0.8527852451698619,0.9907282235658594,1.0299309176487186,0.0,0.0,0.0
acgerl,15,nearest,10.0,0.9042453742577992,0.8667357098885928,0.8420141966773808,1.0,1.0,1.0,0.551146388610957,0.6995873197453373,0.7874549112299267,0.0,0.0,0.0
acitva,15,linear,10.0,0.8790726115977727,0.8538824335839507,0.8459861143485243,1.0,1.0,1.0,0.9795052638150847,1.140737866464359,1.1897136633029675,0.0,0.0,0.0
acitva,15,nearest,10.0,0.8629263180766447,0.8086777391138833,0.7857175571838267,1.0,1.0,1.0,0.7135971226531751,0.8955516076376122,0.9638715677650445,0.0,0.0,0.0
ackgri,15,linear,10.0,0.8790990425324401,0.8363816712219525,0.8190381672459793,1.0,1.0,1.0,1.0261232779166398,1.311679739907221,1.4218514291342557,0.0,0.0,0.0
acpegh,15,linear,10.0,0.847556803287476,0.8235846818709328,0.8156253916379737,1.0,1.0,1.0,1.1624239272169985,1.3046142700278451,1.3505301711159432,0.0,0.0,0.0
acpegh,15,nearest,10.0,0.8328038470155789,0.7083243662214521,0.7127757043572764,1.0,1.0,1.0,0.9563310927148512,1.387260144829977,1.3746838485334176,0.0,0.0,0.0
acvebr,15,linear,10.0,0.8699993429174231,0.8439421459909169,0.8394063091830082,1.0,1.0,1.0,1.0071683705957226,1.1646661942791048,1.1912908535157685,0.0,0.0,0.0
acvebr,15,nearest,10.0,0.8268524069948762,0.6862196778303856,0.6942967456758814,1.0,1.0,1.0,0.9788910693215099,1.4694875855833378,1.4480743563510874,0.0,0.0,0.0
adkavy,15,linear,10.0,0.8881614812700231,0.8536152300941671,0.8406679691681811,1.0,1.0,1.0,0.9966669748221982,1.2436871255650066,1.3325460179149706,0.0,0.0,0.0
adkavy,15,nearest,10.0,0.8123628829483215,0.6384469055335062,0.6468362847223734,1.0,1.0,1.0,1.0717764731439152,1.6670710159079156,1.6431892592707653,0.0,0.0,0.0
adners,15,linear,10.0,0.8433522946427228,0.8158973830280095,0.8117109420703076,1.0,1.0,1.0,1.1681411663373236,1.3258606792012018,1.3492516696684562,0.0,0.0,0.0
adners,15,nearest,10.0,0.8097702294641865,0.704993295752753,0.6875235635896385,1.0,1.0,1.0,1.0349956749362725,1.401345195819268,1.453876006632282,0.0,0.0,0.0
adpaif,15,linear,10.0,0.8536071483679029,0.8253496526151908,0.8233495849411056,1.0,1.0,1.0,1.1071753680152534,1.2724239712661773,1.2838043336272271,0.0,0.0,0.0
adpaif,15,nearest,10.0,0.8394690885823521,0.7175932223089344,0.7341440165273141,1.0,1.0,1.0,0.9052824293866513,1.3337402539523364,1.2904018955214154,0.0,0.0,0.0
aducri,15,linear,10.0,0.8779263881726083,0.8420755157706006,0.8256744762177585,1.0,1.0,1.0,1.0714782232320483,1.322975523761258,1.4331977653707022,0.0,0.0,0.0
aducri,15,nearest,10.0,0.8634136711026925,0.7998199690873089,0.7939887021828187,1.0,1.0,1.0,0.8635553595709198,1.106239171040585,1.1310441991748788,0.0,0.0,0.0
afmorc,15,linear,10.0,0.8773834777231697,0.8513610411311923,0.8439342293706829,1.0,1.0,1.0,1.0036801218770028,1.1723450638759334,1.219011776807317,0.0,0.0,0.0
afpans,15,linear,10.0,0.8459961606997596,0.8269174552690685,0.8296377148065177,1.0,1.0,1.0,1.0178640231702674,1.112119877218194,1.0989129820036105,0.0,0.0,0.0
afpans,15,nearest,10.0,0.8013369373281423,0.6531634166235115,0.6703758518428603,1.0,1.0,1.0,1.0339748865971885,1.4783360889562822,1.436596214349908,0.0,0.0,0.0
afsfat,15,linear,10.0,0.8720172604945964,0.8443686907114558,0.8355278364026728,1.0,1.0,1.0,1.0391554845615825,1.2162986906608004,1.2711057445165346,0.0,0.0,0.0
afweka,15,linear,10.0,0.8713981526372512,0.8454684781311155,0.8368589620797677,1.0,1.0,1.0,1.0432241165327605,1.2094215610962413,1.2629070726380691,0.0,0.0,0.0
afweka,15,nearest,10.0,0.835502625418223,0.7410610101931262,0.7232388403454364,1.0,1.0,1.0,0.910278821492925,1.2517097478710768,1.3109062926910775,0.0,0.0,0.0
agcowk,15,linear,10.0,0.8926777562584325,0.8711673660429222,0.8683163321686062,1.0,1.0,1.0,0.8630597872297909,0.9999156528985443,1.0175882806115133,0.0,0.0,0.0
agcowk,15,nearest,10.0,0.8242688905817268,0.7384922695526847,0.7456730584700756,1.0,1.0,1.0,0.9526139928674924,1.2650054910299258,1.2619587905983014,0.0,0.0,0.0
agdrea,15,linear,10.0,0.8488032423767735,0.8096286960347416,0.7972733884811044,1.0,1.0,1.0,1.2433062453839887,1.4960816130049246,1.572702679633234,0.0,0.0,0.0
agdrea,15,nearest,10.0,0.8066882375636175,0.7330627981499752,0.7258625864314827,1.0,1.0,1.0,0.9938565883195762,1.3654392093095604,1.3647391533713542,0.0,0.0,0.0
aggjuo,15,linear,10.0,0.8519196366243942,0.8268954860680252,0.8243313312407616,1.0,1.0,1.0,1.0744191373307592,1.2134858824788755,1.2273659466014433,0.0,0.0,0.0
aggjuo,15,nearest,10.0,0.8342269594390931,0.7158030705592348,0.7185094901724279,1.0,1.0,1.0,0.9603357478476381,1.390845047725787,1.3805357523253399,0.0,0.0,0.0
agivle,15,linear,10.0,0.8537699261207509,0.832468103442142,0.8254650354204244,1.0,1.0,1.0,1.1245544244026358,1.2526231074168008,1.2936757544878623,0.0,0.0,0.0
agivle,15,nearest,10.0,0.8197939378731657,0.7316832861261099,0.7427157392581176,1.0,1.0,1.0,0.9346230902911612,1.2860505865026466,1.2401915602545102,0.0,0.0,0.0
agjitf,15,linear,10.0,0.8479284507622968,0.8244533928221122,0.8167954897501689,1.0,1.0,1.0,1.1601709715518977,1.299565129008818,1.3438186625593571,0.0,0.0,0.0
agjitf,15,nearest,10.0,0.8331413556409067,0.7239204171306123,0.7424660307358838,1.0,1.0,1.0,0.9361314827491637,1.3221362542256119,1.2665563114925678,0.0,0.0,0.0
agsuec,15,linear,10.0,0.8622779970457517,0.8279140513034499,0.8129250586783309,1.0,1.0,1.0,1.163274795688637,1.3934630095148313,1.4899929924595579,0.0,0.0,0.0
agsuec,15,nearest,10.0,0.8281346222859909,0.6672230887446743,0.6791548588468759,1.0,1.0,1.0,0.9956411668095919,1.6071527160348167,1.552516013398823,0.0,0.0,0.0
agvexp,15,linear,10.0,0.8327275615586298,0.7930121586826824,0.7832704953028743,1.0,1.0,1.0,1.3049421927304394,1.5443643695335414,1.6008890141928793,0.0,0.0,0.0
agyamk,15,linear,10.0,0.9277851810612078,0.9057118949414034,0.8950633360647146,1.0,1.0,1.0,0.6752654666489036,0.8437975888741321,0.922029924177595,0.0,0.0,0.0
aichas,15,linear,10.0,0.886243684274769,0.8508970433315229,0.8442977914812608,1.0,1.0,1.0,0.9661684577810331,1.2040027200583185,1.2467368415039122,0.0,0.0,0.0
ailbcu,15,linear,10.0,0.892976705740817,0.8659000237232206,0.8583394202280141,1.0,1.0,1.0,0.8983471701145394,1.079142321371352,1.1279233593359979,0.0,0.0,0.0
ailbcu,15,nearest,10.0,0.8077601036709676,0.6896699957396415,0.732798001850942,1.0,1.0,1.0,0.9781362175453505,1.3326430540000669,1.2135258110196803,0.0,0.0,0.0
aimidd,15,linear,10.0,0.8781052731202804,0.8507191240780492,0.8404748023597233,1.0,1.0,1.0,1.011012148786114,1.1912618171105664,1.2564199601238673,0.0,0.0,0.0
aimidd,15,nearest,10.0,0.8394324243311037,0.7399416713616668,0.7317927618767155,1.0,1.0,1.0,0.9028049251081485,1.2640749894759282,1.2928153372766082,0.0,0.0,0.0
ainpli,15,linear,10.0,0.848478911414744,0.8183002251310427,0.8094639096810348,1.0,1.0,1.0,1.205610091538791,1.393662575070566,1.4469952325604198,0.0,0.0,0.0
ainpli,15,nearest,10.0,0.8180571842083539,0.6731880628735298,0.6910144069391622,1.0,1.0,1.0,0.9975599987257526,1.4888042896127203,1.444327385797861,0.0,0.0,0.0
aitpyg,15,linear,10.0,0.8577413363666104,0.8340676274085721,0.8275510250817022,1.0,1.0,1.0,1.0822577387405143,1.2223463361921707,1.2598518881198844,0.0,0.0,0.0
aitpyg,15,nearest,10.0,0.8227054438224917,0.666696107623622,0.7113598011973122,1.0,1.0,1.0,0.9829240224470283,1.5043942678750173,1.3795237572178167,0.0,0.0,0.0
aivtyt,15,linear,10.0,0.8697772479783332,0.8498642730694252,0.8429110470744907,1.0,1.0,1.0,1.0085454727739311,1.1295641379838914,1.170738188841453,0.0,0.0,0.0
aivtyt,15,nearest,10.0,0.8707260824011859,0.7844537508413697,0.7913568911750748,1.0,1.0,1.0,0.9179894062220427,1.2372568789038325,1.212099374423701,0.0,0.0,0.0
aiwalb,15,linear,10.0,0.8505408580524355,0.819672015494959,0.8087162678123796,1.0,1.0,1.0,1.1924056666273117,1.385315734751909,1.451473831526895,0.0,0.0,0.0
aiwalb,15,nearest,10.0,0.8025173230340864,0.6583558436394557,0.6972614021207397,1.0,1.0,1.0,1.0859901209381086,1.5552541561942186,1.446017381396429,0.0,0.0,0.0
ajixdo,15,linear,10.0,0.8700540314304693,0.8461825807455524,0.8421659363077629,1.0,1.0,1.0,0.9692089596115361,1.1069012022827618,1.1294248204895208,0.0,0.0,0.0
ajixdo,15,nearest,10.0,0.8359676210151872,0.7405636010207451,0.7367154055204466,1.0,1.0,1.0,0.8957040275468117,1.2221109153555507,1.2395053183106093,0.0,0.0,0.0
ajsips,15,linear,10.0,0.8553928703761071,0.8290682335494024,0.817897440195612,1.0,1.0,1.0,1.1611426835643919,1.327643544768664,1.3961099008856748,0.0,0.0,0.0
ajsips,15,nearest,10.0,0.8207576082345514,0.6919363614408496,0.6954843477536119,1.0,1.0,1.0,0.985909294604787,1.419818931092231,1.413337783216992,0.0,0.0,0.0
ajsned,15,linear,10.0,0.8513665512429973,0.8144622467801205,0.8026915536896325,1.0,1.0,1.0,1.2262002518419413,1.465721406692937,1.5392736390014254,0.0,0.0,0.0
ajsned,15,nearest,10.0,0.819448238363213,0.6442229897715399,0.659600848041734,1.0,1.0,1.0,1.0253740229723098,1.6248884753352681,1.5844325875665317,0.0,0.0,0.0
ajthof,15,linear,10.0,0.868971530289117,0.8435193300531361,0.8454597252123132,1.0,1.0,1.0,0.9955191907274299,1.1456408586798317,1.1344583518215363,0.0,0.0,0.0
ajthof,15,nearest,10.0,0.7952879875095187,0.6368577049246009,0.6688880972895095,1.0,1.0,1.0,1.0737753312265963,1.5647085694687077,1.4804859585927197,0.0,0.0,0.0
ajtreo,15,linear,10.0,0.8919764008598013,0.8638804763897495,0.8570573550234393,1.0,1.0,1.0,0.9260199994580505,1.1184633633344674,1.1636643352368052,0.0,0.0,0.0
ajtreo,15,nearest,10.0,0.8582202164099838,0.7659857025713928,0.7584457441111514,1.0,1.0,1.0,0.8135966335149742,1.1558476403275397,1.1804698506028557,0.0,0.0,0.0
akgicj,15,linear,10.0,0.8640319248945156,0.8354679516335293,0.8252065913395972,1.0,1.0,1.0,1.1174536732123945,1.3031704379612457,1.3677271034469072,0.0,0.0,0.0
akgicj,15,nearest,10.0,0.8553415186114125,0.7349040475106001,0.7640957670452725,1.0,1.0,1.0,0.8665318801416962,1.2891247296986608,1.2075763191528164,0.0,0.0,0.0
akvutv,15,linear,10.0,0.8673163188788678,0.843629049049236,0.8381722441693058,1.0,1.0,1.0,1.0557404852032286,1.204197871635841,1.2374981067943245,0.0,0.0,0.0
akvutv,15,nearest,10.0,0.8413906489010549,0.7171736662237729,0.7178789327372582,1.0,1.0,1.0,0.9016525200634028,1.372332815938838,1.3788822326092007,0.0,0.0,0.0
akyeer,15,linear,10.0,0.8923546162542491,0.8687759461456053,0.8571143227738636,1.0,1.0,1.0,0.9026167973399641,1.060402173923959,1.135763020633978,0.0,0.0,0.0
akyeer,15,nearest,10.0,0.8789969363734229,0.8051095954600097,0.8034707265694431,1.0,1.0,1.0,0.7198735856171135,1.0172801329557635,1.0204754727997276,0.0,0.0,0.0
aldhid,15,linear,10.0,0.9236328979887443,0.8967902971481885,0.8973918020193434,1.0,1.0,1.0,0.6718391246223478,0.8610095956191305,0.8569047292240224,0.0,0.0,0.0
aldhid,15,nearest,10.0,0.8223057740991185,0.6696607598777878,0.6999210223183117,1.0,1.0,1.0,0.9975065613667625,1.5264788337497384,1.4333528382665663,0.0,0.0,0.0
alnihi,15,linear,10.0,0.8453725404972288,0.8254680583188786,0.8254633805475208,1.0,1.0,1.0,1.0553945440681107,1.1579407804425015,1.1579643987583879,0.0,0.0,0.0
alnihi,15,nearest,10.0,0.794544853440854,0.7380638925269815,0.7516345233334526,1.0,1.0,1.0,0.9756063071713212,1.2626914689474187,1.2123650398886396,0.0,0.0,0.0
alshet,15,linear,10.0,0.8657318580655518,0.8411957680357316,0.8288093479634672,1.0,1.0,1.0,1.0658796218746502,1.219086695405955,1.2939019405266925,0.0,0.0,0.0
alshet,15,nearest,10.0,0.8474908826749341,0.7263133710944224,0.7276959464938948,1.0,1.0,1.0,0.9701991195203148,1.482185789633458,1.4770218461313083,0.0,0.0,0.0
amciuc,15,linear,10.0,0.8746754585292147,0.8505190430143823,0.8439266137422634,1.0,1.0,1.0,0.9937586337871412,1.1444234991885132,1.1843497776261962,0.0,0.0,0.0
amciuc,15,nearest,10.0,0.855149700882806,0.7511666797655803,0.7705123979263425,1.0,1.0,1.0,0.8770329923925145,1.2331576338436931,1.172638706332751,0.0,0.0,0.0
amknyw,15,linear,10.0,0.8478839198062224,0.8217910803207745,0.8127109113841582,1.0,1.0,1.0,1.1604410030995054,1.3150154057172114,1.3671902307503605,0.0,0.0,0.0
amknyw,15,nearest,10.0,0.8313705773777064,0.687892678067035,0.7125058479332321,1.0,1.0,1.0,0.9934417996521941,1.521037207282401,1.4588646910694651,0.0,0.0,0.0
amnurg,15,linear,10.0,0.9021433510343884,0.8761346021193939,0.8669693558469527,1.0,1.0,1.0,0.8347392687473489,1.0119702324975663,1.0721864182227827,0.0,0.0,0.0
amvefa,15,linear,10.0,0.9001607606761536,0.8755568920161515,0.8698021022420896,1.0,1.0,1.0,0.858546772260627,1.0281846099766834,1.066649613068923,0.0,0.0,0.0
amvefa,15,nearest,10.0,0.8254195266503564,0.6696056354758729,0.727609182638501,1.0,1.0,1.0,0.940022946738679,1.4581502557913024,1.2655097817020609,0.0,0.0,0.0
amwibs,15,linear,10.0,0.8402549719896814,0.8112664983194149,0.8063403684639765,1.0,1.0,1.0,1.1863262324374202,1.3517251557305563,1.3790169091189035,0.0,0.0,0.0
amwibs,15,nearest,10.0,0.8152316601958933,0.6913331611319214,0.7080616169092918,1.0,1.0,1.0,0.9978552805682438,1.4020163415151385,1.363874276083516,0.0,0.0,0.0
ancedv,15,linear,10.0,0.9019804321570665,0.872627394447755,0.8687764332273118,1.0,1.0,1.0,0.7567448537056841,0.932306079232568,0.9544549986103064,0.0,0.0,0.0
ancedv,15,nearest,10.0,0.8077851963165114,0.6975375891193522,0.7108405320900932,1.0,1.0,1.0,1.010734989417733,1.36367171518939,1.3259399123788111,0.0,0.0,0.0
ancorj,15,linear,10.0,0.8496575537130694,0.8154018387133932,0.8056444582756084,1.0,1.0,1.0,1.2120663987166447,1.4284261002197216,1.4879166781728517,0.0,0.0,0.0
ancycl,15,linear,10.0,0.8743753163427543,0.8418680868919621,0.8294055707222248,1.0,1.0,1.0,1.058801808270132,1.2761800271886343,1.356361167160616,0.0,0.0,0.0
ancycl,15,nearest,10.0,0.8166418815520079,0.599877549131434,0.6222501124136498,1.0,1.0,1.0,1.0794965697704066,1.8250388613715873,1.7715563705911042,0.0,0.0,0.0
andyol,15,linear,10.0,0.8597315840299498,0.8404706927824475,0.830630794399688,1.0,1.0,1.0,1.087798348645057,1.2050889021236002,1.263442002838353,0.0,0.0,0.0
andyol,15,nearest,10.0,0.8164460536086636,0.7233983912588611,0.7217114588979058,1.0,1.0,1.0,1.0056042782573689,1.3495518979121786,1.348299094518319,0.0,0.0,0.0
aniajc,15,linear,10.0,0.8405524604306731,0.8170026716245983,0.8105847656254964,1.0,1.0,1.0,1.1845841141093176,1.3196571083544764,1.3555156222440294,0.0,0.0,0.0
aniajc,15,nearest,10.0,0.8226516075084181,0.6704910156873893,0.6918718202419569,1.0,1.0,1.0,0.982819509884968,1.4904581463986661,1.4287686154493138,0.0,0.0,0.0
anidgi,15,linear,10.0,0.8494578650563486,0.8143671217251801,0.803678636147499,1.0,1.0,1.0,1.199346987748406,1.4174932037532955,1.481515619824966,0.0,0.0,0.0
anidgi,15,nearest,10.0,0.8324785105845045,0.7066514814616865,0.687797002158591,1.0,1.0,1.0,0.9849392702681802,1.4564690326733631,1.5168249618732268,0.0,0.0,0.0
ankped,15,linear,10.0,0.8607773158575643,0.8398370271891078,0.8386536781320095,1.0,1.0,1.0,1.0235249330945824,1.1424039065768536,1.148976416940092,0.0,0.0,0.0
ankped,15,nearest,10.0,0.8271958406622245,0.7255367343273423,0.7268329464415891,1.0,1.0,1.0,0.9465415916090377,1.3397495689522825,1.3080895072357082,0.0,0.0,0.0
ansyut,15,linear,10.0,0.8665570028526363,0.8386935175506144,0.8338494891934405,1.0,1.0,1.0,1.0606033387170564,1.23433084876656,1.2636525094074262,0.0,0.0,0.0
ansyut,15,nearest,10.0,0.7909058078652018,0.6090897679093906,0.6394522530023944,1.0,1.0,1.0,1.0711542036972064,1.6397885122079905,1.5145915800205787,0.0,0.0,0.0
anucks,15,linear,10.0,0.8527485653750994,0.8225714132998206,0.8186481038858795,1.0,1.0,1.0,1.1308099320968032,1.310494146602884,1.3331653226413824,0.0,0.0,0.0
anucks,15,nearest,10.0,0.8289772612896606,0.6163938801515665,0.6657265558425545,1.0,1.0,1.0,1.0275072162064633,1.7729883192242963,1.637747534817202,0.0,0.0,0.0
anupwr,15,linear,10.0,0.8927786524574333,0.868322967027043,0.8610091003349281,1.0,1.0,1.0,0.8882435222382574,1.0492825045800462,1.095917401336522,0.0,0.0,0.0
apigcy,15,linear,10.0,0.8587483140865617,0.833661208161417,0.8307207975879216,1.0,1.0,1.0,1.0938894979867015,1.2455788923519604,1.2629128328237547,0.0,0.0,0.0
apigcy,15,nearest,10.0,0.82374937578686,0.6915274610713158,0.7069260647172905,1.0,1.0,1.0,0.9753809785586302,1.4380827716863096,1.3769911932860095,0.0,0.0,0.0
appsri,15,linear,10.0,0.881317901424301,0.8627832790945852,0.8611988834447455,1.0,1.0,1.0,0.8816069919257298,0.9885531449692485,0.9974937616593723,0.0,0.0,0.0
appsri,15,nearest,10.0,0.8197394211837421,0.7171784446875671,0.7223122837227048,1.0,1.0,1.0,0.9299826136795474,1.2732097957005037,1.251936146962466,0.0,0.0,0.0
apssky,15,linear,10.0,0.8655764907591184,0.8425505410698376,0.8437852304480148,1.0,1.0,1.0,0.9955585015525726,1.1272757608118218,1.1203657877427873,0.0,0.0,0.0
apssky,15,nearest,10.0,0.8165770732659937,0.6935820772460121,0.7112366974357065,1.0,1.0,1.0,1.002602982395858,1.4537853529304285,1.3971150991463475,0.0,0.0,0.0
aquawa,15,linear,10.0,0.8763745353200396,0.8492937479161191,0.8399363445926178,1.0,1.0,1.0,1.0450076279528917,1.2276110878036177,1.2887160606188282,0.0,0.0,0.0
aquawa,15,nearest,10.0,0.816505588328895,0.6649118857165716,0.6823141927870884,1.0,1.0,1.0,1.0021539572686686,1.5044563936853113,1.456998186541766,0.0,0.0,0.0
arcksy,15,linear,10.0,0.8309546177036029,0.808456294499885,0.8069446575821757,1.0,1.0,1.0,1.1300867379135204,1.2424207901002586,1.2497942883818147,0.0,0.0,0.0
arcksy,15,nearest,10.0,0.8251919943474545,0.7141032607716647,0.7096731318033724,1.0,1.0,1.0,0.967374643740182,1.3469376112311329,1.3659853862892455,0.0,0.0,0.0
arcuim,15,linear,10.0,0.8882357932153775,0.8608444010307781,0.8536811255318955,1.0,1.0,1.0,0.9712628719133573,1.1622915336167927,1.210689831851983,0.0,0.0,0.0
arcurb,15,linear,10.0,0.8561568981087628,0.833506494468808,0.8280190626676619,1.0,1.0,1.0,1.0720521712816227,1.2026996517559427,1.2335246323957083,0.0,0.0,0.0
arcurb,15,nearest,10.0,0.8192297540328699,0.7206243730846719,0.7211347376693783,1.0,1.0,1.0,0.9448170644731226,1.2581936401857465,1.2583180053779754,0.0,0.0,0.0
arhilb,15,linear,10.0,0.8592893951565292,0.8316447568934298,0.8219529810878994,1.0,1.0,1.0,1.1218320146002925,1.2949165693122004,1.3536741520735616,0.0,0.0,0.0
arhilb,15,nearest,10.0,0.8343648208504774,0.7153407259520626,0.7248631398055995,1.0,1.0,1.0,0.9432851716327875,1.3668431567568675,1.3351364090921543,0.0,0.0,0.0
arlwra,15,linear,10.0,0.8592194083605228,0.827898241549773,0.8091585874784142,1.0,1.0,1.0,1.1843052143936736,1.3935659973922658,1.5139088019816584,0.0,0.0,0.0
arlwra,15,nearest,10.0,0.8482158323689437,0.7371423184342206,0.7409681604069509,1.0,1.0,1.0,0.9034962787314023,1.330654740737507,1.318407022314077,0.0,0.0,0.0
arphau,15,linear,10.0,0.8478780705765848,0.822336974087458,0.8198658990725531,1.0,1.0,1.0,1.1204631693133849,1.2651216334940545,1.2787628513929905,0.0,0.0,0.0
arphau,15,nearest,10.0,0.8422167178741019,0.7169094631385843,0.7149621282676593,1.0,1.0,1.0,0.9381788211941239,1.4091434830529939,1.4214338764277317,0.0,0.0,0.0
artgag,15,linear,10.0,0.848391825652683,0.8223532661498131,0.8099468836147192,1.0,1.0,1.0,1.1910763013947665,1.3512659864929364,1.4251822300760575,0.0,0.0,0.0
artgag,15,nearest,10.0,0.8201459898300764,0.6894506564728609,0.6986913134495432,1.0,1.0,1.0,1.0059909652777037,1.4597773448295754,1.4432528448358772,0.0,0.0,0.0
ascley,15,linear,10.0,0.8488557653611069,0.8228676421561341,0.8212159833049496,1.0,1.0,1.0,1.1147866398109585,1.2621843133253225,1.2713173367665198,0.0,0.0,0.0
ascley,15,nearest,10.0,0.8478905451429442,0.7492096869926149,0.7547999564434111,1.0,1.0,1.0,0.8604278171612143,1.2212622282940149,1.2043057839767815,0.0,0.0,0.0
ashgat,15,linear,10.0,0.8470676272402096,0.808962409849592,0.7957136587059265,1.0,1.0,1.0,1.1461892639670406,1.3645184585840806,1.4371330125151927,0.0,0.0,0.0
ashgat,15,nearest,10.0,0.8262204264133249,0.6922332526035426,0.7318524935273997,1.0,1.0,1.0,0.9657045313091457,1.4514617561238814,1.324511844803946,0.0,0.0,0.0
asigno,15,linear,10.0,0.8374784311447527,0.8099667505296733,0.7976584356796097,1.0,1.0,1.0,1.2590852607614849,1.425065037795292,1.496972726944286,0.0,0.0,0.0
asigno,15,nearest,10.0,0.8599053662518004,0.7274675755105712,0.729200604883608,1.0,1.0,1.0,0.9354103127383735,1.4091488569002377,1.4093315368432733,0.0,0.0,0.0
askmec,15,linear,10.0,0.8395142242945925,0.8051601815380572,0.7960231485479644,1.0,1.0,1.0,1.2464967269188345,1.4533112403503357,1.5064231156122712,0.0,0.0,0.0
askmec,15,nearest,10.0,0.8271895379242654,0.6868125022142156,0.6955602707268922,1.0,1.0,1.0,1.0068999590568994,1.5066885926355895,1.4949434738519438,0.0,0.0,0.0
aslagn,15,linear,10.0,0.8518371784004797,0.8199715149524276,0.8177077439607285,1.0,1.0,1.0,1.153491194505723,1.3463239128958486,1.3596275565446603,0.0,0.0,0.0
aslagn,15,nearest,10.0,0.7766745582915897,0.6090897679093906,0.6634878233304702,1.0,1.0,1.0,1.120155792695523,1.7835871722239611,1.4548011086528851,0.0,0.0,0.0
aswift,15,linear,10.0,0.897270530898028,0.8738015448317838,0.8616715567179242,1.0,1.0,1.0,0.9059627523084473,1.0731575786985001,1.1566635929867164,0.0,0.0,0.0
aswift,15,nearest,10.0,0.944288446907128,0.9178361703400351,0.9237036782475406,1.0,1.0,1.0,0.5879361072986513,0.7141717011502973,0.6790350532323833,0.0,0.0,0.0
atcila,15,linear,10.0,0.8738220103834266,0.8489087594782474,0.8380747839976326,1.0,1.0,1.0,1.0626101948235542,1.2301442419604753,1.3007587568582262,0.0,0.0,0.0
atcila,15,nearest,10.0,0.838894085900953,0.7058298057617287,0.7249347731343955,1.0,1.0,1.0,0.9234657253931928,1.385584214752124,1.3369255192765521,0.0,0.0,0.0
atfrav,15,linear,10.0,0.908053513499092,0.8856948287276754,0.8910169722795583,1.0,1.0,1.0,0.7010602005403623,0.8336618042908702,0.8027948610736859,0.0,0.0,0.0
atfrav,15,nearest,10.0,0.8638821207262021,0.7504532939390951,0.7317611694424666,1.0,1.0,1.0,0.8407779646452862,1.3044285900414876,1.3671281547004543,0.0,0.0,0.0
atfrim,15,linear,10.0,0.8437380184761825,0.8020383611431824,0.792597535822421,1.0,1.0,1.0,1.235790020973117,1.4912470575617107,1.5467869554672882,0.0,0.0,0.0
atfrim,15,nearest,10.0,0.8284668268524837,0.6597774762586389,0.6906367480037996,1.0,1.0,1.0,0.9616900385264271,1.5421227410479017,1.439867853595263,0.0,0.0,0.0
atidfi,15,linear,10.0,0.8612716403433347,0.8356677572003371,0.8266781336563159,1.0,1.0,1.0,1.1228953108983082,1.286601741474843,1.3423972479279576,0.0,0.0,0.0
atidfi,15,nearest,10.0,0.813720997161632,0.6887422526367433,0.6851678740483395,1.0,1.0,1.0,0.9865733977520232,1.4058249495173345,1.4022553821658899,0.0,0.0,0.0
atnokv,15,linear,10.0,0.8535515028335999,0.8092228563030586,0.797730360179544,1.0,1.0,1.0,1.2229834378973181,1.5135018340665742,1.5856709840642684,0.0,0.0,0.0
atsfiv,15,linear,10.0,0.8730179492551357,0.8118316265457126,0.7905039080645668,1.0,1.0,1.0,1.0043288603371805,1.3722006382891345,1.4915540670629635,0.0,0.0,0.0
atzumb,15,linear,10.0,0.8718469977022163,0.8489645896472509,0.84559814291355,1.0,1.0,1.0,1.0117746483333363,1.1538816478761413,1.174272066990747,0.0,0.0,0.0
atzumb,15,nearest,10.0,0.8249597232184298,0.6943850964130144,0.681143391961611,1.0,1.0,1.0,0.9718624168611216,1.4179043519204777,1.4615083371932076,0.0,0.0,0.0
aucjun,15,linear,10.0,0.9551507398418827,0.9403615841283969,0.9426989551275496,1.0,1.0,1.0,0.39000805687346773,0.4934340902565782,0.47750094220903505,0.0,0.0,0.0
auctji,15,linear,10.0,0.84920397019526,0.8116582651267115,0.7974289017432474,1.0,1.0,1.0,1.2406369245161954,1.483360489104815,1.571746870599893,0.0,0.0,0.0
auctji,15,nearest,10.0,0.8370007944744375,0.721429276408663,0.7370961553654674,1.0,1.0,1.0,0.9451780209105691,1.3648064453828181,1.3158259871980689,0.0,0.0,0.0
aupcli,15,linear,10.0,0.8590582957251267,0.8028408722887743,0.7956210196128721,1.0,1.0,1.0,1.009524859887811,1.3076872177186767,1.343737013394103,0.0,0.0,0.0
aurjye,15,linear,10.0,0.9136837659744654,0.8905944903082319,0.8864065900553671,1.0,1.0,1.0,0.7434608855379078,0.9029686813034544,0.9310060834628704,0.0,0.0,0.0
aurjye,15,nearest,10.0,0.830447991573988,0.6765460188585528,0.7005220373185066,1.0,1.0,1.0,0.9672859451353545,1.4990885767037156,1.435881350027264,0.0,0.0,0.0
avdyab,15,linear,10.0,0.8728406879519572,0.8501564900500216,0.8465369437173994,1.0,1.0,1.0,0.9720098893561943,1.1072179153105268,1.128232416845009,0.0,0.0,0.0
avdyab,15,nearest,10.0,0.8322770359759427,0.6851913906819542,0.7112425173387057,1.0,1.0,1.0,0.9166582626842591,1.3873459800755943,1.3218664188963836,0.0,0.0,0.0
avglyb,15,linear,10.0,0.8982950189375735,0.8705225355508313,0.8674204401315292,1.0,1.0,1.0,0.8811969974762628,1.0739132436844552,1.094788673791311,0.0,0.0,0.0
aviltl,15,linear,10.0,0.8662660371912303,0.8444523908540237,0.8413006736366238,1.0,1.0,1.0,1.0118449894769845,1.140268786960276,1.1583765814575382,0.0,0.0,0.0
aviltl,15,nearest,10.0,0.836618614750908,0.703877052570759,0.700293084268654,1.0,1.0,1.0,0.9363082445192542,1.4078383885210244,1.4308035010027251,0.0,0.0,0.0
avpavi,15,linear,10.0,0.8877060069054528,0.8661463808086363,0.8642876045771108,1.0,1.0,1.0,0.8798293634860331,1.0125649173863454,1.0237256838352098,0.0,0.0,0.0
avpavi,15,nearest,10.0,0.8322606075787111,0.7258655390734895,0.7194732272495697,1.0,1.0,1.0,0.9204662621905788,1.2969068694454726,1.3184637328266935,0.0,0.0,0.0
awnbeb,15,linear,10.0,0.8769262434790754,0.8537982465342993,0.8404231465822263,1.0,1.0,1.0,1.041191621258784,1.1978472304897678,1.2855607507001372,0.0,0.0,0.0
awnbeb,15,nearest,10.0,0.7880507832736535,0.6465132128211534,0.6644163374436524,1.0,1.0,1.0,1.0811236738869072,1.497406863654664,1.4524172646625035,0.0,0.0,0.0
awrenb,15,linear,10.0,0.8438478124437496,0.8252935080084032,0.8219763581285333,1.0,1.0,1.0,1.0934809418738671,1.1924782914867487,1.2098052928532745,0.0,0.0,0.0
awrenb,15,nearest,10.0,0.8299238329331006,0.7221738548060073,0.7314524431563598,1.0,1.0,1.0,0.9445822687376344,1.3426946688104968,1.3151838725192508,0.0,0.0,0.0
awribi,15,linear,10.0,0.8739976295029716,0.8501211455143038,0.8523763256373287,1.0,1.0,1.0,0.9457899060851919,1.084641782956551,1.0718174368494633,0.0,0.0,0.0
awribi,15,nearest,10.0,0.8240230376011877,0.7250382355391866,0.722097789093783,1.0,1.0,1.0,0.9872345741194175,1.3815769563941787,1.3935364754341397,0.0,0.0,0.0
aydwah,15,linear,10.0,0.8490039524615282,0.8281921411101196,0.822933016344259,1.0,1.0,1.0,1.1139253236663706,1.232557085751102,1.261822265500809,0.0,0.0,0.0
aydwah,15,nearest,10.0,0.8111935240112678,0.6556735203646067,0.6806653353011873,1.0,1.0,1.0,1.0273303152012405,1.535696182698236,1.4667555023940473,0.0,0.0,0.0
ayfsdu,15,linear,10.0,0.8790163216173519,0.8537482646636109,0.8498784297255321,1.0,1.0,1.0,0.9928096274798553,1.1572124963482355,1.1817105501722058,0.0,0.0,0.0
ayfsdu,15,nearest,10.0,0.8341432849656732,0.723268279886509,0.7194745133280442,1.0,1.0,1.0,0.9430333615663474,1.3823680333486215,1.3926289616019354,0.0,0.0,0.0
aygpha,15,linear,10.0,0.8807842736124828,0.8587386730352693,0.856489087570677,1.0,1.0,1.0,0.939520938732253,1.0762165062559368,1.0898264217702995,0.0,0.0,0.0
aygpha,15,nearest,10.0,0.8315487100880367,0.7204023964305615,0.7189358584826289,1.0,1.0,1.0,0.9251532378313174,1.3079637726744981,1.3152518290547772,0.0,0.0,0.0
aypudb,15,linear,10.0,0.8682404857528947,0.8415563407463641,0.8321726977294652,1.0,1.0,1.0,1.0770139963862917,1.2495953011661844,1.3083932596315158,0.0,0.0,0.0
aypudb,15,nearest,10.0,0.8156843862008407,0.6867476622815963,0.6988045643810138,1.0,1.0,1.0,0.9969825923112902,1.4186023038152322,1.3869854606438103,0.0,0.0,0.0
ayquas,15,linear,10.0,0.8548384150483068,0.8265345112006635,0.8212449242994748,1.0,1.0,1.0,1.099775106840286,1.2656632777801329,1.2957369886093886,0.0,0.0,0.0
ayquas,15,nearest,10.0,0.8143129572349798,0.6568006012509756,0.6829618396217076,1.0,1.0,1.0,1.01314217941698,1.5265236123218422,1.4465934736697714,0.0,0.0,0.0
ayquex,15,linear,10.0,0.8513486042495308,0.8262877669760951,0.815587115997283,1.0,1.0,1.0,1.187219846946222,1.3448014376748187,1.4101171807686976,0.0,0.0,0.0
ayquex,15,nearest,10.0,0.8534750889248234,0.7342130504214288,0.7282565663397726,1.0,1.0,1.0,0.8684621062427719,1.335984015690303,1.3562536814079393,0.0,0.0,0.0
ayshek,15,linear,10.0,0.8818746629396267,0.8556884467245416,0.8487761740391152,1.0,1.0,1.0,0.9854508578553302,1.1592293991166804,1.2037094182287509,0.0,0.0,0.0
ayshek,15,nearest,10.0,0.8341481474515635,0.7362956248262151,0.7216090854849541,1.0,1.0,1.0,0.913555331081816,1.2697324881433814,1.3165757282861739,0.0,0.0,0.0
ayshow,15,linear,10.0,0.9946929938441027,0.9914453399968982,0.9915988440615537,1.0,1.0,1.0,0.06146419891912594,0.09316489051099391,0.09171354418145918,0.0,0.0,0.0
aysmsl,15,linear,10.0,0.851318506552368,0.8230512524308229,0.8128293094626424,1.0,1.0,1.0,1.172614098124291,1.3470630257126857,1.4081403495798333,0.0,0.0,0.0
aysmsl,15,nearest,10.0,0.7921034909765255,0.6761327232333377,0.6653398135947592,1.0,1.0,1.0,1.0666741871663532,1.4091164357097559,1.4422464570401259,0.0,0.0,0.0
eacder,15,linear,10.0,0.8444054832209464,0.811258190660115,0.8113276556535451,1.0,1.0,1.0,1.1814657956276062,1.3754642989138304,1.3750691099524093,0.0,0.0,0.0
eacder,15,nearest,10.0,0.8849395354619933,0.8005694836022841,0.7819262939732472,1.0,1.0,1.0,0.7821557624768407,1.183850983523508,1.2629859805474961,0.0,0.0,0.0
eadect,15,linear,10.0,0.8524270264890447,0.8156358606350349,0.8079267592978093,1.0,1.0,1.0,1.1802846571218304,1.4098221769562516,1.4561975654522055,0.0,0.0,0.0
eadect,15,nearest,10.0,0.8626696157997588,0.7408493871494929,0.728371431273218,1.0,1.0,1.0,0.8919938054954447,1.4276537206865703,1.492993992652609,0.0,0.0,0.0
eagbac,15,linear,10.0,0.9059583192857711,0.8755902215190636,0.8727284763000902,1.0,1.0,1.0,0.8078684992862499,1.0155773638077434,1.0344754237007219,0.0,0.0,0.0
eagbac,15,nearest,10.0,0.8415716944883854,0.683206584079934,0.7147984459738554,1.0,1.0,1.0,0.9174078589045863,1.461915858125676,1.3719269748650702,0.0,0.0,0.0
eapceo,15,linear,10.0,0.8030885427136432,0.7690835250536185,0.7671060056594912,1.0,1.0,1.0,1.3698335378337028,1.5466934329851685,1.5566792751141665,0.0,0.0,0.0
eapceo,15,nearest,10.0,0.8098640904043266,0.6543059104397596,0.6590038052513817,1.0,1.0,1.0,1.085193273845272,1.629742254252472,1.615855888543811,0.0,0.0,0.0
easnsv,15,linear,10.0,0.8719150655953691,0.8361033269313894,0.8297709948958752,1.0,1.0,1.0,1.064502358572909,1.2991373593059599,1.3391443978533155,0.0,0.0,0.0
easnsv,15,nearest,10.0,0.8315149511320405,0.7001567158145552,0.6995963576478617,1.0,1.0,1.0,0.991197548746861,1.480785814982316,1.4825910337163855,0.0,0.0,0.0
eavcai,15,linear,10.0,0.8802281413510753,0.8595539113441275,0.8515077914919194,1.0,1.0,1.0,0.9580823462673334,1.0888998476748322,1.1383931571579686,0.0,0.0,0.0
eavcai,15,nearest,10.0,0.8245749192662625,0.7084148394003577,0.7119867548466206,1.0,1.0,1.0,0.9821322948524165,1.3810807859743608,1.3770804433418151,0.0,0.0,0.0
eavfli,15,linear,10.0,0.845290762953701,0.8249823053186314,0.8209181893610497,1.0,1.0,1.0,1.1354337283987632,1.2504516141933124,1.2729611622427877,0.0,0.0,0.0
eavfli,15,nearest,10.0,0.8307176947294937,0.7312239212430738,0.7415133474215226,1.0,1.0,1.0,0.9202714997989622,1.2548094894411885,1.2292969934836402,0.0,0.0,0.0
ebcicy,15,linear,10.0,0.8442068516444516,0.8184175100171158,0.8194159803963863,1.0,1.0,1.0,1.0915292058961183,1.2282742024939441,1.223105056124275,0.0,0.0,0.0
ebcicy,15,nearest,10.0,0.8241541583825505,0.6513168160105244,0.6891318010700007,1.0,1.0,1.0,0.9784157726533477,1.5464774781363515,1.44419501023304,0.0,0.0,0.0
ebdafy,15,linear,10.0,0.8577972405466545,0.8343039180029017,0.8255447515105372,1.0,1.0,1.0,1.0819194185210363,1.220978158662044,1.2713117232885176,0.0,0.0,0.0
ebdafy,15,nearest,10.0,0.8529904966319225,0.705750395194519,0.6926857247634958,1.0,1.0,1.0,0.926738609521501,1.522618155132512,1.566914653027131,0.0,0.0,0.0
ebenfr,15,linear,10.0,0.883541418617057,0.854298606543326,0.8465690771401913,1.0,1.0,1.0,0.9951148805990976,1.1945266955158078,1.2455032021813328,0.0,0.0,0.0
ebenfr,15,nearest,10.0,0.8491220591905206,0.7649785378727634,0.7740631356191092,1.0,1.0,1.0,0.8490704546927589,1.157631737248455,1.1288528195697483,0.0,0.0,0.0
ebrulr,15,linear,10.0,0.8739324437912526,0.856432221363517,0.8535981251618272,1.0,1.0,1.0,0.9461786526543535,1.0486058654202475,1.0648452237664847,0.0,0.0,0.0
ebrulr,15,nearest,10.0,0.79420766947639,0.6560514065769173,0.6630078356761019,1.0,1.0,1.0,1.0550034245948732,1.497735152849588,1.4457848381456364,0.0,0.0,0.0
ebstic,15,linear,10.0,0.9191148951932322,0.9026965619988137,0.90371289776441,1.0,1.0,1.0,0.6479455738100448,0.7522992556854508,0.7459755626644456,0.0,0.0,0.0
ebstic,15,nearest,10.0,0.7851234052208138,0.6090897679093906,0.6890325860582237,1.0,1.0,1.0,1.0912726946341094,1.642265466334327,1.3871587072818463,0.0,0.0,0.0
eccest,15,linear,10.0,0.8537051753948819,0.8275772917252467,0.8180897802806617,1.0,1.0,1.0,1.1418450783403686,1.3012568531153288,1.3573859120992497,0.0,0.0,0.0
eccest,15,nearest,10.0,0.798596044443149,0.6467702701246335,0.6844856975350374,1.0,1.0,1.0,1.041273412202595,1.4914459075461408,1.394426430691013,0.0,0.0,0.0
ecdiwo,15,linear,10.0,0.8620001092196653,0.8332202045123879,0.8282817029387644,1.0,1.0,1.0,1.0896369189399258,1.2674436115048566,1.2970536674928173,0.0,0.0,0.0
ecdiwo,15,nearest,10.0,0.8039112038914012,0.6112570183692189,0.6440223745187167,1.0,1.0,1.0,1.0658692524575508,1.6681736916372352,1.5847666354680396,0.0,0.0,0.0
ecfesy,15,linear,10.0,0.8489392271141993,0.8241712030424306,0.8160015479655204,1.0,1.0,1.0,1.1540357414377245,1.3012061022023234,1.3483740300972777,0.0,0.0,0.0
ecfesy,15,nearest,10.0,0.8230176641114795,0.7014074033029915,0.7058971320510277,1.0,1.0,1.0,0.9986236863938915,1.4210748219171303,1.4113012631957658,0.0,0.0,0.0
ecforj,15,linear,10.0,0.8517370501351493,0.8259073060465046,0.8145958537928055,1.0,1.0,1.0,1.1699658825646861,1.3298147125548134,1.3976570588101491,0.0,0.0,0.0
ecforj,15,nearest,10.0,0.8465434029516321,0.6710342490434227,0.7060156907453301,1.0,1.0,1.0,0.9335684610324079,1.5971690938193401,1.4887649185560763,0.0,0.0,0.0
ecgojt,15,linear,10.0,0.8544855706561252,0.8282141103402667,0.826141193275619,1.0,1.0,1.0,1.1018975977932157,1.256055416456713,1.2679090760363623,0.0,0.0,0.0
ecgojt,15,nearest,10.0,0.8490306403301618,0.7087730083726828,0.6912741374153777,1.0,1.0,1.0,0.9263953528298423,1.4773495806917714,1.5339001124455096,0.0,0.0,0.0
ecjeod,15,linear,10.0,0.8716690345310623,0.8476779647455581,0.8443704588855714,1.0,1.0,1.0,0.996795219026871,1.142568487196047,1.1621405005678251,0.0,0.0,0.0
ecjeod,15,nearest,10.0,0.8883761641328839,0.8589436780886996,0.8441042726037662,1.0,1.0,1.0,0.6817141856747975,0.8105675331566229,0.8714886691817574,0.0,0.0,0.0
eckeck,15,linear,10.0,0.883520528615151,0.8623297607984598,0.866038821695106,1.0,1.0,1.0,0.8202508907146039,0.933977112424368,0.9144871290311394,0.0,0.0,0.0
eckeck,15,nearest,10.0,0.83536993571278,0.6932633480889471,0.7043935173367901,1.0,1.0,1.0,0.9923881061644853,1.527472589611067,1.4944537135727423,0.0,0.0,0.0
ecnopl,15,linear,10.0,0.8725286077234895,0.8524326869221341,0.8439610209309136,1.0,1.0,1.0,1.007442623097261,1.132742156550997,1.184142644665427,0.0,0.0,0.0
ecnopl,15,nearest,10.0,0.8193542200822488,0.7187319445869905,0.7204586453164016,1.0,1.0,1.0,0.987215906597465,1.3804881026699647,1.3697700613687125,0.0,0.0,0.0
eddreb,15,linear,10.0,0.9015399212649909,0.8814159667519209,0.8749063645074562,1.0,1.0,1.0,0.8389675302308318,0.9767684726461556,1.0201031223360169,0.0,0.0,0.0
eddreb,15,nearest,10.0,0.8385123068559738,0.7229085987600201,0.744616067855264,1.0,1.0,1.0,0.8965819864845669,1.281593118228099,1.2230924636317841,0.0,0.0,0.0
edeejd,15,linear,10.0,0.872941602340852,0.852430667349131,0.8496822405715929,1.0,1.0,1.0,0.9520808740523229,1.0715076998270636,1.0871309505736972,0.0,0.0,0.0
edeejd,15,nearest,10.0,0.8263915914032552,0.6786578304519403,0.6820638811325453,1.0,1.0,1.0,1.0227887755886993,1.565694374885483,1.557512358089231,0.0,0.0,0.0
edglev,15,linear,10.0,0.8667087436471717,0.8407902858155017,0.8329868425783096,1.0,1.0,1.0,1.0871502250821223,1.2544305187077316,1.3033284591594192,0.0,0.0,0.0
edglev,15,nearest,10.0,0.8384982792029062,0.7384959084145197,0.7679024208854286,1.0,1.0,1.0,0.8804739974027818,1.258333328734417,1.1424771701815493,0.0,0.0,0.0
edgrat,15,linear,10.0,0.8694561266449342,0.8444787664914133,0.8349461657046626,1.0,1.0,1.0,1.0689485066251838,1.2310908809937218,1.2911112687978405,0.0,0.0,0.0
edgrat,15,nearest,10.0,0.8269896590931359,0.7048755722738791,0.7001298032280099,1.0,1.0,1.0,0.9920036148094884,1.4349164198129125,1.452611119890117,0.0,0.0,0.0
edjiye,15,linear,10.0,0.8255872677539482,0.7980121082503907,0.7903662260499563,1.0,1.0,1.0,1.2710692900916942,1.4246494056965724,1.465995834811614,0.0,0.0,0.0
edjiye,15,nearest,10.0,0.8330799141327094,0.6930033613819973,0.6832593619688542,1.0,1.0,1.0,1.0036500414173553,1.532649257706673,1.5735922707574552,0.0,0.0,0.0
edlyxy,15,linear,10.0,0.8775332639335555,0.8574743552300914,0.8493320861009414,1.0,1.0,1.0,0.9895908747196115,1.118222777444051,1.1690467714347688,0.0,0.0,0.0
edlyxy,15,nearest,10.0,0.801387999503187,0.6740962178950322,0.6891621246628667,1.0,1.0,1.0,1.0317139556688717,1.4199662683866878,1.3836215455177368,0.0,0.0,0.0
edmugr,15,linear,10.0,0.8609685352414147,0.8334947183023056,0.818707977304529,1.0,1.0,1.0,1.1722922585433533,1.3569499293109826,1.453010737640399,0.0,0.0,0.0
edmugr,15,nearest,10.0,0.8329364567507032,0.6832851601393803,0.7064024441173322,1.0,1.0,1.0,0.930108874827063,1.4606528663922886,1.3849188985952763,0.0,0.0,0.0
ednill,15,linear,10.0,0.8470849893048915,0.8195143553596584,0.80768919907798,1.0,1.0,1.0,1.2421217234555677,1.4188666690401026,1.4923437780035926,0.0,0.0,0.0
ednill,15,nearest,10.0,0.8444124405371994,0.72058305367275,0.7258982731487256,1.0,1.0,1.0,0.8960064542093644,1.3463443241152793,1.335818796298723,0.0,0.0,0.0
edodbl,15,linear,10.0,0.864968572247742,0.8433235353725149,0.8412945895099706,1.0,1.0,1.0,1.0196418657438189,1.146766931577813,1.1584114325781545,0.0,0.0,0.0
edodbl,15,nearest,10.0,0.8398734060692623,0.7207979237965558,0.7290531711376659,1.0,1.0,1.0,0.9514272021411868,1.4051700613219376,1.3809980584377348,0.0,0.0,0.0
edombo,15,linear,10.0,0.8724850275604521,0.7994649503665109,0.7666307616158644,1.0,1.0,1.0,0.9917127132996288,1.416734195749157,1.5911634849221918,0.0,0.0,0.0
edrafs,15,linear,10.0,0.8227114716421877,0.7523427301197854,0.7553616172512543,1.0,1.0,1.0,1.0857604991168006,1.3825861987952355,1.3707017676005364,0.0,0.0,0.0
eedigk,15,linear,10.0,0.8557876140104942,0.8327646229002024,0.8257468877411918,1.0,1.0,1.0,1.112161235549376,1.2508738038518425,1.292033100754915,0.0,0.0,0.0
eedigk,15,nearest,10.0,0.8444946910341156,0.7183821027521454,0.7190293398299823,1.0,1.0,1.0,0.9083879657428838,1.3702860456554382,1.3740862326461438,0.0,0.0,0.0
eefayb,15,linear,10.0,0.8793417142289088,0.8551347334280026,0.846509989379445,1.0,1.0,1.0,1.0026488539935983,1.162812786890727,1.2181742604927284,0.0,0.0,0.0
eefayb,15,nearest,10.0,0.8521224771968497,0.7136173236063135,0.7046391175822918,1.0,1.0,1.0,0.9002582636204614,1.4367679073840174,1.4662676960862706,0.0,0.0,0.0
eegcef,15,linear,10.0,0.8591574813464924,0.8403786084084017,0.841204957453783,1.0,1.0,1.0,0.9818359842156186,1.0815169326333294,1.0772131495592783,0.0,0.0,0.0
eegcef,15,nearest,10.0,0.8138805610954014,0.7115740643361952,0.7072786220264088,1.0,1.0,1.0,0.9689430601321058,1.3479950892388906,1.3574030499578826,0.0,0.0,0.0
eemafb,15,linear,10.0,0.9042375196578278,0.8782444992386156,0.8748761033340776,1.0,1.0,1.0,0.8200189566749554,0.997952439731256,1.0203032476875047,0.0,0.0,0.0
eenjou,15,linear,10.0,0.8843449894040121,0.8646356246310445,0.8626459777580773,1.0,1.0,1.0,0.8833587064613182,1.0010634899005368,1.0126690141456403,0.0,0.0,0.0
eenjou,15,nearest,10.0,0.8638498022300058,0.7963041730393784,0.7657702344671148,1.0,1.0,1.0,0.8035612431686288,1.0670719845587155,1.1763369128007972,0.0,0.0,0.0
eersdo,15,linear,10.0,0.8317179204889458,0.8070758614624762,0.8120416630402485,1.0,1.0,1.0,1.0887626406894233,1.2062502731119795,1.1830461201371059,0.0,0.0,0.0
eersdo,15,nearest,10.0,0.8395796319243679,0.7490847472494284,0.7555284947359956,1.0,1.0,1.0,0.8807681867466678,1.2047739933295316,1.180600066219603,0.0,0.0,0.0
eesbaj,15,linear,10.0,0.861478204256132,0.8371679336116891,0.8250171729298794,1.0,1.0,1.0,1.1215438988554232,1.2772089810542335,1.352616178478085,0.0,0.0,0.0
eesbaj,15,nearest,10.0,0.8260642781740715,0.7169596192627441,0.7130281553697176,1.0,1.0,1.0,0.9611603921597676,1.3691844736821768,1.374927742432491,0.0,0.0,0.0
efcati,15,linear,10.0,0.8890683172495706,0.8655990389808685,0.851471588247684,1.0,1.0,1.0,0.9561489456668593,1.1187444055469398,1.2132497333344918,0.0,0.0,0.0
efcati,15,nearest,10.0,0.8526126953362737,0.7449249499483327,0.7270000021608051,1.0,1.0,1.0,0.8939454385000958,1.326795208241867,1.3925246174928834,0.0,0.0,0.0
effneo,15,linear,10.0,0.8424402800439993,0.8117678814153936,0.8132175327912694,1.0,1.0,1.0,1.1735066132544554,1.3489346476062256,1.3408530685256344,0.0,0.0,0.0
effneo,15,nearest,10.0,0.8117365408097049,0.6752745978982682,0.685680740912457,1.0,1.0,1.0,0.9885268531093673,1.4471963646018962,1.396848724722504,0.0,0.0,0.0
efghak,15,linear,10.0,0.8654599208377443,0.8426748343911151,0.8460707983460806,1.0,1.0,1.0,0.9474609371161479,1.0695395043383407,1.0517203088720242,0.0,0.0,0.0
efghak,15,nearest,10.0,0.826062632715133,0.7051150962517314,0.6804060800186381,1.0,1.0,1.0,1.0025600732451119,1.4618221579619486,1.5397419179426752,0.0,0.0,0.0
efgoak,15,linear,10.0,0.8876333551590029,0.8727423152587839,0.8696463941006979,1.0,1.0,1.0,0.8632072973420293,0.9532664374085462,0.9716183080196716,0.0,0.0,0.0
efgoak,15,nearest,10.0,0.8599487731794682,0.7833695862562033,0.7796828782234281,1.0,1.0,1.0,0.8816780377494203,1.1924319950130962,1.2114136431100453,0.0,0.0,0.0
efmymo,15,linear,10.0,0.8761003651299443,0.8329232071985351,0.8242899003664997,1.0,1.0,1.0,0.8882975718970902,1.12001768871838,1.163882452182242,0.0,0.0,0.0
efmymo,15,nearest,10.0,0.7972426411864457,0.6631527792775533,0.6429058427453908,1.0,1.0,1.0,1.0487714625947464,1.455659924160858,1.5062255023735074,0.0,0.0,0.0
efonve,15,linear,10.0,0.8502645309192574,0.8224856765003012,0.8098148775746438,1.0,1.0,1.0,1.2212160857003485,1.400192208694772,1.4792331819525628,0.0,0.0,0.0
efonve,15,nearest,10.0,0.827900124456535,0.7132919237411779,0.7226862057694632,1.0,1.0,1.0,0.948851528842861,1.362495774273391,1.3292176570138299,0.0,0.0,0.0
efsphe,15,linear,10.0,0.8454271559014527,0.8122058461879655,0.8016648055630291,1.0,1.0,1.0,1.2096801959240193,1.4118331221208602,1.4737184410266426,0.0,0.0,0.0
eggfri,15,linear,10.0,0.8625005880887355,0.8314976150279754,0.8256972293886827,1.0,1.0,1.0,1.101161408095485,1.2958157614649692,1.3310861858276053,0.0,0.0,0.0
eggfri,15,nearest,10.0,0.844218541735023,0.7436353810417499,0.7373214116019685,1.0,1.0,1.0,0.910613645816655,1.2912983849741302,1.312918964638584,0.0,0.0,0.0
eghanw,15,linear,10.0,0.8560584476210508,0.825608733400517,0.8161613843397433,1.0,1.0,1.0,1.127116061193469,1.312976590782341,1.3686866027730942,0.0,0.0,0.0
eghanw,15,nearest,10.0,0.8710250583237067,0.6079881693583616,0.616151444322663,1.0,1.0,1.0,0.9166986794800045,2.0666019307348584,2.0383139791085707,0.0,0.0,0.0
egloha,15,linear,10.0,0.8624918513807669,0.8383543374650398,0.8375828995187999,1.0,1.0,1.0,1.0344676716148489,1.1752072743430513,1.179598725222817,0.0,0.0,0.0
egloha,15,nearest,10.0,0.911050489055102,0.8589140515534479,0.8762817385133281,1.0,1.0,1.0,0.5219031787951054,0.7281617109881858,0.6636735428636092,0.0,0.0,0.0
egnata,15,linear,10.0,0.8376978390726957,0.8159041724277861,0.8104168799466764,1.0,1.0,1.0,1.1789448264311926,1.3005087836407494,1.3303800571341133,0.0,0.0,0.0
egnata,15,nearest,10.0,0.8312580076447116,0.6186099795156581,0.6535052511023082,1.0,1.0,1.0,1.0466256561535228,1.8445780409552535,1.735434442207254,0.0,0.0,0.0
egreos,15,linear,10.0,0.8839492707330971,0.8490471192337576,0.8335353171271587,1.0,1.0,1.0,1.019464148636512,1.2646272575429989,1.3690016075616755,0.0,0.0,0.0
egteir,15,linear,10.0,0.8770954728817477,0.8436521152027527,0.8392006071219422,1.0,1.0,1.0,0.9924534014699193,1.2040564252401837,1.2312469909737864,0.0,0.0,0.0
egteir,15,nearest,10.0,0.7918505394818953,0.6307112644910251,0.6531762780701299,1.0,1.0,1.0,1.1535325904102272,1.6863835305971675,1.623082321478972,0.0,0.0,0.0
egwicj,15,linear,10.0,0.8844637502035353,0.8535442028362218,0.8445639746780601,1.0,1.0,1.0,0.9785373594726996,1.1867225902253795,1.2450225087493372,0.0,0.0,0.0
eiboid,15,linear,10.0,0.8683443609035657,0.8377768501807233,0.829757980856152,1.0,1.0,1.0,1.0763255395015052,1.2733897051638,1.3233750602817649,0.0,0.0,0.0
eiboid,15,nearest,10.0,0.7972465155637276,0.6845652037565129,0.7061617109735361,1.0,1.0,1.0,1.0137790923462924,1.377297682537206,1.3276696034867443,0.0,0.0,0.0
eicmyn,15,linear,10.0,0.9143050045232385,0.8986752162446676,0.8947011867122747,1.0,1.0,1.0,0.7066072496622492,0.8097746927501377,0.8353659219431875,0.0,0.0,0.0
eicmyn,15,nearest,10.0,0.8254783424775126,0.6470532514501216,0.633217030204566,1.0,1.0,1.0,1.0731713599294181,1.7561892258317437,1.7998135884030277,0.0,0.0,0.0
eifvid,15,linear,10.0,0.8771937239209097,0.8547153521205655,0.8459302127296171,1.0,1.0,1.0,1.0049410619310508,1.1510634552454564,1.2065302916154268,0.0,0.0,0.0
eifvid,15,nearest,10.0,0.8309537370697911,0.7132834507727185,0.7338508598612062,1.0,1.0,1.0,0.9387994885694716,1.3446308830492417,1.2819442681078999,0.0,0.0,0.0
eincuf,15,linear,10.0,0.9771634171183456,0.9674492536860017,0.9698856403983579,1.0,1.0,1.0,0.21010872473380068,0.2826071844828565,0.26488841947449215,0.0,0.0,0.0
eincuf,15,nearest,10.0,0.787136373516995,0.6631229429036841,0.6686422976196165,1.0,1.0,1.0,1.0843017849483205,1.4557363682338582,1.4414970534322464,0.0,0.0,0.0
eitpem,15,linear,10.0,0.9316254821306309,0.9115065940414707,0.9118719552635359,1.0,1.0,1.0,0.5765702749073969,0.7119383692813628,0.7095497078557,0.0,0.0,0.0
ejcrur,15,linear,10.0,0.8890706756493678,0.858307495072233,0.8606282972607069,1.0,1.0,1.0,0.8864651451653904,1.078829756347975,1.0647378649251027,0.0,0.0,0.0
ejcrur,15,nearest,10.0,0.8414490304782031,0.7354536276014632,0.7281193409463417,1.0,1.0,1.0,0.9242196850899869,1.3212276389420845,1.3478373082722002,0.0,0.0,0.0
ejesba,15,linear,10.0,0.9048532500156486,0.885626962116614,0.8807140811688104,1.0,1.0,1.0,0.7945171173796514,0.9229901105665153,0.9549403176982236,0.0,0.0,0.0
ejesba,15,nearest,10.0,0.812018003910058,0.6908915735392225,0.7065798877962763,1.0,1.0,1.0,0.9797090593330245,1.3936596434845885,1.3135034220290465,0.0,0.0,0.0
ejkipu,15,linear,10.0,0.8704333633060609,0.8341756092261359,0.8318097723815938,1.0,1.0,1.0,1.0495546575055068,1.2794153383829383,1.2939078850838075,0.0,0.0,0.0
ejnoax,15,linear,10.0,0.8989343975255204,0.8716474773238431,0.8571603629381703,1.0,1.0,1.0,0.8938003835846573,1.088122991904693,1.1872580986572774,0.0,0.0,0.0
ejshig,15,linear,10.0,0.8450775079247625,0.8196475731377151,0.8109481151908005,1.0,1.0,1.0,1.1953043104570287,1.3482307011466932,1.3990589610549884,0.0,0.0,0.0
ejshig,15,nearest,10.0,0.8279574819506142,0.700385533789104,0.7061367975082564,1.0,1.0,1.0,0.9575900302536623,1.4026996361345763,1.3879878499078722,0.0,0.0,0.0
ejtobu,15,linear,10.0,0.8424612258961559,0.8185216945124008,0.8118944198934643,1.0,1.0,1.0,1.1931594702681672,1.3338932890262836,1.3718430669191186,0.0,0.0,0.0
ejtobu,15,nearest,10.0,0.823052191495301,0.7204087109898559,0.7272984805352709,1.0,1.0,1.0,0.937796420243329,1.3224728664492493,1.3006859926142262,0.0,0.0,0.0
ekenuc,15,linear,10.0,0.855256888607272,0.830289572331161,0.8215353613480083,1.0,1.0,1.0,1.1620225599461893,1.320082004780023,1.373948519822324,0.0,0.0,0.0
ekenuc,15,nearest,10.0,0.8465301746859731,0.7584320707440716,0.7457758634023364,1.0,1.0,1.0,0.88309082864709,1.21481858225084,1.2560954415003278,0.0,0.0,0.0
ekfrab,15,linear,10.0,0.8715948822784256,0.8342432878264526,0.8211695490456747,1.0,1.0,1.0,1.1080056200682438,1.3642938572058951,1.4504041626646782,0.0,0.0,0.0
ekfrab,15,nearest,10.0,0.8571263055921142,0.7494851926744117,0.739844472438083,1.0,1.0,1.0,0.8460230376912103,1.260271796726354,1.291406822422211,0.0,0.0,0.0
ektamy,15,linear,10.0,0.8395640345982004,0.8148675541736408,0.8143878712428965,1.0,1.0,1.0,1.143921480856495,1.2780330941827596,1.2805781194700685,0.0,0.0,0.0
ektamy,15,nearest,10.0,0.8146791095807292,0.6631592061913943,0.6860506319172093,1.0,1.0,1.0,1.0322693987752207,1.5359984815148546,1.4819908183735016,0.0,0.0,0.0
ektuyo,15,linear,10.0,0.9151670075362627,0.8990202010310191,0.8953765943580316,1.0,1.0,1.0,0.7124576323382673,0.8214265200376801,0.8454199266613,0.0,0.0,0.0
ektuyo,15,nearest,10.0,0.8610247269705374,0.8232718220931324,0.8380249884054721,1.0,1.0,1.0,0.6997390331238141,0.8797168533412226,0.7775710192123432,0.0,0.0,0.0
ekyosj,15,linear,10.0,0.8393683802271459,0.8154790693654888,0.8075138919514973,1.0,1.0,1.0,1.2116767839938412,1.3513685284887942,1.3966988107226523,0.0,0.0,0.0
ekyosj,15,nearest,10.0,0.8167268563286293,0.6694286879980824,0.6684439247143018,1.0,1.0,1.0,1.0510970164723812,1.5645536594484337,1.5695628138170699,0.0,0.0,0.0
elafle,15,linear,10.0,0.8587469799378697,0.8325099785863757,0.8265938850811669,1.0,1.0,1.0,1.1102092607265663,1.271717403505364,1.3071164030912859,0.0,0.0,0.0
elafle,15,nearest,10.0,0.8279280642715663,0.6641296248849706,0.7042461495162238,1.0,1.0,1.0,0.9827274934251916,1.5646039252092905,1.4420184534114506,0.0,0.0,0.0
elbnax,15,linear,10.0,0.8398163271479031,0.8100301524385197,0.8030774088977828,1.0,1.0,1.0,1.2090012377069632,1.3824431587458024,1.421690519301905,0.0,0.0,0.0
elbnax,15,nearest,10.0,0.833684589733419,0.7321160386362195,0.7435573191446445,1.0,1.0,1.0,0.9076550985026531,1.255473199708308,1.2230305989537482,0.0,0.0,0.0
elfyea,15,linear,10.0,0.8412589589127033,0.8202338143594678,0.8252103222760387,1.0,1.0,1.0,0.9998744834791246,1.0969694369023866,1.0743941782830153,0.0,0.0,0.0
elfyea,15,nearest,10.0,0.8262694241164116,0.7123857010795016,0.7086263990062283,1.0,1.0,1.0,0.954412768833554,1.341675842786139,1.3552992679608133,0.0,0.0,0.0
elhuyo,15,linear,10.0,0.8601500278448002,0.8236775215184828,0.829222718485904,1.0,1.0,1.0,0.8635457116453027,1.0246105071207074,1.0010343478016153,0.0,0.0,0.0
elhuyo,15,nearest,10.0,0.8008912684864351,0.6138868953625635,0.6470496644145239,1.0,1.0,1.0,1.0797164358141702,1.6613778197529527,1.5792118354763298,0.0,0.0,0.0
ellimt,15,linear,10.0,0.8812096765897529,0.8567396416612751,0.8467066426521683,1.0,1.0,1.0,0.9899744596819611,1.1524166651196142,1.216921310660126,0.0,0.0,0.0
ellimt,15,nearest,10.0,0.8434320873861764,0.6690385686025303,0.665774784688375,1.0,1.0,1.0,0.96982689571847,1.642088218025351,1.654671082586069,0.0,0.0,0.0
elswck,15,linear,10.0,0.8494875238386443,0.8258697581761985,0.8233729625056083,1.0,1.0,1.0,1.1318089109932288,1.2694580316054533,1.2836715454645409,0.0,0.0,0.0
elswck,15,nearest,10.0,0.818808035255296,0.7174385433243896,0.721959373325073,1.0,1.0,1.0,0.9588250221488819,1.2957258146650434,1.2833888045667288,0.0,0.0,0.0
elvgid,15,linear,10.0,0.9503087563198367,0.9233329723929902,0.9215329736753783,1.0,1.0,1.0,0.4135339335390754,0.588506361039156,0.5995888152459615,0.0,0.0,0.0
elvgid,15,nearest,10.0,0.8296922816073447,0.6618928073436509,0.6949244075800118,1.0,1.0,1.0,0.9990236610730636,1.5992102764138498,1.497558240871634,0.0,0.0,0.0
elwesn,15,linear,10.0,0.8855547443082761,0.867494670818989,0.8679962199232166,1.0,1.0,1.0,0.8565160444459367,0.9617852315881819,0.9589194022895117,0.0,0.0,0.0
elwesn,15,nearest,10.0,0.8554624352650771,0.8016051717782301,0.7935833832081237,1.0,1.0,1.0,0.7887360981013734,1.0190705250583085,1.050363626190241,0.0,0.0,0.0
enarwe,15,linear,10.0,0.8778128104160434,0.8483749401923286,0.8375533780483763,1.0,1.0,1.0,1.0636996138298522,1.2692047266545798,1.3422132741043853,0.0,0.0,0.0
enarwe,15,nearest,10.0,0.8245618630156765,0.7098272065307347,0.7114644558905608,1.0,1.0,1.0,0.981150146268037,1.413969041867413,1.408495381785886,0.0,0.0,0.0
enekbl,15,linear,10.0,0.864301374443311,0.8385115785633894,0.8352070990652127,1.0,1.0,1.0,1.042302200640659,1.196516621597516,1.215743154252364,0.0,0.0,0.0
enekbl,15,nearest,10.0,0.8235877150664688,0.7114753481798161,0.7218115983485076,1.0,1.0,1.0,0.9655792283862588,1.3408547015948988,1.3147025493755078,0.0,0.0,0.0
enidmo,15,linear,10.0,0.8930138206334376,0.8616379270672085,0.8597053436962678,1.0,1.0,1.0,0.9187026134066586,1.133381393843826,1.146188595317938,0.0,0.0,0.0
enidmo,15,nearest,10.0,0.8934880213388418,0.8159857470216165,0.805439546438489,1.0,1.0,1.0,0.6648749193835406,0.9914440160358142,1.0330097519687915,0.0,0.0,0.0
enjubp,15,linear,10.0,0.8557402427242939,0.8333749438745752,0.8264266971666823,1.0,1.0,1.0,1.0943436917662526,1.2263537835641698,1.2662790378288271,0.0,0.0,0.0
enjubp,15,nearest,10.0,0.827521226934793,0.678163705982392,0.6787547110012676,1.0,1.0,1.0,0.9907330634486785,1.531047641887519,1.5370453112755504,0.0,0.0,0.0
enkkan,15,linear,10.0,0.8715619455899131,0.8512863694333896,0.8474560699535104,1.0,1.0,1.0,0.9974615962780613,1.1210764164346447,1.1438853405035845,0.0,0.0,0.0
enkkan,15,nearest,10.0,0.8289418783895532,0.6972299283069134,0.7217302934729418,1.0,1.0,1.0,0.9330574439782171,1.3776181245304906,1.2965465182727756,0.0,0.0,0.0
enyene,15,linear,10.0,0.9314917565780443,0.9079817930752168,0.8959145739200989,1.0,1.0,1.0,0.5374231262645198,0.6810343068825541,0.7508708221550273,0.0,0.0,0.0
enyons,15,linear,10.0,0.8404499138407585,0.8137954685656132,0.8092089361155741,1.0,1.0,1.0,1.1851847435366694,1.3376256089140717,1.363152013082856,0.0,0.0,0.0
enyons,15,nearest,10.0,0.840621244062447,0.7342412636827785,0.7529777453340456,1.0,1.0,1.0,0.8807745028516071,1.2369254594657162,1.1914274595659755,0.0,0.0,0.0
eoccoi,15,linear,10.0,0.8345053826044608,0.803365945349772,0.793577470408631,1.0,1.0,1.0,1.2773906056931033,1.463800544516065,1.5205124882635435,0.0,0.0,0.0
eoccoi,15,nearest,10.0,0.8235534394211952,0.7003839455315951,0.7146645560958882,1.0,1.0,1.0,0.9860126258973825,1.4137326412602533,1.3729424683904548,0.0,0.0,0.0
eoffri,15,linear,10.0,0.8756437179101103,0.8498103250451374,0.8411076769109513,1.0,1.0,1.0,1.0391796901189876,1.2110734627925395,1.2672223345859777,0.0,0.0,0.0
eoffri,15,nearest,10.0,0.8354445246066822,0.7369828504215543,0.7490110352452485,1.0,1.0,1.0,0.9014392254991052,1.2313295992254196,1.2028170851242035,0.0,0.0,0.0
eoivqu,15,linear,10.0,0.8671951385906074,0.8308656763395197,0.8207842281256441,1.0,1.0,1.0,1.083934718714539,1.3165099400762843,1.3785348517215166,0.0,0.0,0.0
eoivqu,15,nearest,10.0,0.8375050839379199,0.6556303668182024,0.654923055378876,1.0,1.0,1.0,1.01754642759351,1.7285404183274198,1.7308381858722763,0.0,0.0,0.0
eokrac,15,linear,10.0,0.8552358932494998,0.8270288113265276,0.8239656856742728,1.0,1.0,1.0,1.1155547590093176,1.2845519013079958,1.3024007156090527,0.0,0.0,0.0
eokrac,15,nearest,10.0,0.8178416168048555,0.6836387719076341,0.7030517445377779,1.0,1.0,1.0,0.9851833489387096,1.418832365076897,1.3686193870130574,0.0,0.0,0.0
eolgug,15,linear,10.0,0.8700682070913774,0.8461298501344925,0.8472347857598255,1.0,1.0,1.0,0.9691251359898467,1.1071980430884614,1.1009714825601746,0.0,0.0,0.0
eolgug,15,nearest,10.0,0.8381236000302074,0.7299302969616857,0.7320017456500538,1.0,1.0,1.0,0.9097135652285516,1.2936198629752171,1.2935806974329473,0.0,0.0,0.0
eoslui,15,linear,10.0,0.8539745930749829,0.8378285530482181,0.8345374356133692,1.0,1.0,1.0,1.0378800700535569,1.1259934706491164,1.1436067310983085,0.0,0.0,0.0
eoslui,15,nearest,10.0,0.8451185573693482,0.7523397406872612,0.7579061815040866,1.0,1.0,1.0,0.8820782956012941,1.2168513861104178,1.2054034261813493,0.0,0.0,0.0
eovsyt,15,linear,10.0,0.851144239393059,0.8248177179769169,0.8217029813670638,1.0,1.0,1.0,1.121925747065512,1.2754545665103705,1.293143692790672,0.0,0.0,0.0
eovsyt,15,nearest,10.0,0.847949986466943,0.7070509417654778,0.712871798527402,1.0,1.0,1.0,0.9185146805595246,1.4580730318907023,1.439108744760943,0.0,0.0,0.0
eoydba,15,linear,10.0,0.9144220937733631,0.8865977670640404,0.877059149526004,1.0,1.0,1.0,0.7473600669716483,0.9418561396410075,1.0058350349483,0.0,0.0,0.0
epabca,15,linear,10.0,0.8352162265503129,0.8116209241555359,0.8117121566022564,1.0,1.0,1.0,1.1082385474989902,1.2269151961717393,1.2264667929594661,0.0,0.0,0.0
epabca,15,nearest,10.0,0.8252746114730619,0.7095669870773166,0.7089020469669284,1.0,1.0,1.0,0.953692717242206,1.346873963503045,1.3608852112721361,0.0,0.0,0.0
epemva,15,linear,10.0,0.8555443277575416,0.8350362981139036,0.8367048272914503,1.0,1.0,1.0,1.0013282528269725,1.1091648168300223,1.1005622034341827,0.0,0.0,0.0
epemva,15,nearest,10.0,0.8364574529241398,0.7482557771892867,0.7523290552309073,1.0,1.0,1.0,0.9105270231046136,1.2437401336559888,1.2223200478419451,0.0,0.0,0.0
epkiap,15,linear,10.0,0.8530315628442837,0.8263922961771479,0.8189773265324207,1.0,1.0,1.0,1.1460493725812353,1.3083163509213354,1.3521726608318012,0.0,0.0,0.0
epkiap,15,nearest,10.0,0.8124838000055987,0.6735507357491117,0.6957403923172252,1.0,1.0,1.0,1.0169700672325774,1.4723608253989717,1.4077485802570062,0.0,0.0,0.0
equioc,15,linear,10.0,0.8663527231248684,0.8383952236029071,0.8251603895617199,1.0,1.0,1.0,1.1350806218400455,1.3246202802370142,1.4113629003642487,0.0,0.0,0.0
equioc,15,nearest,10.0,0.857210761828257,0.7605356407663907,0.7547335442748541,1.0,1.0,1.0,0.8763875653600156,1.2727154704407229,1.299584539089582,0.0,0.0,0.0
equoaw,15,linear,10.0,0.8880796666773191,0.8664180006882763,0.865477829850712,1.0,1.0,1.0,0.8604602916235565,0.9906255476002328,0.9961362785746337,0.0,0.0,0.0
equoaw,15,nearest,10.0,0.847907198246959,0.747474395267869,0.7500194809307622,1.0,1.0,1.0,0.8662296928755007,1.2307230975007493,1.2304682585824906,0.0,0.0,0.0
erjboy,15,linear,10.0,0.8681997646628501,0.8411200715338508,0.8343464133497626,1.0,1.0,1.0,1.0641650225379882,1.236535519409631,1.2783667820689775,0.0,0.0,0.0
erjboy,15,nearest,10.0,0.8461024297363853,0.7296899185639212,0.7055478639864129,1.0,1.0,1.0,0.9206081368641105,1.3744651829222152,1.4541792427727511,0.0,0.0,0.0
erjcre,15,linear,10.0,0.8587608345544241,0.8365620690740433,0.8355055473796367,1.0,1.0,1.0,1.011192393418679,1.1327848965632417,1.138437462378956,0.0,0.0,0.0
erjcre,15,nearest,10.0,0.8451370124640025,0.7174146768888768,0.7151389606339279,1.0,1.0,1.0,0.9297371578300127,1.421359229080769,1.4292627048972966,0.0,0.0,0.0
erjtai,15,linear,10.0,0.8621505149341862,0.8328690667979282,0.8259920014527626,1.0,1.0,1.0,1.0727642140114344,1.250257424844866,1.2906039145554082,0.0,0.0,0.0
erjtai,15,nearest,10.0,0.8357210199121051,0.7095434335097026,0.7035685368944413,1.0,1.0,1.0,0.9814739891644563,1.4716785791778433,1.5022510625226198,0.0,0.0,0.0
erulgh,15,linear,10.0,0.8698252263704369,0.8439992631895107,0.8339789236772646,1.0,1.0,1.0,1.0664959064250223,1.234133429540794,1.2971474221247008,0.0,0.0,0.0
erulgh,15,nearest,10.0,0.8267240831661989,0.7043161518588161,0.7253043633070102,1.0,1.0,1.0,0.9595276292266269,1.3892990819338955,1.3242176591195356,0.0,0.0,0.0
erwumu,15,linear,10.0,0.8680507742967081,0.8481958950280698,0.8404493547561754,1.0,1.0,1.0,1.0192291365815893,1.1394926445071882,1.1851880178436225,0.0,0.0,0.0
erwumu,15,nearest,10.0,0.8105048028370394,0.6634567797901179,0.6924964719423952,1.0,1.0,1.0,0.9996086932635269,1.4521293500064605,1.377495373919842,0.0,0.0,0.0
eryeig,15,linear,10.0,0.8401057671865165,0.8160311316599336,0.8135073387232392,1.0,1.0,1.0,1.1409091920759342,1.2718504185787185,1.2852441961969876,0.0,0.0,0.0
eryeig,15,nearest,10.0,0.8315243392807475,0.6873943565094949,0.6792371653175392,1.0,1.0,1.0,0.9796851342882676,1.510544684092811,1.5384805950139429,0.0,0.0,0.0
eshria,15,linear,10.0,0.8915027395406824,0.8697304547524136,0.8720170880544009,1.0,1.0,1.0,0.8392947146850384,0.9711216391938893,0.9575764810250216,0.0,0.0,0.0
eshria,15,nearest,10.0,0.8234650390295947,0.7007017531615646,0.7111601366824654,1.0,1.0,1.0,0.9808261663785576,1.3968393460683943,1.3748590428049838,0.0,0.0,0.0
eshroa,15,linear,10.0,0.8614132731738258,0.8384503054833256,0.826612341973743,1.0,1.0,1.0,1.13487248339641,1.2842028378394585,1.358946574651816,0.0,0.0,0.0
eshroa,15,nearest,10.0,0.8334582034191044,0.7220631085789667,0.7391277812067294,1.0,1.0,1.0,0.9128168901086826,1.2871180324095963,1.2361644683497628,0.0,0.0,0.0
esnddc,15,linear,10.0,0.8845291633907931,0.8656367663053934,0.8614855817570106,1.0,1.0,1.0,0.8997860634751808,1.0156290843644005,1.0404698827166352,0.0,0.0,0.0
esnddc,15,nearest,10.0,0.838300524591269,0.7493396588142214,0.7573418376351349,1.0,1.0,1.0,0.8925030300502029,1.19992104537445,1.1798410700370252,0.0,0.0,0.0
esudce,15,linear,10.0,0.885303413116301,0.8619482167407151,0.8560311839384822,1.0,1.0,1.0,0.9251047014347348,1.0740242447632322,1.1106619543761085,0.0,0.0,0.0
esudce,15,nearest,10.0,0.8477602961832088,0.7657171577509233,0.755851413235887,1.0,1.0,1.0,0.8142137780693215,1.0961708682171116,1.1454846720016356,0.0,0.0,0.0
etalra,15,linear,10.0,0.8381825951794384,0.7977222227485484,0.7823972459585811,1.0,1.0,1.0,1.3260282964732342,1.585721660068787,1.6801267073228963,0.0,0.0,0.0
etirnf,15,linear,10.0,0.9142621657802821,0.8731532277881155,0.8579255856450008,1.0,1.0,1.0,0.6938634350793623,0.9508213437647027,1.0400110782693828,0.0,0.0,0.0
etnads,15,linear,10.0,0.842227759188288,0.8202163008384522,0.8150369183561518,1.0,1.0,1.0,1.1530613493680688,1.27683215274827,1.3052489438020776,0.0,0.0,0.0
etnads,15,nearest,10.0,0.8423431202074877,0.7325165941079652,0.7450155957759282,1.0,1.0,1.0,0.9171759367094652,1.2959691625839964,1.2669865310208202,0.0,0.0,0.0
eufdod,15,linear,10.0,0.8618765600542286,0.8392574197489502,0.8369153686210293,1.0,1.0,1.0,0.993673412409437,1.1183108271644007,1.13089206077922,0.0,0.0,0.0
eufdod,15,nearest,10.0,0.833121266385231,0.7134719437007111,0.7150342898065966,1.0,1.0,1.0,0.9802476315010658,1.4387077313848402,1.432801326181791,0.0,0.0,0.0
evbacc,15,linear,10.0,0.8369946129962581,0.8127286062802452,0.8099919429508358,1.0,1.0,1.0,1.1829433341873388,1.3178305053445056,1.3326814172681023,0.0,0.0,0.0
evbacc,15,nearest,10.0,0.8115352459183203,0.6952587115591409,0.6817194219969512,1.0,1.0,1.0,1.0322597853579776,1.49130587256369,1.5064227680708615,0.0,0.0,0.0
evdyff,15,linear,10.0,0.8548069683303945,0.8252446487015593,0.8170634904811802,1.0,1.0,1.0,1.1504803685974558,1.33382389403266,1.38296328794449,0.0,0.0,0.0
evdyff,15,nearest,10.0,0.8286979738815695,0.6868449618147199,0.6935431039121064,1.0,1.0,1.0,0.9867527459675791,1.4992141675410757,1.4783683577877003,0.0,0.0,0.0
evfler,15,linear,10.0,0.8912197424498478,0.8654260901377678,0.8609394576044054,1.0,1.0,1.0,0.8987606345637336,1.067832667527526,1.0963583134914061,0.0,0.0,0.0
evijce,15,linear,10.0,0.930347357046279,0.9040409923464827,0.9000984503937799,1.0,1.0,1.0,0.6367512992428495,0.8309548140945721,0.858987860151705,0.0,0.0,0.0
evjoko,15,linear,10.0,0.8528426167897343,0.8291351360669762,0.823722930886368,1.0,1.0,1.0,1.1117616030845934,1.2507747151884983,1.2816830222665856,0.0,0.0,0.0
evjoko,15,nearest,10.0,0.837814797374986,0.6891788881639926,0.7101914689051804,1.0,1.0,1.0,0.9237067895632842,1.4271323234219988,1.3675345699642687,0.0,0.0,0.0
evmaja,15,linear,10.0,0.9410100023951875,0.9186956018375707,0.9186963911043489,1.0,1.0,1.0,0.5348994002521014,0.6982319428443985,0.6982263521855137,0.0,0.0,0.0
evmaja,15,nearest,10.0,0.8230025894002118,0.5554819293901146,0.6257783503385539,1.0,1.0,1.0,1.0274590678536049,1.8801358875852994,1.7023018197308193,0.0,0.0,0.0
evtitd,15,linear,10.0,0.8635376766316774,0.8368234248184847,0.8234032629400543,1.0,1.0,1.0,1.1326831143023133,1.308833247403573,1.3944076908560903,0.0,0.0,0.0
evtitd,15,nearest,10.0,0.8263356847202047,0.6765922723718215,0.6823141545471882,1.0,1.0,1.0,0.9766387662929326,1.4917838280251559,1.4821186555161585,0.0,0.0,0.0
ewbglo,15,linear,10.0,0.8520286630366407,0.8213571024237293,0.8124080595437708,1.0,1.0,1.0,1.1352118981731034,1.3175272820397523,1.3689167900756978,0.0,0.0,0.0
ewbglo,15,nearest,10.0,0.8414203023002446,0.7263297233987963,0.7225219417683948,1.0,1.0,1.0,0.9024344464762578,1.312286897141744,1.3226797936934431,0.0,0.0,0.0
ewedkl,15,linear,10.0,0.9113283025209016,0.8882846237967407,0.8970075173994037,1.0,1.0,1.0,0.6809534332771453,0.8186931787376499,0.7675468451879682,0.0,0.0,0.0
ewedkl,15,nearest,10.0,0.8010316821919609,0.6465554546954279,0.6714085637550903,1.0,1.0,1.0,1.034513174665215,1.4957907957765268,1.4317753897378813,0.0,0.0,0.0
ewufri,15,linear,10.0,0.8724101101390089,0.8462356455267932,0.8340691421756359,1.0,1.0,1.0,1.0723101387169434,1.2476870627634773,1.3265473266629138,0.0,0.0,0.0
ewufri,15,nearest,10.0,0.8662549124899337,0.7612291918664651,0.7577801805261096,1.0,1.0,1.0,0.8098521358937334,1.218498684607994,1.2359250861096398,0.0,0.0,0.0
ewvnil,15,linear,10.0,0.8707637901526911,0.8483885296729876,0.842736886668032,1.0,1.0,1.0,1.0186467266546724,1.1573797966502182,1.1915040267997627,0.0,0.0,0.0
ewvnil,15,nearest,10.0,0.8351662857775591,0.6773583375196683,0.6842936653024821,1.0,1.0,1.0,0.9398401195963938,1.479759314165421,1.4593819069726002,0.0,0.0,0.0
exskaf,15,linear,10.0,0.838554626708406,0.8105009964777466,0.8023248206585187,1.0,1.0,1.0,1.216531770095088,1.3797690583933564,1.4259121204913707,0.0,0.0,0.0
exskaf,15,nearest,10.0,0.8496335289874174,0.7573734381818927,0.7498976760957645,1.0,1.0,1.0,0.8755424375005662,1.22801888317212,1.2502712382456729,0.0,0.0,0.0
eybmij,15,linear,10.0,0.8538856350635086,0.8319384508934218,0.8261042782098984,1.0,1.0,1.0,1.1238449852423646,1.2557455068238035,1.289949060269363,0.0,0.0,0.0
eybmij,15,nearest,10.0,0.8291108119728343,0.6975096655906714,0.6771154223768108,1.0,1.0,1.0,0.9978317710049806,1.4862750289518487,1.5509783413249452,0.0,0.0,0.0
eybyay,15,linear,10.0,0.835903452272088,0.802470856200066,0.7966064728965173,1.0,1.0,1.0,1.2512497238187397,1.447903461608744,1.48130893438134,0.0,0.0,0.0
eybyay,15,nearest,10.0,0.8188160091835722,0.6910498756472061,0.7043177096164455,1.0,1.0,1.0,1.0078047293203165,1.4437539908329569,1.407335394282594,0.0,0.0,0.0
eydadg,15,linear,10.0,0.9414031737824455,0.912267020087796,0.9072522534398599,1.0,1.0,1.0,0.4390431280839606,0.6043231465440742,0.631071031685199,0.0,0.0,0.0
eydadg,15,nearest,10.0,0.8194221484002788,0.6673659500662615,0.6963932209760678,1.0,1.0,1.0,0.9675486622407918,1.4448074584503152,1.3668605745741393,0.0,0.0,0.0
eytups,15,linear,10.0,0.8466024112706125,0.8096793293946749,0.7980873462505265,1.0,1.0,1.0,1.2175854603986855,1.4457038343914965,1.5145875967795632,0.0,0.0,0.0
eytups,15,nearest,10.0,0.8154544570831982,0.6763748906216902,0.6890595005123777,1.0,1.0,1.0,1.0582732086334672,1.5549507804556502,1.514367807404089,0.0,0.0,0.0
iacbyb,15,linear,10.0,0.9248344784128365,0.9097508641708364,0.90872046738432,1.0,1.0,1.0,0.6231802569670423,0.7233838457016216,0.7300756439670341,0.0,0.0,0.0
iackaw,15,linear,10.0,0.8390116498333141,0.8140212865540065,0.8160788873204228,1.0,1.0,1.0,1.119633818236096,1.2509191721617736,1.2403435957701463,0.0,0.0,0.0
iackaw,15,nearest,10.0,0.8676985830823257,0.7617497044520061,0.7564217550820431,1.0,1.0,1.0,0.8146374977116503,1.244929805960324,1.266648334441485,0.0,0.0,0.0
iafbag,15,linear,10.0,0.8928659323129396,0.8749165474429679,0.8726001903407274,1.0,1.0,1.0,0.8471021245357945,0.959316913488973,0.973476791680475,0.0,0.0,0.0
iafbag,15,nearest,10.0,0.8542792890642579,0.7832081074741218,0.7889569674429253,1.0,1.0,1.0,0.8076404257055384,1.064326040585146,1.0463585803150939,0.0,0.0,0.0
iafstn,15,linear,10.0,0.8594940566683449,0.8371407985680512,0.8328735406969536,1.0,1.0,1.0,1.0716330024451637,1.2045062757071807,1.2292514875494738,0.0,0.0,0.0
iafstn,15,nearest,10.0,0.8147495543103429,0.6640740582142192,0.6895050769612746,1.0,1.0,1.0,1.0030750220750646,1.488563953124718,1.4195453578850268,0.0,0.0,0.0
iaggri,15,linear,10.0,0.8934576831517322,0.857484775420029,0.841106417675519,1.0,1.0,1.0,0.9573653035124812,1.2167603474252475,1.329567119837467,0.0,0.0,0.0
iaggri,15,nearest,10.0,0.8132116897316439,0.6555590672648194,0.6468860960446153,1.0,1.0,1.0,1.0682809166368872,1.6178869730764254,1.6430461404162207,0.0,0.0,0.0
iagods,15,linear,10.0,0.8748637601085426,0.8440906611497152,0.8435420572634436,1.0,1.0,1.0,0.794219274309143,0.9362516328847336,0.9386839703860217,0.0,0.0,0.0
iahoro,15,linear,10.0,0.8735228248398732,0.8560883736929255,0.8559444014383346,1.0,1.0,1.0,0.9271285809804696,1.0261269205779429,1.026929095753635,0.0,0.0,0.0
iahoro,15,nearest,10.0,0.8232948826037401,0.6582926641564445,0.6874207165088481,1.0,1.0,1.0,1.0262259948433392,1.6098578168237045,1.5212869636369024,0.0,0.0,0.0
iapber,15,linear,10.0,0.871711045997638,0.850436181527793,0.8431073702224653,1.0,1.0,1.0,1.0126379815073834,1.1449283637829386,1.1892778347594608,0.0,0.0,0.0
iapber,15,nearest,10.0,0.796710093654663,0.6840240751858647,0.699118027249729,1.0,1.0,1.0,1.0383221153726687,1.4348700456266659,1.3714142799432427,0.0,0.0,0.0
iatmeu,15,linear,10.0,0.888360195239462,0.8510381525550001,0.8384897462667646,1.0,1.0,1.0,0.9790801753210503,1.2400153486006775,1.3239942007310053,0.0,0.0,0.0
iatojb,15,linear,10.0,0.8297962431090806,0.8056526028661464,0.8097662867797397,1.0,1.0,1.0,1.0981410052011213,1.2128585363615785,1.1937071289067493,0.0,0.0,0.0
iatojb,15,nearest,10.0,0.811417501247644,0.6848796806692217,0.7026409612845609,1.0,1.0,1.0,1.0144976561064374,1.4262068776011747,1.3777551094415166,0.0,0.0,0.0
iawxbe,15,linear,10.0,0.8691705605589852,0.8320105149753271,0.8241845198493021,1.0,1.0,1.0,1.094469018123953,1.3397356195799743,1.3894760195977311,0.0,0.0,0.0
ibflsr,15,linear,10.0,0.8712097002418738,0.8458553176017081,0.8357738193001402,1.0,1.0,1.0,1.0805367839292053,1.250176573115057,1.3155931446469937,0.0,0.0,0.0
ibflsr,15,nearest,10.0,0.8200594861010252,0.7143905429439444,0.7160818119881238,1.0,1.0,1.0,0.9735503041188452,1.3994582677935195,1.3804826894681503,0.0,0.0,0.0
ibgryk,15,linear,10.0,0.8823473313524657,0.8534985420112413,0.8454515793412067,1.0,1.0,1.0,0.9822317861242283,1.1733806735960957,1.2249104137665836,0.0,0.0,0.0
ibgryk,15,nearest,10.0,0.8540749126013738,0.7684122926561847,0.781941135475663,1.0,1.0,1.0,0.7934432795022972,1.119096394718784,1.0529418231536491,0.0,0.0,0.0
iblool,15,linear,10.0,0.8773447722189032,0.8531315587162893,0.8513078881362411,1.0,1.0,1.0,0.9612627522707023,1.1100291036720393,1.1209478063901333,0.0,0.0,0.0
iblool,15,nearest,10.0,0.8446633834177054,0.7901211451051409,0.7973360283893041,1.0,1.0,1.0,0.8433614149905397,1.0520583169696547,1.0277149208796466,0.0,0.0,0.0
ibpijd,15,linear,10.0,0.8796948494847721,0.8577658577698578,0.8568344312363618,1.0,1.0,1.0,0.9298824349383339,1.0625516492951828,1.0680552130364391,0.0,0.0,0.0
ibpijd,15,nearest,10.0,0.8421753462756126,0.7359814526105329,0.7333616876490899,1.0,1.0,1.0,0.923340175410118,1.3327194756187537,1.3345797235046326,0.0,0.0,0.0
ibwici,15,linear,10.0,0.874644684459032,0.8484133517188037,0.8413358312675422,1.0,1.0,1.0,1.008430896592982,1.1747339450185028,1.218231414944947,0.0,0.0,0.0
ibwici,15,nearest,10.0,0.8613852747496493,0.7716717960882757,0.7830222160022469,1.0,1.0,1.0,0.8077828231648477,1.156949747324837,1.1175204201291913,0.0,0.0,0.0
icagpo,15,linear,10.0,0.8618897158587099,0.836642036999601,0.8251269393943267,1.0,1.0,1.0,1.1188501104197883,1.280504376746052,1.351941702044465,0.0,0.0,0.0
icagpo,15,nearest,10.0,0.8126990080229719,0.692667421029742,0.7099163568383917,1.0,1.0,1.0,1.025058163764574,1.4281206818297132,1.3792417876164083,0.0,0.0,0.0
icdahe,15,linear,10.0,0.9064236405821305,0.8540090272428836,0.8678769947720786,1.0,1.0,1.0,0.6354486226088307,0.891698050478737,0.8274779309025491,0.0,0.0,0.0
icdahe,15,nearest,10.0,0.8183702484232525,0.6256502472094541,0.6084192675769023,1.0,1.0,1.0,1.105360607074593,1.823166699761827,1.8750343818535302,0.0,0.0,0.0
icdapn,15,linear,10.0,0.8304455004684071,0.799359933501675,0.7936506951803988,1.0,1.0,1.0,1.2645311695413886,1.4424934968167897,1.4742008914955667,0.0,0.0,0.0
icdapn,15,nearest,10.0,0.845211305877978,0.7155698086103831,0.7244002411969658,1.0,1.0,1.0,0.8891624317146012,1.3458456309654292,1.3212121634317648,0.0,0.0,0.0
icdult,15,linear,10.0,0.910061248257169,0.8843997224459187,0.8863618379974928,1.0,1.0,1.0,0.74740230678555,0.9164916014696509,0.9039166031098276,0.0,0.0,0.0
icdult,15,nearest,10.0,0.9075487967921652,0.8695944207422028,0.8547311103895663,1.0,1.0,1.0,0.6295015273533267,0.8193605979924306,0.8884107268042879,0.0,0.0,0.0
icedpa,15,linear,10.0,0.9256423495817798,0.9080089603658987,0.9106640027012844,1.0,1.0,1.0,0.6176872275526436,0.7346856580170908,0.7174379821289811,0.0,0.0,0.0
icedpa,15,nearest,10.0,0.8065300257090907,0.6575415367535808,0.6680174806966811,1.0,1.0,1.0,1.0635443898536414,1.5576706663129862,1.5287818100285389,0.0,0.0,0.0
ichank,15,linear,10.0,0.8762247131955271,0.8563371240445271,0.8587827421135543,1.0,1.0,1.0,0.8600707933929418,0.9651148970449336,0.9524591604772852,0.0,0.0,0.0
ichank,15,nearest,10.0,0.8460077293939259,0.7398169664885375,0.7389206663385623,1.0,1.0,1.0,0.8988809582085938,1.2946377993495892,1.2935945625706933,0.0,0.0,0.0
ichiki,15,linear,10.0,0.883261947164244,0.8642317559562789,0.8574193438391504,1.0,1.0,1.0,0.9518933661887259,1.0754502177445318,1.1185687434118707,0.0,0.0,0.0
ichiki,15,nearest,10.0,0.8565777410271438,0.7265056008306412,0.7330784736567856,1.0,1.0,1.0,0.8465859752863356,1.3360386975656569,1.3092019190948485,0.0,0.0,0.0
ickguw,15,linear,10.0,0.8574450756707064,0.8370128642120643,0.83246199713837,1.0,1.0,1.0,1.084050029261418,1.2052509303660002,1.2316279284057399,0.0,0.0,0.0
ickguw,15,nearest,10.0,0.8443944600830672,0.7215476138291244,0.7282720040450988,1.0,1.0,1.0,0.9406589235929992,1.414775024509721,1.3974173526605953,0.0,0.0,0.0
ickphi,15,linear,10.0,0.8697718360046446,0.8463493652809468,0.8403575587137779,1.0,1.0,1.0,1.0399650642247704,1.1874760283015335,1.22420070449702,0.0,0.0,0.0
ickphi,15,nearest,10.0,0.8143706059612567,0.7052615723745518,0.7039480907880348,1.0,1.0,1.0,1.012359813229194,1.3853622059827497,1.3895739364096944,0.0,0.0,0.0
ickviy,15,linear,10.0,0.866042154316524,0.8329668681829097,0.8230734234378265,1.0,1.0,1.0,1.1157412495445302,1.3336143497763744,1.3964879780145885,0.0,0.0,0.0
ickviy,15,nearest,10.0,0.800267214480791,0.663131600267153,0.6735149153019105,1.0,1.0,1.0,1.0941685260016016,1.5589293624311373,1.5274030490338446,0.0,0.0,0.0
icodmu,15,linear,10.0,0.853621168527045,0.8158897205424231,0.8091871960780919,1.0,1.0,1.0,1.1580198081651936,1.3899599014425223,1.4296607576310305,0.0,0.0,0.0
ictlyp,15,linear,10.0,0.8944964260437087,0.8655253986937134,0.8575156377330257,1.0,1.0,1.0,0.9082168897535808,1.1074817260623213,1.1606457845300502,0.0,0.0,0.0
ictlyp,15,nearest,10.0,0.8312543658597703,0.7264788217297652,0.7259633763958953,1.0,1.0,1.0,0.9647584559160894,1.348584776030077,1.3500099274683273,0.0,0.0,0.0
ictmuo,15,linear,10.0,0.9612974431065464,0.9478971245253115,0.9495945097287507,1.0,1.0,1.0,0.35241917655459476,0.45157216473434475,0.43933343052073665,0.0,0.0,0.0
ictmuo,15,nearest,10.0,0.8777369607384292,0.7888125472344335,0.7796049929003266,1.0,1.0,1.0,0.754564962265101,1.1087457612603475,1.1386307735456567,0.0,0.0,0.0
icwiro,15,linear,10.0,0.8376522649771301,0.8116452479437746,0.8001641284202741,1.0,1.0,1.0,1.2219071574024258,1.3732617362253698,1.438003822517658,0.0,0.0,0.0
icwiro,15,nearest,10.0,0.823545363889182,0.6931648918564131,0.7086005478740581,1.0,1.0,1.0,0.9583140296386785,1.4584388456693897,1.4066225444724927,0.0,0.0,0.0
idbayb,15,linear,10.0,0.8651055115034952,0.843877341859519,0.8430690938541789,1.0,1.0,1.0,0.9983155594824004,1.119849616204954,1.1243756913357856,0.0,0.0,0.0
idbayb,15,nearest,10.0,0.8316577799844441,0.7397783870687569,0.7405819526170224,1.0,1.0,1.0,0.9207144998148962,1.2395221036516093,1.2370348047165725,0.0,0.0,0.0
idcadg,15,linear,10.0,0.92564471537395,0.9092676453866261,0.9087130863036703,1.0,1.0,1.0,0.5907121199715255,0.6936275311967675,0.6970256091622765,0.0,0.0,0.0
idcadg,15,nearest,10.0,0.8089741324735905,0.6720697160832423,0.6724061779588977,1.0,1.0,1.0,1.0049303922051183,1.4323596077868346,1.431032596705497,0.0,0.0,0.0
ideutg,15,linear,10.0,0.8481654666240814,0.8262980015126982,0.8255576324875475,1.0,1.0,1.0,1.0699158478768869,1.1872097159105333,1.1910939369291393,0.0,0.0,0.0
ideutg,15,nearest,10.0,0.8276292919679472,0.6828726464345604,0.7211215972282956,1.0,1.0,1.0,0.9322877811598204,1.422789833474927,1.2966066706306272,0.0,0.0,0.0
idholv,15,linear,10.0,0.8586787041560557,0.8392385529871299,0.8373379364777594,1.0,1.0,1.0,1.0116526216006891,1.1184124107030806,1.128626380553429,0.0,0.0,0.0
idholv,15,nearest,10.0,0.8222896875982785,0.6903400165607141,0.6987523441748422,1.0,1.0,1.0,0.9991829955839823,1.473168777551427,1.4379067012120128,0.0,0.0,0.0
idjoat,15,linear,10.0,0.8538162914621553,0.7206926106005218,0.707529030914469,1.0,1.0,1.0,1.0105966064069223,1.6386203371723578,1.6929616202374402,0.0,0.0,0.0
idjoat,15,nearest,10.0,0.8153020503808026,0.6416236170331909,0.642045501852124,1.0,1.0,1.0,1.0596431652085219,1.65807997243018,1.6568811550312794,0.0,0.0,0.0
idjojw,15,linear,10.0,0.9798043645559527,0.9691573847075854,0.9715980231985331,1.0,1.0,1.0,0.19923389129217853,0.2851862570605374,0.26604785888964744,0.0,0.0,0.0
idjokv,15,linear,10.0,0.8671230962492633,0.84364220988868,0.8357738804181841,1.0,1.0,1.0,1.0711851778115067,1.2208341923729076,1.2695917147784492,0.0,0.0,0.0
idjokv,15,nearest,10.0,0.8202068671756944,0.6939958649593724,0.6947605655988839,1.0,1.0,1.0,0.9817874828483175,1.4152221228320985,1.4115971481223268,0.0,0.0,0.0
idlorr,15,linear,10.0,0.8630824095445875,0.8359995257335514,0.8336925972828487,1.0,1.0,1.0,1.0497660223093868,1.2111430621455548,1.2245166532877787,0.0,0.0,0.0
idlorr,15,nearest,10.0,0.8165665001629141,0.6176798052411542,0.6629470928216404,1.0,1.0,1.0,1.018448115127451,1.658799507048998,1.5435659548130427,0.0,0.0,0.0
idodly,15,linear,10.0,0.8702355670095001,0.8459676897903039,0.8368357884749087,1.0,1.0,1.0,1.0369772493272205,1.1898271201841297,1.2456052284136474,0.0,0.0,0.0
idshyw,15,linear,10.0,0.8817472142683623,0.857417686870771,0.8553664801868022,1.0,1.0,1.0,0.9171448618238619,1.0646101007257525,1.076708273945297,0.0,0.0,0.0
idshyw,15,nearest,10.0,0.8423562791823918,0.7418393165816577,0.7435623069983176,1.0,1.0,1.0,0.8793893959149787,1.240429597623557,1.234373603653342,0.0,0.0,0.0
idsmuk,15,linear,10.0,0.859348864439389,0.8341092730691028,0.8289496381469477,1.0,1.0,1.0,1.0901705868034965,1.242929649747616,1.27331106388642,0.0,0.0,0.0
idsmuk,15,nearest,10.0,0.8474959219389485,0.7032215646256632,0.7262392680911538,1.0,1.0,1.0,0.912128311519845,1.441062823977118,1.3854713390955649,0.0,0.0,0.0
idtwal,15,linear,10.0,0.8618997840669218,0.8083770502701754,0.8040172162576087,1.0,1.0,1.0,0.8999005138084921,1.1497889366532401,1.1688784675882589,0.0,0.0,0.0
idvoww,15,linear,10.0,0.8557488029175309,0.8332204919709213,0.8225592270312433,1.0,1.0,1.0,1.1444804441390721,1.2852731458978468,1.3500262832895056,0.0,0.0,0.0
idvoww,15,nearest,10.0,0.8311886616941794,0.705953792829567,0.7263251803072952,1.0,1.0,1.0,0.9495514097955681,1.4005222196829825,1.3381710971673286,0.0,0.0,0.0
ifanfa,15,linear,10.0,0.9221921811977805,0.8990800700549902,0.9011602731180737,1.0,1.0,1.0,0.6528793851001495,0.8071536886893571,0.7936452530866213,0.0,0.0,0.0
ifanfa,15,nearest,10.0,0.8246765370451707,0.7278904609964065,0.7455881179617376,1.0,1.0,1.0,0.9467785463673054,1.2752121515547878,1.2203264770268099,0.0,0.0,0.0
ifefro,15,linear,10.0,0.8728652750134462,0.841181144757911,0.8332100033287745,1.0,1.0,1.0,1.0335744857488431,1.2361561289829366,1.2853374209061301,0.0,0.0,0.0
ifefro,15,nearest,10.0,0.8263550532858811,0.6561644432946709,0.6726775986604664,1.0,1.0,1.0,1.0132652283654773,1.6161129770008502,1.5668120629384574,0.0,0.0,0.0
ifelas,15,linear,10.0,0.8752978833210133,0.8358280620007112,0.8201629676325828,1.0,1.0,1.0,1.0724531457931252,1.3415878795028067,1.4436550811533302,0.0,0.0,0.0
ifelas,15,nearest,10.0,0.8411275519717181,0.7483099272441741,0.7426097564892647,1.0,1.0,1.0,0.8805939503517227,1.2083779436998137,1.2302221721848232,0.0,0.0,0.0
ifkald,15,linear,10.0,0.8770718522711566,0.8481782351729947,0.8391706873364948,1.0,1.0,1.0,1.0503207296700159,1.247465930341065,1.3069360194925848,0.0,0.0,0.0
ifkald,15,nearest,10.0,0.7822729952162074,0.6175403307422507,0.6574377817447874,1.0,1.0,1.0,1.1010844462413376,1.5659449355228396,1.4701977639071973,0.0,0.0,0.0
ifragc,15,linear,10.0,0.8865821251812576,0.8645038540409573,0.8724698358848226,1.0,1.0,1.0,0.8033209482586045,0.9225734398993396,0.880286224928204,0.0,0.0,0.0
ifragc,15,nearest,10.0,0.8380853690265336,0.7320224745389335,0.7301911595775704,1.0,1.0,1.0,0.9181696870800015,1.304819887016562,1.3118459456107645,0.0,0.0,0.0
igglit,15,linear,10.0,0.8550766798427678,0.8210307404508912,0.807359398225639,1.0,1.0,1.0,1.201308096572892,1.4241053599968396,1.5102596886384554,0.0,0.0,0.0
igsoys,15,linear,10.0,0.8578859756518914,0.8311961090360198,0.8165126304368677,1.0,1.0,1.0,1.1582046846252203,1.3301768237596459,1.421596447775571,0.0,0.0,0.0
igsoys,15,nearest,10.0,0.8410450884729678,0.6485936978686744,0.6699144163256229,1.0,1.0,1.0,1.0004122438602523,1.7403795748522117,1.6759345549604396,0.0,0.0,0.0
igvidt,15,linear,10.0,0.8667629089315537,0.8399491421871539,0.8313201038393084,1.0,1.0,1.0,1.0867922903962308,1.2597323999596657,1.3136899124988335,0.0,0.0,0.0
igvidt,15,nearest,10.0,0.8367906752728771,0.7156347737024824,0.7136547477627848,1.0,1.0,1.0,0.936018755353269,1.3756314177492655,1.3810099772374418,0.0,0.0,0.0
ijcoga,15,linear,10.0,0.8483670694397314,0.8245727801688975,0.8151172089267739,1.0,1.0,1.0,1.1750201918270635,1.3191284831627177,1.3747906867954516,0.0,0.0,0.0
ijcoga,15,nearest,10.0,0.8072575272527466,0.6958834095949573,0.7107014195809465,1.0,1.0,1.0,1.0184905613144852,1.4137646936256731,1.365606540720884,0.0,0.0,0.0
ijdeyd,15,linear,10.0,0.8418784237285292,0.819245617545037,0.8146845573494902,1.0,1.0,1.0,1.1550652771511087,1.2821776362713777,1.3071727895140215,0.0,0.0,0.0
ijdeyd,15,nearest,10.0,0.823904095790321,0.678359031305343,0.7012922428907162,1.0,1.0,1.0,0.9541785460362727,1.4226856503470435,1.3558831965180285,0.0,0.0,0.0
ijhigo,15,linear,10.0,0.8447392453374432,0.8071375729044344,0.8026032987975983,1.0,1.0,1.0,1.2294370299200137,1.4609135807599791,1.487898158307962,0.0,0.0,0.0
ijhigo,15,nearest,10.0,0.8394929175179182,0.7060416270823288,0.7062997949570947,1.0,1.0,1.0,0.9655473652978233,1.4697190979426797,1.4752905128377491,0.0,0.0,0.0
ijhipv,15,linear,10.0,0.8545494088022864,0.830407533735773,0.8309399946004052,1.0,1.0,1.0,1.0815137257669019,1.2201456428285706,1.2171551268998613,0.0,0.0,0.0
ijhipv,15,nearest,10.0,0.8114397099600303,0.6479084583202357,0.673438296979522,1.0,1.0,1.0,1.0382713610838097,1.5914782492271042,1.5065089700744367,0.0,0.0,0.0
ijpiaw,15,linear,10.0,0.8681575910588348,0.8428419800468383,0.8343316164384895,1.0,1.0,1.0,1.0644402796544274,1.2258234375212183,1.2784576314377465,0.0,0.0,0.0
ijpiaw,15,nearest,10.0,0.8375792508037839,0.6842348807542004,0.6576819880458787,1.0,1.0,1.0,1.0171466524708328,1.6328614913772002,1.7213766295478399,0.0,0.0,0.0
ijpruk,15,linear,10.0,0.8479524426213492,0.8238446494499729,0.8226956135179447,1.0,1.0,1.0,1.120031739029586,1.256769149854176,1.2631368203067725,0.0,0.0,0.0
ijpruk,15,nearest,10.0,0.8304947722162404,0.7283510649142458,0.7179034700445285,1.0,1.0,1.0,0.9514938087239923,1.3155447073597721,1.3490956137511072,0.0,0.0,0.0
ijthin,15,linear,10.0,0.8797664387376835,0.852249091082945,0.8429139436041131,1.0,1.0,1.0,1.0109661025620902,1.1951868518076105,1.2556369029987307,0.0,0.0,0.0
ijthin,15,nearest,10.0,0.8237380609455804,0.7083077562962964,0.7303029851255034,1.0,1.0,1.0,0.9214996988808891,1.2789530218659484,1.2168563430039303,0.0,0.0,0.0
ijtowh,15,linear,10.0,0.8489977595156529,0.8242459956375451,0.8152940460125198,1.0,1.0,1.0,1.1347246644215105,1.2787086948909214,1.329242029731002,0.0,0.0,0.0
ijtowh,15,nearest,10.0,0.7987376301031829,0.6800072481270074,0.6843214934412639,1.0,1.0,1.0,1.0331079033821142,1.5135556365734582,1.4764350190984163,0.0,0.0,0.0
ikdagc,15,linear,10.0,0.9238099631030018,0.9061781626943292,0.8987015211888532,1.0,1.0,1.0,0.6705468064560111,0.7962816230194696,0.8479471265170931,0.0,0.0,0.0
ikkimm,15,linear,10.0,0.8632931268359254,0.8363052472116219,0.8234590390923483,1.0,1.0,1.0,1.1456064125490677,1.3256706012654524,1.408613754800962,0.0,0.0,0.0
ikkimm,15,nearest,10.0,0.8244688397832898,0.739415843533864,0.7219665441409904,1.0,1.0,1.0,0.9689384615320344,1.2960091957605726,1.3491040350892034,0.0,0.0,0.0
ikujfu,15,linear,10.0,0.8702928280101202,0.8475376236594782,0.8456035036062894,1.0,1.0,1.0,0.9875124546360118,1.122437303185548,1.1336281070455856,0.0,0.0,0.0
ikujfu,15,nearest,10.0,0.8134105231845918,0.7044532809846447,0.704572824465144,1.0,1.0,1.0,1.0132229781989592,1.4200755714772213,1.3821420568853462,0.0,0.0,0.0
ilcoby,15,linear,10.0,0.8562333340807678,0.8185511192998998,0.8021604710077878,1.0,1.0,1.0,1.2153681894325914,1.467445433507846,1.5726342707428933,0.0,0.0,0.0
ilcoby,15,nearest,10.0,0.8321630417792504,0.6872773122612433,0.704187216121643,1.0,1.0,1.0,0.9615584547966696,1.4662861906359892,1.4217403047659347,0.0,0.0,0.0
ilkble,15,linear,10.0,0.8632832028080895,0.8314358488417122,0.8375068323796384,1.0,1.0,1.0,1.0297387589776614,1.214367590467214,1.1800313992331979,0.0,0.0,0.0
ilkble,15,nearest,10.0,0.8505183977926664,0.7053260863263154,0.7148765369643719,1.0,1.0,1.0,0.9075034397911979,1.4638439635710216,1.42976305620383,0.0,0.0,0.0
ilkedv,15,linear,10.0,0.8850157749831427,0.8575488456983419,0.8502333957287463,1.0,1.0,1.0,0.9525549640443682,1.1329844450965607,1.179470541446693,0.0,0.0,0.0
ilkedv,15,nearest,10.0,0.8277003340128083,0.7197334765285018,0.7194436393521433,1.0,1.0,1.0,0.9631675302376271,1.3472770479549023,1.3488439989952903,0.0,0.0,0.0
ilyutj,15,linear,10.0,0.841846805006979,0.8156202121165788,0.8067222806560725,1.0,1.0,1.0,1.1968463211867255,1.3505598507899648,1.401171434525703,0.0,0.0,0.0
ilyutj,15,nearest,10.0,0.8492301239479935,0.7234704864521527,0.7121924817177668,1.0,1.0,1.0,0.9143555321450576,1.4099750660112675,1.4557547657461725,0.0,0.0,0.0
imhacy,15,linear,10.0,0.9742080248679096,0.9665312458518875,0.9658617134545925,1.0,1.0,1.0,0.2502043900877518,0.311906024563419,0.3171532132351922,0.0,0.0,0.0
imhacy,15,nearest,10.0,0.7967414198786604,0.6710702772830917,0.6787286347822437,1.0,1.0,1.0,1.0505548038475219,1.4351704123632583,1.41496173205854,0.0,0.0,0.0
imnees,15,linear,10.0,0.8567562386735659,0.8249207522306147,0.8122099467430539,1.0,1.0,1.0,1.165646338294068,1.3695100750903204,1.4479856760738685,0.0,0.0,0.0
imnees,15,nearest,10.0,0.8307589885277723,0.7060954923334479,0.7065008256838052,1.0,1.0,1.0,0.9753355393136646,1.4245627777744414,1.4304755259598805,0.0,0.0,0.0
imoikc,15,linear,10.0,0.8679619049646052,0.844552761699781,0.8368801534518381,1.0,1.0,1.0,1.0363529116024457,1.1805783077901038,1.2264997820179595,0.0,0.0,0.0
imoikc,15,nearest,10.0,0.825916301432199,0.6618688189746743,0.6921197090410509,1.0,1.0,1.0,0.9832771128676719,1.5399091423698579,1.456028761365167,0.0,0.0,0.0
imwryt,15,linear,10.0,0.8560973030391478,0.8298129456227568,0.8337096691823409,1.0,1.0,1.0,1.0260771607631078,1.1686936643325283,1.1480188532543831,0.0,0.0,0.0
imwryt,15,nearest,10.0,0.8377089974438512,0.700282962805493,0.6900700872288237,1.0,1.0,1.0,0.9833198037373846,1.513370764194521,1.5498532215278613,0.0,0.0,0.0
imwyoj,15,linear,10.0,0.8484381808950582,0.8186304668773112,0.8214832469523508,1.0,1.0,1.0,1.1172124612779686,1.2855604725942846,1.2698412969987904,0.0,0.0,0.0
imwyoj,15,nearest,10.0,0.8031427492042269,0.6593033755934727,0.675923397984788,1.0,1.0,1.0,1.0891173720350944,1.5708531733639999,1.524645526567435,0.0,0.0,0.0
inckki,15,linear,10.0,0.8501286570965294,0.8215990144520153,0.8166688439662754,1.0,1.0,1.0,1.1641081165420295,1.3367285664686666,1.3657162914640921,0.0,0.0,0.0
inckki,15,nearest,10.0,0.8176315208582604,0.7274609235496103,0.7119130356438067,1.0,1.0,1.0,1.019012572708072,1.3448428312430716,1.397410441474919,0.0,0.0,0.0
indtwr,15,linear,10.0,0.8890246878719559,0.8682351681629282,0.8621899592682927,1.0,1.0,1.0,0.9006931355569907,1.0346304349575666,1.072518473972453,0.0,0.0,0.0
indtwr,15,nearest,10.0,0.8661633074340739,0.8181236182330242,0.7999558985133021,1.0,1.0,1.0,0.760766508491119,0.9469005535393689,1.0111146968816112,0.0,0.0,0.0
indyep,15,linear,10.0,0.8573355027758355,0.836951929376718,0.8298092182369825,1.0,1.0,1.0,1.0847126507337905,1.2056055469197149,1.24690439233438,0.0,0.0,0.0
indyep,15,nearest,10.0,0.8291479469250459,0.7297500968215089,0.7207619936953824,1.0,1.0,1.0,0.9329875283520229,1.2758963422980205,1.306848234316487,0.0,0.0,0.0
inghog,15,linear,10.0,0.8776262929015226,0.8444092994607151,0.8431038005503483,1.0,1.0,1.0,1.0142464266138862,1.2315318200861303,1.2398085862003032,0.0,0.0,0.0
inghog,15,nearest,10.0,0.8295503698244995,0.7256864702917458,0.7230020836726764,1.0,1.0,1.0,0.9961457373547595,1.3885324931829703,1.3972054527290436,0.0,0.0,0.0
inghot,15,linear,10.0,0.874704165208801,0.8424247794603135,0.8399767381190508,1.0,1.0,1.0,1.0080440632019558,1.2115746304985395,1.2265216356632558,0.0,0.0,0.0
inghot,15,nearest,10.0,0.8471493585493923,0.7176514026611415,0.6952268469027064,1.0,1.0,1.0,0.9225867270016124,1.423280326173466,1.4937984572854168,0.0,0.0,0.0
inhial,15,linear,10.0,0.9433349439632595,0.9214729742371429,0.9253764721498232,1.0,1.0,1.0,0.4840568204320509,0.6325487666552159,0.6068161318804283,0.0,0.0,0.0
inlica,15,linear,10.0,0.8418775610618906,0.8107512753043162,0.7973774745472347,1.0,1.0,1.0,1.2475659214820565,1.4392712647652517,1.5187662786046663,0.0,0.0,0.0
inlica,15,nearest,10.0,0.8187781512555256,0.6512800974098456,0.6596452715137656,1.0,1.0,1.0,1.0443780080164402,1.6278815791656143,1.6040903502438768,0.0,0.0,0.0
inquay,15,linear,10.0,0.8653456482563311,0.8327857807737639,0.8195513577659743,1.0,1.0,1.0,1.1420678993512234,1.361606125970869,1.447590276744022,0.0,0.0,0.0
inquay,15,nearest,10.0,0.8224600587688179,0.7333970013825034,0.7458787238528767,1.0,1.0,1.0,0.9353873089207533,1.2611165091846777,1.2182326584353826,0.0,0.0,0.0
inshfo,15,linear,10.0,0.894788706034098,0.8574665354674051,0.8677326804601684,1.0,1.0,1.0,0.6957232000837493,0.8759023936652135,0.8281583298197737,0.0,0.0,0.0
insodf,15,linear,10.0,0.8931465008346418,0.8692967334638415,0.8667515335830044,1.0,1.0,1.0,0.8971807906982636,1.0569974716471495,1.0736044881366833,0.0,0.0,0.0
insodf,15,nearest,10.0,0.8045555149179473,0.6861794894548375,0.6900588014265485,1.0,1.0,1.0,1.0442447256157503,1.4675314787538765,1.448952771273059,0.0,0.0,0.0
ioajdi,15,linear,10.0,0.8524010020184734,0.831181762506523,0.8233335716061347,1.0,1.0,1.0,1.1329359095382345,1.2602013044711342,1.306072381449561,0.0,0.0,0.0
ioajdi,15,nearest,10.0,0.8232935637784518,0.6821571004411038,0.7051738824195248,1.0,1.0,1.0,0.9710444299680677,1.4346941237055562,1.3712113236301604,0.0,0.0,0.0
ioangi,15,linear,10.0,0.8946375486840518,0.8761260439052174,0.8763433475680107,1.0,1.0,1.0,0.8018546040207839,0.9120167223665379,0.9107512088049896,0.0,0.0,0.0
ioangi,15,nearest,10.0,0.8177601223794879,0.6870779565952894,0.6819674552246877,1.0,1.0,1.0,1.004260119832075,1.4584320645160194,1.472523442652171,0.0,0.0,0.0
iodjie,15,linear,10.0,0.8630909149062077,0.8362368086229804,0.8307213953223915,1.0,1.0,1.0,1.0827102047872035,1.2492325894146867,1.2824571403228122,0.0,0.0,0.0
iodjie,15,nearest,10.0,0.8349290367859,0.7153348253613809,0.7147321290309353,1.0,1.0,1.0,0.9611712920354566,1.4030282963886576,1.405894228676101,0.0,0.0,0.0
iodlac,15,linear,10.0,0.8643541680059559,0.8443271778517035,0.8389372354133726,1.0,1.0,1.0,1.0419785294171353,1.1623958134268797,1.1940315939637647,0.0,0.0,0.0
iodlac,15,nearest,10.0,0.8150862905935763,0.7225027016646354,0.7299907726557906,1.0,1.0,1.0,0.9570196263178213,1.3468005007576842,1.3235412813195642,0.0,0.0,0.0
iofpli,15,linear,10.0,0.8657634964612914,0.8401940345349903,0.8312682305688863,1.0,1.0,1.0,1.0933907142380521,1.258189583868982,1.314011928380853,0.0,0.0,0.0
iofpli,15,nearest,10.0,0.8112912270641394,0.6796329330507218,0.6894612489602063,1.0,1.0,1.0,1.034673680587159,1.5449301568746676,1.498501569888959,0.0,0.0,0.0
ioivkn,15,linear,10.0,0.8658452384690423,0.8220936243881549,0.8122903973847435,1.0,1.0,1.0,1.1386032217641284,1.4312088772857723,1.4940322471942318,0.0,0.0,0.0
ioivkn,15,nearest,10.0,0.8075567383196574,0.667796787747312,0.6779016415235753,1.0,1.0,1.0,1.0914412084968423,1.5815679893356949,1.5508454820057276,0.0,0.0,0.0
iorjtw,15,linear,10.0,0.8437194460705033,0.8141572943998736,0.8015042230539047,1.0,1.0,1.0,1.2504589523360388,1.4360640791748227,1.512892536092106,0.0,0.0,0.0
iorjtw,15,nearest,10.0,0.8459873832795082,0.7440556567981207,0.7504053884067925,1.0,1.0,1.0,0.8723473110110422,1.2376169595552569,1.2190717492418552,0.0,0.0,0.0
iotklo,15,linear,10.0,0.8759548805530115,0.8547714046428335,0.8489127072964335,1.0,1.0,1.0,0.9855748295544398,1.1184089844716076,1.1541968586250926,0.0,0.0,0.0
iotklo,15,nearest,10.0,0.8247361671223701,0.6921440429117188,0.6895229603397249,1.0,1.0,1.0,0.9880070099663817,1.4563913324864568,1.4681435468392814,0.0,0.0,0.0
iovhar,15,linear,10.0,0.8535599827293686,0.8289513715419858,0.8203896778862103,1.0,1.0,1.0,1.1584083923840374,1.3113408217531979,1.3630640772690996,0.0,0.0,0.0
iovhar,15,nearest,10.0,0.8277170177588978,0.7046091148481747,0.7077899117107481,1.0,1.0,1.0,0.9607005319494475,1.37561634329704,1.3732954304563,0.0,0.0,0.0
iovlit,15,linear,10.0,0.8698879189607275,0.8480706028051233,0.8417633320198079,1.0,1.0,1.0,1.0241924189402547,1.1593088264444393,1.1973468874331863,0.0,0.0,0.0
iovlit,15,nearest,10.0,0.8246342368154792,0.6787651354688289,0.6826898042514944,1.0,1.0,1.0,0.9861230834890243,1.4841590768828008,1.4833647989874355,0.0,0.0,0.0
ioytgo,15,linear,10.0,0.8734523029990476,0.8445785408250616,0.8421118498947615,1.0,1.0,1.0,0.9856767399171963,1.1609127476351895,1.1754365750835938,0.0,0.0,0.0
ioytgo,15,nearest,10.0,0.7992823639895237,0.6744137254091084,0.669035424652637,1.0,1.0,1.0,1.0397859133840393,1.5508473580725008,1.5628579178448894,0.0,0.0,0.0
ipdioi,15,linear,10.0,0.8678471280429141,0.8430798044421368,0.8335502328111638,1.0,1.0,1.0,1.0664659086679222,1.2243413879833471,1.283251892520912,0.0,0.0,0.0
ipdioi,15,nearest,10.0,0.8077163714827962,0.6665790618540174,0.6740730340861844,1.0,1.0,1.0,1.032538517820772,1.5177271283293183,1.490188043415581,0.0,0.0,0.0
ipdraw,15,linear,10.0,0.8703404313993683,0.8146882353460642,0.8194259942968507,1.0,1.0,1.0,0.8158229480218349,1.0621838862429782,1.0424791586562214,0.0,0.0,0.0
iphesp,15,linear,10.0,0.89348547154726,0.8562166168696573,0.8430038905637462,1.0,1.0,1.0,0.9711374376789322,1.2444750717892281,1.3372562451753323,0.0,0.0,0.0
iphesp,15,nearest,10.0,0.8088788826710887,0.6530918292698182,0.6577237630259817,1.0,1.0,1.0,1.0860531027471765,1.6250927790919198,1.6115327437562577,0.0,0.0,0.0
iphybc,15,linear,10.0,0.862757061287268,0.8330664734233029,0.8260204272221773,1.0,1.0,1.0,1.0848317434118535,1.2683691334883396,1.310528809979402,0.0,0.0,0.0
iphybc,15,nearest,10.0,0.8290414022692603,0.6753175053747245,0.6936948654119472,1.0,1.0,1.0,0.9695625588912823,1.4945652553531263,1.4501490905128902,0.0,0.0,0.0
ipjier,15,linear,10.0,0.8860597189624524,0.8643709227028,0.8607524005921794,1.0,1.0,1.0,0.9058564241756144,1.04187580111259,1.0639824937461282,0.0,0.0,0.0
ipjier,15,nearest,10.0,0.8312370914254251,0.7544924166213316,0.7488752853809985,1.0,1.0,1.0,0.9137715081512686,1.1763382365627104,1.1966322624499524,0.0,0.0,0.0
ippfei,15,linear,10.0,0.8402343564077925,0.8126891363056641,0.8039219494670139,1.0,1.0,1.0,1.2065024460991647,1.3673143994332126,1.4169469636006948,0.0,0.0,0.0
ippfei,15,nearest,10.0,0.8046483281274076,0.6740530477519531,0.6867356135051851,1.0,1.0,1.0,1.0164526063641426,1.4502220858240462,1.387728223801284,0.0,0.0,0.0
irjfen,15,linear,10.0,0.8446815707713922,0.8187981663207202,0.8141401270980251,1.0,1.0,1.0,1.197737659847668,1.353225624997672,1.3804930982946804,0.0,0.0,0.0
irjfen,15,nearest,10.0,0.8314182981869078,0.6988082540771603,0.708717876179765,1.0,1.0,1.0,0.9721640381114804,1.450106702464115,1.4219924260990267,0.0,0.0,0.0
isekdy,15,linear,10.0,0.8607346288619799,0.8314962951110565,0.8225377676419983,1.0,1.0,1.0,1.1393731313964566,1.3282852358272197,1.384342695155096,0.0,0.0,0.0
isekdy,15,nearest,10.0,0.8399612360568083,0.733634990942853,0.7756874395092734,1.0,1.0,1.0,0.8837406555903224,1.2536834904327545,1.1134913783471383,0.0,0.0,0.0
isfikt,15,linear,10.0,0.8663313236022027,0.8367340465476987,0.8339391548063446,1.0,1.0,1.0,1.062047258024255,1.2462216341230343,1.2631119869750733,0.0,0.0,0.0
isfikt,15,nearest,10.0,0.794388856087285,0.6323875524832139,0.6445674532336534,1.0,1.0,1.0,1.0987541836580617,1.6537956351476477,1.5759449780752273,0.0,0.0,0.0
ishvir,15,linear,10.0,0.8332988201866711,0.8117223288857661,0.8093367195099925,1.0,1.0,1.0,1.1502060920397714,1.2626875584779313,1.2748467724555042,0.0,0.0,0.0
ishvir,15,nearest,10.0,0.8250130742105711,0.7252852841727483,0.7444559137471465,1.0,1.0,1.0,0.9419764839689374,1.2743185835456785,1.21153730576875,0.0,0.0,0.0
isnthl,15,linear,10.0,0.9054762073202332,0.8607497831100833,0.8654124175656729,1.0,1.0,1.0,0.7349634332724824,1.0000224747065236,0.9736494836636918,0.0,0.0,0.0
isnthl,15,nearest,10.0,0.8485792378661475,0.6780349213919012,0.6842523528797315,1.0,1.0,1.0,0.9426585081753645,1.5968970749836053,1.5698884903427937,0.0,0.0,0.0
ispaww,15,linear,10.0,0.8542207829588925,0.828038176142653,0.8236965710232546,1.0,1.0,1.0,1.1217892395773499,1.2786496749072211,1.303964366489712,0.0,0.0,0.0
ispaww,15,nearest,10.0,0.833547548168751,0.7551721733317808,0.7414264243133798,1.0,1.0,1.0,0.9175008587694891,1.2340569468541271,1.2718799915083085,0.0,0.0,0.0
isvayd,15,linear,10.0,0.8863175740690626,0.8508965321809486,0.8430676892451134,1.0,1.0,1.0,0.9849715022767749,1.2293424560723538,1.2813158614768951,0.0,0.0,0.0
itacfl,15,linear,10.0,0.8803107035338723,0.8583408741971761,0.8536365061001765,1.0,1.0,1.0,0.9713701241273913,1.1127685301506782,1.1422739112669837,0.0,0.0,0.0
itacfl,15,nearest,10.0,0.8246835350720703,0.7221124969779262,0.7220877425347204,1.0,1.0,1.0,0.9918318027371754,1.362418327353347,1.3631644382822423,0.0,0.0,0.0
itbadp,15,linear,10.0,0.8669091536423303,0.8391701615175899,0.8355030992236263,1.0,1.0,1.0,1.0429800111696286,1.212860040807308,1.2346750652670169,0.0,0.0,0.0
itbadp,15,nearest,10.0,0.8170149866542006,0.6800963677512003,0.6870118644399938,1.0,1.0,1.0,0.9979559767215879,1.496699144431243,1.459578199215709,0.0,0.0,0.0
itbejs,15,linear,10.0,0.9047172102719834,0.8868270989907154,0.8866854070794485,1.0,1.0,1.0,0.7559007843211303,0.8681624316379164,0.8690322828344019,0.0,0.0,0.0
itbejs,15,nearest,10.0,0.8432256136362885,0.7434529802726848,0.7339586873670917,1.0,1.0,1.0,0.8949423987130788,1.257030551617622,1.289628419292403,0.0,0.0,0.0
itcemr,15,linear,10.0,0.8476608839402938,0.8176876545469908,0.801781372079255,1.0,1.0,1.0,1.2383435955400832,1.4303044878863225,1.5285622882459393,0.0,0.0,0.0
itcemr,15,nearest,10.0,0.8582766355121324,0.7366473494733685,0.7193963174740792,1.0,1.0,1.0,0.8704498524351547,1.3496428692254565,1.4052923251180962,0.0,0.0,0.0
ithpet,15,linear,10.0,0.8857019292765034,0.858539114385359,0.8559017476502208,1.0,1.0,1.0,0.9356987649519066,1.1115194696797075,1.1280988439963056,0.0,0.0,0.0
ithpet,15,nearest,10.0,0.8765830026815564,0.7712563551607705,0.7290381863126606,1.0,1.0,1.0,0.7859378003795086,1.2333020466906321,1.384765022483776,0.0,0.0,0.0
itmeps,15,linear,10.0,0.8959610039593183,0.8713861108400882,0.8656887254321154,1.0,1.0,1.0,0.8777830730281699,1.0433032034771277,1.0805151125135142,0.0,0.0,0.0
itmeps,15,nearest,10.0,0.8977316184019631,0.8581123802570914,0.8301127590814522,1.0,1.0,1.0,0.5784136073014039,0.7310486694712289,0.8273340096592092,0.0,0.0,0.0
itpivo,15,linear,10.0,0.8630469043557256,0.8405512055899191,0.8367300069651351,1.0,1.0,1.0,1.04998315094351,1.1845914646037132,1.206896714951425,0.0,0.0,0.0
itpivo,15,nearest,10.0,0.8690570853960686,0.8042481183174162,0.7909088739246365,1.0,1.0,1.0,0.7568901529732814,1.0039367044279248,1.0557659276419413,0.0,0.0,0.0
itquir,15,linear,10.0,0.8719935867986187,0.8493763385624622,0.8406670698307162,1.0,1.0,1.0,1.0393111534741608,1.1848765583515937,1.2393483367158977,0.0,0.0,0.0
itquir,15,nearest,10.0,0.8231575635949492,0.6909191448042172,0.6988003064845304,1.0,1.0,1.0,0.9921098938340054,1.4606819977259076,1.434249177519515,0.0,0.0,0.0
ivheoo,15,linear,10.0,0.8340336199610332,0.7990031079383175,0.7873041540145715,1.0,1.0,1.0,1.3122593767761328,1.5279049723921088,1.597387633066859,0.0,0.0,0.0
ivheoo,15,nearest,10.0,0.8175059334930923,0.6959054639925866,0.725524651798856,1.0,1.0,1.0,0.9734996605348228,1.3643051486557798,1.2816225547088462,0.0,0.0,0.0
ivkock,15,linear,10.0,0.8660164263557772,0.8425864524608611,0.8379143068443744,1.0,1.0,1.0,1.0485888927009193,1.192407541546896,1.2203470604406674,0.0,0.0,0.0
ivkock,15,nearest,10.0,0.8235462537189657,0.6770232754131402,0.6858855819590206,1.0,1.0,1.0,0.9839067658369002,1.4759288389605074,1.4517991275847908,0.0,0.0,0.0
izowcu,15,linear,10.0,0.9410136846700246,0.9156378641774481,0.9180556077327134,1.0,1.0,1.0,0.534871486092157,0.7198010578937944,0.70276116706778,0.0,0.0,0.0
izowcu,15,nearest,10.0,0.8346376868407885,0.8040038958514306,0.801776820475793,1.0,1.0,1.0,0.8046422801791991,0.9886399083385535,0.9957008050210889,0.0,0.0,0.0
oadwow,15,linear,10.0,0.8576048696406484,0.8319269818596422,0.821389209944112,1.0,1.0,1.0,0.8161681769469682,0.9196670504699616,0.9601199262061596,0.0,0.0,0.0
oadwow,15,nearest,10.0,0.9071010927137693,0.8763562615487648,0.8707752372712863,1.0,1.0,1.0,0.5933139641590328,0.7357154552931251,0.760124657275417,0.0,0.0,0.0
oafhyn,15,linear,10.0,0.8647579706150262,0.8445936891941912,0.8357563372694692,1.0,1.0,1.0,1.0564787781773628,1.18033163987482,1.233173141615305,0.0,0.0,0.0
oafhyn,15,nearest,10.0,0.8334570807789127,0.7283871002101937,0.7436554913931345,1.0,1.0,1.0,0.9043743419974513,1.26221911901734,1.2153285110433063,0.0,0.0,0.0
oahudf,15,linear,10.0,0.8567125219262521,0.8307535342167036,0.8283526262669311,1.0,1.0,1.0,1.088477321074265,1.2414746803039864,1.2552617857420871,0.0,0.0,0.0
oahudf,15,nearest,10.0,0.8307252630730793,0.698686470395661,0.704051810598404,1.0,1.0,1.0,0.9527362270060502,1.4120839376867482,1.4036793002302106,0.0,0.0,0.0
oakpik,15,linear,10.0,0.8873010964299722,0.8685163999900303,0.8602624029146753,1.0,1.0,1.0,0.9250388741761565,1.0480401062419185,1.1006417436742029,0.0,0.0,0.0
oakpik,15,nearest,10.0,0.8496525464903862,0.7416613882081348,0.7605203077702527,1.0,1.0,1.0,0.8510459063681107,1.224515594343131,1.1717783584784311,0.0,0.0,0.0
oapwyc,15,linear,10.0,0.8678339060563223,0.849700989113654,0.849735661729238,1.0,1.0,1.0,0.95984720270149,1.0614851066501725,1.0612944309618684,0.0,0.0,0.0
oapwyc,15,nearest,10.0,0.8510572326543083,0.7437641532038795,0.7575734881744419,1.0,1.0,1.0,0.8844267842451056,1.2779453551613196,1.212172381691618,0.0,0.0,0.0
oasthu,15,linear,10.0,0.8972485059631494,0.8647421613561146,0.8592559560194877,1.0,1.0,1.0,0.8886634082699744,1.1127148448392605,1.149160259737424,0.0,0.0,0.0
obacva,15,linear,10.0,0.8774388402518253,0.8554468718932352,0.8526650513515273,1.0,1.0,1.0,0.9606702557301499,1.096111609743874,1.1128258115632348,0.0,0.0,0.0
obacva,15,nearest,10.0,0.8312037475017992,0.7090636392263948,0.7140829410366423,1.0,1.0,1.0,0.9589344295576284,1.3882790680125816,1.3778171915768385,0.0,0.0,0.0
obceoo,15,linear,10.0,0.8715629130012374,0.837677476024744,0.8233053609431309,1.0,1.0,1.0,1.0781180779230513,1.3033242157484242,1.3950252682092443,0.0,0.0,0.0
obheuj,15,linear,10.0,0.8515217677042775,0.8316550343581827,0.8293716115288368,1.0,1.0,1.0,1.0514536388780158,1.1589396181355172,1.1710254141678278,0.0,0.0,0.0
obheuj,15,nearest,10.0,0.8282543549112649,0.7167946696279804,0.7163495265148845,1.0,1.0,1.0,0.9405929678612494,1.3189865578876323,1.322342320607087,0.0,0.0,0.0
oblyag,15,linear,10.0,0.88159436813945,0.860997846145625,0.8531499300145,1.0,1.0,1.0,0.9755727373572913,1.1108500998233604,1.1610114780358474,0.0,0.0,0.0
oblyag,15,nearest,10.0,0.8602292190813363,0.774431622054853,0.7742025589135584,1.0,1.0,1.0,0.8752849448094296,1.204472739172098,1.2091393583532715,0.0,0.0,0.0
obsimj,15,linear,10.0,0.8496023305917617,0.8260599555208346,0.8253991047961649,1.0,1.0,1.0,1.0875839108192717,1.2180159463243285,1.2215939685632673,0.0,0.0,0.0
obsimj,15,nearest,10.0,0.8075545391469166,0.6919697545862089,0.6898578599437266,1.0,1.0,1.0,1.0196350780401746,1.4003196754684144,1.3969773627951352,0.0,0.0,0.0
occeyd,15,linear,10.0,0.8475451944971025,0.819838058726688,0.8177003737649114,1.0,1.0,1.0,1.1433564895085642,1.3036891008827511,1.3157351017806518,0.0,0.0,0.0
occeyd,15,nearest,10.0,0.8336946628399038,0.646171102125371,0.6106343280405387,1.0,1.0,1.0,1.0790758223222625,1.8520756112115728,1.9708846351428766,0.0,0.0,0.0
occrok,15,linear,10.0,0.877471752172978,0.854133724903678,0.8481241074907615,1.0,1.0,1.0,0.989993228737978,1.1391675968451573,1.1765224701291188,0.0,0.0,0.0
occrok,15,nearest,10.0,0.8112792485683042,0.6811386348433917,0.6919648322303539,1.0,1.0,1.0,1.0159394997169813,1.4615887719529572,1.411312521811932,0.0,0.0,0.0
ochotc,15,linear,10.0,0.9168012247237889,0.8898087336266534,0.8822189438498386,1.0,1.0,1.0,0.7461462860205728,0.941257671254938,0.9940729900588238,0.0,0.0,0.0
ochtin,15,linear,10.0,0.8885400459977478,0.8559214434928593,0.8504110772039253,1.0,1.0,1.0,0.9598923957581886,1.1837370652220374,1.2202497905803025,0.0,0.0,0.0
ocjeng,15,linear,10.0,0.8398356852696931,0.8206104203702989,0.8176229998928661,1.0,1.0,1.0,1.1151954468662089,1.2169085898665521,1.2323805166173962,0.0,0.0,0.0
ocjeng,15,nearest,10.0,0.8492207441386871,0.7463627529662518,0.7454576864919538,1.0,1.0,1.0,0.8685104429034973,1.2545038972843354,1.258996827576738,0.0,0.0,0.0
ockiho,15,linear,10.0,0.8767932861803014,0.8561357216087497,0.8481235717183466,1.0,1.0,1.0,0.9647339569585374,1.0919588559663,1.1399223328820394,0.0,0.0,0.0
ockiho,15,nearest,10.0,0.8526302129718777,0.7459557842152673,0.7442211440241236,1.0,1.0,1.0,0.8852803793176743,1.256897593447838,1.2596502389007238,0.0,0.0,0.0
ockoac,15,linear,10.0,0.8798365514659643,0.8434338266663368,0.8299611412214967,1.0,1.0,1.0,0.9606119676211418,1.1873149557341272,1.2673765958605017,0.0,0.0,0.0
ockoac,15,nearest,10.0,0.8409496361848599,0.7324584272569052,0.7518905872706874,1.0,1.0,1.0,0.8841217378008632,1.2619581461142497,1.2015119555475133,0.0,0.0,0.0
ockolr,15,linear,10.0,0.8230898567701748,0.7941131024266299,0.7904410876793567,1.0,1.0,1.0,1.2609534974907546,1.41748824933656,1.4367784089805404,0.0,0.0,0.0
ockolr,15,nearest,10.0,0.8233654930184953,0.6794718643706802,0.6923121257470805,1.0,1.0,1.0,0.9939519698248787,1.4992489397623259,1.4523491190199074,0.0,0.0,0.0
ocshit,15,linear,10.0,0.8280143087897874,0.798855165310072,0.7900003443931949,1.0,1.0,1.0,1.2986497865243005,1.4685361990775854,1.5185731480702427,0.0,0.0,0.0
ocshit,15,nearest,10.0,0.8484148510174561,0.7180817454699173,0.7274771150365043,1.0,1.0,1.0,0.9057477617162845,1.3907849348824475,1.3697098788817343,0.0,0.0,0.0
ocwyit,15,linear,10.0,0.9077443703127787,0.8812904616926622,0.880031281557571,1.0,1.0,1.0,0.7952042615604029,0.977609407137913,0.9860344312996987,0.0,0.0,0.0
ocwyit,15,nearest,10.0,0.8030051211855507,0.6614290434714538,0.6845961083021076,1.0,1.0,1.0,1.0273284803117673,1.4572038241085292,1.3962799463828255,0.0,0.0,0.0
odklob,15,linear,10.0,0.8612189657862525,0.8196640675007958,0.8103514397219601,1.0,1.0,1.0,1.1597440303739661,1.4327987030089189,1.4915559689556661,0.0,0.0,0.0
odklob,15,nearest,10.0,0.8218790536885464,0.6701119999999346,0.6798320224417734,1.0,1.0,1.0,1.0319998568813977,1.5739531976728505,1.5447358356820715,0.0,0.0,0.0
odlorh,15,linear,10.0,0.8505298218217188,0.8312552497366337,0.8241829579922406,1.0,1.0,1.0,1.1255946961610446,1.238586152304355,1.2790672929964633,0.0,0.0,0.0
odlorh,15,nearest,10.0,0.8508099137172012,0.7383940082262199,0.7380234034102908,1.0,1.0,1.0,0.9033450205865636,1.3386877748382304,1.3461410096663515,0.0,0.0,0.0
odocje,15,linear,10.0,0.8424464164411319,0.8188656563282155,0.8117568004229856,1.0,1.0,1.0,1.151806369785325,1.2842675535589605,1.3231122425074497,0.0,0.0,0.0
odocje,15,nearest,10.0,0.8096695468512499,0.6505486216602155,0.6667156120000413,1.0,1.0,1.0,1.0500391727879443,1.5759748853321107,1.539020848670813,0.0,0.0,0.0
odolfe,15,linear,10.0,0.8946936719868355,0.8712710787651154,0.8709983730797686,1.0,1.0,1.0,0.84989407333368,0.9992708138768127,1.0009660790452466,0.0,0.0,0.0
odolfe,15,nearest,10.0,0.813739203205321,0.6942057658161286,0.685781552619076,1.0,1.0,1.0,1.0197579249132054,1.4436325298015316,1.452850186341439,0.0,0.0,0.0
odoywu,15,linear,10.0,0.8993413405252084,0.8767556325757792,0.8777156237039612,1.0,1.0,1.0,0.7901604256289863,0.9292907509872239,0.9235240830903463,0.0,0.0,0.0
odoywu,15,nearest,10.0,0.8571432321907329,0.76233684434503,0.7648730252980545,1.0,1.0,1.0,0.877385344736351,1.2664588557883263,1.2570962070941298,0.0,0.0,0.0
odscix,15,linear,10.0,0.8650393111158312,0.8361081204486808,0.8303012556273404,1.0,1.0,1.0,1.0547166157501981,1.23108564003557,1.2653788042727645,0.0,0.0,0.0
ofikco,15,linear,10.0,0.8568478368681238,0.8349081040353336,0.8295191996142197,1.0,1.0,1.0,1.1056300192944362,1.2382012609517832,1.269970741910711,0.0,0.0,0.0
ofikco,15,nearest,10.0,0.8123937302567107,0.690772223749568,0.6967258042361933,1.0,1.0,1.0,0.9969145290769329,1.3858383908269194,1.375379814665054,0.0,0.0,0.0
ofjeeq,15,linear,10.0,0.871225768961434,0.8487340896965481,0.8385535092959394,1.0,1.0,1.0,1.0305881794585463,1.1727495826631802,1.2351818234090872,0.0,0.0,0.0
ofjeeq,15,nearest,10.0,0.8096403277960063,0.694690519489563,0.6871075929984882,1.0,1.0,1.0,1.0341850843350504,1.5203457012377215,1.4879574998377183,0.0,0.0,0.0
ofodwo,15,linear,10.0,0.8465472391974235,0.828311198681402,0.8259590734953992,1.0,1.0,1.0,1.0787720957008655,1.1766199026617048,1.1889885272747671,0.0,0.0,0.0
ofodwo,15,nearest,10.0,0.8175231260391548,0.6864760642873998,0.6903989325606776,1.0,1.0,1.0,0.9567029796172082,1.3774931733772076,1.3499301017396723,0.0,0.0,0.0
ogawje,15,linear,10.0,0.8678982380071748,0.8414386717770405,0.8373575790021806,1.0,1.0,1.0,1.0201712416083066,1.1793887315789058,1.2032440880852457,0.0,0.0,0.0
ogawje,15,nearest,10.0,0.8318140865119743,0.7153891780616076,0.7310242137507125,1.0,1.0,1.0,0.9250538901143265,1.3160551847506212,1.2731269019580325,0.0,0.0,0.0
ogdygd,15,linear,10.0,0.861058836656599,0.8387560339754192,0.8401247437279854,1.0,1.0,1.0,0.9982825726549854,1.1210091263056172,1.113636813363576,0.0,0.0,0.0
ogdygd,15,nearest,10.0,0.8170054257742769,0.6625111095204587,0.6810142754091798,1.0,1.0,1.0,1.0168839829795768,1.5205811068276516,1.4749341941360898,0.0,0.0,0.0
oggluv,15,linear,10.0,0.8927929652264868,0.8610564675465922,0.8525652702075828,1.0,1.0,1.0,0.9102797791777191,1.1243024975549278,1.1793946674610096,0.0,0.0,0.0
ogijtr,15,linear,10.0,0.8603255819172843,0.8368735316901249,0.8363629183725245,1.0,1.0,1.0,1.0473738800680756,1.1836312682436747,1.1865306588392377,0.0,0.0,0.0
ogijtr,15,nearest,10.0,0.820393767934816,0.7184694083782933,0.7257940463357494,1.0,1.0,1.0,0.9609462389265634,1.3189428981955118,1.3034191835721882,0.0,0.0,0.0
ogikli,15,linear,10.0,0.8705134503535967,0.8490871023379736,0.8478061745984042,1.0,1.0,1.0,0.9664910132745407,1.0905026916915297,1.0977462447739224,0.0,0.0,0.0
ogikli,15,nearest,10.0,0.8022129607396027,0.648551221287249,0.6642058351745352,1.0,1.0,1.0,1.047974767971946,1.5404972297892956,1.4809538000993423,0.0,0.0,0.0
ogjoch,15,linear,10.0,0.8427193345553372,0.8198775209596503,0.8145509835442757,1.0,1.0,1.0,1.1502392318005465,1.278698834513824,1.3079017750660777,0.0,0.0,0.0
ogjoch,15,nearest,10.0,0.8129347753966922,0.6747127562049642,0.6895979400104696,1.0,1.0,1.0,0.9984496771288012,1.4569128018288346,1.3997800086351604,0.0,0.0,0.0
ognoww,15,linear,10.0,0.9002413773842999,0.881010089388985,0.8802970706302984,1.0,1.0,1.0,0.7996209492367449,0.9217263352395345,0.9261508657776081,0.0,0.0,0.0
ognoww,15,nearest,10.0,0.8536076095193262,0.7076952895293002,0.7147560286139513,1.0,1.0,1.0,0.8652749278333497,1.3959833510790094,1.3720525150644456,0.0,0.0,0.0
ogofvo,15,linear,10.0,0.8298686044575102,0.7955929675948482,0.7929708988807359,1.0,1.0,1.0,1.1356244785584522,1.304498162592898,1.3169696305522915,0.0,0.0,0.0
ogofvo,15,nearest,10.0,0.8267744324068524,0.6922565371492757,0.7213333473518239,1.0,1.0,1.0,0.9684813461599434,1.4234491955883555,1.3369171449843977,0.0,0.0,0.0
ogphag,15,linear,10.0,0.8623747486846725,0.8312389695777451,0.8205112691496608,1.0,1.0,1.0,1.1284866155459432,1.3299067997687768,1.396912224530362,0.0,0.0,0.0
ogphag,15,nearest,10.0,0.8217216308616174,0.7012072131502659,0.7091413288011933,1.0,1.0,1.0,0.9757991535465397,1.4132524399251778,1.3788260483640087,0.0,0.0,0.0
ogshtc,15,linear,10.0,0.8614810849241668,0.8361287402215211,0.8294507018865948,1.0,1.0,1.0,1.076931918380593,1.2309632407866753,1.2703726372240771,0.0,0.0,0.0
ogshtc,15,nearest,10.0,0.8005892638471951,0.6357597117084467,0.6547653111320827,1.0,1.0,1.0,1.0656855253626667,1.6049024743155749,1.5398546967024582,0.0,0.0,0.0
ogurju,15,linear,10.0,0.884036220725789,0.8598672987129327,0.8520918795249834,1.0,1.0,1.0,0.9467634682528855,1.1031388525461079,1.1519056061838846,0.0,0.0,0.0
ogurju,15,nearest,10.0,0.8466357449984308,0.7357614210491631,0.746376150978896,1.0,1.0,1.0,0.8927773881695742,1.3096354178234006,1.2744826954969426,0.0,0.0,0.0
oiphye,15,linear,10.0,0.8923360338077484,0.8692186186373765,0.8635920883381918,1.0,1.0,1.0,0.902744245843419,1.0575083748998562,1.0941069233339573,0.0,0.0,0.0
oiphye,15,nearest,10.0,0.8286861409784313,0.7307572886570782,0.7385143441710451,1.0,1.0,1.0,0.9134663275620726,1.3079647067568914,1.2458329068796974,0.0,0.0,0.0
oipial,15,linear,10.0,0.8584944879978245,0.8389164952670896,0.8353787621592914,1.0,1.0,1.0,1.036729933176952,1.1475179813302394,1.1670882598127772,0.0,0.0,0.0
oipial,15,nearest,10.0,0.8241673938601642,0.6948445217676715,0.7076083081310728,1.0,1.0,1.0,0.9477716992921007,1.392618290158046,1.3372279854049773,0.0,0.0,0.0
oirzgo,15,linear,10.0,0.8776129242607291,0.8468009393247824,0.8381502884142322,1.0,1.0,1.0,1.0257320408623944,1.2305846331049604,1.286115191703062,0.0,0.0,0.0
oirzgo,15,nearest,10.0,0.8023835128842393,0.6594942148911371,0.6360087171613312,1.0,1.0,1.0,1.063117835264154,1.599213263732919,1.598908566947185,0.0,0.0,0.0
oivnab,15,linear,10.0,0.8566879770362135,0.8260520925680639,0.8090703834889794,1.0,1.0,1.0,1.2016264940978496,1.4055748253691984,1.514467271176967,0.0,0.0,0.0
oivnab,15,nearest,10.0,0.8542502643473747,0.740685668492415,0.7258145048131908,1.0,1.0,1.0,0.8614632623704127,1.2957894525042604,1.344045922611016,0.0,0.0,0.0
ojachm,15,linear,10.0,0.8714663280399537,0.8391286199905645,0.8303358680853068,1.0,1.0,1.0,1.07877962524984,1.293945890981072,1.3504317124796978,0.0,0.0,0.0
ojachm,15,nearest,10.0,0.8502799810009373,0.7398952759415037,0.7561523553698156,1.0,1.0,1.0,0.8603922362640805,1.2550264475200839,1.2120059177342166,0.0,0.0,0.0
ojbaso,15,linear,10.0,0.8761030296147264,0.8563789969186621,0.8495316653563636,1.0,1.0,1.0,0.9989330732705194,1.1251047604893178,1.1678100742369915,0.0,0.0,0.0
ojbaso,15,nearest,10.0,0.8535557523860179,0.771174409378778,0.7661801726768652,1.0,1.0,1.0,0.8237236451382454,1.1223973951365531,1.138889342073926,0.0,0.0,0.0
ojfann,15,linear,10.0,0.8663264373018996,0.8448709803917533,0.8355582147480728,1.0,1.0,1.0,1.0763702501754524,1.213159452878429,1.2709188459356595,0.0,0.0,0.0
ojfann,15,nearest,10.0,0.8282701108918568,0.6961800697776978,0.703290359639106,1.0,1.0,1.0,0.973349320040605,1.4323406668520933,1.4175203376679673,0.0,0.0,0.0
ojfequ,15,linear,10.0,0.8784192783051984,0.8452074716617434,0.8319063387164262,1.0,1.0,1.0,1.050353689682781,1.2792522235169859,1.3673749371298294,0.0,0.0,0.0
ojfequ,15,nearest,10.0,0.8094899047858412,0.7019967096271608,0.7003865120928452,1.0,1.0,1.0,1.0835575111937465,1.4748430050019434,1.4800448922402296,0.0,0.0,0.0
ojfiez,15,linear,10.0,0.8632408487312215,0.829112181031884,0.8244900892016507,1.0,1.0,1.0,1.0817569779947345,1.292091781255127,1.319619072336829,0.0,0.0,0.0
ojfiez,15,nearest,10.0,0.8307868216815953,0.6458762601982176,0.6402601340299245,1.0,1.0,1.0,1.0216819669339943,1.7056490557798851,1.720240657030767,0.0,0.0,0.0
ojpoot,15,linear,10.0,0.8903049089705216,0.8729888571535228,0.8668071074636767,1.0,1.0,1.0,0.8922483629429845,1.0045140653673432,1.043621656505928,0.0,0.0,0.0
ojpoot,15,nearest,10.0,0.8721547086210818,0.8000582499570368,0.7931294203360533,1.0,1.0,1.0,0.7673933849047456,1.054421777026258,1.0864449819811675,0.0,0.0,0.0
ojroig,15,linear,10.0,0.8449417556105268,0.819938189465844,0.814897313975332,1.0,1.0,1.0,1.196138811128474,1.3465201208769209,1.376074825926308,0.0,0.0,0.0
ojroig,15,nearest,10.0,0.8147819755714422,0.6705863609625764,0.6771825946838118,1.0,1.0,1.0,1.0188026615339112,1.5058241203093738,1.492562644077182,0.0,0.0,0.0
ojumna,15,linear,10.0,0.8767310452523558,0.856960856849778,0.8509785636553971,1.0,1.0,1.0,0.9651254631345982,1.0869771820033904,1.1229154901484033,0.0,0.0,0.0
ojumna,15,nearest,10.0,0.820770534992663,0.6517493717695345,0.678940346746658,1.0,1.0,1.0,1.016081016352943,1.5914946417801297,1.5150115796451513,0.0,0.0,0.0
ojvigh,15,linear,10.0,0.8798645368944241,0.8529654176665862,0.8392228625882617,1.0,1.0,1.0,1.020799365943957,1.2033677132930896,1.2933360517021246,0.0,0.0,0.0
ojvigh,15,nearest,10.0,0.8016617226395414,0.6765975283640698,0.6858398653364783,1.0,1.0,1.0,1.0379891531198755,1.4488100907794133,1.4246929841098568,0.0,0.0,0.0
ojwyky,15,linear,10.0,0.859088819415056,0.8386792921512599,0.8278090096421502,1.0,1.0,1.0,1.1231190231927646,1.2516649570731542,1.3182845936675294,0.0,0.0,0.0
ojwyky,15,nearest,10.0,0.8313506523618771,0.7261447124809691,0.7226879814750561,1.0,1.0,1.0,0.9358108895941314,1.3515767781504193,1.3342194086864283,0.0,0.0,0.0
okavka,15,linear,10.0,0.8472376693091395,0.8084949455508845,0.7924431138666086,1.0,1.0,1.0,1.2769378928722943,1.532280396363968,1.6338327276878366,0.0,0.0,0.0
okavka,15,nearest,10.0,0.8273085647987088,0.7021570946333573,0.6956849496664055,1.0,1.0,1.0,0.9916842566410176,1.4449194618442975,1.466993804089125,0.0,0.0,0.0
okblah,15,linear,10.0,0.8351043975556087,0.8102428310951998,0.8093033134349024,1.0,1.0,1.0,1.1405806079408616,1.2702347063333477,1.27501666102176,0.0,0.0,0.0
okblah,15,nearest,10.0,0.8288198901245404,0.7097152764504788,0.7070382804761597,1.0,1.0,1.0,0.9525906254447594,1.36908441866982,1.3779454868514052,0.0,0.0,0.0
okchym,15,linear,10.0,0.8795959863629517,0.8535170642419168,0.852401678944466,1.0,1.0,1.0,0.9621649498482081,1.1261042426434305,1.1329317703272512,0.0,0.0,0.0
okchym,15,nearest,10.0,0.844412971655117,0.767520983694815,0.7678568588520748,1.0,1.0,1.0,0.8701998374529462,1.1480262672513513,1.1495687179187182,0.0,0.0,0.0
okneyd,15,linear,10.0,0.8907950683489075,0.8648605862974342,0.8574117954696832,1.0,1.0,1.0,0.8753001179402004,1.0388719933415032,1.08425129990575,0.0,0.0,0.0
okneyd,15,nearest,10.0,0.8292564301339088,0.7072073018687056,0.7292800151134308,1.0,1.0,1.0,0.9506608634087775,1.3751448309688754,1.3067022264951758,0.0,0.0,0.0
oknsco,15,linear,10.0,0.8797521543157608,0.8605773998708237,0.8594490933457651,1.0,1.0,1.0,0.9112495231231117,1.0246838395663005,1.0312156030435622,0.0,0.0,0.0
oknsco,15,nearest,10.0,0.8280950370552441,0.7202921997565095,0.7323504963582392,1.0,1.0,1.0,0.9419515002269927,1.3011873649126087,1.2773139431008769,0.0,0.0,0.0
okquak,15,linear,10.0,0.8561459031763814,0.8251013412075601,0.8169024619558541,1.0,1.0,1.0,1.1562662413173064,1.352099004748895,1.4021486698525745,0.0,0.0,0.0
okquak,15,nearest,10.0,0.8142671149664998,0.6755681914882465,0.6711388864382313,1.0,1.0,1.0,1.078792955364866,1.5833293241654884,1.5946441105011953,0.0,0.0,0.0
oksbos,15,linear,10.0,0.8828397027383819,0.8512226018058096,0.8388782235554162,1.0,1.0,1.0,1.0188312136560296,1.23876787070786,1.3214200858706022,0.0,0.0,0.0
oksbos,15,nearest,10.0,0.8753437216114507,0.8071098863129643,0.7947714361807087,1.0,1.0,1.0,0.730702610928125,0.9940602819573938,1.041312002466144,0.0,0.0,0.0
oktuls,15,linear,10.0,0.8794023580841582,0.8551602716317748,0.84766010800307,1.0,1.0,1.0,1.0022381251219938,1.1626475934963556,1.2108403322304653,0.0,0.0,0.0
oktuls,15,nearest,10.0,0.8046261705269669,0.6389566103169654,0.6607199717582903,1.0,1.0,1.0,1.0534017677140486,1.585746883454998,1.516651321391704,0.0,0.0,0.0
okvats,15,linear,10.0,0.916438852552423,0.8970053294316376,0.8982955061356953,1.0,1.0,1.0,0.6652879103330941,0.7874012360571068,0.7794890235427057,0.0,0.0,0.0
okvats,15,nearest,10.0,0.8216000367121838,0.6644303172663212,0.6968272318970861,1.0,1.0,1.0,0.9855430711427632,1.5026564732855097,1.4123245698362041,0.0,0.0,0.0
oljnek,15,linear,10.0,0.8418267461231592,0.814595184928574,0.8089820626767692,1.0,1.0,1.0,1.1313187843897972,1.2794784571681435,1.3091085908828906,0.0,0.0,0.0
oljnek,15,nearest,10.0,0.8521389902067693,0.7589190071997511,0.7430511000548028,1.0,1.0,1.0,0.8812073462611907,1.2472531242149674,1.301924159373042,0.0,0.0,0.0
omcuky,15,linear,10.0,0.8488081026000445,0.8248304283181693,0.823232915542839,1.0,1.0,1.0,1.0663907006633635,1.194903744931465,1.2032545651610187,0.0,0.0,0.0
omcuky,15,nearest,10.0,0.8268655479589779,0.699871313393084,0.7066686899520401,1.0,1.0,1.0,0.9752298004308179,1.4138902942103735,1.4034343306021846,0.0,0.0,0.0
omdrid,15,linear,10.0,0.8466850148681602,0.797991045517251,0.7962408816086723,1.0,1.0,1.0,1.078019212057719,1.3319547172951791,1.3406602748247285,0.0,0.0,0.0
omdrid,15,nearest,10.0,0.8238025850033865,0.6995764806509395,0.7095635112718068,1.0,1.0,1.0,0.9929252422408393,1.4394734418278434,1.405202087287203,0.0,0.0,0.0
omluaj,15,linear,10.0,0.8440582900068361,0.8149604392813738,0.80859808661564,1.0,1.0,1.0,1.1835570103656934,1.3543383814941428,1.390563641500934,0.0,0.0,0.0
omluaj,15,nearest,10.0,0.8241326046338285,0.6482799551716886,0.6663500425484156,1.0,1.0,1.0,1.00560622938923,1.6099344312178483,1.558242528254637,0.0,0.0,0.0
omwyek,15,linear,10.0,0.889873229315656,0.8724411095019432,0.8649911827516893,1.0,1.0,1.0,0.9078156946565215,1.0227292071877239,1.0706085770869294,0.0,0.0,0.0
omwyek,15,nearest,10.0,0.8397625845850463,0.7535293935200673,0.7562516247686825,1.0,1.0,1.0,0.8885239767662387,1.2177127562077565,1.2051997448634912,0.0,0.0,0.0
onanns,15,linear,10.0,0.8309176846808188,0.7869633766234702,0.7782212336891354,1.0,1.0,1.0,0.9937658239147522,1.1733204276613074,1.206959735710835,0.0,0.0,0.0
onanns,15,nearest,10.0,0.8370508133197376,0.7320138471354299,0.71936444860954,1.0,1.0,1.0,0.8993844339936428,1.2603140333944993,1.2977212709979808,0.0,0.0,0.0
oncalk,15,linear,10.0,0.8654243794728212,0.8418626040504462,0.8334407662907932,1.0,1.0,1.0,1.0354097763189212,1.176900442984063,1.2259731896091637,0.0,0.0,0.0
oncalk,15,nearest,10.0,0.830862587869716,0.7181324142339687,0.7138243782368671,1.0,1.0,1.0,0.9298159006557694,1.3179497351755243,1.3343235574821408,0.0,0.0,0.0
oncixp,15,linear,10.0,0.8437915243550779,0.8211820101708269,0.8195330601295585,1.0,1.0,1.0,1.120330521143289,1.244324025111795,1.2531641356935026,0.0,0.0,0.0
oncixp,15,nearest,10.0,0.8127672797341151,0.642896962384848,0.6534010588551785,1.0,1.0,1.0,1.026316498727302,1.5737480488372875,1.5475670336124903,0.0,0.0,0.0
onghoj,15,linear,10.0,0.8765265732064763,0.8456645838152689,0.8445652191578504,1.0,1.0,1.0,0.9961693595554467,1.1916930805697536,1.1984524051707626,0.0,0.0,0.0
onghoj,15,nearest,10.0,0.8339009487227467,0.7246928827337213,0.7235281336695468,1.0,1.0,1.0,0.9605183261414474,1.3609429088928038,1.3690346051459248,0.0,0.0,0.0
onkawc,15,linear,10.0,0.8811526534256353,0.8550609851074289,0.850902855744815,1.0,1.0,1.0,0.952101778441259,1.1166298428687966,1.142083959557716,0.0,0.0,0.0
onkawc,15,nearest,10.0,0.8082502738692555,0.6709145271943973,0.6957826635366099,1.0,1.0,1.0,1.0447604334606484,1.502477872355067,1.4194425739274044,0.0,0.0,0.0
ononma,15,linear,10.0,0.849418599448865,0.8297300683909952,0.8212563194968365,1.0,1.0,1.0,1.132219407566346,1.2473590806889279,1.2956724995561042,0.0,0.0,0.0
ononma,15,nearest,10.0,0.8182321166926994,0.713204094291589,0.7364153029511187,1.0,1.0,1.0,0.9336574713401732,1.2900700390744027,1.2198833600548136,0.0,0.0,0.0
onvahe,15,linear,10.0,0.8591634920441813,0.8322650426410012,0.8237577574321113,1.0,1.0,1.0,1.1366581935992188,1.307819126184018,1.3603462444929904,0.0,0.0,0.0
onvahe,15,nearest,10.0,0.8034449402483198,0.6397032862326408,0.6642220920836904,1.0,1.0,1.0,1.0506259347880702,1.5922960793332193,1.501700690887792,0.0,0.0,0.0
onwohy,15,linear,10.0,0.874787919891947,0.8330734190233375,0.839041566941209,1.0,1.0,1.0,1.0333494290292902,1.30278946256967,1.2654444968622645,0.0,0.0,0.0
onyacj,15,linear,10.0,0.857528142281093,0.8292345525690289,0.8197906010021113,1.0,1.0,1.0,1.133116884497592,1.309617473328848,1.366656060735018,0.0,0.0,0.0
onyacj,15,nearest,10.0,0.839573063388297,0.7350774521536322,0.7363545103633832,1.0,1.0,1.0,0.9127273638535375,1.3016859386553739,1.296105505167739,0.0,0.0,0.0
onyenr,15,linear,10.0,0.9077721477361622,0.8879183687378345,0.8878526203617613,1.0,1.0,1.0,0.7629186515344907,0.8939017723898586,0.8943255096395719,0.0,0.0,0.0
onyenr,15,nearest,10.0,0.8530983735703023,0.7757307143066631,0.763577635234263,1.0,1.0,1.0,0.8299341934785501,1.119492012325249,1.1614513935325395,0.0,0.0,0.0
oocsod,15,linear,10.0,0.8741429043868059,0.8526674644665257,0.8490293994538956,1.0,1.0,1.0,0.9640540011570551,1.092552608624617,1.1137773920354617,0.0,0.0,0.0
oocsod,15,nearest,10.0,0.8419294291846281,0.7301011083901248,0.7296636008548325,1.0,1.0,1.0,0.9102065682714046,1.3225752017864314,1.3242512055370967,0.0,0.0,0.0
oogchy,15,linear,10.0,0.8688831998144348,0.8424775598971308,0.8316159495727977,1.0,1.0,1.0,1.0727520717414354,1.2437723007334025,1.311852849919878,0.0,0.0,0.0
oogchy,15,nearest,10.0,0.8668895003060672,0.7636375348826786,0.7622594524369253,1.0,1.0,1.0,0.8149290601664169,1.2252741062277053,1.2340618342104475,0.0,0.0,0.0
ootquo,15,linear,10.0,0.9304360219967325,0.9184121454591876,0.912647693242518,1.0,1.0,1.0,0.6049462167748936,0.6899971346240905,0.7297591960272036,0.0,0.0,0.0
ootyec,15,linear,10.0,0.8488944568955346,0.8234097917150291,0.8158074370579066,1.0,1.0,1.0,1.171756979017435,1.32602200939852,1.3707568948157405,0.0,0.0,0.0
ootyec,15,nearest,10.0,0.8181983107449976,0.7044713286870065,0.7222252884656822,1.0,1.0,1.0,0.9797525364323415,1.3981762520740995,1.3355784689712797,0.0,0.0,0.0
oowfmu,15,linear,10.0,0.9155158831263965,0.8782715955741589,0.875711775384092,1.0,1.0,1.0,0.5867536874502343,0.7777655965841457,0.7901393396459155,0.0,0.0,0.0
opgove,15,linear,10.0,0.9132186030320475,0.8934796798849991,0.8831754987178624,1.0,1.0,1.0,0.7803500348778555,0.9247279901459325,0.9976793865721207,0.0,0.0,0.0
opgove,15,nearest,10.0,0.8244631841114766,0.7790646228927974,0.760773326999406,1.0,1.0,1.0,0.9241230618220752,1.269888350986966,1.2514668120418848,0.0,0.0,0.0
ophgir,15,linear,10.0,0.8771659823825491,0.8463825361970869,0.8333067767955681,1.0,1.0,1.0,1.0496613072930026,1.2593927602344985,1.345182319354591,0.0,0.0,0.0
ophgir,15,nearest,10.0,0.8391596238223593,0.7360729660249419,0.7440881895236131,1.0,1.0,1.0,0.8843846907621781,1.2442453539085976,1.2227810123691545,0.0,0.0,0.0
ophugb,15,linear,10.0,0.858655604853276,0.8303528833778487,0.8179600641590703,1.0,1.0,1.0,1.1771443888180428,1.3643126471092801,1.443612266598642,0.0,0.0,0.0
ophugb,15,nearest,10.0,0.7955917372401169,0.7729078048136215,0.7846161687915575,1.0,1.0,1.0,0.9824947198691287,1.2165593156896506,1.1323125740612376,0.0,0.0,0.0
opjerm,15,linear,10.0,0.8880150044270947,0.858687515951907,0.8496801313005845,1.0,1.0,1.0,0.9898655219116433,1.1984081902518926,1.2603118614901248,0.0,0.0,0.0
opjerm,15,nearest,10.0,0.8301736634052469,0.6948467702623538,0.7056003756493793,1.0,1.0,1.0,0.968341073509334,1.4483309691109123,1.4133693020592284,0.0,0.0,0.0
opmisa,15,linear,10.0,0.8557699554359876,0.8323647529171185,0.8289065569399797,1.0,1.0,1.0,1.0743324409929038,1.2091387677233412,1.2285601268774613,0.0,0.0,0.0
opmisa,15,nearest,10.0,0.8297750708491058,0.712843813224979,0.7079002413333367,1.0,1.0,1.0,0.9751531856717921,1.4094160429081177,1.4184307161100305,0.0,0.0,0.0
opnown,15,linear,10.0,0.9070378869647402,0.8853384262467012,0.8871024613028101,1.0,1.0,1.0,0.740963362697976,0.8772870881949967,0.8664711482468754,0.0,0.0,0.0
opnown,15,nearest,10.0,0.8520447075694177,0.7406400065901084,0.7634157123936183,1.0,1.0,1.0,0.8401500508490263,1.2297045248879277,1.1658658114920595,0.0,0.0,0.0
oquiat,15,linear,10.0,0.8499132159042624,0.8242885545762755,0.8157396706513333,1.0,1.0,1.0,1.1814910955210483,1.3396006767865136,1.3908533642674232,0.0,0.0,0.0
oquiat,15,nearest,10.0,0.8397712287701653,0.7337120409603886,0.7253126854151538,1.0,1.0,1.0,0.8912362578417447,1.274517722018831,1.301548535060213,0.0,0.0,0.0
orkbat,15,linear,10.0,0.8610101860242194,0.8375884825357003,0.8267111490997936,1.0,1.0,1.0,1.1107706515334508,1.2584058739048614,1.3249454196585284,0.0,0.0,0.0
orkbat,15,nearest,10.0,0.8173949042376742,0.6558525309535325,0.6738445347127013,1.0,1.0,1.0,0.9999368786592912,1.519719006084249,1.4803968189176002,0.0,0.0,0.0
orocdu,15,linear,10.0,0.8636909398184799,0.841784798946945,0.8338877447524881,1.0,1.0,1.0,1.0065798429429322,1.1315529215448228,1.175296911312961,0.0,0.0,0.0
orocdu,15,nearest,10.0,0.86141771645479,0.740772231418291,0.7250466397060903,1.0,1.0,1.0,0.7999868371889607,1.2363859175763345,1.2841433591187257,0.0,0.0,0.0
orptme,15,linear,10.0,0.8716611037372628,0.8406734239245006,0.8340514016156388,1.0,1.0,1.0,1.0277752882595697,1.2222744643605266,1.262435222281836,0.0,0.0,0.0
orptme,15,nearest,10.0,0.9026083459342765,0.8350204690049013,0.8420167662036164,1.0,1.0,1.0,0.7193325306763386,0.9835451887017519,0.9756923556772208,0.0,0.0,0.0
orrrar,15,linear,10.0,0.8645551022484126,0.8406437470105184,0.8336072672384638,1.0,1.0,1.0,1.0577488285625567,1.2040534720155673,1.245897684303188,0.0,0.0,0.0
orrrar,15,nearest,10.0,0.8290836000080857,0.664092434612701,0.6979952450939364,1.0,1.0,1.0,0.9588340412000471,1.4982784434383445,1.4106922855059727,0.0,0.0,0.0
orsyal,15,linear,10.0,0.8440320312795333,0.8221251376083198,0.8195548628275877,1.0,1.0,1.0,1.092479705289713,1.2090304848396194,1.2223852835815545,0.0,0.0,0.0
orsyal,15,nearest,10.0,0.789505475141926,0.6493630122565005,0.6638750116104708,1.0,1.0,1.0,1.0742730028199379,1.6099526663085133,1.4522280900643172,0.0,0.0,0.0
osacmu,15,linear,10.0,0.877269747171495,0.8407371325004084,0.8394748883431505,1.0,1.0,1.0,0.9053490610768331,1.1103317822838439,1.117139644739108,0.0,0.0,0.0
osacmu,15,nearest,10.0,0.8565433195637333,0.7643793752310356,0.7552620033530104,1.0,1.0,1.0,0.8385012101766066,1.1917172392448125,1.2229163208576495,0.0,0.0,0.0
osckro,15,linear,10.0,0.8488597534589943,0.8212192156345678,0.8088185594236356,1.0,1.0,1.0,1.2031748393557138,1.3758795441869447,1.4508613822757828,0.0,0.0,0.0
osckro,15,nearest,10.0,0.836802350735929,0.7032268647078399,0.7362315197201768,1.0,1.0,1.0,0.9250855579533384,1.3926413881403639,1.2908096516515153,0.0,0.0,0.0
oshyon,15,linear,10.0,0.8439871018338122,0.8207694856385339,0.8146517108828522,1.0,1.0,1.0,1.164401191213521,1.2984265096237053,1.3328381093492578,0.0,0.0,0.0
oshyon,15,nearest,10.0,0.8317336198140943,0.7493551928967852,0.7639411165967246,1.0,1.0,1.0,0.8981542781932154,1.2380667472719322,1.1603982773881871,0.0,0.0,0.0
osocce,15,linear,10.0,0.8461221542668125,0.8240579513069746,0.8190081003115652,1.0,1.0,1.0,1.1306312721004033,1.255585641740909,1.2834842274189413,0.0,0.0,0.0
osocce,15,nearest,10.0,0.8030773394175278,0.6674568780720018,0.6703239929756399,1.0,1.0,1.0,1.066188880600916,1.5571407303477622,1.513288997095232,0.0,0.0,0.0
otasfi,15,linear,10.0,0.874964772955696,0.8509585937419872,0.8466278473781474,1.0,1.0,1.0,0.9762141476828813,1.1230347688960662,1.1487956492847542,0.0,0.0,0.0
otasfi,15,nearest,10.0,0.8228675499211203,0.7025186692362453,0.7208924902552344,1.0,1.0,1.0,0.9560497326521855,1.3838066338382033,1.3228416996754508,0.0,0.0,0.0
otfaho,15,linear,10.0,0.9075817302792564,0.8874701721935234,0.888401280563945,1.0,1.0,1.0,0.7374495725422678,0.8642109534547715,0.8584789962331839,0.0,0.0,0.0
otfaho,15,nearest,10.0,0.8164297560838423,0.7063938223795672,0.74718632941928,1.0,1.0,1.0,0.9406134585865431,1.3493175298634101,1.2210797993137263,0.0,0.0,0.0
otmego,15,linear,10.0,0.9488993058612439,0.9351429590306389,0.9350465157759057,1.0,1.0,1.0,0.4443564363113727,0.5410022828311538,0.5416627942937873,0.0,0.0,0.0
otmego,15,nearest,10.0,0.8141294815571284,0.6157142515291939,0.6872011421943065,1.0,1.0,1.0,0.9873503301647503,1.5700912574461259,1.3921523444260837,0.0,0.0,0.0
otscok,15,linear,10.0,0.8371880249462798,0.8137850932828861,0.8039944109908279,1.0,1.0,1.0,1.2434703506806613,1.3825628780230632,1.4391738429914165,0.0,0.0,0.0
otscok,15,nearest,10.0,0.8221380975355312,0.6937041147993827,0.7068476903684774,1.0,1.0,1.0,0.9646515966191703,1.4258798399663808,1.3707115917126749,0.0,0.0,0.0
otswra,15,linear,10.0,0.8443617609439049,0.8239318153639829,0.8203436671458763,1.0,1.0,1.0,1.090686682939801,1.1996042680503096,1.2182936513042295,0.0,0.0,0.0
otswra,15,nearest,10.0,0.847528971846436,0.7392626273105896,0.7485571492519237,1.0,1.0,1.0,0.8759087877577953,1.267206935948985,1.242687341843936,0.0,0.0,0.0
otvasd,15,linear,10.0,0.850701146816599,0.8274849212023399,0.8223671763546836,1.0,1.0,1.0,1.1245720729068374,1.2602301197198924,1.2893796736012857,0.0,0.0,0.0
otvasd,15,nearest,10.0,0.8051540230717442,0.6585703393749051,0.6755540091684045,1.0,1.0,1.0,1.0660387016185868,1.5520569315169963,1.5018901047397069,0.0,0.0,0.0
ouvdan,15,linear,10.0,0.8901927891412397,0.8664100989109959,0.861144266061461,1.0,1.0,1.0,0.9174091986575601,1.0758261090032595,1.109907281472175,0.0,0.0,0.0
ouvdan,15,nearest,10.0,0.8416112502271527,0.7373745351043839,0.7335618051399416,1.0,1.0,1.0,0.9169478130742083,1.3116781938767328,1.3252285903614716,0.0,0.0,0.0
ovkojy,15,linear,10.0,0.8430250335943543,0.8213059798866138,0.8166779546875691,1.0,1.0,1.0,1.1484828980379587,1.2708203834173002,1.29627341607693,0.0,0.0,0.0
ovkojy,15,nearest,10.0,0.8296245344102807,0.7356450783530132,0.7247687274532665,1.0,1.0,1.0,0.9666908870368981,1.3145938490700695,1.34941802697502,0.0,0.0,0.0
ovnacg,15,linear,10.0,0.8722136860880542,0.8406910059850369,0.8295393719738744,1.0,1.0,1.0,1.0841950810268994,1.29696044025395,1.3695654512197022,0.0,0.0,0.0
ovnacg,15,nearest,10.0,0.8461605014738223,0.7309793416638896,0.7174688727823393,1.0,1.0,1.0,0.8631956624607319,1.2664434851878703,1.3066780090756176,0.0,0.0,0.0
ovyijn,15,linear,10.0,0.869552807183197,0.8480170965478779,0.8460699878626101,1.0,1.0,1.0,0.991999533408547,1.1196566331477773,1.1309328314504974,0.0,0.0,0.0
ovyijn,15,nearest,10.0,0.8254019572495076,0.7217079693177199,0.7256987877181238,1.0,1.0,1.0,0.9555604028478831,1.3122218076388954,1.298265943573096,0.0,0.0,0.0
owbsus,15,linear,10.0,0.8622370595105198,0.8350136516085179,0.8211124906077147,1.0,1.0,1.0,1.1414509369317276,1.3204817079025881,1.408833320345119,0.0,0.0,0.0
owbsus,15,nearest,10.0,0.8174808300674175,0.6693105364791588,0.7015615937619775,1.0,1.0,1.0,1.0044960531858604,1.5028226044525532,1.4037985297938274,0.0,0.0,0.0
owgves,15,linear,10.0,0.8692627532865917,0.8476520751130333,0.8437704693053493,1.0,1.0,1.0,0.99375635873989,1.1217737831963879,1.1441958691663148,0.0,0.0,0.0
owgves,15,nearest,10.0,0.8332805048579273,0.6999712990489142,0.7210090209616683,1.0,1.0,1.0,0.9116634378886247,1.3649074963591594,1.2929663105956162,0.0,0.0,0.0
owhagm,15,linear,10.0,0.9110995138754296,0.8887218756418818,0.8854962546894533,1.0,1.0,1.0,0.7403342485900218,0.8887182327793466,0.9094707868683993,0.0,0.0,0.0
owhagm,15,nearest,10.0,0.8280643496539402,0.60740819148465,0.6313843244567678,1.0,1.0,1.0,1.0613358471070802,1.8780217313207395,1.8055023315484955,0.0,0.0,0.0
owufre,15,linear,10.0,0.8800616188665702,0.8495318550260267,0.8435745041635933,1.0,1.0,1.0,0.9858317035972469,1.183896231219673,1.221256592469229,0.0,0.0,0.0
owufre,15,nearest,10.0,0.8494584393744057,0.7150394638413919,0.7308690283358221,1.0,1.0,1.0,0.891707236850423,1.3891650333338694,1.3424813503463322,0.0,0.0,0.0
oxdogh,15,linear,10.0,0.8588557520408457,0.8326414229516272,0.8210790922451396,1.0,1.0,1.0,1.1246139144316605,1.2888200062413593,1.358926093407339,0.0,0.0,0.0
oxdogh,15,nearest,10.0,0.8547050421080287,0.7519754129855586,0.7694233318218743,1.0,1.0,1.0,0.8417771679993257,1.2189023776549288,1.1629263694840521,0.0,0.0,0.0
oyclsd,15,linear,10.0,0.9189065411038235,0.898055816272176,0.9001240206699732,1.0,1.0,1.0,0.6493007670304743,0.7809609388261832,0.768230272025059,0.0,0.0,0.0
oyclsd,15,nearest,10.0,0.845976789939462,0.7530615427373953,0.7440353960130996,1.0,1.0,1.0,0.8266488282857399,1.1350237602840225,1.1624343668843187,0.0,0.0,0.0
oydtes,15,linear,10.0,0.8580982878331384,0.835095801273622,0.8295837882026491,1.0,1.0,1.0,1.1142963701967432,1.2561319655009575,1.2892709288320963,0.0,0.0,0.0
oydtes,15,nearest,10.0,0.8241813936459219,0.7079553294272963,0.7045225277896345,1.0,1.0,1.0,0.9564683634123657,1.3423463556076132,1.3599482402273515,0.0,0.0,0.0
oygmeb,15,linear,10.0,0.8938610609321894,0.8641185104781464,0.8556336886533409,1.0,1.0,1.0,0.9219978118786074,1.1287608716242126,1.1856524776462491,0.0,0.0,0.0
oygmeb,15,nearest,10.0,0.8170680115708195,0.7009037785976434,0.7068825735889361,1.0,1.0,1.0,0.9762305681728586,1.3516305076606383,1.3372701586722668,0.0,0.0,0.0
oygvar,15,linear,10.0,0.9307174267878989,0.9160814495981731,0.9118823928866678,1.0,1.0,1.0,0.5933923599797811,0.6946095317339884,0.7228755824634391,0.0,0.0,0.0
ubgiho,15,linear,10.0,0.8875287077381907,0.8602841527892522,0.8437525777546799,1.0,1.0,1.0,0.9763222672113605,1.1660987614575493,1.2767961660027003,0.0,0.0,0.0
ubgiho,15,nearest,10.0,0.834246478217451,0.7729078048136215,0.7729078048136215,1.0,1.0,1.0,0.8136513496362908,1.0159687325044595,1.0173028599421725,0.0,0.0,0.0
ubjajo,15,linear,10.0,0.8581678423208472,0.8344926662387155,0.8295381819764547,1.0,1.0,1.0,1.097479995635837,1.2406611254407551,1.2698593586568505,0.0,0.0,0.0
ubjajo,15,nearest,10.0,0.7860709696941673,0.6326318753010006,0.6458512319441316,1.0,1.0,1.0,1.0876337263067355,1.5968256646915413,1.498970602746983,0.0,0.0,0.0
ubjaju,15,linear,10.0,0.8575537253047639,0.8381876969353983,0.8397056544774868,1.0,1.0,1.0,0.9905069549108335,1.0928921497456852,1.085016377656766,0.0,0.0,0.0
ubjaju,15,nearest,10.0,0.8188338584725887,0.6967615656317933,0.719175795500194,1.0,1.0,1.0,0.9697630342402956,1.3658351333950884,1.3016672511075411,0.0,0.0,0.0
ubnank,15,linear,10.0,0.8829138704742563,0.8575140692984986,0.8513545720772775,1.0,1.0,1.0,0.9892711430793857,1.1606561195281566,1.201021792453994,0.0,0.0,0.0
ubnank,15,nearest,10.0,0.8426560528371616,0.7685477029980842,0.7561084201100283,1.0,1.0,1.0,0.9106938559177058,1.203074729896456,1.2457028891206272,0.0,0.0,0.0
ubzach,15,linear,10.0,0.8527479864126001,0.8305698540928216,0.8296524314494265,1.0,1.0,1.0,1.016309192869924,1.1320500863384235,1.1367253362451293,0.0,0.0,0.0
ubzach,15,nearest,10.0,0.8000711761769966,0.6276143448237294,0.6726015072751683,1.0,1.0,1.0,1.0567757085857157,1.5889961233382561,1.465956918989391,0.0,0.0,0.0
ucbiya,15,linear,10.0,0.8512024763615297,0.8203805779042299,0.8112108470225536,1.0,1.0,1.0,1.1881585542290625,1.3809972059617226,1.43651014482627,0.0,0.0,0.0
ucbiya,15,nearest,10.0,0.8133659497828475,0.6593781280677371,0.6783178052861402,1.0,1.0,1.0,1.0676449086576216,1.6066562948211178,1.5495657992155158,0.0,0.0,0.0
ucdewy,15,linear,10.0,0.9338072100936607,0.9157801009706288,0.9200929696081186,1.0,1.0,1.0,0.5052474074536197,0.6124290149606281,0.5873899001524956,0.0,0.0,0.0
ucdewy,15,nearest,10.0,0.810649742174927,0.7126234012423215,0.7119037284563678,1.0,1.0,1.0,1.029055870750974,1.4215454182728962,1.402964200187131,0.0,0.0,0.0
ucgewf,15,linear,10.0,0.8644361743346949,0.8375706647923449,0.8276361513410662,1.0,1.0,1.0,1.0886415040417456,1.2585158779904937,1.3193341492901052,0.0,0.0,0.0
ucgewf,15,nearest,10.0,0.828350775130551,0.7308903008433483,0.7240680267266347,1.0,1.0,1.0,0.9675238500759903,1.3618920064963107,1.3850407888436758,0.0,0.0,0.0
uchjaf,15,linear,10.0,0.8600770521727175,0.8344193687073718,0.8261341125464995,1.0,1.0,1.0,1.13070063239682,1.2944000003563334,1.3457473441305032,0.0,0.0,0.0
uchjaf,15,nearest,10.0,0.8395751614254019,0.7150033457530786,0.7366106242041429,1.0,1.0,1.0,0.9039797453135825,1.3399397015658074,1.2739467506837274,0.0,0.0,0.0
ucovla,15,linear,10.0,0.863351590901585,0.8354167601203357,0.8285690325713199,1.0,1.0,1.0,1.0956625342651847,1.2717890430865582,1.3136663189373858,0.0,0.0,0.0
ucovla,15,nearest,10.0,0.8308575322692127,0.6478448598304858,0.6812768194651406,1.0,1.0,1.0,0.9637609373007775,1.5863162922042588,1.4959723767627082,0.0,0.0,0.0
ucvepn,15,linear,10.0,0.8622021801704283,0.8299296577745503,0.8197272634709378,1.0,1.0,1.0,1.1296335957906964,1.3381470355552953,1.4017642742971868,0.0,0.0,0.0
udguic,15,linear,10.0,0.8550751475551981,0.8310495495673167,0.8276271118077416,1.0,1.0,1.0,1.0983502612182128,1.2397707432239822,1.2594164822220595,0.0,0.0,0.0
udthon,15,linear,10.0,0.8820140386225466,0.8600833889788266,0.8551271965545484,1.0,1.0,1.0,0.9465189768250448,1.0856161855032045,1.1162229119939995,0.0,0.0,0.0
udthon,15,nearest,10.0,0.8443377475909515,0.7401376282692383,0.7517008300587382,1.0,1.0,1.0,0.8439580195463827,1.1853189330537066,1.1646373575138944,0.0,0.0,0.0
udtiog,15,linear,10.0,0.8647383519557461,0.8408970365119334,0.8338007284030627,1.0,1.0,1.0,1.0722212610979587,1.2209101585396611,1.26394641419353,0.0,0.0,0.0
udtiog,15,nearest,10.0,0.8295976205445477,0.7390748330550774,0.7389177595468092,1.0,1.0,1.0,0.9165109692986426,1.266002311207141,1.287726611072299,0.0,0.0,0.0
udveoy,15,linear,10.0,0.8723159583452628,0.8518758687707544,0.8435123388765029,1.0,1.0,1.0,1.037190741300555,1.169087105268251,1.2216443828935608,0.0,0.0,0.0
udveoy,15,nearest,10.0,0.8198455598315346,0.6884508723738559,0.6625126049035702,1.0,1.0,1.0,1.040723667026264,1.5180518296250005,1.5973687863819728,0.0,0.0,0.0
udwadl,15,linear,10.0,0.8991500536786792,0.8807467790603939,0.875603333551384,1.0,1.0,1.0,0.8332273598274332,0.9547287807452693,0.9878256521878656,0.0,0.0,0.0
udwadl,15,nearest,10.0,0.822925177437507,0.6818500915610091,0.7026078905433902,1.0,1.0,1.0,0.9995446951736079,1.492017060904069,1.425347709412613,0.0,0.0,0.0
udwebi,15,linear,10.0,0.9273890213508459,0.9086683126216497,0.917574502817917,1.0,1.0,1.0,0.52081458222334,0.623562640165885,0.5755194391381121,0.0,0.0,0.0
udwebi,15,nearest,10.0,0.7940690191456754,0.7729078048136215,0.7729078048136215,1.0,1.0,1.0,0.9395636040453046,1.0484627356953826,1.039847570428533,0.0,0.0,0.0
udwiul,15,linear,10.0,0.8605722868516814,0.8400993066018165,0.8353999659295936,1.0,1.0,1.0,1.0459069170070208,1.1652505345596442,1.191991070991876,0.0,0.0,0.0
udwiul,15,nearest,10.0,0.8490178942440547,0.7251786182746445,0.7129559487798649,1.0,1.0,1.0,0.9142567890321679,1.3979410198752338,1.4389602809899438,0.0,0.0,0.0
ufdoyn,15,linear,10.0,0.8539335044326632,0.8208050717069405,0.8117068191052698,1.0,1.0,1.0,1.1404187939860726,1.3414127077343245,1.3946548056636305,0.0,0.0,0.0
ufdoyn,15,nearest,10.0,0.8338026614156188,0.7131971104220214,0.7056817541019497,1.0,1.0,1.0,0.9712204069964332,1.4275508481614865,1.452708099767633,0.0,0.0,0.0
ugatna,15,linear,10.0,0.8500729936051632,0.8204894181683768,0.8055807688500208,1.0,1.0,1.0,1.2348419803562785,1.427550873133431,1.5213387607042983,0.0,0.0,0.0
ugatna,15,nearest,10.0,0.8342841124354549,0.7209047170101108,0.7315151805416928,1.0,1.0,1.0,0.9516814482288576,1.3624113548794257,1.3317458068275567,0.0,0.0,0.0
ugdifb,15,linear,10.0,0.9013365068523103,0.8857654923914667,0.884123269584193,1.0,1.0,1.0,0.7775004670117956,0.8746726704265709,0.8847118944248237,0.0,0.0,0.0
uggdye,15,linear,10.0,0.8682401730031327,0.8464051528710463,0.8398752540517787,1.0,1.0,1.0,1.03459887886638,1.1693955402175178,1.208649112656104,0.0,0.0,0.0
uggdye,15,nearest,10.0,0.8174704869011731,0.6201448602814403,0.6708658008904432,1.0,1.0,1.0,1.0123222326328871,1.6353486886624584,1.5057506919487278,0.0,0.0,0.0
ugifma,15,linear,10.0,0.8473476495412215,0.8195206033990847,0.8140951711678184,1.0,1.0,1.0,1.1636911549191191,1.3281365331796446,1.3592874770001542,0.0,0.0,0.0
ugifma,15,nearest,10.0,0.8317148837929982,0.6669235505261562,0.6592488222985137,1.0,1.0,1.0,1.0196973214070364,1.641450978252123,1.6734705792159446,0.0,0.0,0.0
ugthfu,15,linear,10.0,0.8973126407937583,0.8772676792279257,0.87377523822868,1.0,1.0,1.0,0.818576915636062,0.9448721150026617,0.9663025010629861,0.0,0.0,0.0
ugthfu,15,nearest,10.0,0.8180187134887025,0.6711845365150234,0.6765818208696875,1.0,1.0,1.0,0.9993284999025246,1.4843892173130535,1.4708802773743919,0.0,0.0,0.0
ujhuki,15,linear,10.0,0.8805722064272805,0.8544734517047077,0.8424104640428114,1.0,1.0,1.0,1.035034446013215,1.2167175580137504,1.2979405723782789,0.0,0.0,0.0
ujhuki,15,nearest,10.0,0.8320928548177943,0.7085411847344982,0.7235873835528739,1.0,1.0,1.0,0.9104679322883229,1.3551208278505276,1.2705577535690402,0.0,0.0,0.0
ujkiwe,15,linear,10.0,0.8723258876699959,0.8522061576070205,0.8447724539430436,1.0,1.0,1.0,1.0087316544312304,1.1341271289715449,1.179254017798857,0.0,0.0,0.0
ujkiwe,15,nearest,10.0,0.8281844665763983,0.69401245303917,0.7012202882579022,1.0,1.0,1.0,0.9444884151356269,1.4031114933160787,1.3740602602928496,0.0,0.0,0.0
ujnaww,15,linear,10.0,0.8804733800053903,0.8553812722959433,0.8493144801461603,1.0,1.0,1.0,0.9702996686364174,1.1313610747463356,1.1691558456623519,0.0,0.0,0.0
ujnaww,15,nearest,10.0,0.8408639674709908,0.7637533357945214,0.7708532139098299,1.0,1.0,1.0,0.8474524755113696,1.140329217117556,1.1289711005613028,0.0,0.0,0.0
ujtosh,15,linear,10.0,0.8757832767143314,0.8477396073278536,0.8475826414935322,1.0,1.0,1.0,0.9540004767929442,1.121266225998948,1.122176334590955,0.0,0.0,0.0
ujtosh,15,nearest,10.0,0.8160276093741324,0.6953404671892394,0.7208254035934922,1.0,1.0,1.0,0.9757187161422205,1.4073639781705165,1.3178729029361633,0.0,0.0,0.0
ujtrud,15,linear,10.0,0.859486188767923,0.8338883113167556,0.8276345259794466,1.0,1.0,1.0,1.0893196009575485,1.2442363764036646,1.2810112414417325,0.0,0.0,0.0
ujtrud,15,nearest,10.0,0.8089334652463535,0.7047917760193082,0.7114668851646168,1.0,1.0,1.0,0.9961441548702287,1.3658435201007806,1.330341012527273,0.0,0.0,0.0
ukgoaf,15,linear,10.0,0.8768972719837358,0.848295668517707,0.8350146475415962,1.0,1.0,1.0,1.07025542214209,1.2697442241496377,1.3591586395707156,0.0,0.0,0.0
ukgoaf,15,nearest,10.0,0.8225126017087336,0.6998206981241014,0.7033086835796057,1.0,1.0,1.0,0.9814942629447503,1.396937121402514,1.3926296308868866,0.0,0.0,0.0
uklsdr,15,linear,10.0,0.8720764578021607,0.8426203002447861,0.8296730495051406,1.0,1.0,1.0,1.1135966696105637,1.319265546749009,1.4065821890718915,0.0,0.0,0.0
uklsdr,15,nearest,10.0,0.8166932472866404,0.7063669751401255,0.7099942360313143,1.0,1.0,1.0,0.9780496536382586,1.3845328230373246,1.3630016755449683,0.0,0.0,0.0
uljior,15,linear,10.0,0.8982379746731788,0.8767580790437673,0.8750097563890225,1.0,1.0,1.0,0.8126024570861976,0.948009223843576,0.958745654837827,0.0,0.0,0.0
uljior,15,nearest,10.0,0.8246921557840674,0.7132979465846607,0.7143336529264075,1.0,1.0,1.0,0.9387357908460523,1.305424218132601,1.311864855477779,0.0,0.0,0.0
umhenw,15,linear,10.0,0.8796215634203375,0.8546560432580191,0.8488512416363236,1.0,1.0,1.0,1.0007530739407255,1.1659077800917503,1.2032292851179833,0.0,0.0,0.0
umhenw,15,nearest,10.0,0.8276437451030698,0.715896134706399,0.7203220938551365,1.0,1.0,1.0,0.970006449124654,1.3667734046521365,1.3543586290544678,0.0,0.0,0.0
umsmth,15,linear,10.0,0.8474551284445951,0.8228589496277801,0.818500905558994,1.0,1.0,1.0,1.1229154694300851,1.2622324500019015,1.2862724870413342,0.0,0.0,0.0
umsmth,15,nearest,10.0,0.8161619766827287,0.6813689927017915,0.6827894665023843,1.0,1.0,1.0,1.020649086464099,1.4780172254403636,1.4806570054699626,0.0,0.0,0.0
umvohu,15,linear,10.0,0.8511502457251734,0.8280429114813874,0.8224475124145928,1.0,1.0,1.0,1.1218898595985252,1.2570360359415995,1.2889241108920848,0.0,0.0,0.0
umvohu,15,nearest,10.0,0.8156712986678939,0.6900846852481458,0.7224234465957835,1.0,1.0,1.0,0.9871798431805111,1.3947068348849216,1.302935436772427,0.0,0.0,0.0
unquek,15,linear,10.0,0.8744940546741204,0.8484201905077806,0.8378498287340854,1.0,1.0,1.0,1.0470069062618828,1.2200989367450752,1.2880294075397878,0.0,0.0,0.0
unquek,15,nearest,10.0,0.8327658951351188,0.7074409863027777,0.7021868492126616,1.0,1.0,1.0,0.9500201940077243,1.3961341182682852,1.4193833574130514,0.0,0.0,0.0
unwrai,15,linear,10.0,0.8343504760116637,0.7616665717209112,0.7495510726289023,1.0,1.0,1.0,1.1979311150008172,1.5839843385957275,1.643962210614804,0.0,0.0,0.0
unwrai,15,nearest,10.0,0.8340079976471911,0.7595164626831586,0.746690361818271,1.0,1.0,1.0,0.9115446321870403,1.1770008495218174,1.2179680364840895,0.0,0.0,0.0
upchim,15,linear,10.0,0.8417415134019834,0.8187797083513024,0.8200522167019664,1.0,1.0,1.0,1.1049024356124137,1.226400198811953,1.2198061516185923,0.0,0.0,0.0
upchim,15,nearest,10.0,0.8132064042863055,0.6751700092834466,0.6714657371465366,1.0,1.0,1.0,1.0307864317818711,1.495806692643614,1.5063426150216614,0.0,0.0,0.0
upsjav,15,linear,10.0,0.8901538913770692,0.8739771977990838,0.8693410903790098,1.0,1.0,1.0,0.8932457809552479,0.9982159489039414,1.027649773497364,0.0,0.0,0.0
upsjav,15,nearest,10.0,0.8690503258479955,0.798741652340412,0.7903208408355143,1.0,1.0,1.0,0.8010710293320812,1.0562917037303787,1.0832350554129109,0.0,0.0,0.0
upthin,15,linear,10.0,0.9208100209644496,0.906468814587339,0.9060491948904265,1.0,1.0,1.0,0.6368885175864087,0.7287414540328291,0.7313738007925136,0.0,0.0,0.0
urfhod,15,linear,10.0,0.8158171715033908,0.7817829689878457,0.7736781516572575,1.0,1.0,1.0,1.349431052047604,1.5391983378211138,1.5828994863998829,0.0,0.0,0.0
urfhod,15,nearest,10.0,0.8048666042030671,0.6130289237233265,0.6477047809286421,1.0,1.0,1.0,1.1017498556709593,1.7228563745437866,1.6352412790325999,0.0,0.0,0.0
usadri,15,linear,10.0,0.9163129460931345,0.8949743384720309,0.892354448557978,1.0,1.0,1.0,0.7150542925080996,0.8612401254019537,0.8786783927092712,0.0,0.0,0.0
usbekh,15,linear,10.0,0.8485081560204286,0.8214054248231089,0.8085196833993191,1.0,1.0,1.0,1.2195284632505903,1.3913711281492456,1.470479183134718,0.0,0.0,0.0
usbekh,15,nearest,10.0,0.8156745723749295,0.6705096399961121,0.694417448883318,1.0,1.0,1.0,0.9900726485782609,1.4521252964885971,1.3890678706640247,0.0,0.0,0.0
ushfeo,15,linear,10.0,0.8587786280833926,0.8284908392227204,0.8178853332349727,1.0,1.0,1.0,1.1523140465086525,1.3471821263945887,1.4131400267390284,0.0,0.0,0.0
uthiss,15,linear,10.0,0.8581564309708596,0.8215760938467546,0.8072159185242749,1.0,1.0,1.0,1.1805237091353729,1.4206312795604892,1.5111545081935973,0.0,0.0,0.0
uthomo,15,linear,10.0,0.8657248129595208,0.8460089044813132,0.842981561406528,1.0,1.0,1.0,1.0150999153645972,1.1312858990279524,1.1487327210511737,0.0,0.0,0.0
uthomo,15,nearest,10.0,0.8340561841001255,0.7288019794877414,0.7203157686785013,1.0,1.0,1.0,0.9299444293795619,1.2992271254320975,1.3265904818010326,0.0,0.0,0.0
uthsyi,15,linear,10.0,0.8873422083553562,0.8515618614612567,0.843737304966675,1.0,1.0,1.0,0.9480226415252301,1.1858494725137079,1.235794544480867,0.0,0.0,0.0
utjanr,15,linear,10.0,0.8608366910186365,0.8327127614459353,0.8221134045445904,1.0,1.0,1.0,1.1257392152475596,1.305034285900818,1.3704152761576824,0.0,0.0,0.0
utjanr,15,nearest,10.0,0.8217868618787729,0.6491604360609312,0.6858598861577696,1.0,1.0,1.0,0.9986751684205724,1.5970385897858161,1.4791046550198084,0.0,0.0,0.0
utkibe,15,linear,10.0,0.9090397911923906,0.8817693498269005,0.8740228149392146,1.0,1.0,1.0,0.8189640229402586,1.0172663914649411,1.071616878397268,0.0,0.0,0.0
utkibe,15,nearest,10.0,0.8293200904147633,0.7605625032442067,0.7302268775524623,1.0,1.0,1.0,0.9297790194211688,1.1736030577368357,1.2687191755440557,0.0,0.0,0.0
utlurv,15,linear,10.0,0.8669263048788645,0.8493967817914669,0.8436088463051823,1.0,1.0,1.0,1.0078691946290552,1.1116408638342763,1.1451258847015382,0.0,0.0,0.0
utlurv,15,nearest,10.0,0.8298651964770986,0.7040430614836041,0.7121372014264509,1.0,1.0,1.0,0.9501472758466853,1.422251681329327,1.4023240873332155,0.0,0.0,0.0
utthwa,15,linear,10.0,0.9164824517493654,0.8798131792274625,0.8701458114948637,1.0,1.0,1.0,0.7138610875216777,0.9607628831286604,1.0225605570799625,0.0,0.0,0.0
utthwa,15,nearest,10.0,0.8519589579306395,0.7215992425495313,0.7195378565866861,1.0,1.0,1.0,0.899834704301313,1.4097767276129032,1.4149755761223486,0.0,0.0,0.0
uttorh,15,linear,10.0,0.8842383718867086,0.8576004784547091,0.8501122330191992,1.0,1.0,1.0,0.9577994205220961,1.1326541290572363,1.1802352976574582,0.0,0.0,0.0
uttorh,15,nearest,10.0,0.8371807136136342,0.7454400301997772,0.7562730440568752,1.0,1.0,1.0,0.8962779816985977,1.2093340523833123,1.1834698616668127,0.0,0.0,0.0
utvoho,15,linear,10.0,0.8905105997393014,0.8757146270065039,0.8793524301428677,1.0,1.0,1.0,0.7813999056083534,0.8628278865098854,0.843088868601495,0.0,0.0,0.0
utvoho,15,nearest,10.0,0.8554816020370132,0.7580041927221445,0.7690326764853547,1.0,1.0,1.0,0.8124389689674922,1.2026912403217804,1.155033442276385,0.0,0.0,0.0
utwoab,15,linear,10.0,0.8546512150198579,0.8308070671039536,0.8233605950074788,1.0,1.0,1.0,1.151471594530154,1.3000327626790598,1.3451987607787783,0.0,0.0,0.0
utwoab,15,nearest,10.0,0.8342480081090351,0.7199617342628271,0.729626798553046,1.0,1.0,1.0,0.9193679555233073,1.3466056435774165,1.3064678140378427,0.0,0.0,0.0
uvburk,15,linear,10.0,0.9383308798997279,0.9150403039521618,0.9166189974049156,1.0,1.0,1.0,0.5473754792594331,0.7133305685626966,0.702432614231547,0.0,0.0,0.0
uvigch,15,linear,10.0,0.8691235574071363,0.8461876421053955,0.8362387876543477,1.0,1.0,1.0,1.0441373286015951,1.1884724278036405,1.2492206108388457,0.0,0.0,0.0
uvigch,15,nearest,10.0,0.8520656370155273,0.7606667023583807,0.7442035327386416,1.0,1.0,1.0,0.8647456217024087,1.2191665880379678,1.276706929515853,0.0,0.0,0.0
uvjeah,15,linear,10.0,0.862098845972654,0.8259303860825487,0.8125655126344216,1.0,1.0,1.0,1.1537530895083652,1.3927874289846895,1.4776614042678702,0.0,0.0,0.0
uvjeah,15,nearest,10.0,0.8079878175042928,0.7126650846908272,0.7123962836917899,1.0,1.0,1.0,1.009993972041923,1.3206687173050962,1.3214467635971394,0.0,0.0,0.0
uvjova,15,linear,10.0,0.899778807185722,0.8757784723122074,0.8751897350877471,1.0,1.0,1.0,0.8164047297130615,0.9711108718290035,0.9748041286973341,0.0,0.0,0.0
uvjova,15,nearest,10.0,0.8354914027143079,0.7729078048136215,0.7729078048136215,1.0,1.0,1.0,0.8094958643830283,1.077620212441882,1.0536455234673037,0.0,0.0,0.0
uvreoi,15,linear,10.0,0.8734207984809281,0.8407896388082469,0.8285256866650139,1.0,1.0,1.0,1.06536921644188,1.2831835721773452,1.3619611807065173,0.0,0.0,0.0
uvreoi,15,nearest,10.0,0.8238856640408153,0.6715363463263957,0.6707163617589427,1.0,1.0,1.0,1.032847665430293,1.5914227228067248,1.6009091401399875,0.0,0.0,0.0
