user_id,sample_interval_min,interpolation_method,tolerance_km,predictability_direct_ctw,predictability_markov_order_1,predictability_markov_order_2,predictability_vq_ctw_K1024,predictability_vq_ctw_K256,predictability_vq_ctw_K512,entropy_rate_bits_direct_ctw,entropy_rate_bits_markov_order_1,entropy_rate_bits_markov_order_2,entropy_rate_bits_vq_ctw_K1024,entropy_rate_bits_vq_ctw_K256,entropy_rate_bits_vq_ctw_K512
abboip,5,linear,2.5,0.8819770335968861,0.8522329294639579,0.8247935315587581,0.9441490122690296,0.926910600216671,0.8833462119211226,1.1964339210724053,1.4465613509713116,1.6682314116312764,0.5390386362784891,0.739447569794682,1.0975909390235874
abcoij,5,linear,2.5,0.9932798404178496,0.9861063071575071,0.9843954118832107,0.9941086924945135,0.9921763882729626,0.9844270756720422,0.08303136911428304,0.1570333510370585,0.17373688585481836,0.0673411554845568,0.08795571210811703,0.1696771439258486
abdrem,5,linear,2.5,0.820071485445893,0.7483484292019547,0.6803129621544972,0.8922939223404113,0.8681958547378511,0.8186348426091166,1.9608211295845215,2.605378027027677,3.1798739823382856,0.9732656735352713,1.2489929295408913,1.6278677403190644
abgibo,5,linear,2.5,0.8477381663244481,0.788940476573193,0.7315974273219495,0.9163817179788424,0.8967433352364673,0.847707748325079,1.6558600821841538,2.1856496149734213,2.673128336537463,0.7930543242190459,1.028759323154847,1.42047286640297
abjool,5,linear,2.5,0.9606997955552169,0.9410123803527588,0.9313926952300348,0.9792208730641017,0.972188374957988,0.9582703635669463,0.46524265693325045,0.6628800843415648,0.7555320811506185,0.23244045280811976,0.32235377521405884,0.45690387967227997
abmuya,5,linear,2.5,0.8647324591576743,0.8299799172666775,0.7888365820684746,0.939158224237903,0.9160379759988112,0.8621638690667202,1.4498464620987874,1.7614961179519264,2.1145425818490424,0.5937312111465278,0.8533842873158473,1.2911461180699288
abniar,5,linear,2.5,0.8441319177502402,0.7929135328880474,0.7357585890563146,0.9216586344983377,0.904769208223215,0.8460669112675887,1.685381773141663,2.145587674099555,2.6318645779140004,0.7554999768412146,0.9638965369175688,1.4274256547268125
abnovk,5,linear,2.5,0.8722318801148334,0.8359928540005614,0.7975081017351348,0.9322380395597516,0.916124476584705,0.8747772429480172,1.365812121150061,1.6893623356173422,2.017777818756863,0.6503779900146978,0.8459110470923271,1.1703032595319094
abtyff,5,linear,2.5,0.8708526647089316,0.8345705116364701,0.796680755796249,0.9388583745449386,0.9239579496489275,0.870552544524967,1.364433885770115,1.6838531083596586,2.0026754196283614,0.5869161670983872,0.7781184005510549,1.2031581573867427
abwecn,5,linear,2.5,0.8514341403490354,0.8100790032179412,0.7672214506305066,0.9283911635566784,0.9194784002020948,0.864524077012173,1.5911357662314083,1.9603601792398302,2.325995598806127,0.6958260415003265,0.8265859371134616,1.2614956364981218
abyalw,5,linear,2.5,0.8848354637440514,0.8590735928148301,0.8387822981742419,0.9561216569845756,0.9442714090828512,0.8899589380590829,1.1652719439243935,1.3820282315194201,1.5471042660660035,0.4312279251010345,0.5623420272531793,1.0110546675167253
acdiyi,5,linear,2.5,0.8972050818839549,0.8438030000390826,0.8041418502683256,0.9417446572324739,0.9224553881204619,0.8991924907596716,1.1400950252923512,1.631501887887789,1.9754696397485092,0.5802657106253301,0.7974328676204322,0.9886203685639663
acduou,5,linear,2.5,0.8721777098682483,0.8306400706926734,0.7888238359586147,0.9382324705066243,0.9215509219785171,0.8722496946858713,1.3912094053233528,1.768908752740821,2.131121833368359,0.5814918732551012,0.777794835372653,1.1956588382496518
acgerl,5,linear,2.5,0.8995126506916872,0.8416164818038385,0.80655220779529,0.9491291683798521,0.9412744688734435,0.8958548894726205,1.0566702097638305,1.5542619958039676,1.836988207774296,0.4980173669365509,0.6159924962852715,1.0027247796850571
acitva,5,linear,2.5,0.8673121170715533,0.8049899873288535,0.7549381718849321,0.907973330525331,0.8839570881238213,0.8543604825092377,1.4365041342296598,1.9930227762255568,2.4133779006316707,0.8409312892763516,1.1223984800361224,1.3517651338730605
ackgri,5,linear,2.5,0.8857559030140253,0.7545383099927131,0.6863212694002779,0.9163439997347127,0.8998996630244807,0.8674129114071476,1.3083859193948784,2.5138386953133374,3.082392753028045,0.8034185470494003,0.9946328861079029,1.26526692805008
acpegh,5,linear,2.5,0.8459325699070535,0.8033268360880657,0.7576028238103696,0.9317753314672249,0.9110623573352279,0.8479630298963774,1.5994178363533742,1.9655841822819977,2.3400566785814556,0.6720708084727665,0.889100171131313,1.4009341679861025
acvebr,5,linear,2.5,0.8604470925922282,0.8179667108045584,0.7735667627706775,0.9298606842631258,0.917662834107506,0.8643084897768848,1.4934487553708466,1.8720104183287831,2.2488928802902355,0.6695804143110696,0.8392928981531698,1.2631685947612112
acvebr,5,nearest,2.5,0.8377228380115933,0.5575408296425607,0.5620224596349214,0.850289465655105,0.8635626090101146,0.8453496667200311,1.0952991132164094,2.2325653561412837,2.218430285384807,1.0836866082971142,0.8916298818805828,0.8664714195921772
adkavy,5,linear,2.5,0.8689309295725149,0.7744157884584606,0.7137203646412035,0.9046657243444408,0.8940136314769311,0.8704768253075466,1.5001182472115238,2.387655688136826,2.9164703057581876,0.8791653320021589,1.0438984282571047,1.235857270216805
adners,5,linear,2.5,0.8426674345675987,0.7980365278484393,0.7470690521290242,0.9169143399913838,0.8947874071010409,0.8385716208133595,1.622535008212792,2.002636249326806,2.4149018687070885,0.7720497098940646,1.0249697894986747,1.4589766475026291
adpaif,5,linear,2.5,0.8608719769392396,0.8185573783696777,0.7738287702080905,0.9357061359033122,0.9165071481102895,0.8590192293915702,1.4640014167211208,1.8335418190823265,2.205168624823218,0.6221326874495402,0.8525328882762897,1.309931882055914
aducri,5,linear,2.5,0.8514003462762296,0.7676866199612153,0.6985290924781686,0.9096108739314325,0.8940254381879036,0.8628506200468129,1.70861512975007,2.5052886876865603,3.119348230143916,0.8408514639571856,1.0591018014290703,1.311509265530901
afmorc,5,linear,2.5,0.8574447402781644,0.8066083952429159,0.7563621512085195,0.933730491348839,0.9124177003241977,0.8634464429043881,1.57204885222388,2.0395581458844676,2.477910083570734,0.6473697237105582,0.8879735043913535,1.2865106167757434
afpans,5,linear,2.5,0.859974795675233,0.8347076768398108,0.8056472552701306,0.9408892443161953,0.9228470590888448,0.8648259536996171,1.3620872545738159,1.5649523586383647,1.790038362444269,0.5548440461018863,0.754719828890466,1.1991880036519844
afsfat,5,linear,2.5,0.8679563844918367,0.8121954645897072,0.7602165981801843,0.8995592859565671,0.8932335169948922,0.8633279464840606,1.4459259940417104,1.9526111839244997,2.3979917413016834,0.9044886132713318,1.0420596938999307,1.282040686176267
afweka,5,linear,2.5,0.8610866301889527,0.8216525810997088,0.7762125861767277,0.9351774360393783,0.9198213011541856,0.8656412343108932,1.5159840376829314,1.876355683267183,2.2726470748393823,0.6395272986785616,0.8295138039646839,1.2692077991245871
agcowk,5,linear,2.5,0.8884496298407119,0.851767688086717,0.8174279048392254,0.9451103864839944,0.9270649921227786,0.8836513511188571,1.1994017348977726,1.5287111236027342,1.8228800965195906,0.5440442585459456,0.7478364239898401,1.0896833772277055
agdrea,5,linear,2.5,0.8294024249765021,0.7524042183935716,0.6862082024159376,0.8885623978559538,0.8584609191741144,0.8225636667914756,1.8608265077663249,2.551607510738332,3.1079751518056744,1.021737228521488,1.3514790285639349,1.6122588479827338
aggjuo,5,linear,2.5,0.8469688147008465,0.8009834407415275,0.7560194751417266,0.9282851531161743,0.9145851660424237,0.8564757822889224,1.5489458036710337,1.9314627568987188,2.286819705428458,0.6591501689667669,0.8271149781054075,1.2680214574988256
agivle,5,linear,2.5,0.8406785599356689,0.8012041189934621,0.7514538647951186,0.9232397320002468,0.9057700837430345,0.8463071137950815,1.6565255047089387,1.997028273838858,2.4061889293418313,0.7278150928028131,0.9337652201451211,1.4135858082233745
agjitf,5,linear,2.5,0.8422350155590242,0.80980163498254,0.7635231240268882,0.9314258716467987,0.9132233012633981,0.8546055543986042,1.6401132368460336,1.9209419164658719,2.3048049391027523,0.6663815427161015,0.8742473706010636,1.3439631313154456
agsuec,5,linear,2.5,0.8492189384698868,0.7818559114088022,0.7192035877083235,0.9149164694527714,0.8938485436803003,0.8453863745373751,1.6788412328771942,2.3005296433683045,2.843678140121463,0.7992669804792639,1.0569092681153074,1.4496170182894803
agvexp,5,linear,2.5,0.8184925859962273,0.730134042779804,0.653584463346908,0.872735820826329,0.849619642830686,0.8218600406537846,1.9678581226649732,2.751063842682992,3.3823448945859127,1.0999137923392408,1.399976544660097,1.610856610403424
agyamk,5,linear,2.5,0.8958041853467236,0.8415068473252623,0.8032162940065367,0.9285902754918948,0.9096306551647096,0.8876310048500705,1.203073218196165,1.7272849272562036,2.076968229276014,0.6848167580592479,0.9049041772190887,1.09240150854355
aichas,5,linear,2.5,0.8666701297617634,0.7898374369245745,0.7370312285197349,0.9169298112966163,0.8976217795417376,0.8668191095923188,1.5156676441104968,2.2379282606368234,2.703252514392829,0.7833516910680298,1.024985997812631,1.2598973361834307
ailbcu,5,linear,2.5,0.8810986144227737,0.8217881464800414,0.7733406107285182,0.9243133036062017,0.9117486666937972,0.8793069002851243,1.3261537296879746,1.8751447556078011,2.297088599918965,0.7291690399379153,0.9034170122184725,1.1504189495569044
aimidd,5,linear,2.5,0.8568949039028804,0.8007653785892568,0.7485695228383097,0.9323831056236023,0.9196986269372038,0.8680582689114006,1.5719378780280622,2.0842533127805267,2.5347023446128176,0.6584996839420673,0.8276652630567338,1.250083738979677
ainpli,5,linear,2.5,0.8472066910755861,0.7919689921830995,0.7389245422377596,0.914134464895223,0.8924239854669733,0.8426806118070511,1.6646402495251176,2.1643748853928293,2.6188154480530734,0.8054283110058781,1.0487208382690567,1.4411873758872022
aitpyg,5,linear,2.5,0.8512875159787905,0.8066127841296526,0.758889717544144,0.9235800841116257,0.9068480128326931,0.8503078450441806,1.5494237369554222,1.9345496599709078,2.325484795110533,0.7197185544808198,0.9247070453200409,1.3641756120758133
aivtyt,5,linear,2.5,0.8782126138677707,0.8089289224875035,0.7619333190663602,0.9333861982732261,0.9215314730527762,0.8723971961582547,1.297692473438253,1.9011083584126247,2.2837235002236262,0.6544896862475237,0.8024362268062094,1.1888410400294103
aiwalb,5,linear,2.5,0.8504839138761138,0.7912259756989075,0.7338054995920954,0.9031753220034383,0.8837202049027439,0.8461926249722082,1.6083673727281511,2.1351004112428087,2.6158604921546282,0.8841331959950601,1.124326023979156,1.4082083691757927
ajixdo,5,linear,2.5,0.8922544913940669,0.8311209781379801,0.7944103923794978,0.9419232772770813,0.9282119984555341,0.8873343596052548,1.1215457556553738,1.640186780210971,1.932148989214434,0.5571488824296579,0.724816842908184,1.0607423157345053
ajsips,5,linear,2.5,0.8508366549205935,0.8003693633357574,0.7467499846820442,0.9265888907239622,0.9025398338845797,0.8493349468910599,1.6153242246432675,2.0696712455027315,2.527064120503722,0.7151133852036231,0.9830403221477013,1.3963846690334136
ajsips,5,nearest,2.5,0.8276401649921167,0.6659544971768219,0.646038808976008,0.8855359881992192,0.8527571382576062,0.8701342798878487,1.0077943864240966,1.5870973634033891,1.6454784502952038,0.8566276769157636,1.0920275371116028,0.9884743911625224
ajsned,5,linear,2.5,0.8297914090501533,0.7735165355546982,0.7082938944800317,0.9102042643927216,0.8857958249274376,0.8374510888672901,1.8802639335956262,2.397961327690204,2.965338268442548,0.8527861240730551,1.1243230189115834,1.4995090131705129
ajthof,5,linear,2.5,0.8679227717504463,0.8320255220744637,0.7987931725213848,0.9401936153290371,0.9186833204285716,0.8708799720326937,1.3642998413835172,1.6719983656020645,1.944873754733761,0.5807290455650297,0.8238979488498469,1.2063522199008885
ajtreo,5,linear,2.5,0.8666528343594053,0.791080423935782,0.7360323830357456,0.9026525777581943,0.8792206723002584,0.8612627782269606,1.4907410384051298,2.187379173559682,2.6621649524360773,0.8946444496850191,1.1654380345803963,1.3090050146506425
akgicj,5,linear,2.5,0.8539542502105375,0.7996502121671629,0.7464257676033031,0.9306365447401304,0.9123641158504081,0.8560723145048696,1.5977702253259158,2.0915951838691695,2.5495389957690113,0.6728652738994514,0.9010895914867563,1.3442179193243196
akvutv,5,linear,2.5,0.8568175197135273,0.8214447090279401,0.7803748155414573,0.9322914378417857,0.9101265414784376,0.8568057684453518,1.49770248534216,1.8057200499259987,2.1479371340121776,0.6499452135103927,0.9006863372853329,1.3385071427700663
akyeer,5,linear,2.5,0.8720408249056908,0.7944442314031699,0.74249119314433,0.9330150498708898,0.9256554939775596,0.8747066798379601,1.4309407339921072,2.1451445250780945,2.5921432333917758,0.6440741183644685,0.772085811232137,1.1970970383531163
aldhid,5,linear,2.5,0.9145828730098295,0.8728432884083124,0.8453362577995364,0.9604483474968105,0.9477811121314657,0.9119129360761637,0.9741234399034389,1.37302153938989,1.6229504644921424,0.40516016754074125,0.5657166220292352,0.8818757286336314
alnihi,5,linear,2.5,0.8663902888940305,0.8266928317018769,0.7876775582257027,0.9372585929805048,0.9196643416644994,0.8598262404259083,1.3942760426982799,1.7379555163440088,2.0601372772884203,0.5946856706397403,0.7975590866410612,1.251204148961018
alshet,5,linear,2.5,0.8484590170694298,0.7661561302660764,0.7062767749589932,0.9156053549077897,0.9059177783775407,0.8607692657380599,1.662174553688353,2.4025858366882633,2.905713162482549,0.7992421958109986,0.9604659633200053,1.323196579438817
amciuc,5,linear,2.5,0.8638184329021896,0.8111379467002878,0.7647921980819026,0.9209716039177458,0.9021351065304003,0.8553907114830677,1.4625395407936006,1.931138190769366,2.321372449914878,0.7458641980872507,0.9681448540827666,1.337925952943307
amknyw,5,linear,2.5,0.8442815294249547,0.7912026331172088,0.7331904234301757,0.9259893530389156,0.9131133104084178,0.8588408904608613,1.6673498935772735,2.138211823426527,2.6245907178898364,0.705793678250706,0.8786238774563705,1.3113114073062961
amnurg,5,linear,2.5,0.8793603807709276,0.8390439067145548,0.7990982613112849,0.9361287166530391,0.9306056085179562,0.8902074652425127,1.3508723836213152,1.7301945690243348,2.088737871359401,0.6139451090408748,0.7007761988633581,1.0531266798184777
amvefa,5,linear,2.5,0.8920305622006144,0.8537718271247485,0.816626440383792,0.941304558916299,0.9267108996855874,0.8908808519473863,1.1964035524844279,1.5519431736058544,1.8807592523143117,0.5800534002478643,0.7681190743992231,1.0739918997014821
amwibs,5,linear,2.5,0.840009765320476,0.795375177607048,0.7430138368794956,0.917472616506604,0.898198598733074,0.8411945105174252,1.6853989329984815,2.075437396764724,2.51052629567663,0.7735090343632949,0.9968482278066506,1.4460025328729456
ancedv,5,linear,2.5,0.8994144982999585,0.8121117225376235,0.7658945917204758,0.9496941941024589,0.947306325701917,0.9027992654874781,1.0831593511687185,1.8407958460627092,2.2102075599037136,0.49746601860419093,0.5587859329119865,0.9416103193562463
ancorj,5,linear,2.5,0.8365759420696666,0.7619843597926083,0.6939963444015789,0.8939526141322256,0.8622110850839848,0.8356265113391255,1.777012314556638,2.4441517911135557,3.0129411954264222,0.96758925552855,1.2962236849333368,1.4877885580650207
ancycl,5,linear,2.5,0.8568559944098664,0.7951937066821764,0.7441211874097126,0.9228772292254417,0.9009547447486678,0.8582557864567317,1.587865339047284,2.1557003219099826,2.599895041324266,0.7358827763697862,0.9780183390149098,1.3326519436329767
andyol,5,linear,2.5,0.851663918844885,0.8078221839089774,0.7569192091172545,0.9329801275153367,0.9196024365074457,0.8574309216048405,1.5846658423513023,1.974361953004912,2.4044381336186,0.6578712164861769,0.8224058407975398,1.3222048062358613
aniajc,5,linear,2.5,0.8540415608142407,0.8214181177893745,0.7803914249810837,0.9297469961448359,0.9067133339404843,0.8522547196182362,1.4912238867209653,1.767836679384385,2.100936479456974,0.665296771228566,0.9219386099561049,1.34289538836223
aniajc,5,nearest,2.5,0.86465765797693,0.6911006880687453,0.6722817906407919,0.878098397689581,0.9139616242019563,0.8535574814297638,0.8425943085558572,1.5096974387748847,1.5680144905721305,0.7786055774636446,0.6228812529769102,1.0401931888226768
anidgi,5,linear,2.5,0.8432185551494015,0.7769941364816904,0.7179850468524097,0.8958276711629238,0.878084707102215,0.8377400328747693,1.6748730586100673,2.256747087714211,2.7438749522760735,0.9533137086815404,1.1792127311642184,1.478560665205755
ankped,5,linear,2.5,0.8626408298143384,0.8325690046470013,0.7972686188871615,0.9397211726891629,0.9232991925374054,0.8629170615451602,1.4045081568057158,1.6601251447756884,1.9482802805251271,0.5749382332548404,0.7591742379201253,1.2283619605703384
ansyut,5,linear,2.5,0.859679963890093,0.8101956850144396,0.7620294869988572,0.9242578711992492,0.90382918858005,0.8574039420338649,1.5193568198106984,1.9648191920777034,2.376106995281965,0.7247625179078255,0.9614359194334936,1.3338449962423546
anucks,5,linear,2.5,0.8542847666969655,0.8002153885311962,0.7486044334359152,0.9134313059758741,0.8926698360875311,0.8487473280977003,1.5712869936062637,2.0545450131873504,2.4909007108300134,0.8109588251985951,1.0466989267978029,1.400909999645745
anupwr,5,linear,2.5,0.8794506425612468,0.8234796798199463,0.7735213432164515,0.9190583696173038,0.9016851787592864,0.880553580397794,1.3154483796044008,1.821163322325103,2.2456987118840535,0.7610097573578004,0.9595695336370962,1.14044201090466
apigcy,5,linear,2.5,0.8560689821890419,0.819203775215372,0.7777182910498499,0.9319755334718595,0.9148627769892188,0.8589177708483573,1.4937124918378704,1.8114175009303668,2.1531120104539467,0.6474707240759904,0.8531592132019674,1.3048166685327824
appsri,5,linear,2.5,0.8930613769908956,0.8597120708720549,0.8284203480427803,0.9442792933250739,0.9299550327405581,0.8862837399057303,1.139311521626538,1.4359914660859938,1.7021231001129888,0.546915626612012,0.7131079559240604,1.057698971055506
apssky,5,linear,2.5,0.8653029791304987,0.8305279422486576,0.7972965107759101,0.9250679392271789,0.9219176876204731,0.8647892073488017,1.3625549807669004,1.6534392668944748,1.9197345044166991,0.6837934941090924,0.7666584010117558,1.2414183654900204
aquawa,5,linear,2.5,0.855422669409762,0.82775205149599,0.7836525338346985,0.9435637315609935,0.9193536145895249,0.869270855763887,1.5839830241021868,1.8397726764372797,2.2317202189128693,0.5648063790698,0.833646948636826,1.2503905893063032
arcksy,5,linear,2.5,0.8487086145607765,0.8111971886385761,0.771455133740713,0.9296379991856659,0.912321689887079,0.8501669343670345,1.5308096220587033,1.8442549984680061,2.161839584196231,0.660677383479564,0.8783993377512604,1.3585877218121345
arcuim,5,linear,2.5,0.8731702699143893,0.8241719458885991,0.7775324335956517,0.9273884674467447,0.9092133118384482,0.8678054206240551,1.4053997152684938,1.8585635281272905,2.2673910633624006,0.6994008245848703,0.9254846460978678,1.252087752030942
arcurb,5,linear,2.5,0.8542513001150117,0.8168153540166743,0.7724865988997416,0.9266372411212267,0.9142094426489068,0.8592150835022131,1.5012572458216948,1.8208753442936279,2.1819193920321016,0.6782168691355972,0.8512137206450553,1.2771069344337584
arhilb,5,linear,2.5,0.8521298249536136,0.7990259047940914,0.7451471630187925,0.9189465195223226,0.9007289842839953,0.8443295797617273,1.589035549819025,2.062000041082173,2.5157435597575857,0.7673328136350052,0.994993707111304,1.4348082659761412
arlwra,5,linear,2.5,0.8305972173104901,0.7629450491362348,0.6929452515319786,0.9072253706973284,0.8884569772336779,0.8395601503136761,1.8841558628587947,2.5082654687802246,3.1152549263871276,0.87103217626619,1.1098146817934236,1.477337478451754
arphau,5,linear,2.5,0.8576547497934494,0.8305438408417769,0.7925164508918503,0.9362893124917178,0.9067617212414056,0.857172773160723,1.4538269937244166,1.6843953631955921,1.9952587350951039,0.607670941730371,0.9133787825803131,1.2854473950506844
arphau,5,nearest,2.5,0.8656175528878485,0.6319994060902078,0.6045921886686937,0.8828862636866306,0.887969257978645,0.8455906006558871,0.9465949439843757,1.9822327939689863,2.0782509367611186,0.9261540476447074,0.7956063325792461,1.0839939003192345
artgag,5,linear,2.5,0.8209314728294832,0.7771838184556968,0.7147927638430044,0.9198297293033437,0.8999259528055705,0.83603717619486,1.8900038832381967,2.273337517547982,2.792784521504603,0.760292705617115,1.008861301918513,1.5041711715464319
artgag,5,nearest,2.5,0.8783327043048922,0.6663678663895862,0.6378374883203805,0.8830559019399131,0.8669089940078203,0.8783512065121322,0.8756978228902144,1.8552181570785762,1.9611823174339065,0.9250726150912587,0.9877432568330683,0.8990281546502696
ascley,5,linear,2.5,0.8508991001865328,0.8090963662537618,0.7642072392622312,0.9301545828339423,0.9137613975027217,0.8556454904894216,1.5528630652033197,1.9136583720178089,2.2828642371848913,0.6620447823951847,0.8661307517413388,1.3106908236432038
ashgat,5,linear,2.5,0.8725749247525352,0.7859585843829073,0.729514465739608,0.9371641556199745,0.9201446413054111,0.8709508947205762,1.3339659062882645,2.0654376503284224,2.505578120038267,0.6055228997658111,0.8079305023859232,1.2057991215179338
asigno,5,linear,2.5,0.8334490974659883,0.7895896770490828,0.7333173011133903,0.921085610926706,0.9021386023660996,0.840140677114734,1.7538788842573023,2.137151392891254,2.604598854241072,0.7553165021972249,0.9681155784633124,1.4539366141033083
asigno,5,nearest,2.5,0.8615853082148577,0.5812900665330937,0.5540800987508929,0.8690930073782406,0.8445943415274471,0.8823662782662351,0.9953160025991447,2.2369780287348395,2.3293043961378928,1.0127841687024137,1.0894212254381197,0.9578170998834401
askmec,5,linear,2.5,0.8330871061473477,0.7689484506258017,0.704918446368128,0.8916780269638718,0.86997429036927,0.8317133059020039,1.8014278142537314,2.372898218163233,2.9097288068258416,0.9848348383145057,1.2541281908519728,1.536926785257336
aslagn,5,linear,2.5,0.8413825062445989,0.7819906351500138,0.732729084527353,0.8900037686972994,0.8681748695955234,0.8266000626602197,1.668216860238918,2.18211382689589,2.585248217426845,0.9753003929235652,1.2330779028000451,1.5475893475113909
aswift,5,linear,2.5,0.856995466601088,0.8107028915540622,0.7624986306758936,0.9352927252612451,0.9294268517542658,0.8712287486843557,1.5881923809849237,2.0186015704239555,2.4452437008743635,0.6385616814435716,0.7384216633218202,1.2248865101547801
atcila,5,linear,2.5,0.8546282698218604,0.8070952928968153,0.7568289035111186,0.9247304348965063,0.9054674909267381,0.8509607065054554,1.568117839662423,1.9946507445075259,2.4228150389633543,0.7158956479552427,0.9282797023605537,1.377952875052614
atfrav,5,linear,2.5,0.9215773292226669,0.8725639726464403,0.8488186078022708,0.9605599820197196,0.9518791640575787,0.9204339614071392,0.8414435859083174,1.2732356660793962,1.4703540202377001,0.3974788472105991,0.49603771185181006,0.770141492326712
atfrim,5,linear,2.5,0.8326959713297295,0.7520001770166762,0.6857932194830858,0.8899488010203118,0.8671516292371895,0.8327823858410449,1.8226284233423788,2.5440912607351778,3.097417393896153,1.0046509909983852,1.272207901383652,1.5288460250177196
atidfi,5,linear,2.5,0.8434363814587821,0.795728576892861,0.743651369353269,0.9240086065247557,0.9049173029189748,0.8542391631774271,1.661647797396075,2.081585312172522,2.5168580775624534,0.7163240006730853,0.9521985170661483,1.364071632424048
atnokv,5,linear,2.5,0.826733113469601,0.7223046063732101,0.6482144362377531,0.8849213544446262,0.860570641553938,0.8261837007296733,1.8760313823009782,2.7930171317565637,3.394170996486319,1.0426784196180934,1.334589758395081,1.5913986835608693
atsfiv,5,linear,2.5,0.8703663841289977,0.6862678957400843,0.6144468014242632,0.9081385212476585,0.8982481046688229,0.8681275282571645,1.3312889278614999,2.7726992703034368,3.266429223645221,0.8523028414744654,0.983283974486089,1.2277678953364728
atzumb,5,linear,2.5,0.8676643934151721,0.8354680099576055,0.7966041126049711,0.9400808743367017,0.9203278551277215,0.8654063564601496,1.4051394792410097,1.691062790909845,2.021768028595091,0.5816558970950652,0.8063519940187504,1.236706341425802
aucjun,5,linear,2.5,0.9610206450006319,0.9294227338678461,0.9161535626327211,0.9771040353798077,0.9721443005828059,0.953621030464094,0.44778189484451025,0.748649233666847,0.8677160221955661,0.24457857129891852,0.31287945061350464,0.48881278569576314
auctji,5,linear,2.5,0.8370871749932655,0.7734770227392789,0.7109820646578883,0.893760690290159,0.8720797111738483,0.8443934747476692,1.7372971678534128,2.2959292260436595,2.811938946334071,0.955104085963187,1.2230232604221578,1.4403063544065122
aupcli,5,linear,2.5,0.8898471549611192,0.7334688018013245,0.6671238247651058,0.9122539155351602,0.8950700489796247,0.8834106123678401,1.1536644038190893,2.4171694960207977,2.8920391586190775,0.7875603155517648,0.9776480552273943,1.0970837602576484
aurjye,5,linear,2.5,0.9051958245682808,0.862909400223727,0.8331789663491395,0.948016595443746,0.9340976506346538,0.9018432901349263,1.063123366169757,1.4598353320862074,1.7251992206599205,0.5115302068949222,0.6884743125355354,0.9539086687160365
avdyab,5,linear,2.5,0.8702141629757406,0.8337377302225524,0.7965128349308979,0.9328082769925898,0.9127029450310989,0.866877229912637,1.3602021109347069,1.6782168718811847,1.9883976896369708,0.6355396683109638,0.8677435522650466,1.2315544666478204
avglyb,5,linear,2.5,0.8726117332109249,0.8215865873201371,0.778112461295121,0.9107886232078243,0.8931650521691477,0.8572104187325881,1.437590928281144,1.9193832000357502,2.309219877014142,0.8316640378063223,1.0292123470736632,1.3054460139245498
aviltl,5,linear,2.5,0.8693688808118056,0.8348204390924946,0.7985109017748468,0.9370315584519985,0.9161392023807684,0.8638241644359368,1.3703143376534266,1.6722327361556,1.9760334718719372,0.611262597836982,0.8457847197343492,1.2669248780465876
avpavi,5,linear,2.5,0.8880906799742176,0.8522603788871723,0.816823259373726,0.9479205942179897,0.9331743901412187,0.884433801052323,1.2210082139139462,1.5485532327325562,1.8579013444129997,0.5202487497309787,0.6967316612665047,1.1092520401189758
awnbeb,5,linear,2.5,0.8577717858417722,0.8117716562986192,0.7618155230588166,0.9287957276383687,0.9126416837089824,0.8621077937707048,1.5507802747685038,1.9692118317220109,2.4009174165786615,0.6879323572351927,0.8893140457241643,1.2970349769816705
awrenb,5,linear,2.5,0.8506101112572914,0.8149037157702947,0.7724162072694534,0.9298796908688516,0.9160451779308324,0.851738467084239,1.5270214306685699,1.8293951463007123,2.173358247678812,0.6642384510831805,0.835737319186746,1.3182184467481521
awribi,5,linear,2.5,0.8674709335602455,0.8346950743282505,0.8012480168248091,0.9358281011800879,0.9204522670762121,0.8662955664323768,1.356496915686592,1.6349247185411921,1.9074212668637156,0.6004754580588644,0.7829977763847743,1.229908792845572
aydwah,5,linear,2.5,0.8473523126442488,0.8146682023355498,0.771294072240747,0.9297540581601924,0.9112950839035836,0.8486687636461586,1.5520475500703474,1.8275541911862905,2.1775519738995275,0.6597610971589658,0.8834151233779818,1.3698179039159262
ayfsdu,5,linear,2.5,0.8606627795663434,0.8176079658726862,0.7746836771833805,0.9353355699268311,0.9219263837431501,0.8642267355746289,1.4848111128811758,1.8664042495652258,2.228845265223623,0.638202750710512,0.8020756801206071,1.2579552771702787
aygpha,5,linear,2.5,0.8775331340140563,0.8421630071818503,0.8059361610497282,0.9452225457926224,0.9292372286282045,0.8798037511580012,1.2766484741167494,1.5831387429259138,1.882894033873262,0.5390452632191755,0.7317260201075249,1.1464452914333263
aypudb,5,linear,2.5,0.8556023229168369,0.8124087338795225,0.7621609456540896,0.9352719529115737,0.9120240412295008,0.8654222419710972,1.585917587840246,1.982902629979903,2.422523911453038,0.6387356857895157,0.8809310932201267,1.2656172747039671
aypudb,5,nearest,2.5,0.8266959422028609,0.6807076825058199,0.668171739147174,0.853216445742167,0.8157848549301939,0.8447581749635373,1.0118156540811787,1.5421948534386252,1.580439924667184,0.9425531271245413,0.9811859976998545,1.0240982815208735
ayquas,5,linear,2.5,0.852535717857995,0.8132368005020101,0.7661568496836614,0.9294486455901784,0.9123728249388415,0.8535465583838436,1.5511026408123498,1.8948407687268571,2.2873888464011327,0.6728957178411963,0.8779642298737804,1.339662291099666
ayquex,5,linear,2.5,0.8431015844100742,0.8103326224220996,0.7616307191196253,0.9337916732174982,0.9141153313822445,0.8517135682334143,1.6600078591701388,1.9497276897127296,2.361970693384613,0.6468633376248746,0.8732986292556467,1.3780266856117471
ayshek,5,linear,2.5,0.8646501280301874,0.8056416386819618,0.7564943484025535,0.9255597217843972,0.9077364027608413,0.8583808240939214,1.478833428570713,2.0127867791308987,2.432416553033662,0.723585456822689,0.9281732872302871,1.3206241484752839
ayshow,5,linear,2.5,0.9943221635029776,0.9879057553325102,0.9864047809668868,0.9952997180506924,0.9946298881976985,0.9933955470905085,0.07916850821438433,0.15538522453575065,0.17236010984619768,0.05996290067635144,0.07103355150800465,0.08720405758366248
aysmsl,5,linear,2.5,0.8483246775424359,0.7931084146688185,0.7358077053208778,0.9327769990186865,0.9136865714382023,0.8526610973633292,1.6906132738521535,2.2040220639458328,2.7082523199892807,0.6595613281848286,0.8864719971874017,1.3706957887488755
eacder,5,linear,2.5,0.8405218722903112,0.7806564991764232,0.7314529982099801,0.8969636349639832,0.8726917953746854,0.8306275645729992,1.683217098052355,2.2033356694385797,2.6077438763389202,0.9238631643914165,1.2132155937738116,1.5319099498331405
eadect,5,linear,2.5,0.8420457877211882,0.7730549600231822,0.7162159827708133,0.8835561460574868,0.8624912273800901,0.8359086474222398,1.694235947588277,2.302590184505183,2.7736762882146104,1.0383251036314758,1.2940226806865252,1.4856791265210079
eagbac,5,linear,2.5,0.8864214284395987,0.8257491744582546,0.7837543778581457,0.9221113773520044,0.9110589309994759,0.8828986826112286,1.2778270072376516,1.8443818186349574,2.213967473362271,0.7368071281899315,0.8996816151572444,1.1263759199275634
eapceo,5,linear,2.5,0.8174804206640163,0.7686963513546372,0.7136253878411755,0.9013132206447313,0.8784455638662328,0.8268828079156094,1.8080072897667856,2.2027358898472316,2.6251233783712604,0.8681974497574937,1.141584780295698,1.5224427120702275
easnsv,5,linear,2.5,0.8591977471216616,0.7761201737297532,0.7188268695895375,0.8911955599461542,0.8659161193201683,0.8429209291928108,1.5751011983372865,2.339355424267507,2.831545503634598,0.9742028607853224,1.250679564053201,1.4196444863307127
eavcai,5,linear,2.5,0.8739974155170581,0.8359431765850434,0.7977454826753685,0.9416407740200419,0.9253064984359887,0.8741621918153918,1.3429517183702528,1.681082469746429,2.005052793411606,0.5772291743565985,0.7723119784334721,1.1913695800116288
eavfli,5,linear,2.5,0.8494309772351988,0.8147353532543165,0.768614951695244,0.9309220704736184,0.9148157724258343,0.8525304143542823,1.571145911691748,1.8725291167699079,2.255506757932003,0.6658853986998443,0.8571217692544827,1.3537175841048077
ebcicy,5,linear,2.5,0.8550887770536238,0.8148726783104463,0.7777827055246136,0.9244353580862177,0.9034758967164751,0.8515918902696529,1.423015432469539,1.746473307475544,2.030931891607126,0.6815775650274241,0.9168406629909325,1.2950281386191933
ebcicy,5,nearest,2.5,0.8557589829717632,0.6434054368289113,0.606697141891132,0.8815375914847764,0.8567522016812432,0.8785347791846722,0.9680964097684344,1.861603636118559,1.9835710945649898,0.9347374981262605,1.0224251048667905,0.8155914922048899
ebdafy,5,linear,2.5,0.8328619186643373,0.7742731576139675,0.7177294722055386,0.9112922202030819,0.903675990644035,0.8497848596300452,1.7710144979582483,2.282956629428558,2.7498628036615536,0.8020465720508274,0.9472782895018298,1.3545737260197142
ebenfr,5,linear,2.5,0.856744751842794,0.802058416243504,0.7521438534017265,0.9105761523524935,0.8905201292647155,0.8550059751716792,1.5838644029706428,2.087322857422779,2.522745262031009,0.8445487543270703,1.0769902469853108,1.3580878816480777
ebrulr,5,linear,2.5,0.8871202066067314,0.863963987095485,0.8350043640523503,0.9445059062845964,0.9261918781404007,0.8730378277825183,1.1551081168571795,1.3529660510296442,1.591209745013221,0.5312685290339549,0.7227310529125703,1.1458257147120163
ebstic,5,linear,2.5,0.9141596555992595,0.8902240363378423,0.8732175914039354,0.9628299952446306,0.9538655996721008,0.908131228002369,0.8938534270876595,1.1021132928695903,1.244817791913614,0.3706821940552029,0.48910736158673473,0.87950264104999
eccest,5,linear,2.5,0.8497675563696528,0.799984754237212,0.748904463106967,0.9178153333187594,0.8997677387516166,0.8439874094613001,1.5904723432887087,2.026770433321591,2.4510471883269376,0.770811747968384,0.9918867029705951,1.4183927462673445
ecdiwo,5,linear,2.5,0.8539226317072659,0.8038850066653429,0.7531341981952604,0.9214752894177519,0.8994498997627685,0.848300069889987,1.570453257391461,2.0170495130124024,2.446413525513648,0.7418649186747768,0.9905734257646036,1.379312317087068
ecfesy,5,linear,2.5,0.8461531341592844,0.7948815596167621,0.7470739810664387,0.9217742018509602,0.9088683102737386,0.8468691109730909,1.6106106094568113,2.053614128834792,2.4454709504746606,0.7339828928944602,0.9149822998409356,1.4030718795977613
ecforj,5,linear,2.5,0.8445138630624955,0.8063705023954083,0.7541581401596352,0.9191301375968381,0.9020364872404715,0.8497931931917545,1.6401493029225753,1.9751766762461416,2.4122198254953,0.7658704341446154,0.9766120527574235,1.386915522863877
ecgojt,5,linear,2.5,0.8491229216444774,0.8011416482034636,0.7559658256645316,0.9148012122305662,0.897355463005739,0.8436484493424763,1.5890705885366554,2.0073925907340837,2.3819851137410737,0.7944577414189539,0.9995232254370024,1.4142082600824628
ecjeod,5,linear,2.5,0.8629726966748438,0.8240263967884743,0.7852864861191596,0.9270135328688967,0.9093737052163304,0.8604431646228544,1.4499547874726557,1.7930277537727943,2.119203488114788,0.6813190992481878,0.8916883338135528,1.2744689846098576
eckeck,5,linear,2.5,0.8884959657290398,0.8604451088460404,0.8318653606977662,0.9476895511316028,0.931316159140853,0.8854028206834778,1.1237950434938586,1.3582419663046614,1.5873385755717786,0.5005028665906376,0.6799505756397842,1.0522857133010965
ecnopl,5,linear,2.5,0.8628021705073499,0.8300810880166629,0.7902170238370324,0.9380909030287845,0.9176695160559408,0.8666612206427032,1.4608107329891569,1.7522971988825495,2.0926875637239015,0.6025438273657727,0.8359804569997273,1.2332181097344437
eddreb,5,linear,2.5,0.8837136164358127,0.8412142785957709,0.8040867928351246,0.9465855444423305,0.9364231185454994,0.8805646034008197,1.2697350743337026,1.6570621941423467,1.9791667859834945,0.535341203811089,0.6564554752101257,1.1249127327620796
edeejd,5,linear,2.5,0.8639950700155165,0.8240978103270094,0.7843709346483362,0.9220688463529513,0.9224900779073059,0.8701224306125241,1.4100756129109056,1.7527839917126387,2.078169831053466,0.7316600406604502,0.7876727395193952,1.212255970289423
edglev,5,linear,2.5,0.8567340530418873,0.8186337108193578,0.7737167988374477,0.9328040732353187,0.910869285463465,0.8568171664948889,1.5227900194663244,1.8604601776318657,2.240472905662387,0.6634619810100881,0.8943606900021301,1.3327585628867291
edgrat,5,linear,2.5,0.8511649360582193,0.8030911716626483,0.7553667207243401,0.9335950796949387,0.9165365707295532,0.8553120864373511,1.602103091076529,2.0323334886531588,2.438401283466721,0.6484901797701306,0.8584531177281457,1.344411238716785
edgrat,5,nearest,2.5,0.8814557557917952,0.6694958690201268,0.6031626893088953,0.8950947474214728,0.876399243511671,0.8527250494218828,0.8579575805605062,1.8432830108676268,2.083133626580895,0.7990705170651726,0.9672116809491293,1.0698291910153834
edjiye,5,linear,2.5,0.8312535902071172,0.7874421926966242,0.7362283838151421,0.9103766951876403,0.8873897348522843,0.8283360500638791,1.7363907548877178,2.108709615627619,2.5230000317840195,0.8225566853422117,1.0943773710651314,1.5348310400639709
edlyxy,5,linear,2.5,0.8670162436166656,0.8274501745175076,0.7852056262339582,0.9436564225898332,0.9182624483210751,0.8627945617183305,1.4245642123947306,1.7780783911849807,2.1379971852852697,0.556268829842862,0.8308491768257258,1.2862148796650712
edmugr,5,linear,2.5,0.8363847651046492,0.7950655195885257,0.7369465059887069,0.925668263894353,0.9071850053142995,0.8533127528491815,1.7709858461562842,2.144673843755767,2.645025171064806,0.722692994357889,0.9363613331596385,1.359849736560449
ednill,5,linear,2.5,0.8355237718490228,0.7931517408136236,0.7388096811332389,0.921012018893702,0.9054884991775074,0.8480671766148904,1.7559297914098333,2.1326516722182904,2.5928484936508855,0.7607601333979209,0.9543353950190315,1.4001374365669144
edodbl,5,linear,2.5,0.8594630303989191,0.8202459920133113,0.7824507954350146,0.9177065255053835,0.8978209347834538,0.8466255544328649,1.4499101849459302,1.7849803039162508,2.0935397001008536,0.7658757594522002,0.9912967279472589,1.3780679386789456
edodbl,5,nearest,2.5,0.8472820244489743,0.5764412615679538,0.5316570503054484,0.8568337760218268,0.8567942922811338,0.8809948122645093,1.0453340105946065,2.1721533053497617,2.311911302003565,1.0680590809422572,1.0221902136612038,0.9531236671619319
edombo,5,linear,2.5,0.8915949546491346,0.7152512756288403,0.6478666097097401,0.9419618194506512,0.9194974501143202,0.8745748619832523,1.1526809434840937,2.589152027267828,3.0720314884906257,0.5568363998699937,0.7867280535618699,1.1602041958226312
edrafs,5,linear,2.5,0.8577025291735603,0.6982589868417235,0.6268653643198567,0.9223659117406635,0.911679778130833,0.8571814635062898,1.347521107920924,2.4892526753983097,2.9388442780332937,0.6721026865747152,0.8125515920826718,1.2376214720025511
eedigk,5,linear,2.5,0.84908691205713,0.8122815460076828,0.7712026671210003,0.9252983751057989,0.9067834137523328,0.8508186777464547,1.5307984137115904,1.8394032819027113,2.1687041481941756,0.6820356589974025,0.9045197861036685,1.36031715038662
eefayb,5,linear,2.5,0.855058870408556,0.8072925746231014,0.757468568859107,0.9243991066169354,0.9063114998271944,0.8596318605989012,1.5874011214259418,2.0238495931317284,2.456415272817183,0.7236227459135365,0.9472666278574877,1.3108948775098743
eegcef,5,linear,2.5,0.863044696044382,0.8368098797793749,0.8118223606427949,0.9396338556826169,0.9216609772402742,0.8638672653753019,1.3193648851725839,1.527399802444563,1.7187453104640609,0.5647405855292849,0.7600945779086997,1.1981839711989812
eemafb,5,linear,2.5,0.8823568522340421,0.8276274150405512,0.7871993858565186,0.9226342623288206,0.9076724599427539,0.8825299320152761,1.321864475076912,1.8342746024018677,2.192657886802392,0.7326433761830798,0.9251675075343857,1.1293561050683667
eenjou,5,linear,2.5,0.8715811792346201,0.8529072591329385,0.8235512019448729,0.9477117237975249,0.9371212361138885,0.8799981815092581,1.31470408918757,1.4748852219229789,1.7187178631837225,0.5097653797593084,0.6502818329505407,1.1062574252369528
eersdo,5,linear,2.5,0.8508054175465336,0.8143280155484799,0.7786590052413768,0.9275396849253046,0.9072542797649517,0.8449719482734885,1.4890971475193593,1.789073371336559,2.070045611951039,0.6771927852766142,0.8961258180448152,1.33307907112684
eesbaj,5,linear,2.5,0.8395792944641045,0.7915003208321278,0.7348907788104803,0.9221079977570041,0.9019204280767702,0.8473989493206646,1.7124190695322405,2.138523163321205,2.6143671981860743,0.7368340221233597,0.9659561337513343,1.3926635139895307
efcati,5,linear,2.5,0.8544839909002081,0.7994426768849203,0.7423433219368845,0.929073442776877,0.9209524991448002,0.8734707670802698,1.6171164782509755,2.126942603627968,2.626786386364562,0.6945675116851338,0.8250632922638174,1.2019888177763631
effneo,5,linear,2.5,0.847881832828748,0.7926914864795948,0.7496048734751193,0.9155185288101041,0.8938935587058348,0.840188337896736,1.5848750466815367,2.057906412984455,2.4081825898073936,0.7766475241594538,1.0366212768747856,1.4468946927147504
efghak,5,linear,2.5,0.8774118371358509,0.8440770345907762,0.8121054207725262,0.9377475430947355,0.9226738028219829,0.8738407133779929,1.2637931774976117,1.549204310473064,1.81139964315612,0.6007661119111617,0.7793180722782097,1.171828004255717
efgoak,5,linear,2.5,0.860741155541479,0.8309904629998274,0.7972354677616263,0.9433871947976741,0.9385764150929713,0.8769085349769477,1.4240298365938977,1.676994247204012,1.9530115675222164,0.5499207732766495,0.6429150596452535,1.1536397046697415
efmymo,5,linear,2.5,0.8951449846491697,0.7937997095863047,0.742841711645693,0.9466963745935734,0.931923924420562,0.8959067084643988,1.0422302106245218,1.8315397955709993,2.191005762458602,0.5085195572354289,0.6786900646524294,0.9822517227101382
efonve,5,linear,2.5,0.8316525071852726,0.7838809046073728,0.7240799035057602,0.9298256759930653,0.9146966947147012,0.8465343670970815,1.8265828650504905,2.2584565006544497,2.7718317898279197,0.6840117598322666,0.8714577253488393,1.4118513388791865
efsphe,5,linear,2.5,0.8323708109230838,0.764167025539263,0.7005257472479199,0.879385937470184,0.8636270521084957,0.8267768931685,1.7683631167286016,2.3582675348017705,2.8746101884624404,1.0608986453781533,1.2903358389688264,1.5462911571810414
eggfri,5,linear,2.5,0.8415192483801085,0.796947706519265,0.7480500204832919,0.9196198050622818,0.9009918285292934,0.8556061342235062,1.6742524168858732,2.0650825762545573,2.4734353326999874,0.7619673988397768,0.9777084847680149,1.34213673610183
eghanw,5,linear,2.5,0.8440302828232629,0.7870409865566841,0.732170116563329,0.9153563784485291,0.8963419042112295,0.8427239521108698,1.669645746264494,2.174019877037869,2.632911379542585,0.7778935358296175,1.0204873865274162,1.4211153590973282
egloha,5,linear,2.5,0.8641842181961684,0.8260670647717079,0.7871461787429949,0.9229641020347754,0.89977080130404,0.8549286847403159,1.4243034531497025,1.7566236485940394,2.080811881645522,0.7128818106003548,0.9566332579061545,1.3092166460335675
egnata,5,linear,2.5,0.8477798062078683,0.8157120588578488,0.7761252164194891,0.929232322668264,0.9045860779143462,0.8506641951091559,1.507071567255137,1.7689234104631053,2.0786341213150594,0.6638778710612254,0.9313567638169622,1.3548546817052904
egreos,5,linear,2.5,0.8588619893700625,0.7673102512193619,0.7075491485298185,0.9049249319060524,0.8859044036936679,0.854606213614916,1.616759678103152,2.4800542213180856,3.00518421361928,0.8891022381007375,1.1234203292350993,1.3666568273981217
egteir,5,linear,2.5,0.896918624682373,0.8121616855781335,0.767295666096663,0.9348773057563845,0.9183315328692334,0.8821647681608372,1.1543439387109136,1.928130336531499,2.307977090656686,0.6334925919877973,0.8199989605838011,1.1275163804438828
egteir,5,nearest,2.5,0.8368502790101585,0.6847066690675946,0.6422770928472229,0.882818888406435,0.8438055637518519,0.8648278211468985,1.0206136415676368,1.6312779440185816,1.7713836507785008,0.8241121858614429,1.0636204232956612,0.9999398409286888
egwicj,5,linear,2.5,0.8736111594181952,0.8056439430796016,0.7553816931608148,0.9141738616445666,0.8876872791435266,0.8593571596713535,1.4110517771303388,2.038509128660442,2.474086364266082,0.8106222370653184,1.0962616694904523,1.2953777965520656
eiboid,5,linear,2.5,0.8617254851407821,0.7953107772039862,0.7433485361975407,0.9207361155122951,0.9006948562156312,0.8574192472435371,1.5155694260998454,2.116582368570491,2.55871564323667,0.747732256596057,0.9879352699276609,1.3280896686551278
eicmyn,5,linear,2.5,0.9089733200663438,0.8734378824585101,0.841432902524729,0.9326601692874179,0.9315290449585983,0.9033339295993874,1.0033266674982286,1.3313311283665303,1.6123730644824588,0.6367191160830888,0.7085349119505716,0.9416676564119182
eifvid,5,linear,2.5,0.8629831693826434,0.826919176411394,0.7845026500575607,0.9370002317291792,0.9186795506385164,0.8673500888973578,1.465865657442488,1.7883193867216773,2.1508372881801456,0.6201826979553395,0.8424934082662167,1.2504511379373526
eincuf,5,linear,2.5,0.9753013795406832,0.9639188400460442,0.9588768120147424,0.9853133155838193,0.9817633482879871,0.9715951909301682,0.29055842316226954,0.4044322662286764,0.4530344150626611,0.1612719503626855,0.20888994354719778,0.3148187772297054
eitpem,5,linear,2.5,0.9194203826765056,0.8934894186232983,0.8777885437004163,0.9514237621760979,0.9383628670757717,0.9173503456978163,0.865771860671366,1.0993843954475444,1.235701896964966,0.4828771222912443,0.6363564015304334,0.8087735069623329
ejcrur,5,linear,2.5,0.8861698384709151,0.8400123584717696,0.8083357765274941,0.9329517048891357,0.9180631995250957,0.8897703938265684,1.2309879653604063,1.6457103542456457,1.916627372718962,0.6538079316623268,0.835813070090373,1.0704869283160925
ejesba,5,linear,2.5,0.9021890223658516,0.8720007528019613,0.8426412808469164,0.959817390844354,0.9439114531842495,0.9029192976587309,1.0731337969744394,1.3516554877301123,1.611119031761561,0.4196235940262953,0.5970665150220141,0.9576271309401999
ejkipu,5,linear,2.5,0.8638316363496414,0.8012971588753657,0.7534876108688355,0.9056373943741237,0.8838267070815672,0.8565415256009292,1.4807532222208337,2.042331717352086,2.4470350706260846,0.8716699653867453,1.1042840257776296,1.3230647282279333
ejnoax,5,linear,2.5,0.8762341684188619,0.808001222757705,0.7572093580233143,0.9199951382170879,0.9088192631016692,0.8770129958276547,1.3904060231265423,2.0247356967298202,2.4677105630028646,0.7589725310145424,0.918908629777921,1.16872155255081
ejshig,5,linear,2.5,0.8334936022577191,0.8002224095683594,0.7509015594254818,0.9260197136891868,0.9064036330956755,0.8420128188147354,1.743573146411838,2.0339929755260933,2.4463868438508807,0.705549644505263,0.9284436994928461,1.4462543120384252
ejshig,5,nearest,2.5,0.8795547120964015,0.7020220612171721,0.6650835237229666,0.8782692227388618,0.8958260310165584,0.8927575797998873,0.8103047765203016,1.570688431780503,1.697522823417197,0.8489850470476051,0.5862627854986836,0.7687594546871853
ejtobu,5,linear,2.5,0.8379072474920184,0.7971159805887025,0.7454030740477359,0.9200724461107496,0.9030823001804617,0.8450722879344914,1.6836471046917478,2.034829042065371,2.4588367187087043,0.7583553314445682,0.9640363172836542,1.4102247217583759
ekenuc,5,linear,2.5,0.8512826607613784,0.8061992070573312,0.7597461118852414,0.9254203572919,0.902319032901792,0.8472810749656094,1.5547000175893615,1.944842752739976,2.3270902418574093,0.6995950387600186,0.9543423257702353,1.3935546536847545
ekfrab,5,linear,2.5,0.8457063648522668,0.7750044565322198,0.7178962459143085,0.9071052939390072,0.8856994078370479,0.847478417067792,1.7252042114100505,2.3801240198705016,2.878128093899939,0.8719776117578893,1.1251244593015624,1.4222526708436871
ektamy,5,linear,2.5,0.8467726221999669,0.8139485990098452,0.7760533624381359,0.9313051592026127,0.917477183537887,0.8581838126258048,1.5406498614597617,1.813607795039966,2.1159977714329767,0.6418216772284976,0.8159371327018556,1.2779158943602937
ektuyo,5,linear,2.5,0.9005171169402449,0.8745835785222664,0.8457024823576282,0.9545713749093924,0.9430132670668406,0.9010947198540799,1.079148798592276,1.3160116202919936,1.5693818796320396,0.45962863256144526,0.6052832646681281,0.968692714774829
ekyosj,5,linear,2.5,0.8289403790252223,0.7854206521873242,0.7332299093827598,0.9124052546968352,0.8912787534346897,0.8323058420494538,1.7506348410410315,2.1180970983694265,2.537461489447225,0.8069682119775159,1.0581274528722437,1.4983181326131607
elafle,5,linear,2.5,0.8478163406245904,0.8072023207199204,0.754196639055809,0.9264939172708747,0.9059329092698204,0.847610577882038,1.6589506861936993,2.029490259070742,2.4902733757677153,0.7066688554857592,0.9399396021558878,1.4036295565098356
elafle,5,nearest,2.5,0.8184027108211921,0.6613997622331635,0.6818726129709831,0.9359454622449825,0.934914166135553,0.8538832931801351,0.9988926434001851,1.5263956701010024,1.463707234224512,0.7447207139109806,0.7206457954749681,0.989874420007692
elbnax,5,linear,2.5,0.8430522001137848,0.7944129881355844,0.7416664867482438,0.9224101272985273,0.90054243247061,0.8438974753655599,1.6651216199430545,2.092860788976127,2.5330224277255335,0.7344288463184976,0.9965797842412846,1.4381123069391957
elbnax,5,nearest,2.5,0.8613438912427276,0.5527664892723659,0.586831005639223,0.876032531260692,0.866854710678302,0.875003061227449,0.9699653413638245,2.2474944200267943,2.1380465656787377,0.9336262920266514,0.9880620657240041,0.9759742113289979
elfyea,5,linear,2.5,0.8639144536275123,0.8312403039301639,0.7990585677319744,0.9346361079360979,0.915855144237035,0.8605340821661295,1.360654175364216,1.6305201168407413,1.8855216695508226,0.6098349817344411,0.8167173790838801,1.2533005544595264
elhuyo,5,linear,2.5,0.9072767765602333,0.8452986192125906,0.8194832555303013,0.9547105586088948,0.9286602332422784,0.9010262614457298,0.881334771788859,1.348646034656886,1.5297142613653347,0.4164876124233737,0.6683851015534019,0.8861672216955063
ellimt,5,linear,2.5,0.8671453639973993,0.8259020165999421,0.7793902939005289,0.9316928292383188,0.9113333828855461,0.8630304124373667,1.4553998612013834,1.8335269607061475,2.2394612836927377,0.6727601675663367,0.9038807899943447,1.300186440401845
elswck,5,linear,2.5,0.8448908306593162,0.8088642524374525,0.7673636235989872,0.9268481936588262,0.9087489337244744,0.8508932258111858,1.5731876725664065,1.8753664103832293,2.2084730559676253,0.6826145407599558,0.90486839370867,1.3661756584427176
elvgid,5,linear,2.5,0.9562971465338673,0.9006532506747307,0.8830010042867414,0.9776314129257568,0.9667455987646223,0.9508280516302043,0.4866873276281158,0.9844636686540759,1.1301734148231257,0.23473108537933804,0.3403800175549587,0.4917478585316186
elwesn,5,linear,2.5,0.8834070801523529,0.8545014017720136,0.8246930628077153,0.9465156092474154,0.9289577030713706,0.8772289846958032,1.2024864746283714,1.4507879708207183,1.6966467014444837,0.5149555047227611,0.7113268515226848,1.1336932153587194
enarwe,5,linear,2.5,0.8556924215365306,0.816653265893641,0.7678938894236225,0.9417731284911757,0.9222644504034828,0.8667085709159378,1.574011340700237,1.9306841306241749,2.355659726197962,0.5800244259085292,0.8133243215426179,1.2757637370323403
enekbl,5,linear,2.5,0.8613110199796261,0.8198558038850903,0.777395700773368,0.933476053104684,0.9166723764784217,0.8657168447381954,1.4600623742358496,1.822479573740903,2.176172313427545,0.6403274289760349,0.8542171036202793,1.2578451307222607
enidmo,5,linear,2.5,0.8717223903215041,0.8227234549406515,0.78236073578535,0.9241870893448023,0.9115700055109255,0.8710042796439521,1.4340094942290882,1.892037269818578,2.2510945034784458,0.7253335737745742,0.8883839577872269,1.231637687495801
enjubp,5,linear,2.5,0.8566169746329394,0.8147626248531268,0.765847049041818,0.9203588203809664,0.9026183260131025,0.8548585795353754,1.509580348825462,1.875497513193526,2.28196086239305,0.7451170525124554,0.9560659645262236,1.3359485304781313
enkkan,5,linear,2.5,0.8492261017520214,0.8172622340637665,0.7818524166353928,0.9250385091282308,0.9189895528825933,0.8545033967813838,1.5420372460264158,1.8135080798118428,2.102724819350074,0.7026029322616381,0.814378217705633,1.3259378681310856
enyene,5,linear,2.5,0.9215943934387478,0.8355564980586333,0.8013581950793535,0.9528520101730502,0.9585156178354661,0.9229311251829767,0.7885642114001079,1.4670521411930004,1.7124123984519148,0.4486243034864727,0.4312696910687165,0.7302769894185626
enyons,5,linear,2.5,0.8343068684037144,0.8004844641539778,0.7533697974280976,0.9235647944433991,0.9079318065770194,0.8460563660475955,1.6952570769347393,1.9822809792183547,2.365071709921607,0.7141833530288331,0.9193214150407509,1.3961742494687883
eoccoi,5,linear,2.5,0.8274059436655806,0.7739388917101657,0.7113067148307303,0.9073553157496501,0.880570575390414,0.8278524624177217,1.8200606880811037,2.2857903101258468,2.801399243220433,0.8643203292320544,1.1589510828584082,1.552583794693146
eoffri,5,linear,2.5,0.8504821578673993,0.8033003152516658,0.7516778779967777,0.9322372536108101,0.9161416219277134,0.8630342454409416,1.6484088142466617,2.0831663757890495,2.5354886882915735,0.6682082931325739,0.8557132979610469,1.2730450865437422
eoivqu,5,linear,2.5,0.857627414879256,0.7761904030625307,0.7220213208925195,0.901841929938306,0.8813660924780937,0.8471200790947812,1.5805057366818862,2.32347883087265,2.7858002829733644,0.9071535830838372,1.143439093378963,1.4193033716813377
eokrac,5,linear,2.5,0.8570628528243239,0.819227684230371,0.7777565674617919,0.9321585743155535,0.9138870819579915,0.8611214246768268,1.4849404835821804,1.8112159981070042,2.1528036960868917,0.6557972229681924,0.8614566713286808,1.2936418678254624
eokrac,5,nearest,2.5,0.8137806594598351,0.6098506256237292,0.6497240187015184,0.8523177011222517,0.8557678077479228,0.8666364241209465,1.0659339558858534,1.7451946260893259,1.6348662511691423,1.0470566322669648,1.0001270756597878,0.9893437025004016
eolgug,5,linear,2.5,0.8801445911950979,0.8453287578879468,0.8105302844190347,0.9403876245187636,0.9235053054863498,0.876193653878702,1.2559986992721988,1.5596572258147303,1.8497010206976205,0.5744834039185208,0.7650570584720199,1.1535649537268442
eoslui,5,linear,2.5,0.8522700502646561,0.8249423259397057,0.7890859057800883,0.937787665984649,0.922099922026129,0.8578843745337627,1.4767548774322539,1.7031913662166664,1.989072847878541,0.5955859339176807,0.7769835761080883,1.2654965514864391
eovsyt,5,linear,2.5,0.8530393623216002,0.806559721356576,0.7615104542050404,0.9175733429429619,0.8954029328589336,0.8459544311328857,1.5231526883075512,1.9208619702178118,2.287082486913287,0.7543854552635092,1.0155345182086761,1.3969389837412192
eoydba,5,linear,2.5,0.9106678805684141,0.8256458542594227,0.7829995610803759,0.9454828299922341,0.9474397255971927,0.91700093564494,1.0097983790760061,1.7909228569650923,2.1527740128941772,0.5552433353524503,0.5709851391210723,0.8417583511432617
epabca,5,linear,2.5,0.8273180397802936,0.781351523677023,0.7347469828232386,0.9088744826141018,0.8981030549322209,0.8437562386382016,1.7186353254538476,2.093311535774288,2.4548747799842445,0.8273101240831812,0.9844648120597776,1.4201315568463468
epabca,5,nearest,2.5,0.8514423111755905,0.6399570069166138,0.6732331604672493,0.8482558016168328,0.8720503387932259,0.8587121186069678,0.9420666783562289,1.765345118921709,1.6679375397081888,1.0291749741434988,0.8974032036467889,1.0046865619465648
epemva,5,linear,2.5,0.8542926943038956,0.8239805805635912,0.7917608354758691,0.9345084494553199,0.9228038502470284,0.8627737526250733,1.429588462689785,1.6746792216422821,1.9251582626144426,0.6165634331376558,0.7710148240155942,1.2141872094807324
epkiap,5,linear,2.5,0.8488589026085108,0.8069877326482355,0.7570832584455591,0.9257875438480039,0.9023433206885922,0.8533765932363375,1.612443054671203,1.9844506753981963,2.4066809282625794,0.7074152929523884,0.9740182963238188,1.3533984211301333
equioc,5,linear,2.5,0.8280577348916982,0.7814532509941101,0.723006328494657,0.9081634469904224,0.8972647291658419,0.8412540401325256,1.8538153079893915,2.272195130774784,2.771092448440062,0.8459457560138987,1.0087403559017045,1.4643883246848015
equoaw,5,linear,2.5,0.8853763325888871,0.8444147836846629,0.8121352106384744,0.9452511235713436,0.932047063804066,0.8881681066988188,1.2341625621025853,1.6015582564685449,1.8777890978537162,0.5388064293103294,0.70954913624274,1.0594540473059313
equoaw,5,nearest,2.5,0.8766632208127446,0.6876741338633904,0.6853625118379498,0.8702878792821008,0.8444062109913308,0.8898469681145277,0.8252560106906554,1.621038256243858,1.6290199351939993,0.9457845082580766,1.0258676216695226,0.8952718647616034
erjboy,5,linear,2.5,0.8617764235525142,0.8112318848864704,0.7665679939522433,0.9311150880667374,0.9147422436645575,0.8632311957182549,1.5150901881699188,1.9765047252303691,2.3638570952917495,0.6594641510668954,0.8577506920584911,1.2827981019303778
erjcre,5,linear,2.5,0.8614106682645845,0.824952624650255,0.7872554301278508,0.9323371734054029,0.9192033594582227,0.8582326109455718,1.405720530041191,1.7113882407965393,2.013419168935557,0.6392895302657278,0.7974885454531143,1.2629367814032537
erjtai,5,linear,2.5,0.8571710552489227,0.790474239823526,0.7361948661268621,0.9118362827276492,0.8888521061009168,0.8524424690687964,1.521101323990308,2.104125888545338,2.5492238931534934,0.8113479086015604,1.0734776778009731,1.3605584589425568
erulgh,5,linear,2.5,0.8595651150819406,0.8046799193392236,0.7517708179361273,0.9285199333672222,0.909455447427808,0.8583154745858447,1.557026366424916,2.0638618549014685,2.525923123610505,0.6947673627256649,0.9134561041440766,1.3267324153183657
erwumu,5,linear,2.5,0.8596025267608722,0.8142746605001855,0.7673925532139146,0.9321456202879287,0.9119812673444302,0.8583803291687326,1.4827440268204564,1.8796583809291019,2.2694296844679567,0.655903089721131,0.8812947905899599,1.302850351610819
eryeig,5,linear,2.5,0.8566824106084964,0.8170730391569148,0.7754301554808938,0.918295089329222,0.8960335863367883,0.8504034435602349,1.4683207676492593,1.8038522651399909,2.140214936735158,0.7552347808443041,1.001276253481402,1.3568125476719148
eshria,5,linear,2.5,0.8881455519287069,0.8598754529804944,0.8298535703500189,0.9511034830930003,0.933257462950721,0.888143217685089,1.1740696646461812,1.422128537825076,1.6750524761944614,0.47727688626892556,0.6710013891555747,1.0596517534462762
eshroa,5,linear,2.5,0.8494937458592463,0.8115240254549597,0.7625427321321901,0.9338327225405428,0.9166603149779654,0.8575031697102657,1.6297598272868228,1.9739125442515708,2.397940731424665,0.6507668641947664,0.8479930257516332,1.3330712109893428
esnddc,5,linear,2.5,0.8682298086052381,0.8357552674126617,0.8000953349104204,0.9419490527207275,0.9351563788650703,0.8810516821096481,1.383045663350525,1.667418941010857,1.966907298213319,0.5662550373761208,0.6762690064209194,1.1364498500278084
esudce,5,linear,2.5,0.8795780203937877,0.8322713660884522,0.7915113348857256,0.9465459039775106,0.9288839020001041,0.8773274244878577,1.3024041620181304,1.7275207718103835,2.0748692901132357,0.5356797011275839,0.7318754801682974,1.1558034377867572
etalra,5,linear,2.5,0.8199013841215643,0.7357012113202307,0.6682565656661882,0.8801858020589534,0.8534309028757187,0.8184053574798779,1.9679522930875522,2.7228337678675714,3.2885793871313345,1.0852264517429049,1.3915345456038897,1.643353856342911
etirnf,5,linear,2.5,0.922198291008564,0.773680000187049,0.7286984824163456,0.9443388161153261,0.928113905522931,0.910956249018542,0.8481944226637814,2.0916405358433225,2.4257979515245336,0.5374880485463187,0.7386409254530888,0.8701978470943137
etnads,5,linear,2.5,0.8450039807933003,0.8086402347392516,0.7633698477288098,0.9351413853428703,0.9131002121422094,0.8554615514869677,1.5935298651794032,1.9035181342283023,2.272301939264794,0.6267514872318501,0.8717697744272127,1.33133627799256
etnads,5,nearest,2.5,0.846297553274088,0.6402424219410855,0.6225457356774591,0.8498883142594701,0.8547783893875202,0.8694466525332133,0.9759146716275133,1.7778130046503626,1.8326458496955242,1.0315365076839091,1.0334168862184523,1.0269826470914725
eufdod,5,linear,2.5,0.8744175975872865,0.8329036041098042,0.7915195233939438,0.922620701660954,0.9044212688159958,0.866437071002287,1.314927305725457,1.6752003650411462,2.0164040139525308,0.7091619961925076,0.9283375270349064,1.1949336832170443
evbacc,5,linear,2.5,0.8410497184370342,0.8019922001106679,0.759847375796588,0.9185990512188067,0.8945256254802484,0.8340580368815294,1.6027440526356487,1.9274612448720627,2.262272174377856,0.7465322373278259,1.008653299866039,1.4544798842867759
evdyff,5,linear,2.5,0.8587744287207998,0.8033570680120947,0.7504031860439221,0.9262043529589052,0.9053251103897388,0.8573408215881629,1.5524182908343733,2.058802460582235,2.5161060417389773,0.6988707016533362,0.9522792997276701,1.322900117901705
evfler,5,linear,2.5,0.8851299863300965,0.8228653440594736,0.7797283779940561,0.9219782498685818,0.9037885365970506,0.8688213740526307,1.2918942736269599,1.8726484511199935,2.2515021060240676,0.7323744501799953,0.9542759111040691,1.233514031974984
evijce,5,linear,2.5,0.9187744421643211,0.8623597033722062,0.8303151353605005,0.940526724588409,0.9287190432942746,0.9194352999903255,0.9472998082600951,1.4944636459245635,1.7867810887442157,0.5943815072187244,0.7363060508532239,0.8269635327867424
evjoko,5,linear,2.5,0.8513626451014963,0.8131550451792567,0.7661634007521705,0.9295246163665574,0.9143224192949572,0.8548807526524066,1.571351626096353,1.9077944919662386,2.3026724859831478,0.6615722547254664,0.8540666396963098,1.3164394602796783
evmaja,5,linear,2.5,0.9265217665516157,0.9027168807798394,0.8826375622440161,0.9624813398977339,0.9512788321581025,0.9316545200409116,0.8419623585017034,1.0735750944294875,1.2615585245874652,0.3929502632444959,0.5308441905623873,0.7102820601459031
evtitd,5,linear,2.5,0.8465806580345432,0.7879129390342924,0.7293946573913631,0.9195367205239358,0.9073726336929251,0.8456743168637694,1.6990777801396761,2.2394780318772214,2.748582608331254,0.7677901141903885,0.9347522363774626,1.430450289681724
ewbglo,5,linear,2.5,0.8442743576736056,0.7857257885910909,0.7290297932045144,0.8977216023187115,0.8785032231818766,0.8429178436483615,1.6349331517912136,2.140610397618034,2.6019521555213205,0.918216495042552,1.1617772789910852,1.4196675301079733
ewbglo,5,nearest,2.5,0.82467964370088,0.6552479341040985,0.6556473061206431,0.8703765025413173,0.8693522856912638,0.8628004863268889,1.0203726847240058,1.6187978078713952,1.6176285435576612,0.8573811610273736,0.8969313142704975,0.9315129355240714
ewedkl,5,linear,2.5,0.9187255029674627,0.8918826849395721,0.8712436488851232,0.9612672123321188,0.9501493798152388,0.9138097758833192,0.8699544869949413,1.1105272007969291,1.287985399691777,0.38777635611290057,0.5172611743429848,0.8188027283460072
ewufri,5,linear,2.5,0.8580908082360225,0.815457340416566,0.7676736820425608,0.9358360166652725,0.9168781380859247,0.8603304927230127,1.5400710418544334,1.926431459269605,2.338733095832851,0.6210693810948246,0.8461043200964609,1.2939360544235412
ewvnil,5,linear,2.5,0.8691522875735138,0.8320945348525763,0.7922345341060987,0.9356544378088456,0.9164338152614475,0.8683685320131098,1.372251233017863,1.695492023716626,2.0272997139900704,0.6127750917875452,0.8397617318040982,1.2315657781048577
exskaf,5,linear,2.5,0.8363728561082646,0.7865751369384907,0.7300457590604257,0.9138124509182399,0.8925948906245473,0.8385568438382102,1.7437870580063055,2.183883941865614,2.6576296266844777,0.7961110605702519,1.0473153855348198,1.4787814844526186
eybmij,5,linear,2.5,0.8492946541511919,0.8041136589302653,0.7515146470390819,0.9183601005634774,0.89895212184558,0.8500748042126636,1.6106821039510897,2.012224499850196,2.456166647322556,0.7822471603825542,0.9987127240578175,1.3906813913605345
eybyay,5,linear,2.5,0.8373866793401776,0.7784306601964888,0.7203093800776655,0.89959866568017,0.8731760981019574,0.8361967934172396,1.7013430248919656,2.2084440518832253,2.6796080035637875,0.9112610338997102,1.2043329954833562,1.4901811841700807
eydadg,5,linear,2.5,0.9587308360196323,0.8907077877367018,0.8747621029898945,0.9641015922088441,0.9641687825196452,0.9568764667192184,0.4293485695553778,0.9778234466140907,1.0943165284477838,0.34241153092428356,0.3554318022693129,0.43625649646347897
eytups,5,linear,2.5,0.8285663733834351,0.759610242122498,0.6939510017978804,0.8818891426191479,0.8565003387622857,0.8286619310377111,1.8189886873548362,2.41949360372861,2.955886490651472,1.0581878741521442,1.3570261142109867,1.5599263459650434
iacbyb,5,linear,2.5,0.9180320816513639,0.8881684336512502,0.8659661071425901,0.9463897341038486,0.9382151565214703,0.9078715905626297,0.8871854494202877,1.157717143248697,1.3502032212866137,0.5250903116796398,0.6405839528909053,0.8999567766840865
iackaw,5,linear,2.5,0.8467315867594494,0.8122414747188609,0.7758240520773992,0.922769037103599,0.9011306182356911,0.8405540924570698,1.5269541306835615,1.8103053443961883,2.0972483495091274,0.7080250524669199,0.9505425780104299,1.391129693309734
iafbag,5,linear,2.5,0.877558739578644,0.854746297743277,0.8206427316757027,0.9503000237737159,0.9406774020599469,0.8816733011036928,1.3081805784874068,1.5134816080204672,1.8092978629544072,0.48826791439605466,0.6129380497616405,1.1107455045851065
iafstn,5,linear,2.5,0.8590478801044904,0.8228166004112519,0.7859257042867933,0.9313736306203749,0.9109128369301256,0.8541243747888267,1.4292371831574628,1.7329512215412752,2.0287807580504653,0.646943308931997,0.8828062863132027,1.3288002056331694
iaggri,5,linear,2.5,0.869728793185629,0.7800716058112667,0.7238031546580785,0.9209310680735819,0.9067036581101144,0.8780885737643699,1.4973656922912006,2.345600233052469,2.841445123883595,0.7514924825815592,0.9504613972163863,1.1791812800349357
iagods,5,linear,2.5,0.9015134669162918,0.8129644073190428,0.7708769068116492,0.950758236503142,0.9399766419947196,0.9007479802231672,0.9521011938901661,1.6218398382526777,1.9116003060255644,0.459697125973956,0.5676310668215734,0.8636281373000066
iahoro,5,linear,2.5,0.8747652134472227,0.8391237803291499,0.8013285064365276,0.9290302265717914,0.9113121184628612,0.8575878425028473,1.3118226593892333,1.6224575166633777,1.9369769231240435,0.6710067316515472,0.8755143137315106,1.2960591257467158
iapber,5,linear,2.5,0.8721167276664179,0.8356563317349918,0.794673048512188,0.9429110482442647,0.9219497943696042,0.8710731396560587,1.3600731938617652,1.6835693081290808,2.030517128027154,0.5538357266317359,0.7782552488770008,1.1932167090200858
iatmeu,5,linear,2.5,0.8609765491703059,0.7713909393054593,0.711555191227976,0.9031613635589687,0.8827825332693084,0.8592859915217649,1.5879835980649626,2.4303436007678063,2.9545840915474613,0.8969490139311793,1.1408507722990369,1.313586555874704
iatojb,5,linear,2.5,0.8551845140020478,0.8215330191008371,0.7878877484466711,0.9295424039292406,0.908540775271014,0.8524961610666877,1.4098094497611744,1.6787521750226915,1.9364496262232482,0.6428991136565643,0.8712204276597937,1.2885448621877715
iawxbe,5,linear,2.5,0.8459680774533256,0.7715597793861915,0.7152792807896973,0.8958530638766474,0.8739218454567687,0.8428661320933735,1.7082421917713373,2.3894613059747303,2.8736656496812,0.9595146914402707,1.2175624308579118,1.445990109124931
ibflsr,5,linear,2.5,0.8495272418797245,0.8087214719847189,0.7616623982025199,0.9289574110289839,0.913880035716911,0.8559671323157247,1.59026792744874,1.9489397720893915,2.3433169903073092,0.6818440001798624,0.8651180819962324,1.3274657206560563
ibgryk,5,linear,2.5,0.8677806794286801,0.8217706710122843,0.7757218004257027,0.9276231714166531,0.913007371548785,0.867629392799419,1.4548456015527356,1.87771525330017,2.2798668624693885,0.6926335606803548,0.8861421620054616,1.2585752766590554
iblool,5,linear,2.5,0.8705576928616076,0.8204143198666273,0.7786853992723874,0.9274319031238156,0.9075729597962925,0.8645905872101123,1.3962271664408066,1.8450136825870687,2.1993025469444913,0.6941771345845378,0.9223603596798133,1.2666422470590297
ibpijd,5,linear,2.5,0.8789191196839663,0.851195328053316,0.8202094488654401,0.9493286098286371,0.9370798603040738,0.8880300463635165,1.2616534586913675,1.5029973611237222,1.7623834634587414,0.5005380540634352,0.6476715795352728,1.0605506183177964
ibwici,5,linear,2.5,0.8681979507375129,0.8157438536284697,0.7721409430663713,0.91986591895609,0.9031327847179578,0.8590199538586698,1.430271233006973,1.902619728582108,2.2747037937362604,0.7489851931804717,0.9433215737324991,1.3099262771636657
icagpo,5,linear,2.5,0.8495617424043588,0.8018352382344676,0.7490634710115522,0.9297396760658148,0.9069001634771714,0.854603639570287,1.6291298156119187,2.0594580328314147,2.511143798208894,0.6847213071043279,0.9317321518220998,1.3439778458821028
icdahe,5,linear,2.5,0.9399370804158321,0.867301640885846,0.8462473596148252,0.9633887785885062,0.9498360290736044,0.9383060233513207,0.61643840788501,1.2027203864053848,1.3582956688828158,0.34815278739677236,0.48307823209045075,0.5962045319596893
icdapn,5,linear,2.5,0.8349032920807654,0.7758539359778237,0.7224964536576505,0.9048290826896026,0.8843591284814054,0.8302016542868603,1.7384310758157486,2.250327332430905,2.6876323167378326,0.8503536998945544,1.1050181370600674,1.5210860455066322
icdult,5,linear,2.5,0.9191820498663931,0.8588203386018094,0.8335699932934099,0.9365769811402423,0.922335082518722,0.896556172198987,0.8862606917756933,1.4279313395520978,1.6404295551272634,0.6001249924861997,0.7786647075715919,0.9922991955930999
icedpa,5,linear,2.5,0.9192785550540776,0.90004112382223,0.882034524124865,0.966273391996742,0.9498248567533764,0.9222347937021108,0.8670821744364992,1.0414217120329254,1.199181136245222,0.35060562879772306,0.5257176491716891,0.7758407446946857
ichank,5,linear,2.5,0.8863347465804967,0.8542308687312662,0.8281764466512671,0.9400975201561161,0.9255423360437491,0.8843780477465358,1.1387105005758846,1.4043153133788155,1.6109373869689356,0.5610901140316168,0.7093844816074096,1.0322521598542072
ichiki,5,linear,2.5,0.8651181713350496,0.8317073093196727,0.789183572719925,0.9413016026947203,0.9285669277006104,0.8704239685604857,1.450586171328977,1.7516520305917116,2.1183144399293563,0.5670241407680272,0.7217632522737557,1.2154875472465343
ickguw,5,linear,2.5,0.8523223577351247,0.8237293726699936,0.7862060737091912,0.9320029433284164,0.9114611622199803,0.854805661044538,1.4727328152891197,1.708787407671269,2.0063457336411705,0.6419468350540747,0.8616937425385612,1.3101350447620514
ickphi,5,linear,2.5,0.850169387470696,0.8098263020213551,0.7634869737079686,0.914676544764996,0.8971996264582472,0.8462403697769683,1.5747664205715581,1.9271130716442415,2.313033381980255,0.7764568173970295,0.9963758275548059,1.4014157595187973
ickviy,5,linear,2.5,0.8549984068660882,0.7914079644973382,0.7366849344393627,0.9196423323874815,0.8971976598251118,0.8527151040609392,1.6004353155137372,2.1820025997825088,2.65354868882714,0.7617877257638591,1.021168091515375,1.3644557056964577
icodmu,5,linear,2.5,0.8473597001568453,0.7552905213373731,0.6928779215373432,0.8914531988404081,0.8635155069925539,0.8508957515580081,1.6761159002083728,2.501683757775645,3.0220228980417283,0.9995927857739728,1.2963328875770503,1.3900824269095309
ictlyp,5,linear,2.5,0.8743781099612322,0.800654770893142,0.7508798887715313,0.9168965270210567,0.9054817798160988,0.8794561590467905,1.398835125083813,2.0750510061643754,2.5025061893497678,0.783615419761265,0.95094069979242,1.1492255778230531
ictmuo,5,linear,2.5,0.9527202656017876,0.937956406530281,0.9287896404267096,0.9775765909279924,0.970938863551932,0.9532116551408794,0.5296744404379772,0.6700631159015233,0.7544131911457829,0.2424450124903947,0.32461716746318336,0.4950674690788325
icwiro,5,linear,2.5,0.8307491189327927,0.7726315509929922,0.7134998047545474,0.9172449644239191,0.9033189766915829,0.8467297764429873,1.7574382162845796,2.253062810549944,2.728641737603608,0.763350496474562,0.9657605157149106,1.404130248312779
idbayb,5,linear,2.5,0.8751232630740333,0.836128124821026,0.800310378078702,0.9352820689373792,0.910549151477514,0.8614096700905113,1.3186345740954981,1.6610471334375436,1.9612702992324345,0.610427515462554,0.8599628817242414,1.2671387746788654
idcadg,5,linear,2.5,0.9251639693384869,0.9051864745843969,0.8842531689580528,0.9597742311298033,0.949007723814259,0.9219310439503462,0.8143898966459217,0.9979770286091387,1.183120401778522,0.4004840531069977,0.5302833349103528,0.7622966402437305
ideutg,5,linear,2.5,0.8574959180834538,0.8294541805801376,0.7911901744367784,0.9404357066369188,0.9229667341560979,0.8595275673717055,1.4457838859318544,1.6822267772109067,1.9920605507920794,0.569179728834865,0.7802246167321198,1.2678871421553366
idholv,5,linear,2.5,0.8496814114034633,0.8192905146709544,0.7831802876602316,0.9362722167561884,0.9175043552086953,0.8549406311642266,1.505663384526607,1.7576064282364439,2.045304857403595,0.6025533813727316,0.823390501322145,1.3020326582756327
idjoat,5,linear,2.5,0.8705900451452044,0.6490051331053768,0.5696053623104007,0.9210489895768423,0.9292014913799505,0.8852010637921494,1.2349518231977847,2.7769490379804114,3.2446549092069668,0.699066700603137,0.6891579282169148,1.0335235262703975
idjojw,5,linear,2.5,0.9835819588469681,0.965501271565678,0.9593821496227881,0.9900077894989612,0.987969113076294,0.9797944863957537,0.20935757711747113,0.4025017937948576,0.4641422162218731,0.12071033409316101,0.151811141400087,0.24075089358343696
idjokv,5,linear,2.5,0.8583087453291337,0.8224083302768949,0.7748351236799823,0.9370128761065999,0.9164532697023644,0.8607244683946254,1.5279728326366928,1.8520985834923895,2.262185164062897,0.6200770640307156,0.8561327265040254,1.29672196399985
idlorr,5,linear,2.5,0.8604112756722384,0.8162940026371003,0.7735488665633952,0.918399824148837,0.9008843121401864,0.8636473986836793,1.475456138061917,1.8624246663408919,2.219320872492958,0.754424196479913,0.9617645454527236,1.2501238655311844
idodly,5,linear,2.5,0.8398715078212742,0.7854789275728511,0.7329421660683582,0.9131092402086248,0.9066603790989627,0.84835810970911,1.6984875340421612,2.175283346373607,2.611504902607118,0.8134889338140829,0.9442666294227915,1.4039052852293956
idshyw,5,linear,2.5,0.8800110215662829,0.8378293316629943,0.8017262282949891,0.9452720583640447,0.9272561230455362,0.876080369168606,1.2696521812112445,1.6400581462117272,1.9417964759350481,0.5343625390836448,0.7430296109855513,1.1544459244656442
idsmuk,5,linear,2.5,0.8499382659203825,0.8063855811190717,0.7602740986034657,0.9124331069607188,0.8987076648619434,0.8482194736272816,1.5717990909818573,1.9499221071771635,2.3310811853580535,0.8002736667038971,0.9883998549920102,1.3928034706524886
idtwal,5,linear,2.5,0.887964662629335,0.7591937452374896,0.7052679011826954,0.940830528531506,0.9328816747575256,0.8823399166568917,1.066201476816618,2.0004097577742495,2.348416304579337,0.5288319112115308,0.6106198855636136,1.0132309575005272
idvoww,5,linear,2.5,0.8410876212285531,0.8023669543902862,0.752395084476525,0.9240606607918994,0.9045169813899615,0.8460301709121623,1.678133313953673,2.0185750467698633,2.4379289727179927,0.7312233367589084,0.9519256634821628,1.4217849250329102
ifanfa,5,linear,2.5,0.915641255530396,0.8934331073679777,0.872558588583325,0.9571149442335761,0.9405348903665356,0.9100785815672664,0.9290819656775064,1.135917297646041,1.3234502264629744,0.4407133080667267,0.6252833841411438,0.8898065419861745
ifefro,5,linear,2.5,0.860293622986508,0.8144228844315043,0.7687836577964927,0.923314654558516,0.8960014174509789,0.8587076469841224,1.5176160862549781,1.932988369099227,2.32615383653996,0.737281641720041,1.0350171182107724,1.3344003030977007
ifelas,5,linear,2.5,0.8421434000040312,0.7373259935115839,0.669108552886999,0.9204839471049812,0.9054042441267561,0.8573911418199842,1.8014420188669074,2.78144145236417,3.3731220597837916,0.7601674647109652,0.9480582763647143,1.3339448048899447
ifeshc,5,linear,2.5,0.944761423480506,0.8707216631148047,0.8721867503183436,0.9999999999980905,0.9611485078630594,0.9579627050834396,0.45103605419173715,0.8896353474283558,0.8818028262400641,0.1933459482075537,0.2985794723048943,0.36022120910637956
ifkald,5,linear,2.5,0.8743876874934147,0.8208224477414608,0.7787986430916016,0.9391492905843135,0.9201130088759567,0.8807603599845267,1.412871452426406,1.915834277703398,2.2901686580416887,0.602172279875615,0.8240157513152724,1.1483446214903605
ifragc,5,linear,2.5,0.8867635415509991,0.8583036668125824,0.844012056272953,0.9491654555595346,0.9388311414795999,0.8933652053375545,1.1122378574013942,1.3427618697290262,1.4547810771642382,0.4932696978356581,0.6125244046833951,0.9652118585612298
igglit,5,linear,2.5,0.8362999610101365,0.7732754382299382,0.7103175892839658,0.9063024742346046,0.8820843176501146,0.8389477517914699,1.8135020795744337,2.3932809166375293,2.9394666234447437,0.8782923583084743,1.1465715417250593,1.4880468443025952
igsoys,5,linear,2.5,0.8395148296833699,0.7836441343528134,0.7232386901155307,0.908441005564875,0.8987358964214974,0.852532529096811,1.7130058091754847,2.2061237751875025,2.7092436324477536,0.8373636312728737,1.0044166225095794,1.371691106374995
igvidt,5,linear,2.5,0.8507110183702287,0.8058394277316687,0.7576308624697354,0.92731728489076,0.9082262201692195,0.8474203155776523,1.586586011751804,1.9827370893289658,2.387587971445053,0.709103718356873,0.9307763711018139,1.4111152423371962
ijcoga,5,linear,2.5,0.8533810520595788,0.8152864050637678,0.7733234714827621,0.9391599598448322,0.9220399593751354,0.8625179142683945,1.5255678419466998,1.854674783467411,2.2010917403898667,0.5794519819048424,0.7847503635039804,1.258719686669665
ijdeyd,5,linear,2.5,0.8608983610458437,0.828500556482393,0.7915509122243374,0.9343316043805725,0.910153176882066,0.850180679305804,1.4001665307577102,1.6699934125839109,1.964739327963101,0.623379240552142,0.8724324850229668,1.3445349856886295
ijhigo,5,linear,2.5,0.8395629801082153,0.7734703760646868,0.7135504140892684,0.903749251591864,0.8788854819860416,0.8367366008744825,1.725429854211161,2.311048900776961,2.8103482839130454,0.8923930294366514,1.172694992674378,1.5049725253785855
ijhipv,5,linear,2.5,0.8610906443056647,0.8341045494592121,0.7983869235607415,0.9384115029816129,0.915776357199398,0.8571810181303723,1.4018977371371573,1.6281548970512283,1.9160489255942965,0.585459341955641,0.8217822978462795,1.278155660771973
ijpiaw,5,linear,2.5,0.8485574769431272,0.8094922358716934,0.7590580623358896,0.9276290660191623,0.9069512303968668,0.8560604351216325,1.640424702141912,1.9944341322157695,2.4305171325263384,0.7020842670338676,0.9312983904054791,1.3327706768009417
ijpruk,5,linear,2.5,0.8477660371274717,0.8122821797581429,0.7745956676657408,0.9244278523247582,0.9032714260384757,0.8479698171715744,1.5253476871036573,1.8187147875045748,2.1172183818304777,0.7015120804130881,0.9421816646750215,1.3534573441139306
ijpruk,5,nearest,2.5,0.8569149278621035,0.611791372415386,0.5637683508101506,0.8744189411219637,0.8591892287360772,0.8810082867268303,0.9939522428060765,2.0534731788421534,2.2128918933614847,1.0098985960608413,1.0541214736626894,0.9667772767360977
ijthin,5,linear,2.5,0.8658131283875223,0.8233415767893247,0.7766840902326217,0.9337769129770515,0.9168839838522065,0.8650274732201043,1.4907226442796655,1.8864198831793904,2.3004379494920513,0.6469855122033881,0.8427681799484812,1.2740524181166808
ijtowh,5,linear,2.5,0.8471856904791244,0.8073815812234206,0.7590169832396263,0.9253941268826242,0.9040447836442688,0.8436286366479585,1.5856583342047013,1.9280888486549783,2.324467363288495,0.6939823127355702,0.9400771301481081,1.4210910972945248
ikdagc,5,linear,2.5,0.8902836387852783,0.8389954667065963,0.8023237675073099,0.952957325905121,0.9495712759226184,0.9069120727063865,1.205956140657218,1.6740504209139402,1.9908729400952987,0.4770141332038392,0.550921448516964,0.9241681075715799
ikkimm,5,linear,2.5,0.8361591145214886,0.7860476300114633,0.7281286757784058,0.9222623495725852,0.9075702445689819,0.8461486282169414,1.7789576422991373,2.231817616629979,2.7284058089393954,0.7505812722073597,0.936432954277631,1.4381809656851747
ikujfu,5,linear,2.5,0.8657485994037376,0.8361065845085803,0.801960917072698,0.9446972374271556,0.9297743364286861,0.8694075034574669,1.3833644105605907,1.6377350847772,1.9193116224574325,0.5297203176631063,0.714676942775428,1.1934767391955001
ilcoby,5,linear,2.5,0.8376556879368378,0.7570132326213158,0.6892722164917211,0.907763757189153,0.8817895061357927,0.8379760443924688,1.8285618917137252,2.5791036277650434,3.1691382618128165,0.8667900979097797,1.1656364520891076,1.4954913617975116
ilkble,5,linear,2.5,0.8589729760708092,0.8017875888320636,0.7628500691493372,0.8998729788573843,0.8776084363045535,0.8403835565543445,1.4859750265298028,1.9819504152432774,2.3021086626724157,0.8605834291411326,1.1245761792426257,1.408804824236605
ilkedv,5,linear,2.5,0.8710320741512841,0.8222568632329887,0.7791650007415102,0.9376006441880579,0.9167148864645093,0.8765187661621638,1.4187427215411796,1.866072069753107,2.2413808590167625,0.6065822649556762,0.8408429336161479,1.1776741797454726
ilyutj,5,linear,2.5,0.8273270669153864,0.7749854670540983,0.7156948173356119,0.9070488199059626,0.8847972011709806,0.8360032336488631,1.7875029320334477,2.233567130338853,2.711450554360415,0.8545155924362267,1.1110022400774489,1.4916369054304979
imhacy,5,linear,2.5,0.965798246847931,0.9588619524429223,0.9524124206936949,0.986061747985269,0.9791815892376201,0.9657320800460872,0.4028753281207859,0.4734100968243978,0.5374034028335201,0.16034970464082998,0.24146298626005303,0.3783032289831955
imnees,5,linear,2.5,0.8360567859338162,0.7647338034870862,0.6971708423512304,0.8918249454137717,0.8702732679805065,0.8371022529311255,1.7894074981496826,2.4312803696625824,3.001099291847186,0.9903652815717213,1.2423462272574912,1.496072604617953
imoikc,5,linear,2.5,0.8622501110650804,0.8214532791164794,0.7753520285035798,0.9356985940239991,0.9189176304199271,0.8643021291929462,1.4894910491347535,1.85792222183971,2.254545350326022,0.6267205515479353,0.8251713210130218,1.2632179441069253
imwryt,5,linear,2.5,0.8640012320240198,0.8153349235065495,0.7775332977465856,0.9158251536419679,0.9014898479209634,0.8612308488802278,1.366929105683342,1.7673079218427825,2.0622699253113,0.760782897093119,0.932659708840889,1.2551441291894434
imwyoj,5,linear,2.5,0.847788630256432,0.8035634468827378,0.7598693145550247,0.9260985385035956,0.9090213251466599,0.8536225287382171,1.5544794383146978,1.9267424952962833,2.276845856870796,0.6759231426956491,0.886150501525552,1.2967085921324695
inckki,5,linear,2.5,0.8451937931524671,0.7939037129539008,0.7428627518379162,0.9127456496636044,0.8896814750616097,0.8385633745631417,1.6480038329219378,2.1002401557912234,2.5270501595669335,0.8104869842421191,1.0798196009010217,1.4657895093659394
indtwr,5,linear,2.5,0.8743253321292076,0.8313311236991205,0.7915748307417368,0.9381843003493817,0.9269395909787465,0.8793290567693165,1.3692012549741006,1.7602057901922241,2.1046029959390116,0.6017738045087736,0.760657814437196,1.150241820491103
indyep,5,linear,2.5,0.8527801166048667,0.8185565843880792,0.7770574732561643,0.9383158531264018,0.9198949359989245,0.8601097630155056,1.5021353674852944,1.7915760815292696,2.127354065769943,0.5913126559849063,0.8066307954168409,1.2956376625083554
inghog,5,linear,2.5,0.8569794777569903,0.7980382147501083,0.7454575784790543,0.9069605974938032,0.8869577320139334,0.8506939347127889,1.5816343844965288,2.123180327911567,2.5795428307254666,0.8674038945735685,1.1146545337367917,1.3972436138062507
inghog,5,nearest,2.5,0.8138948745902869,0.577976931584843,0.6149793256188306,0.885234640910451,0.8352327285677009,0.9291503202103343,1.06546245511186,1.8264299869460467,1.7315522685591767,0.8953667402315748,1.02817112448826,0.48138060494201557
inghot,5,linear,2.5,0.8574311802360299,0.7917096904560444,0.7469611364935709,0.907525501853437,0.8874170451009814,0.8498124740428745,1.4973156700755557,2.0624184692217127,2.4247669108166297,0.8375008430069216,1.0545839601408495,1.347263148327919
inhial,5,linear,2.5,0.9580485567703296,0.9230591787191494,0.90987887600122,0.9758458976711641,0.9663653753222884,0.9499633058721979,0.47880867317807757,0.8088084400334598,0.9258950628869765,0.25354940932946257,0.3644522503284449,0.5270969583679315
inlica,5,linear,2.5,0.8360665519715085,0.7672184475226571,0.7017476258038698,0.902572327379962,0.8787504795611013,0.8341226688928738,1.763776333861792,2.3733994943251755,2.917069781163421,0.8887213289751408,1.1737944241929976,1.5057597624489574
inquay,5,linear,2.5,0.8423969630960046,0.7753730538237456,0.7160799268599701,0.9151256611795245,0.8919261200927742,0.8421524450234279,1.7208495481313677,2.3253569866474812,2.828512807399517,0.7976168635000338,1.0612426097645338,1.4451952866137268
inshfo,5,linear,2.5,0.9216777307438614,0.8569557543225665,0.8331098894116326,0.9529841711328152,0.9368761630021611,0.9012201280848945,0.75995719139428,1.256433131908028,1.4255546561259622,0.4226191999253252,0.5733085067279463,0.8770205611493036
insodf,5,linear,2.5,0.8862712559340713,0.8468828824108978,0.8104072525450805,0.9402601143220017,0.925328745549509,0.8800402247426647,1.2360867567271028,1.593713893043392,1.9092799822145397,0.5801821999574425,0.7530549369538941,1.1445528674119383
ioajdi,5,linear,2.5,0.8446576379058044,0.8068559822562067,0.7596861049236658,0.9288275685967682,0.9124717974037531,0.8542644249966733,1.6160473321524886,1.9426402334867177,2.3317245847038164,0.7007983176487024,0.8875066791670023,1.340489201363008
ioangi,5,linear,2.5,0.8857330513993945,0.8491121639665219,0.8187877956655021,0.9481990694757901,0.9360416783447738,0.9056289653809544,1.173272035230775,1.4843945187570557,1.7303746655345074,0.4912230031505173,0.6435938112175571,0.8517751927614168
iodjie,5,linear,2.5,0.8515686451857862,0.8101100526103602,0.7596536229825043,0.9263579168464843,0.9086313768631057,0.8561986449924159,1.600456153294879,1.973587327103611,2.4060422286441323,0.7028299115092773,0.917002260898165,1.3317061371441812
iodlac,5,linear,2.5,0.8535505457832392,0.8214841500442098,0.778852857910703,0.9355197628602056,0.9196909799057512,0.8653620239339912,1.5102543277281777,1.7853053361843574,2.1354594916506504,0.6138565822721295,0.8083774554854222,1.2432119000109583
iofpli,5,linear,2.5,0.8501897377857223,0.8103519768913588,0.7592637034389826,0.9248058745279795,0.9051443589843158,0.8491610941848486,1.6272385046474582,1.9892821078273053,2.4319250852618812,0.7297770041574934,0.9538231451088094,1.3977239368347583
ioivkn,5,linear,2.5,0.8409497362874847,0.7475336660858881,0.6848965254317532,0.8894322171683087,0.8660108420292048,0.8381939214007219,1.7980168977508897,2.6659735291010365,3.2089743506856934,1.0085753288034687,1.290789911262209,1.4938230205405927
iorjtw,5,linear,2.5,0.829582435034604,0.7804743769514818,0.7198824794900396,0.9099436374664025,0.8867121356007825,0.8297891165705321,1.8075234879142579,2.239225098642178,2.744013907957213,0.8382581105145684,1.0954439463806414,1.5241285080343276
iotklo,5,linear,2.5,0.8680581244108823,0.8353208799956181,0.7970705015462468,0.9406533506108016,0.9244042845667233,0.8707263217067384,1.3871031113779133,1.6742901033333013,1.995637337895547,0.5769461479322816,0.777291207431837,1.2018112663946336
iovhar,5,linear,2.5,0.846366661396349,0.8065990481112073,0.7598063062172775,0.9241264858565658,0.9072240948727126,0.8500910807044695,1.6162236040527007,1.9640625877896671,2.354664411650736,0.7153895549683766,0.921542051402769,1.3658119991885205
iovlit,5,linear,2.5,0.8555535108309578,0.8200716624844937,0.7767268257151877,0.9319751526336858,0.9161253555494887,0.8554395793464377,1.5288085634255488,1.8421550422404456,2.2083171469451814,0.6474737800227364,0.8423958544201515,1.3188607566899906
ioytgo,5,linear,2.5,0.8693852474963822,0.8086857195879213,0.7617900457984654,0.9174321408491615,0.897280282383805,0.8654899547102071,1.4091357251762615,1.9492467994163674,2.342272265310212,0.7619054767165073,1.0044365831265674,1.2539933813021045
ipdioi,5,linear,2.5,0.8701259555957096,0.832568840588709,0.7914054345886681,0.9425100106155031,0.9263179129039258,0.8729315247903104,1.3960051589960063,1.733304612206353,2.0861900318877438,0.5616127698953496,0.7511981096399724,1.1728544074997134
ipdraw,5,linear,2.5,0.8836267748403374,0.800632328376504,0.7567041643191583,0.952935916661776,0.9427479725264005,0.8825027433332789,1.0452666622298281,1.6225136486322398,1.9010421000690632,0.43013549575159216,0.5282961777723676,0.9811726871272571
iphesp,5,linear,2.5,0.8593670244874463,0.7804142642702421,0.7255025729532499,0.9011434807899767,0.8809788129575847,0.8608588226481576,1.5956260992629057,2.336015966808763,2.8187109625642868,0.9244357881995904,1.1599629367970374,1.306834680601619
iphybc,5,linear,2.5,0.8519066529981739,0.7874595967581335,0.7326383586619052,0.9061726487699223,0.8887604956973019,0.8446632161496764,1.5889591654308444,2.1583985226760327,2.61396552509337,0.8612371194338267,1.0831404041495891,1.4198023442824073
ipjier,5,linear,2.5,0.8809618186198006,0.8352644916879061,0.7957288750616042,0.929911452562969,0.9159430289865534,0.8735993198635501,1.2935460898548297,1.7069005531462176,2.046495849783474,0.6741051537746394,0.8474672873678278,1.1905425147651498
ippfei,5,linear,2.5,0.8645857379007778,0.7884299994760711,0.7325520419394603,0.9283582463095246,0.9122710807706365,0.8599317064792635,1.4257238344023264,2.0781639364669133,2.5237120222646197,0.686694023802061,0.889238477499044,1.2970098767282678
ippfei,5,nearest,2.5,0.8573381322487096,0.598498857463513,0.564754059479908,0.8652463109458011,0.8942792016015418,0.8797253495714948,1.0191533782625646,2.176325364107352,2.293605076931416,1.0365037082716442,0.8658772045266376,1.0112484261673578
irjfen,5,linear,2.5,0.8361966858785861,0.7881007537938479,0.7417730866577297,0.9168075978223748,0.8932937892669863,0.8360067432215702,1.6572449205178188,2.056716587886164,2.4224382461521614,0.7728807012666836,1.0372266019777852,1.4780872759994585
isekdy,5,linear,2.5,0.8449860694229222,0.8043649432505214,0.7529288858344844,0.9270520082200718,0.903702284528765,0.851531282735984,1.671409575690558,2.037205960850906,2.4788257030921317,0.7021364856457857,0.9550005072602097,1.3851480317702087
isfikt,5,linear,2.5,0.8605808776039404,0.8080372819088758,0.7611279155820974,0.9176741043912275,0.902404188847063,0.8588731978081439,1.5149415570065377,1.9891181210792135,2.3903778769038286,0.7661286700844319,0.9697486604897728,1.311061524751766
ishvir,5,linear,2.5,0.8502013526442442,0.820340577483235,0.7791967071820054,0.9364112705216397,0.911651366302153,0.8494491308513094,1.5212298896094363,1.7730014807565617,2.105763422063962,0.6014456682113106,0.8686300945918055,1.3349686015535758
ishvir,5,nearest,2.5,0.8374220000980659,0.5895416145211158,0.5667952955699121,0.8681878820636397,0.8724622900764925,0.8723373051608916,1.06069946501103,2.037760071015054,2.106905859458082,1.000257441556156,1.0225920741133319,1.023401201312232
isnthl,5,linear,2.5,0.9231251601150412,0.8270421047048155,0.7951566825498512,0.940531948725976,0.9336947544061751,0.9122211336208178,0.8204137100445689,1.6303900263076796,1.875551851030282,0.5632018574063516,0.6672557434682986,0.8509963497374383
ispaww,5,linear,2.5,0.8427488788431641,0.797637086244636,0.749106192087722,0.9246436530366429,0.9065283137598327,0.8478134774188538,1.6408527062614144,2.030441643173352,2.4291863332384085,0.7165907976444036,0.9234866349227967,1.4139489761330268
ispaww,5,nearest,2.5,0.8553989633794286,0.6691280207593336,0.6498077203865893,0.8792900579857507,0.8499887587961261,0.8463018261238526,0.9699510806008649,1.7711064489663586,1.839473571057134,0.8116779402147344,0.9976418682254904,1.080112648262941
isvayd,5,linear,2.5,0.8553944070438033,0.7794777272641891,0.7229101781263213,0.8988560691351476,0.8811530261874958,0.8524556560434802,1.600100934757621,2.2920990888782358,2.775155228466072,0.923655759188033,1.1451651879808329,1.3779627752808254
itacfl,5,linear,2.5,0.8679898023830818,0.8336098048305451,0.7966323933208947,0.9379041972415844,0.9241697654352422,0.8654236050198928,1.3926626880138515,1.6952093794602274,2.00685959878239,0.5994873658358302,0.773097079484907,1.2427386739394475
itbadp,5,linear,2.5,0.8575492037336643,0.8196048849634254,0.7731703135354104,0.9275906010580545,0.9126548444320112,0.861701221495609,1.522129794006094,1.860572953467036,2.255719006549621,0.6977561639914472,0.8859267010729375,1.2773996121477176
itbejs,5,linear,2.5,0.9064804142391097,0.8783503443984664,0.8565668329822219,0.9589934950627055,0.945996296562061,0.9036710981155123,0.9785927558704036,1.2241328222640266,1.4067737583936628,0.41091411703039904,0.5627818579612301,0.9252132478246005
itcemr,5,linear,2.5,0.8353281444281152,0.7817278698343039,0.7218073724648205,0.9125884647647515,0.8905682070464,0.8329646859485981,1.7827403707440563,2.2645816127231075,2.7744224781867,0.7990881946221975,1.072489808883909,1.5274669092175326
ithpet,5,linear,2.5,0.8725479946871754,0.8150310491903904,0.7707316923182631,0.9136174234436935,0.8913003375629519,0.8584817759103421,1.4061527154846096,1.9327543928889896,2.3160973243703182,0.8150355908344273,1.0705026827246518,1.3254337241423726
itmeps,5,linear,2.5,0.8759375205401496,0.8206724522163267,0.7770495253202089,0.9240208386900737,0.90331612901274,0.866317263890955,1.3381850201744006,1.8310100588057208,2.198257282965153,0.721575169980918,0.9582430559638285,1.2585820058250676
itpivo,5,linear,2.5,0.8532487424083439,0.81866741110507,0.7759139865514892,0.9334302163324963,0.9196175521056624,0.8635690355724369,1.5240409342371515,1.822731847885742,2.1760292960660284,0.6407001764474494,0.8124680543582025,1.2689024243034066
itquir,5,linear,2.5,0.857075523919061,0.8217244265827436,0.7783383066556671,0.9296222827679732,0.9142196130552194,0.863559697579331,1.492811366469598,1.8001002019814665,2.160496834929819,0.6608014418436132,0.8622180968034112,1.2630984800873046
itquir,5,nearest,2.5,0.8579546196844721,0.5916642837108141,0.5445135349872564,0.8726217417562845,0.8407631368602331,0.9065197965820572,1.0398437171248593,2.2700119011952107,2.4381330868790574,1.006850235105467,1.0795151506943408,0.6896236413957474
ivheoo,5,linear,2.5,0.8288709148758034,0.7736754508217911,0.7079359079066696,0.89729350348273,0.869377491558396,0.8267664203006293,1.806921260467495,2.2880229350492733,2.8283305082193064,0.9214068311118963,1.212255490749004,1.538907103055812
ivkock,5,linear,2.5,0.8548922934271282,0.8089984960382212,0.7579733316665013,0.9259989807315498,0.9029766052254798,0.8569773656483586,1.5299612331128294,1.9309880666926333,2.3537217937393002,0.700507412497576,0.9649271785955251,1.342672824496075
ivkock,5,nearest,2.5,0.8528469133882246,0.5984529642153424,0.5753576217683387,0.8644126754363229,0.8940698713987635,0.8721926301652106,0.9830550178122296,2.009832391932989,2.0812365505660084,1.0416197870889952,0.7334787489853585,0.9759609703090858
izowcu,5,linear,2.5,0.9362170288796194,0.9048098323975045,0.8846730402284757,0.9656900206163991,0.9549456067607021,0.9377173925886721,0.7542840988903511,1.0684350327631493,1.2607240901521366,0.366265993639457,0.4961014566906924,0.6533006059588056
oadwow,5,linear,2.5,0.8613682374118119,0.8044611054932197,0.7707574667869308,0.9380670711389364,0.9522795812508824,0.8655834420926076,1.0602313773013685,1.3893690874969589,1.569737397845387,0.39700354042738106,0.3874367639894048,0.9726770549685558
oafhyn,5,linear,2.5,0.8514925284245938,0.8134527379873461,0.7668613191630477,0.9313844836133752,0.9121792388023947,0.8526722150265637,1.555399512063821,1.8866617740774252,2.273739182195896,0.657286987567628,0.8759385250001392,1.3462918987359342
oahudf,5,linear,2.5,0.8546600078109078,0.8153306084562305,0.7749793608958455,0.9342140234066802,0.9179664624089864,0.8583730157399369,1.49479156088066,1.8295823817735208,2.1575901201428036,0.6243197951579738,0.8266468401994553,1.3090059483310672
oakpik,5,linear,2.5,0.8824993731533678,0.8509440905756749,0.8177141998306081,0.9438118789976433,0.9243066750341922,0.8736066642442697,1.2471036189794378,1.5271364484341254,1.809741788631497,0.5508066004462124,0.775071996338751,1.1850410675170122
oapwyc,5,linear,2.5,0.8688462130368761,0.8404509311651521,0.8105377857276082,0.9527293941055218,0.9330579474908951,0.8778932636479739,1.3321248941101913,1.5717999127979279,1.8148836751799464,0.4718024333749277,0.689117211131205,1.1403271903601557
oasthu,5,linear,2.5,0.8787473406111231,0.8167745742824113,0.7745559184108026,0.9331548776818158,0.9134652539206315,0.8791894371962973,1.3567919020924017,1.931992205319466,2.3017452205218265,0.6521296622124085,0.8721743887695614,1.1562678728262885
oasthu,5,nearest,2.5,0.8571007003767724,0.6881222212683372,0.6620738630878291,0.8796086113135655,0.9035020658621876,0.9133019566644099,0.8775803409853988,1.5190847107285574,1.5986725950363767,0.9620834684256788,0.6818562339313097,0.5987472953201549
obacva,5,linear,2.5,0.8739721473531771,0.8314611333473941,0.7943645210319598,0.9335807945454204,0.9101238693975556,0.8643200143407729,1.3314476831047304,1.7041494277304108,2.0139229798636404,0.6293795569865315,0.8770685619004461,1.2449975774745243
obceoo,5,linear,2.5,0.846784335036534,0.7729764051031449,0.7148307842431019,0.9145605500080713,0.9027115461932358,0.8560672069717994,1.7101471832439001,2.3913020269775656,2.895451021586134,0.8020726313997818,0.9849510100044158,1.3551891957512607
obheuj,5,linear,2.5,0.860166811965617,0.8279250036569273,0.7866847391409189,0.9347966051127914,0.9180581533429001,0.8602538403349242,1.4493446808862946,1.727543589252055,2.068156173303961,0.6247424419837533,0.8258608199352553,1.2885083464864031
objoyh,5,linear,2.5,0.8782700755393018,0.5931223885852843,0.5663848454422387,0.9005016865549982,0.9144750721162278,0.8707502490717022,1.0212328193419449,2.602342280888813,2.721707230653116,0.6984311938710744,0.7054611833137732,1.0025077032022565
oblyag,5,linear,2.5,0.859338785928421,0.8257878996367103,0.784542716020382,0.948415458070498,0.9366938830490107,0.8736730307274941,1.4945593493230227,1.7925613167528225,2.143517048171615,0.5160349037844225,0.6651464998005935,1.1845211597085765
obsimj,5,linear,2.5,0.8541862073463756,0.8162535976728619,0.7747619237919896,0.933660456094955,0.9108107527709733,0.859822863566668,1.5046883480120574,1.8291692661366359,2.1682227176238364,0.6174707956854522,0.8797040608625488,1.2791675802116442
occeyd,5,linear,2.5,0.8456069799133183,0.7896030630066554,0.74205619707888,0.896498761168121,0.8754574650367197,0.8293595377174604,1.6128959425117055,2.094307206374547,2.4812428336691057,0.9196627668865116,1.1758843135116734,1.5272948013128838
occrok,5,linear,2.5,0.8650692703515208,0.8285711019700808,0.7871026304486519,0.9366766291487146,0.9153594261143432,0.8633914516824015,1.4467577788937869,1.7738543000858074,2.1290830244952574,0.6228848164835776,0.8656825755899363,1.2869433844324332
ochotc,5,linear,2.5,0.893305952121532,0.8247094796090877,0.7834035161789659,0.9544862743923664,0.946501427620222,0.9021562608096388,1.2280644867629784,1.8824764563625154,2.2525053550505385,0.46036387486532643,0.570944611774543,0.9639911322537865
ochtin,5,linear,2.5,0.8658358932581866,0.7901824564317956,0.7421300864657201,0.9106460229660088,0.8925519539617532,0.8600680399387859,1.5063792975501717,2.2074824900530294,2.6256865174135755,0.8492568122206233,1.0640009553392134,1.313029613684005
ocjeng,5,linear,2.5,0.8474685593966895,0.8109188407245859,0.7686934913794258,0.9204454008714269,0.9073262258599282,0.8457795836431974,1.5572466958690996,1.8661619261288611,2.2074257085133766,0.7385500155095096,0.9087009843999952,1.377044602834238
ockiho,5,linear,2.5,0.8582008578516362,0.8045987382641488,0.7609545165900509,0.9397857516296726,0.9298819669339125,0.8780895045485236,1.4801959212994202,1.9408102414958475,2.295946357083818,0.5744183213423715,0.7137424736494355,1.1387962327285928
ockiho,5,nearest,2.5,0.8567239253891017,0.5980869871562248,0.5990524343212947,0.8711451595874531,0.8191147895989146,0.8970564101465488,0.9631179485667891,2.010988708382908,2.0079366089048,0.9627493757940702,0.8628949415224035,0.8202289053066925
ockoac,5,linear,2.5,0.898313553697448,0.8133458138320847,0.7697081008513186,0.9425982400125819,0.9253693475321275,0.8953632708572792,1.0725038859737612,1.792439519700417,2.1332448421974344,0.5564043760439422,0.7455257182206446,0.996964656591086
ockolr,5,linear,2.5,0.8545112234998855,0.7820543534174975,0.730996471887458,0.9203454665540228,0.9061224081661811,0.8490079850300686,1.474621786258663,2.068947380086848,2.4600693142461276,0.7508287411890711,0.9186699202584317,1.3672773397521223
ockolr,5,nearest,2.5,0.8682698935728606,0.7062044432964708,0.6597019692996116,0.8566308129222451,0.842757075966116,0.8497709530049459,0.8680318240052929,1.5557460336917746,1.715251172594833,0.7363640378443593,0.942158612112428,0.9592342431735099
ocshit,5,linear,2.5,0.8385326855925592,0.783066680683421,0.7287013113377698,0.9028360587536682,0.8755180812142265,0.8304514191397842,1.6911503388408342,2.16970611679207,2.6131558103590904,0.865106831901834,1.170044092048234,1.511940944638733
ocwyit,5,linear,2.5,0.8962071209381327,0.8369365811515845,0.8025056695035662,0.925259675334987,0.9101972293857197,0.8797115326152971,1.1530397211906982,1.6975433470614527,1.9958089994496981,0.7063919603863317,0.900084737337399,1.1568266490266013
odklob,5,linear,2.5,0.847735199028862,0.7686865045101596,0.7124787616189978,0.8883288388016317,0.8654776322065993,0.8387559250397817,1.684738506889974,2.4046624487879305,2.8845775937783236,0.9875709265118308,1.2482954599437395,1.457600726973393
odlorh,5,linear,2.5,0.8498096647665357,0.8125837780528968,0.7675077552843612,0.9345177877685679,0.9215979516439554,0.8540303212641642,1.5729449870786425,1.8972588305209404,2.2724642963628923,0.6269970329736724,0.8018562387181671,1.3359904264290874
odocje,5,linear,2.5,0.8530288307221995,0.8084669420052905,0.7616837052186608,0.9103720679987397,0.8960797774626635,0.8519125945742654,1.5060439870255187,1.882547376694853,2.257814054661122,0.8225921591544801,1.0143368653109088,1.3454702946215735
odolfe,5,linear,2.5,0.8866772775937986,0.845295234364349,0.8118730906856528,0.9391397274439752,0.9209769597355937,0.8849096472250982,1.2135298101774323,1.5821218403958448,1.8657018833425718,0.5981680919058469,0.8103942656554375,1.1005994907782781
odoywu,5,linear,2.5,0.8992354579087278,0.8719625513469347,0.8441749137557445,0.9455192461600931,0.9302671281030179,0.8928355795789104,1.0690224924094185,1.3113876864451561,1.548385275801358,0.5230572534477574,0.7001566544422938,1.0171473848559458
odscix,5,linear,2.5,0.8647928382699298,0.8083936223550353,0.7587042045192276,0.9228592741120066,0.9076245800816682,0.8594325862934143,1.510225516341763,2.035049864620675,2.4723880698941345,0.736027138316084,0.9291288573342861,1.3124458767940004
ofikco,5,linear,2.5,0.8434887969044618,0.8113367773178792,0.7714866703894615,0.9375437013214085,0.9169664822976149,0.8528727635850591,1.5946744173662606,1.8664588836230491,2.1898681067757697,0.607050938775395,0.8453380472190264,1.3511086220949737
ofjeeq,5,linear,2.5,0.8515577036589338,0.79999380314197,0.750049161578727,0.9217578699163572,0.9169998613061425,0.8606652906011795,1.5984878762680301,2.05928202911746,2.4824966086774825,0.7341115961477064,0.8450484885074774,1.3028438179104878
ofodwo,5,linear,2.5,0.8475513944861047,0.8251497380836418,0.7871947493398405,0.9347858140527423,0.9146784626928712,0.8467251347894831,1.5236430947700401,1.709773537427802,2.013895006174889,0.6086613444893664,0.8263521560289114,1.3625817211728353
ogawje,5,linear,2.5,0.8631179303331021,0.8156557233881412,0.7740398640593389,0.9278701905560038,0.9110176511449902,0.8625562764784288,1.4363734874361627,1.8481669651781258,2.1911525021745124,0.6745977794412115,0.877975622017368,1.2767446386466144
ogdygd,5,linear,2.5,0.8679318675414751,0.8378514037751821,0.8056918033392573,0.9396076593830306,0.9233168182245837,0.8666428432617921,1.3431948982066488,1.5972190087599607,1.8581546346651294,0.5855426852786716,0.7590262346294199,1.2076690205618872
oggluv,5,linear,2.5,0.8785317524154084,0.8035248491062998,0.7526435152098604,0.9138406510020013,0.9011631680178814,0.8675565142468183,1.3665935567446779,2.0622449831413125,2.50342737529455,0.8019578140037278,0.9762765654679134,1.2540597371806654
ogijtr,5,linear,2.5,0.8583284922926504,0.8221255443634542,0.785692998062015,0.9329829362241506,0.9094773676762085,0.8569537687137335,1.43213962435263,1.734504426657471,2.025661118517748,0.63414812986442,0.8779691215107139,1.2940735615585504
ogikli,5,linear,2.5,0.8738018772120796,0.8432944758671921,0.8105706661875202,0.9445728952842022,0.9317437451673417,0.8764168773188178,1.3230050996454843,1.5900688882213525,1.8652186427488437,0.5401450338280641,0.6975372675658912,1.145982344890627
ogjoch,5,linear,2.5,0.8479894963959256,0.802452254428622,0.7566744611389691,0.9240790630856893,0.9027134926283128,0.8456949180538138,1.5674661835104295,1.9549859437425579,2.3253961467650637,0.7042252988984417,0.9552760210450991,1.384967398490567
ognoww,5,linear,2.5,0.8829030266344106,0.8505192475269989,0.8194906761485048,0.9538472598642347,0.944767272972078,0.88489068360573,1.2525716323415197,1.5424842667598126,1.8089991604182212,0.4658771099545,0.5892168905020359,1.0685087392583614
ogofvo,5,linear,2.5,0.8605131698124817,0.7750789150444644,0.7182038188034495,0.9315819720787212,0.9240421449931705,0.8630126315976683,1.3893168273642156,2.0694016966914566,2.487051793731309,0.6396482620600785,0.7448090966662062,1.2276538205974297
ogofvo,5,nearest,2.5,0.8554345123404513,0.5789062023394094,0.5429272153413928,0.8505042102762939,0.8206944852711738,0.8726178925418759,1.0297681130773781,2.2452410878485978,2.3658947621792246,1.0570644479044649,1.1420534432429448,0.9733688437748416
ogphag,5,linear,2.5,0.8485561554254978,0.785805161838081,0.7275566372550198,0.9244336496331622,0.904625954425783,0.8558861753838004,1.6648428506238495,2.236475648345895,2.7363908978461122,0.7328298312033857,0.9651291503674032,1.3566115014794415
ogshtc,5,linear,2.5,0.8551524252972913,0.8107643317774242,0.7653346063156429,0.9213568113037339,0.9033359255982879,0.8510900842950176,1.522706396251141,1.9095242549611349,2.2861115779463534,0.7314508097256669,0.9459425574200175,1.3646792949703566
ogurju,5,linear,2.5,0.8752599017163218,0.8288748932530114,0.7891791283176317,0.9449939737669606,0.9234519042502769,0.8780197791340185,1.3485844961184528,1.7656430116190043,2.1048318833868414,0.5409546959922559,0.7825346870836609,1.1503425979547792
oiphye,5,linear,2.5,0.8749866537101985,0.84408005961381,0.8056932787870462,0.9434450101535048,0.9227520425038804,0.8754803826442861,1.3531550157733183,1.634154757617162,1.9686728781528,0.5620223912695043,0.7917733241264343,1.185971397927086
oipial,5,linear,2.5,0.8543939722578403,0.8251079570902994,0.7871521755727088,0.9356982223389804,0.917943393083152,0.8611832085873227,1.469062250382617,1.7141529694151494,2.0191421323216714,0.6071209284788278,0.8233105033393455,1.2555010220220275
oirzgo,5,linear,2.5,0.8716727521961571,0.817969689377879,0.7699807879829733,0.9294888542781842,0.9105120909799528,0.8717070845443073,1.4511234786382825,1.9587106954138702,2.388179277004659,0.6867897941454864,0.9141943367617746,1.2260097640834169
oivnab,5,linear,2.5,0.8302628694794054,0.7727631836018192,0.7105492167752682,0.9140519763305651,0.896363799212057,0.8420242560089245,1.8452630049335366,2.363820981972071,2.8941662121701777,0.8168667038421618,1.0392565160482004,1.4813001803303998
ojachm,5,linear,2.5,0.8553756915200379,0.7985221108823166,0.7481119060534679,0.9231108420927463,0.9028580343866579,0.8539849879445879,1.6036442366320913,2.1283255577736386,2.5688551170395963,0.7389348231292016,0.9803129397622362,1.376858757782763
ojachm,5,nearest,2.5,0.8037145510891899,0.5905047089325317,0.6342285142743138,0.8496427973143283,0.8687211073694827,0.8206065834959144,1.1070073920790215,1.7952252731176876,1.6789128784038279,0.7610906858964966,0.7690072722376018,1.1424735221056141
ojbaso,5,linear,2.5,0.8539915418652723,0.818961975775254,0.7792025990196507,0.9302271643237454,0.9202773563147965,0.8603206170075351,1.5120109252216694,1.8134550501288131,2.1411470195974296,0.6614652942425939,0.8033535883072828,1.2753976122663793
ojfann,5,linear,2.5,0.8442380922781404,0.8094208915129636,0.7601569998363884,0.9295700023058593,0.9112916008153621,0.8543672584048371,1.637740100192702,1.9429310399925364,2.355628087692572,0.681604031678972,0.9042435867143495,1.3574694315478475
ojfequ,5,linear,2.5,0.8569870868370479,0.7730378775881033,0.7110666850053674,0.8995150139372722,0.8773856791660093,0.8469783056345813,1.6116548291236523,2.390755099037302,2.927226725318281,0.9250811406378182,1.1803003200660054,1.4145101015749446
ojfiez,5,linear,2.5,0.8515691763743477,0.782855268014262,0.7279492406810266,0.8892211980993525,0.8684826181553851,0.8547402267278994,1.5941832834768843,2.2007150375788123,2.655763468994159,0.9810386161515438,1.219171883031053,1.3305971851006653
ojpoot,5,linear,2.5,0.8749328124533126,0.838337672146059,0.8014981523295656,0.9471639588000623,0.9333605071288248,0.8787353278595831,1.3596365793392708,1.6928857923197522,2.0138607539108864,0.5303969013716886,0.6977770465287862,1.1599144942773125
ojroig,5,linear,2.5,0.8330968585062397,0.7851092605845887,0.7320994966425948,0.912695065430937,0.8910421779138598,0.8352832125376723,1.7779831534393875,2.2022905608685956,2.648073594209744,0.8276993335443867,1.064375102828603,1.5035595566479416
ojumna,5,linear,2.5,0.8696561404205451,0.8347744150371581,0.7971295020100541,0.9404281338493379,0.9227756356404555,0.8696270134816471,1.372759454217169,1.6789830009627316,1.9951522408691424,0.5741532521019704,0.7818728762562163,1.2161129420019925
ojvigh,5,linear,2.5,0.8493108446848345,0.7861860627157244,0.7298109768594211,0.9316408218865497,0.9181636898129731,0.8619388075014323,1.6858678683447248,2.2730500436261267,2.7679897558788866,0.6731946431886854,0.8441436805632561,1.3036737715171682
ojwyky,5,linear,2.5,0.8508905484043028,0.8180612325079898,0.7740387358639031,0.9396059056007592,0.9211982261031825,0.8583303298066419,1.5707695190657047,1.8595210543195555,2.230485500539159,0.590026277687575,0.8053422910416814,1.3266164203432682
okavka,5,linear,2.5,0.8312854836106194,0.7527186655783629,0.679614404463432,0.8996518826598923,0.8759831219496603,0.8302207999797918,1.8661105614345086,2.5823981380679935,3.205139735465679,0.9301904841650671,1.2095364543522404,1.560752127002647
okblah,5,linear,2.5,0.85074163613829,0.8070678817160339,0.7658107898600206,0.928821816166471,0.91154773731168,0.8524343094315782,1.5258824371755622,1.8940488235469595,2.2254472784264543,0.6671127880957395,0.8812800627180487,1.3347841673893812
okchym,5,linear,2.5,0.874132569238261,0.8366758689364903,0.7991043754585391,0.930838032275508,0.9095564648588146,0.8667017554682331,1.3569514209664268,1.6944911017609856,2.018074889082621,0.6665697838475845,0.9055348429756616,1.260825732326454
okneyd,5,linear,2.5,0.9109744286243733,0.8450030348606027,0.8060788918804309,0.9520289326455951,0.9416345581694521,0.8985119386044277,0.9894342278222366,1.5906150156302594,1.921207451411905,0.4737948205143125,0.6044600749996129,0.9900117076567789
oknsco,5,linear,2.5,0.8750504774499634,0.8469328735948122,0.8149691351275645,0.9421843714362945,0.926497720530335,0.8780747202974166,1.2722395405428875,1.5102865754324817,1.7702245793109062,0.5550312812965171,0.7463709989521231,1.1331438263627853
okquak,5,linear,2.5,0.836938615742164,0.7868379039567747,0.7298405605247303,0.919129631917784,0.905138753382843,0.8434014340157272,1.7774337410868688,2.232324832264585,2.723565706726774,0.771060706371451,0.9503161180308082,1.429348152740775
oksbos,5,linear,2.5,0.8618844712902539,0.7773250175226987,0.7203443653993559,0.9121378204136761,0.8914566868326249,0.8585182048547828,1.5829382594870565,2.383153515560925,2.8871789656653317,0.8267435200891546,1.0731661631851168,1.3251491970491136
oktuls,5,linear,2.5,0.8806090772260751,0.8379039289423026,0.7962591880926524,0.9442763784309345,0.924912342859048,0.8724518121445551,1.3119886772689682,1.7042483055261506,2.067894637060556,0.5510634904651848,0.7600674624514864,1.1995721998224689
okvats,5,linear,2.5,0.9215554269604336,0.8987859885374955,0.8786856889338807,0.9616498801324133,0.94967055975486,0.9183655676016134,0.8600382040346597,1.0706922408922739,1.2497174121417678,0.3945928511210968,0.5347558077174577,0.8003578837862111
oljnek,5,linear,2.5,0.8308253869174882,0.776426832918689,0.7211241222971817,0.9181735465236492,0.9026727983865517,0.8501402921094541,1.7313495561040297,2.18801657398737,2.626882485386833,0.7430449295294016,0.9426433688281848,1.3299179165760189
omcuky,5,linear,2.5,0.8546724077307044,0.818953186767702,0.7787874379713566,0.9290048616813299,0.9112456414432888,0.8526359219679077,1.4826993330738452,1.7844774832378403,2.108998684309309,0.6712085879090718,0.8800102692206209,1.3465668966992086
omdrid,5,linear,2.5,0.8613049041880054,0.7495158487431138,0.687399584304865,0.9276114829399917,0.9144913201881432,0.867523561754926,1.3789858302654114,2.253552696205856,2.695132647317761,0.6575885833550964,0.8323685483715557,1.2077589403813884
omluaj,5,linear,2.5,0.8464368841953166,0.7957329416525223,0.746510470227311,0.9150096194635693,0.8976517778784233,0.8472639564417808,1.6298929969270104,2.075471475380599,2.4859812438565654,0.786845831054887,1.0013683872797945,1.3936840582196626
omwyek,5,linear,2.5,0.8824910270042519,0.8440313447492767,0.8064112470304519,0.9458607318220125,0.937080729038861,0.8794835883301544,1.2607490012567315,1.6049032032946842,1.9257019522613825,0.5250188537781784,0.6590254057899624,1.133425513532236
onanns,5,linear,2.5,0.866236303117325,0.7666742267896676,0.7128291275580814,0.9403805788452079,0.9206983284085026,0.87110835307902,1.1641805816302095,1.8242643029988388,2.1456574484313027,0.532181617813657,0.7095367493882571,1.0812304858970927
oncalk,5,linear,2.5,0.8610237311215371,0.8007740766909943,0.7502778558550286,0.9312778287558573,0.9147980996923142,0.865747428440223,1.4746497587509326,2.000655766686831,2.4156180496518513,0.6581491315071333,0.8500402454348995,1.240249447237003
oncixp,5,linear,2.5,0.8474334142222104,0.8066916791425006,0.7675251737522665,0.9108499892309706,0.8932756438145,0.8359365032513426,1.5281592813868488,1.8637990814145968,2.1718677086357125,0.7902263253771343,1.0084207637032945,1.4409600546256955
onghoj,5,linear,2.5,0.8703266000222226,0.8158525494066502,0.7709654904605524,0.915556046179596,0.9007336199130066,0.8598373160050039,1.383214840449485,1.863013811152068,2.236428465727635,0.7826080612034061,0.9758311079772535,1.2977371544184484
onkawc,5,linear,2.5,0.8795450958124688,0.8468852013750048,0.8120271167420595,0.9430695399633129,0.9202429126008391,0.8755875980124748,1.2714342614380665,1.5591978004765827,1.8531972731689048,0.5611868654433246,0.8198821070339298,1.180058987422928
ononma,5,linear,2.5,0.8412113573278928,0.8076039520813751,0.7611115472968102,0.9220035030003347,0.8996483764341258,0.8444149471172228,1.6235036409429044,1.9085335447154468,2.2857446600369404,0.7203196212896249,0.9718673418119277,1.3944410887720071
onvahe,5,linear,2.5,0.8529560414892549,0.8080732986557655,0.7582328442799118,0.9326065875057326,0.9125581571416594,0.8520798847305067,1.5896823415759678,1.9941276094085925,2.4212507097157947,0.6521334718520955,0.8799406534491945,1.375193766485929
onvahe,5,nearest,2.5,0.840048808545591,0.633065234753037,0.6317150417014185,0.8791309093932489,0.8316865048830282,0.8731103753954627,1.005587941558468,1.8002855553248933,1.8044773215176988,0.9499922443442612,1.126347909209092,0.905070053985149
onwohy,5,linear,2.5,0.8594634527100511,0.7752349858050318,0.7342960129021637,0.8872894236984833,0.8551779486581099,0.8482629713537192,1.5330647515553957,2.2840192449921393,2.626467013016947,1.0030987513829799,1.345448479315292,1.3986392608088065
onyacj,5,linear,2.5,0.8482786828237605,0.8003373203094631,0.7486636698444755,0.9297975686486597,0.9085675368251955,0.8550242213379708,1.6243238070399542,2.050649287631261,2.4868397350157077,0.6797415733855066,0.9024545847297754,1.3466369410408767
onyenr,5,linear,2.5,0.8975277683340445,0.8704474777616137,0.8430390702262645,0.9563346980421525,0.9445914652597115,0.9033014076113551,1.115064701925496,1.3631688692464352,1.60467047955979,0.44433919716706605,0.5954001586680499,0.9462279633094292
oocsod,5,linear,2.5,0.8707190841079727,0.8242080137709191,0.783057692751188,0.9360576160970969,0.9210334620866654,0.8632052191525884,1.3796337275390003,1.7914652529961812,2.1375605751183175,0.6042619900104632,0.7860073755112826,1.259756587112407
oogchy,5,linear,2.5,0.8489333091995219,0.7922850040189198,0.734935895248312,0.910792959212901,0.891636824205433,0.8468856783285784,1.6329417756832219,2.140183705625089,2.6247706354078506,0.8316301680590679,1.0415855418330184,1.4152212501889867
ootquo,5,linear,2.5,0.9161755628584477,0.8863461247812214,0.8590256552990563,0.9609146319116794,0.9579954503560593,0.9269155034554034,0.9343720766050235,1.214337263954771,1.4593913167669454,0.4070069556897563,0.4651052558314035,0.7459973703530183
ootyec,5,linear,2.5,0.8339820527028365,0.7944659341440933,0.7402371542989128,0.9245316778679501,0.9043531731868923,0.8476133364740558,1.7491061318824146,2.0954177133686063,2.5484488332232087,0.717487523444,0.9533101568211194,1.4036084654867218
oowfmu,5,linear,2.5,0.9229595439674722,0.8274523993889306,0.7919090342760302,0.953036076912216,0.953737400587672,0.9093673065354777,0.7448918254633782,1.4546238391833652,1.691907083872253,0.44172107320752624,0.45535382009277525,0.8165096815682636
opgove,5,linear,2.5,0.8875741991206703,0.8460420577023242,0.8095969100680297,0.9512983233862611,0.9456439076884817,0.8933573289824699,1.2620442532441305,1.6533684853835129,1.9807270247550033,0.5041513231635503,0.589877585182967,1.0367058778975329
ophgir,5,linear,2.5,0.8584432309573566,0.807250345445322,0.7554215789127177,0.9285467665022749,0.9093137735900199,0.8654893169579703,1.5807880515268058,2.058599847894875,2.517366382997356,0.6989339766715225,0.9246123873627853,1.280623299539349
ophugb,5,linear,2.5,0.8270513205782488,0.7779657804925489,0.7179167791905645,0.904685068525496,0.8908961217959045,0.8367137794550759,1.8769883560542588,2.3205969428726685,2.836023405956715,0.8726192824782035,1.0817367547578456,1.4927455450184899
opjerm,5,linear,2.5,0.8693269866627705,0.8194595294183249,0.7705935101834303,0.9343376496827157,0.9143778951248248,0.8676038093682943,1.475459234680817,1.9470682353578834,2.385396280307962,0.6465515077280561,0.877360323072501,1.258778927347488
opmisa,5,linear,2.5,0.8518455922014494,0.8183562066981721,0.7784592952952041,0.9330202298288421,0.9153768171373363,0.8587924089508405,1.5163145157185287,1.8007232727839988,2.1253901332156455,0.628327617991046,0.8375032194341676,1.2869627944020365
opnown,5,linear,2.5,0.9065110332731874,0.8834876753382166,0.8618882828443059,0.9618737927803381,0.9463947097238072,0.9077098933040392,0.9835069077168276,1.1866251813755366,1.370365055436634,0.3926173770932057,0.5645542096217658,0.9012913566797677
oquiat,5,linear,2.5,0.8415453889749632,0.789250961708025,0.7340136033012509,0.9235589794107624,0.907758797227055,0.8431790021706959,1.69231521131067,2.155023288565732,2.617872043435568,0.7252662709563781,0.9314386036359253,1.431029118397202
orkbat,5,linear,2.5,0.85472655389387,0.8127128418121287,0.7625941318105312,0.9295896450049034,0.906050894408606,0.8560438528649839,1.56514592439948,1.9427592908392335,2.371398127040347,0.6717616441458241,0.9352256584314199,1.3268781127408662
orocdu,5,linear,2.5,0.8917697544376447,0.8240722423645706,0.7797495509725056,0.9416125803973309,0.9256465393692124,0.8753986218500127,1.1487409176065035,1.734463674379506,2.0919050707758147,0.5545597142378762,0.7355061509366944,1.1538496518985315
orptme,5,linear,2.5,0.8530964947414973,0.7782464783516737,0.7219454474975573,0.9300237934212914,0.9227807746347665,0.8738655578628622,1.598242280221613,2.267146878865786,2.7383743810326675,0.6682669855231647,0.791521958551986,1.1830125973372188
orrrar,5,linear,2.5,0.8555458261100449,0.8095791635562994,0.764497331896035,0.9258533474049395,0.9090857780093762,0.8548787022875509,1.5166871198411578,1.916291328342813,2.288819834668557,0.7016674971023029,0.9131274315139934,1.341863674003533
orsyal,5,linear,2.5,0.871802657929204,0.8364546701188921,0.7995752238778926,0.9429932987250375,0.9209403232371864,0.863632314459392,1.3273488417268526,1.631256476095011,1.9342231721943426,0.5576065513957886,0.7905343647441809,1.2371181053128477
osacmu,5,linear,2.5,0.8977982253701386,0.8196845785271735,0.7727782381693034,0.9542145822188114,0.9392939927338683,0.890502164095907,1.0796311510345074,1.745870051582621,2.115310770505377,0.4627096040689204,0.646486266333088,1.05074965869252
osckro,5,linear,2.5,0.8328137792552917,0.7881034025625617,0.7316723245016787,0.920352389569485,0.9042693526999857,0.8470461063836745,1.7714485818436232,2.1648927879632844,2.636968121617244,0.7392735807835391,0.9577015825178846,1.4139894990547694
oshyon,5,linear,2.5,0.8434566625503473,0.8072624127374405,0.7578673015809116,0.9301195317521471,0.9065460047560064,0.8445295703706892,1.63457549066868,1.9489606655637426,2.358616225103306,0.6771045930942335,0.9452503579166741,1.420814246806865
osocce,5,linear,2.5,0.8428604566863633,0.8023401409730788,0.7528498979076576,0.9285117873214929,0.9133254584440612,0.8458693904096795,1.6525318516737624,2.006669387510817,2.4190288203650803,0.6804199016581575,0.873372246879158,1.4042150949643395
otasfi,5,linear,2.5,0.8536621896193739,0.816987650904869,0.772381074362239,0.9325502180718548,0.929338457382124,0.8674017841833048,1.5642282746544363,1.891752241749089,2.2726994971840955,0.6428556332822337,0.7308306134500572,1.2333986474548493
otfaho,5,linear,2.5,0.9083942895368654,0.8669530073959261,0.8389735738885562,0.9534539432779664,0.9388467315284605,0.9017927389642105,0.9974952910632695,1.3728106722132412,1.6135601096883803,0.45772382054837796,0.634971351336198,0.9543231531972924
otmego,5,linear,2.5,0.9444678011632482,0.9283410047929085,0.915418008923631,0.9729289294327463,0.9636323810545768,0.9368872495534009,0.6228636959897829,0.7765174826378121,0.8954904335409245,0.29013571064381777,0.39632626869379584,0.6430847988380384
otscok,5,linear,2.5,0.8351562557502465,0.7975544893991771,0.7470631020546141,0.9286274857286638,0.9021773010600697,0.8418275943834017,1.7211407959229599,2.047458066476479,2.465949424945678,0.6845155943571182,0.9790877785802168,1.4476588605984333
otswra,5,linear,2.5,0.8652014772225785,0.8074675758537742,0.7632374144445031,0.9422466702954148,0.931862378259257,0.8652200250937283,1.3822590873244056,1.8662402111851384,2.2154863692295725,0.5545257407190084,0.6932787236886563,1.218338226500697
otvasd,5,linear,2.5,0.850103080155559,0.811102678416606,0.7660047433304635,0.9263032275767387,0.9079803796767945,0.8562064789868754,1.5432630223663277,1.875766201931538,2.2424252075964506,0.6926288004600771,0.911321759594919,1.3256323201177516
ouvdan,5,linear,2.5,0.8844499237303849,0.8415251649560096,0.8041645395854458,0.9388557652119152,0.9229791878888771,0.8832739041819488,1.249003111305545,1.6353550424202052,1.9550878569783132,0.5869373303972376,0.7897856658012666,1.1233414896408618
ovkojy,5,linear,2.5,0.8461098576074063,0.8095250658219078,0.7597207296925526,0.9338704124520935,0.9110315200806292,0.8511610024427025,1.6160419106460255,1.9359288277737248,2.3514888913469614,0.6322248261389106,0.8929777020791589,1.3703645957822097
ovnacg,5,linear,2.5,0.8474617608001025,0.7863877852499811,0.730693074786807,0.8937729360469658,0.8676088082713174,0.8408455525488994,1.6622603122477768,2.2132793672887776,2.6873701335316738,0.9689543930544581,1.2536454972916855,1.461390553671171
ovyijn,5,linear,2.5,0.8681647834011441,0.8343885452479887,0.7987748843582659,0.9378361363479027,0.9166371703750735,0.8663651590752073,1.3564100427987265,1.6449395972451342,1.93622322939775,0.6046431742421648,0.844898459543847,1.2471854300145018
owbsus,5,linear,2.5,0.839857322687069,0.7922395223425679,0.7344288114395426,0.9181322170762365,0.8988838977230651,0.8589084323604863,1.7206358751185375,2.146078643456388,2.6359712951306915,0.7840872023091207,0.9952862679206007,1.3275287253488537
owgves,5,linear,2.5,0.8674819499712539,0.8280157276597299,0.7876397785142829,0.9373382624171777,0.922317042392998,0.8694222112528113,1.3996684592839503,1.7463750316039612,2.0846423372357945,0.5992163820435878,0.7891710192490698,1.2177064759875653
owhagm,5,linear,2.5,0.9056931456426426,0.857991172465711,0.8277681406173354,0.9608178820771961,0.9457643717460267,0.9043263416962062,1.0468856074377146,1.4872452654236363,1.7516223813350675,0.4106298807951269,0.5800458860645192,0.9334977220091404
owufre,5,linear,2.5,0.8713904800235317,0.8070437985873694,0.7633064810938056,0.9009113856874305,0.8829620919706557,0.8644073301977174,1.4005012855998542,1.9782241546779413,2.3481162896049574,0.9013285409023072,1.1304895813378657,1.2735829279963877
oxdogh,5,linear,2.5,0.8373391341585904,0.7886309785238748,0.7372016711446834,0.9240864407320873,0.9138263398045546,0.8498421332908316,1.7165917892427982,2.1422361850463854,2.5692744910558267,0.7356749081358285,0.875800480953144,1.3804374208763943
oyclsd,5,linear,2.5,0.9189085614044223,0.873908679582362,0.8487334728117576,0.9473065940828895,0.9349931406459686,0.9172094715896333,0.8769400796624044,1.2788773820598796,1.491459146139917,0.5085036310663593,0.6561079748133841,0.8099397202518129
oydtes,5,linear,2.5,0.8448842170757794,0.815207417340668,0.7719363913924117,0.9378286341371106,0.9196224893376687,0.8514941617024552,1.6140451701386032,1.8717027886047861,2.2324754145183925,0.5846902605843423,0.801713944361167,1.341815575180171
oygmeb,5,linear,2.5,0.8772299322146595,0.8080370099772359,0.7593956432823957,0.9310273330766469,0.9167179942297331,0.8801931192275915,1.4125338273640955,2.074118353838115,2.5113804139358815,0.6783151887911286,0.8506971906938166,1.1575433209663464
oygvar,5,linear,2.5,0.9287729328780707,0.8935311041706288,0.8673358129300979,0.9461064473134857,0.9349641771250784,0.9188500918963464,0.8099518923800011,1.146077436647636,1.38322780293997,0.5229996107343706,0.6751853864166549,0.8155701785311199
ubgiho,5,linear,2.5,0.8506003114737078,0.7735254908906413,0.713713471922829,0.9172503213913683,0.9073308038051475,0.862590247124174,1.6780185316124616,2.3933431194909622,2.913650581304685,0.7808110462671234,0.9316382699397212,1.2822282925774922
ubjajo,5,linear,2.5,0.8508331512850678,0.8118784653191271,0.7654908458056673,0.93520634676592,0.9142090734377135,0.8560475580736392,1.5808505896010188,1.9247477616521453,2.3156243276396005,0.6307813706919402,0.872486758042949,1.3328698489599626
ubjaju,5,linear,2.5,0.8679272061992296,0.8417560544905869,0.8124480846157103,0.9383872036114881,0.920496781821453,0.8584362120011172,1.3084954047648547,1.5231979859809264,1.7548381116530574,0.5802653112357148,0.7741264097866956,1.2537316773501552
ubnank,5,linear,2.5,0.862041023268106,0.8142253057733878,0.7723139497678869,0.9254487878634468,0.9095493663327028,0.8636565759945373,1.476677184531586,1.9015318464486333,2.2556897663066917,0.7048877967964212,0.8942408321020201,1.2682239737099332
ubzach,5,linear,2.5,0.860778953733831,0.82749398174863,0.7921835052687651,0.9354546731038159,0.9161084902289849,0.8574759660397957,1.3833966203501438,1.6561582344499475,1.9332488145574078,0.6034112571521455,0.814639578634388,1.2607366805243252
ucbiya,5,linear,2.5,0.847037043698253,0.7907804607960867,0.7332770645730189,0.9159424327945865,0.895146967813281,0.8423475248266615,1.6809401278848302,2.1949420143924847,2.691566504025967,0.801718141427109,1.034454335686846,1.4499470516129365
ucdewy,5,linear,2.5,0.9426820199578528,0.9093132165863607,0.8956322803852618,0.9741253448582551,0.9681160725294563,0.9425967007983006,0.6107051304454952,0.903916243773472,1.018021543563232,0.26602111720422617,0.33919402464285636,0.5651424880593301
ucdewy,5,nearest,2.5,0.8608371357833735,0.5854192425029506,0.562749389733528,0.8836908610238936,0.872786714607337,0.8843169295570578,0.9995308154214345,2.2225855536127463,2.3003606355472934,0.9050283043261875,0.9530023493874459,0.815859739813705
ucgewf,5,linear,2.5,0.8432467752711501,0.7994772895757173,0.7471151251952111,0.922871179179374,0.9038815156082927,0.8501345295510236,1.6811085730755537,2.072073129811456,2.5172079280270183,0.7359314203252882,0.9681049710167724,1.39022072138035
uchjaf,5,linear,2.5,0.8559935217192262,0.8190977817278493,0.7723203422787276,0.9361806611405343,0.9134337180867904,0.8541468127507152,1.5595427298080042,1.8941711983047198,2.2994982658442793,0.6270212668977143,0.8824410725628082,1.359180243581709
ucovla,5,linear,2.5,0.848452201097856,0.7934180322039126,0.7393240661180913,0.9085996072090907,0.8903772517798112,0.8417910834825746,1.6453398110701585,2.141175069412451,2.6022782554516093,0.8425864907609284,1.0740692397073768,1.4602763701428552
ucvepn,5,linear,2.5,0.8451150271277956,0.7945886710652778,0.7395720244962586,0.9158742646096338,0.8920483863613644,0.8465864740421583,1.7095903785009783,2.175093519907471,2.6562125396879717,0.7860591319762025,1.0602285640672826,1.398802750712688
udguic,5,linear,2.5,0.8515107212290122,0.8053897489729283,0.7576813540649103,0.9252434598448098,0.9052083773996027,0.8443884416476455,1.5747257860360915,1.9805687643564291,2.3796555916862734,0.706520900479592,0.9345134149847684,1.408672899754199
udthon,5,linear,2.5,0.8718628134221785,0.8391230161062179,0.7981205903628001,0.9463361225489448,0.924542176958372,0.8724913074976766,1.3757506754809812,1.6702415480747421,2.0230015617521713,0.5336929535135599,0.7760800301312142,1.2045941330263221
udtiog,5,linear,2.5,0.8554628954727543,0.8134601556515106,0.7646143530723003,0.9270723213549543,0.9058150480551447,0.8521346154441067,1.5624462701643957,1.9414754693546579,2.3611884449796627,0.7066482702576806,0.9480918445608748,1.374770373078491
udveoy,5,linear,2.5,0.8620494766502851,0.825945450923685,0.7853026928927398,0.9377694746936299,0.9192369760413186,0.8651345504615137,1.4459206735705148,1.7608992007156214,2.0998249802927895,0.6005871239149354,0.8224008394810601,1.2567552510149884
udwadl,5,linear,2.5,0.8928610313734099,0.8566313772164138,0.8253776581398456,0.9477593569017839,0.9348478203747106,0.889481389312226,1.1501030107597066,1.4746741704332418,1.7420535298338953,0.513679423298636,0.6790256583950217,1.063737590666607
udwebi,5,linear,2.5,0.9354828094501885,0.9156400397469824,0.90782337871415,0.9678528124340766,0.9551258781566495,0.9270857222864477,0.6617002058208695,0.8313035757798857,0.8959942629173818,0.31625915988163766,0.4476312648171637,0.6918365044322149
udwiul,5,linear,2.5,0.8550625136115007,0.8162455656268363,0.7736709473241701,0.9342228527521412,0.9125510720760692,0.8550089325574111,1.5080153942913634,1.8431923584648247,2.194126052509788,0.6188250530127541,0.8690237137026846,1.3154763900349542
ufdoyn,5,linear,2.5,0.845070758004332,0.7747913822671724,0.7144603599149635,0.9032756409425139,0.8832234967841553,0.8416478408319097,1.666489858134127,2.2878013411343026,2.7878456486899004,0.8618585324720316,1.1190032216608408,1.4291434820938305
ugatna,5,linear,2.5,0.8232977157743235,0.7701467082655709,0.7051454811003612,0.9143383802866891,0.9001170153779823,0.836003985197077,1.9156313803615164,2.394410899427529,2.9487464123301734,0.8093162790121136,0.9965463023666236,1.491631254055694
ugdifb,5,linear,2.5,0.8914441731314029,0.8637221064847838,0.8324632559372448,0.9509334936874515,0.9447715482956682,0.8967036399109272,1.1563740316275994,1.4039939354308615,1.6719124564521863,0.482975752666882,0.5792049008735648,0.9811703080944758
uggdye,5,linear,2.5,0.8522727428637384,0.8178048167604185,0.7759671139350695,0.9329406498573444,0.9224849488228491,0.8654395929472196,1.5484429383271405,1.8495052558443899,2.1995526830982364,0.6446783254129173,0.7941092184320918,1.254384840918402
uggdye,5,nearest,2.5,0.8331615601193947,0.6338427866573562,0.6134078075990607,0.8785982042310638,0.8671367966446202,0.8927732699659248,1.037807974396268,1.7978664560912352,1.860204393229082,0.9955966305363122,1.0066005758186736,0.8476933341597471
ugifma,5,linear,2.5,0.8456089028616043,0.7979363183252143,0.7476027383231263,0.9058657105771156,0.8855838525625152,0.8471105919154404,1.5939684272580046,1.9998014534760775,2.4061126309790573,0.8499966607369083,1.1091399303442377,1.4074508363310865
ugthfu,5,linear,2.5,0.8985065655716641,0.8605463910345926,0.8295307422515865,0.9498270713365955,0.939544812658854,0.8936293639991476,1.1039306189657216,1.448736753737263,1.7172980231440855,0.4963484414878958,0.6417979836073053,1.010819766795389
ujhuki,5,linear,2.5,0.8609708746655145,0.8192569081723359,0.7720451049384808,0.936121166042577,0.9150117921227205,0.8654648601070187,1.5093519791989025,1.8876947440979228,2.295441173792559,0.6316136365546496,0.8687129312528595,1.275776581563912
ujkiwe,5,linear,2.5,0.864454242603823,0.8262197636352381,0.7864607060031359,0.934060433762211,0.9180563480759526,0.8603070800883938,1.4218899386565989,1.7553233749015338,2.0863989000132706,0.6306913535511233,0.8293031950861749,1.2999585529969473
ujnaww,5,linear,2.5,0.8657892947659963,0.8196168145216662,0.7756632290978758,0.9425547767159758,0.9302945512163694,0.8803931697176846,1.448569992439505,1.8632522119470687,2.2384429250103675,0.5770758253881307,0.7357908672197955,1.1417269374076198
ujnaww,5,nearest,2.5,0.8127406979904774,0.6740137027805916,0.6510611183472682,0.8544333350721177,1.0,0.8401165026000418,0.9925017662892034,1.4274489813560831,1.486171857312573,0.8897670982342958,0.0,1.0052687551891484
ujtosh,5,linear,2.5,0.8927260258198079,0.8313636987579878,0.7929635951580674,0.9501423948668254,0.9384900811410587,0.8926215678794839,1.1352821304253582,1.6663934932341646,1.9779980437274418,0.48958287427189484,0.6381420130989923,1.0188517411453322
ujtrud,5,linear,2.5,0.8578550153462976,0.8096974862558627,0.7630892215378675,0.9353258981709975,0.9173077461883462,0.8598830432012698,1.5193375132208822,1.9465222260451598,2.3390623634640852,0.625243290572554,0.8423766293995127,1.314477781201313
ukgoaf,5,linear,2.5,0.8446005285797966,0.8007518791121936,0.746575959593845,0.9265723223061851,0.9148748513535679,0.8569164865468475,1.7404840757498174,2.1529808184560353,2.6387345211770827,0.71524995277366,0.8760478010734377,1.3537378064527879
uklsdr,5,linear,2.5,0.8465310156454852,0.8051605506328351,0.7502435529890586,0.9327766777997097,0.9136682809031211,0.8529157530567535,1.694459709214566,2.077549800842459,2.561991082301573,0.667650577981755,0.8866322482543609,1.3743827398541835
uljior,5,linear,2.5,0.9038157732567126,0.8682314130703075,0.8378102010895028,0.9544727156744562,0.9376846571385955,0.9026943528143552,1.0682780576155873,1.3999943121959075,1.6706526875238745,0.46385004131717017,0.6562012411101236,0.963458939441068
umhenw,5,linear,2.5,0.8704857234981186,0.8160436632454593,0.7707101179979915,0.9100153817699705,0.8945127160542438,0.8593892252822204,1.4069946759901302,1.8972225408582737,2.2831727701057347,0.8316594790676729,1.0397419768433245,1.3183414167739995
umsmth,5,linear,2.5,0.8539295300426798,0.8168419317801666,0.7700005330256375,0.9394845216002373,0.9178892137416197,0.8554945870702961,1.5505152785086587,1.8788922943361404,2.2747996728072164,0.5865531520626116,0.8340799620677486,1.324859796500469
umvohu,5,linear,2.5,0.8510909527242146,0.8107850339723124,0.7595380283886963,0.9292713393361337,0.9102119644222493,0.8569080157314739,1.594274626484319,1.9541998257248723,2.3899158416998456,0.6840466308948727,0.906963013677431,1.3320543370965165
unquek,5,linear,2.5,0.8618047349147712,0.8189567711954611,0.7723789831792611,0.9306422295767816,0.9116338687009327,0.8619674567591611,1.5220092286006035,1.9171011506866473,2.326257163879915,0.6728186272067275,0.9012707315253584,1.298137033560146
unwrai,5,linear,2.5,0.8689573564617501,0.6927621949576643,0.6198410838839995,0.8912032448853459,0.8764727035005964,0.8556515657976141,1.346546582380103,2.733386036714102,3.239107679106255,0.931462926856847,1.1332552462461476,1.303816621480887
upchim,5,linear,2.5,0.8535266898099715,0.8245746494206162,0.7905011885444412,0.9344028879996082,0.9206176593134615,0.860384525759589,1.4661457540523266,1.7061848111353146,1.9780102027221163,0.6279256093665222,0.7969107848954623,1.2683087443132974
upchim,5,nearest,2.5,0.8463209730682487,0.6565795061175373,0.6350654589475224,0.84166317482527,0.885039855579774,0.864339111837761,0.975802652808203,1.725452026614272,1.794054907480643,1.0396105798501705,0.9123950637147042,1.0027961157999676
upsjav,5,linear,2.5,0.8651196868151573,0.8446350498409104,0.8146105925109697,0.9608060942255059,0.9458232830211452,0.8843951956652333,1.3799540210882382,1.5552945232439492,1.804062640902124,0.40797723400476554,0.5747647188248495,1.0946176563800178
upsjav,5,nearest,2.5,0.8189915669784555,0.6295847447470033,0.6169699348390557,0.856817639752276,0.8412844926635894,0.8695463766045463,1.0442950243533822,1.6918209136392308,1.7262141109396263,0.9944765344555898,1.0767985265442275,0.9500418079485836
upthin,5,linear,2.5,0.9285846930279671,0.9044708110151175,0.8850728880344407,0.9638305365215092,0.9507650336736413,0.9121105601653596,0.77828189284943,0.99921946497544,1.169736103522519,0.369122681513426,0.5247288113382225,0.8519012604353754
urfhod,5,linear,2.5,0.8126037960167309,0.7543452320964577,0.688050465308685,0.88378776929963,0.8643070538229939,0.8136474386258763,1.909520494052084,2.3951129651279124,2.9155130891969847,1.012035261639338,1.2631797356839636,1.6418403671612576
usadri,5,linear,2.5,0.913203567600332,0.8783751887378166,0.8509309994835604,0.9534277096963732,0.9371682752671756,0.9009372244755636,0.983462204532175,1.3156066090988194,1.5654624300383435,0.47933981125309016,0.6683210634013343,0.9699957917343712
usbekh,5,linear,2.5,0.8485481976524475,0.7977974957314885,0.7389629326639575,0.917048491158387,0.9013955583496838,0.8564581177917864,1.6424880761747085,2.1001591959670405,2.6019016844750062,0.7877308655782317,0.9820250657889174,1.3467374386526418
ushfeo,5,linear,2.5,0.8387401759966953,0.7875059070932983,0.7289389593638557,0.9160403695414834,0.8947307844783899,0.8466644025167968,1.756863620390084,2.2214664601411536,2.7248282524424874,0.7903920175301018,1.0418696084537398,1.410858609462187
uthiss,5,linear,2.5,0.8436372374992465,0.7491313600616669,0.6818084696420559,0.8800881697672269,0.8540193524670227,0.8282235319777812,1.7466459623120936,2.611361319104015,3.1838133700262095,1.0788986159657072,1.3712562303786993,1.5632229488593212
uthomo,5,linear,2.5,0.8690200119737606,0.839051075206275,0.8027427577756809,0.9430615686569815,0.9252560023879276,0.8714208843295485,1.3574555037946516,1.6163454577709906,1.9172046788888248,0.5612536003919226,0.769803845599111,1.1964240660687437
uthsyi,5,linear,2.5,0.8690076263730484,0.7762548951135546,0.7208429311717868,0.9056134598496174,0.881094056413678,0.871931415719866,1.478570806221313,2.3356750102287243,2.8115333633349895,0.8837032104701221,1.1546735739793548,1.224212024009162
utjanr,5,linear,2.5,0.8562476355284312,0.8038763357320311,0.7518141487375454,0.9246210486008443,0.9113522373946539,0.8545263305124722,1.5650132301717543,2.038900636854466,2.4848575896058254,0.721830838397919,0.9037170648203595,1.3504842348551311
utkibe,5,linear,2.5,0.8733102047401,0.8118790794099497,0.7600607743219626,0.9187735914884607,0.8975348874656682,0.872368154144334,1.4527978376994433,2.040622952501835,2.5079976223697353,0.7789058806280299,1.0257236306669126,1.2254931995845815
utlurv,5,linear,2.5,0.8516713017299722,0.8235276936023079,0.7833405716222631,0.9363610364953642,0.9211272149687593,0.855585337615792,1.5237706391534347,1.7646312516730647,2.095104485878862,0.6167670160677163,0.7994572344845001,1.3241691340888273
utthwa,5,linear,2.5,0.9267925876620771,0.8346586217514997,0.7971034128271155,0.9550052963595584,0.9512558637352483,0.9207451080429334,0.8444808072072273,1.7009938615661153,2.0211573222307884,0.45236622944232924,0.5128108793180381,0.7921925922660435
uttorh,5,linear,2.5,0.8617965819423302,0.8225083489954075,0.7782039514853643,0.9352278126453192,0.9151870432243295,0.8703501135452694,1.5093359211284652,1.8687085615039618,2.2556596725861935,0.6391054028470484,0.8702834004586815,1.2417290125092468
utvoho,5,linear,2.5,0.8853941808621608,0.8634684980781465,0.8437964770412181,0.954240492325881,0.9554282087474335,0.893108873045217,1.1235779936264494,1.3016933813776876,1.4564532339406493,0.43743323545138735,0.4586480704501428,0.9524426124817903
utwoab,5,linear,2.5,0.8503964995027031,0.818817193328231,0.775152045592581,0.9304004230935365,0.9124030452795461,0.8575577214062048,1.5318895524347287,1.8005420885738654,2.1562164582562473,0.6652319375078023,0.8812671770436893,1.3152691546100879
uvburk,5,linear,2.5,0.9372925985653986,0.9044800415132255,0.8855779240249396,0.9659202148604668,0.9540265726382147,0.94050037220498,0.7400160826622919,1.0668559022319406,1.2464876653773138,0.3664326357726273,0.5103048362079948,0.6354159540480055
uvigch,5,linear,2.5,0.8481768482299543,0.8014215536525964,0.7522206487187262,0.9308068613454933,0.9182232692538312,0.8636182931069929,1.6095223376458552,2.020675931348669,2.431831243818387,0.6668235915298815,0.8344209437579175,1.2797670132618648
uvjeah,5,linear,2.5,0.8365144172851251,0.7511595502869093,0.6826956969740406,0.900387357162908,0.8797920046774059,0.8474631971323432,1.8228133188578355,2.6058562438287076,3.192099097652367,0.9303532844011082,1.1822388543331086,1.4279423099893664
uvjova,5,linear,2.5,0.8949491356316971,0.8612592346609795,0.8359129916054929,0.9400208551515175,0.9255590875828277,0.8923560079121101,1.1174599112866161,1.4164793849560835,1.6321902524900298,0.5865876776779251,0.7671358129657201,1.0357670898951143
uvjova,5,nearest,2.5,0.823466120810998,0.5880462687926469,0.6319471678577517,0.9474606144058417,0.8750864136374504,0.8754075530734322,1.0255032129497594,1.8014224409365112,1.6852709282079235,0.40216645778200044,0.8662187367702348,0.8921944197064937
uvreoi,5,linear,2.5,0.8461613174288131,0.7481263332296789,0.6856067910990458,0.9044620287596541,0.8914143882858655,0.8555702710866335,1.7177029935104087,2.6124993106561663,3.1428062030845427,0.8807346124095524,1.0773880021830258,1.3590925399063383
