user_id,method,sample_interval_min,interpolation_method,codebook_size,tolerance_km,num_points,predictability,entropy_rate_bits,actual_distortion_km,reconstruction_rmse_km
abboip,direct_ctw,30,linear,,10.0,1007.0,0.8266367507742705,1.1520331124918286,4.462922482181061,4.587563206937016
abboip,direct_ctw,30,nearest,,10.0,114.0,0.8179282960766622,1.0246187503016753,4.241277720884006,4.412563396111438
abboip,markov_order_1,30,linear,,10.0,1007.0,0.7841960513318327,1.3582695595059542,4.462922482181061,4.587563206937016
abboip,markov_order_1,30,nearest,,10.0,114.0,0.6173791408132081,1.6583933776505553,4.241277720884006,4.412563396111438
abboip,markov_order_2,30,linear,,10.0,1007.0,0.7908579118369383,1.326975740098026,4.462922482181061,4.587563206937016
abboip,markov_order_2,30,nearest,,10.0,114.0,0.6753512647636649,1.5074296900238333,4.241277720884006,4.412563396111438
abboip,vq_ctw,30,linear,256.0,10.0,1007.0,1.0,0.0,5.477731141959463,5.477731141959463
abboip,vq_ctw,30,nearest,256.0,10.0,114.0,1.0,0.0,7.89848934707143,7.89848934707143
abboip,vq_ctw,30,linear,512.0,10.0,1007.0,1.0,0.0,5.7350132038759325,5.7350132038759325
abboip,vq_ctw,30,nearest,512.0,10.0,114.0,1.0,0.0,7.909620880455918,7.909620880455918
abboip,vq_ctw,30,linear,1024.0,10.0,1007.0,1.0,0.0,5.49201729566361,5.49201729566361
abboip,vq_ctw,30,nearest,1024.0,10.0,114.0,1.0,0.0,7.242116837976491,7.242116837976491
abcoij,direct_ctw,30,linear,,10.0,574.0,0.9799860288903296,0.17324037276329743,5.163456206064291,5.240247877438817
abcoij,markov_order_1,30,linear,,10.0,574.0,0.9755089170930243,0.20478083215197784,5.163456206064291,5.240247877438817
abcoij,markov_order_2,30,linear,,10.0,574.0,0.9772204310274452,0.19287950999391024,5.163456206064291,5.240247877438817
abcoij,vq_ctw,30,linear,256.0,10.0,574.0,1.0,0.0,4.776319635747678,4.776319635747678
abcoij,vq_ctw,30,linear,512.0,10.0,574.0,1.0,0.0,5.243340685195198,5.243340685195198
abcoij,vq_ctw,30,linear,1024.0,10.0,574.0,1.0,0.0,4.562283171113047,4.562283171113047
abdrem,direct_ctw,30,linear,,10.0,1003.0,0.7848626195913071,1.6117380960741026,4.198810436669403,4.372635243814736
abdrem,direct_ctw,30,nearest,,10.0,139.0,0.8044626150515354,1.0635727428030386,4.159246780512494,4.319334055936183
abdrem,markov_order_1,30,linear,,10.0,1003.0,0.7155517294591173,1.9992343994295296,4.198810436669403,4.372635243814736
abdrem,markov_order_1,30,nearest,,10.0,139.0,0.6086650808940968,1.7215310520148108,4.159246780512494,4.319334055936183
abdrem,markov_order_2,30,linear,,10.0,1003.0,0.6935835483014436,2.1146592746034965,4.198810436669403,4.372635243814736
abdrem,markov_order_2,30,nearest,,10.0,139.0,0.6391329847431719,1.6073122177596664,4.159246780512494,4.319334055936183
abdrem,vq_ctw,30,linear,256.0,10.0,1003.0,1.0,0.0,8.943795821034517,8.943795821034517
abdrem,vq_ctw,30,nearest,256.0,10.0,139.0,1.0,0.0,8.83646335828869,8.83646335828869
abdrem,vq_ctw,30,linear,512.0,10.0,1003.0,1.0,0.0,8.227747340070547,8.227747340070547
abdrem,vq_ctw,30,nearest,512.0,10.0,139.0,1.0,0.0,9.275871659776689,9.275871659776689
abdrem,vq_ctw,30,linear,1024.0,10.0,1003.0,1.0,0.0,8.51004286326048,8.51004286326048
abdrem,vq_ctw,30,nearest,1024.0,10.0,139.0,1.0,0.0,8.726340545130073,8.726340545130073
abgibo,direct_ctw,30,linear,,10.0,1007.0,0.7940679012093399,1.4718936517304373,4.305275452519697,4.481241814546662
abgibo,direct_ctw,30,nearest,,10.0,36.0,0.819671284232115,1.0414530568751108,4.064605691831833,4.303184595414284
abgibo,markov_order_1,30,linear,,10.0,1007.0,0.7414130387182641,1.7516311424101112,4.305275452519697,4.481241814546662
abgibo,markov_order_1,30,nearest,,10.0,36.0,0.6473901993592116,1.6415968583776264,4.064605691831833,4.303184595414284
abgibo,markov_order_2,30,linear,,10.0,1007.0,0.7242722765072421,1.8380375696515732,4.305275452519697,4.481241814546662
abgibo,markov_order_2,30,nearest,,10.0,36.0,0.6518728649240675,1.628638567302429,4.064605691831833,4.303184595414284
abgibo,vq_ctw,30,linear,256.0,10.0,1007.0,1.0,0.0,7.032028367086768,7.032028367086768
abgibo,vq_ctw,30,nearest,256.0,10.0,36.0,1.0,0.0,7.4930158521157955,7.4930158521157955
abgibo,vq_ctw,30,linear,512.0,10.0,1007.0,1.0,0.0,6.839159832741789,6.839159832741789
abgibo,vq_ctw,30,nearest,512.0,10.0,36.0,1.0,0.0,8.224919023665937,8.224919023665937
abgibo,vq_ctw,30,linear,1024.0,10.0,1007.0,1.0,0.0,6.850489576971195,6.850489576971195
abgibo,vq_ctw,30,nearest,1024.0,10.0,36.0,1.0,0.0,7.933165816200039,7.933165816200039
abjool,direct_ctw,30,linear,,10.0,1007.0,0.9512767466940273,0.42711823255055786,4.723452505043112,4.816681847498002
abjool,direct_ctw,30,nearest,,10.0,37.0,0.8225043201230535,1.0295591247936673,4.228212099732213,4.463405674625797
abjool,markov_order_1,30,linear,,10.0,1007.0,0.9241169797888391,0.6151530251448055,4.723452505043112,4.816681847498002
abjool,markov_order_1,30,nearest,,10.0,37.0,0.6417362591016066,1.6577600009457978,4.228212099732213,4.463405674625797
abjool,markov_order_2,30,linear,,10.0,1007.0,0.9243040018764686,0.6139171547227545,4.723452505043112,4.816681847498002
abjool,markov_order_2,30,nearest,,10.0,37.0,0.6564868164711296,1.6151673372859672,4.228212099732213,4.463405674625797
abjool,vq_ctw,30,linear,256.0,10.0,1007.0,1.0,0.0,4.918661127899256,4.918661127899256
abjool,vq_ctw,30,nearest,256.0,10.0,37.0,1.0,0.0,8.426993150703975,8.426993150703975
abjool,vq_ctw,30,linear,512.0,10.0,1007.0,1.0,0.0,4.868800543497035,4.868800543497035
abjool,vq_ctw,30,nearest,512.0,10.0,37.0,1.0,0.0,9.326742584182213,9.326742584182213
abjool,vq_ctw,30,linear,1024.0,10.0,1007.0,1.0,0.0,4.740787726861446,4.740787726861446
abjool,vq_ctw,30,nearest,1024.0,10.0,37.0,1.0,0.0,9.010482339491052,9.010482339491052
abmuya,direct_ctw,30,linear,,10.0,993.0,0.8187365367187331,1.3099018009076286,4.547300744088048,4.686585795900325
abmuya,markov_order_1,30,linear,,10.0,993.0,0.7732902979181736,1.556518042530621,4.547300744088048,4.686585795900325
abmuya,markov_order_2,30,linear,,10.0,993.0,0.7639338900911932,1.605091489675445,4.547300744088048,4.686585795900325
abmuya,vq_ctw,30,linear,256.0,10.0,993.0,1.0,0.0,6.251382198083908,6.251382198083908
abmuya,vq_ctw,30,linear,512.0,10.0,993.0,1.0,0.0,6.439652471953849,6.439652471953849
abmuya,vq_ctw,30,linear,1024.0,10.0,993.0,1.0,0.0,6.038237837414394,6.038237837414394
abniar,direct_ctw,30,linear,,10.0,1007.0,0.8136469211888746,1.4218408272177383,4.4355122731686345,4.597911189649654
abniar,direct_ctw,30,nearest,,10.0,344.0,0.8242244788497086,1.0003348886212182,4.339774790092003,4.510179994487339
abniar,markov_order_1,30,linear,,10.0,1007.0,0.7593772635440743,1.7361610418077402,4.4355122731686345,4.597911189649654
abniar,markov_order_1,30,nearest,,10.0,344.0,0.6684959492861743,1.5561899810533364,4.339774790092003,4.510179994487339
abniar,markov_order_2,30,linear,,10.0,1007.0,0.7378390523367461,1.8542239365502629,4.4355122731686345,4.597911189649654
abniar,markov_order_2,30,nearest,,10.0,344.0,0.6882984413545694,1.5127610442280457,4.339774790092003,4.510179994487339
abniar,vq_ctw,30,linear,256.0,10.0,1007.0,1.0,0.0,7.454054288690493,7.454054288690493
abniar,vq_ctw,30,nearest,256.0,10.0,344.0,0.9999999999998057,0.01921710625780091,8.63479517918662,8.63479517918662
abniar,vq_ctw,30,linear,512.0,10.0,1007.0,1.0,0.0,7.27121486774028,7.27121486774028
abniar,vq_ctw,30,nearest,512.0,10.0,344.0,1.0,0.0,8.537332654666255,8.537332654666255
abniar,vq_ctw,30,linear,1024.0,10.0,1007.0,1.0,0.0,7.217166049790782,7.217166049790782
abniar,vq_ctw,30,nearest,1024.0,10.0,344.0,1.0,0.0,7.830882112512078,7.830882112512078
abnovk,direct_ctw,30,linear,,10.0,995.0,0.8389088797841894,1.1720466005234988,4.340473179634613,4.503076458642708
abnovk,direct_ctw,30,nearest,,10.0,144.0,0.8333451648423258,1.0094957527829325,4.054266055306421,4.2648378400339935
abnovk,markov_order_1,30,linear,,10.0,995.0,0.7925970749341619,1.4254667138417598,4.340473179634613,4.503076458642708
abnovk,markov_order_1,30,nearest,,10.0,144.0,0.6728371371141374,1.6136358650359117,4.054266055306421,4.2648378400339935
abnovk,markov_order_2,30,linear,,10.0,995.0,0.7887614440399966,1.4455628275068741,4.340473179634613,4.503076458642708
abnovk,markov_order_2,30,nearest,,10.0,144.0,0.6484973517052783,1.6978099289644208,4.054266055306421,4.2648378400339935
abnovk,vq_ctw,30,linear,256.0,10.0,995.0,1.0,0.0,6.338499301548362,6.338499301548362
abnovk,vq_ctw,30,nearest,256.0,10.0,144.0,1.0,0.0,8.528249508659838,8.528249508659838
abnovk,vq_ctw,30,linear,512.0,10.0,995.0,1.0,0.0,6.0704708496021,6.0704708496021
abnovk,vq_ctw,30,nearest,512.0,10.0,144.0,1.0,0.0,9.895956616126673,9.895956616126673
abnovk,vq_ctw,30,linear,1024.0,10.0,995.0,1.0,0.0,5.93354796341087,5.93354796341087
abnovk,vq_ctw,30,nearest,1024.0,10.0,144.0,1.0,0.0,9.455281577929577,9.455281577929577
abtyff,direct_ctw,30,linear,,10.0,1007.0,0.8104605910187432,1.2691251711656042,4.658686227567764,4.795846242984961
abtyff,direct_ctw,30,nearest,,10.0,122.0,0.816062701114663,1.052737066431649,4.026421975087965,4.153423465742208
abtyff,markov_order_1,30,linear,,10.0,1007.0,0.7663509953703527,1.4852653170029477,4.658686227567764,4.795846242984961
abtyff,markov_order_1,30,nearest,,10.0,122.0,0.6590003043163792,1.5879907439633303,4.026421975087965,4.153423465742208
abtyff,markov_order_2,30,linear,,10.0,1007.0,0.7619157526345808,1.5060926509635968,4.658686227567764,4.795846242984961
abtyff,markov_order_2,30,nearest,,10.0,122.0,0.6598156050353008,1.5936825081460575,4.026421975087965,4.153423465742208
abtyff,vq_ctw,30,linear,256.0,10.0,1007.0,1.0,0.0,5.4886988144991875,5.4886988144991875
abtyff,vq_ctw,30,nearest,256.0,10.0,122.0,1.0,0.0,7.957192604594131,7.957192604594131
abtyff,vq_ctw,30,linear,512.0,10.0,1007.0,1.0,0.0,5.882403071975269,5.882403071975269
abtyff,vq_ctw,30,nearest,512.0,10.0,122.0,1.0,0.0,7.864570186582889,7.864570186582889
abtyff,vq_ctw,30,linear,1024.0,10.0,1007.0,1.0,0.0,5.239860734617713,5.239860734617713
abtyff,vq_ctw,30,nearest,1024.0,10.0,122.0,1.0,0.0,7.227039170524194,7.227039170524194
abwecn,direct_ctw,30,linear,,10.0,1007.0,0.8498519674460392,1.1484856985284626,3.9821932201197754,4.147993966357971
abwecn,direct_ctw,30,nearest,,10.0,219.0,0.818704907753299,1.0407063127588092,4.1778825802945265,4.33502879909238
abwecn,markov_order_1,30,linear,,10.0,1007.0,0.8118758737685441,1.3719486801368646,3.9821932201197754,4.147993966357971
abwecn,markov_order_1,30,nearest,,10.0,219.0,0.6848205594803638,1.5162798756906843,4.1778825802945265,4.33502879909238
abwecn,markov_order_2,30,linear,,10.0,1007.0,0.8003002040780662,1.4372435601335365,3.9821932201197754,4.147993966357971
abwecn,markov_order_2,30,nearest,,10.0,219.0,0.6868929842320576,1.5126261244435908,4.1778825802945265,4.33502879909238
abwecn,vq_ctw,30,linear,256.0,10.0,1007.0,1.0,0.0,7.828485537695258,7.828485537695258
abwecn,vq_ctw,30,nearest,256.0,10.0,219.0,1.0,0.0,8.676525300439156,8.676525300439156
abwecn,vq_ctw,30,linear,512.0,10.0,1007.0,1.0,0.0,7.846669052866938,7.846669052866938
abwecn,vq_ctw,30,nearest,512.0,10.0,219.0,1.0,0.0,8.95592437079168,8.95592437079168
abwecn,vq_ctw,30,linear,1024.0,10.0,1007.0,1.0,0.0,7.57887689065511,7.57887689065511
abwecn,vq_ctw,30,nearest,1024.0,10.0,219.0,1.0,0.0,8.381822448653617,8.381822448653617
abyalw,direct_ctw,30,linear,,10.0,1007.0,0.8481373226088493,1.0070414188494559,4.589554961600728,4.698473449852334
abyalw,direct_ctw,30,nearest,,10.0,349.0,0.8221575184199249,1.0265219088980213,4.22087133388649,4.3514779680797835
abyalw,markov_order_1,30,linear,,10.0,1007.0,0.8153430708910551,1.1674906223252843,4.589554961600728,4.698473449852334
abyalw,markov_order_1,30,nearest,,10.0,349.0,0.6854204415821332,1.5249284035773512,4.22087133388649,4.3514779680797835
abyalw,markov_order_2,30,linear,,10.0,1007.0,0.8209832070563554,1.1406731210598025,4.589554961600728,4.698473449852334
abyalw,markov_order_2,30,nearest,,10.0,349.0,0.6859966916324289,1.5227318166264403,4.22087133388649,4.3514779680797835
abyalw,vq_ctw,30,linear,256.0,10.0,1007.0,1.0,0.0,5.011588911840987,5.011588911840987
abyalw,vq_ctw,30,nearest,256.0,10.0,349.0,1.0,0.0,8.140985587313454,8.140985587313454
abyalw,vq_ctw,30,linear,512.0,10.0,1007.0,1.0,0.0,5.570879293445724,5.570879293445724
abyalw,vq_ctw,30,nearest,512.0,10.0,349.0,1.0,0.0,7.573660651908468,7.573660651908468
abyalw,vq_ctw,30,linear,1024.0,10.0,1007.0,1.0,0.0,5.003658089004469,5.003658089004469
abyalw,vq_ctw,30,nearest,1024.0,10.0,349.0,1.0,0.0,7.010677698759702,7.010677698759702
acdiyi,direct_ctw,30,linear,,10.0,1007.0,0.8572651659480601,1.0851379248307504,4.2538611745583275,4.467302135674836
acdiyi,markov_order_1,30,linear,,10.0,1007.0,0.8099227792693623,1.3591921191329195,4.2538611745583275,4.467302135674836
acdiyi,markov_order_2,30,linear,,10.0,1007.0,0.802497096504644,1.4001534904583373,4.2538611745583275,4.467302135674836
acdiyi,vq_ctw,30,linear,256.0,10.0,1007.0,1.0,0.0,9.42821120089029,9.42821120089029
acdiyi,vq_ctw,30,linear,512.0,10.0,1007.0,1.0,0.0,9.778637875461854,9.778637875461854
acdiyi,vq_ctw,30,linear,1024.0,10.0,1007.0,1.0,0.0,9.628117279475557,9.628117279475557
acduou,direct_ctw,30,linear,,10.0,1007.0,0.830892649071095,1.2406740130850888,4.528102340272581,4.689178381571342
acduou,direct_ctw,30,nearest,,10.0,104.0,0.8093427264443321,0.9913085589600239,4.369191810268855,4.519024063563228
acduou,markov_order_1,30,linear,,10.0,1007.0,0.7840232325537504,1.4999097138559552,4.528102340272581,4.689178381571342
acduou,markov_order_1,30,nearest,,10.0,104.0,0.676625647749667,1.4944411437700904,4.369191810268855,4.519024063563228
acduou,markov_order_2,30,linear,,10.0,1007.0,0.7785728859884216,1.528776782514966,4.528102340272581,4.689178381571342
acduou,markov_order_2,30,nearest,,10.0,104.0,0.7018728190334953,1.3633273518295692,4.369191810268855,4.519024063563228
acduou,vq_ctw,30,linear,256.0,10.0,1007.0,1.0,0.0,6.774966127937355,6.774966127937355
acduou,vq_ctw,30,nearest,256.0,10.0,104.0,1.0,0.0,7.481579841316661,7.481579841316661
acduou,vq_ctw,30,linear,512.0,10.0,1007.0,1.0,0.0,6.518850712715963,6.518850712715963
acduou,vq_ctw,30,nearest,512.0,10.0,104.0,1.0,0.0,7.1213227451096195,7.1213227451096195
acduou,vq_ctw,30,linear,1024.0,10.0,1007.0,1.0,0.0,6.419438069133746,6.419438069133746
acduou,vq_ctw,30,nearest,1024.0,10.0,104.0,1.0,0.0,6.563573781770715,6.563573781770715
acgerl,direct_ctw,30,linear,,10.0,686.0,0.8525111269839043,1.071049033540619,4.466232502934455,4.590036870004572
acgerl,direct_ctw,30,nearest,,10.0,40.0,0.8503222118590472,0.8462670630255056,4.544941745159946,4.699585208096663
acgerl,markov_order_1,30,linear,,10.0,686.0,0.8131135055148767,1.2873287908250008,4.466232502934455,4.590036870004572
acgerl,markov_order_1,30,nearest,,10.0,40.0,0.770672945770825,1.1403111435415711,4.544941745159946,4.699585208096663
acgerl,markov_order_2,30,linear,,10.0,686.0,0.8055130264250039,1.3272731769457384,4.466232502934455,4.590036870004572
acgerl,markov_order_2,30,nearest,,10.0,40.0,0.7863144976430434,1.087152142302532,4.544941745159946,4.699585208096663
acgerl,vq_ctw,30,linear,256.0,10.0,686.0,1.0,0.0,6.127240753961886,6.127240753961886
acgerl,vq_ctw,30,nearest,256.0,10.0,40.0,1.0,0.0,7.129960073677618,7.129960073677618
acgerl,vq_ctw,30,linear,512.0,10.0,686.0,1.0,0.0,6.386557294105513,6.386557294105513
acgerl,vq_ctw,30,nearest,512.0,10.0,40.0,1.0,0.0,6.372243827708182,6.372243827708182
acgerl,vq_ctw,30,linear,1024.0,10.0,686.0,1.0,0.0,6.088673849332507,6.088673849332507
acgerl,vq_ctw,30,nearest,1024.0,10.0,40.0,1.0,0.0,5.609185983347537,5.609185983347537
acitva,direct_ctw,30,linear,,10.0,1007.0,0.8226973325065869,1.3302384242873595,4.116049288018238,4.321982305167293
acitva,markov_order_1,30,linear,,10.0,1007.0,0.7704095011571601,1.626882568568047,4.116049288018238,4.321982305167293
acitva,markov_order_2,30,linear,,10.0,1007.0,0.7525202486717214,1.7230430349782657,4.116049288018238,4.321982305167293
acitva,vq_ctw,30,linear,256.0,10.0,1007.0,1.0,0.0,9.098354969570776,9.098354969570776
acitva,vq_ctw,30,linear,512.0,10.0,1007.0,1.0,0.0,7.745143830211827,7.745143830211827
acitva,vq_ctw,30,linear,1024.0,10.0,1007.0,1.0,0.0,8.358868378590634,8.358868378590634
ackgri,direct_ctw,30,linear,,10.0,591.0,0.837280648235954,1.2916530051641522,4.094738068366483,4.289798127149907
ackgri,direct_ctw,30,nearest,,10.0,66.0,0.8259940679411404,1.0059354640520233,3.980027193629531,4.1513699368026735
ackgri,markov_order_1,30,linear,,10.0,591.0,0.7546860722063138,1.7850217497526837,4.094738068366483,4.289798127149907
ackgri,markov_order_1,30,nearest,,10.0,66.0,0.6436525077730804,1.6434316796461843,3.980027193629531,4.1513699368026735
ackgri,markov_order_2,30,linear,,10.0,591.0,0.7320223817946406,1.9104581260477653,4.094738068366483,4.289798127149907
ackgri,markov_order_2,30,nearest,,10.0,66.0,0.6761470067427696,1.5512206117744936,3.980027193629531,4.1513699368026735
ackgri,vq_ctw,30,linear,256.0,10.0,591.0,1.0,0.0,10.267689768688726,10.267689768688726
ackgri,vq_ctw,30,nearest,256.0,10.0,66.0,1.0,0.0,9.810603755486024,9.810603755486024
ackgri,vq_ctw,30,linear,512.0,10.0,591.0,1.0,0.0,9.190187009396759,9.190187009396759
ackgri,vq_ctw,30,nearest,512.0,10.0,66.0,1.0,0.0,10.29814621736509,10.29814621736509
ackgri,vq_ctw,30,linear,1024.0,10.0,591.0,1.0,0.0,9.581046488094195,9.581046488094195
ackgri,vq_ctw,30,nearest,1024.0,10.0,66.0,1.0,0.0,9.72749351399353,9.72749351399353
acpegh,direct_ctw,30,linear,,10.0,1007.0,0.8046773506788032,1.3613219722910317,4.4529969241094385,4.601472173113085
acpegh,direct_ctw,30,nearest,,10.0,149.0,0.8200784666381544,1.0555287408251552,4.168899937589529,4.319076798498489
acpegh,markov_order_1,30,linear,,10.0,1007.0,0.7621005180985081,1.5818146799047588,4.4529969241094385,4.601472173113085
acpegh,markov_order_1,30,nearest,,10.0,149.0,0.6438553338268264,1.6773907873123342,4.168899937589529,4.319076798498489
acpegh,markov_order_2,30,linear,,10.0,1007.0,0.7551764677331801,1.616256218683547,4.4529969241094385,4.601472173113085
acpegh,markov_order_2,30,nearest,,10.0,149.0,0.64556208590404,1.6763123896633239,4.168899937589529,4.319076798498489
acpegh,vq_ctw,30,linear,256.0,10.0,1007.0,1.0,0.0,6.257720708471483,6.257720708471483
acpegh,vq_ctw,30,nearest,256.0,10.0,149.0,1.0,0.0,8.193205494901258,8.193205494901258
acpegh,vq_ctw,30,linear,512.0,10.0,1007.0,1.0,0.0,6.4405930319802005,6.4405930319802005
acpegh,vq_ctw,30,nearest,512.0,10.0,149.0,1.0,0.0,8.228776725205242,8.228776725205242
acpegh,vq_ctw,30,linear,1024.0,10.0,1007.0,1.0,0.0,6.165877699857566,6.165877699857566
acpegh,vq_ctw,30,nearest,1024.0,10.0,149.0,1.0,0.0,7.567293601112128,7.567293601112128
acvebr,direct_ctw,30,linear,,10.0,994.0,0.8264028131664256,1.2425452061799815,4.314622649207147,4.477907588608138
acvebr,direct_ctw,30,nearest,,10.0,238.0,0.8142184532082716,1.065151878262876,4.375176624729682,4.520795620066563
acvebr,markov_order_1,30,linear,,10.0,994.0,0.7805063732079207,1.488383847422824,4.314622649207147,4.477907588608138
acvebr,markov_order_1,30,nearest,,10.0,238.0,0.6365838639981789,1.6734128691188774,4.375176624729682,4.520795620066563
acvebr,markov_order_2,30,linear,,10.0,994.0,0.7775997930433638,1.503323551740877,4.314622649207147,4.477907588608138
acvebr,markov_order_2,30,nearest,,10.0,238.0,0.655445692779434,1.6265944889830777,4.375176624729682,4.520795620066563
acvebr,vq_ctw,30,linear,256.0,10.0,994.0,1.0,0.0,6.414966468440939,6.414966468440939
acvebr,vq_ctw,30,nearest,256.0,10.0,238.0,1.0,0.0,8.064281549798178,8.064281549798178
acvebr,vq_ctw,30,linear,512.0,10.0,994.0,1.0,0.0,6.282553532786359,6.282553532786359
acvebr,vq_ctw,30,nearest,512.0,10.0,238.0,1.0,0.0,7.556700098798464,7.556700098798464
acvebr,vq_ctw,30,linear,1024.0,10.0,994.0,1.0,0.0,6.111138550258456,6.111138550258456
acvebr,vq_ctw,30,nearest,1024.0,10.0,238.0,1.0,0.0,7.003194809489332,7.003194809489332
adkavy,direct_ctw,30,linear,,10.0,1007.0,0.843994946916831,1.2873642881642742,3.681634110876801,3.936559064002205
adkavy,direct_ctw,30,nearest,,10.0,32.0,0.8453232587773897,0.9307746328223092,3.1888381521822025,3.4109545467137936
adkavy,markov_order_1,30,linear,,10.0,1007.0,0.7868825291219483,1.6527071341636457,3.681634110876801,3.936559064002205
adkavy,markov_order_1,30,nearest,,10.0,32.0,0.6839236525698612,1.5322161800253506,3.1888381521822025,3.4109545467137936
adkavy,markov_order_2,30,linear,,10.0,1007.0,0.7580402687594257,1.8261114831493819,3.681634110876801,3.936559064002205
adkavy,markov_order_2,30,nearest,,10.0,32.0,0.7001515860898142,1.4808023505228163,3.1888381521822025,3.4109545467137936
adkavy,vq_ctw,30,linear,256.0,10.0,1007.0,1.0,0.0,10.476741871731267,10.476741871731267
adkavy,vq_ctw,30,nearest,256.0,10.0,32.0,1.0,0.0,11.004263788440085,11.004263788440085
adkavy,vq_ctw,30,linear,512.0,10.0,1007.0,1.0,0.0,9.827169350646658,9.827169350646658
adkavy,vq_ctw,30,nearest,512.0,10.0,32.0,1.0,0.0,13.396985389605263,13.396985389605263
adkavy,vq_ctw,30,linear,1024.0,10.0,1007.0,1.0,0.0,10.192436309495694,10.192436309495694
adkavy,vq_ctw,30,nearest,1024.0,10.0,32.0,1.0,0.0,12.813517832451545,12.813517832451545
adners,direct_ctw,30,linear,,10.0,1007.0,0.7896329160715714,1.4699343634484199,4.339868001400382,4.518673232376918
adners,direct_ctw,30,nearest,,10.0,39.0,0.8243515327333504,1.0783074938344754,4.22408183309896,4.345194050747326
adners,markov_order_1,30,linear,,10.0,1007.0,0.7315290208784889,1.7680190147749948,4.339868001400382,4.518673232376918
adners,markov_order_1,30,nearest,,10.0,39.0,0.628555706643708,1.814241548093192,4.22408183309896,4.345194050747326
adners,markov_order_2,30,linear,,10.0,1007.0,0.7193126329798522,1.827404459038063,4.339868001400382,4.518673232376918
adners,markov_order_2,30,nearest,,10.0,39.0,0.6350229871456604,1.7941874646176075,4.22408183309896,4.345194050747326
adners,vq_ctw,30,linear,256.0,10.0,1007.0,1.0,0.0,6.952703227420188,6.952703227420188
adners,vq_ctw,30,nearest,256.0,10.0,39.0,0.9999999999980904,0.1738327868027775,8.032348260856173,8.032348260856173
adners,vq_ctw,30,linear,512.0,10.0,1007.0,1.0,0.0,6.755875988046821,6.755875988046821
adners,vq_ctw,30,nearest,512.0,10.0,39.0,1.0,0.0,9.069753900720011,9.069753900720011
adners,vq_ctw,30,linear,1024.0,10.0,1007.0,1.0,0.0,6.528867871211739,6.528867871211739
adners,vq_ctw,30,nearest,1024.0,10.0,39.0,1.0,0.0,8.411944151903835,8.411944151903835
adpaif,direct_ctw,30,linear,,10.0,991.0,0.8095408166694318,1.3351227601684057,4.612699926077066,4.780365974010844
adpaif,direct_ctw,30,nearest,,10.0,114.0,0.8148539093441339,1.0718178602465818,4.416059536934831,4.595858919587281
adpaif,markov_order_1,30,linear,,10.0,991.0,0.7589622939989844,1.5974716212164808,4.612699926077066,4.780365974010844
adpaif,markov_order_1,30,nearest,,10.0,114.0,0.5981803974665764,1.79062039988167,4.416059536934831,4.595858919587281
adpaif,markov_order_2,30,linear,,10.0,991.0,0.750901774299062,1.6373321093265292,4.612699926077066,4.780365974010844
adpaif,markov_order_2,30,nearest,,10.0,114.0,0.6485488184626722,1.661428815770169,4.416059536934831,4.595858919587281
adpaif,vq_ctw,30,linear,256.0,10.0,991.0,1.0,0.0,6.413264504902351,6.413264504902351
adpaif,vq_ctw,30,nearest,256.0,10.0,114.0,1.0,0.0,8.37993720428438,8.37993720428438
adpaif,vq_ctw,30,linear,512.0,10.0,991.0,1.0,0.0,6.5880034657870485,6.5880034657870485
adpaif,vq_ctw,30,nearest,512.0,10.0,114.0,1.0,0.0,8.679879872431158,8.679879872431158
adpaif,vq_ctw,30,linear,1024.0,10.0,991.0,1.0,0.0,6.285553895309745,6.285553895309745
adpaif,vq_ctw,30,nearest,1024.0,10.0,114.0,1.0,0.0,8.067676796713364,8.067676796713364
aducri,direct_ctw,30,linear,,10.0,1007.0,0.8364274664193183,1.3376323615799517,3.888076648222127,4.152683536549285
aducri,direct_ctw,30,nearest,,10.0,108.0,0.801720139527353,1.0867573578189322,4.025185672997947,4.208803417825242
aducri,markov_order_1,30,linear,,10.0,1007.0,0.7690344295691907,1.7608157171199166,3.888076648222127,4.152683536549285
aducri,markov_order_1,30,nearest,,10.0,108.0,0.6098546218911696,1.7001267970253342,4.025185672997947,4.208803417825242
aducri,markov_order_2,30,linear,,10.0,1007.0,0.7416656781274183,1.9216078984721903,3.888076648222127,4.152683536549285
aducri,markov_order_2,30,nearest,,10.0,108.0,0.6389577252764915,1.6228846542414124,4.025185672997947,4.208803417825242
aducri,vq_ctw,30,linear,256.0,10.0,1007.0,1.0,0.0,9.056969961398133,9.056969961398133
aducri,vq_ctw,30,nearest,256.0,10.0,108.0,1.0,0.0,9.007335847002494,9.007335847002494
aducri,vq_ctw,30,linear,512.0,10.0,1007.0,1.0,0.0,8.63021500809173,8.63021500809173
aducri,vq_ctw,30,nearest,512.0,10.0,108.0,1.0,0.0,8.83192643444757,8.83192643444757
aducri,vq_ctw,30,linear,1024.0,10.0,1007.0,1.0,0.0,8.637275405260349,8.637275405260349
aducri,vq_ctw,30,nearest,1024.0,10.0,108.0,1.0,0.0,8.327340128408055,8.327340128408055
afmorc,direct_ctw,30,linear,,10.0,1007.0,0.8386256556252696,1.2519967127977218,4.432904534460646,4.592794525098647
afmorc,direct_ctw,30,nearest,,10.0,40.0,0.8053136757219622,1.1005452381760974,4.230191650221629,4.445771387349745
afmorc,markov_order_1,30,linear,,10.0,1007.0,0.7943761357740665,1.5159172506102736,4.432904534460646,4.592794525098647
afmorc,markov_order_1,30,nearest,,10.0,40.0,0.5586866512311379,1.872666114773455,4.230191650221629,4.445771387349745
afmorc,markov_order_2,30,linear,,10.0,1007.0,0.7757538165891615,1.6216302733677528,4.432904534460646,4.592794525098647
afmorc,markov_order_2,30,nearest,,10.0,40.0,0.6154885183784663,1.7301890813794898,4.230191650221629,4.445771387349745
afmorc,vq_ctw,30,linear,256.0,10.0,1007.0,1.0,0.0,7.499709123692895,7.499709123692895
afmorc,vq_ctw,30,nearest,256.0,10.0,40.0,1.0,0.0,8.524333455717098,8.524333455717098
afmorc,vq_ctw,30,linear,512.0,10.0,1007.0,1.0,0.0,7.36015597530616,7.36015597530616
afmorc,vq_ctw,30,nearest,512.0,10.0,40.0,1.0,0.0,8.967403470283669,8.967403470283669
afmorc,vq_ctw,30,linear,1024.0,10.0,1007.0,1.0,0.0,7.207074255672841,7.207074255672841
afmorc,vq_ctw,30,nearest,1024.0,10.0,40.0,1.0,0.0,8.079337038352456,8.079337038352456
afpans,direct_ctw,30,linear,,10.0,1007.0,0.7855571468820672,1.247810588722275,4.5363142231265865,4.646987783494499
afpans,direct_ctw,30,nearest,,10.0,76.0,0.8280748981197764,0.9741086641607277,4.273029203176768,4.402032793536351
afpans,markov_order_1,30,linear,,10.0,1007.0,0.7485231364839396,1.3975217121630767,4.5363142231265865,4.646987783494499
afpans,markov_order_1,30,nearest,,10.0,76.0,0.689764883806917,1.4519001216798124,4.273029203176768,4.402032793536351
afpans,markov_order_2,30,linear,,10.0,1007.0,0.7569996934611798,1.3642234236644504,4.5363142231265865,4.646987783494499
afpans,markov_order_2,30,nearest,,10.0,76.0,0.6917275634964182,1.449212266613544,4.273029203176768,4.402032793536351
afpans,vq_ctw,30,linear,256.0,10.0,1007.0,1.0,0.0,5.192320399459005,5.192320399459005
afpans,vq_ctw,30,nearest,256.0,10.0,76.0,1.0,0.0,8.310398847010875,8.310398847010875
afpans,vq_ctw,30,linear,512.0,10.0,1007.0,1.0,0.0,5.697436958171772,5.697436958171772
afpans,vq_ctw,30,nearest,512.0,10.0,76.0,1.0,0.0,7.087351360043686,7.087351360043686
afpans,vq_ctw,30,linear,1024.0,10.0,1007.0,1.0,0.0,5.144690937642848,5.144690937642848
afpans,vq_ctw,30,nearest,1024.0,10.0,76.0,1.0,0.0,6.554952291598327,6.554952291598327
afsfat,direct_ctw,30,linear,,10.0,1002.0,0.8267884931695165,1.3059576203299217,4.16042034332187,4.373719254329475
afsfat,markov_order_1,30,linear,,10.0,1002.0,0.7743368771911234,1.6054269847903837,4.16042034332187,4.373719254329475
afsfat,markov_order_2,30,linear,,10.0,1002.0,0.756628819828107,1.7011820130053548,4.16042034332187,4.373719254329475
afsfat,vq_ctw,30,linear,256.0,10.0,1002.0,1.0,0.0,7.27814651623662,7.27814651623662
afsfat,vq_ctw,30,linear,512.0,10.0,1002.0,1.0,0.0,6.800421304834598,6.800421304834598
afsfat,vq_ctw,30,linear,1024.0,10.0,1002.0,1.0,0.0,6.655832716349286,6.655832716349286
afweka,direct_ctw,30,linear,,10.0,1007.0,0.8276244766014129,1.3009754604113768,4.5392137909617505,4.6834654238781015
afweka,direct_ctw,30,nearest,,10.0,145.0,0.8180502157013699,1.010347075250382,4.221227912984194,4.369250454686838
afweka,markov_order_1,30,linear,,10.0,1007.0,0.7754408895847467,1.5993728090716013,4.5392137909617505,4.6834654238781015
afweka,markov_order_1,30,nearest,,10.0,145.0,0.6487886415863774,1.572243887643631,4.221227912984194,4.369250454686838
afweka,markov_order_2,30,linear,,10.0,1007.0,0.765429602469718,1.6539074581565105,4.5392137909617505,4.6834654238781015
afweka,markov_order_2,30,nearest,,10.0,145.0,0.6731807059930096,1.501858037909659,4.221227912984194,4.369250454686838
afweka,vq_ctw,30,linear,256.0,10.0,1007.0,1.0,0.0,6.88005998111239,6.88005998111239
afweka,vq_ctw,30,nearest,256.0,10.0,145.0,1.0,0.0,8.201656498068425,8.201656498068425
afweka,vq_ctw,30,linear,512.0,10.0,1007.0,1.0,0.0,6.938051107356936,6.938051107356936
afweka,vq_ctw,30,nearest,512.0,10.0,145.0,1.0,0.0,7.718921217811311,7.718921217811311
afweka,vq_ctw,30,linear,1024.0,10.0,1007.0,1.0,0.0,6.637641460901231,6.637641460901231
afweka,vq_ctw,30,nearest,1024.0,10.0,145.0,1.0,0.0,7.024309215471922,7.024309215471922
agcowk,direct_ctw,30,linear,,10.0,1007.0,0.8538998392752744,1.0631208399427896,4.467707643200398,4.592265750679127
agcowk,direct_ctw,30,nearest,,10.0,37.0,0.8391247237443661,0.9581499400559703,4.433038559062926,4.561597030576083
agcowk,markov_order_1,30,linear,,10.0,1007.0,0.8155047962784976,1.274648712359907,4.467707643200398,4.592265750679127
agcowk,markov_order_1,30,nearest,,10.0,37.0,0.7146622859868584,1.4332976945322493,4.433038559062926,4.561597030576083
agcowk,markov_order_2,30,linear,,10.0,1007.0,0.8146741300000104,1.2790595978670427,4.467707643200398,4.592265750679127
agcowk,markov_order_2,30,nearest,,10.0,37.0,0.7039040300292541,1.4686580973812664,4.433038559062926,4.561597030576083
agcowk,vq_ctw,30,linear,256.0,10.0,1007.0,1.0,0.0,5.5994100758079535,5.5994100758079535
agcowk,vq_ctw,30,nearest,256.0,10.0,37.0,1.0,0.0,7.770303449044402,7.770303449044402
agcowk,vq_ctw,30,linear,512.0,10.0,1007.0,1.0,0.0,5.803034694710564,5.803034694710564
agcowk,vq_ctw,30,nearest,512.0,10.0,37.0,1.0,0.0,7.18062071603625,7.18062071603625
agcowk,vq_ctw,30,linear,1024.0,10.0,1007.0,1.0,0.0,5.412874881456936,5.412874881456936
agcowk,vq_ctw,30,nearest,1024.0,10.0,37.0,1.0,0.0,6.713275009395647,6.713275009395647
agdrea,direct_ctw,30,linear,,10.0,1007.0,0.8016874821908792,1.5117903364000453,3.965218013941718,4.183541884490627
agdrea,direct_ctw,30,nearest,,10.0,35.0,0.8032787157565808,1.1087645659901293,3.7535191318120926,3.977366834803064
agdrea,markov_order_1,30,linear,,10.0,1007.0,0.7306869761955501,1.9177292357294695,3.965218013941718,4.183541884490627
agdrea,markov_order_1,30,nearest,,10.0,35.0,0.5784725857664192,1.8252130785337677,3.7535191318120926,3.977366834803064
agdrea,markov_order_2,30,linear,,10.0,1007.0,0.7094097502700055,2.0318434897817683,3.965218013941718,4.183541884490627
agdrea,markov_order_2,30,nearest,,10.0,35.0,0.6242316206332605,1.7065352141878378,3.7535191318120926,3.977366834803064
agdrea,vq_ctw,30,linear,256.0,10.0,1007.0,1.0,0.0,10.907839202957462,10.907839202957462
agdrea,vq_ctw,30,nearest,256.0,10.0,35.0,1.0,0.0,10.4923403821815,10.4923403821815
agdrea,vq_ctw,30,linear,512.0,10.0,1007.0,1.0,0.0,9.772076116284964,9.772076116284964
agdrea,vq_ctw,30,nearest,512.0,10.0,35.0,1.0,0.0,10.834221008808447,10.834221008808447
agdrea,vq_ctw,30,linear,1024.0,10.0,1007.0,1.0,0.0,10.312131817342891,10.312131817342891
agdrea,vq_ctw,30,nearest,1024.0,10.0,35.0,1.0,0.0,9.913946272797764,9.913946272797764
aggjuo,direct_ctw,30,linear,,10.0,1008.0,0.815489209110916,1.2747315420294967,4.123742070605801,4.30984832480178
aggjuo,direct_ctw,30,nearest,,10.0,243.0,0.8127174804751245,1.0898643401410562,4.076905454728151,4.264679893574753
aggjuo,markov_order_1,30,linear,,10.0,1008.0,0.7737604398856983,1.4885606304801102,4.123742070605801,4.30984832480178
aggjuo,markov_order_1,30,nearest,,10.0,243.0,0.6537248993341116,1.6594691434555884,4.076905454728151,4.264679893574753
aggjuo,markov_order_2,30,linear,,10.0,1008.0,0.765756989246634,1.5278675847260215,4.123742070605801,4.30984832480178
aggjuo,markov_order_2,30,nearest,,10.0,243.0,0.6621202538469381,1.632558638153821,4.076905454728151,4.264679893574753
aggjuo,vq_ctw,30,linear,256.0,10.0,1008.0,1.0,0.0,6.249814030741535,6.249814030741535
aggjuo,vq_ctw,30,nearest,256.0,10.0,243.0,1.0,0.0,8.009951938446907,8.009951938446907
aggjuo,vq_ctw,30,linear,512.0,10.0,1008.0,1.0,0.0,6.710532952262069,6.710532952262069
aggjuo,vq_ctw,30,nearest,512.0,10.0,243.0,1.0,0.0,7.499962128434451,7.499962128434451
aggjuo,vq_ctw,30,linear,1024.0,10.0,1008.0,1.0,0.0,6.052386923532955,6.052386923532955
aggjuo,vq_ctw,30,nearest,1024.0,10.0,243.0,1.0,0.0,7.0601994645174235,7.0601994645174235
agivle,direct_ctw,30,linear,,10.0,1007.0,0.7970030707941504,1.3713666521252703,4.315070278176823,4.481231945041254
agivle,direct_ctw,30,nearest,,10.0,36.0,0.838136327335866,0.962476813142793,3.83642225390728,3.995382223370217
agivle,markov_order_1,30,linear,,10.0,1007.0,0.7523309994134662,1.5926547873179053,4.315070278176823,4.481231945041254
agivle,markov_order_1,30,nearest,,10.0,36.0,0.7191987420078639,1.418142800851584,3.83642225390728,3.995382223370217
agivle,markov_order_2,30,linear,,10.0,1007.0,0.7466384568537775,1.6196997901269525,4.315070278176823,4.481231945041254
agivle,markov_order_2,30,nearest,,10.0,36.0,0.6814164120583892,1.5400016823322122,3.83642225390728,3.995382223370217
agivle,vq_ctw,30,linear,256.0,10.0,1007.0,1.0,0.0,6.541547934149158,6.541547934149158
agivle,vq_ctw,30,nearest,256.0,10.0,36.0,1.0,0.0,8.7453121161448,8.7453121161448
agivle,vq_ctw,30,linear,512.0,10.0,1007.0,1.0,0.0,6.589978454696444,6.589978454696444
agivle,vq_ctw,30,nearest,512.0,10.0,36.0,1.0,0.0,10.535799781230748,10.535799781230748
agivle,vq_ctw,30,linear,1024.0,10.0,1007.0,1.0,0.0,6.293094598232798,6.293094598232798
agivle,vq_ctw,30,nearest,1024.0,10.0,36.0,1.0,0.0,10.070273719635983,10.070273719635983
agjitf,direct_ctw,30,linear,,10.0,1007.0,0.8100636232405287,1.3584102533797655,4.490261955372209,4.631738942386875
agjitf,direct_ctw,30,nearest,,10.0,262.0,0.8177820952971177,1.0269977967353685,4.2465382705766315,4.380404170423048
agjitf,markov_order_1,30,linear,,10.0,1007.0,0.7670145105215969,1.5891768562446673,4.490261955372209,4.631738942386875
agjitf,markov_order_1,30,nearest,,10.0,262.0,0.6689474487417013,1.5504440019775614,4.2465382705766315,4.380404170423048
agjitf,markov_order_2,30,linear,,10.0,1007.0,0.755260987905275,1.6494905461389775,4.490261955372209,4.631738942386875
agjitf,markov_order_2,30,nearest,,10.0,262.0,0.6885611890568821,1.490493758340895,4.2465382705766315,4.380404170423048
agjitf,vq_ctw,30,linear,256.0,10.0,1007.0,1.0,0.0,6.018099090301713,6.018099090301713
agjitf,vq_ctw,30,nearest,256.0,10.0,262.0,1.0,0.0,8.33359235904008,8.33359235904008
agjitf,vq_ctw,30,linear,512.0,10.0,1007.0,1.0,0.0,6.30147289966282,6.30147289966282
agjitf,vq_ctw,30,nearest,512.0,10.0,262.0,1.0,0.0,7.522977344856783,7.522977344856783
agjitf,vq_ctw,30,linear,1024.0,10.0,1007.0,1.0,0.0,5.899654540761912,5.899654540761912
agjitf,vq_ctw,30,nearest,1024.0,10.0,262.0,1.0,0.0,6.808535918834389,6.808535918834389
agsuec,direct_ctw,30,linear,,10.0,1007.0,0.8146205718215316,1.4332225968628243,4.337820052789317,4.496994390447378
agsuec,markov_order_1,30,linear,,10.0,1007.0,0.7543420911528671,1.7869548915315856,4.337820052789317,4.496994390447378
agsuec,markov_order_2,30,linear,,10.0,1007.0,0.73263667695527,1.9071089672040316,4.337820052789317,4.496994390447378
agsuec,vq_ctw,30,linear,256.0,10.0,1007.0,1.0,0.0,7.827310257046264,7.827310257046264
agsuec,vq_ctw,30,linear,512.0,10.0,1007.0,1.0,0.0,7.513354253835698,7.513354253835698
agsuec,vq_ctw,30,linear,1024.0,10.0,1007.0,1.0,0.0,7.423929833506042,7.423929833506042
agvexp,direct_ctw,30,linear,,10.0,1006.0,0.7835516715416602,1.5992689607362263,3.9486955638175436,4.1564533723437975
agvexp,direct_ctw,30,nearest,,10.0,73.0,0.8374035493623454,1.017153517096188,3.7363376558556936,3.9217287896184336
agvexp,markov_order_1,30,linear,,10.0,1006.0,0.7090054931173112,2.0068861563122,3.9486955638175436,4.1564533723437975
agvexp,markov_order_1,30,nearest,,10.0,73.0,0.6435294021851038,1.756482411881743,3.7363376558556936,3.9217287896184336
agvexp,markov_order_2,30,linear,,10.0,1006.0,0.6839056506865705,2.135029570896812,3.9486955638175436,4.1564533723437975
agvexp,markov_order_2,30,nearest,,10.0,73.0,0.6497072611983474,1.7418337599909737,3.7363376558556936,3.9217287896184336
agvexp,vq_ctw,30,linear,256.0,10.0,1006.0,1.0,0.0,9.572174513935272,9.572174513935272
agvexp,vq_ctw,30,nearest,256.0,10.0,73.0,1.0,0.0,9.83000751209068,9.83000751209068
agvexp,vq_ctw,30,linear,512.0,10.0,1006.0,1.0,0.0,8.398615990449763,8.398615990449763
agvexp,vq_ctw,30,nearest,512.0,10.0,73.0,1.0,0.0,10.374483129900383,10.374483129900383
agvexp,vq_ctw,30,linear,1024.0,10.0,1006.0,1.0,0.0,8.819385016901105,8.819385016901105
agvexp,vq_ctw,30,nearest,1024.0,10.0,73.0,1.0,0.0,9.649051478502336,9.649051478502336
agyamk,direct_ctw,30,linear,,10.0,1004.0,0.8919088485410049,0.9264959157892237,3.462399156870605,3.7101094585717442
agyamk,markov_order_1,30,linear,,10.0,1004.0,0.8510103244327438,1.2032648839821614,3.462399156870605,3.7101094585717442
agyamk,markov_order_2,30,linear,,10.0,1004.0,0.8348238568280646,1.3072545397426067,3.462399156870605,3.7101094585717442
agyamk,vq_ctw,30,linear,256.0,10.0,1004.0,1.0,0.0,12.472077654647585,12.472077654647585
agyamk,vq_ctw,30,linear,512.0,10.0,1004.0,1.0,0.0,10.621382153472197,10.621382153472197
agyamk,vq_ctw,30,linear,1024.0,10.0,1004.0,1.0,0.0,11.655306166821454,11.655306166821454
aichas,direct_ctw,30,linear,,10.0,1007.0,0.8347840658673376,1.2580145734270716,4.048980070080811,4.219144675396803
aichas,direct_ctw,30,nearest,,10.0,149.0,0.8228997508391074,1.0532513541263313,3.8212977147629728,3.9783496081104026
aichas,markov_order_1,30,linear,,10.0,1007.0,0.7711292579182589,1.6229599375514048,4.048980070080811,4.219144675396803
aichas,markov_order_1,30,nearest,,10.0,149.0,0.6568712268604404,1.713250057266428,3.8212977147629728,3.9783496081104026
aichas,markov_order_2,30,linear,,10.0,1007.0,0.7629369459749995,1.6673595735446116,4.048980070080811,4.219144675396803
aichas,markov_order_2,30,nearest,,10.0,149.0,0.6441376109119441,1.7592972490823673,3.8212977147629728,3.9783496081104026
aichas,vq_ctw,30,linear,256.0,10.0,1007.0,1.0,0.0,9.34006380326903,9.34006380326903
aichas,vq_ctw,30,nearest,256.0,10.0,149.0,1.0,0.0,9.279286224335959,9.279286224335959
aichas,vq_ctw,30,linear,512.0,10.0,1007.0,1.0,0.0,8.421630417027139,8.421630417027139
aichas,vq_ctw,30,nearest,512.0,10.0,149.0,1.0,0.0,11.2325307996038,11.2325307996038
aichas,vq_ctw,30,linear,1024.0,10.0,1007.0,1.0,0.0,8.843992708468008,8.843992708468008
aichas,vq_ctw,30,nearest,1024.0,10.0,149.0,1.0,0.0,10.78923217453746,10.78923217453746
ailbcu,direct_ctw,30,linear,,10.0,1005.0,0.855343597591144,1.1315970891258578,3.9899321508602346,4.1985796534020965
ailbcu,markov_order_1,30,linear,,10.0,1005.0,0.8040584352268809,1.438806534534426,3.9899321508602346,4.1985796534020965
ailbcu,markov_order_2,30,linear,,10.0,1005.0,0.7921784883359191,1.5063289275297458,3.9899321508602346,4.1985796534020965
ailbcu,vq_ctw,30,linear,256.0,10.0,1005.0,1.0,0.0,8.097113657842076,8.097113657842076
ailbcu,vq_ctw,30,linear,512.0,10.0,1005.0,1.0,0.0,7.4270579661773874,7.4270579661773874
ailbcu,vq_ctw,30,linear,1024.0,10.0,1005.0,1.0,0.0,7.492126066813234,7.492126066813234
aimidd,direct_ctw,30,linear,,10.0,1007.0,0.8433893230387592,1.2224116381418684,4.21855468146244,4.410353366585976
aimidd,direct_ctw,30,nearest,,10.0,103.0,0.8612453571159754,0.8252001834325073,4.189932811451885,4.313900188030117
aimidd,markov_order_1,30,linear,,10.0,1007.0,0.7951818673167061,1.5112756478061546,4.21855468146244,4.410353366585976
aimidd,markov_order_1,30,nearest,,10.0,103.0,0.7572981721893892,1.307926278189625,4.189932811451885,4.313900188030117
aimidd,markov_order_2,30,linear,,10.0,1007.0,0.7761925304652256,1.6191736113629012,4.21855468146244,4.410353366585976
aimidd,markov_order_2,30,nearest,,10.0,103.0,0.7666796827700433,1.2697813453984157,4.189932811451885,4.313900188030117
aimidd,vq_ctw,30,linear,256.0,10.0,1007.0,1.0,0.0,8.009722226073446,8.009722226073446
aimidd,vq_ctw,30,nearest,256.0,10.0,103.0,1.0,0.0,10.635743285989575,10.635743285989575
aimidd,vq_ctw,30,linear,512.0,10.0,1007.0,1.0,0.0,8.471172746337308,8.471172746337308
aimidd,vq_ctw,30,nearest,512.0,10.0,103.0,1.0,0.0,9.91666620164081,9.91666620164081
aimidd,vq_ctw,30,linear,1024.0,10.0,1007.0,1.0,0.0,8.15370367942003,8.15370367942003
aimidd,vq_ctw,30,nearest,1024.0,10.0,103.0,1.0,0.0,9.429213526258305,9.429213526258305
ainpli,direct_ctw,30,linear,,10.0,1007.0,0.796174194081094,1.4602219011012951,4.375056819696798,4.57040843221338
ainpli,direct_ctw,30,nearest,,10.0,109.0,0.8279438849994997,1.0264768234766086,4.571508787908704,4.757509808774158
ainpli,markov_order_1,30,linear,,10.0,1007.0,0.7455043002841741,1.730683730878923,4.375056819696798,4.57040843221338
ainpli,markov_order_1,30,nearest,,10.0,109.0,0.6386756684271613,1.7069294091640164,4.571508787908704,4.757509808774158
ainpli,markov_order_2,30,linear,,10.0,1007.0,0.7304288210866555,1.807251199361071,4.375056819696798,4.57040843221338
ainpli,markov_order_2,30,nearest,,10.0,109.0,0.6487250635141112,1.6795611297039648,4.571508787908704,4.757509808774158
ainpli,vq_ctw,30,linear,256.0,10.0,1007.0,1.0,0.0,7.7627524545255415,7.7627524545255415
ainpli,vq_ctw,30,nearest,256.0,10.0,109.0,1.0,0.0,8.10240796344136,8.10240796344136
ainpli,vq_ctw,30,linear,512.0,10.0,1007.0,1.0,0.0,7.219453356276931,7.219453356276931
ainpli,vq_ctw,30,nearest,512.0,10.0,109.0,1.0,0.0,8.090067308348964,8.090067308348964
ainpli,vq_ctw,30,linear,1024.0,10.0,1007.0,1.0,0.0,7.469286416554464,7.469286416554464
ainpli,vq_ctw,30,nearest,1024.0,10.0,109.0,1.0,0.0,7.575563622582493,7.575563622582493
aitpyg,direct_ctw,30,linear,,10.0,1007.0,0.8081134219822366,1.31366745570811,4.371957861588893,4.523281901859561
aitpyg,direct_ctw,30,nearest,,10.0,142.0,0.8209026343837393,1.0315507116577847,4.163395796543683,4.344889149742102
aitpyg,markov_order_1,30,linear,,10.0,1007.0,0.763911862333243,1.5368559339277452,4.371957861588893,4.523281901859561
aitpyg,markov_order_1,30,nearest,,10.0,142.0,0.637517491894709,1.6882267540173452,4.163395796543683,4.344889149742102
aitpyg,markov_order_2,30,linear,,10.0,1007.0,0.7561161797779612,1.5745329200286011,4.371957861588893,4.523281901859561
aitpyg,markov_order_2,30,nearest,,10.0,142.0,0.6592948108586136,1.6140792719928132,4.163395796543683,4.344889149742102
aitpyg,vq_ctw,30,linear,256.0,10.0,1007.0,1.0,0.0,7.105683007347025,7.105683007347025
aitpyg,vq_ctw,30,nearest,256.0,10.0,142.0,1.0,0.0,8.553503582271052,8.553503582271052
aitpyg,vq_ctw,30,linear,512.0,10.0,1007.0,1.0,0.0,7.028901237680197,7.028901237680197
aitpyg,vq_ctw,30,nearest,512.0,10.0,142.0,1.0,0.0,9.0998513195381,9.0998513195381
aitpyg,vq_ctw,30,linear,1024.0,10.0,1007.0,1.0,0.0,6.932394004503946,6.932394004503946
aitpyg,vq_ctw,30,nearest,1024.0,10.0,142.0,1.0,0.0,8.512404559681313,8.512404559681313
aivtyt,direct_ctw,30,linear,,10.0,824.0,0.8147259385144096,1.247301989538253,4.032316334844698,4.184489900628059
aivtyt,direct_ctw,30,nearest,,10.0,39.0,0.826534768100175,1.0125011663002565,4.122135055860695,4.251466859038182
aivtyt,markov_order_1,30,linear,,10.0,824.0,0.7768682129384534,1.4352403247514565,4.032316334844698,4.184489900628059
aivtyt,markov_order_1,30,nearest,,10.0,39.0,0.7031324990671721,1.4711629845536607,4.122135055860695,4.251466859038182
aivtyt,markov_order_2,30,linear,,10.0,824.0,0.7654861641343962,1.4893388288997327,4.032316334844698,4.184489900628059
aivtyt,markov_order_2,30,nearest,,10.0,39.0,0.6869648254356333,1.5227163832136008,4.122135055860695,4.251466859038182
aivtyt,vq_ctw,30,linear,256.0,10.0,824.0,1.0,0.0,7.368936972150941,7.368936972150941
aivtyt,vq_ctw,30,nearest,256.0,10.0,39.0,1.0,0.0,7.466126080795006,7.466126080795006
aivtyt,vq_ctw,30,linear,512.0,10.0,824.0,1.0,0.0,7.161670381123224,7.161670381123224
aivtyt,vq_ctw,30,nearest,512.0,10.0,39.0,1.0,0.0,7.854817792647681,7.854817792647681
aivtyt,vq_ctw,30,linear,1024.0,10.0,824.0,1.0,0.0,7.076566259274081,7.076566259274081
aivtyt,vq_ctw,30,nearest,1024.0,10.0,39.0,1.0,0.0,7.398041453732907,7.398041453732907
aiwalb,direct_ctw,30,linear,,10.0,1007.0,0.7988397544243915,1.468623888055662,4.25948732783447,4.442137562957254
aiwalb,direct_ctw,30,nearest,,10.0,149.0,0.8061615767788453,1.0969070475977534,4.196142926925049,4.38178240110601
aiwalb,markov_order_1,30,linear,,10.0,1007.0,0.7337568132784199,1.8212389030175915,4.25948732783447,4.442137562957254
aiwalb,markov_order_1,30,nearest,,10.0,149.0,0.5988359015527542,1.7665974415498107,4.196142926925049,4.38178240110601
aiwalb,markov_order_2,30,linear,,10.0,1007.0,0.7197864098120741,1.8926551777411211,4.25948732783447,4.442137562957254
aiwalb,markov_order_2,30,nearest,,10.0,149.0,0.6337644294461828,1.6777317120883912,4.196142926925049,4.38178240110601
aiwalb,vq_ctw,30,linear,256.0,10.0,1007.0,1.0,0.0,8.194885111847736,8.194885111847736
aiwalb,vq_ctw,30,nearest,256.0,10.0,149.0,1.0,0.0,7.967666337867645,7.967666337867645
aiwalb,vq_ctw,30,linear,512.0,10.0,1007.0,1.0,0.0,7.478083935061742,7.478083935061742
aiwalb,vq_ctw,30,nearest,512.0,10.0,149.0,1.0,0.0,8.479716193561464,8.479716193561464
aiwalb,vq_ctw,30,linear,1024.0,10.0,1007.0,1.0,0.0,7.728286427417288,7.728286427417288
aiwalb,vq_ctw,30,nearest,1024.0,10.0,149.0,1.0,0.0,7.8561803413710365,7.8561803413710365
ajixdo,direct_ctw,30,linear,,10.0,817.0,0.8246746535581098,1.1957191584714733,4.410992462258958,4.553842159782489
ajixdo,direct_ctw,30,nearest,,10.0,143.0,0.8245852154480163,0.9847517623976045,4.049073679799251,4.166720496508377
ajixdo,markov_order_1,30,linear,,10.0,817.0,0.7747935706860478,1.4451802666412645,4.410992462258958,4.553842159782489
ajixdo,markov_order_1,30,nearest,,10.0,143.0,0.6936327999460358,1.4388192113110156,4.049073679799251,4.166720496508377
ajixdo,markov_order_2,30,linear,,10.0,817.0,0.7769518589478968,1.4348388137207972,4.410992462258958,4.553842159782489
ajixdo,markov_order_2,30,nearest,,10.0,143.0,0.7046329718680665,1.4121122089123643,4.049073679799251,4.166720496508377
ajixdo,vq_ctw,30,linear,256.0,10.0,817.0,1.0,0.0,6.105251950291119,6.105251950291119
ajixdo,vq_ctw,30,nearest,256.0,10.0,143.0,1.0,0.0,8.265776389617585,8.265776389617585
ajixdo,vq_ctw,30,linear,512.0,10.0,817.0,1.0,0.0,5.991606384508187,5.991606384508187
ajixdo,vq_ctw,30,nearest,512.0,10.0,143.0,1.0,0.0,8.036903421044752,8.036903421044752
ajixdo,vq_ctw,30,linear,1024.0,10.0,817.0,1.0,0.0,5.817775557450352,5.817775557450352
ajixdo,vq_ctw,30,nearest,1024.0,10.0,143.0,1.0,0.0,7.461885596932713,7.461885596932713
ajsips,direct_ctw,30,linear,,10.0,1007.0,0.811553831124288,1.395543313358554,4.34355354965595,4.521582631460242
ajsips,direct_ctw,30,nearest,,10.0,123.0,0.8243572872340422,1.015424369270427,4.522672524549148,4.650177970569809
ajsips,markov_order_1,30,linear,,10.0,1007.0,0.7574950254924567,1.6965562469306101,4.34355354965595,4.521582631460242
ajsips,markov_order_1,30,nearest,,10.0,123.0,0.6724290057272245,1.5586458590032932,4.522672524549148,4.650177970569809
ajsips,markov_order_2,30,linear,,10.0,1007.0,0.7457963463961819,1.7585383231654723,4.34355354965595,4.521582631460242
ajsips,markov_order_2,30,nearest,,10.0,123.0,0.6781170522256758,1.5432477279468468,4.522672524549148,4.650177970569809
ajsips,vq_ctw,30,linear,256.0,10.0,1007.0,1.0,0.0,7.07870449026609,7.07870449026609
ajsips,vq_ctw,30,nearest,256.0,10.0,123.0,1.0,0.0,7.661000220238847,7.661000220238847
ajsips,vq_ctw,30,linear,512.0,10.0,1007.0,1.0,0.0,6.974271272034426,6.974271272034426
ajsips,vq_ctw,30,nearest,512.0,10.0,123.0,1.0,0.0,7.227496970691164,7.227496970691164
ajsips,vq_ctw,30,linear,1024.0,10.0,1007.0,1.0,0.0,6.852263872531097,6.852263872531097
ajsips,vq_ctw,30,nearest,1024.0,10.0,123.0,1.0,0.0,6.540455972034947,6.540455972034947
ajsned,direct_ctw,30,linear,,10.0,1007.0,0.8150390020157895,1.4468316344339949,4.435440740595965,4.5935186279504014
ajsned,direct_ctw,30,nearest,,10.0,159.0,0.8038857008273926,1.1859319594355122,4.273158316773246,4.4537153591870275
ajsned,markov_order_1,30,linear,,10.0,1007.0,0.7512918973511182,1.8258092150911764,4.435440740595965,4.5935186279504014
ajsned,markov_order_1,30,nearest,,10.0,159.0,0.5864428477568738,1.9744506385339253,4.273158316773246,4.4537153591870275
ajsned,markov_order_2,30,linear,,10.0,1007.0,0.7290454491444472,1.9503476826686443,4.435440740595965,4.5935186279504014
ajsned,markov_order_2,30,nearest,,10.0,159.0,0.5959572135190663,1.947358131557439,4.273158316773246,4.4537153591870275
ajsned,vq_ctw,30,linear,256.0,10.0,1007.0,1.0,0.0,7.897636018229592,7.897636018229592
ajsned,vq_ctw,30,nearest,256.0,10.0,159.0,1.0,0.0,7.824782034613336,7.824782034613336
ajsned,vq_ctw,30,linear,512.0,10.0,1007.0,1.0,0.0,7.62737707701051,7.62737707701051
ajsned,vq_ctw,30,nearest,512.0,10.0,159.0,1.0,0.0,9.438640592217263,9.438640592217263
ajsned,vq_ctw,30,linear,1024.0,10.0,1007.0,1.0,0.0,7.608180271487857,7.608180271487857
ajsned,vq_ctw,30,nearest,1024.0,10.0,159.0,1.0,0.0,8.886686166938635,8.886686166938635
ajthof,direct_ctw,30,linear,,10.0,992.0,0.8293646298400523,1.200057500848139,4.343989364334876,4.492458853958794
ajthof,direct_ctw,30,nearest,,10.0,74.0,0.8223482612116781,1.0294920988864498,4.411494932328695,4.587588973300422
ajthof,markov_order_1,30,linear,,10.0,992.0,0.785839868941704,1.4282313415458587,4.343989364334876,4.492458853958794
ajthof,markov_order_1,30,nearest,,10.0,74.0,0.6969817362751685,1.4894047447691041,4.411494932328695,4.587588973300422
ajthof,markov_order_2,30,linear,,10.0,992.0,0.7855799365782987,1.4295425331200133,4.343989364334876,4.492458853958794
ajthof,markov_order_2,30,nearest,,10.0,74.0,0.6739299568734303,1.5599105806749343,4.411494932328695,4.587588973300422
ajthof,vq_ctw,30,linear,256.0,10.0,992.0,1.0,0.0,6.085930477818954,6.085930477818954
ajthof,vq_ctw,30,nearest,256.0,10.0,74.0,1.0,0.0,7.9519767520430005,7.9519767520430005
ajthof,vq_ctw,30,linear,512.0,10.0,992.0,1.0,0.0,6.151601837474262,6.151601837474262
ajthof,vq_ctw,30,nearest,512.0,10.0,74.0,1.0,0.0,7.839848215736681,7.839848215736681
ajthof,vq_ctw,30,linear,1024.0,10.0,992.0,1.0,0.0,5.8419227089142325,5.8419227089142325
ajthof,vq_ctw,30,nearest,1024.0,10.0,74.0,1.0,0.0,7.350900242169954,7.350900242169954
ajtreo,direct_ctw,30,linear,,10.0,1005.0,0.8441031779504949,1.2179569875047442,3.831836937918136,4.053200392165262
ajtreo,direct_ctw,30,nearest,,10.0,48.0,0.8203933378093056,1.1434922993580303,4.140586662612742,4.430353808721228
ajtreo,markov_order_1,30,linear,,10.0,1005.0,0.7922657265729479,1.5280476147764805,3.831836937918136,4.053200392165262
ajtreo,markov_order_1,30,nearest,,10.0,48.0,0.5826819450010754,2.0589352219787616,4.140586662612742,4.430353808721228
ajtreo,markov_order_2,30,linear,,10.0,1005.0,0.7774646074098108,1.6120413296095046,3.831836937918136,4.053200392165262
ajtreo,markov_order_2,30,nearest,,10.0,48.0,0.5752500540109708,2.0815617122186394,4.140586662612742,4.430353808721228
ajtreo,vq_ctw,30,linear,256.0,10.0,1005.0,1.0,0.0,10.85603456783062,10.85603456783062
ajtreo,vq_ctw,30,nearest,256.0,10.0,48.0,1.0,0.0,16.860588418957864,16.860588418957864
ajtreo,vq_ctw,30,linear,512.0,10.0,1005.0,1.0,0.0,9.340601119377517,9.340601119377517
ajtreo,vq_ctw,30,nearest,512.0,10.0,48.0,1.0,0.0,17.90955653793351,17.90955653793351
ajtreo,vq_ctw,30,linear,1024.0,10.0,1005.0,1.0,0.0,10.006163604954265,10.006163604954265
ajtreo,vq_ctw,30,nearest,1024.0,10.0,48.0,1.0,0.0,17.30987471082843,17.30987471082843
akgicj,direct_ctw,30,linear,,10.0,1007.0,0.8197416714677246,1.3669492805562407,4.4064195211869865,4.5445106962725195
akgicj,direct_ctw,30,nearest,,10.0,199.0,0.8348461999418127,1.0003221119129242,4.109749551128384,4.248208473044841
akgicj,markov_order_1,30,linear,,10.0,1007.0,0.7672986810788753,1.6686671801810586,4.4064195211869865,4.5445106962725195
akgicj,markov_order_1,30,nearest,,10.0,199.0,0.6800817165923232,1.6031792205576525,4.109749551128384,4.248208473044841
akgicj,markov_order_2,30,linear,,10.0,1007.0,0.7517199914431754,1.7538307161990943,4.4064195211869865,4.5445106962725195
akgicj,markov_order_2,30,nearest,,10.0,199.0,0.6838597453540217,1.5916819614822548,4.109749551128384,4.248208473044841
akgicj,vq_ctw,30,linear,256.0,10.0,1007.0,1.0,0.0,6.805542210048989,6.805542210048989
akgicj,vq_ctw,30,nearest,256.0,10.0,199.0,1.0,0.0,9.417698308010324,9.417698308010324
akgicj,vq_ctw,30,linear,512.0,10.0,1007.0,1.0,0.0,6.977477557242919,6.977477557242919
akgicj,vq_ctw,30,nearest,512.0,10.0,199.0,1.0,0.0,9.804643027139521,9.804643027139521
akgicj,vq_ctw,30,linear,1024.0,10.0,1007.0,1.0,0.0,6.723251608996645,6.723251608996645
akgicj,vq_ctw,30,nearest,1024.0,10.0,199.0,1.0,0.0,9.311060740274636,9.311060740274636
akvutv,direct_ctw,30,linear,,10.0,1007.0,0.82222341469541,1.290194745701551,4.460611181769647,4.599279923067496
akvutv,direct_ctw,30,nearest,,10.0,77.0,0.8109520083202434,1.0286163909440633,4.227020292308385,4.3856909762537
akvutv,markov_order_1,30,linear,,10.0,1007.0,0.7792093806487047,1.5254185750132676,4.460611181769647,4.599279923067496
akvutv,markov_order_1,30,nearest,,10.0,77.0,0.6407161819989181,1.571712961756268,4.227020292308385,4.3856909762537
akvutv,markov_order_2,30,linear,,10.0,1007.0,0.7695988072077009,1.575767188595006,4.460611181769647,4.599279923067496
akvutv,markov_order_2,30,nearest,,10.0,77.0,0.6923367392416075,1.4374017790775837,4.227020292308385,4.3856909762537
akvutv,vq_ctw,30,linear,256.0,10.0,1007.0,1.0,0.0,6.0918763532526485,6.0918763532526485
akvutv,vq_ctw,30,nearest,256.0,10.0,77.0,1.0,0.0,7.819029571634831,7.819029571634831
akvutv,vq_ctw,30,linear,512.0,10.0,1007.0,1.0,0.0,6.359846411625899,6.359846411625899
akvutv,vq_ctw,30,nearest,512.0,10.0,77.0,1.0,0.0,7.53702999266344,7.53702999266344
akvutv,vq_ctw,30,linear,1024.0,10.0,1007.0,1.0,0.0,5.92916531079139,5.92916531079139
akvutv,vq_ctw,30,nearest,1024.0,10.0,77.0,1.0,0.0,6.918365544376646,6.918365544376646
akyeer,direct_ctw,30,linear,,10.0,990.0,0.8553363812963822,1.1316422938770567,4.031086851641168,4.223612381598438
akyeer,direct_ctw,30,nearest,,10.0,150.0,0.8433324521672255,0.8674075832191745,4.286320840922803,4.44156156510398
akyeer,markov_order_1,30,linear,,10.0,990.0,0.8088137342413765,1.4114197019245591,4.031086851641168,4.223612381598438
akyeer,markov_order_1,30,nearest,,10.0,150.0,0.7135945279306031,1.2950669246754216,4.286320840922803,4.44156156510398
akyeer,markov_order_2,30,linear,,10.0,990.0,0.7922353796014772,1.5060085631863387,4.031086851641168,4.223612381598438
akyeer,markov_order_2,30,nearest,,10.0,150.0,0.7410873914454743,1.219746541688996,4.286320840922803,4.44156156510398
akyeer,vq_ctw,30,linear,256.0,10.0,990.0,1.0,0.0,8.742860538050582,8.742860538050582
akyeer,vq_ctw,30,nearest,256.0,10.0,150.0,1.0,0.0,7.663548777665978,7.663548777665978
akyeer,vq_ctw,30,linear,512.0,10.0,990.0,1.0,0.0,9.297396220494504,9.297396220494504
akyeer,vq_ctw,30,nearest,512.0,10.0,150.0,1.0,0.0,7.373444342587708,7.373444342587708
akyeer,vq_ctw,30,linear,1024.0,10.0,990.0,1.0,0.0,9.020776067174637,9.020776067174637
akyeer,vq_ctw,30,nearest,1024.0,10.0,150.0,1.0,0.0,6.8486586606297095,6.8486586606297095
aldhid,direct_ctw,30,linear,,10.0,1006.0,0.8973823240950207,0.8322377626247147,4.559119138790035,4.701238126583026
aldhid,direct_ctw,30,nearest,,10.0,37.0,0.8427338529720567,0.8769899555451428,4.453656549141734,4.561896773839399
aldhid,markov_order_1,30,linear,,10.0,1006.0,0.8515941319048823,1.1192365218821876,4.559119138790035,4.701238126583026
aldhid,markov_order_1,30,nearest,,10.0,37.0,0.7844670278713006,1.093538226494247,4.453656549141734,4.561896773839399
aldhid,markov_order_2,30,linear,,10.0,1006.0,0.8534535806968258,1.1080971229711392,4.559119138790035,4.701238126583026
aldhid,markov_order_2,30,nearest,,10.0,37.0,0.7712477271556086,1.1383936601176394,4.453656549141734,4.561896773839399
aldhid,vq_ctw,30,linear,256.0,10.0,1006.0,1.0,0.0,8.627882710681392,8.627882710681392
aldhid,vq_ctw,30,nearest,256.0,10.0,37.0,1.0,0.0,7.4427842193500595,7.4427842193500595
aldhid,vq_ctw,30,linear,512.0,10.0,1006.0,1.0,0.0,8.28983869163295,8.28983869163295
aldhid,vq_ctw,30,nearest,512.0,10.0,37.0,1.0,0.0,7.214956500582511,7.214956500582511
aldhid,vq_ctw,30,linear,1024.0,10.0,1006.0,1.0,0.0,8.54833427956761,8.54833427956761
aldhid,vq_ctw,30,nearest,1024.0,10.0,37.0,1.0,0.0,6.548159234358959,6.548159234358959
alnihi,direct_ctw,30,linear,,10.0,1007.0,0.8007784899085333,1.2796538670433353,4.429114368396013,4.562606332705695
alnihi,direct_ctw,30,nearest,,10.0,231.0,0.794386956380803,1.0945476777739176,4.30488486472283,4.434749547885367
alnihi,markov_order_1,30,linear,,10.0,1007.0,0.7570908369374908,1.4817769721399772,4.429114368396013,4.562606332705695
alnihi,markov_order_1,30,nearest,,10.0,231.0,0.6428490714650986,1.6292669361928025,4.30488486472283,4.434749547885367
alnihi,markov_order_2,30,linear,,10.0,1007.0,0.7563708873344115,1.4849768475360703,4.429114368396013,4.562606332705695
alnihi,markov_order_2,30,nearest,,10.0,231.0,0.671095928932839,1.520772211280824,4.30488486472283,4.434749547885367
alnihi,vq_ctw,30,linear,256.0,10.0,1007.0,1.0,0.0,5.478275994212667,5.478275994212667
alnihi,vq_ctw,30,nearest,256.0,10.0,231.0,1.0,0.0,7.836056059777939,7.836056059777939
alnihi,vq_ctw,30,linear,512.0,10.0,1007.0,1.0,0.0,5.7139268245137265,5.7139268245137265
alnihi,vq_ctw,30,nearest,512.0,10.0,231.0,1.0,0.0,7.803591143769723,7.803591143769723
alnihi,vq_ctw,30,linear,1024.0,10.0,1007.0,1.0,0.0,5.358989879684017,5.358989879684017
alnihi,vq_ctw,30,nearest,1024.0,10.0,231.0,1.0,0.0,7.100141241294157,7.100141241294157
alshet,direct_ctw,30,linear,,10.0,1006.0,0.8189718808273925,1.3313000474959804,3.947282050091964,4.146356155332989
alshet,direct_ctw,30,nearest,,10.0,103.0,0.8310880293874839,1.0472188377618474,4.082689740026293,4.25259580058892
alshet,markov_order_1,30,linear,,10.0,1006.0,0.7696681655355924,1.6043203064829417,3.947282050091964,4.146356155332989
alshet,markov_order_1,30,nearest,,10.0,103.0,0.6817608425572035,1.6341243271887629,4.082689740026293,4.25259580058892
alshet,markov_order_2,30,linear,,10.0,1006.0,0.750327675340895,1.7058242795078302,3.947282050091964,4.146356155332989
alshet,markov_order_2,30,nearest,,10.0,103.0,0.6704455688677131,1.6759942971614892,4.082689740026293,4.25259580058892
alshet,vq_ctw,30,linear,256.0,10.0,1006.0,1.0,0.0,9.06842761370429,9.06842761370429
alshet,vq_ctw,30,nearest,256.0,10.0,103.0,1.0,0.0,9.014594471972645,9.014594471972645
alshet,vq_ctw,30,linear,512.0,10.0,1006.0,1.0,0.0,9.229083977207576,9.229083977207576
alshet,vq_ctw,30,nearest,512.0,10.0,103.0,1.0,0.0,9.512691667919395,9.512691667919395
alshet,vq_ctw,30,linear,1024.0,10.0,1006.0,1.0,0.0,9.01048432400096,9.01048432400096
alshet,vq_ctw,30,nearest,1024.0,10.0,103.0,1.0,0.0,8.892862315958608,8.892862315958608
amciuc,direct_ctw,30,linear,,10.0,990.0,0.823137537226366,1.285008550087862,4.153195671590019,4.324861506156594
amciuc,direct_ctw,30,nearest,,10.0,199.0,0.815936190654107,1.0469923482321177,4.081810319547723,4.265894143270503
amciuc,markov_order_1,30,linear,,10.0,990.0,0.7702167069068362,1.5725529329531494,4.153195671590019,4.324861506156594
amciuc,markov_order_1,30,nearest,,10.0,199.0,0.6277807394458916,1.676213689784901,4.081810319547723,4.265894143270503
amciuc,markov_order_2,30,linear,,10.0,990.0,0.7592387106264413,1.6292012035905363,4.153195671590019,4.324861506156594
amciuc,markov_order_2,30,nearest,,10.0,199.0,0.6645280346423186,1.5787893498027628,4.081810319547723,4.265894143270503
amciuc,vq_ctw,30,linear,256.0,10.0,990.0,1.0,0.0,7.8186937575600615,7.8186937575600615
amciuc,vq_ctw,30,nearest,256.0,10.0,199.0,1.0,0.0,9.958464366366819,9.958464366366819
amciuc,vq_ctw,30,linear,512.0,10.0,990.0,1.0,0.0,7.375881837397966,7.375881837397966
amciuc,vq_ctw,30,nearest,512.0,10.0,199.0,1.0,0.0,10.22926359730115,10.22926359730115
amciuc,vq_ctw,30,linear,1024.0,10.0,990.0,1.0,0.0,7.5608439878612,7.5608439878612
amciuc,vq_ctw,30,nearest,1024.0,10.0,199.0,1.0,0.0,9.542054265022458,9.542054265022458
amknyw,direct_ctw,30,linear,,10.0,1007.0,0.8006693889031693,1.3827492524185194,4.447752626696426,4.601165580715233
amknyw,direct_ctw,30,nearest,,10.0,125.0,0.8161353292104984,1.0545526070161346,4.326256462917409,4.494184754044544
amknyw,markov_order_1,30,linear,,10.0,1007.0,0.748622705664687,1.6485110918639656,4.447752626696426,4.601165580715233
amknyw,markov_order_1,30,nearest,,10.0,125.0,0.6955589481769875,1.4867952733991678,4.326256462917409,4.494184754044544
amknyw,markov_order_2,30,linear,,10.0,1007.0,0.7383435668302589,1.6984395365207474,4.447752626696426,4.601165580715233
amknyw,markov_order_2,30,nearest,,10.0,125.0,0.68122635264705,1.5363206703995427,4.326256462917409,4.494184754044544
amknyw,vq_ctw,30,linear,256.0,10.0,1007.0,1.0,0.0,7.623430090461034,7.623430090461034
amknyw,vq_ctw,30,nearest,256.0,10.0,125.0,1.0,0.0,8.132829992957094,8.132829992957094
amknyw,vq_ctw,30,linear,512.0,10.0,1007.0,1.0,0.0,7.754041156508049,7.754041156508049
amknyw,vq_ctw,30,nearest,512.0,10.0,125.0,1.0,0.0,7.34517891998515,7.34517891998515
amknyw,vq_ctw,30,linear,1024.0,10.0,1007.0,1.0,0.0,7.305097109484015,7.305097109484015
amknyw,vq_ctw,30,nearest,1024.0,10.0,125.0,1.0,0.0,6.882745476677008,6.882745476677008
amnurg,direct_ctw,30,linear,,10.0,843.0,0.8661387598542158,1.0478208755784095,4.412659528889172,4.551355337290438
amnurg,markov_order_1,30,linear,,10.0,843.0,0.81681980314834,1.3436790646691112,4.412659528889172,4.551355337290438
amnurg,markov_order_2,30,linear,,10.0,843.0,0.8081793820013647,1.3929342756709484,4.412659528889172,4.551355337290438
amnurg,vq_ctw,30,linear,256.0,10.0,843.0,1.0,0.0,7.442405012893751,7.442405012893751
amnurg,vq_ctw,30,linear,512.0,10.0,843.0,1.0,0.0,7.435650940255279,7.435650940255279
amnurg,vq_ctw,30,linear,1024.0,10.0,843.0,1.0,0.0,7.388078940567203,7.388078940567203
amvefa,direct_ctw,30,linear,,10.0,1007.0,0.8656858225869617,1.0661737404808047,4.312086879861842,4.472716289608311
amvefa,direct_ctw,30,nearest,,10.0,166.0,0.8098980257244957,1.047656748609264,4.337033526293748,4.480865874066235
amvefa,markov_order_1,30,linear,,10.0,1007.0,0.8213426293216738,1.3382418769609787,4.312086879861842,4.472716289608311
amvefa,markov_order_1,30,nearest,,10.0,166.0,0.6446389109236998,1.5883438354663737,4.337033526293748,4.480865874066235
amvefa,markov_order_2,30,linear,,10.0,1007.0,0.8140842953283112,1.3808186665504492,4.312086879861842,4.472716289608311
amvefa,markov_order_2,30,nearest,,10.0,166.0,0.6700805012488853,1.5241831833937012,4.337033526293748,4.480865874066235
amvefa,vq_ctw,30,linear,256.0,10.0,1007.0,1.0,0.0,6.480931436256365,6.480931436256365
amvefa,vq_ctw,30,nearest,256.0,10.0,166.0,0.9999999999995399,0.041076581533164076,8.339290882208886,8.339290882208886
amvefa,vq_ctw,30,linear,512.0,10.0,1007.0,1.0,0.0,6.116643596453214,6.116643596453214
amvefa,vq_ctw,30,nearest,512.0,10.0,166.0,1.0,0.0,8.192079442940273,8.192079442940273
amvefa,vq_ctw,30,linear,1024.0,10.0,1007.0,1.0,0.0,6.003562425982871,6.003562425982871
amvefa,vq_ctw,30,nearest,1024.0,10.0,166.0,1.0,0.0,7.505337095551393,7.505337095551393
amwibs,direct_ctw,30,linear,,10.0,1007.0,0.7967889841523605,1.4312984403636304,4.4571441511969265,4.604032403815176
amwibs,direct_ctw,30,nearest,,10.0,40.0,0.7841531359584907,1.184204888915762,4.207359805771644,4.330712425240338
amwibs,markov_order_1,30,linear,,10.0,1007.0,0.7449907097029257,1.7013087511337124,4.4571441511969265,4.604032403815176
amwibs,markov_order_1,30,nearest,,10.0,40.0,0.5981127255943505,1.775818428212436,4.207359805771644,4.330712425240338
amwibs,markov_order_2,30,linear,,10.0,1007.0,0.7326334351086993,1.7625967378960055,4.4571441511969265,4.604032403815176
amwibs,markov_order_2,30,nearest,,10.0,40.0,0.6135966897124946,1.7352458306000813,4.207359805771644,4.330712425240338
amwibs,vq_ctw,30,linear,256.0,10.0,1007.0,1.0,0.0,6.263236572821922,6.263236572821922
amwibs,vq_ctw,30,nearest,256.0,10.0,40.0,1.0,0.0,8.539031870683216,8.539031870683216
amwibs,vq_ctw,30,linear,512.0,10.0,1007.0,1.0,0.0,6.408376108315338,6.408376108315338
amwibs,vq_ctw,30,nearest,512.0,10.0,40.0,1.0,0.0,6.74186522773366,6.74186522773366
amwibs,vq_ctw,30,linear,1024.0,10.0,1007.0,1.0,0.0,6.200267575627404,6.200267575627404
amwibs,vq_ctw,30,nearest,1024.0,10.0,40.0,1.0,0.0,6.2677099131431655,6.2677099131431655
ancedv,direct_ctw,30,linear,,10.0,346.0,0.8676555387784824,0.9353708745156463,4.1860783987209595,4.29434056572349
ancedv,direct_ctw,30,nearest,,10.0,41.0,0.8772313869841768,0.7828043670212524,4.148795873600928,4.268680192698657
ancedv,markov_order_1,30,linear,,10.0,346.0,0.8157846709939853,1.2063701061506382,4.1860783987209595,4.29434056572349
ancedv,markov_order_1,30,nearest,,10.0,41.0,0.778812201256539,1.2047060628780704,4.148795873600928,4.268680192698657
ancedv,markov_order_2,30,linear,,10.0,346.0,0.8124865964630886,1.2226572905162088,4.1860783987209595,4.29434056572349
ancedv,markov_order_2,30,nearest,,10.0,41.0,0.7881455669988704,1.1687213660235536,4.148795873600928,4.268680192698657
ancedv,vq_ctw,30,linear,256.0,10.0,346.0,1.0,0.0,6.372975252282711,6.372975252282711
ancedv,vq_ctw,30,nearest,256.0,10.0,41.0,1.0,0.0,8.904572044383134,8.904572044383134
ancedv,vq_ctw,30,linear,512.0,10.0,346.0,1.0,0.0,6.241900441011037,6.241900441011037
ancedv,vq_ctw,30,nearest,512.0,10.0,41.0,1.0,0.0,8.553363227244423,8.553363227244423
ancedv,vq_ctw,30,linear,1024.0,10.0,346.0,1.0,0.0,6.33515215050455,6.33515215050455
ancedv,vq_ctw,30,nearest,1024.0,10.0,41.0,1.0,0.0,8.009453954169828,8.009453954169828
ancorj,direct_ctw,30,linear,,10.0,1005.0,0.7975059482845115,1.536864448303107,3.8923047199964254,4.111141611942038
ancorj,markov_order_1,30,linear,,10.0,1005.0,0.7297646471993128,1.9227435611598345,3.8923047199964254,4.111141611942038
ancorj,markov_order_2,30,linear,,10.0,1005.0,0.704951908060638,2.0553455936281835,3.8923047199964254,4.111141611942038
ancorj,vq_ctw,30,linear,256.0,10.0,1005.0,1.0,0.0,10.07873592447166,10.07873592447166
ancorj,vq_ctw,30,linear,512.0,10.0,1005.0,1.0,0.0,9.122552857103418,9.122552857103418
ancorj,vq_ctw,30,linear,1024.0,10.0,1005.0,1.0,0.0,9.268710325520154,9.268710325520154
ancycl,direct_ctw,30,linear,,10.0,1006.0,0.8320532876525883,1.3091355340057322,3.99253591927292,4.190895804821981
ancycl,direct_ctw,30,nearest,,10.0,36.0,0.8318509222583728,1.1255072282197807,3.6853553728022512,3.9532701889476405
ancycl,markov_order_1,30,linear,,10.0,1006.0,0.769501848203988,1.6794097452371315,3.99253591927292,4.190895804821981
ancycl,markov_order_1,30,nearest,,10.0,36.0,0.5336896931984719,2.3058211479464705,3.6853553728022512,3.9532701889476405
ancycl,markov_order_2,30,linear,,10.0,1006.0,0.7563178378326815,1.7531497000598484,3.99253591927292,4.190895804821981
ancycl,markov_order_2,30,nearest,,10.0,36.0,0.5439673795480333,2.2746603754278065,3.6853553728022512,3.9532701889476405
ancycl,vq_ctw,30,linear,256.0,10.0,1006.0,1.0,0.0,10.06051469255979,10.06051469255979
ancycl,vq_ctw,30,nearest,256.0,10.0,36.0,1.0,0.0,13.836687098939631,13.836687098939631
ancycl,vq_ctw,30,linear,512.0,10.0,1006.0,1.0,0.0,8.837492707288611,8.837492707288611
ancycl,vq_ctw,30,nearest,512.0,10.0,36.0,1.0,0.0,17.49849857974009,17.49849857974009
ancycl,vq_ctw,30,linear,1024.0,10.0,1006.0,1.0,0.0,9.559227576713681,9.559227576713681
ancycl,vq_ctw,30,nearest,1024.0,10.0,36.0,1.0,0.0,16.84470176484855,16.84470176484855
andyol,direct_ctw,30,linear,,10.0,1007.0,0.8207170607050054,1.321228483283373,4.334666908078775,4.495537627925696
andyol,direct_ctw,30,nearest,,10.0,305.0,0.8135145535600423,1.043002139283212,4.064377482721182,4.2097536879654385
andyol,markov_order_1,30,linear,,10.0,1007.0,0.7853080470516693,1.5200186329377336,4.334666908078775,4.495537627925696
andyol,markov_order_1,30,nearest,,10.0,305.0,0.6859990982075517,1.4979228341927433,4.064377482721182,4.2097536879654385
andyol,markov_order_2,30,linear,,10.0,1007.0,0.7679434316227443,1.613493268440321,4.334666908078775,4.495537627925696
andyol,markov_order_2,30,nearest,,10.0,305.0,0.684261774438538,1.493033549369048,4.064377482721182,4.2097536879654385
andyol,vq_ctw,30,linear,256.0,10.0,1007.0,1.0,0.0,6.98829265356866,6.98829265356866
andyol,vq_ctw,30,nearest,256.0,10.0,305.0,1.0,0.0,7.992495052827868,7.992495052827868
andyol,vq_ctw,30,linear,512.0,10.0,1007.0,1.0,0.0,7.0496473166670235,7.0496473166670235
andyol,vq_ctw,30,nearest,512.0,10.0,305.0,1.0,0.0,7.726318204037769,7.726318204037769
andyol,vq_ctw,30,linear,1024.0,10.0,1007.0,1.0,0.0,6.870079664007224,6.870079664007224
andyol,vq_ctw,30,nearest,1024.0,10.0,305.0,1.0,0.0,7.173075858915243,7.173075858915243
aniajc,direct_ctw,30,linear,,10.0,1007.0,0.7873245226795627,1.4207311014963093,4.616872156414618,4.745325387191309
aniajc,direct_ctw,30,nearest,,10.0,190.0,0.8017385480118285,1.1092386961344858,4.414692140709157,4.576501655586011
aniajc,markov_order_1,30,linear,,10.0,1007.0,0.7386460168631631,1.6572552112288508,4.616872156414618,4.745325387191309
aniajc,markov_order_1,30,nearest,,10.0,190.0,0.5904536668834379,1.7958208148096308,4.414692140709157,4.576501655586011
aniajc,markov_order_2,30,linear,,10.0,1007.0,0.7348891865690198,1.6747425359277763,4.616872156414618,4.745325387191309
aniajc,markov_order_2,30,nearest,,10.0,190.0,0.6302505928802908,1.6833881320195085,4.414692140709157,4.576501655586011
aniajc,vq_ctw,30,linear,256.0,10.0,1007.0,1.0,0.0,5.7145054808999305,5.7145054808999305
aniajc,vq_ctw,30,nearest,256.0,10.0,190.0,1.0,0.0,7.736457497372205,7.736457497372205
aniajc,vq_ctw,30,linear,512.0,10.0,1007.0,1.0,0.0,5.692954727894755,5.692954727894755
aniajc,vq_ctw,30,nearest,512.0,10.0,190.0,1.0,0.0,8.448678492571384,8.448678492571384
aniajc,vq_ctw,30,linear,1024.0,10.0,1007.0,1.0,0.0,5.325302797313927,5.325302797313927
aniajc,vq_ctw,30,nearest,1024.0,10.0,190.0,1.0,0.0,7.740671244917359,7.740671244917359
anidgi,direct_ctw,30,linear,,10.0,1007.0,0.7943788987171071,1.4701727691716397,4.094028739922753,4.2965480529825735
anidgi,markov_order_1,30,linear,,10.0,1007.0,0.7242317788764076,1.8382391710981325,4.094028739922753,4.2965480529825735
anidgi,markov_order_2,30,linear,,10.0,1007.0,0.7148055413267935,1.884843878792949,4.094028739922753,4.2965480529825735
anidgi,vq_ctw,30,linear,256.0,10.0,1007.0,1.0,0.0,8.91610654218432,8.91610654218432
anidgi,vq_ctw,30,linear,512.0,10.0,1007.0,1.0,0.0,7.974160545437931,7.974160545437931
anidgi,vq_ctw,30,linear,1024.0,10.0,1007.0,1.0,0.0,8.198469748414501,8.198469748414501
ankped,direct_ctw,30,linear,,10.0,1007.0,0.8096917712239875,1.2730404918134022,4.48600163539005,4.623697625609849
ankped,direct_ctw,30,nearest,,10.0,232.0,0.8280557023728848,0.9724105655518077,4.291040774689925,4.416053819983523
ankped,markov_order_1,30,linear,,10.0,1007.0,0.771822595095184,1.4593527703183422,4.48600163539005,4.623697625609849
ankped,markov_order_1,30,nearest,,10.0,232.0,0.6987389590018187,1.4497879385415384,4.291040774689925,4.416053819983523
ankped,markov_order_2,30,linear,,10.0,1007.0,0.770790025707724,1.464261489962974,4.48600163539005,4.623697625609849
ankped,markov_order_2,30,nearest,,10.0,232.0,0.6959211453016249,1.4502991445777682,4.291040774689925,4.416053819983523
ankped,vq_ctw,30,linear,256.0,10.0,1007.0,1.0,0.0,5.479933611300605,5.479933611300605
ankped,vq_ctw,30,nearest,256.0,10.0,232.0,1.0,0.0,7.924141800297267,7.924141800297267
ankped,vq_ctw,30,linear,512.0,10.0,1007.0,1.0,0.0,5.772098308512507,5.772098308512507
ankped,vq_ctw,30,nearest,512.0,10.0,232.0,1.0,0.0,7.553827507195861,7.553827507195861
ankped,vq_ctw,30,linear,1024.0,10.0,1007.0,1.0,0.0,5.455833986378547,5.455833986378547
ankped,vq_ctw,30,nearest,1024.0,10.0,232.0,1.0,0.0,6.99788438706231,6.99788438706231
ansyut,direct_ctw,30,linear,,10.0,1002.0,0.8201280888745678,1.3020513314555586,4.363551675104878,4.514847628464703
ansyut,direct_ctw,30,nearest,,10.0,199.0,0.8186062015778267,1.030612195242493,3.979654871841342,4.138234907702932
ansyut,markov_order_1,30,linear,,10.0,1002.0,0.769522230605987,1.576165316374547,4.363551675104878,4.514847628464703
ansyut,markov_order_1,30,nearest,,10.0,199.0,0.6522907040353237,1.5876796112124216,3.979654871841342,4.138234907702932
ansyut,markov_order_2,30,linear,,10.0,1002.0,0.7616797706572693,1.6166882394841573,4.363551675104878,4.514847628464703
ansyut,markov_order_2,30,nearest,,10.0,199.0,0.6794786701427492,1.5205582943581435,3.979654871841342,4.138234907702932
ansyut,vq_ctw,30,linear,256.0,10.0,1002.0,1.0,0.0,6.553288079644297,6.553288079644297
ansyut,vq_ctw,30,nearest,256.0,10.0,199.0,1.0,0.0,8.779957074200457,8.779957074200457
ansyut,vq_ctw,30,linear,512.0,10.0,1002.0,1.0,0.0,6.405627755439843,6.405627755439843
ansyut,vq_ctw,30,nearest,512.0,10.0,199.0,1.0,0.0,8.859144266944647,8.859144266944647
ansyut,vq_ctw,30,linear,1024.0,10.0,1002.0,1.0,0.0,6.307175184497831,6.307175184497831
ansyut,vq_ctw,30,nearest,1024.0,10.0,199.0,1.0,0.0,8.195468160949089,8.195468160949089
anucks,direct_ctw,30,linear,,10.0,1007.0,0.8088185505469673,1.3653155795970144,4.3678300279546125,4.518250166595325
anucks,markov_order_1,30,linear,,10.0,1007.0,0.7513027366362143,1.669557975416108,4.3678300279546125,4.518250166595325
anucks,markov_order_2,30,linear,,10.0,1007.0,0.7457443467860319,1.6975338073207344,4.3678300279546125,4.518250166595325
anucks,vq_ctw,30,linear,256.0,10.0,1007.0,1.0,0.0,6.810526019393456,6.810526019393456
anucks,vq_ctw,30,linear,512.0,10.0,1007.0,1.0,0.0,6.472624277370867,6.472624277370867
anucks,vq_ctw,30,linear,1024.0,10.0,1007.0,1.0,0.0,6.442734405004308,6.442734405004308
anupwr,direct_ctw,30,linear,,10.0,1007.0,0.8525807129328538,1.1318368258307125,3.798505328103134,4.056764112403219
anupwr,markov_order_1,30,linear,,10.0,1007.0,0.8055549529374986,1.4077562917479105,3.798505328103134,4.056764112403219
anupwr,markov_order_2,30,linear,,10.0,1007.0,0.7913114564720303,1.4871090520170165,3.798505328103134,4.056764112403219
anupwr,vq_ctw,30,linear,256.0,10.0,1007.0,1.0,0.0,9.014758936176172,9.014758936176172
anupwr,vq_ctw,30,linear,512.0,10.0,1007.0,1.0,0.0,8.139502713386989,8.139502713386989
anupwr,vq_ctw,30,linear,1024.0,10.0,1007.0,1.0,0.0,8.267395738463923,8.267395738463923
apigcy,direct_ctw,30,linear,,10.0,1007.0,0.8109927991457118,1.298528626414525,4.510727756275765,4.669730318095347
apigcy,direct_ctw,30,nearest,,10.0,178.0,0.8128354641618333,1.0336480707093207,4.335372323660405,4.487076079777128
apigcy,markov_order_1,30,linear,,10.0,1007.0,0.7685791559337389,1.5140666623428713,4.510727756275765,4.669730318095347
apigcy,markov_order_1,30,nearest,,10.0,178.0,0.6537614070272315,1.5964336900224276,4.335372323660405,4.487076079777128
apigcy,markov_order_2,30,linear,,10.0,1007.0,0.7641496264545087,1.5356992216938603,4.510727756275765,4.669730318095347
apigcy,markov_order_2,30,nearest,,10.0,178.0,0.6621582188324381,1.5401473072892893,4.335372323660405,4.487076079777128
apigcy,vq_ctw,30,linear,256.0,10.0,1007.0,1.0,0.0,6.195259700131642,6.195259700131642
apigcy,vq_ctw,30,nearest,256.0,10.0,178.0,1.0,0.0,7.598372445491266,7.598372445491266
apigcy,vq_ctw,30,linear,512.0,10.0,1007.0,1.0,0.0,6.091390054956923,6.091390054956923
apigcy,vq_ctw,30,nearest,512.0,10.0,178.0,1.0,0.0,7.157186222070906,7.157186222070906
apigcy,vq_ctw,30,linear,1024.0,10.0,1007.0,1.0,0.0,5.878867722698714,5.878867722698714
apigcy,vq_ctw,30,nearest,1024.0,10.0,178.0,1.0,0.0,6.538576379615105,6.538576379615105
appsri,direct_ctw,30,linear,,10.0,1007.0,0.8343137921176684,1.1128808575117857,4.562157944581334,4.696623460697587
appsri,direct_ctw,30,nearest,,10.0,45.0,0.8081692897824926,1.0889469138039247,4.451921684164665,4.669128613469965
appsri,markov_order_1,30,linear,,10.0,1007.0,0.7952911380556094,1.3059368640291633,4.562157944581334,4.696623460697587
appsri,markov_order_1,30,nearest,,10.0,45.0,0.6347785660761507,1.6773750596887957,4.451921684164665,4.669128613469965
appsri,markov_order_2,30,linear,,10.0,1007.0,0.7973604595748349,1.2960569789784053,4.562157944581334,4.696623460697587
appsri,markov_order_2,30,nearest,,10.0,45.0,0.6242661952853511,1.706440744287684,4.451921684164665,4.669128613469965
appsri,vq_ctw,30,linear,256.0,10.0,1007.0,1.0,0.0,5.299476479819427,5.299476479819427
appsri,vq_ctw,30,nearest,256.0,10.0,45.0,1.0,0.0,6.925346950419325,6.925346950419325
appsri,vq_ctw,30,linear,512.0,10.0,1007.0,1.0,0.0,5.582619595337784,5.582619595337784
appsri,vq_ctw,30,nearest,512.0,10.0,45.0,1.0,0.0,7.677596171282001,7.677596171282001
appsri,vq_ctw,30,linear,1024.0,10.0,1007.0,1.0,0.0,5.185497161569463,5.185497161569463
appsri,vq_ctw,30,nearest,1024.0,10.0,45.0,1.0,0.0,6.931576717508828,6.931576717508828
apssky,direct_ctw,30,linear,,10.0,1007.0,0.8186541702009884,1.2270498738695008,4.329801942946814,4.464659491005354
apssky,direct_ctw,30,nearest,,10.0,188.0,0.8162169537121086,1.0409462954768325,4.209537763451904,4.376101724993071
apssky,markov_order_1,30,linear,,10.0,1007.0,0.776283311307809,1.4380462976255222,4.329801942946814,4.464659491005354
apssky,markov_order_1,30,nearest,,10.0,188.0,0.6654234166907683,1.5600364182945936,4.209537763451904,4.376101724993071
apssky,markov_order_2,30,linear,,10.0,1007.0,0.780152694234297,1.4194305070797368,4.329801942946814,4.464659491005354
apssky,markov_order_2,30,nearest,,10.0,188.0,0.6840614383476771,1.507383551307325,4.209537763451904,4.376101724993071
apssky,vq_ctw,30,linear,256.0,10.0,1007.0,1.0,0.0,5.990312006757971,5.990312006757971
apssky,vq_ctw,30,nearest,256.0,10.0,188.0,1.0,0.0,7.91267272924943,7.91267272924943
apssky,vq_ctw,30,linear,512.0,10.0,1007.0,1.0,0.0,6.025698513282519,6.025698513282519
apssky,vq_ctw,30,nearest,512.0,10.0,188.0,1.0,0.0,7.935619185578761,7.935619185578761
apssky,vq_ctw,30,linear,1024.0,10.0,1007.0,1.0,0.0,5.740975751632594,5.740975751632594
apssky,vq_ctw,30,nearest,1024.0,10.0,188.0,1.0,0.0,7.3022806621142315,7.3022806621142315
aquawa,direct_ctw,30,linear,,10.0,1007.0,0.8402674781384591,1.2577267652975601,4.420750954834401,4.568766139333492
aquawa,direct_ctw,30,nearest,,10.0,82.0,0.8238178263369309,0.9860363156407906,4.416243862806741,4.582210678725776
aquawa,markov_order_1,30,linear,,10.0,1007.0,0.7908926945232091,1.5567322836803306,4.420750954834401,4.568766139333492
aquawa,markov_order_1,30,nearest,,10.0,82.0,0.7226626033941373,1.3502170351852785,4.416243862806741,4.582210678725776
aquawa,markov_order_2,30,linear,,10.0,1007.0,0.7776601450162974,1.6330745413334347,4.420750954834401,4.568766139333492
aquawa,markov_order_2,30,nearest,,10.0,82.0,0.7181294998518803,1.36331596463291,4.416243862806741,4.582210678725776
aquawa,vq_ctw,30,linear,256.0,10.0,1007.0,1.0,0.0,6.093720656104228,6.093720656104228
aquawa,vq_ctw,30,nearest,256.0,10.0,82.0,1.0,0.0,7.115236937347019,7.115236937347019
aquawa,vq_ctw,30,linear,512.0,10.0,1007.0,1.0,0.0,6.230793289772545,6.230793289772545
aquawa,vq_ctw,30,nearest,512.0,10.0,82.0,1.0,0.0,7.4114055376106664,7.4114055376106664
aquawa,vq_ctw,30,linear,1024.0,10.0,1007.0,1.0,0.0,6.099891746451575,6.099891746451575
aquawa,vq_ctw,30,nearest,1024.0,10.0,82.0,1.0,0.0,6.77907681920722,6.77907681920722
arcksy,direct_ctw,30,linear,,10.0,1007.0,0.7847643697745059,1.3556147894673087,4.4652997417893525,4.606538252781207
arcksy,direct_ctw,30,nearest,,10.0,269.0,0.824644370576874,1.0179598181365048,4.191144165445761,4.377744346684997
arcksy,markov_order_1,30,linear,,10.0,1007.0,0.7430984116794802,1.5432486790707154,4.4652997417893525,4.606538252781207
arcksy,markov_order_1,30,nearest,,10.0,269.0,0.6671175193282737,1.5755231774799787,4.191144165445761,4.377744346684997
arcksy,markov_order_2,30,linear,,10.0,1007.0,0.7398723508808621,1.5572095718036312,4.4652997417893525,4.606538252781207
arcksy,markov_order_2,30,nearest,,10.0,269.0,0.6748519195755216,1.55593284254657,4.191144165445761,4.377744346684997
arcksy,vq_ctw,30,linear,256.0,10.0,1007.0,1.0,0.0,6.0095682245018,6.0095682245018
arcksy,vq_ctw,30,nearest,256.0,10.0,269.0,1.0,0.0,8.640306964651145,8.640306964651145
arcksy,vq_ctw,30,linear,512.0,10.0,1007.0,1.0,0.0,6.243744342102603,6.243744342102603
arcksy,vq_ctw,30,nearest,512.0,10.0,269.0,1.0,0.0,8.507902098921125,8.507902098921125
arcksy,vq_ctw,30,linear,1024.0,10.0,1007.0,1.0,0.0,5.957643321126637,5.957643321126637
arcksy,vq_ctw,30,nearest,1024.0,10.0,269.0,1.0,0.0,7.8428179161784035,7.8428179161784035
arcuim,direct_ctw,30,linear,,10.0,1006.0,0.845482240895981,1.2093354160906065,4.2331819307979135,4.378767144759467
arcuim,direct_ctw,30,nearest,,10.0,142.0,0.8419758927740013,0.942474210911673,3.9402378916164063,4.085340968197813
arcuim,markov_order_1,30,linear,,10.0,1006.0,0.797619771764717,1.4971964425111033,4.2331819307979135,4.378767144759467
arcuim,markov_order_1,30,nearest,,10.0,142.0,0.6843623747151022,1.52464936524456,3.9402378916164063,4.085340968197813
arcuim,markov_order_2,30,linear,,10.0,1006.0,0.7883415052777909,1.5504999664964605,4.2331819307979135,4.378767144759467
arcuim,markov_order_2,30,nearest,,10.0,142.0,0.6955048014534233,1.4837746915319718,3.9402378916164063,4.085340968197813
arcuim,vq_ctw,30,linear,256.0,10.0,1006.0,1.0,0.0,7.058725082450757,7.058725082450757
arcuim,vq_ctw,30,nearest,256.0,10.0,142.0,1.0,0.0,8.877957977020298,8.877957977020298
arcuim,vq_ctw,30,linear,512.0,10.0,1006.0,1.0,0.0,6.6910944129446985,6.6910944129446985
arcuim,vq_ctw,30,nearest,512.0,10.0,142.0,1.0,0.0,9.280344724839587,9.280344724839587
arcuim,vq_ctw,30,linear,1024.0,10.0,1006.0,1.0,0.0,6.766319212856386,6.766319212856386
arcuim,vq_ctw,30,nearest,1024.0,10.0,142.0,1.0,0.0,8.52394395255615,8.52394395255615
arcurb,direct_ctw,30,linear,,10.0,1008.0,0.7990218797052353,1.3268143882955785,4.385567493178643,4.538398932022367
arcurb,direct_ctw,30,nearest,,10.0,186.0,0.818651870307714,1.0252614523978019,4.220292405818156,4.3945239524113315
arcurb,markov_order_1,30,linear,,10.0,1008.0,0.7501246341266323,1.5607066218474208,4.385567493178643,4.538398932022367
arcurb,markov_order_1,30,nearest,,10.0,186.0,0.6569951345289105,1.5816084152770955,4.220292405818156,4.3945239524113315
arcurb,markov_order_2,30,linear,,10.0,1008.0,0.7469305552653688,1.5753152654638478,4.385567493178643,4.538398932022367
arcurb,markov_order_2,30,nearest,,10.0,186.0,0.6623495408657304,1.5674269405939272,4.220292405818156,4.3945239524113315
arcurb,vq_ctw,30,linear,256.0,10.0,1008.0,1.0,0.0,6.047098140887234,6.047098140887234
arcurb,vq_ctw,30,nearest,256.0,10.0,186.0,1.0,0.0,7.954977696941485,7.954977696941485
arcurb,vq_ctw,30,linear,512.0,10.0,1008.0,1.0,0.0,6.218105234813881,6.218105234813881
arcurb,vq_ctw,30,nearest,512.0,10.0,186.0,1.0,0.0,8.312352908646458,8.312352908646458
arcurb,vq_ctw,30,linear,1024.0,10.0,1008.0,1.0,0.0,5.891613328423394,5.891613328423394
arcurb,vq_ctw,30,nearest,1024.0,10.0,186.0,1.0,0.0,7.61962767095404,7.61962767095404
arhilb,direct_ctw,30,linear,,10.0,1007.0,0.8120879135670418,1.3924405640666992,4.368621331088058,4.513856595773207
arhilb,direct_ctw,30,nearest,,10.0,116.0,0.818201166810835,1.047387321245505,4.062465625865524,4.229166228733682
arhilb,markov_order_1,30,linear,,10.0,1007.0,0.763202859612121,1.6659268857964056,4.368621331088058,4.513856595773207
arhilb,markov_order_1,30,nearest,,10.0,116.0,0.6471362370424691,1.6411836677792606,4.062465625865524,4.229166228733682
arhilb,markov_order_2,30,linear,,10.0,1007.0,0.7446486164112339,1.7645626131934244,4.368621331088058,4.513856595773207
arhilb,markov_order_2,30,nearest,,10.0,116.0,0.6629051102135396,1.5945389592047459,4.062465625865524,4.229166228733682
arhilb,vq_ctw,30,linear,256.0,10.0,1007.0,1.0,0.0,6.9141939657180504,6.9141939657180504
arhilb,vq_ctw,30,nearest,256.0,10.0,116.0,1.0,0.0,7.6676597692087105,7.6676597692087105
arhilb,vq_ctw,30,linear,512.0,10.0,1007.0,1.0,0.0,6.746414804246235,6.746414804246235
arhilb,vq_ctw,30,nearest,512.0,10.0,116.0,1.0,0.0,7.729691488905394,7.729691488905394
arhilb,vq_ctw,30,linear,1024.0,10.0,1007.0,1.0,0.0,6.605664395277935,6.605664395277935
arhilb,vq_ctw,30,nearest,1024.0,10.0,116.0,1.0,0.0,7.242229616822848,7.242229616822848
arlwra,direct_ctw,30,linear,,10.0,1007.0,0.8089070151321001,1.4681242479222707,4.099932507962515,4.30842155112457
arlwra,direct_ctw,30,nearest,,10.0,128.0,0.8268245706836126,1.025845615287623,4.054467172486257,4.186863762156343
arlwra,markov_order_1,30,linear,,10.0,1007.0,0.7451817972173201,1.8380986717904995,4.099932507962515,4.30842155112457
arlwra,markov_order_1,30,nearest,,10.0,128.0,0.6817625114395927,1.5697226645966076,4.054467172486257,4.186863762156343
arlwra,markov_order_2,30,linear,,10.0,1007.0,0.7216213363276553,1.9667468638048706,4.099932507962515,4.30842155112457
arlwra,markov_order_2,30,nearest,,10.0,128.0,0.6835906311613109,1.5653104545659455,4.054467172486257,4.186863762156343
arlwra,vq_ctw,30,linear,256.0,10.0,1007.0,1.0,0.0,8.754425292179384,8.754425292179384
arlwra,vq_ctw,30,nearest,256.0,10.0,128.0,1.0,0.0,8.575266422835913,8.575266422835913
arlwra,vq_ctw,30,linear,512.0,10.0,1007.0,1.0,0.0,8.424885822054478,8.424885822054478
arlwra,vq_ctw,30,nearest,512.0,10.0,128.0,1.0,0.0,9.15792747205917,9.15792747205917
arlwra,vq_ctw,30,linear,1024.0,10.0,1007.0,1.0,0.0,8.553747534823309,8.553747534823309
arlwra,vq_ctw,30,nearest,1024.0,10.0,128.0,1.0,0.0,8.695523728694631,8.695523728694631
arphau,direct_ctw,30,linear,,10.0,1007.0,0.8014731569267833,1.3482871821398859,4.817874580723774,4.93115759253224
arphau,direct_ctw,30,nearest,,10.0,210.0,0.8172479462487532,1.036584555254881,4.593502053646255,4.716764359841574
arphau,markov_order_1,30,linear,,10.0,1007.0,0.7528027495131429,1.5904023192833916,4.817874580723774,4.93115759253224
arphau,markov_order_1,30,nearest,,10.0,210.0,0.6323777857627512,1.6663837249068405,4.593502053646255,4.716764359841574
arphau,markov_order_2,30,linear,,10.0,1007.0,0.7506570045365595,1.6006337305171865,4.817874580723774,4.93115759253224
arphau,markov_order_2,30,nearest,,10.0,210.0,0.657739920166305,1.583464854525693,4.593502053646255,4.716764359841574
arphau,vq_ctw,30,linear,256.0,10.0,1007.0,1.0,0.0,5.424971144463227,5.424971144463227
arphau,vq_ctw,30,nearest,256.0,10.0,210.0,1.0,0.0,7.659582394119504,7.659582394119504
arphau,vq_ctw,30,linear,512.0,10.0,1007.0,1.0,0.0,5.798940398586692,5.798940398586692
arphau,vq_ctw,30,nearest,512.0,10.0,210.0,1.0,0.0,7.278657694928792,7.278657694928792
arphau,vq_ctw,30,linear,1024.0,10.0,1007.0,1.0,0.0,5.254348679530275,5.254348679530275
arphau,vq_ctw,30,nearest,1024.0,10.0,210.0,1.0,0.0,6.498422623521365,6.498422623521365
artgag,direct_ctw,30,linear,,10.0,900.0,0.8059545793797288,1.4486576589657287,4.243006019820439,4.411899132402883
artgag,direct_ctw,30,nearest,,10.0,190.0,0.8236378804665314,1.0461001466754163,4.07821863152622,4.245663730554788
artgag,markov_order_1,30,linear,,10.0,900.0,0.7545325930108813,1.7385963147050183,4.243006019820439,4.411899132402883
artgag,markov_order_1,30,nearest,,10.0,190.0,0.6574359262407989,1.6522094895436261,4.07821863152622,4.245663730554788
artgag,markov_order_2,30,linear,,10.0,900.0,0.7330046220736108,1.8536662413810503,4.243006019820439,4.411899132402883
artgag,markov_order_2,30,nearest,,10.0,190.0,0.6658173975761188,1.6261471185299095,4.07821863152622,4.245663730554788
artgag,vq_ctw,30,linear,256.0,10.0,900.0,1.0,0.0,7.086221910045192,7.086221910045192
artgag,vq_ctw,30,nearest,256.0,10.0,190.0,1.0,0.0,8.372388264304092,8.372388264304092
artgag,vq_ctw,30,linear,512.0,10.0,900.0,1.0,0.0,7.126772626586328,7.126772626586328
artgag,vq_ctw,30,nearest,512.0,10.0,190.0,1.0,0.0,8.257715567192994,8.257715567192994
artgag,vq_ctw,30,linear,1024.0,10.0,900.0,1.0,0.0,6.848470261930815,6.848470261930815
artgag,vq_ctw,30,nearest,1024.0,10.0,190.0,1.0,0.0,7.782477071153828,7.782477071153828
ascley,direct_ctw,30,linear,,10.0,995.0,0.8008834000787267,1.3513424606953202,4.509199040189125,4.651174945958974
ascley,markov_order_1,30,linear,,10.0,995.0,0.7520887827262829,1.5938106312852696,4.509199040189125,4.651174945958974
ascley,markov_order_2,30,linear,,10.0,995.0,0.7457342664706264,1.623972715374161,4.509199040189125,4.651174945958974
ascley,vq_ctw,30,linear,256.0,10.0,995.0,1.0,0.0,5.9063437822757825,5.9063437822757825
ascley,vq_ctw,30,linear,512.0,10.0,995.0,1.0,0.0,6.3384134932143645,6.3384134932143645
ascley,vq_ctw,30,linear,1024.0,10.0,995.0,1.0,0.0,5.781297168023772,5.781297168023772
ashgat,direct_ctw,30,linear,,10.0,480.0,0.8028205010335424,1.3077895966882511,4.558648643682192,4.700451395077442
ashgat,direct_ctw,30,nearest,,10.0,188.0,0.817363872345425,1.0416709078715047,4.194450735896579,4.362211079977863
ashgat,markov_order_1,30,linear,,10.0,480.0,0.728015389147457,1.6602518677545623,4.558648643682192,4.700451395077442
ashgat,markov_order_1,30,nearest,,10.0,188.0,0.6445537439375538,1.6721082759100292,4.194450735896579,4.362211079977863
ashgat,markov_order_2,30,linear,,10.0,480.0,0.7314625582653125,1.6449704447997429,4.558648643682192,4.700451395077442
ashgat,markov_order_2,30,nearest,,10.0,188.0,0.6353918630497031,1.706138470677967,4.194450735896579,4.362211079977863
ashgat,vq_ctw,30,linear,256.0,10.0,480.0,1.0,0.0,6.379936887195737,6.379936887195737
ashgat,vq_ctw,30,nearest,256.0,10.0,188.0,1.0,0.0,8.458559717889905,8.458559717889905
ashgat,vq_ctw,30,linear,512.0,10.0,480.0,1.0,0.0,6.374661558180649,6.374661558180649
ashgat,vq_ctw,30,nearest,512.0,10.0,188.0,1.0,0.0,8.109310780903833,8.109310780903833
ashgat,vq_ctw,30,linear,1024.0,10.0,480.0,1.0,0.0,6.199343674668367,6.199343674668367
ashgat,vq_ctw,30,nearest,1024.0,10.0,188.0,1.0,0.0,7.739338222519182,7.739338222519182
asigno,direct_ctw,30,linear,,10.0,1007.0,0.7935379593394414,1.4986657437816377,4.492806430830603,4.633819325352532
asigno,direct_ctw,30,nearest,,10.0,356.0,0.8084667885743925,1.10658439501486,4.352374375605212,4.506422429309019
asigno,markov_order_1,30,linear,,10.0,1007.0,0.7393684912526384,1.7921490202067152,4.492806430830603,4.633819325352532
asigno,markov_order_1,30,nearest,,10.0,356.0,0.6192990905917454,1.7616890843640656,4.352374375605212,4.506422429309019
asigno,markov_order_2,30,linear,,10.0,1007.0,0.7230829120376342,1.8759310334449668,4.492806430830603,4.633819325352532
asigno,markov_order_2,30,nearest,,10.0,356.0,0.6529180669800518,1.6726504950506489,4.352374375605212,4.506422429309019
asigno,vq_ctw,30,linear,256.0,10.0,1007.0,1.0,0.0,6.498711146440124,6.498711146440124
asigno,vq_ctw,30,nearest,256.0,10.0,356.0,1.0,0.0,7.680424240108415,7.680424240108415
asigno,vq_ctw,30,linear,512.0,10.0,1007.0,1.0,0.0,6.6249064492872085,6.6249064492872085
asigno,vq_ctw,30,nearest,512.0,10.0,356.0,1.0,0.0,7.520778194993767,7.520778194993767
asigno,vq_ctw,30,linear,1024.0,10.0,1007.0,1.0,0.0,6.411905118702521,6.411905118702521
asigno,vq_ctw,30,nearest,1024.0,10.0,356.0,1.0,0.0,6.997198946277573,6.997198946277573
askmec,direct_ctw,30,linear,,10.0,1007.0,0.7930177749361571,1.5237294290541363,4.117745196087689,4.341927278687488
askmec,direct_ctw,30,nearest,,10.0,115.0,0.8073168224507222,1.1524163263198444,4.212343824522081,4.397665199963561
askmec,markov_order_1,30,linear,,10.0,1007.0,0.728741216792966,1.8760435808862599,4.117745196087689,4.341927278687488
askmec,markov_order_1,30,nearest,,10.0,115.0,0.6296484892441241,1.8108230510674,4.212343824522081,4.397665199963561
askmec,markov_order_2,30,linear,,10.0,1007.0,0.708924426638569,1.9783346024821218,4.117745196087689,4.341927278687488
askmec,markov_order_2,30,nearest,,10.0,115.0,0.6314924112376759,1.8050395886820296,4.212343824522081,4.397665199963561
askmec,vq_ctw,30,linear,256.0,10.0,1007.0,1.0,0.0,8.839566403841099,8.839566403841099
askmec,vq_ctw,30,nearest,256.0,10.0,115.0,1.0,0.0,8.640782697033556,8.640782697033556
askmec,vq_ctw,30,linear,512.0,10.0,1007.0,1.0,0.0,7.849256262201228,7.849256262201228
askmec,vq_ctw,30,nearest,512.0,10.0,115.0,1.0,0.0,8.93041129486201,8.93041129486201
askmec,vq_ctw,30,linear,1024.0,10.0,1007.0,1.0,0.0,8.237695057228128,8.237695057228128
askmec,vq_ctw,30,nearest,1024.0,10.0,115.0,1.0,0.0,8.43435400472849,8.43435400472849
aslagn,direct_ctw,30,linear,,10.0,1004.0,0.7990097512077614,1.4676564765720927,3.882403370824247,4.098883204266263
aslagn,direct_ctw,30,nearest,,10.0,35.0,0.7772186654032252,1.118313778361456,3.5732517373160206,3.7543310631464717
aslagn,markov_order_1,30,linear,,10.0,1004.0,0.7405364106811894,1.7860652135285493,3.882403370824247,4.098883204266263
aslagn,markov_order_1,30,nearest,,10.0,35.0,0.6401684674198729,1.512862745466869,3.5732517373160206,3.7543310631464717
aslagn,markov_order_2,30,linear,,10.0,1004.0,0.7276491185180015,1.8526358325807506,3.882403370824247,4.098883204266263
aslagn,markov_order_2,30,nearest,,10.0,35.0,0.6473228529791195,1.495416329041382,3.5732517373160206,3.7543310631464717
aslagn,vq_ctw,30,linear,256.0,10.0,1004.0,1.0,0.0,8.42370565755698,8.42370565755698
aslagn,vq_ctw,30,nearest,256.0,10.0,35.0,1.0,0.0,8.498726272516222,8.498726272516222
aslagn,vq_ctw,30,linear,512.0,10.0,1004.0,1.0,0.0,7.2740481373335015,7.2740481373335015
aslagn,vq_ctw,30,nearest,512.0,10.0,35.0,1.0,0.0,11.05099511908773,11.05099511908773
aslagn,vq_ctw,30,linear,1024.0,10.0,1004.0,1.0,0.0,7.685471259281967,7.685471259281967
aslagn,vq_ctw,30,nearest,1024.0,10.0,35.0,1.0,0.0,10.823940398795779,10.823940398795779
aswift,direct_ctw,30,linear,,10.0,1007.0,0.8640113828871103,1.0913931032541722,4.323604874920062,4.454341367416849
aswift,direct_ctw,30,nearest,,10.0,172.0,0.8575769067735795,0.8835794067087762,4.227432735964854,4.383289465925852
aswift,markov_order_1,30,linear,,10.0,1007.0,0.8243511603498398,1.3392226875750044,4.323604874920062,4.454341367416849
aswift,markov_order_1,30,nearest,,10.0,172.0,0.7379801317216905,1.3706944311103852,4.227432735964854,4.383289465925852
aswift,markov_order_2,30,linear,,10.0,1007.0,0.8082613676372804,1.4351114342101272,4.323604874920062,4.454341367416849
aswift,markov_order_2,30,nearest,,10.0,172.0,0.7292745630194716,1.4007323953171358,4.227432735964854,4.383289465925852
aswift,vq_ctw,30,linear,256.0,10.0,1007.0,1.0,0.0,7.212088859779755,7.212088859779755
aswift,vq_ctw,30,nearest,256.0,10.0,172.0,1.0,0.0,8.287995176141873,8.287995176141873
aswift,vq_ctw,30,linear,512.0,10.0,1007.0,1.0,0.0,7.387188618612001,7.387188618612001
aswift,vq_ctw,30,nearest,512.0,10.0,172.0,1.0,0.0,8.663141599640108,8.663141599640108
aswift,vq_ctw,30,linear,1024.0,10.0,1007.0,1.0,0.0,7.267493141126463,7.267493141126463
aswift,vq_ctw,30,nearest,1024.0,10.0,172.0,1.0,0.0,8.139744960073083,8.139744960073083
atcila,direct_ctw,30,linear,,10.0,1007.0,0.8349615517938795,1.3063818033039958,4.168480490303504,4.329748696673794
atcila,direct_ctw,30,nearest,,10.0,35.0,0.8394995254923319,0.9565064543999213,3.8396830024990867,4.070263070108918
atcila,markov_order_1,30,linear,,10.0,1007.0,0.7954180366062704,1.5493257592233292,4.168480490303504,4.329748696673794
atcila,markov_order_1,30,nearest,,10.0,35.0,0.6945361401881857,1.4987954038989415,3.8396830024990867,4.070263070108918
atcila,markov_order_2,30,linear,,10.0,1007.0,0.7745398095279563,1.6718538199477453,4.168480490303504,4.329748696673794
atcila,markov_order_2,30,nearest,,10.0,35.0,0.6781194713545194,1.5501758090033162,3.8396830024990867,4.070263070108918
atcila,vq_ctw,30,linear,256.0,10.0,1007.0,1.0,0.0,7.626103587099581,7.626103587099581
atcila,vq_ctw,30,nearest,256.0,10.0,35.0,1.0,0.0,9.724967856464367,9.724967856464367
atcila,vq_ctw,30,linear,512.0,10.0,1007.0,1.0,0.0,7.310307426719942,7.310307426719942
atcila,vq_ctw,30,nearest,512.0,10.0,35.0,1.0,0.0,10.215887012779934,10.215887012779934
atcila,vq_ctw,30,linear,1024.0,10.0,1007.0,1.0,0.0,7.327958436549267,7.327958436549267
atcila,vq_ctw,30,nearest,1024.0,10.0,35.0,1.0,0.0,9.26714784610171,9.26714784610171
atfrav,direct_ctw,30,linear,,10.0,752.0,0.8671163712853673,0.9087930397923286,4.387637416224395,4.5321021141481586
atfrav,direct_ctw,30,nearest,,10.0,38.0,0.8413895296391722,0.9481959121046963,4.066829233229477,4.180536568877176
atfrav,markov_order_1,30,linear,,10.0,752.0,0.8294896737200137,1.0996336583560768,4.387637416224395,4.5321021141481586
atfrav,markov_order_1,30,nearest,,10.0,38.0,0.7056208690042219,1.4630693358812692,4.066829233229477,4.180536568877176
atfrav,markov_order_2,30,linear,,10.0,752.0,0.8370894532411136,1.0623449150226012,4.387637416224395,4.5321021141481586
atfrav,markov_order_2,30,nearest,,10.0,38.0,0.6967781986455223,1.4916372246740064,4.066829233229477,4.180536568877176
atfrav,vq_ctw,30,linear,256.0,10.0,752.0,1.0,0.0,5.295763861317816,5.295763861317816
atfrav,vq_ctw,30,nearest,256.0,10.0,38.0,1.0,0.0,7.339484416617425,7.339484416617425
atfrav,vq_ctw,30,linear,512.0,10.0,752.0,1.0,0.0,5.381567712813076,5.381567712813076
atfrav,vq_ctw,30,nearest,512.0,10.0,38.0,1.0,0.0,7.757390774330721,7.757390774330721
atfrav,vq_ctw,30,linear,1024.0,10.0,752.0,1.0,0.0,5.119639675436486,5.119639675436486
atfrav,vq_ctw,30,nearest,1024.0,10.0,38.0,1.0,0.0,7.483595550661142,7.483595550661142
atfrim,direct_ctw,30,linear,,10.0,1006.0,0.7965390405728139,1.5236959512428438,4.151056169974772,4.343670592909226
atfrim,direct_ctw,30,nearest,,10.0,138.0,0.8289760004077529,1.096949283138716,4.244103826130568,4.468034331647629
atfrim,markov_order_1,30,linear,,10.0,1006.0,0.7212752179180038,1.9426546425767457,4.151056169974772,4.343670592909226
atfrim,markov_order_1,30,nearest,,10.0,138.0,0.6329717733232392,1.8895666593692613,4.244103826130568,4.468034331647629
atfrim,markov_order_2,30,linear,,10.0,1006.0,0.7017357087457243,2.0444447765761566,4.151056169974772,4.343670592909226
atfrim,markov_order_2,30,nearest,,10.0,138.0,0.6257959746983442,1.914888663826524,4.244103826130568,4.468034331647629
atfrim,vq_ctw,30,linear,256.0,10.0,1006.0,1.0,0.0,10.39671869782489,10.39671869782489
atfrim,vq_ctw,30,nearest,256.0,10.0,138.0,1.0,0.0,10.799335827304088,10.799335827304088
atfrim,vq_ctw,30,linear,512.0,10.0,1006.0,1.0,0.0,9.324506521079202,9.324506521079202
atfrim,vq_ctw,30,nearest,512.0,10.0,138.0,1.0,0.0,11.953225380250442,11.953225380250442
atfrim,vq_ctw,30,linear,1024.0,10.0,1006.0,1.0,0.0,9.826495473678293,9.826495473678293
atfrim,vq_ctw,30,nearest,1024.0,10.0,138.0,1.0,0.0,11.352076617739625,11.352076617739625
atidfi,direct_ctw,30,linear,,10.0,1007.0,0.8178312711818772,1.3589029003260313,4.376094896983233,4.532461508793273
atidfi,direct_ctw,30,nearest,,10.0,309.0,0.8172214204274497,1.0240929393280132,4.190607453051879,4.342925947593497
atidfi,markov_order_1,30,linear,,10.0,1007.0,0.7716245636396731,1.6202580919734495,4.376094896983233,4.532461508793273
atidfi,markov_order_1,30,nearest,,10.0,309.0,0.6296673177823265,1.6441903616732338,4.190607453051879,4.342925947593497
atidfi,markov_order_2,30,linear,,10.0,1007.0,0.7549144120416162,1.7103200840212882,4.376094896983233,4.532461508793273
atidfi,markov_order_2,30,nearest,,10.0,309.0,0.6852231967384677,1.4860391242459976,4.190607453051879,4.342925947593497
atidfi,vq_ctw,30,linear,256.0,10.0,1007.0,1.0,0.0,6.529100210301567,6.529100210301567
atidfi,vq_ctw,30,nearest,256.0,10.0,309.0,1.0,0.0,7.881552529208911,7.881552529208911
atidfi,vq_ctw,30,linear,512.0,10.0,1007.0,1.0,0.0,6.614462082920487,6.614462082920487
atidfi,vq_ctw,30,nearest,512.0,10.0,309.0,1.0,0.0,8.073125345112324,8.073125345112324
atidfi,vq_ctw,30,linear,1024.0,10.0,1007.0,1.0,0.0,6.371662463001272,6.371662463001272
atidfi,vq_ctw,30,nearest,1024.0,10.0,309.0,1.0,0.0,7.488970833990689,7.488970833990689
atnokv,direct_ctw,30,linear,,10.0,1006.0,0.8020062263234067,1.5098725450958672,3.910514869572369,4.146075130666688
atnokv,direct_ctw,30,nearest,,10.0,34.0,0.8224301355069574,1.0870363092059916,4.034688910906704,4.217092272879487
atnokv,markov_order_1,30,linear,,10.0,1006.0,0.7243029519154396,1.9523094698482684,3.910514869572369,4.146075130666688
atnokv,markov_order_1,30,nearest,,10.0,34.0,0.5798458177012656,1.9570934218091698,4.034688910906704,4.217092272879487
atnokv,markov_order_2,30,linear,,10.0,1006.0,0.6997129171209606,2.0827898756717667,3.910514869572369,4.146075130666688
atnokv,markov_order_2,30,nearest,,10.0,34.0,0.6148839882223432,1.8557869897529584,4.034688910906704,4.217092272879487
atnokv,vq_ctw,30,linear,256.0,10.0,1006.0,1.0,0.0,14.924676442433046,14.924676442433046
atnokv,vq_ctw,30,nearest,256.0,10.0,34.0,1.0,0.0,13.671647860138858,13.671647860138858
atnokv,vq_ctw,30,linear,512.0,10.0,1006.0,1.0,0.0,13.36846873097626,13.36846873097626
atnokv,vq_ctw,30,nearest,512.0,10.0,34.0,1.0,0.0,15.316116528736998,15.316116528736998
atnokv,vq_ctw,30,linear,1024.0,10.0,1006.0,1.0,0.0,14.382915805194932,14.382915805194932
atnokv,vq_ctw,30,nearest,1024.0,10.0,34.0,1.0,0.0,14.501352214244193,14.501352214244193
atsfiv,direct_ctw,30,linear,,10.0,166.0,0.8367897734272077,1.1841070573797576,3.9308003723501135,4.148798767170221
atsfiv,direct_ctw,30,nearest,,10.0,39.0,0.8476656573468384,0.9693606893917663,3.766470423549367,3.9772399850733016
atsfiv,markov_order_1,30,linear,,10.0,166.0,0.7342285037734517,1.7182051440783601,3.9308003723501135,4.148798767170221
atsfiv,markov_order_1,30,nearest,,10.0,39.0,0.6548281677529844,1.7311461941924733,3.766470423549367,3.9772399850733016
atsfiv,markov_order_2,30,linear,,10.0,166.0,0.6985911786901517,1.8842646516723391,3.9308003723501135,4.148798767170221
atsfiv,markov_order_2,30,nearest,,10.0,39.0,0.6683340023151957,1.6867240649543185,3.766470423549367,3.9772399850733016
atsfiv,vq_ctw,30,linear,256.0,10.0,166.0,1.0,0.0,11.128032528183194,11.128032528183194
atsfiv,vq_ctw,30,nearest,256.0,10.0,39.0,1.0,0.0,14.606786488387307,14.606786488387307
atsfiv,vq_ctw,30,linear,512.0,10.0,166.0,1.0,0.0,9.711980037935,9.711980037935
atsfiv,vq_ctw,30,nearest,512.0,10.0,39.0,1.0,0.0,18.87921125914253,18.87921125914253
atsfiv,vq_ctw,30,linear,1024.0,10.0,166.0,1.0,0.0,9.787583040686581,9.787583040686581
atsfiv,vq_ctw,30,nearest,1024.0,10.0,39.0,1.0,0.0,18.53760392615831,18.53760392615831
atzumb,direct_ctw,30,linear,,10.0,1007.0,0.8276242083514076,1.2357308194872405,4.588724711553103,4.736456971028728
atzumb,direct_ctw,30,nearest,,10.0,124.0,0.8224625060550855,1.0228133040414165,4.193853194115054,4.372540862113991
atzumb,markov_order_1,30,linear,,10.0,1007.0,0.7849173434946111,1.465575501540085,4.588724711553103,4.736456971028728
atzumb,markov_order_1,30,nearest,,10.0,124.0,0.671093310709586,1.5439404852894187,4.193853194115054,4.372540862113991
atzumb,markov_order_2,30,linear,,10.0,1007.0,0.7798999165237406,1.4915068613113653,4.588724711553103,4.736456971028728
atzumb,markov_order_2,30,nearest,,10.0,124.0,0.6938093025256917,1.4871699903050544,4.193853194115054,4.372540862113991
atzumb,vq_ctw,30,linear,256.0,10.0,1007.0,1.0,0.0,5.857798046258051,5.857798046258051
atzumb,vq_ctw,30,nearest,256.0,10.0,124.0,1.0,0.0,8.189132783941428,8.189132783941428
atzumb,vq_ctw,30,linear,512.0,10.0,1007.0,1.0,0.0,5.825710737475136,5.825710737475136
atzumb,vq_ctw,30,nearest,512.0,10.0,124.0,1.0,0.0,8.288366395752409,8.288366395752409
atzumb,vq_ctw,30,linear,1024.0,10.0,1007.0,1.0,0.0,5.6774218630400615,5.6774218630400615
atzumb,vq_ctw,30,nearest,1024.0,10.0,124.0,1.0,0.0,7.545931589082812,7.545931589082812
aucjun,direct_ctw,30,linear,,10.0,821.0,0.9362373531903729,0.5070276355304565,3.9134792114534243,4.1201875304941105
aucjun,markov_order_1,30,linear,,10.0,821.0,0.9106459353052715,0.6652869929787447,3.9134792114534243,4.1201875304941105
aucjun,markov_order_2,30,linear,,10.0,821.0,0.9171201286072418,0.6264875443313425,3.9134792114534243,4.1201875304941105
aucjun,vq_ctw,30,linear,256.0,10.0,821.0,1.0,0.0,7.095179796017458,7.095179796017458
aucjun,vq_ctw,30,linear,512.0,10.0,821.0,1.0,0.0,6.056933078883013,6.056933078883013
aucjun,vq_ctw,30,linear,1024.0,10.0,821.0,1.0,0.0,6.551981398047775,6.551981398047775
auctji,direct_ctw,30,linear,,10.0,1007.0,0.7979361401515642,1.5154780538357937,4.285440013933426,4.460344974238128
auctji,direct_ctw,30,nearest,,10.0,78.0,0.8374997483755917,1.0172763225311439,4.348407871839789,4.529151117982729
auctji,markov_order_1,30,linear,,10.0,1007.0,0.7232950064058141,1.9319783289918202,4.285440013933426,4.460344974238128
auctji,markov_order_1,30,nearest,,10.0,78.0,0.6448207342291327,1.7615748079526201,4.348407871839789,4.529151117982729
auctji,markov_order_2,30,linear,,10.0,1007.0,0.7060933704192819,2.0219754181801757,4.285440013933426,4.460344974238128
auctji,markov_order_2,30,nearest,,10.0,78.0,0.6397979904869343,1.7724608379289915,4.348407871839789,4.529151117982729
auctji,vq_ctw,30,linear,256.0,10.0,1007.0,1.0,0.0,9.416208932661194,9.416208932661194
auctji,vq_ctw,30,nearest,256.0,10.0,78.0,1.0,0.0,8.476606186001026,8.476606186001026
auctji,vq_ctw,30,linear,512.0,10.0,1007.0,1.0,0.0,8.303951241556799,8.303951241556799
auctji,vq_ctw,30,nearest,512.0,10.0,78.0,1.0,0.0,8.948592865157078,8.948592865157078
auctji,vq_ctw,30,linear,1024.0,10.0,1007.0,1.0,0.0,8.541568468661417,8.541568468661417
auctji,vq_ctw,30,nearest,1024.0,10.0,78.0,1.0,0.0,8.435208912072065,8.435208912072065
aupcli,direct_ctw,30,linear,,10.0,272.0,0.8188858448695999,1.2258508100674457,4.025338160785763,4.222123453910023
aupcli,markov_order_1,30,linear,,10.0,272.0,0.7119588640048586,1.7303007992485944,4.025338160785763,4.222123453910023
aupcli,markov_order_2,30,linear,,10.0,272.0,0.6971528719291804,1.7932847968114152,4.025338160785763,4.222123453910023
aupcli,vq_ctw,30,linear,256.0,10.0,272.0,1.0,0.0,11.600291378373708,11.600291378373708
aupcli,vq_ctw,30,linear,512.0,10.0,272.0,1.0,0.0,10.06523313188858,10.06523313188858
aupcli,vq_ctw,30,linear,1024.0,10.0,272.0,1.0,0.0,10.579649687161279,10.579649687161279
aurjye,direct_ctw,30,linear,,10.0,1007.0,0.8867570516587416,0.9155925605332251,4.190590543320465,4.309760604848229
aurjye,direct_ctw,30,nearest,,10.0,114.0,0.8089533769565361,1.0318473507946302,4.07490253543833,4.261455456572128
aurjye,markov_order_1,30,linear,,10.0,1007.0,0.8419815825175174,1.1960379352958597,4.190590543320465,4.309760604848229
aurjye,markov_order_1,30,nearest,,10.0,114.0,0.6345336014956706,1.5770062177252366,4.07490253543833,4.261455456572128
aurjye,markov_order_2,30,linear,,10.0,1007.0,0.8380433331178725,1.2195786193446474,4.190590543320465,4.309760604848229
aurjye,markov_order_2,30,nearest,,10.0,114.0,0.6896408226428102,1.42837195180551,4.07490253543833,4.261455456572128
aurjye,vq_ctw,30,linear,256.0,10.0,1007.0,1.0,0.0,6.457809124458144,6.457809124458144
aurjye,vq_ctw,30,nearest,256.0,10.0,114.0,1.0,0.0,8.47345617855166,8.47345617855166
aurjye,vq_ctw,30,linear,512.0,10.0,1007.0,1.0,0.0,6.671722303157409,6.671722303157409
aurjye,vq_ctw,30,nearest,512.0,10.0,114.0,1.0,0.0,8.528702557423607,8.528702557423607
aurjye,vq_ctw,30,linear,1024.0,10.0,1007.0,1.0,0.0,6.555927254848694,6.555927254848694
aurjye,vq_ctw,30,nearest,1024.0,10.0,114.0,1.0,0.0,7.845578840620535,7.845578840620535
avdyab,direct_ctw,30,linear,,10.0,1007.0,0.8291219772648003,1.2273538916122184,4.419136069109486,4.573118709790692
avdyab,markov_order_1,30,linear,,10.0,1007.0,0.7873579715372836,1.4528841507674797,4.419136069109486,4.573118709790692
avdyab,markov_order_2,30,linear,,10.0,1007.0,0.785147565474629,1.4643805201333364,4.419136069109486,4.573118709790692
avdyab,vq_ctw,30,linear,256.0,10.0,1007.0,1.0,0.0,6.1933428987580434,6.1933428987580434
avdyab,vq_ctw,30,linear,512.0,10.0,1007.0,1.0,0.0,5.954814560995251,5.954814560995251
avdyab,vq_ctw,30,linear,1024.0,10.0,1007.0,1.0,0.0,5.858074043806863,5.858074043806863
avglyb,direct_ctw,30,linear,,10.0,1007.0,0.8540420669007485,1.1553455564109654,3.9813416113721525,4.181909779031261
avglyb,markov_order_1,30,linear,,10.0,1007.0,0.8082079184235429,1.4354258645887241,3.9813416113721525,4.181909779031261
avglyb,markov_order_2,30,linear,,10.0,1007.0,0.7982826301880268,1.4933591867457492,3.9813416113721525,4.181909779031261
avglyb,vq_ctw,30,linear,256.0,10.0,1007.0,1.0,0.0,9.003336592587395,9.003336592587395
avglyb,vq_ctw,30,linear,512.0,10.0,1007.0,1.0,0.0,7.97167705557809,7.97167705557809
avglyb,vq_ctw,30,linear,1024.0,10.0,1007.0,1.0,0.0,8.405171732898284,8.405171732898284
aviltl,direct_ctw,30,linear,,10.0,1006.0,0.8232395603547858,1.260124034375913,4.502750076427877,4.6366433520594965
aviltl,direct_ctw,30,nearest,,10.0,84.0,0.7928458169606822,1.0640168145283537,4.359793640026503,4.493516214404368
aviltl,markov_order_1,30,linear,,10.0,1006.0,0.7823755205894295,1.478738961171171,4.502750076427877,4.6366433520594965
aviltl,markov_order_1,30,nearest,,10.0,84.0,0.6439552865420649,1.5017306189925168,4.359793640026503,4.493516214404368
aviltl,markov_order_2,30,linear,,10.0,1006.0,0.7745876062539502,1.518731711878363,4.502750076427877,4.6366433520594965
aviltl,markov_order_2,30,nearest,,10.0,84.0,0.6912425219554266,1.380626552635307,4.359793640026503,4.493516214404368
aviltl,vq_ctw,30,linear,256.0,10.0,1006.0,1.0,0.0,6.035557952647505,6.035557952647505
aviltl,vq_ctw,30,nearest,256.0,10.0,84.0,1.0,0.0,7.28025058671369,7.28025058671369
aviltl,vq_ctw,30,linear,512.0,10.0,1006.0,1.0,0.0,6.104918295854835,6.104918295854835
aviltl,vq_ctw,30,nearest,512.0,10.0,84.0,1.0,0.0,6.534467480259688,6.534467480259688
aviltl,vq_ctw,30,linear,1024.0,10.0,1006.0,1.0,0.0,5.621433982069243,5.621433982069243
aviltl,vq_ctw,30,nearest,1024.0,10.0,84.0,1.0,0.0,5.8598401740040105,5.8598401740040105
avpavi,direct_ctw,30,linear,,10.0,1007.0,0.8473350706619714,1.100405682285269,4.548523045770494,4.669760275252883
avpavi,direct_ctw,30,nearest,,10.0,141.0,0.8139314678308043,1.0617009670929018,4.331237951588782,4.490965768663943
avpavi,markov_order_1,30,linear,,10.0,1007.0,0.8071046312682708,1.318953057447746,4.548523045770494,4.669760275252883
avpavi,markov_order_1,30,nearest,,10.0,141.0,0.6416512574631932,1.6506917539594697,4.331237951588782,4.490965768663943
avpavi,markov_order_2,30,linear,,10.0,1007.0,0.8047844523674301,1.3310740078154735,4.548523045770494,4.669760275252883
avpavi,markov_order_2,30,nearest,,10.0,141.0,0.659816214822306,1.6034456170888172,4.331237951588782,4.490965768663943
avpavi,vq_ctw,30,linear,256.0,10.0,1007.0,1.0,0.0,5.405914075701349,5.405914075701349
avpavi,vq_ctw,30,nearest,256.0,10.0,141.0,1.0,0.0,7.969523670998502,7.969523670998502
avpavi,vq_ctw,30,linear,512.0,10.0,1007.0,1.0,0.0,5.555428639260286,5.555428639260286
avpavi,vq_ctw,30,nearest,512.0,10.0,141.0,1.0,0.0,7.308965085062822,7.308965085062822
avpavi,vq_ctw,30,linear,1024.0,10.0,1007.0,1.0,0.0,5.180263377953905,5.180263377953905
avpavi,vq_ctw,30,nearest,1024.0,10.0,141.0,1.0,0.0,6.565242128416138,6.565242128416138
awnbeb,direct_ctw,30,linear,,10.0,988.0,0.822051699971136,1.3530803935615192,4.286360577039533,4.456760653645034
awnbeb,markov_order_1,30,linear,,10.0,988.0,0.776053449807835,1.6199525930357224,4.286360577039533,4.456760653645034
awnbeb,markov_order_2,30,linear,,10.0,988.0,0.7553715901153177,1.7340399926539514,4.286360577039533,4.456760653645034
awnbeb,vq_ctw,30,linear,256.0,10.0,988.0,1.0,0.0,7.367118017975387,7.367118017975387
awnbeb,vq_ctw,30,linear,512.0,10.0,988.0,1.0,0.0,7.271516523717922,7.271516523717922
awnbeb,vq_ctw,30,linear,1024.0,10.0,988.0,1.0,0.0,7.124322541136859,7.124322541136859
awrenb,direct_ctw,30,linear,,10.0,1006.0,0.7988766640767997,1.3275390933999547,4.426672505106175,4.568087161419341
awrenb,direct_ctw,30,nearest,,10.0,225.0,0.8374311692153548,0.9377754938025221,4.103203041436608,4.2375450829220345
awrenb,markov_order_1,30,linear,,10.0,1006.0,0.760473247646066,1.5128326560747738,4.426672505106175,4.568087161419341
awrenb,markov_order_1,30,nearest,,10.0,225.0,0.6944310678229917,1.441381317032532,4.103203041436608,4.2375450829220345
awrenb,markov_order_2,30,linear,,10.0,1006.0,0.7543811397039832,1.5411166282212787,4.426672505106175,4.568087161419341
awrenb,markov_order_2,30,nearest,,10.0,225.0,0.707019403916887,1.4082317328803788,4.103203041436608,4.2375450829220345
awrenb,vq_ctw,30,linear,256.0,10.0,1006.0,1.0,0.0,5.633722271509281,5.633722271509281
awrenb,vq_ctw,30,nearest,256.0,10.0,225.0,1.0,0.0,8.15227784127788,8.15227784127788
awrenb,vq_ctw,30,linear,512.0,10.0,1006.0,1.0,0.0,5.877922710890527,5.877922710890527
awrenb,vq_ctw,30,nearest,512.0,10.0,225.0,1.0,0.0,7.845205834543546,7.845205834543546
awrenb,vq_ctw,30,linear,1024.0,10.0,1006.0,1.0,0.0,5.446070373423697,5.446070373423697
awrenb,vq_ctw,30,nearest,1024.0,10.0,225.0,1.0,0.0,7.2241714195399656,7.2241714195399656
awribi,direct_ctw,30,linear,,10.0,965.0,0.8274580485588375,1.181112638270603,4.4300250019600815,4.589527486743393
awribi,direct_ctw,30,nearest,,10.0,104.0,0.7931140307487896,1.1168901146603407,4.260017617694737,4.441817736021573
awribi,markov_order_1,30,linear,,10.0,965.0,0.7871993316215307,1.3852041252183676,4.4300250019600815,4.589527486743393
awribi,markov_order_1,30,nearest,,10.0,104.0,0.63586547142069,1.615252745941753,4.260017617694737,4.441817736021573
awribi,markov_order_2,30,linear,,10.0,965.0,0.7863249604700926,1.389474085957853,4.4300250019600815,4.589527486743393
awribi,markov_order_2,30,nearest,,10.0,104.0,0.6765057532305774,1.5031203947443663,4.260017617694737,4.441817736021573
awribi,vq_ctw,30,linear,256.0,10.0,965.0,1.0,0.0,6.058836223145384,6.058836223145384
awribi,vq_ctw,30,nearest,256.0,10.0,104.0,1.0,0.0,7.668635500529433,7.668635500529433
awribi,vq_ctw,30,linear,512.0,10.0,965.0,1.0,0.0,5.943847576026348,5.943847576026348
awribi,vq_ctw,30,nearest,512.0,10.0,104.0,1.0,0.0,8.480816967803573,8.480816967803573
awribi,vq_ctw,30,linear,1024.0,10.0,965.0,1.0,0.0,5.833043761105062,5.833043761105062
awribi,vq_ctw,30,nearest,1024.0,10.0,104.0,1.0,0.0,8.007148374566501,8.007148374566501
aydwah,direct_ctw,30,linear,,10.0,968.0,0.8011900523555029,1.349754219248501,4.486838672235545,4.63273385345587
aydwah,direct_ctw,30,nearest,,10.0,193.0,0.8245556242499642,1.0499938293983346,4.269475718914094,4.411109719261549
aydwah,markov_order_1,30,linear,,10.0,968.0,0.7614015531138878,1.5490409487900234,4.486838672235545,4.63273385345587
aydwah,markov_order_1,30,nearest,,10.0,193.0,0.6461436535452629,1.7039079078589843,4.269475718914094,4.411109719261549
aydwah,markov_order_2,30,linear,,10.0,968.0,0.7514329115505889,1.596938132230318,4.486838672235545,4.63273385345587
aydwah,markov_order_2,30,nearest,,10.0,193.0,0.6508428151514186,1.6966374998463076,4.269475718914094,4.411109719261549
aydwah,vq_ctw,30,linear,256.0,10.0,968.0,1.0,0.0,5.700257507999198,5.700257507999198
aydwah,vq_ctw,30,nearest,256.0,10.0,193.0,0.9999999999995944,0.035527935565489686,7.628902879122867,7.628902879122867
aydwah,vq_ctw,30,linear,512.0,10.0,968.0,1.0,0.0,6.017101156268528,6.017101156268528
aydwah,vq_ctw,30,nearest,512.0,10.0,193.0,1.0,0.0,8.1452096579901,8.1452096579901
aydwah,vq_ctw,30,linear,1024.0,10.0,968.0,1.0,0.0,5.4457291672173325,5.4457291672173325
aydwah,vq_ctw,30,nearest,1024.0,10.0,193.0,1.0,0.0,7.51258709984203,7.51258709984203
ayfsdu,direct_ctw,30,linear,,10.0,1007.0,0.8330339342349067,1.2283248267336642,4.252171039568607,4.405724240236114
ayfsdu,direct_ctw,30,nearest,,10.0,78.0,0.8291242122598789,1.0564080230354373,4.069767265407448,4.239064367969425
ayfsdu,markov_order_1,30,linear,,10.0,1007.0,0.7883224030950859,1.4769613635220666,4.252171039568607,4.405724240236114
ayfsdu,markov_order_1,30,nearest,,10.0,78.0,0.643360657942529,1.7673139856715794,4.069767265407448,4.239064367969425
ayfsdu,markov_order_2,30,linear,,10.0,1007.0,0.7798381822352755,1.5220976209583663,4.252171039568607,4.405724240236114
ayfsdu,markov_order_2,30,nearest,,10.0,78.0,0.6491946734720841,1.749315946527642,4.069767265407448,4.239064367969425
ayfsdu,vq_ctw,30,linear,256.0,10.0,1007.0,1.0,0.0,6.866287649868478,6.866287649868478
ayfsdu,vq_ctw,30,nearest,256.0,10.0,78.0,1.0,0.0,9.385010033025159,9.385010033025159
ayfsdu,vq_ctw,30,linear,512.0,10.0,1007.0,1.0,0.0,6.803225258336836,6.803225258336836
ayfsdu,vq_ctw,30,nearest,512.0,10.0,78.0,1.0,0.0,8.41540688784335,8.41540688784335
ayfsdu,vq_ctw,30,linear,1024.0,10.0,1007.0,1.0,0.0,6.638355989451834,6.638355989451834
ayfsdu,vq_ctw,30,nearest,1024.0,10.0,78.0,1.0,0.0,7.840108766916565,7.840108766916565
aygpha,direct_ctw,30,linear,,10.0,928.0,0.8426862822373062,1.1504290664011716,4.348653746869362,4.511841423598977
aygpha,direct_ctw,30,nearest,,10.0,145.0,0.7948109546736617,1.1247978397011285,4.3877391836878,4.550012368909958
aygpha,markov_order_1,30,linear,,10.0,928.0,0.8006843467877286,1.3826695562239946,4.348653746869362,4.511841423598977
aygpha,markov_order_1,30,nearest,,10.0,145.0,0.6055243591382465,1.7501455010134142,4.3877391836878,4.550012368909958
aygpha,markov_order_2,30,linear,,10.0,928.0,0.7955427204427452,1.409945957865745,4.348653746869362,4.511841423598977
aygpha,markov_order_2,30,nearest,,10.0,145.0,0.6361928278842529,1.6594606472753193,4.3877391836878,4.550012368909958
aygpha,vq_ctw,30,linear,256.0,10.0,928.0,1.0,0.0,6.3631897059741025,6.3631897059741025
aygpha,vq_ctw,30,nearest,256.0,10.0,145.0,1.0,0.0,8.113369033298282,8.113369033298282
aygpha,vq_ctw,30,linear,512.0,10.0,928.0,1.0,0.0,6.4982672179013115,6.4982672179013115
aygpha,vq_ctw,30,nearest,512.0,10.0,145.0,1.0,0.0,7.844232786203811,7.844232786203811
aygpha,vq_ctw,30,linear,1024.0,10.0,928.0,1.0,0.0,6.181500811449587,6.181500811449587
aygpha,vq_ctw,30,nearest,1024.0,10.0,145.0,1.0,0.0,7.228371463076519,7.228371463076519
aypudb,direct_ctw,30,linear,,10.0,1007.0,0.832473522720892,1.3065226243592496,4.387253166766091,4.547951730309673
aypudb,direct_ctw,30,nearest,,10.0,172.0,0.7977789281299718,1.0574195914363467,4.410933503089701,4.571814961426555
aypudb,markov_order_1,30,linear,,10.0,1007.0,0.7806000439735571,1.6162419505955263,4.387253166766091,4.547951730309673
aypudb,markov_order_1,30,nearest,,10.0,172.0,0.6710377532946786,1.5961587589142472,4.410933503089701,4.571814961426555
aypudb,markov_order_2,30,linear,,10.0,1007.0,0.766249205829276,1.6977314737127955,4.387253166766091,4.547951730309673
aypudb,markov_order_2,30,nearest,,10.0,172.0,0.6857174438279235,1.5146987237841272,4.410933503089701,4.571814961426555
aypudb,vq_ctw,30,linear,256.0,10.0,1007.0,1.0,0.0,6.977444882354577,6.977444882354577
aypudb,vq_ctw,30,nearest,256.0,10.0,172.0,1.0,0.0,8.172055822834732,8.172055822834732
aypudb,vq_ctw,30,linear,512.0,10.0,1007.0,1.0,0.0,6.907023062958411,6.907023062958411
aypudb,vq_ctw,30,nearest,512.0,10.0,172.0,1.0,0.0,7.9869973071625555,7.9869973071625555
aypudb,vq_ctw,30,linear,1024.0,10.0,1007.0,1.0,0.0,6.790706202885647,6.790706202885647
aypudb,vq_ctw,30,nearest,1024.0,10.0,172.0,1.0,0.0,7.419431355271383,7.419431355271383
ayquas,direct_ctw,30,linear,,10.0,926.0,0.8106852317862984,1.3289258526030165,4.552976780411324,4.728074758568147
ayquas,direct_ctw,30,nearest,,10.0,38.0,0.8524392537649191,0.8375805064986156,3.9842979474075975,4.138955186353803
ayquas,markov_order_1,30,linear,,10.0,926.0,0.7552958617156388,1.6156655210546658,4.552976780411324,4.728074758568147
ayquas,markov_order_1,30,nearest,,10.0,38.0,0.7909017459017926,1.0711684381494173,3.9842979474075975,4.138955186353803
ayquas,markov_order_2,30,linear,,10.0,926.0,0.7512931794039537,1.6354082171164808,4.552976780411324,4.728074758568147
ayquas,markov_order_2,30,nearest,,10.0,38.0,0.7883851811633266,1.0799596424012128,3.9842979474075975,4.138955186353803
ayquas,vq_ctw,30,linear,256.0,10.0,926.0,1.0,0.0,6.3134477678130585,6.3134477678130585
ayquas,vq_ctw,30,nearest,256.0,10.0,38.0,1.0,0.0,7.601672290350232,7.601672290350232
ayquas,vq_ctw,30,linear,512.0,10.0,926.0,1.0,0.0,6.2736074916283115,6.2736074916283115
ayquas,vq_ctw,30,nearest,512.0,10.0,38.0,1.0,0.0,6.6503189239893965,6.6503189239893965
ayquas,vq_ctw,30,linear,1024.0,10.0,926.0,1.0,0.0,5.963245090178581,5.963245090178581
ayquas,vq_ctw,30,nearest,1024.0,10.0,38.0,1.0,0.0,6.254550945879273,6.254550945879273
ayquex,direct_ctw,30,linear,,10.0,1007.0,0.8079365013102896,1.4164876352470883,4.628566628162392,4.756129057208722
ayquex,direct_ctw,30,nearest,,10.0,184.0,0.8279739168466661,1.0044521219453553,4.180885328003605,4.344318766616811
ayquex,markov_order_1,30,linear,,10.0,1007.0,0.7639102587703925,1.662112815882851,4.628566628162392,4.756129057208722
ayquex,markov_order_1,30,nearest,,10.0,184.0,0.6773030659662425,1.5317097209088606,4.180885328003605,4.344318766616811
ayquex,markov_order_2,30,linear,,10.0,1007.0,0.7449627559394334,1.7629147290326808,4.628566628162392,4.756129057208722
ayquex,markov_order_2,30,nearest,,10.0,184.0,0.6763287641951684,1.5484142992818704,4.180885328003605,4.344318766616811
ayquex,vq_ctw,30,linear,256.0,10.0,1007.0,1.0,0.0,6.147836638855856,6.147836638855856
ayquex,vq_ctw,30,nearest,256.0,10.0,184.0,1.0,0.0,8.139580646200848,8.139580646200848
ayquex,vq_ctw,30,linear,512.0,10.0,1007.0,1.0,0.0,6.455422304243273,6.455422304243273
ayquex,vq_ctw,30,nearest,512.0,10.0,184.0,1.0,0.0,8.134713683331452,8.134713683331452
ayquex,vq_ctw,30,linear,1024.0,10.0,1007.0,1.0,0.0,6.074943867176828,6.074943867176828
ayquex,vq_ctw,30,nearest,1024.0,10.0,184.0,1.0,0.0,7.486438025332773,7.486438025332773
ayshek,direct_ctw,30,linear,,10.0,1007.0,0.8359476524631293,1.2509823363447483,4.373826463012463,4.547634658194314
ayshek,direct_ctw,30,nearest,,10.0,39.0,0.816432509745304,1.1140500150145518,4.409229503774601,4.6234925135162
ayshek,markov_order_1,30,linear,,10.0,1007.0,0.7885715050500635,1.5265827979984226,4.373826463012463,4.547634658194314
ayshek,markov_order_1,30,nearest,,10.0,39.0,0.631943273707029,1.8037695542163448,4.409229503774601,4.6234925135162
ayshek,markov_order_2,30,linear,,10.0,1007.0,0.7771665720205334,1.5898892815414125,4.373826463012463,4.547634658194314
ayshek,markov_order_2,30,nearest,,10.0,39.0,0.5985456538035425,1.9039431029772096,4.409229503774601,4.6234925135162
ayshek,vq_ctw,30,linear,256.0,10.0,1007.0,1.0,0.0,7.5932942791365114,7.5932942791365114
ayshek,vq_ctw,30,nearest,256.0,10.0,39.0,1.0,0.0,8.789232040465482,8.789232040465482
ayshek,vq_ctw,30,linear,512.0,10.0,1007.0,1.0,0.0,7.087432619477618,7.087432619477618
ayshek,vq_ctw,30,nearest,512.0,10.0,39.0,1.0,0.0,9.109733417454542,9.109733417454542
ayshek,vq_ctw,30,linear,1024.0,10.0,1007.0,1.0,0.0,7.119208441517269,7.119208441517269
ayshek,vq_ctw,30,nearest,1024.0,10.0,39.0,1.0,0.0,8.754914129980936,8.754914129980936
ayshow,direct_ctw,30,linear,,10.0,1007.0,0.9932760823857418,0.07557198332122017,3.8764433249020773,3.8997336209965847
ayshow,markov_order_1,30,linear,,10.0,1007.0,0.9878640568048714,0.12601280924249605,3.8764433249020773,3.8997336209965847
ayshow,markov_order_2,30,linear,,10.0,1007.0,0.988919763300987,0.11651425828574671,3.8764433249020773,3.8997336209965847
ayshow,vq_ctw,30,linear,256.0,10.0,1007.0,1.0,0.0,3.986555325707318,3.986555325707318
ayshow,vq_ctw,30,linear,512.0,10.0,1007.0,1.0,0.0,2.7388646188688686,2.7388646188688686
ayshow,vq_ctw,30,linear,1024.0,10.0,1007.0,1.0,0.0,3.4510788616260477,3.4510788616260477
aysmsl,direct_ctw,30,linear,,10.0,1007.0,0.8107681211252535,1.4001030021851317,4.525332583399753,4.673283586415096
aysmsl,direct_ctw,30,nearest,,10.0,235.0,0.8233362489945646,1.0467664808147559,4.433747695327123,4.586482534415907
aysmsl,markov_order_1,30,linear,,10.0,1007.0,0.7594903548010092,1.685878218455727,4.525332583399753,4.673283586415096
aysmsl,markov_order_1,30,nearest,,10.0,235.0,0.6333949873939541,1.727685146267253,4.433747695327123,4.586482534415907
aysmsl,markov_order_2,30,linear,,10.0,1007.0,0.742064760357123,1.7780884151225356,4.525332583399753,4.673283586415096
aysmsl,markov_order_2,30,nearest,,10.0,235.0,0.6553008679641733,1.6621863402206065,4.433747695327123,4.586482534415907
aysmsl,vq_ctw,30,linear,256.0,10.0,1007.0,1.0,0.0,7.452815163368083,7.452815163368083
aysmsl,vq_ctw,30,nearest,256.0,10.0,235.0,1.0,0.0,8.41028593414703,8.41028593414703
aysmsl,vq_ctw,30,linear,512.0,10.0,1007.0,1.0,0.0,7.4494530131366705,7.4494530131366705
aysmsl,vq_ctw,30,nearest,512.0,10.0,235.0,1.0,0.0,8.202164604309825,8.202164604309825
aysmsl,vq_ctw,30,linear,1024.0,10.0,1007.0,1.0,0.0,7.238732889478299,7.238732889478299
aysmsl,vq_ctw,30,nearest,1024.0,10.0,235.0,1.0,0.0,7.609476047541908,7.609476047541908
eacder,direct_ctw,30,linear,,10.0,1006.0,0.7853910716652284,1.463116093097741,3.9525431765517953,4.16129525116601
eacder,markov_order_1,30,linear,,10.0,1006.0,0.7310461225856597,1.733404949337412,3.9525431765517953,4.16129525116601
eacder,markov_order_2,30,linear,,10.0,1006.0,0.7210540421651911,1.7806490400746628,3.9525431765517953,4.16129525116601
eacder,vq_ctw,30,linear,256.0,10.0,1006.0,1.0,0.0,8.2504437211671,8.2504437211671
eacder,vq_ctw,30,linear,512.0,10.0,1006.0,1.0,0.0,7.414978838972068,7.414978838972068
eacder,vq_ctw,30,linear,1024.0,10.0,1006.0,1.0,0.0,7.733133004391809,7.733133004391809
eadect,direct_ctw,30,linear,,10.0,1007.0,0.7975485007330878,1.4976087931909638,4.173449190008649,4.376922965666105
eadect,markov_order_1,30,linear,,10.0,1007.0,0.7255880892912536,1.892507993477008,4.173449190008649,4.376922965666105
eadect,markov_order_2,30,linear,,10.0,1007.0,0.7086418034155406,1.9797733257774237,4.173449190008649,4.376922965666105
eadect,vq_ctw,30,linear,256.0,10.0,1007.0,1.0,0.0,9.549997059586957,9.549997059586957
eadect,vq_ctw,30,linear,512.0,10.0,1007.0,1.0,0.0,8.209962810590106,8.209962810590106
eadect,vq_ctw,30,linear,1024.0,10.0,1007.0,1.0,0.0,8.918022272565105,8.918022272565105
eagbac,direct_ctw,30,linear,,10.0,908.0,0.8773159681870041,0.9910119989570988,4.134755734318036,4.282361846438991
eagbac,markov_order_1,30,linear,,10.0,908.0,0.8248562967340018,1.3174459176595201,4.134755734318036,4.282361846438991
eagbac,markov_order_2,30,linear,,10.0,908.0,0.817996502183906,1.3579333631045438,4.134755734318036,4.282361846438991
eagbac,vq_ctw,30,linear,256.0,10.0,908.0,1.0,0.0,8.005302221822717,8.005302221822717
eagbac,vq_ctw,30,linear,512.0,10.0,908.0,1.0,0.0,7.078269569655284,7.078269569655284
eagbac,vq_ctw,30,linear,1024.0,10.0,908.0,1.0,0.0,7.332950117834486,7.332950117834486
eapceo,direct_ctw,30,linear,,10.0,1007.0,0.7658318457246565,1.5630966357384843,4.361925060166601,4.540368826849524
eapceo,direct_ctw,30,nearest,,10.0,494.0,0.8189407202338919,1.0959814506468504,4.214264957420743,4.4092648042194
eapceo,markov_order_1,30,linear,,10.0,1007.0,0.6957649548417698,1.8970532857821298,4.361925060166601,4.540368826849524
eapceo,markov_order_1,30,nearest,,10.0,494.0,0.6118348817944906,1.8478488842409428,4.214264957420743,4.4092648042194
eapceo,markov_order_2,30,linear,,10.0,1007.0,0.693730560043672,1.9062251871784153,4.361925060166601,4.540368826849524
eapceo,markov_order_2,30,nearest,,10.0,494.0,0.625703972948111,1.8092257495195105,4.214264957420743,4.4092648042194
eapceo,vq_ctw,30,linear,256.0,10.0,1007.0,1.0,0.0,7.3469313365832125,7.3469313365832125
eapceo,vq_ctw,30,nearest,256.0,10.0,494.0,0.9999999999998453,0.013746787301102504,8.487624443368384,8.487624443368384
eapceo,vq_ctw,30,linear,512.0,10.0,1007.0,1.0,0.0,7.026441625395636,7.026441625395636
eapceo,vq_ctw,30,nearest,512.0,10.0,494.0,1.0,0.0,8.767215229113528,8.767215229113528
eapceo,vq_ctw,30,linear,1024.0,10.0,1007.0,1.0,0.0,6.770503084980838,6.770503084980838
eapceo,vq_ctw,30,nearest,1024.0,10.0,494.0,1.0,0.0,8.186444216318948,8.186444216318948
easnsv,direct_ctw,30,linear,,10.0,1007.0,0.8293217472667274,1.3260752449153885,4.054766744043046,4.255721330708579
easnsv,markov_order_1,30,linear,,10.0,1007.0,0.7651559349318786,1.7038705558465754,4.054766744043046,4.255721330708579
easnsv,markov_order_2,30,linear,,10.0,1007.0,0.7503794352518975,1.785916416618758,4.054766744043046,4.255721330708579
easnsv,vq_ctw,30,linear,256.0,10.0,1007.0,1.0,0.0,11.490040114941138,11.490040114941138
easnsv,vq_ctw,30,linear,512.0,10.0,1007.0,1.0,0.0,10.176254525042465,10.176254525042465
easnsv,vq_ctw,30,linear,1024.0,10.0,1007.0,1.0,0.0,10.942028742946832,10.942028742946832
eavcai,direct_ctw,30,linear,,10.0,1007.0,0.8362598951200748,1.187115317220583,4.437854053051004,4.5663630425123705
eavcai,direct_ctw,30,nearest,,10.0,202.0,0.8359687863617621,0.9632807758466964,4.214837729775898,4.366057269834009
eavcai,markov_order_1,30,linear,,10.0,1007.0,0.7963014699047093,1.4059356361686939,4.437854053051004,4.5663630425123705
eavcai,markov_order_1,30,nearest,,10.0,202.0,0.689014551998199,1.504482097993572,4.214837729775898,4.366057269834009
eavcai,markov_order_2,30,linear,,10.0,1007.0,0.7903111290064422,1.4374589589111089,4.437854053051004,4.5663630425123705
eavcai,markov_order_2,30,nearest,,10.0,202.0,0.7031504592461147,1.4632092110926371,4.214837729775898,4.366057269834009
eavcai,vq_ctw,30,linear,256.0,10.0,1007.0,1.0,0.0,5.733546807876247,5.733546807876247
eavcai,vq_ctw,30,nearest,256.0,10.0,202.0,1.0,0.0,8.306970750766316,8.306970750766316
eavcai,vq_ctw,30,linear,512.0,10.0,1007.0,1.0,0.0,5.982830027457203,5.982830027457203
eavcai,vq_ctw,30,nearest,512.0,10.0,202.0,1.0,0.0,9.310955206194098,9.310955206194098
eavcai,vq_ctw,30,linear,1024.0,10.0,1007.0,1.0,0.0,5.6432684307437055,5.6432684307437055
eavcai,vq_ctw,30,nearest,1024.0,10.0,202.0,1.0,0.0,8.767484490280701,8.767484490280701
eavfli,direct_ctw,30,linear,,10.0,1005.0,0.7966682964173266,1.4039949627670243,4.505237002222607,4.648757051781483
eavfli,direct_ctw,30,nearest,,10.0,284.0,0.8116790058394944,1.039606349046513,4.327969800446421,4.479278392588079
eavfli,markov_order_1,30,linear,,10.0,1005.0,0.755246637446761,1.6159090699192824,4.505237002222607,4.648757051781483
eavfli,markov_order_1,30,nearest,,10.0,284.0,0.6608322613980456,1.540011241946408,4.327969800446421,4.479278392588079
eavfli,markov_order_2,30,linear,,10.0,1005.0,0.743639869847779,1.672813854316808,4.505237002222607,4.648757051781483
eavfli,markov_order_2,30,nearest,,10.0,284.0,0.6708027778893348,1.5148705468426749,4.327969800446421,4.479278392588079
eavfli,vq_ctw,30,linear,256.0,10.0,1005.0,1.0,0.0,6.264454815578833,6.264454815578833
eavfli,vq_ctw,30,nearest,256.0,10.0,284.0,1.0,0.0,7.472511257791317,7.472511257791317
eavfli,vq_ctw,30,linear,512.0,10.0,1005.0,1.0,0.0,6.476433268363256,6.476433268363256
eavfli,vq_ctw,30,nearest,512.0,10.0,284.0,1.0,0.0,7.07750336910804,7.07750336910804
eavfli,vq_ctw,30,linear,1024.0,10.0,1005.0,1.0,0.0,5.954756005202664,5.954756005202664
eavfli,vq_ctw,30,nearest,1024.0,10.0,284.0,1.0,0.0,6.467978136609299,6.467978136609299
ebcicy,direct_ctw,30,linear,,10.0,1007.0,0.786032596427841,1.3496806029130033,4.381502604649999,4.544877304039179
ebcicy,markov_order_1,30,linear,,10.0,1007.0,0.7429204319482468,1.5440209367331221,4.381502604649999,4.544877304039179
ebcicy,markov_order_2,30,linear,,10.0,1007.0,0.7393057086150964,1.5596536635943008,4.381502604649999,4.544877304039179
ebcicy,vq_ctw,30,linear,256.0,10.0,1007.0,1.0,0.0,6.365540180193649,6.365540180193649
ebcicy,vq_ctw,30,linear,512.0,10.0,1007.0,1.0,0.0,6.235490407570356,6.235490407570356
ebcicy,vq_ctw,30,linear,1024.0,10.0,1007.0,1.0,0.0,6.065974635916059,6.065974635916059
ebdafy,direct_ctw,30,linear,,10.0,1007.0,0.8164051161432364,1.297767480293462,4.097323979288698,4.2898640209638685
ebdafy,direct_ctw,30,nearest,,10.0,34.0,0.8203816452290043,1.038478145581676,4.447488061271629,4.528311403743862
ebdafy,markov_order_1,30,linear,,10.0,1007.0,0.769158575159425,1.5463138294215732,4.097323979288698,4.2898640209638685
ebdafy,markov_order_1,30,nearest,,10.0,34.0,0.6261478472731347,1.7012883277484114,4.447488061271629,4.528311403743862
ebdafy,markov_order_2,30,linear,,10.0,1007.0,0.7578438947670593,1.603032628892146,4.097323979288698,4.2898640209638685
ebdafy,markov_order_2,30,nearest,,10.0,34.0,0.6366401473639594,1.6721565289818403,4.447488061271629,4.528311403743862
ebdafy,vq_ctw,30,linear,256.0,10.0,1007.0,1.0,0.0,7.25994872815967,7.25994872815967
ebdafy,vq_ctw,30,nearest,256.0,10.0,34.0,1.0,0.0,7.207737089499014,7.207737089499014
ebdafy,vq_ctw,30,linear,512.0,10.0,1007.0,1.0,0.0,7.818301907513278,7.818301907513278
ebdafy,vq_ctw,30,nearest,512.0,10.0,34.0,1.0,0.0,7.85885979421743,7.85885979421743
ebdafy,vq_ctw,30,linear,1024.0,10.0,1007.0,1.0,0.0,7.407538772672076,7.407538772672076
ebdafy,vq_ctw,30,nearest,1024.0,10.0,34.0,1.0,0.0,7.146864754519773,7.146864754519773
ebenfr,direct_ctw,30,linear,,10.0,1007.0,0.8320541685964324,1.2924134570983354,3.9444546329639145,4.164403481643535
ebenfr,direct_ctw,30,nearest,,10.0,73.0,0.8381650313259393,0.9876868140751601,3.8212646096049028,4.050465742216509
ebenfr,markov_order_1,30,linear,,10.0,1007.0,0.7796607330377674,1.5996963033635456,3.9444546329639145,4.164403481643535
ebenfr,markov_order_1,30,nearest,,10.0,73.0,0.7106145301810399,1.489434105483212,3.8212646096049028,4.050465742216509
ebenfr,markov_order_2,30,linear,,10.0,1007.0,0.7656945022749058,1.6775257655305147,3.9444546329639145,4.164403481643535
ebenfr,markov_order_2,30,nearest,,10.0,73.0,0.6926247732684451,1.5507851657776468,3.8212646096049028,4.050465742216509
ebenfr,vq_ctw,30,linear,256.0,10.0,1007.0,1.0,0.0,8.863280859956022,8.863280859956022
ebenfr,vq_ctw,30,nearest,256.0,10.0,73.0,1.0,0.0,9.54409334862614,9.54409334862614
ebenfr,vq_ctw,30,linear,512.0,10.0,1007.0,1.0,0.0,7.732563384616778,7.732563384616778
ebenfr,vq_ctw,30,nearest,512.0,10.0,73.0,1.0,0.0,10.606822956234385,10.606822956234385
ebenfr,vq_ctw,30,linear,1024.0,10.0,1007.0,1.0,0.0,8.233315633131864,8.233315633131864
ebenfr,vq_ctw,30,nearest,1024.0,10.0,73.0,1.0,0.0,9.99250888423909,9.99250888423909
ebrulr,direct_ctw,30,linear,,10.0,1007.0,0.8186430999187899,1.1921696424787278,4.727139656942297,4.8377826173310465
ebrulr,direct_ctw,30,nearest,,10.0,186.0,0.7971490577366819,1.0907383359575966,4.4830710653204795,4.6475205585845325
ebrulr,markov_order_1,30,linear,,10.0,1007.0,0.7772536867991133,1.390478537917686,4.727139656942297,4.8377826173310465
ebrulr,markov_order_1,30,nearest,,10.0,186.0,0.6207628586738313,1.7232245160877793,4.4830710653204795,4.6475205585845325
ebrulr,markov_order_2,30,linear,,10.0,1007.0,0.7811029009748216,1.372670367181553,4.727139656942297,4.8377826173310465
ebrulr,markov_order_2,30,nearest,,10.0,186.0,0.6406953060093541,1.6079893018866318,4.4830710653204795,4.6475205585845325
ebrulr,vq_ctw,30,linear,256.0,10.0,1007.0,1.0,0.0,4.792357184232781,4.792357184232781
ebrulr,vq_ctw,30,nearest,256.0,10.0,186.0,1.0,0.0,8.144983471917424,8.144983471917424
ebrulr,vq_ctw,30,linear,512.0,10.0,1007.0,1.0,0.0,5.230507346958827,5.230507346958827
ebrulr,vq_ctw,30,nearest,512.0,10.0,186.0,1.0,0.0,7.251410783037197,7.251410783037197
ebrulr,vq_ctw,30,linear,1024.0,10.0,1007.0,1.0,0.0,4.7139712571723225,4.7139712571723225
ebrulr,vq_ctw,30,nearest,1024.0,10.0,186.0,1.0,0.0,6.616083861573942,6.616083861573942
ebstic,direct_ctw,30,linear,,10.0,1007.0,0.8810273780829103,0.8339402371348358,4.683471900538071,4.807307512966934
ebstic,markov_order_1,30,linear,,10.0,1007.0,0.8493115710145793,1.0010843587382159,4.683471900538071,4.807307512966934
ebstic,markov_order_2,30,linear,,10.0,1007.0,0.8589747262878614,0.9514626701004919,4.683471900538071,4.807307512966934
ebstic,vq_ctw,30,linear,256.0,10.0,1007.0,1.0,0.0,5.886640562109059,5.886640562109059
ebstic,vq_ctw,30,linear,512.0,10.0,1007.0,1.0,0.0,6.5618898471381275,6.5618898471381275
ebstic,vq_ctw,30,linear,1024.0,10.0,1007.0,1.0,0.0,5.823706079199919,5.823706079199919
eccest,direct_ctw,30,linear,,10.0,1007.0,0.8015365100867138,1.405415282615807,4.3162185509305875,4.4856844747991005
eccest,direct_ctw,30,nearest,,10.0,68.0,0.8077422264779187,1.0510382983906001,4.5814982335831305,4.708037944552854
eccest,markov_order_1,30,linear,,10.0,1007.0,0.7522592416784804,1.6647198473005225,4.3162185509305875,4.4856844747991005
eccest,markov_order_1,30,nearest,,10.0,68.0,0.5905167248700853,1.7512195294159003,4.5814982335831305,4.708037944552854
eccest,markov_order_2,30,linear,,10.0,1007.0,0.7406282076258056,1.7230758977161806,4.3162185509305875,4.4856844747991005
eccest,markov_order_2,30,nearest,,10.0,68.0,0.695939707757705,1.4353644683424975,4.5814982335831305,4.708037944552854
eccest,vq_ctw,30,linear,256.0,10.0,1007.0,1.0,0.0,7.896785408601718,7.896785408601718
eccest,vq_ctw,30,nearest,256.0,10.0,68.0,1.0,0.0,8.020858509986951,8.020858509986951
eccest,vq_ctw,30,linear,512.0,10.0,1007.0,1.0,0.0,7.421730040088268,7.421730040088268
eccest,vq_ctw,30,nearest,512.0,10.0,68.0,1.0,0.0,6.570312885377214,6.570312885377214
eccest,vq_ctw,30,linear,1024.0,10.0,1007.0,1.0,0.0,7.479154705438285,7.479154705438285
eccest,vq_ctw,30,nearest,1024.0,10.0,68.0,1.0,0.0,5.876263706394517,5.876263706394517
ecdiwo,direct_ctw,30,linear,,10.0,1007.0,0.8063563014141676,1.3523023103170813,4.28530435596294,4.456135195497922
ecdiwo,direct_ctw,30,nearest,,10.0,100.0,0.7813194259180649,1.1926335677693976,4.139710426174085,4.33263022177284
ecdiwo,markov_order_1,30,linear,,10.0,1007.0,0.7550440937042724,1.6169110045589337,4.28530435596294,4.456135195497922
ecdiwo,markov_order_1,30,nearest,,10.0,100.0,0.5305776136461033,1.9594647635498257,4.139710426174085,4.33263022177284
ecdiwo,markov_order_2,30,linear,,10.0,1007.0,0.7451789978653877,1.665327240531249,4.28530435596294,4.456135195497922
ecdiwo,markov_order_2,30,nearest,,10.0,100.0,0.6065190855039015,1.752806479293207,4.139710426174085,4.33263022177284
ecdiwo,vq_ctw,30,linear,256.0,10.0,1007.0,1.0,0.0,6.776390778219717,6.776390778219717
ecdiwo,vq_ctw,30,nearest,256.0,10.0,100.0,1.0,0.0,8.350394247964587,8.350394247964587
ecdiwo,vq_ctw,30,linear,512.0,10.0,1007.0,1.0,0.0,6.659461961283145,6.659461961283145
ecdiwo,vq_ctw,30,nearest,512.0,10.0,100.0,1.0,0.0,8.779210207683123,8.779210207683123
ecdiwo,vq_ctw,30,linear,1024.0,10.0,1007.0,1.0,0.0,6.488237494516937,6.488237494516937
ecdiwo,vq_ctw,30,nearest,1024.0,10.0,100.0,1.0,0.0,8.071274952723918,8.071274952723918
ecfesy,direct_ctw,30,linear,,10.0,1007.0,0.8077160918031253,1.37141787597027,4.369458753709576,4.52829525776677
ecfesy,direct_ctw,30,nearest,,10.0,185.0,0.8380333490028975,0.9771469144212565,4.183965338136357,4.3508031524844695
ecfesy,markov_order_1,30,linear,,10.0,1007.0,0.7621313969715844,1.6143680046585038,4.369458753709576,4.52829525776677
ecfesy,markov_order_1,30,nearest,,10.0,185.0,0.6959181045536816,1.515247174249334,4.183965338136357,4.3508031524844695
ecfesy,markov_order_2,30,linear,,10.0,1007.0,0.7481479942502614,1.6854651021095584,4.369458753709576,4.52829525776677
ecfesy,markov_order_2,30,nearest,,10.0,185.0,0.7102709242033127,1.4774576772643504,4.183965338136357,4.3508031524844695
ecfesy,vq_ctw,30,linear,256.0,10.0,1007.0,1.0,0.0,6.406574473653849,6.406574473653849
ecfesy,vq_ctw,30,nearest,256.0,10.0,185.0,1.0,0.0,8.262260566651701,8.262260566651701
ecfesy,vq_ctw,30,linear,512.0,10.0,1007.0,1.0,0.0,6.490139295011851,6.490139295011851
ecfesy,vq_ctw,30,nearest,512.0,10.0,185.0,1.0,0.0,8.117108665734474,8.117108665734474
ecfesy,vq_ctw,30,linear,1024.0,10.0,1007.0,1.0,0.0,6.283338322962121,6.283338322962121
ecfesy,vq_ctw,30,nearest,1024.0,10.0,185.0,1.0,0.0,7.334128409171085,7.334128409171085
ecforj,direct_ctw,30,linear,,10.0,1006.0,0.8077994215703467,1.4172789227592921,4.5290272916473056,4.677077594854437
ecforj,direct_ctw,30,nearest,,10.0,239.0,0.8080669479467931,1.0980119886427055,4.273990055185825,4.437463893283921
ecforj,markov_order_1,30,linear,,10.0,1006.0,0.7565525383101301,1.7015890946341852,4.5290272916473056,4.677077594854437
ecforj,markov_order_1,30,nearest,,10.0,239.0,0.5891808613569924,1.8243915520706007,4.273990055185825,4.437463893283921
ecforj,markov_order_2,30,linear,,10.0,1006.0,0.7401003503468673,1.7883378910053456,4.5290272916473056,4.677077594854437
ecforj,markov_order_2,30,nearest,,10.0,239.0,0.6412105481086346,1.6818173253732591,4.273990055185825,4.437463893283921
ecforj,vq_ctw,30,linear,256.0,10.0,1006.0,1.0,0.0,6.213897863273675,6.213897863273675
ecforj,vq_ctw,30,nearest,256.0,10.0,239.0,1.0,0.0,8.237489919047132,8.237489919047132
ecforj,vq_ctw,30,linear,512.0,10.0,1006.0,1.0,0.0,6.317672574245289,6.317672574245289
ecforj,vq_ctw,30,nearest,512.0,10.0,239.0,1.0,0.0,8.214497084506307,8.214497084506307
ecforj,vq_ctw,30,linear,1024.0,10.0,1006.0,1.0,0.0,6.083266459275995,6.083266459275995
ecforj,vq_ctw,30,nearest,1024.0,10.0,239.0,1.0,0.0,7.346592281567411,7.346592281567411
ecgojt,direct_ctw,30,linear,,10.0,1007.0,0.8117717642156226,1.3489130281511021,4.2473183763501545,4.408211383106768
ecgojt,direct_ctw,30,nearest,,10.0,177.0,0.8193525760461066,1.0632624073641481,4.158695880736572,4.307330733603103
ecgojt,markov_order_1,30,linear,,10.0,1007.0,0.7629096938757556,1.610365686356095,4.2473183763501545,4.408211383106768
ecgojt,markov_order_1,30,nearest,,10.0,177.0,0.6313550525778344,1.7321493937678898,4.158695880736572,4.307330733603103
ecgojt,markov_order_2,30,linear,,10.0,1007.0,0.7540276385256597,1.6557563989233601,4.2473183763501545,4.408211383106768
ecgojt,markov_order_2,30,nearest,,10.0,177.0,0.6564681101866794,1.6589826490067254,4.158695880736572,4.307330733603103
ecgojt,vq_ctw,30,linear,256.0,10.0,1007.0,1.0,0.0,6.608742415364464,6.608742415364464
ecgojt,vq_ctw,30,nearest,256.0,10.0,177.0,1.0,0.0,7.976619622269761,7.976619622269761
ecgojt,vq_ctw,30,linear,512.0,10.0,1007.0,1.0,0.0,6.410322755537513,6.410322755537513
ecgojt,vq_ctw,30,nearest,512.0,10.0,177.0,1.0,0.0,9.268647481519233,9.268647481519233
ecgojt,vq_ctw,30,linear,1024.0,10.0,1007.0,1.0,0.0,6.433540228208209,6.433540228208209
ecgojt,vq_ctw,30,nearest,1024.0,10.0,177.0,1.0,0.0,8.578358804534666,8.578358804534666
ecjeod,direct_ctw,30,linear,,10.0,1007.0,0.8229230741847366,1.2618773287351268,4.26813476989984,4.442432340542725
ecjeod,direct_ctw,30,nearest,,10.0,118.0,0.8558181479064956,0.882488675187434,3.9520962377990694,4.113753432207154
ecjeod,markov_order_1,30,linear,,10.0,1007.0,0.7758281435229888,1.5123951449071087,4.26813476989984,4.442432340542725
ecjeod,markov_order_1,30,nearest,,10.0,118.0,0.7409818930757717,1.3418327707876005,3.9520962377990694,4.113753432207154
ecjeod,markov_order_2,30,linear,,10.0,1007.0,0.7716690367373327,1.5335894737223161,4.26813476989984,4.442432340542725
ecjeod,markov_order_2,30,nearest,,10.0,118.0,0.7286023492101443,1.3847189031279643,3.9520962377990694,4.113753432207154
ecjeod,vq_ctw,30,linear,256.0,10.0,1007.0,1.0,0.0,6.328265812566961,6.328265812566961
ecjeod,vq_ctw,30,nearest,256.0,10.0,118.0,1.0,0.0,8.177768068303386,8.177768068303386
ecjeod,vq_ctw,30,linear,512.0,10.0,1007.0,1.0,0.0,6.183432128105002,6.183432128105002
ecjeod,vq_ctw,30,nearest,512.0,10.0,118.0,1.0,0.0,8.375393796573942,8.375393796573942
ecjeod,vq_ctw,30,linear,1024.0,10.0,1007.0,1.0,0.0,6.101908968223636,6.101908968223636
ecjeod,vq_ctw,30,nearest,1024.0,10.0,118.0,1.0,0.0,7.756290964045034,7.756290964045034
eckeck,direct_ctw,30,linear,,10.0,853.0,0.8412523116560346,1.04166201409256,4.440285638493541,4.550841881463879
eckeck,direct_ctw,30,nearest,,10.0,132.0,0.8316312454066268,0.9617346197808015,4.07990243196426,4.248818089909037
eckeck,markov_order_1,30,linear,,10.0,853.0,0.8007286829518658,1.2355772149280506,4.440285638493541,4.550841881463879
eckeck,markov_order_1,30,nearest,,10.0,132.0,0.6978262163126752,1.4882099235171826,4.07990243196426,4.248818089909037
eckeck,markov_order_2,30,linear,,10.0,853.0,0.8088628171238459,1.1979267565239846,4.440285638493541,4.550841881463879
eckeck,markov_order_2,30,nearest,,10.0,132.0,0.7043897311558923,1.441266788381433,4.07990243196426,4.248818089909037
eckeck,vq_ctw,30,linear,256.0,10.0,853.0,1.0,0.0,5.346870593142184,5.346870593142184
eckeck,vq_ctw,30,nearest,256.0,10.0,132.0,1.0,0.0,8.397136296367526,8.397136296367526
eckeck,vq_ctw,30,linear,512.0,10.0,853.0,1.0,0.0,5.820147620816374,5.820147620816374
eckeck,vq_ctw,30,nearest,512.0,10.0,132.0,1.0,0.0,8.105713143602639,8.105713143602639
eckeck,vq_ctw,30,linear,1024.0,10.0,853.0,1.0,0.0,5.379612219087377,5.379612219087377
eckeck,vq_ctw,30,nearest,1024.0,10.0,132.0,1.0,0.0,7.534637689787118,7.534637689787118
ecnopl,direct_ctw,30,linear,,10.0,1006.0,0.827969326695237,1.2338026114079688,4.491316859112182,4.623504349872796
ecnopl,markov_order_1,30,linear,,10.0,1006.0,0.789269389933328,1.4429088893461162,4.491316859112182,4.623504349872796
ecnopl,markov_order_2,30,linear,,10.0,1006.0,0.7808083855192148,1.4868274476227232,4.491316859112182,4.623504349872796
ecnopl,vq_ctw,30,linear,256.0,10.0,1006.0,1.0,0.0,5.741059328696606,5.741059328696606
ecnopl,vq_ctw,30,linear,512.0,10.0,1006.0,1.0,0.0,5.923459618561589,5.923459618561589
ecnopl,vq_ctw,30,linear,1024.0,10.0,1006.0,1.0,0.0,5.645747598182442,5.645747598182442
eddreb,direct_ctw,30,linear,,10.0,1006.0,0.8526954583933042,1.0923887043692662,4.506702319721174,4.663718706034169
eddreb,markov_order_1,30,linear,,10.0,1006.0,0.816849606460258,1.2953330833311871,4.506702319721174,4.663718706034169
eddreb,markov_order_2,30,linear,,10.0,1006.0,0.8110814257518687,1.3267776310390342,4.506702319721174,4.663718706034169
eddreb,vq_ctw,30,linear,256.0,10.0,1006.0,1.0,0.0,6.791902893927434,6.791902893927434
eddreb,vq_ctw,30,linear,512.0,10.0,1006.0,1.0,0.0,6.874199950743847,6.874199950743847
eddreb,vq_ctw,30,linear,1024.0,10.0,1006.0,1.0,0.0,6.508539514129063,6.508539514129063
edeejd,direct_ctw,30,linear,,10.0,1007.0,0.8301642903236588,1.1668359431429747,4.021413707965514,4.191417463845567
edeejd,direct_ctw,30,nearest,,10.0,155.0,0.8492048314572163,0.9129870015215245,3.904185387972037,4.071208212319287
edeejd,markov_order_1,30,linear,,10.0,1007.0,0.7904216488817486,1.3694110535130248,4.021413707965514,4.191417463845567
edeejd,markov_order_1,30,nearest,,10.0,155.0,0.7173726058102582,1.4165740929954878,3.904185387972037,4.071208212319287
edeejd,markov_order_2,30,linear,,10.0,1007.0,0.7876021894620567,1.3832345684814444,4.021413707965514,4.191417463845567
edeejd,markov_order_2,30,nearest,,10.0,155.0,0.716582239197975,1.4271066091588287,3.904185387972037,4.071208212319287
edeejd,vq_ctw,30,linear,256.0,10.0,1007.0,1.0,0.0,6.383397816746491,6.383397816746491
edeejd,vq_ctw,30,nearest,256.0,10.0,155.0,1.0,0.0,8.556740886514836,8.556740886514836
edeejd,vq_ctw,30,linear,512.0,10.0,1007.0,1.0,0.0,6.56519584687581,6.56519584687581
edeejd,vq_ctw,30,nearest,512.0,10.0,155.0,1.0,0.0,9.040816098697261,9.040816098697261
edeejd,vq_ctw,30,linear,1024.0,10.0,1007.0,1.0,0.0,6.376774830684324,6.376774830684324
edeejd,vq_ctw,30,nearest,1024.0,10.0,155.0,1.0,0.0,8.446284003467653,8.446284003467653
edglev,direct_ctw,30,linear,,10.0,1007.0,0.8158205146021877,1.349411889055705,4.405047340478854,4.567298524592809
edglev,direct_ctw,30,nearest,,10.0,172.0,0.801427795859412,1.150809545811385,4.468558847627874,4.6281485435913625
edglev,markov_order_1,30,linear,,10.0,1007.0,0.7689004139387259,1.6084065596169759,4.405047340478854,4.567298524592809
edglev,markov_order_1,30,nearest,,10.0,172.0,0.6199038544796625,1.766777544525502,4.468558847627874,4.6281485435913625
edglev,markov_order_2,30,linear,,10.0,1007.0,0.7554646771745304,1.6791513259237842,4.405047340478854,4.567298524592809
edglev,markov_order_2,30,nearest,,10.0,172.0,0.6606240171795817,1.6610973297248022,4.468558847627874,4.6281485435913625
edglev,vq_ctw,30,linear,256.0,10.0,1007.0,1.0,0.0,6.536557600830449,6.536557600830449
edglev,vq_ctw,30,nearest,256.0,10.0,172.0,1.0,0.0,9.502257442252409,9.502257442252409
edglev,vq_ctw,30,linear,512.0,10.0,1007.0,1.0,0.0,6.566954871774139,6.566954871774139
edglev,vq_ctw,30,nearest,512.0,10.0,172.0,1.0,0.0,9.502445276022092,9.502445276022092
edglev,vq_ctw,30,linear,1024.0,10.0,1007.0,1.0,0.0,6.357785872251071,6.357785872251071
edglev,vq_ctw,30,nearest,1024.0,10.0,172.0,1.0,0.0,8.981064745305575,8.981064745305575
edgrat,direct_ctw,30,linear,,10.0,1007.0,0.8311077452665557,1.2981971997672352,4.409614861301152,4.560824489110643
edgrat,direct_ctw,30,nearest,,10.0,206.0,0.8089645336538667,1.1241070290266937,4.3239423869354185,4.492221793698955
edgrat,markov_order_1,30,linear,,10.0,1007.0,0.7845203012979021,1.5722349361051426,4.409614861301152,4.560824489110643
edgrat,markov_order_1,30,nearest,,10.0,206.0,0.6338482272386976,1.7547081593027853,4.3239423869354185,4.492221793698955
edgrat,markov_order_2,30,linear,,10.0,1007.0,0.7697355624690378,1.6551704324766425,4.409614861301152,4.560824489110643
edgrat,markov_order_2,30,nearest,,10.0,206.0,0.6368563175811837,1.7469133072627088,4.3239423869354185,4.492221793698955
edgrat,vq_ctw,30,linear,256.0,10.0,1007.0,1.0,0.0,6.848691323494242,6.848691323494242
edgrat,vq_ctw,30,nearest,256.0,10.0,206.0,1.0,0.0,8.330431017405775,8.330431017405775
edgrat,vq_ctw,30,linear,512.0,10.0,1007.0,1.0,0.0,6.874729281210554,6.874729281210554
edgrat,vq_ctw,30,nearest,512.0,10.0,206.0,1.0,0.0,8.043441294342554,8.043441294342554
edgrat,vq_ctw,30,linear,1024.0,10.0,1007.0,1.0,0.0,6.654783302221222,6.654783302221222
edgrat,vq_ctw,30,nearest,1024.0,10.0,206.0,1.0,0.0,7.379682038222462,7.379682038222462
edjiye,direct_ctw,30,linear,,10.0,1007.0,0.7736862599844228,1.5233277390184237,4.303010831504582,4.495521827237215
edjiye,direct_ctw,30,nearest,,10.0,210.0,0.8278328133748741,1.0514526638269097,4.13816291514728,4.32181754679227
edjiye,markov_order_1,30,linear,,10.0,1007.0,0.7151638477803561,1.8081622285124594,4.303010831504582,4.495521827237215
edjiye,markov_order_1,30,nearest,,10.0,210.0,0.6347271677935461,1.7731937231286363,4.13816291514728,4.32181754679227
edjiye,markov_order_2,30,linear,,10.0,1007.0,0.7045468298888865,1.8571358544753487,4.303010831504582,4.495521827237215
edjiye,markov_order_2,30,nearest,,10.0,210.0,0.6396859769340738,1.7695089414215943,4.13816291514728,4.32181754679227
edjiye,vq_ctw,30,linear,256.0,10.0,1007.0,1.0,0.0,7.022726402734387,7.022726402734387
edjiye,vq_ctw,30,nearest,256.0,10.0,210.0,1.0,0.0,8.81666497095995,8.81666497095995
edjiye,vq_ctw,30,linear,512.0,10.0,1007.0,1.0,0.0,6.81719515806822,6.81719515806822
edjiye,vq_ctw,30,nearest,512.0,10.0,210.0,1.0,0.0,9.3180660429341,9.3180660429341
edjiye,vq_ctw,30,linear,1024.0,10.0,1007.0,1.0,0.0,6.614262705764076,6.614262705764076
edjiye,vq_ctw,30,nearest,1024.0,10.0,210.0,1.0,0.0,8.659146384122087,8.659146384122087
edlyxy,direct_ctw,30,linear,,10.0,1007.0,0.8366910169709258,1.227623829986839,4.472084909658681,4.615460805881758
edlyxy,direct_ctw,30,nearest,,10.0,122.0,0.8426724598281957,0.9910629673965308,4.085341307766808,4.2491407923205875
edlyxy,markov_order_1,30,linear,,10.0,1007.0,0.7969149840349448,1.4561075495495475,4.472084909658681,4.615460805881758
edlyxy,markov_order_1,30,nearest,,10.0,122.0,0.6842363646682521,1.627873667847121,4.085341307766808,4.2491407923205875
edlyxy,markov_order_2,30,linear,,10.0,1007.0,0.782588685512909,1.5348237992481526,4.472084909658681,4.615460805881758
edlyxy,markov_order_2,30,nearest,,10.0,122.0,0.6823806683524475,1.6373293662136645,4.085341307766808,4.2491407923205875
edlyxy,vq_ctw,30,linear,256.0,10.0,1007.0,1.0,0.0,6.57069920185449,6.57069920185449
edlyxy,vq_ctw,30,nearest,256.0,10.0,122.0,1.0,0.0,9.925103940132237,9.925103940132237
edlyxy,vq_ctw,30,linear,512.0,10.0,1007.0,1.0,0.0,6.70538548943745,6.70538548943745
edlyxy,vq_ctw,30,nearest,512.0,10.0,122.0,1.0,0.0,11.17784540404723,11.17784540404723
edlyxy,vq_ctw,30,linear,1024.0,10.0,1007.0,1.0,0.0,6.561645270498343,6.561645270498343
edlyxy,vq_ctw,30,nearest,1024.0,10.0,122.0,1.0,0.0,10.623790029900233,10.623790029900233
edmugr,direct_ctw,30,linear,,10.0,1001.0,0.823689769603596,1.4071387491904326,4.420101558632015,4.566005197757858
edmugr,direct_ctw,30,nearest,,10.0,148.0,0.8319183826839877,1.0425939472865422,4.202446475145345,4.372849885681614
edmugr,markov_order_1,30,linear,,10.0,1001.0,0.7725450858992196,1.722018128169857,4.420101558632015,4.566005197757858
edmugr,markov_order_1,30,nearest,,10.0,148.0,0.6833441364219303,1.629360219949665,4.202446475145345,4.372849885681614
edmugr,markov_order_2,30,linear,,10.0,1001.0,0.7479868048971682,1.8653295214847816,4.420101558632015,4.566005197757858
edmugr,markov_order_2,30,nearest,,10.0,148.0,0.6744348384846269,1.6616041176615648,4.202446475145345,4.372849885681614
edmugr,vq_ctw,30,linear,256.0,10.0,1001.0,1.0,0.0,7.476701709244551,7.476701709244551
edmugr,vq_ctw,30,nearest,256.0,10.0,148.0,1.0,0.0,7.9527498376748165,7.9527498376748165
edmugr,vq_ctw,30,linear,512.0,10.0,1001.0,1.0,0.0,7.368634855423925,7.368634855423925
edmugr,vq_ctw,30,nearest,512.0,10.0,148.0,1.0,0.0,7.97410510629368,7.97410510629368
edmugr,vq_ctw,30,linear,1024.0,10.0,1001.0,1.0,0.0,7.260727821443631,7.260727821443631
edmugr,vq_ctw,30,nearest,1024.0,10.0,148.0,1.0,0.0,7.536969069130845,7.536969069130845
ednill,direct_ctw,30,linear,,10.0,1007.0,0.8071256781107192,1.4417867418851973,4.4307046591733155,4.579007349730377
ednill,direct_ctw,30,nearest,,10.0,111.0,0.8136226755397011,1.0406666055405331,4.367400607183085,4.495560489841332
ednill,markov_order_1,30,linear,,10.0,1007.0,0.7560785587406252,1.730196408384621,4.4307046591733155,4.579007349730377
ednill,markov_order_1,30,nearest,,10.0,111.0,0.6418150266297137,1.6071194871766572,4.367400607183085,4.495560489841332
ednill,markov_order_2,30,linear,,10.0,1007.0,0.738042270502298,1.8270523174370743,4.4307046591733155,4.579007349730377
ednill,markov_order_2,30,nearest,,10.0,111.0,0.667078570586186,1.5425497472468386,4.367400607183085,4.495560489841332
ednill,vq_ctw,30,linear,256.0,10.0,1007.0,1.0,0.0,6.6050564249792085,6.6050564249792085
ednill,vq_ctw,30,nearest,256.0,10.0,111.0,1.0,0.0,7.895551967306531,7.895551967306531
ednill,vq_ctw,30,linear,512.0,10.0,1007.0,1.0,0.0,6.622565676938422,6.622565676938422
ednill,vq_ctw,30,nearest,512.0,10.0,111.0,1.0,0.0,6.806126628425742,6.806126628425742
ednill,vq_ctw,30,linear,1024.0,10.0,1007.0,1.0,0.0,6.523591456623812,6.523591456623812
ednill,vq_ctw,30,nearest,1024.0,10.0,111.0,1.0,0.0,6.1779776069502805,6.1779776069502805
edodbl,direct_ctw,30,linear,,10.0,1007.0,0.8148145334264952,1.2783145112648644,4.221976294377037,4.386948237413461
edodbl,direct_ctw,30,nearest,,10.0,42.0,0.8305160699522032,0.9954907267326499,4.2470509189214045,4.393509888279524
edodbl,markov_order_1,30,linear,,10.0,1007.0,0.7758028426900578,1.4784458454675786,4.221976294377037,4.386948237413461
edodbl,markov_order_1,30,nearest,,10.0,42.0,0.7000533472160533,1.4811189838001404,4.2470509189214045,4.393509888279524
edodbl,markov_order_2,30,linear,,10.0,1007.0,0.7693879519933103,1.5100996124584736,4.221976294377037,4.386948237413461
edodbl,markov_order_2,30,nearest,,10.0,42.0,0.6889555272642469,1.5164643913784839,4.2470509189214045,4.393509888279524
edodbl,vq_ctw,30,linear,256.0,10.0,1007.0,1.0,0.0,6.692196471435176,6.692196471435176
edodbl,vq_ctw,30,nearest,256.0,10.0,42.0,1.0,0.0,8.028484922354156,8.028484922354156
edodbl,vq_ctw,30,linear,512.0,10.0,1007.0,1.0,0.0,6.329681534718433,6.329681534718433
edodbl,vq_ctw,30,nearest,512.0,10.0,42.0,1.0,0.0,7.462986370192299,7.462986370192299
edodbl,vq_ctw,30,linear,1024.0,10.0,1007.0,1.0,0.0,6.267691606758482,6.267691606758482
edodbl,vq_ctw,30,nearest,1024.0,10.0,42.0,1.0,0.0,6.795279655456109,6.795279655456109
edombo,direct_ctw,30,linear,,10.0,123.0,0.8495625464995386,1.062246310943241,4.536177647510901,4.7058307820295635
edombo,markov_order_1,30,linear,,10.0,123.0,0.7513554727770018,1.5550562555819138,4.536177647510901,4.7058307820295635
edombo,markov_order_2,30,linear,,10.0,123.0,0.7109547573195742,1.734620455581184,4.536177647510901,4.7058307820295635
edombo,vq_ctw,30,linear,256.0,10.0,123.0,1.0,0.0,9.895330349369837,9.895330349369837
edombo,vq_ctw,30,linear,512.0,10.0,123.0,1.0,0.0,9.685260760017382,9.685260760017382
edombo,vq_ctw,30,linear,1024.0,10.0,123.0,1.0,0.0,9.013207982649908,9.013207982649908
edrafs,direct_ctw,30,linear,,10.0,143.0,0.7958542527916046,1.2041542450626885,4.378832106230406,4.536624813926242
edrafs,direct_ctw,30,nearest,,10.0,40.0,0.7936905683594471,1.1469877377443645,4.0326674307664545,4.265232812697506
edrafs,markov_order_1,30,linear,,10.0,143.0,0.6562963459870446,1.7263740005596344,4.378832106230406,4.536624813926242
edrafs,markov_order_1,30,nearest,,10.0,40.0,0.5705751886124242,1.8444297999996853,4.0326674307664545,4.265232812697506
edrafs,markov_order_2,30,linear,,10.0,143.0,0.6829210581487111,1.6374110874856207,4.378832106230406,4.536624813926242
edrafs,markov_order_2,30,nearest,,10.0,40.0,0.5964340770731614,1.7801301901720776,4.0326674307664545,4.265232812697506
edrafs,vq_ctw,30,linear,256.0,10.0,143.0,1.0,0.0,6.986664023574786,6.986664023574786
edrafs,vq_ctw,30,nearest,256.0,10.0,40.0,0.9999999999980906,0.1704678133626309,9.45043509808766,9.45043509808766
edrafs,vq_ctw,30,linear,512.0,10.0,143.0,1.0,0.0,6.452368370939412,6.452368370939412
edrafs,vq_ctw,30,nearest,512.0,10.0,40.0,1.0,0.0,9.389265333305998,9.389265333305998
edrafs,vq_ctw,30,linear,1024.0,10.0,143.0,1.0,0.0,6.557201562635596,6.557201562635596
edrafs,vq_ctw,30,nearest,1024.0,10.0,40.0,1.0,0.0,8.85333958671054,8.85333958671054
eedigk,direct_ctw,30,linear,,10.0,1007.0,0.8028966219274789,1.3708601345783786,4.378156286512837,4.513320725375502
eedigk,direct_ctw,30,nearest,,10.0,260.0,0.7966452673239557,1.1332564077059482,4.234119767624703,4.380803397965286
eedigk,markov_order_1,30,linear,,10.0,1007.0,0.7546820968268002,1.6187009182259258,4.378156286512837,4.513320725375502
eedigk,markov_order_1,30,nearest,,10.0,260.0,0.622235588661079,1.709025243008642,4.234119767624703,4.380803397965286
eedigk,markov_order_2,30,linear,,10.0,1007.0,0.7469273580931777,1.6568010425714323,4.378156286512837,4.513320725375502
eedigk,markov_order_2,30,nearest,,10.0,260.0,0.6458853032510908,1.6437684394680439,4.234119767624703,4.380803397965286
eedigk,vq_ctw,30,linear,256.0,10.0,1007.0,1.0,0.0,6.381773594476598,6.381773594476598
eedigk,vq_ctw,30,nearest,256.0,10.0,260.0,1.0,0.0,7.6584793658691455,7.6584793658691455
eedigk,vq_ctw,30,linear,512.0,10.0,1007.0,1.0,0.0,6.324795683097596,6.324795683097596
eedigk,vq_ctw,30,nearest,512.0,10.0,260.0,1.0,0.0,7.668446887865269,7.668446887865269
eedigk,vq_ctw,30,linear,1024.0,10.0,1007.0,1.0,0.0,6.214795144188956,6.214795144188956
eedigk,vq_ctw,30,nearest,1024.0,10.0,260.0,1.0,0.0,7.015543999622009,7.015543999622009
eefayb,direct_ctw,30,linear,,10.0,1006.0,0.8368849657702041,1.2627467245308281,4.170650589019556,4.312467859737519
eefayb,direct_ctw,30,nearest,,10.0,166.0,0.8082423154356705,1.0740108812400044,4.092811923006206,4.230561438335129
eefayb,markov_order_1,30,linear,,10.0,1006.0,0.7904040480201378,1.538715886177239,4.170650589019556,4.312467859737519
eefayb,markov_order_1,30,nearest,,10.0,166.0,0.6515730128617708,1.6139630612540374,4.092811923006206,4.230561438335129
eefayb,markov_order_2,30,linear,,10.0,1006.0,0.775842904520135,1.6211315376966544,4.170650589019556,4.312467859737519
eefayb,markov_order_2,30,nearest,,10.0,166.0,0.6575726159078604,1.5962059005263693,4.092811923006206,4.230561438335129
eefayb,vq_ctw,30,linear,256.0,10.0,1006.0,1.0,0.0,7.174168953301628,7.174168953301628
eefayb,vq_ctw,30,nearest,256.0,10.0,166.0,1.0,0.0,8.492609697089284,8.492609697089284
eefayb,vq_ctw,30,linear,512.0,10.0,1006.0,1.0,0.0,6.917743672737927,6.917743672737927
eefayb,vq_ctw,30,nearest,512.0,10.0,166.0,1.0,0.0,9.0609729681213,9.0609729681213
eefayb,vq_ctw,30,linear,1024.0,10.0,1006.0,1.0,0.0,7.008734788029414,7.008734788029414
eefayb,vq_ctw,30,nearest,1024.0,10.0,166.0,1.0,0.0,8.394261781620111,8.394261781620111
eegcef,direct_ctw,30,linear,,10.0,962.0,0.802855321496585,1.2257921642262957,4.463847955901547,4.598443248092712
eegcef,direct_ctw,30,nearest,,10.0,216.0,0.8182813498570256,1.034006619363742,4.15783632097328,4.290915471536912
eegcef,markov_order_1,30,linear,,10.0,962.0,0.7651636271615797,1.3933905959730064,4.463847955901547,4.598443248092712
eegcef,markov_order_1,30,nearest,,10.0,216.0,0.6614644181462984,1.5720311320155729,4.15783632097328,4.290915471536912
eegcef,markov_order_2,30,linear,,10.0,962.0,0.7694056791946492,1.3751235725697688,4.463847955901547,4.598443248092712
eegcef,markov_order_2,30,nearest,,10.0,216.0,0.6927244932137895,1.4823166820965201,4.15783632097328,4.290915471536912
eegcef,vq_ctw,30,linear,256.0,10.0,962.0,1.0,0.0,5.307853293409513,5.307853293409513
eegcef,vq_ctw,30,nearest,256.0,10.0,216.0,1.0,0.0,7.692133597402443,7.692133597402443
eegcef,vq_ctw,30,linear,512.0,10.0,962.0,1.0,0.0,5.667159187660563,5.667159187660563
eegcef,vq_ctw,30,nearest,512.0,10.0,216.0,1.0,0.0,7.5654352989804865,7.5654352989804865
eegcef,vq_ctw,30,linear,1024.0,10.0,962.0,1.0,0.0,5.278499857824566,5.278499857824566
eegcef,vq_ctw,30,nearest,1024.0,10.0,216.0,1.0,0.0,6.918762593730677,6.918762593730677
eemafb,direct_ctw,30,linear,,10.0,1006.0,0.8598463235532188,1.10327136597198,4.126783383414136,4.306875436740898
eemafb,markov_order_1,30,linear,,10.0,1006.0,0.8121755637687906,1.3919311033303219,4.126783383414136,4.306875436740898
eemafb,markov_order_2,30,linear,,10.0,1006.0,0.8023971898649824,1.448325016338614,4.126783383414136,4.306875436740898
eemafb,vq_ctw,30,linear,256.0,10.0,1006.0,1.0,0.0,8.481720089236006,8.481720089236006
eemafb,vq_ctw,30,linear,512.0,10.0,1006.0,1.0,0.0,7.610889276309844,7.610889276309844
eemafb,vq_ctw,30,linear,1024.0,10.0,1006.0,1.0,0.0,7.89266125683143,7.89266125683143
eenjou,direct_ctw,30,linear,,10.0,1007.0,0.8390493888284749,1.0884243665272788,4.388006854706643,4.515994306406746
eenjou,direct_ctw,30,nearest,,10.0,185.0,0.8199142166218186,0.9369469576226519,4.02356396170455,4.130790348085967
eenjou,markov_order_1,30,linear,,10.0,1007.0,0.8005891225178302,1.2805653923567768,4.388006854706643,4.515994306406746
eenjou,markov_order_1,30,nearest,,10.0,185.0,0.731436866796679,1.2496596583909723,4.02356396170455,4.130790348085967
eenjou,markov_order_2,30,linear,,10.0,1007.0,0.8043402495671497,1.2624485643319983,4.388006854706643,4.515994306406746
eenjou,markov_order_2,30,nearest,,10.0,185.0,0.7368631298891315,1.2372727951287836,4.02356396170455,4.130790348085967
eenjou,vq_ctw,30,linear,256.0,10.0,1007.0,1.0,0.0,5.414791944281005,5.414791944281005
eenjou,vq_ctw,30,nearest,256.0,10.0,185.0,1.0,0.0,8.288385185662726,8.288385185662726
eenjou,vq_ctw,30,linear,512.0,10.0,1007.0,1.0,0.0,5.943225308754303,5.943225308754303
eenjou,vq_ctw,30,nearest,512.0,10.0,185.0,1.0,0.0,7.269850203425724,7.269850203425724
eenjou,vq_ctw,30,linear,1024.0,10.0,1007.0,1.0,0.0,5.395556419464313,5.395556419464313
eenjou,vq_ctw,30,nearest,1024.0,10.0,185.0,1.0,0.0,6.675006055354298,6.675006055354298
eersdo,direct_ctw,30,linear,,10.0,1007.0,0.7814670847141143,1.3223789785116606,4.345857427205062,4.493501231740732
eersdo,direct_ctw,30,nearest,,10.0,47.0,0.8108076698839036,1.1390698028328978,4.123018766389946,4.2878857013936855
eersdo,markov_order_1,30,linear,,10.0,1007.0,0.7340998369904675,1.5228618640276559,4.345857427205062,4.493501231740732
eersdo,markov_order_1,30,nearest,,10.0,47.0,0.607034048938444,1.8791256137479964,4.123018766389946,4.2878857013936855
eersdo,markov_order_2,30,linear,,10.0,1007.0,0.7395727440011552,1.5005851144021312,4.345857427205062,4.493501231740732
eersdo,markov_order_2,30,nearest,,10.0,47.0,0.6146378369883204,1.8565245079897241,4.123018766389946,4.2878857013936855
eersdo,vq_ctw,30,linear,256.0,10.0,1007.0,1.0,0.0,5.736994049103755,5.736994049103755
eersdo,vq_ctw,30,nearest,256.0,10.0,47.0,1.0,0.0,8.097508945772248,8.097508945772248
eersdo,vq_ctw,30,linear,512.0,10.0,1007.0,1.0,0.0,6.068461348232722,6.068461348232722
eersdo,vq_ctw,30,nearest,512.0,10.0,47.0,1.0,0.0,9.593228987671296,9.593228987671296
eersdo,vq_ctw,30,linear,1024.0,10.0,1007.0,1.0,0.0,5.574717958440777,5.574717958440777
eersdo,vq_ctw,30,nearest,1024.0,10.0,47.0,1.0,0.0,9.076102998397065,9.076102998397065
eesbaj,direct_ctw,30,linear,,10.0,1007.0,0.8114413731958077,1.3744220684202382,4.3978589464784585,4.563976859420071
eesbaj,direct_ctw,30,nearest,,10.0,228.0,0.8217749587637206,1.0096170613154691,4.366770488415157,4.515021935440204
eesbaj,markov_order_1,30,linear,,10.0,1007.0,0.7624724154879211,1.642431990338014,4.3978589464784585,4.563976859420071
eesbaj,markov_order_1,30,nearest,,10.0,228.0,0.6663370018598479,1.536991437367491,4.366770488415157,4.515021935440204
eesbaj,markov_order_2,30,linear,,10.0,1007.0,0.7476222065738107,1.719790057419966,4.3978589464784585,4.563976859420071
eesbaj,markov_order_2,30,nearest,,10.0,228.0,0.6767196469276002,1.50641723973913,4.366770488415157,4.515021935440204
eesbaj,vq_ctw,30,linear,256.0,10.0,1007.0,1.0,0.0,8.044765158782507,8.044765158782507
eesbaj,vq_ctw,30,nearest,256.0,10.0,228.0,1.0,0.0,7.526098382718212,7.526098382718212
eesbaj,vq_ctw,30,linear,512.0,10.0,1007.0,1.0,0.0,7.760590715611394,7.760590715611394
eesbaj,vq_ctw,30,nearest,512.0,10.0,228.0,1.0,0.0,6.992410341408507,6.992410341408507
eesbaj,vq_ctw,30,linear,1024.0,10.0,1007.0,1.0,0.0,7.828364096395585,7.828364096395585
eesbaj,vq_ctw,30,nearest,1024.0,10.0,228.0,1.0,0.0,6.379776437222881,6.379776437222881
efcati,direct_ctw,30,linear,,10.0,990.0,0.8472298600238322,1.1983795284662297,4.105573114831974,4.301895175808544
efcati,direct_ctw,30,nearest,,10.0,193.0,0.8456712414644179,0.9380728878010962,4.237262748000358,4.355668356664279
efcati,markov_order_1,30,linear,,10.0,990.0,0.8028073657181578,1.4670600523502142,4.105573114831974,4.301895175808544
efcati,markov_order_1,30,nearest,,10.0,193.0,0.7115290188120785,1.4598064713787464,4.237262748000358,4.355668356664279
efcati,markov_order_2,30,linear,,10.0,990.0,0.7831703083933256,1.5798838093025183,4.105573114831974,4.301895175808544
efcati,markov_order_2,30,nearest,,10.0,193.0,0.7168594075569411,1.442708221873184,4.237262748000358,4.355668356664279
efcati,vq_ctw,30,linear,256.0,10.0,990.0,1.0,0.0,7.904408191361774,7.904408191361774
efcati,vq_ctw,30,nearest,256.0,10.0,193.0,1.0,0.0,8.69138125106219,8.69138125106219
efcati,vq_ctw,30,linear,512.0,10.0,990.0,1.0,0.0,8.547669410399074,8.547669410399074
efcati,vq_ctw,30,nearest,512.0,10.0,193.0,1.0,0.0,7.7865229591085425,7.7865229591085425
efcati,vq_ctw,30,linear,1024.0,10.0,990.0,1.0,0.0,8.162171724386658,8.162171724386658
efcati,vq_ctw,30,nearest,1024.0,10.0,193.0,1.0,0.0,7.141149913890211,7.141149913890211
effneo,direct_ctw,30,linear,,10.0,1007.0,0.7835094924079172,1.4399659716554416,4.282372360185433,4.444511542576387
effneo,direct_ctw,30,nearest,,10.0,153.0,0.819831342810279,1.0925291642329689,4.363329830414345,4.496670967008984
effneo,markov_order_1,30,linear,,10.0,1007.0,0.7343635623687848,1.6771808597704647,4.282372360185433,4.444511542576387
effneo,markov_order_1,30,nearest,,10.0,153.0,0.6348349829467993,1.8122143903546903,4.363329830414345,4.496670967008984
effneo,markov_order_2,30,linear,,10.0,1007.0,0.7297724927770965,1.6983918365455068,4.282372360185433,4.444511542576387
effneo,markov_order_2,30,nearest,,10.0,153.0,0.6511207344988991,1.7657144209678606,4.363329830414345,4.496670967008984
effneo,vq_ctw,30,linear,256.0,10.0,1007.0,1.0,0.0,6.468701090604748,6.468701090604748
effneo,vq_ctw,30,nearest,256.0,10.0,153.0,1.0,0.0,7.982632493229083,7.982632493229083
effneo,vq_ctw,30,linear,512.0,10.0,1007.0,1.0,0.0,6.387596653320876,6.387596653320876
effneo,vq_ctw,30,nearest,512.0,10.0,153.0,1.0,0.0,7.730864839683094,7.730864839683094
effneo,vq_ctw,30,linear,1024.0,10.0,1007.0,1.0,0.0,6.428294748263498,6.428294748263498
effneo,vq_ctw,30,nearest,1024.0,10.0,153.0,1.0,0.0,7.217965746212787,7.217965746212787
efghak,direct_ctw,30,linear,,10.0,1007.0,0.8206052216985835,1.1823760685329467,4.381971766309674,4.523384582237993
efghak,direct_ctw,30,nearest,,10.0,67.0,0.8335447499535757,0.9688712200392051,4.010717514663825,4.125913774104876
efghak,markov_order_1,30,linear,,10.0,1007.0,0.7799557517277065,1.377990594256731,4.381971766309674,4.523384582237993
efghak,markov_order_1,30,nearest,,10.0,67.0,0.6909030609371132,1.5005953848405442,4.010717514663825,4.125913774104876
efghak,markov_order_2,30,linear,,10.0,1007.0,0.7825084465433781,1.3661366130460024,4.381971766309674,4.523384582237993
efghak,markov_order_2,30,nearest,,10.0,67.0,0.6870111387684926,1.5119453442239665,4.010717514663825,4.125913774104876
efghak,vq_ctw,30,linear,256.0,10.0,1007.0,1.0,0.0,6.151544428172174,6.151544428172174
efghak,vq_ctw,30,nearest,256.0,10.0,67.0,1.0,0.0,8.397141819527603,8.397141819527603
efghak,vq_ctw,30,linear,512.0,10.0,1007.0,1.0,0.0,6.1092882857546895,6.1092882857546895
efghak,vq_ctw,30,nearest,512.0,10.0,67.0,1.0,0.0,8.623260055935646,8.623260055935646
efghak,vq_ctw,30,linear,1024.0,10.0,1007.0,1.0,0.0,5.756875540327759,5.756875540327759
efghak,vq_ctw,30,nearest,1024.0,10.0,67.0,1.0,0.0,8.117332384010107,8.117332384010107
efgoak,direct_ctw,30,linear,,10.0,1007.0,0.8599944401350589,1.0042700518169132,4.263123435848835,4.396407768850705
efgoak,direct_ctw,30,nearest,,10.0,177.0,0.8606001112608151,0.8323902708283353,4.235206642204706,4.355879838597135
efgoak,markov_order_1,30,linear,,10.0,1007.0,0.8331205770075644,1.1511544605357833,4.263123435848835,4.396407768850705
efgoak,markov_order_1,30,nearest,,10.0,177.0,0.7558162523070654,1.2468126215537574,4.235206642204706,4.355879838597135
efgoak,markov_order_2,30,linear,,10.0,1007.0,0.8291420578600776,1.1722374556222332,4.263123435848835,4.396407768850705
efgoak,markov_order_2,30,nearest,,10.0,177.0,0.734266750276933,1.3175958265718672,4.235206642204706,4.355879838597135
efgoak,vq_ctw,30,linear,256.0,10.0,1007.0,1.0,0.0,5.755686301382237,5.755686301382237
efgoak,vq_ctw,30,nearest,256.0,10.0,177.0,1.0,0.0,8.19874916298181,8.19874916298181
efgoak,vq_ctw,30,linear,512.0,10.0,1007.0,1.0,0.0,6.280166779295921,6.280166779295921
efgoak,vq_ctw,30,nearest,512.0,10.0,177.0,1.0,0.0,7.226170113276554,7.226170113276554
efgoak,vq_ctw,30,linear,1024.0,10.0,1007.0,1.0,0.0,5.8126575899808355,5.8126575899808355
efgoak,vq_ctw,30,nearest,1024.0,10.0,177.0,1.0,0.0,6.5798898408222,6.5798898408222
efmymo,direct_ctw,30,linear,,10.0,161.0,0.8539975935120505,0.9771559874056049,4.30976530708238,4.425394314693356
efmymo,markov_order_1,30,linear,,10.0,161.0,0.7836610376829196,1.312654091903815,4.30976530708238,4.425394314693356
efmymo,markov_order_2,30,linear,,10.0,161.0,0.7720555651461852,1.3636385617596503,4.30976530708238,4.425394314693356
efmymo,vq_ctw,30,linear,256.0,10.0,161.0,1.0,0.0,5.859615575302093,5.859615575302093
efmymo,vq_ctw,30,linear,512.0,10.0,161.0,1.0,0.0,5.930188847633814,5.930188847633814
efmymo,vq_ctw,30,linear,1024.0,10.0,161.0,1.0,0.0,5.360408349691087,5.360408349691087
efonve,direct_ctw,30,linear,,10.0,1003.0,0.812539945152196,1.445967968874505,4.408009186907705,4.572001751579209
efonve,direct_ctw,30,nearest,,10.0,436.0,0.8188225225338968,1.0635038590477595,4.27373050573198,4.456149900470927
efonve,markov_order_1,30,linear,,10.0,1003.0,0.762399365571967,1.7414299365949646,4.408009186907705,4.572001751579209
efonve,markov_order_1,30,nearest,,10.0,436.0,0.6495441579108218,1.678067502627683,4.27373050573198,4.456149900470927
efonve,markov_order_2,30,linear,,10.0,1003.0,0.7390796940885359,1.8718131772988789,4.408009186907705,4.572001751579209
efonve,markov_order_2,30,nearest,,10.0,436.0,0.6589462926267424,1.6511642984762653,4.27373050573198,4.456149900470927
efonve,vq_ctw,30,linear,256.0,10.0,1003.0,1.0,0.0,7.6435501490470195,7.6435501490470195
efonve,vq_ctw,30,nearest,256.0,10.0,436.0,1.0,0.0,8.895513372027851,8.895513372027851
efonve,vq_ctw,30,linear,512.0,10.0,1003.0,1.0,0.0,7.7935978150365255,7.7935978150365255
efonve,vq_ctw,30,nearest,512.0,10.0,436.0,1.0,0.0,8.631260555505888,8.631260555505888
efonve,vq_ctw,30,linear,1024.0,10.0,1003.0,1.0,0.0,7.454656783428247,7.454656783428247
efonve,vq_ctw,30,nearest,1024.0,10.0,436.0,1.0,0.0,8.07266479740745,8.07266479740745
efsphe,direct_ctw,30,linear,,10.0,990.0,0.790804093033658,1.4899024133618304,4.115401829398328,4.323419011743609
efsphe,direct_ctw,30,nearest,,10.0,38.0,0.823700049804109,1.1276442079429838,4.157438202574306,4.373417014713079
efsphe,markov_order_1,30,linear,,10.0,990.0,0.7156484963484452,1.8807019756840864,4.115401829398328,4.323419011743609
efsphe,markov_order_1,30,nearest,,10.0,38.0,0.5347773971151796,2.1990903785406846,4.157438202574306,4.373417014713079
efsphe,markov_order_2,30,linear,,10.0,990.0,0.7041957695033042,1.936548462565491,4.115401829398328,4.323419011743609
efsphe,markov_order_2,30,nearest,,10.0,38.0,0.5737427582497165,2.086110865634245,4.157438202574306,4.373417014713079
efsphe,vq_ctw,30,linear,256.0,10.0,990.0,1.0,0.0,10.506479398547919,10.506479398547919
efsphe,vq_ctw,30,nearest,256.0,10.0,38.0,1.0,0.0,9.520272671797619,9.520272671797619
efsphe,vq_ctw,30,linear,512.0,10.0,990.0,1.0,0.0,9.278076785390484,9.278076785390484
efsphe,vq_ctw,30,nearest,512.0,10.0,38.0,1.0,0.0,12.193019790723456,12.193019790723456
efsphe,vq_ctw,30,linear,1024.0,10.0,990.0,1.0,0.0,9.922215313219022,9.922215313219022
efsphe,vq_ctw,30,nearest,1024.0,10.0,38.0,1.0,0.0,11.493136638395036,11.493136638395036
eggfri,direct_ctw,30,linear,,10.0,1007.0,0.8148692100069708,1.3316208938024288,4.276564978958979,4.44611699191784
eggfri,direct_ctw,30,nearest,,10.0,258.0,0.8277363213906981,0.9822267050240102,4.190024017514416,4.325117262061156
eggfri,markov_order_1,30,linear,,10.0,1007.0,0.755787468136475,1.6468122261679194,4.276564978958979,4.44611699191784
eggfri,markov_order_1,30,nearest,,10.0,258.0,0.6926489187226488,1.4633350048198066,4.190024017514416,4.325117262061156
eggfri,markov_order_2,30,linear,,10.0,1007.0,0.7542854707857631,1.654447499004178,4.276564978958979,4.44611699191784
eggfri,markov_order_2,30,nearest,,10.0,258.0,0.694191586319014,1.4624804697647018,4.190024017514416,4.325117262061156
eggfri,vq_ctw,30,linear,256.0,10.0,1007.0,1.0,0.0,7.531451796364693,7.531451796364693
eggfri,vq_ctw,30,nearest,256.0,10.0,258.0,1.0,0.0,8.060923271714554,8.060923271714554
eggfri,vq_ctw,30,linear,512.0,10.0,1007.0,1.0,0.0,7.192243586356135,7.192243586356135
eggfri,vq_ctw,30,nearest,512.0,10.0,258.0,1.0,0.0,7.902060515317177,7.902060515317177
eggfri,vq_ctw,30,linear,1024.0,10.0,1007.0,1.0,0.0,7.0956388807131585,7.0956388807131585
eggfri,vq_ctw,30,nearest,1024.0,10.0,258.0,1.0,0.0,7.242305436972718,7.242305436972718
eghanw,direct_ctw,30,linear,,10.0,905.0,0.8126049677078412,1.38943417168839,4.289158349452447,4.462402366351869
eghanw,direct_ctw,30,nearest,,10.0,131.0,0.817436332358319,1.068528117307929,4.036139120127513,4.206470145583219
eghanw,markov_order_1,30,linear,,10.0,905.0,0.7510409585369854,1.7308819967870592,4.289158349452447,4.462402366351869
eghanw,markov_order_1,30,nearest,,10.0,131.0,0.6503941106250637,1.6618612199813612,4.036139120127513,4.206470145583219
eghanw,markov_order_2,30,linear,,10.0,905.0,0.7358474531497281,1.8104287695477157,4.289158349452447,4.462402366351869
eghanw,markov_order_2,30,nearest,,10.0,131.0,0.6742250563880812,1.5924553198782663,4.036139120127513,4.206470145583219
eghanw,vq_ctw,30,linear,256.0,10.0,905.0,1.0,0.0,8.221188230695732,8.221188230695732
eghanw,vq_ctw,30,nearest,256.0,10.0,131.0,1.0,0.0,8.408563562536001,8.408563562536001
eghanw,vq_ctw,30,linear,512.0,10.0,905.0,1.0,0.0,7.8884680793204875,7.8884680793204875
eghanw,vq_ctw,30,nearest,512.0,10.0,131.0,1.0,0.0,8.298577078996514,8.298577078996514
eghanw,vq_ctw,30,linear,1024.0,10.0,905.0,1.0,0.0,7.839171467739011,7.839171467739011
eghanw,vq_ctw,30,nearest,1024.0,10.0,131.0,1.0,0.0,7.795326047316932,7.795326047316932
egloha,direct_ctw,30,linear,,10.0,1007.0,0.8130138603731317,1.2878559879963798,4.235065326133745,4.391463596651742
egloha,direct_ctw,30,nearest,,10.0,35.0,0.839509951415724,0.9564607156652085,4.364069293799967,4.442413338802285
egloha,markov_order_1,30,linear,,10.0,1007.0,0.7712267764140084,1.5010605801889105,4.235065326133745,4.391463596651742
egloha,markov_order_1,30,nearest,,10.0,35.0,0.6756428014483514,1.5577713598801903,4.364069293799967,4.442413338802285
egloha,markov_order_2,30,linear,,10.0,1007.0,0.7648802378384221,1.5321419956934688,4.235065326133745,4.391463596651742
egloha,markov_order_2,30,nearest,,10.0,35.0,0.7078708644253701,1.4557140040464878,4.364069293799967,4.442413338802285
egloha,vq_ctw,30,linear,256.0,10.0,1007.0,1.0,0.0,7.206336920975787,7.206336920975787
egloha,vq_ctw,30,nearest,256.0,10.0,35.0,1.0,0.0,8.112183512669768,8.112183512669768
egloha,vq_ctw,30,linear,512.0,10.0,1007.0,1.0,0.0,6.986013062507218,6.986013062507218
egloha,vq_ctw,30,nearest,512.0,10.0,35.0,1.0,0.0,7.382893637559479,7.382893637559479
egloha,vq_ctw,30,linear,1024.0,10.0,1007.0,1.0,0.0,6.930073448881835,6.930073448881835
egloha,vq_ctw,30,nearest,1024.0,10.0,35.0,1.0,0.0,6.807325813034641,6.807325813034641
egnata,direct_ctw,30,linear,,10.0,1007.0,0.7612330639380394,1.4101872932759663,4.559987580415669,4.686954034267785
egnata,direct_ctw,30,nearest,,10.0,247.0,0.8184391302358954,1.0554242550694448,4.124812636834285,4.277494133297471
egnata,markov_order_1,30,linear,,10.0,1007.0,0.7133711972851695,1.605251246761664,4.559987580415669,4.686954034267785
egnata,markov_order_1,30,nearest,,10.0,247.0,0.6258242839684659,1.7111858195048644,4.124812636834285,4.277494133297471
egnata,markov_order_2,30,linear,,10.0,1007.0,0.7169680635556895,1.5911761585210178,4.559987580415669,4.686954034267785
egnata,markov_order_2,30,nearest,,10.0,247.0,0.6620793619005139,1.6162149099559648,4.124812636834285,4.277494133297471
egnata,vq_ctw,30,linear,256.0,10.0,1007.0,1.0,0.0,5.590592692043544,5.590592692043544
egnata,vq_ctw,30,nearest,256.0,10.0,247.0,1.0,0.0,7.880480717538245,7.880480717538245
egnata,vq_ctw,30,linear,512.0,10.0,1007.0,1.0,0.0,5.914939885837651,5.914939885837651
egnata,vq_ctw,30,nearest,512.0,10.0,247.0,1.0,0.0,7.619939844894294,7.619939844894294
egnata,vq_ctw,30,linear,1024.0,10.0,1007.0,1.0,0.0,5.226045785402627,5.226045785402627
egnata,vq_ctw,30,nearest,1024.0,10.0,247.0,1.0,0.0,7.077637542019034,7.077637542019034
egreos,direct_ctw,30,linear,,10.0,1007.0,0.8372619705326163,1.3321190906362501,3.8881264931071233,4.119334388741855
egreos,markov_order_1,30,linear,,10.0,1007.0,0.7687790688936811,1.762343351457811,3.8881264931071233,4.119334388741855
egreos,markov_order_2,30,linear,,10.0,1007.0,0.7402323735873066,1.9298695624488036,3.8881264931071233,4.119334388741855
egreos,vq_ctw,30,linear,256.0,10.0,1007.0,1.0,0.0,10.873737853898893,10.873737853898893
egreos,vq_ctw,30,linear,512.0,10.0,1007.0,1.0,0.0,9.621946593634936,9.621946593634936
egreos,vq_ctw,30,linear,1024.0,10.0,1007.0,1.0,0.0,10.30109873438997,10.30109873438997
egteir,direct_ctw,30,linear,,10.0,818.0,0.8337046382360004,1.201580796222623,4.264375682482952,4.435863903656785
egteir,direct_ctw,30,nearest,,10.0,107.0,0.8201949112227845,1.056567370023822,4.323066986327297,4.497090857330236
egteir,markov_order_1,30,linear,,10.0,818.0,0.7708939891594166,1.5375233155557544,4.264375682482952,4.435863903656785
egteir,markov_order_1,30,nearest,,10.0,107.0,0.6615038202043056,1.6337449931848647,4.323066986327297,4.497090857330236
egteir,markov_order_2,30,linear,,10.0,818.0,0.7710548333701844,1.5367073364142814,4.264375682482952,4.435863903656785
egteir,markov_order_2,30,nearest,,10.0,107.0,0.6549647907439401,1.6555475206799737,4.323066986327297,4.497090857330236
egteir,vq_ctw,30,linear,256.0,10.0,818.0,1.0,0.0,7.425254855293614,7.425254855293614
egteir,vq_ctw,30,nearest,256.0,10.0,107.0,1.0,0.0,8.333238571966243,8.333238571966243
egteir,vq_ctw,30,linear,512.0,10.0,818.0,1.0,0.0,7.025055169672879,7.025055169672879
egteir,vq_ctw,30,nearest,512.0,10.0,107.0,1.0,0.0,7.8218558284393405,7.8218558284393405
egteir,vq_ctw,30,linear,1024.0,10.0,818.0,1.0,0.0,7.218929486706202,7.218929486706202
egteir,vq_ctw,30,nearest,1024.0,10.0,107.0,1.0,0.0,7.317755993486321,7.317755993486321
egwicj,direct_ctw,30,linear,,10.0,1007.0,0.8351510644418003,1.2898313258055594,4.199443417214079,4.421084207416294
egwicj,markov_order_1,30,linear,,10.0,1007.0,0.7733948128001419,1.657367952291491,4.199443417214079,4.421084207416294
egwicj,markov_order_2,30,linear,,10.0,1007.0,0.7547806383221902,1.7616579066686278,4.199443417214079,4.421084207416294
egwicj,vq_ctw,30,linear,256.0,10.0,1007.0,1.0,0.0,10.06365306242298,10.06365306242298
egwicj,vq_ctw,30,linear,512.0,10.0,1007.0,1.0,0.0,9.238917064763966,9.238917064763966
egwicj,vq_ctw,30,linear,1024.0,10.0,1007.0,1.0,0.0,9.483195940161034,9.483195940161034
eiboid,direct_ctw,30,linear,,10.0,1007.0,0.8271426206331676,1.322329091193327,4.122008269358546,4.313290526002455
eiboid,markov_order_1,30,linear,,10.0,1007.0,0.7721300034894754,1.6418616624206555,4.122008269358546,4.313290526002455
eiboid,markov_order_2,30,linear,,10.0,1007.0,0.7561082216265611,1.7300350544442007,4.122008269358546,4.313290526002455
eiboid,vq_ctw,30,linear,256.0,10.0,1007.0,1.0,0.0,8.198426854028728,8.198426854028728
eiboid,vq_ctw,30,linear,512.0,10.0,1007.0,1.0,0.0,7.487012028276501,7.487012028276501
eiboid,vq_ctw,30,linear,1024.0,10.0,1007.0,1.0,0.0,7.781670968798098,7.781670968798098
eicmyn,direct_ctw,30,linear,,10.0,1001.0,0.8753308755978421,0.9567767022992721,3.681353100131975,3.9888782531022504
eicmyn,markov_order_1,30,linear,,10.0,1001.0,0.8438762919388353,1.1435867868613219,3.681353100131975,3.9888782531022504
eicmyn,markov_order_2,30,linear,,10.0,1001.0,0.8354152151725998,1.1919046762332928,3.681353100131975,3.9888782531022504
eicmyn,vq_ctw,30,linear,256.0,10.0,1001.0,1.0,0.0,7.316841580972905,7.316841580972905
eicmyn,vq_ctw,30,linear,512.0,10.0,1001.0,1.0,0.0,6.874864316815172,6.874864316815172
eicmyn,vq_ctw,30,linear,1024.0,10.0,1001.0,1.0,0.0,6.608065274739975,6.608065274739975
eifvid,direct_ctw,30,linear,,10.0,1007.0,0.8411795295244244,1.2361661633216536,4.422654668604229,4.5545272507985235
eifvid,direct_ctw,30,nearest,,10.0,108.0,0.8453130133893695,0.9470295006637072,4.206441528737918,4.366570955731133
eifvid,markov_order_1,30,linear,,10.0,1007.0,0.7934296946035417,1.521362121597533,4.422654668604229,4.5545272507985235
eifvid,markov_order_1,30,nearest,,10.0,108.0,0.688154182300518,1.5497247178841533,4.206441528737918,4.366570955731133
eifvid,markov_order_2,30,linear,,10.0,1007.0,0.7813772315270228,1.5900192069549417,4.422654668604229,4.5545272507985235
eifvid,markov_order_2,30,nearest,,10.0,108.0,0.6910640598978061,1.539847954906119,4.206441528737918,4.366570955731133
eifvid,vq_ctw,30,linear,256.0,10.0,1007.0,1.0,0.0,6.17014341569471,6.17014341569471
eifvid,vq_ctw,30,nearest,256.0,10.0,108.0,1.0,0.0,8.063361208163926,8.063361208163926
eifvid,vq_ctw,30,linear,512.0,10.0,1007.0,1.0,0.0,6.382239868176343,6.382239868176343
eifvid,vq_ctw,30,nearest,512.0,10.0,108.0,1.0,0.0,8.504089906208595,8.504089906208595
eifvid,vq_ctw,30,linear,1024.0,10.0,1007.0,1.0,0.0,6.029673187404943,6.029673187404943
eifvid,vq_ctw,30,nearest,1024.0,10.0,108.0,1.0,0.0,7.939591851338478,7.939591851338478
eincuf,direct_ctw,30,linear,,10.0,946.0,0.9688029193775666,0.2727974626003765,5.022601592251502,5.121289001979177
eincuf,markov_order_1,30,linear,,10.0,946.0,0.9527909079906788,0.3840370655026428,5.022601592251502,5.121289001979177
eincuf,markov_order_2,30,linear,,10.0,946.0,0.9568789132454143,0.3565477194160556,5.022601592251502,5.121289001979177
eincuf,vq_ctw,30,linear,256.0,10.0,946.0,1.0,0.0,4.394037346105605,4.394037346105605
eincuf,vq_ctw,30,linear,512.0,10.0,946.0,1.0,0.0,4.492272251822373,4.492272251822373
eincuf,vq_ctw,30,linear,1024.0,10.0,946.0,1.0,0.0,4.0572894132687045,4.0572894132687045
eitpem,direct_ctw,30,linear,,10.0,889.0,0.9061644439053517,0.7306511216158991,3.674328658327061,3.877548815784274
eitpem,markov_order_1,30,linear,,10.0,889.0,0.8615956258720006,0.9952578311318545,3.674328658327061,3.877548815784274
eitpem,markov_order_2,30,linear,,10.0,889.0,0.869040645774647,0.9529414225172328,3.674328658327061,3.877548815784274
eitpem,vq_ctw,30,linear,256.0,10.0,889.0,1.0,0.0,7.640851943813374,7.640851943813374
eitpem,vq_ctw,30,linear,512.0,10.0,889.0,1.0,0.0,6.596596559894445,6.596596559894445
eitpem,vq_ctw,30,linear,1024.0,10.0,889.0,1.0,0.0,7.051524918242847,7.051524918242847
ejcrur,direct_ctw,30,linear,,10.0,1007.0,0.8579256653312886,1.0616063572643908,4.062865712041058,4.254327258690228
ejcrur,direct_ctw,30,nearest,,10.0,37.0,0.8343520850169305,0.9101972879320849,3.917089177899162,4.0798434720743595
ejcrur,markov_order_1,30,linear,,10.0,1007.0,0.8056460070068423,1.3561213237260075,4.062865712041058,4.254327258690228
ejcrur,markov_order_1,30,nearest,,10.0,37.0,0.7755007258960124,1.1241212913123022,3.917089177899162,4.0798434720743595
ejcrur,markov_order_2,30,linear,,10.0,1007.0,0.8098192293831005,1.333616309845046,4.062865712041058,4.254327258690228
ejcrur,markov_order_2,30,nearest,,10.0,37.0,0.747867043653473,1.214262591516075,3.917089177899162,4.0798434720743595
ejcrur,vq_ctw,30,linear,256.0,10.0,1007.0,1.0,0.0,7.2563243116307845,7.2563243116307845
ejcrur,vq_ctw,30,nearest,256.0,10.0,37.0,1.0,0.0,9.001311882091333,9.001311882091333
ejcrur,vq_ctw,30,linear,512.0,10.0,1007.0,1.0,0.0,6.477282678483927,6.477282678483927
ejcrur,vq_ctw,30,nearest,512.0,10.0,37.0,1.0,0.0,9.173566360101375,9.173566360101375
ejcrur,vq_ctw,30,linear,1024.0,10.0,1007.0,1.0,0.0,6.662184330975145,6.662184330975145
ejcrur,vq_ctw,30,nearest,1024.0,10.0,37.0,1.0,0.0,8.466181925228604,8.466181925228604
ejesba,direct_ctw,30,linear,,10.0,1007.0,0.8628091518177846,1.0325724827126694,4.5744623819626336,4.708556837589429
ejesba,direct_ctw,30,nearest,,10.0,223.0,0.8066070528185563,1.0955309538887916,4.487568932499853,4.648475782922178
ejesba,markov_order_1,30,linear,,10.0,1007.0,0.8234087273006379,1.2591864630571343,4.5744623819626336,4.708556837589429
ejesba,markov_order_1,30,nearest,,10.0,223.0,0.6107818392328184,1.7721666327202124,4.487568932499853,4.648475782922178
ejesba,markov_order_2,30,linear,,10.0,1007.0,0.8231555697268862,1.2605894288087587,4.5744623819626336,4.708556837589429
ejesba,markov_order_2,30,nearest,,10.0,223.0,0.6438050900719848,1.6640243330139501,4.487568932499853,4.648475782922178
ejesba,vq_ctw,30,linear,256.0,10.0,1007.0,1.0,0.0,5.956171943097042,5.956171943097042
ejesba,vq_ctw,30,nearest,256.0,10.0,223.0,1.0,0.0,8.157043430188724,8.157043430188724
ejesba,vq_ctw,30,linear,512.0,10.0,1007.0,1.0,0.0,6.162930296369861,6.162930296369861
ejesba,vq_ctw,30,nearest,512.0,10.0,223.0,1.0,0.0,8.813801532818335,8.813801532818335
ejesba,vq_ctw,30,linear,1024.0,10.0,1007.0,1.0,0.0,5.7752095704633355,5.7752095704633355
ejesba,vq_ctw,30,nearest,1024.0,10.0,223.0,1.0,0.0,8.19375234387741,8.19375234387741
ejkipu,direct_ctw,30,linear,,10.0,1006.0,0.8292554382926718,1.3094903372493039,4.219983431790319,4.397724496245428
ejkipu,direct_ctw,30,nearest,,10.0,71.0,0.8356593834675536,1.0261709425554786,3.7365189022600123,3.9838309980641067
ejkipu,markov_order_1,30,linear,,10.0,1006.0,0.7694629475003307,1.6566827140099234,4.219983431790319,4.397724496245428
ejkipu,markov_order_1,30,nearest,,10.0,71.0,0.6503878765233119,1.7448678596557048,3.7365189022600123,3.9838309980641067
ejkipu,markov_order_2,30,linear,,10.0,1006.0,0.7585989993817124,1.716461630175595,4.219983431790319,4.397724496245428
ejkipu,markov_order_2,30,nearest,,10.0,71.0,0.6530919441905969,1.7367717190632552,3.7365189022600123,3.9838309980641067
ejkipu,vq_ctw,30,linear,256.0,10.0,1006.0,1.0,0.0,8.444611413529138,8.444611413529138
ejkipu,vq_ctw,30,nearest,256.0,10.0,71.0,1.0,0.0,9.35714296001355,9.35714296001355
ejkipu,vq_ctw,30,linear,512.0,10.0,1006.0,1.0,0.0,7.64915409958871,7.64915409958871
ejkipu,vq_ctw,30,nearest,512.0,10.0,71.0,1.0,0.0,11.5710183504841,11.5710183504841
ejkipu,vq_ctw,30,linear,1024.0,10.0,1006.0,1.0,0.0,7.8611495667076,7.8611495667076
ejkipu,vq_ctw,30,nearest,1024.0,10.0,71.0,1.0,0.0,11.193354559865867,11.193354559865867
ejnoax,direct_ctw,30,linear,,10.0,1007.0,0.8541998965076538,1.1824299022173153,4.269616347098091,4.435855100612405
ejnoax,markov_order_1,30,linear,,10.0,1007.0,0.7998228899662905,1.5229906137108866,4.269616347098091,4.435855100612405
ejnoax,markov_order_2,30,linear,,10.0,1007.0,0.7803828712780009,1.6379362896582257,4.269616347098091,4.435855100612405
ejnoax,vq_ctw,30,linear,256.0,10.0,1007.0,1.0,0.0,9.259885724827067,9.259885724827067
ejnoax,vq_ctw,30,linear,512.0,10.0,1007.0,1.0,0.0,8.388563162084786,8.388563162084786
ejnoax,vq_ctw,30,linear,1024.0,10.0,1007.0,1.0,0.0,8.863962065774778,8.863962065774778
ejshig,direct_ctw,30,linear,,10.0,1007.0,0.8026478868553881,1.3993267461892862,4.489457333919063,4.63332566829461
ejshig,direct_ctw,30,nearest,,10.0,279.0,0.8138567010881853,1.1134583642412001,4.358378162367061,4.5033363519776985
ejshig,markov_order_1,30,linear,,10.0,1007.0,0.7532178947289532,1.659863748015836,4.489457333919063,4.63332566829461
ejshig,markov_order_1,30,nearest,,10.0,279.0,0.6371503654356862,1.7593409113691818,4.358378162367061,4.5033363519776985
ejshig,markov_order_2,30,linear,,10.0,1007.0,0.7409266901372304,1.7215911619694753,4.489457333919063,4.63332566829461
ejshig,markov_order_2,30,nearest,,10.0,279.0,0.6447039138686396,1.7432050169513924,4.358378162367061,4.5033363519776985
ejshig,vq_ctw,30,linear,256.0,10.0,1007.0,1.0,0.0,6.3388397023438605,6.3388397023438605
ejshig,vq_ctw,30,nearest,256.0,10.0,279.0,1.0,0.0,8.272186921667279,8.272186921667279
ejshig,vq_ctw,30,linear,512.0,10.0,1007.0,1.0,0.0,6.634778759134548,6.634778759134548
ejshig,vq_ctw,30,nearest,512.0,10.0,279.0,1.0,0.0,8.601385242335086,8.601385242335086
ejshig,vq_ctw,30,linear,1024.0,10.0,1007.0,1.0,0.0,6.194321580798335,6.194321580798335
ejshig,vq_ctw,30,nearest,1024.0,10.0,279.0,1.0,0.0,8.022964814950779,8.022964814950779
ejtobu,direct_ctw,30,linear,,10.0,1007.0,0.7983260957983875,1.3952095056190255,4.40608160597401,4.5560785318275645
ejtobu,direct_ctw,30,nearest,,10.0,150.0,0.8182055775706191,1.0109669284283307,4.45118355088534,4.597566285795136
ejtobu,markov_order_1,30,linear,,10.0,1007.0,0.7519946990646038,1.6319570435033173,4.40608160597401,4.5560785318275645
ejtobu,markov_order_1,30,nearest,,10.0,150.0,0.6487536264254531,1.5872015182794723,4.45118355088534,4.597566285795136
ejtobu,markov_order_2,30,linear,,10.0,1007.0,0.7424432607944862,1.6786219999848826,4.40608160597401,4.5560785318275645
ejtobu,markov_order_2,30,nearest,,10.0,150.0,0.6929006893874633,1.4561448127420358,4.45118355088534,4.597566285795136
ejtobu,vq_ctw,30,linear,256.0,10.0,1007.0,1.0,0.0,6.195129334098021,6.195129334098021
ejtobu,vq_ctw,30,nearest,256.0,10.0,150.0,1.0,0.0,8.022259369945928,8.022259369945928
ejtobu,vq_ctw,30,linear,512.0,10.0,1007.0,1.0,0.0,6.3775019971753935,6.3775019971753935
ejtobu,vq_ctw,30,nearest,512.0,10.0,150.0,1.0,0.0,6.922696868956277,6.922696868956277
ejtobu,vq_ctw,30,linear,1024.0,10.0,1007.0,1.0,0.0,6.014711137194885,6.014711137194885
ejtobu,vq_ctw,30,nearest,1024.0,10.0,150.0,1.0,0.0,6.305399962550447,6.305399962550447
ekenuc,direct_ctw,30,linear,,10.0,1007.0,0.8042454327799814,1.4151283174359144,4.496264554029353,4.65011752424275
ekenuc,direct_ctw,30,nearest,,10.0,139.0,0.8280136828951631,0.96447898848007,4.349398835080806,4.492280601668352
ekenuc,markov_order_1,30,linear,,10.0,1007.0,0.7543315078941675,1.6850527170877476,4.496264554029353,4.65011752424275
ekenuc,markov_order_1,30,nearest,,10.0,139.0,0.6792371882944594,1.4707902536168747,4.349398835080806,4.492280601668352
ekenuc,markov_order_2,30,linear,,10.0,1007.0,0.7409542440722999,1.7539723094575481,4.496264554029353,4.65011752424275
ekenuc,markov_order_2,30,nearest,,10.0,139.0,0.6911658829152981,1.4439895277649506,4.349398835080806,4.492280601668352
ekenuc,vq_ctw,30,linear,256.0,10.0,1007.0,1.0,0.0,6.3071966838746185,6.3071966838746185
ekenuc,vq_ctw,30,nearest,256.0,10.0,139.0,1.0,0.0,8.196711424314461,8.196711424314461
ekenuc,vq_ctw,30,linear,512.0,10.0,1007.0,1.0,0.0,6.365197227535844,6.365197227535844
ekenuc,vq_ctw,30,nearest,512.0,10.0,139.0,1.0,0.0,7.007558185197921,7.007558185197921
ekenuc,vq_ctw,30,linear,1024.0,10.0,1007.0,1.0,0.0,6.193787751530251,6.193787751530251
ekenuc,vq_ctw,30,nearest,1024.0,10.0,139.0,1.0,0.0,6.529816598879221,6.529816598879221
ekfrab,direct_ctw,30,linear,,10.0,997.0,0.822901922684914,1.412173091815554,4.121860218069949,4.320147824662384
ekfrab,direct_ctw,30,nearest,,10.0,33.0,0.8295293443072982,1.0546009128288203,4.0903576353032385,4.2502703610309185
ekfrab,markov_order_1,30,linear,,10.0,997.0,0.7543174595916214,1.8288408891889152,4.121860218069949,4.320147824662384
ekfrab,markov_order_1,30,nearest,,10.0,33.0,0.6303589370215498,1.8086760617613726,4.0903576353032385,4.2502703610309185
ekfrab,markov_order_2,30,linear,,10.0,997.0,0.7317660745752531,1.9574343515145076,4.121860218069949,4.320147824662384
ekfrab,markov_order_2,30,nearest,,10.0,33.0,0.6094782431607738,1.8718988699781411,4.0903576353032385,4.2502703610309185
ekfrab,vq_ctw,30,linear,256.0,10.0,997.0,1.0,0.0,10.07706570048377,10.07706570048377
ekfrab,vq_ctw,30,nearest,256.0,10.0,33.0,1.0,0.0,10.67504540820146,10.67504540820146
ekfrab,vq_ctw,30,linear,512.0,10.0,997.0,1.0,0.0,9.207305917053784,9.207305917053784
ekfrab,vq_ctw,30,nearest,512.0,10.0,33.0,1.0,0.0,14.070980058303615,14.070980058303615
ekfrab,vq_ctw,30,linear,1024.0,10.0,997.0,1.0,0.0,9.623130629190303,9.623130629190303
ekfrab,vq_ctw,30,nearest,1024.0,10.0,33.0,1.0,0.0,13.704440324524729,13.704440324524729
ektamy,direct_ctw,30,linear,,10.0,1007.0,0.7923242040845773,1.3600439447949728,4.519944233281278,4.642580170105978
ektamy,direct_ctw,30,nearest,,10.0,202.0,0.8092831887375247,1.068307189941775,4.201364589606864,4.341927181120489
ektamy,markov_order_1,30,linear,,10.0,1007.0,0.7527468441980493,1.5486548478085747,4.519944233281278,4.642580170105978
ektamy,markov_order_1,30,nearest,,10.0,202.0,0.6598444116038721,1.5858738773142051,4.201364589606864,4.341927181120489
ektamy,markov_order_2,30,linear,,10.0,1007.0,0.7477462998644617,1.5715917535426087,4.519944233281278,4.642580170105978
ektamy,markov_order_2,30,nearest,,10.0,202.0,0.6593028471907434,1.5915714680621147,4.201364589606864,4.341927181120489
ektamy,vq_ctw,30,linear,256.0,10.0,1007.0,1.0,0.0,5.3790169277176565,5.3790169277176565
ektamy,vq_ctw,30,nearest,256.0,10.0,202.0,1.0,0.0,7.915172735675599,7.915172735675599
ektamy,vq_ctw,30,linear,512.0,10.0,1007.0,1.0,0.0,5.745589617326969,5.745589617326969
ektamy,vq_ctw,30,nearest,512.0,10.0,202.0,1.0,0.0,7.55660887397306,7.55660887397306
ektamy,vq_ctw,30,linear,1024.0,10.0,1007.0,1.0,0.0,5.257165174610884,5.257165174610884
ektamy,vq_ctw,30,nearest,1024.0,10.0,202.0,1.0,0.0,7.040972720306754,7.040972720306754
ektuyo,direct_ctw,30,linear,,10.0,1007.0,0.8777433605566051,0.9233572840865591,4.349655242556869,4.486506282141395
ektuyo,markov_order_1,30,linear,,10.0,1007.0,0.8475575031472868,1.0991503334198114,4.349655242556869,4.486506282141395
ektuyo,markov_order_2,30,linear,,10.0,1007.0,0.8429205161221451,1.125206929787855,4.349655242556869,4.486506282141395
ektuyo,vq_ctw,30,linear,256.0,10.0,1007.0,1.0,0.0,5.621216614250609,5.621216614250609
ektuyo,vq_ctw,30,linear,512.0,10.0,1007.0,1.0,0.0,5.688004764752733,5.688004764752733
ektuyo,vq_ctw,30,linear,1024.0,10.0,1007.0,1.0,0.0,5.538421959689747,5.538421959689747
ekyosj,direct_ctw,30,linear,,10.0,1006.0,0.7924179927789345,1.4549511005644078,4.1621605174566305,4.3343835528788155
ekyosj,direct_ctw,30,nearest,,10.0,316.0,0.8250150760925613,1.0534401627389591,4.051855297002989,4.229588890739995
ekyosj,markov_order_1,30,linear,,10.0,1006.0,0.7494963888306768,1.6786754671180173,4.1621605174566305,4.3343835528788155
ekyosj,markov_order_1,30,nearest,,10.0,316.0,0.6434321124636119,1.7201452529306998,4.051855297002989,4.229588890739995
ekyosj,markov_order_2,30,linear,,10.0,1006.0,0.7344843120658737,1.753489442128058,4.1621605174566305,4.3343835528788155
ekyosj,markov_order_2,30,nearest,,10.0,316.0,0.6629196441264164,1.661937126200186,4.051855297002989,4.229588890739995
ekyosj,vq_ctw,30,linear,256.0,10.0,1006.0,1.0,0.0,7.410189212772008,7.410189212772008
ekyosj,vq_ctw,30,nearest,256.0,10.0,316.0,0.9999999999997643,0.02145404647249469,9.251694210162604,9.251694210162604
ekyosj,vq_ctw,30,linear,512.0,10.0,1006.0,1.0,0.0,7.105201082813601,7.105201082813601
ekyosj,vq_ctw,30,nearest,512.0,10.0,316.0,1.0,0.0,10.48889319563031,10.48889319563031
ekyosj,vq_ctw,30,linear,1024.0,10.0,1006.0,1.0,0.0,7.1847524781885355,7.1847524781885355
ekyosj,vq_ctw,30,nearest,1024.0,10.0,316.0,1.0,0.0,9.900305234415956,9.900305234415956
elafle,direct_ctw,30,linear,,10.0,1007.0,0.8171712560572837,1.3187098723436859,4.436392861895518,4.597606070842068
elafle,direct_ctw,30,nearest,,10.0,107.0,0.8201298299364254,0.9518244159391562,4.693000516694942,4.849866929009473
elafle,markov_order_1,30,linear,,10.0,1007.0,0.7759597355028682,1.5425285612161626,4.436392861895518,4.597606070842068
elafle,markov_order_1,30,nearest,,10.0,107.0,0.7013324524574394,1.3755809261603225,4.693000516694942,4.849866929009473
elafle,markov_order_2,30,linear,,10.0,1007.0,0.7617842275061997,1.6161517356083503,4.436392861895518,4.597606070842068
elafle,markov_order_2,30,nearest,,10.0,107.0,0.7201450292155896,1.2863564058088495,4.693000516694942,4.849866929009473
elafle,vq_ctw,30,linear,256.0,10.0,1007.0,1.0,0.0,7.183454453080779,7.183454453080779
elafle,vq_ctw,30,nearest,256.0,10.0,107.0,1.0,0.0,6.945578368350587,6.945578368350587
elafle,vq_ctw,30,linear,512.0,10.0,1007.0,1.0,0.0,6.949403388329657,6.949403388329657
elafle,vq_ctw,30,nearest,512.0,10.0,107.0,1.0,0.0,7.15987086234693,7.15987086234693
elafle,vq_ctw,30,linear,1024.0,10.0,1007.0,1.0,0.0,6.914919568405683,6.914919568405683
elafle,vq_ctw,30,nearest,1024.0,10.0,107.0,1.0,0.0,6.530771898601592,6.530771898601592
elbnax,direct_ctw,30,linear,,10.0,1007.0,0.79490068188111,1.4672835999234854,4.452258632907044,4.606900370431134
elbnax,direct_ctw,30,nearest,,10.0,163.0,0.8250204160777305,1.0248866808223809,4.133250910508174,4.280254444347766
elbnax,markov_order_1,30,linear,,10.0,1007.0,0.7369919761544942,1.7741255850965032,4.452258632907044,4.606900370431134
elbnax,markov_order_1,30,nearest,,10.0,163.0,0.6658300969630672,1.6008746097085453,4.133250910508174,4.280254444347766
elbnax,markov_order_2,30,linear,,10.0,1007.0,0.7230419213879118,1.8441571224380973,4.452258632907044,4.606900370431134
elbnax,markov_order_2,30,nearest,,10.0,163.0,0.6646691208807001,1.6045380228950488,4.133250910508174,4.280254444347766
elbnax,vq_ctw,30,linear,256.0,10.0,1007.0,1.0,0.0,6.746038201417603,6.746038201417603
elbnax,vq_ctw,30,nearest,256.0,10.0,163.0,1.0,0.0,8.62614618661111,8.62614618661111
elbnax,vq_ctw,30,linear,512.0,10.0,1007.0,1.0,0.0,6.760160005357467,6.760160005357467
elbnax,vq_ctw,30,nearest,512.0,10.0,163.0,1.0,0.0,8.95057856718872,8.95057856718872
elbnax,vq_ctw,30,linear,1024.0,10.0,1007.0,1.0,0.0,6.434422164603327,6.434422164603327
elbnax,vq_ctw,30,nearest,1024.0,10.0,163.0,1.0,0.0,8.330050858619899,8.330050858619899
elfyea,direct_ctw,30,linear,,10.0,1007.0,0.7814471322921064,1.2649803084804607,4.341690083956062,4.496982499224354
elfyea,markov_order_1,30,linear,,10.0,1007.0,0.740973319275754,1.4267153930281782,4.341690083956062,4.496982499224354
elfyea,markov_order_2,30,linear,,10.0,1007.0,0.7498579922243612,1.392314879508655,4.341690083956062,4.496982499224354
elfyea,vq_ctw,30,linear,256.0,10.0,1007.0,1.0,0.0,6.276128274998005,6.276128274998005
elfyea,vq_ctw,30,linear,512.0,10.0,1007.0,1.0,0.0,6.27523905158164,6.27523905158164
elfyea,vq_ctw,30,linear,1024.0,10.0,1007.0,1.0,0.0,6.007492463674275,6.007492463674275
elhuyo,direct_ctw,30,linear,,10.0,266.0,0.8236545873799408,1.0247073752237177,4.834538336056504,4.954832015955856
elhuyo,markov_order_1,30,linear,,10.0,266.0,0.7573861596751468,1.2845877322569157,4.834538336056504,4.954832015955856
elhuyo,markov_order_2,30,linear,,10.0,266.0,0.7757490768557487,1.2163557958903388,4.834538336056504,4.954832015955856
elhuyo,vq_ctw,30,linear,256.0,10.0,266.0,1.0,0.0,5.071023523822641,5.071023523822641
elhuyo,vq_ctw,30,linear,512.0,10.0,266.0,1.0,0.0,4.983372159900191,4.983372159900191
elhuyo,vq_ctw,30,linear,1024.0,10.0,266.0,1.0,0.0,4.534564943232785,4.534564943232785
ellimt,direct_ctw,30,linear,,10.0,1007.0,0.834919268555735,1.2381351295500433,4.386021423216332,4.554497428373324
ellimt,direct_ctw,30,nearest,,10.0,34.0,0.8346829091308464,1.0307337213897103,3.927001141767098,4.181271448756857
ellimt,markov_order_1,30,linear,,10.0,1007.0,0.7895616968447605,1.4967331309460454,4.386021423216332,4.554497428373324
ellimt,markov_order_1,30,nearest,,10.0,34.0,0.5589655557413338,2.013994563236471,3.927001141767098,4.181271448756857
ellimt,markov_order_2,30,linear,,10.0,1007.0,0.7774619913538026,1.5625652445035276,4.386021423216332,4.554497428373324
ellimt,markov_order_2,30,nearest,,10.0,34.0,0.642921956081123,1.7693405262413107,3.927001141767098,4.181271448756857
ellimt,vq_ctw,30,linear,256.0,10.0,1007.0,1.0,0.0,6.746789619149388,6.746789619149388
ellimt,vq_ctw,30,nearest,256.0,10.0,34.0,1.0,0.0,10.644433817286309,10.644433817286309
ellimt,vq_ctw,30,linear,512.0,10.0,1007.0,1.0,0.0,6.604509993532966,6.604509993532966
ellimt,vq_ctw,30,nearest,512.0,10.0,34.0,1.0,0.0,12.34221485104484,12.34221485104484
ellimt,vq_ctw,30,linear,1024.0,10.0,1007.0,1.0,0.0,6.567010010983089,6.567010010983089
ellimt,vq_ctw,30,nearest,1024.0,10.0,34.0,1.0,0.0,11.73612349444958,11.73612349444958
elswck,direct_ctw,30,linear,,10.0,1006.0,0.7980118609260396,1.396876670758547,4.446588546904605,4.601230960155672
elswck,direct_ctw,30,nearest,,10.0,118.0,0.8161325453886737,1.0547748516021387,3.9380182284378202,4.128154117605565
elswck,markov_order_1,30,linear,,10.0,1006.0,0.7523686308408697,1.630115905808222,4.446588546904605,4.601230960155672
elswck,markov_order_1,30,nearest,,10.0,118.0,0.6315097082887072,1.6793909074300104,3.9380182284378202,4.128154117605565
elswck,markov_order_2,30,linear,,10.0,1006.0,0.7423754257610808,1.6789509362631287,4.446588546904605,4.601230960155672
elswck,markov_order_2,30,nearest,,10.0,118.0,0.6385968996522844,1.661079621691845,3.9380182284378202,4.128154117605565
elswck,vq_ctw,30,linear,256.0,10.0,1006.0,1.0,0.0,6.462756508582405,6.462756508582405
elswck,vq_ctw,30,nearest,256.0,10.0,118.0,1.0,0.0,8.84366020984183,8.84366020984183
elswck,vq_ctw,30,linear,512.0,10.0,1006.0,1.0,0.0,6.487495177235951,6.487495177235951
elswck,vq_ctw,30,nearest,512.0,10.0,118.0,1.0,0.0,9.883359327197473,9.883359327197473
elswck,vq_ctw,30,linear,1024.0,10.0,1006.0,1.0,0.0,6.264342064921715,6.264342064921715
elswck,vq_ctw,30,nearest,1024.0,10.0,118.0,1.0,0.0,9.295242728866498,9.295242728866498
elvgid,direct_ctw,30,linear,,10.0,189.0,0.9324818692976341,0.5133650335793184,4.873597495248212,4.9457326364796055
elvgid,markov_order_1,30,linear,,10.0,189.0,0.8959457299780565,0.723323666285847,4.873597495248212,4.9457326364796055
elvgid,markov_order_2,30,linear,,10.0,189.0,0.8986249023574813,0.7087251432539696,4.873597495248212,4.9457326364796055
elvgid,vq_ctw,30,linear,256.0,10.0,189.0,1.0,0.0,4.968327252379908,4.968327252379908
elvgid,vq_ctw,30,linear,512.0,10.0,189.0,1.0,0.0,4.522064369522992,4.522064369522992
elvgid,vq_ctw,30,linear,1024.0,10.0,189.0,1.0,0.0,4.335881825682472,4.335881825682472
elwesn,direct_ctw,30,linear,,10.0,1007.0,0.8310654723893749,1.0919510345795072,4.508717507589625,4.667375028395045
elwesn,direct_ctw,30,nearest,,10.0,74.0,0.8215913197201714,0.9577256697695954,4.425779552193016,4.562918157611505
elwesn,markov_order_1,30,linear,,10.0,1007.0,0.7998146175226254,1.2397704118566764,4.508717507589625,4.667375028395045
elwesn,markov_order_1,30,nearest,,10.0,74.0,0.698031818103656,1.3473487351360014,4.425779552193016,4.562918157611505
elwesn,markov_order_2,30,linear,,10.0,1007.0,0.8001152481877762,1.2383921265583886,4.508717507589625,4.667375028395045
elwesn,markov_order_2,30,nearest,,10.0,74.0,0.7147067674270917,1.3077430759278077,4.425779552193016,4.562918157611505
elwesn,vq_ctw,30,linear,256.0,10.0,1007.0,1.0,0.0,5.8066662564242835,5.8066662564242835
elwesn,vq_ctw,30,nearest,256.0,10.0,74.0,1.0,0.0,7.4576926168584805,7.4576926168584805
elwesn,vq_ctw,30,linear,512.0,10.0,1007.0,1.0,0.0,5.8842578242178165,5.8842578242178165
elwesn,vq_ctw,30,nearest,512.0,10.0,74.0,1.0,0.0,6.432860155720616,6.432860155720616
elwesn,vq_ctw,30,linear,1024.0,10.0,1007.0,1.0,0.0,5.571628463263063,5.571628463263063
elwesn,vq_ctw,30,nearest,1024.0,10.0,74.0,1.0,0.0,5.7692918103788395,5.7692918103788395
enarwe,direct_ctw,30,linear,,10.0,994.0,0.8410262825484551,1.294757177097756,4.4932774907870145,4.639598521629387
enarwe,direct_ctw,30,nearest,,10.0,234.0,0.8237403435362435,1.0045314537333412,4.493244297361867,4.639895707267257
enarwe,markov_order_1,30,linear,,10.0,994.0,0.7895500095031487,1.6199026771305354,4.4932774907870145,4.639598521629387
enarwe,markov_order_1,30,nearest,,10.0,234.0,0.6741763122220081,1.519894839856905,4.493244297361867,4.639895707267257
enarwe,markov_order_2,30,linear,,10.0,994.0,0.774056058958556,1.713042682331382,4.4932774907870145,4.639598521629387
enarwe,markov_order_2,30,nearest,,10.0,234.0,0.699288777239236,1.4494686989599337,4.493244297361867,4.639895707267257
enarwe,vq_ctw,30,linear,256.0,10.0,994.0,1.0,0.0,6.516152843070822,6.516152843070822
enarwe,vq_ctw,30,nearest,256.0,10.0,234.0,1.0,0.0,8.120466632990862,8.120466632990862
enarwe,vq_ctw,30,linear,512.0,10.0,994.0,1.0,0.0,6.828443724921102,6.828443724921102
enarwe,vq_ctw,30,nearest,512.0,10.0,234.0,1.0,0.0,7.7204897687725,7.7204897687725
enarwe,vq_ctw,30,linear,1024.0,10.0,994.0,1.0,0.0,6.400401073793014,6.400401073793014
enarwe,vq_ctw,30,nearest,1024.0,10.0,234.0,1.0,0.0,7.08439374343955,7.08439374343955
enekbl,direct_ctw,30,linear,,10.0,1007.0,0.8161902719869474,1.271003815598769,4.384749356965834,4.5332191404219815
enekbl,direct_ctw,30,nearest,,10.0,209.0,0.7965491667047504,1.077632528098173,4.31956319250173,4.458446562246986
enekbl,markov_order_1,30,linear,,10.0,1007.0,0.76723721119871,1.5206370452379367,4.384749356965834,4.5332191404219815
enekbl,markov_order_1,30,nearest,,10.0,209.0,0.6678721236468848,1.4943491890323022,4.31956319250173,4.458446562246986
enekbl,markov_order_2,30,linear,,10.0,1007.0,0.7668172286061357,1.5226903575112523,4.384749356965834,4.5332191404219815
enekbl,markov_order_2,30,nearest,,10.0,209.0,0.6802893707577463,1.4584492228843755,4.31956319250173,4.458446562246986
enekbl,vq_ctw,30,linear,256.0,10.0,1007.0,1.0,0.0,5.983365743207508,5.983365743207508
enekbl,vq_ctw,30,nearest,256.0,10.0,209.0,1.0,0.0,7.686194190612475,7.686194190612475
enekbl,vq_ctw,30,linear,512.0,10.0,1007.0,1.0,0.0,6.072698323123578,6.072698323123578
enekbl,vq_ctw,30,nearest,512.0,10.0,209.0,1.0,0.0,6.973442101662368,6.973442101662368
enekbl,vq_ctw,30,linear,1024.0,10.0,1007.0,1.0,0.0,5.716523148604508,5.716523148604508
enekbl,vq_ctw,30,nearest,1024.0,10.0,209.0,1.0,0.0,6.353688078837578,6.353688078837578
enidmo,direct_ctw,30,linear,,10.0,995.0,0.856188629287514,1.1693795504187345,4.1022302716616865,4.271807206144319
enidmo,direct_ctw,30,nearest,,10.0,71.0,0.8282141890829344,1.0041237374499967,3.778524824099481,3.9458653050093453
enidmo,markov_order_1,30,linear,,10.0,995.0,0.8083177337242178,1.4717064607639845,4.1022302716616865,4.271807206144319
enidmo,markov_order_1,30,nearest,,10.0,71.0,0.6604181001931959,1.5893640862723848,3.778524824099481,3.9458653050093453
enidmo,markov_order_2,30,linear,,10.0,995.0,0.7949036026833269,1.5523901162215925,4.1022302716616865,4.271807206144319
enidmo,markov_order_2,30,nearest,,10.0,71.0,0.6723036263151005,1.5608054895827888,3.778524824099481,3.9458653050093453
enidmo,vq_ctw,30,linear,256.0,10.0,995.0,1.0,0.0,8.08608529513273,8.08608529513273
enidmo,vq_ctw,30,nearest,256.0,10.0,71.0,1.0,0.0,8.625738826187614,8.625738826187614
enidmo,vq_ctw,30,linear,512.0,10.0,995.0,1.0,0.0,7.66850250143217,7.66850250143217
enidmo,vq_ctw,30,nearest,512.0,10.0,71.0,1.0,0.0,9.529516006767516,9.529516006767516
enidmo,vq_ctw,30,linear,1024.0,10.0,995.0,1.0,0.0,7.821339756037723,7.821339756037723
enidmo,vq_ctw,30,nearest,1024.0,10.0,71.0,1.0,0.0,8.844167492349372,8.844167492349372
enjubp,direct_ctw,30,linear,,10.0,1007.0,0.7945070196286473,1.3841762801539972,4.376623043681495,4.524550963367071
enjubp,direct_ctw,30,nearest,,10.0,135.0,0.8079056150137962,1.089775687048899,4.183830600032906,4.358631073556235
enjubp,markov_order_1,30,linear,,10.0,1007.0,0.7503815280210342,1.6019446917881723,4.376623043681495,4.524550963367071
enjubp,markov_order_1,30,nearest,,10.0,135.0,0.6324283447243315,1.6809055432268951,4.183830600032906,4.358631073556235
enjubp,markov_order_2,30,linear,,10.0,1007.0,0.7442882588361162,1.630793179688845,4.376623043681495,4.524550963367071
enjubp,markov_order_2,30,nearest,,10.0,135.0,0.6337227359290699,1.6786217787012,4.183830600032906,4.358631073556235
enjubp,vq_ctw,30,linear,256.0,10.0,1007.0,1.0,0.0,6.2235798314986575,6.2235798314986575
enjubp,vq_ctw,30,nearest,256.0,10.0,135.0,1.0,0.0,7.775257747520499,7.775257747520499
enjubp,vq_ctw,30,linear,512.0,10.0,1007.0,1.0,0.0,6.332835339952794,6.332835339952794
enjubp,vq_ctw,30,nearest,512.0,10.0,135.0,1.0,0.0,7.482448301075109,7.482448301075109
enjubp,vq_ctw,30,linear,1024.0,10.0,1007.0,1.0,0.0,6.069709355106237,6.069709355106237
enjubp,vq_ctw,30,nearest,1024.0,10.0,135.0,1.0,0.0,6.943149298614613,6.943149298614613
enkkan,direct_ctw,30,linear,,10.0,1007.0,0.8350178074026765,1.1690775943320642,4.19304495276825,4.330605040851213
enkkan,direct_ctw,30,nearest,,10.0,120.0,0.7989275264106339,1.1237489714117435,4.453520344768026,4.572818455946617
enkkan,markov_order_1,30,linear,,10.0,1007.0,0.805267361370469,1.3285553098411862,4.19304495276825,4.330605040851213
enkkan,markov_order_1,30,nearest,,10.0,120.0,0.6795948020416639,1.5281169139010093,4.453520344768026,4.572818455946617
enkkan,markov_order_2,30,linear,,10.0,1007.0,0.7973806748917432,1.36942397839002,4.19304495276825,4.330605040851213
enkkan,markov_order_2,30,nearest,,10.0,120.0,0.6768263940506686,1.545645956652718,4.453520344768026,4.572818455946617
enkkan,vq_ctw,30,linear,256.0,10.0,1007.0,1.0,0.0,5.926570872414808,5.926570872414808
enkkan,vq_ctw,30,nearest,256.0,10.0,120.0,1.0,0.0,10.214216877679595,10.214216877679595
enkkan,vq_ctw,30,linear,512.0,10.0,1007.0,1.0,0.0,6.197601732432359,6.197601732432359
enkkan,vq_ctw,30,nearest,512.0,10.0,120.0,1.0,0.0,10.559971038809342,10.559971038809342
enkkan,vq_ctw,30,linear,1024.0,10.0,1007.0,1.0,0.0,5.99061995671736,5.99061995671736
enkkan,vq_ctw,30,nearest,1024.0,10.0,120.0,1.0,0.0,10.126449858421388,10.126449858421388
enyene,direct_ctw,30,linear,,10.0,161.0,0.9066179585926019,0.6890480778422912,3.696517486704799,3.8956713168003887
enyene,markov_order_1,30,linear,,10.0,161.0,0.8599044934082563,0.9466305111956478,3.696517486704799,3.8956713168003887
enyene,markov_order_2,30,linear,,10.0,161.0,0.8454591354231891,1.0205704569097076,3.696517486704799,3.8956713168003887
enyene,vq_ctw,30,linear,256.0,10.0,161.0,1.0,0.0,7.042739593620042,7.042739593620042
enyene,vq_ctw,30,linear,512.0,10.0,161.0,1.0,0.0,7.469468756530899,7.469468756530899
enyene,vq_ctw,30,linear,1024.0,10.0,161.0,1.0,0.0,7.385918503800011,7.385918503800011
enyons,direct_ctw,30,linear,,10.0,1007.0,0.7910061276919442,1.402050058008599,4.491528099005444,4.640307985745656
enyons,direct_ctw,30,nearest,,10.0,310.0,0.8203354533109416,1.0598645750170286,4.18611632738224,4.359506538365257
enyons,markov_order_1,30,linear,,10.0,1007.0,0.7423604977079477,1.639861317191397,4.491528099005444,4.640307985745656
enyons,markov_order_1,30,nearest,,10.0,310.0,0.6726453814424891,1.603239970659108,4.18611632738224,4.359506538365257
enyons,markov_order_2,30,linear,,10.0,1007.0,0.7356226459373665,1.671336663400564,4.491528099005444,4.640307985745656
enyons,markov_order_2,30,nearest,,10.0,310.0,0.6686212875407511,1.6184121918869654,4.18611632738224,4.359506538365257
enyons,vq_ctw,30,linear,256.0,10.0,1007.0,1.0,0.0,5.830452298372835,5.830452298372835
enyons,vq_ctw,30,nearest,256.0,10.0,310.0,1.0,0.0,7.870450226042073,7.870450226042073
enyons,vq_ctw,30,linear,512.0,10.0,1007.0,1.0,0.0,6.160702310475465,6.160702310475465
enyons,vq_ctw,30,nearest,512.0,10.0,310.0,1.0,0.0,8.011207161743734,8.011207161743734
enyons,vq_ctw,30,linear,1024.0,10.0,1007.0,1.0,0.0,5.664077232604762,5.664077232604762
enyons,vq_ctw,30,nearest,1024.0,10.0,310.0,1.0,0.0,7.441086309304907,7.441086309304907
eoccoi,direct_ctw,30,linear,,10.0,987.0,0.785348552395019,1.5197976305964918,4.34105623783412,4.526775700854761
eoccoi,direct_ctw,30,nearest,,10.0,131.0,0.8166148308222781,1.1207098916193012,4.373640946369841,4.506042853543506
eoccoi,markov_order_1,30,linear,,10.0,987.0,0.7303528384941214,1.807632841879465,4.34105623783412,4.526775700854761
eoccoi,markov_order_1,30,nearest,,10.0,131.0,0.617320278069598,1.8591004547033094,4.373640946369841,4.506042853543506
eoccoi,markov_order_2,30,linear,,10.0,987.0,0.7111419562129737,1.90278678887319,4.34105623783412,4.526775700854761
eoccoi,markov_order_2,30,nearest,,10.0,131.0,0.624515090401405,1.840597873124435,4.373640946369841,4.506042853543506
eoccoi,vq_ctw,30,linear,256.0,10.0,987.0,1.0,0.0,7.3805762239418105,7.3805762239418105
eoccoi,vq_ctw,30,nearest,256.0,10.0,131.0,1.0,0.0,8.475017398071154,8.475017398071154
eoccoi,vq_ctw,30,linear,512.0,10.0,987.0,1.0,0.0,7.024919627194823,7.024919627194823
eoccoi,vq_ctw,30,nearest,512.0,10.0,131.0,1.0,0.0,9.238992588907493,9.238992588907493
eoccoi,vq_ctw,30,linear,1024.0,10.0,987.0,1.0,0.0,7.081818886217199,7.081818886217199
eoccoi,vq_ctw,30,nearest,1024.0,10.0,131.0,1.0,0.0,8.731770798020369,8.731770798020369
eoffri,direct_ctw,30,linear,,10.0,1007.0,0.837343919090252,1.2761055600568483,4.256800639361242,4.408082768483258
eoffri,direct_ctw,30,nearest,,10.0,172.0,0.8083961046396861,1.0476695993187355,4.071261071647425,4.20735202100722
eoffri,markov_order_1,30,linear,,10.0,1007.0,0.7933526009140723,1.5423740815545495,4.256800639361242,4.408082768483258
eoffri,markov_order_1,30,nearest,,10.0,172.0,0.6964367445612588,1.4273297873759292,4.071261071647425,4.20735202100722
eoffri,markov_order_2,30,linear,,10.0,1007.0,0.7746127539425252,1.650446473020633,4.256800639361242,4.408082768483258
eoffri,markov_order_2,30,nearest,,10.0,172.0,0.6897351833694166,1.4489790032197978,4.071261071647425,4.20735202100722
eoffri,vq_ctw,30,linear,256.0,10.0,1007.0,1.0,0.0,7.328163407149861,7.328163407149861
eoffri,vq_ctw,30,nearest,256.0,10.0,172.0,1.0,0.0,7.7099391399952,7.7099391399952
eoffri,vq_ctw,30,linear,512.0,10.0,1007.0,1.0,0.0,7.202145954713554,7.202145954713554
eoffri,vq_ctw,30,nearest,512.0,10.0,172.0,1.0,0.0,7.344560620239966,7.344560620239966
eoffri,vq_ctw,30,linear,1024.0,10.0,1007.0,1.0,0.0,7.017886496100819,7.017886496100819
eoffri,vq_ctw,30,nearest,1024.0,10.0,172.0,1.0,0.0,6.637700842103942,6.637700842103942
eoivqu,direct_ctw,30,linear,,10.0,1007.0,0.824210566380577,1.3575688039711524,4.0234820527447255,4.240301186473531
eoivqu,markov_order_1,30,linear,,10.0,1007.0,0.7510473231663564,1.782244804613605,4.0234820527447255,4.240301186473531
eoivqu,markov_order_2,30,linear,,10.0,1007.0,0.7369116547629155,1.8592284411548399,4.0234820527447255,4.240301186473531
eoivqu,vq_ctw,30,linear,256.0,10.0,1007.0,1.0,0.0,10.420334869466004,10.420334869466004
eoivqu,vq_ctw,30,linear,512.0,10.0,1007.0,1.0,0.0,9.243289162766077,9.243289162766077
eoivqu,vq_ctw,30,linear,1024.0,10.0,1007.0,1.0,0.0,9.74030990066452,9.74030990066452
eokrac,direct_ctw,30,linear,,10.0,1006.0,0.8116321920236393,1.349690077364761,4.427282952987748,4.583124109043534
eokrac,direct_ctw,30,nearest,,10.0,78.0,0.8101140512501773,1.0008351778104037,4.357055872968237,4.499092587093461
eokrac,markov_order_1,30,linear,,10.0,1006.0,0.7618685065239552,1.615718804436916,4.427282952987748,4.583124109043534
eokrac,markov_order_1,30,nearest,,10.0,78.0,0.7058251114940118,1.3332586169855916,4.357055872968237,4.499092587093461
eokrac,markov_order_2,30,linear,,10.0,1006.0,0.7540519236931152,1.655633135893221,4.427282952987748,4.583124109043534
eokrac,markov_order_2,30,nearest,,10.0,78.0,0.7111249685362357,1.3174388170066553,4.357055872968237,4.499092587093461
eokrac,vq_ctw,30,linear,256.0,10.0,1006.0,1.0,0.0,6.000749104148881,6.000749104148881
eokrac,vq_ctw,30,nearest,256.0,10.0,78.0,1.0,0.0,7.629714631208021,7.629714631208021
eokrac,vq_ctw,30,linear,512.0,10.0,1006.0,1.0,0.0,6.092380467597447,6.092380467597447
eokrac,vq_ctw,30,nearest,512.0,10.0,78.0,1.0,0.0,7.402816456325714,7.402816456325714
eokrac,vq_ctw,30,linear,1024.0,10.0,1006.0,1.0,0.0,5.770219641691609,5.770219641691609
eokrac,vq_ctw,30,nearest,1024.0,10.0,78.0,1.0,0.0,6.815040891293108,6.815040891293108
eolgug,direct_ctw,30,linear,,10.0,1007.0,0.8349193776368915,1.169619834646658,4.513974350882686,4.644883513908399
eolgug,direct_ctw,30,nearest,,10.0,35.0,0.8044319069588988,1.104111417055384,4.404600844595654,4.602677810236643
eolgug,markov_order_1,30,linear,,10.0,1007.0,0.7895101959287452,1.4096548323398768,4.513974350882686,4.644883513908399
eolgug,markov_order_1,30,nearest,,10.0,35.0,0.6434582227954566,1.6528586637586349,4.404600844595654,4.602677810236643
eolgug,markov_order_2,30,linear,,10.0,1007.0,0.786353248112728,1.4256399717562243,4.513974350882686,4.644883513908399
eolgug,markov_order_2,30,nearest,,10.0,35.0,0.6418778976073445,1.6573575488449308,4.404600844595654,4.602677810236643
eolgug,vq_ctw,30,linear,256.0,10.0,1007.0,1.0,0.0,5.616347758165935,5.616347758165935
eolgug,vq_ctw,30,nearest,256.0,10.0,35.0,1.0,0.0,7.179182464470053,7.179182464470053
eolgug,vq_ctw,30,linear,512.0,10.0,1007.0,1.0,0.0,5.684313908731551,5.684313908731551
eolgug,vq_ctw,30,nearest,512.0,10.0,35.0,1.0,0.0,8.695434322686253,8.695434322686253
eolgug,vq_ctw,30,linear,1024.0,10.0,1007.0,1.0,0.0,5.470316798696869,5.470316798696869
eolgug,vq_ctw,30,nearest,1024.0,10.0,35.0,1.0,0.0,8.06504281923642,8.06504281923642
eoslui,direct_ctw,30,linear,,10.0,992.0,0.7958524317358291,1.2578598822014384,4.394916144500619,4.522769988139604
eoslui,direct_ctw,30,nearest,,10.0,105.0,0.7987469442648426,1.1269331769714717,4.374285531823141,4.521638504622663
eoslui,markov_order_1,30,linear,,10.0,992.0,0.7623266460717997,1.4055263999665637,4.394916144500619,4.522769988139604
eoslui,markov_order_1,30,nearest,,10.0,105.0,0.6456922950685836,1.6433601399296884,4.374285531823141,4.521638504622663
eoslui,markov_order_2,30,linear,,10.0,992.0,0.7586156276806209,1.4213044235060648,4.394916144500619,4.522769988139604
eoslui,markov_order_2,30,nearest,,10.0,105.0,0.6482476940491997,1.6378964963846985,4.374285531823141,4.521638504622663
eoslui,vq_ctw,30,linear,256.0,10.0,992.0,1.0,0.0,5.7858781074444545,5.7858781074444545
eoslui,vq_ctw,30,nearest,256.0,10.0,105.0,1.0,0.0,7.738856481667502,7.738856481667502
eoslui,vq_ctw,30,linear,512.0,10.0,992.0,1.0,0.0,6.121800005201742,6.121800005201742
eoslui,vq_ctw,30,nearest,512.0,10.0,105.0,1.0,0.0,7.471406881183335,7.471406881183335
eoslui,vq_ctw,30,linear,1024.0,10.0,992.0,1.0,0.0,5.664347674326945,5.664347674326945
eoslui,vq_ctw,30,nearest,1024.0,10.0,105.0,1.0,0.0,6.8486641025707184,6.8486641025707184
eovsyt,direct_ctw,30,linear,,10.0,1007.0,0.801595256605048,1.3778123767960346,4.429109208149443,4.596110514317074
eovsyt,direct_ctw,30,nearest,,10.0,108.0,0.8147192846075157,1.0815899924815133,4.168817427610232,4.374945974241167
eovsyt,markov_order_1,30,linear,,10.0,1007.0,0.7508012179745933,1.637826187754895,4.429109208149443,4.596110514317074
eovsyt,markov_order_1,30,nearest,,10.0,108.0,0.612242568412321,1.7835188533323518,4.168817427610232,4.374945974241167
eovsyt,markov_order_2,30,linear,,10.0,1007.0,0.7454331830953927,1.6640891051987405,4.429109208149443,4.596110514317074
eovsyt,markov_order_2,30,nearest,,10.0,108.0,0.6359714921458741,1.7159346125121036,4.168817427610232,4.374945974241167
eovsyt,vq_ctw,30,linear,256.0,10.0,1007.0,1.0,0.0,6.566265706062232,6.566265706062232
eovsyt,vq_ctw,30,nearest,256.0,10.0,108.0,1.0,0.0,8.189029525329975,8.189029525329975
eovsyt,vq_ctw,30,linear,512.0,10.0,1007.0,1.0,0.0,6.3871909617337135,6.3871909617337135
eovsyt,vq_ctw,30,nearest,512.0,10.0,108.0,1.0,0.0,9.50644364460213,9.50644364460213
eovsyt,vq_ctw,30,linear,1024.0,10.0,1007.0,1.0,0.0,6.35102684324175,6.35102684324175
eovsyt,vq_ctw,30,nearest,1024.0,10.0,108.0,1.0,0.0,8.927834052171843,8.927834052171843
eoydba,direct_ctw,30,linear,,10.0,609.0,0.8766012279658496,0.9092485721229787,4.16728049511568,4.33557488379795
eoydba,direct_ctw,30,nearest,,10.0,35.0,0.8863477928672641,0.7381391872571853,4.1778224339946375,4.3278983896885705
eoydba,markov_order_1,30,linear,,10.0,609.0,0.8386870658716864,1.1213800807709098,4.16728049511568,4.33557488379795
eoydba,markov_order_1,30,nearest,,10.0,35.0,0.7607557937730477,1.2722695724814128,4.1778224339946375,4.3278983896885705
eoydba,markov_order_2,30,linear,,10.0,609.0,0.8319104493705436,1.1575844164683422,4.16728049511568,4.33557488379795
eoydba,markov_order_2,30,nearest,,10.0,35.0,0.8137490767106192,1.0660643132176515,4.1778224339946375,4.3278983896885705
eoydba,vq_ctw,30,linear,256.0,10.0,609.0,1.0,0.0,7.000122043703748,7.000122043703748
eoydba,vq_ctw,30,nearest,256.0,10.0,35.0,1.0,0.0,8.683764580862231,8.683764580862231
eoydba,vq_ctw,30,linear,512.0,10.0,609.0,1.0,0.0,7.380329905504488,7.380329905504488
eoydba,vq_ctw,30,nearest,512.0,10.0,35.0,1.0,0.0,7.876430245355944,7.876430245355944
eoydba,vq_ctw,30,linear,1024.0,10.0,609.0,1.0,0.0,7.237758726723418,7.237758726723418
eoydba,vq_ctw,30,nearest,1024.0,10.0,35.0,1.0,0.0,7.096680006660023,7.096680006660023
epabca,direct_ctw,30,linear,,10.0,1007.0,0.7846167368692242,1.3563046878885396,4.036415208076294,4.2183966790952
epabca,direct_ctw,30,nearest,,10.0,196.0,0.8374529724205719,0.9815821322788024,3.836068004196375,4.01828675208725
epabca,markov_order_1,30,linear,,10.0,1007.0,0.7370117328823461,1.569523717591031,4.036415208076294,4.2183966790952
epabca,markov_order_1,30,nearest,,10.0,196.0,0.69778289153719,1.5110339024933948,3.836068004196375,4.01828675208725
epabca,markov_order_2,30,linear,,10.0,1007.0,0.7396934803686899,1.557981351705865,4.036415208076294,4.2183966790952
epabca,markov_order_2,30,nearest,,10.0,196.0,0.6928745160826987,1.5344324511974232,3.836068004196375,4.01828675208725
epabca,vq_ctw,30,linear,256.0,10.0,1007.0,1.0,0.0,6.52035371907687,6.52035371907687
epabca,vq_ctw,30,nearest,256.0,10.0,196.0,1.0,0.0,8.457323863932597,8.457323863932597
epabca,vq_ctw,30,linear,512.0,10.0,1007.0,1.0,0.0,6.451449391433002,6.451449391433002
epabca,vq_ctw,30,nearest,512.0,10.0,196.0,1.0,0.0,8.990532872571219,8.990532872571219
epabca,vq_ctw,30,linear,1024.0,10.0,1007.0,1.0,0.0,6.282397938683742,6.282397938683742
epabca,vq_ctw,30,nearest,1024.0,10.0,196.0,1.0,0.0,8.41685701744714,8.41685701744714
epemva,direct_ctw,30,linear,,10.0,1007.0,0.80626122531187,1.2531209963424685,4.484142509826591,4.618674272984203
epemva,direct_ctw,30,nearest,,10.0,375.0,0.8330505284331288,0.9761272075585433,4.163072474648185,4.295087171863041
epemva,markov_order_1,30,linear,,10.0,1007.0,0.7679552033363605,1.4329909501480647,4.484142509826591,4.618674272984203
epemva,markov_order_1,30,nearest,,10.0,375.0,0.7026165182527447,1.455111714374498,4.163072474648185,4.295087171863041
epemva,markov_order_2,30,linear,,10.0,1007.0,0.7705345832504509,1.4212691074133843,4.484142509826591,4.618674272984203
epemva,markov_order_2,30,nearest,,10.0,375.0,0.7007679105946504,1.4619734496593277,4.163072474648185,4.295087171863041
epemva,vq_ctw,30,linear,256.0,10.0,1007.0,1.0,0.0,5.610955241554231,5.610955241554231
epemva,vq_ctw,30,nearest,256.0,10.0,375.0,1.0,0.0,8.113687143557856,8.113687143557856
epemva,vq_ctw,30,linear,512.0,10.0,1007.0,1.0,0.0,5.907244139468756,5.907244139468756
epemva,vq_ctw,30,nearest,512.0,10.0,375.0,1.0,0.0,7.789766334557315,7.789766334557315
epemva,vq_ctw,30,linear,1024.0,10.0,1007.0,1.0,0.0,5.428191603283267,5.428191603283267
epemva,vq_ctw,30,nearest,1024.0,10.0,375.0,1.0,0.0,6.996996966050508,6.996996966050508
epkiap,direct_ctw,30,linear,,10.0,1007.0,0.7915305866621192,1.431067276175779,4.329053124706095,4.48580286819477
epkiap,direct_ctw,30,nearest,,10.0,76.0,0.8203757299080143,1.0692611108166021,4.406497710971078,4.573044138276678
epkiap,markov_order_1,30,linear,,10.0,1007.0,0.7390045893257361,1.6952527363749796,4.329053124706095,4.48580286819477
epkiap,markov_order_1,30,nearest,,10.0,76.0,0.6698639278088386,1.6346141761628914,4.406497710971078,4.573044138276678
epkiap,markov_order_2,30,linear,,10.0,1007.0,0.7301252165921087,1.737789526091025,4.329053124706095,4.48580286819477
epkiap,markov_order_2,30,nearest,,10.0,76.0,0.6509990775104546,1.6935957535494905,4.406497710971078,4.573044138276678
epkiap,vq_ctw,30,linear,256.0,10.0,1007.0,1.0,0.0,7.193020483522645,7.193020483522645
epkiap,vq_ctw,30,nearest,256.0,10.0,76.0,1.0,0.0,8.498465927036806,8.498465927036806
epkiap,vq_ctw,30,linear,512.0,10.0,1007.0,1.0,0.0,7.004219018406543,7.004219018406543
epkiap,vq_ctw,30,nearest,512.0,10.0,76.0,1.0,0.0,7.933389981483985,7.933389981483985
epkiap,vq_ctw,30,linear,1024.0,10.0,1007.0,1.0,0.0,6.8891693532629406,6.8891693532629406
epkiap,vq_ctw,30,nearest,1024.0,10.0,76.0,1.0,0.0,7.303713983735303,7.303713983735303
equioc,direct_ctw,30,linear,,10.0,1007.0,0.8222783830417859,1.401497845193394,4.137928875445097,4.277853835186727
equioc,direct_ctw,30,nearest,,10.0,162.0,0.8321843289599699,0.9870045505421678,3.9996465910032146,4.113932542419166
equioc,markov_order_1,30,linear,,10.0,1007.0,0.7734335906856347,1.6980593739677519,4.137928875445097,4.277853835186727
equioc,markov_order_1,30,nearest,,10.0,162.0,0.6897903191317878,1.5035349350445313,3.9996465910032146,4.113932542419166
equioc,markov_order_2,30,linear,,10.0,1007.0,0.7498614096543411,1.8339299042750727,4.137928875445097,4.277853835186727
equioc,markov_order_2,30,nearest,,10.0,162.0,0.6948396516981501,1.4920838745674128,3.9996465910032146,4.113932542419166
equioc,vq_ctw,30,linear,256.0,10.0,1007.0,1.0,0.0,7.922174812978758,7.922174812978758
equioc,vq_ctw,30,nearest,256.0,10.0,162.0,1.0,0.0,9.044128969028016,9.044128969028016
equioc,vq_ctw,30,linear,512.0,10.0,1007.0,1.0,0.0,7.533856902312648,7.533856902312648
equioc,vq_ctw,30,nearest,512.0,10.0,162.0,1.0,0.0,9.478262467659494,9.478262467659494
equioc,vq_ctw,30,linear,1024.0,10.0,1007.0,1.0,0.0,7.446002491924188,7.446002491924188
equioc,vq_ctw,30,nearest,1024.0,10.0,162.0,1.0,0.0,8.751240167435927,8.751240167435927
equoaw,direct_ctw,30,linear,,10.0,1007.0,0.8611379292844556,1.0214332515425326,4.4433825395058335,4.589585917951542
equoaw,direct_ctw,30,nearest,,10.0,183.0,0.8262658176114592,1.0289957106512293,4.151422812862648,4.3279843269769565
equoaw,markov_order_1,30,linear,,10.0,1007.0,0.825552907800815,1.2207616289582772,4.4433825395058335,4.589585917951542
equoaw,markov_order_1,30,nearest,,10.0,183.0,0.6689560477875478,1.616087352361001,4.151422812862648,4.3279843269769565
equoaw,markov_order_2,30,linear,,10.0,1007.0,0.8218338605359279,1.2408220632441294,4.4433825395058335,4.589585917951542
equoaw,markov_order_2,30,nearest,,10.0,183.0,0.675005669625701,1.60160355576831,4.151422812862648,4.3279843269769565
equoaw,vq_ctw,30,linear,256.0,10.0,1007.0,1.0,0.0,6.050786638349839,6.050786638349839
equoaw,vq_ctw,30,nearest,256.0,10.0,183.0,1.0,0.0,8.22986091037633,8.22986091037633
equoaw,vq_ctw,30,linear,512.0,10.0,1007.0,1.0,0.0,6.33647320948551,6.33647320948551
equoaw,vq_ctw,30,nearest,512.0,10.0,183.0,1.0,0.0,8.328369004910513,8.328369004910513
equoaw,vq_ctw,30,linear,1024.0,10.0,1007.0,1.0,0.0,5.996629771774149,5.996629771774149
equoaw,vq_ctw,30,nearest,1024.0,10.0,183.0,1.0,0.0,7.7988687005015525,7.7988687005015525
erjboy,direct_ctw,30,linear,,10.0,1007.0,0.8257240124796987,1.312291355045452,4.462553541914563,4.61957820032389
erjboy,direct_ctw,30,nearest,,10.0,145.0,0.8337363965264751,1.03143262371758,4.255964819179989,4.414799475795712
erjboy,markov_order_1,30,linear,,10.0,1007.0,0.7750831821753263,1.601335506755027,4.462553541914563,4.61957820032389
erjboy,markov_order_1,30,nearest,,10.0,145.0,0.6556645106509073,1.721895886610196,4.255964819179989,4.414799475795712
erjboy,markov_order_2,30,linear,,10.0,1007.0,0.763108041078723,1.6664378133049766,4.462553541914563,4.61957820032389
erjboy,markov_order_2,30,nearest,,10.0,145.0,0.6530011559865622,1.730028399654752,4.255964819179989,4.414799475795712
erjboy,vq_ctw,30,linear,256.0,10.0,1007.0,1.0,0.0,7.067461229210576,7.067461229210576
erjboy,vq_ctw,30,nearest,256.0,10.0,145.0,1.0,0.0,10.061261779550403,10.061261779550403
erjboy,vq_ctw,30,linear,512.0,10.0,1007.0,1.0,0.0,6.9312903648143624,6.9312903648143624
erjboy,vq_ctw,30,nearest,512.0,10.0,145.0,1.0,0.0,11.906815631340079,11.906815631340079
erjboy,vq_ctw,30,linear,1024.0,10.0,1007.0,1.0,0.0,6.756970568122124,6.756970568122124
erjboy,vq_ctw,30,nearest,1024.0,10.0,145.0,1.0,0.0,11.385664907525502,11.385664907525502
erjcre,direct_ctw,30,linear,,10.0,1005.0,0.8034715303795863,1.304515871536889,4.305825679272347,4.453782034101611
erjcre,direct_ctw,30,nearest,,10.0,137.0,0.8276032061414889,0.9521503929511326,4.133159854437927,4.28949415413689
erjcre,markov_order_1,30,linear,,10.0,1005.0,0.7566224186734287,1.5307448505310952,4.305825679272347,4.453782034101611
erjcre,markov_order_1,30,nearest,,10.0,137.0,0.6957875815646233,1.400497029006786,4.133159854437927,4.28949415413689
erjcre,markov_order_2,30,linear,,10.0,1005.0,0.7527014200745219,1.548864071397432,4.305825679272347,4.453782034101611
erjcre,markov_order_2,30,nearest,,10.0,137.0,0.706744416198368,1.3674887559769633,4.133159854437927,4.28949415413689
erjcre,vq_ctw,30,linear,256.0,10.0,1005.0,1.0,0.0,6.8452039855004525,6.8452039855004525
erjcre,vq_ctw,30,nearest,256.0,10.0,137.0,1.0,0.0,8.530081682637038,8.530081682637038
erjcre,vq_ctw,30,linear,512.0,10.0,1005.0,1.0,0.0,7.314185429195826,7.314185429195826
erjcre,vq_ctw,30,nearest,512.0,10.0,137.0,1.0,0.0,7.05823972490561,7.05823972490561
erjcre,vq_ctw,30,linear,1024.0,10.0,1005.0,1.0,0.0,6.615974900655867,6.615974900655867
erjcre,vq_ctw,30,nearest,1024.0,10.0,137.0,1.0,0.0,6.333163059496195,6.333163059496195
erjtai,direct_ctw,30,linear,,10.0,1007.0,0.8111545378336048,1.3760538990586106,4.039700584809742,4.233933104847006
erjtai,markov_order_1,30,linear,,10.0,1007.0,0.7490072403447379,1.7126474543457757,4.039700584809742,4.233933104847006
erjtai,markov_order_2,30,linear,,10.0,1007.0,0.7402963623457904,1.7573266305367954,4.039700584809742,4.233933104847006
erjtai,vq_ctw,30,linear,256.0,10.0,1007.0,1.0,0.0,8.772516910561682,8.772516910561682
erjtai,vq_ctw,30,linear,512.0,10.0,1007.0,1.0,0.0,8.024527991011738,8.024527991011738
erjtai,vq_ctw,30,linear,1024.0,10.0,1007.0,1.0,0.0,8.126111688121904,8.126111688121904
erulgh,direct_ctw,30,linear,,10.0,1007.0,0.8332812007859203,1.3014955642504686,4.379643089985054,4.539750901200465
erulgh,direct_ctw,30,nearest,,10.0,158.0,0.8271273122609408,1.0337142515282782,4.149102277088146,4.295527953005415
erulgh,markov_order_1,30,linear,,10.0,1007.0,0.7855651486310053,1.5876482190215255,4.379643089985054,4.539750901200465
erulgh,markov_order_1,30,nearest,,10.0,158.0,0.6928678558235873,1.552987404228777,4.149102277088146,4.295527953005415
erulgh,markov_order_2,30,linear,,10.0,1007.0,0.766489173488857,1.6963826876085113,4.379643089985054,4.539750901200465
erulgh,markov_order_2,30,nearest,,10.0,158.0,0.6903006633536479,1.562469147257569,4.149102277088146,4.295527953005415
erulgh,vq_ctw,30,linear,256.0,10.0,1007.0,1.0,0.0,7.411326089314965,7.411326089314965
erulgh,vq_ctw,30,nearest,256.0,10.0,158.0,1.0,0.0,9.02659010486536,9.02659010486536
erulgh,vq_ctw,30,linear,512.0,10.0,1007.0,1.0,0.0,7.298421773401531,7.298421773401531
erulgh,vq_ctw,30,nearest,512.0,10.0,158.0,1.0,0.0,8.889712312487099,8.889712312487099
erulgh,vq_ctw,30,linear,1024.0,10.0,1007.0,1.0,0.0,7.136288935304028,7.136288935304028
erulgh,vq_ctw,30,nearest,1024.0,10.0,158.0,1.0,0.0,8.209257325033981,8.209257325033981
erwumu,direct_ctw,30,linear,,10.0,1006.0,0.8232341529795023,1.2601539989337953,4.421844110279665,4.556514265562357
erwumu,direct_ctw,30,nearest,,10.0,123.0,0.8139236669676398,1.0145445132765443,4.3726714260954465,4.479342447400254
erwumu,markov_order_1,30,linear,,10.0,1006.0,0.7826392231794476,1.477375865059912,4.421844110279665,4.556514265562357
erwumu,markov_order_1,30,nearest,,10.0,123.0,0.6828738959437191,1.4496264648870585,4.3726714260954465,4.479342447400254
erwumu,markov_order_2,30,linear,,10.0,1006.0,0.7739741423569262,1.5218605352402244,4.421844110279665,4.556514265562357
erwumu,markov_order_2,30,nearest,,10.0,123.0,0.6913251516289923,1.4250448375928957,4.3726714260954465,4.479342447400254
erwumu,vq_ctw,30,linear,256.0,10.0,1006.0,1.0,0.0,6.425051430299695,6.425051430299695
erwumu,vq_ctw,30,nearest,256.0,10.0,123.0,1.0,0.0,7.245946039545421,7.245946039545421
erwumu,vq_ctw,30,linear,512.0,10.0,1006.0,1.0,0.0,6.379496839646759,6.379496839646759
erwumu,vq_ctw,30,nearest,512.0,10.0,123.0,1.0,0.0,6.776642532649117,6.776642532649117
erwumu,vq_ctw,30,linear,1024.0,10.0,1006.0,1.0,0.0,6.345834089050783,6.345834089050783
erwumu,vq_ctw,30,nearest,1024.0,10.0,123.0,1.0,0.0,6.273858984642773,6.273858984642773
eryeig,direct_ctw,30,linear,,10.0,1007.0,0.7919972014491194,1.39700104987149,4.4678129522693535,4.622723160829055
eryeig,direct_ctw,30,nearest,,10.0,182.0,0.8101176600564455,1.0751268125358981,4.342562989160614,4.509291183099434
eryeig,markov_order_1,30,linear,,10.0,1007.0,0.742163126589246,1.6407881615018742,4.4678129522693535,4.622723160829055
eryeig,markov_order_1,30,nearest,,10.0,182.0,0.6254609949375132,1.682710349520019,4.342562989160614,4.509291183099434
eryeig,markov_order_2,30,linear,,10.0,1007.0,0.735725519363297,1.6708586441179714,4.4678129522693535,4.622723160829055
eryeig,markov_order_2,30,nearest,,10.0,182.0,0.6603190964896986,1.5944506258049924,4.342562989160614,4.509291183099434
eryeig,vq_ctw,30,linear,256.0,10.0,1007.0,1.0,0.0,6.3092529613827875,6.3092529613827875
eryeig,vq_ctw,30,nearest,256.0,10.0,182.0,1.0,0.0,7.962223914719919,7.962223914719919
eryeig,vq_ctw,30,linear,512.0,10.0,1007.0,1.0,0.0,6.084292482072218,6.084292482072218
eryeig,vq_ctw,30,nearest,512.0,10.0,182.0,1.0,0.0,8.115824024501858,8.115824024501858
eryeig,vq_ctw,30,linear,1024.0,10.0,1007.0,1.0,0.0,5.930196134643051,5.930196134643051
eryeig,vq_ctw,30,nearest,1024.0,10.0,182.0,1.0,0.0,7.502053593374716,7.502053593374716
eshria,direct_ctw,30,linear,,10.0,1008.0,0.8524030768305466,1.0465845571622763,4.575972015439333,4.709313046772368
eshria,direct_ctw,30,nearest,,10.0,66.0,0.8292943412734833,0.9680875709063888,4.416012196242885,4.536066654852448
eshria,markov_order_1,30,linear,,10.0,1008.0,0.8153167950507001,1.244265294310182,4.575972015439333,4.709313046772368
eshria,markov_order_1,30,nearest,,10.0,66.0,0.709718572885564,1.3901464894288462,4.416012196242885,4.536066654852448
eshria,markov_order_2,30,linear,,10.0,1008.0,0.8172282831504185,1.2344182828190768,4.575972015439333,4.709313046772368
eshria,markov_order_2,30,nearest,,10.0,66.0,0.695719312521534,1.4364540109804886,4.416012196242885,4.536066654852448
eshria,vq_ctw,30,linear,256.0,10.0,1008.0,1.0,0.0,5.831587450703769,5.831587450703769
eshria,vq_ctw,30,nearest,256.0,10.0,66.0,1.0,0.0,7.687296344301257,7.687296344301257
eshria,vq_ctw,30,linear,512.0,10.0,1008.0,1.0,0.0,5.848044311857182,5.848044311857182
eshria,vq_ctw,30,nearest,512.0,10.0,66.0,1.0,0.0,6.891802792207402,6.891802792207402
eshria,vq_ctw,30,linear,1024.0,10.0,1008.0,1.0,0.0,5.61425109215263,5.61425109215263
eshria,vq_ctw,30,nearest,1024.0,10.0,66.0,1.0,0.0,6.385126158719436,6.385126158719436
eshroa,direct_ctw,30,linear,,10.0,1007.0,0.8177436309045345,1.3594170457707693,4.485975843526185,4.627589325798747
eshroa,direct_ctw,30,nearest,,10.0,39.0,0.7914919127355088,1.06909880792741,4.304881374684963,4.439805768227895
eshroa,markov_order_1,30,linear,,10.0,1007.0,0.7757448565966056,1.5977041454392351,4.485975843526185,4.627589325798747
eshroa,markov_order_1,30,nearest,,10.0,39.0,0.6235949875551597,1.552051205984437,4.304881374684963,4.439805768227895
eshroa,markov_order_2,30,linear,,10.0,1007.0,0.7593302935705921,1.6867359456636597,4.485975843526185,4.627589325798747
eshroa,markov_order_2,30,nearest,,10.0,39.0,0.6465123464583283,1.4974089914328106,4.304881374684963,4.439805768227895
eshroa,vq_ctw,30,linear,256.0,10.0,1007.0,1.0,0.0,7.062934693318789,7.062934693318789
eshroa,vq_ctw,30,nearest,256.0,10.0,39.0,1.0,0.0,7.615173856187055,7.615173856187055
eshroa,vq_ctw,30,linear,512.0,10.0,1007.0,1.0,0.0,7.1294718478809616,7.1294718478809616
eshroa,vq_ctw,30,nearest,512.0,10.0,39.0,1.0,0.0,7.0340428633638,7.0340428633638
eshroa,vq_ctw,30,linear,1024.0,10.0,1007.0,1.0,0.0,6.803135893168597,6.803135893168597
eshroa,vq_ctw,30,nearest,1024.0,10.0,39.0,1.0,0.0,6.114542041966243,6.114542041966243
esnddc,direct_ctw,30,linear,,10.0,1007.0,0.8357258139869934,1.1372599683326032,4.364751881006999,4.500213105741596
esnddc,direct_ctw,30,nearest,,10.0,175.0,0.839440102335052,0.8752014361730655,4.194055716993702,4.324396002743414
esnddc,markov_order_1,30,linear,,10.0,1007.0,0.8027037379500456,1.3083763354352305,4.364751881006999,4.500213105741596
esnddc,markov_order_1,30,nearest,,10.0,175.0,0.7716686633450002,1.185959725961114,4.194055716993702,4.324396002743414
esnddc,markov_order_2,30,linear,,10.0,1007.0,0.8012152120057523,1.31584536697854,4.364751881006999,4.500213105741596
esnddc,markov_order_2,30,nearest,,10.0,175.0,0.7595765302068951,1.2140171451838633,4.194055716993702,4.324396002743414
esnddc,vq_ctw,30,linear,256.0,10.0,1007.0,1.0,0.0,5.854494478226851,5.854494478226851
esnddc,vq_ctw,30,nearest,256.0,10.0,175.0,1.0,0.0,8.444346488800523,8.444346488800523
esnddc,vq_ctw,30,linear,512.0,10.0,1007.0,1.0,0.0,6.198731670702546,6.198731670702546
esnddc,vq_ctw,30,nearest,512.0,10.0,175.0,1.0,0.0,7.096022198823827,7.096022198823827
esnddc,vq_ctw,30,linear,1024.0,10.0,1007.0,1.0,0.0,5.782717956578207,5.782717956578207
esnddc,vq_ctw,30,nearest,1024.0,10.0,175.0,1.0,0.0,6.461062670480768,6.461062670480768
esudce,direct_ctw,30,linear,,10.0,1007.0,0.8517780734684733,1.1367427781713808,4.485686131444733,4.643171825896713
esudce,direct_ctw,30,nearest,,10.0,34.0,0.8420947598926867,0.945085069270128,3.8530955135643676,4.02337500025583
esudce,markov_order_1,30,linear,,10.0,1007.0,0.805118428688119,1.410215483382004,4.485686131444733,4.643171825896713
esudce,markov_order_1,30,nearest,,10.0,34.0,0.7003632012634255,1.4801200690370544,3.8530955135643676,4.02337500025583
esudce,markov_order_2,30,linear,,10.0,1007.0,0.7967713339015494,1.4569057650559085,4.485686131444733,4.643171825896713
esudce,markov_order_2,30,nearest,,10.0,34.0,0.6632366203699721,1.5952145140468732,3.8530955135643676,4.02337500025583
esudce,vq_ctw,30,linear,256.0,10.0,1007.0,1.0,0.0,9.04806401373364,9.04806401373364
esudce,vq_ctw,30,nearest,256.0,10.0,34.0,1.0,0.0,8.784964390173938,8.784964390173938
esudce,vq_ctw,30,linear,512.0,10.0,1007.0,1.0,0.0,8.522906558723085,8.522906558723085
esudce,vq_ctw,30,nearest,512.0,10.0,34.0,1.0,0.0,9.642680068131048,9.642680068131048
esudce,vq_ctw,30,linear,1024.0,10.0,1007.0,1.0,0.0,8.750357961144555,8.750357961144555
esudce,vq_ctw,30,nearest,1024.0,10.0,34.0,1.0,0.0,9.060996358370788,9.060996358370788
etalra,direct_ctw,30,linear,,10.0,1005.0,0.7914898946759049,1.608096693464051,3.885506518229406,4.110459229836556
etalra,direct_ctw,30,nearest,,10.0,37.0,0.8335775458829324,0.9822999760681589,4.227560255592666,4.418898406854236
etalra,markov_order_1,30,linear,,10.0,1005.0,0.7169658099587858,2.0397835834650966,3.885506518229406,4.110459229836556
etalra,markov_order_1,30,nearest,,10.0,37.0,0.6415425046577081,1.6583103314864633,4.227560255592666,4.418898406854236
etalra,markov_order_2,30,linear,,10.0,1005.0,0.690045526541855,2.185607806978137,3.885506518229406,4.110459229836556
etalra,markov_order_2,30,nearest,,10.0,37.0,0.6583428373557143,1.609710000082418,4.227560255592666,4.418898406854236
etalra,vq_ctw,30,linear,256.0,10.0,1005.0,1.0,0.0,10.632298150890115,10.632298150890115
etalra,vq_ctw,30,nearest,256.0,10.0,37.0,1.0,0.0,8.070323445551818,8.070323445551818
etalra,vq_ctw,30,linear,512.0,10.0,1005.0,1.0,0.0,9.476381493559213,9.476381493559213
etalra,vq_ctw,30,nearest,512.0,10.0,37.0,1.0,0.0,9.53812929379688,9.53812929379688
etalra,vq_ctw,30,linear,1024.0,10.0,1005.0,1.0,0.0,10.057265110596507,10.057265110596507
etalra,vq_ctw,30,nearest,1024.0,10.0,37.0,1.0,0.0,8.78560180348378,8.78560180348378
etirnf,direct_ctw,30,linear,,10.0,158.0,0.866616997255909,0.9410970496729967,4.1896142729568915,4.32254939946319
etirnf,markov_order_1,30,linear,,10.0,158.0,0.7825090233812978,1.3661339282308862,4.1896142729568915,4.32254939946319
etirnf,markov_order_2,30,linear,,10.0,158.0,0.7613122352626536,1.4629325307623866,4.1896142729568915,4.32254939946319
etirnf,vq_ctw,30,linear,256.0,10.0,158.0,1.0,0.0,8.56987984607555,8.56987984607555
etirnf,vq_ctw,30,linear,512.0,10.0,158.0,1.0,0.0,8.066236295595324,8.066236295595324
etirnf,vq_ctw,30,linear,1024.0,10.0,158.0,1.0,0.0,8.16707829164654,8.16707829164654
etnads,direct_ctw,30,linear,,10.0,1007.0,0.8092226858710274,1.3368432313992127,4.547118077808803,4.685738599897439
etnads,direct_ctw,30,nearest,,10.0,117.0,0.8239949792865789,0.975343483737456,4.254848394540035,4.435970297479177
etnads,markov_order_1,30,linear,,10.0,1007.0,0.7708108450164259,1.5379450313993328,4.547118077808803,4.685738599897439
etnads,markov_order_1,30,nearest,,10.0,117.0,0.6857290720821099,1.438363881612786,4.254848394540035,4.435970297479177
etnads,markov_order_2,30,linear,,10.0,1007.0,0.759249085821857,1.5960440206853692,4.547118077808803,4.685738599897439
etnads,markov_order_2,30,nearest,,10.0,117.0,0.6848649951012721,1.4447230179867236,4.254848394540035,4.435970297479177
etnads,vq_ctw,30,linear,256.0,10.0,1007.0,1.0,0.0,5.753396440906162,5.753396440906162
etnads,vq_ctw,30,nearest,256.0,10.0,117.0,1.0,0.0,7.641654645985295,7.641654645985295
etnads,vq_ctw,30,linear,512.0,10.0,1007.0,1.0,0.0,6.218384410904328,6.218384410904328
etnads,vq_ctw,30,nearest,512.0,10.0,117.0,1.0,0.0,7.289416248695988,7.289416248695988
etnads,vq_ctw,30,linear,1024.0,10.0,1007.0,1.0,0.0,5.712316239654727,5.712316239654727
etnads,vq_ctw,30,nearest,1024.0,10.0,117.0,1.0,0.0,6.66230559613424,6.66230559613424
eufdod,direct_ctw,30,linear,,10.0,1004.0,0.8091648531256579,1.2757206975736528,4.605870873094005,4.743661799124787
eufdod,direct_ctw,30,nearest,,10.0,104.0,0.8403515889125678,1.003286998691801,4.519719914644961,4.656116589245349
eufdod,markov_order_1,30,linear,,10.0,1004.0,0.7584699397261208,1.5221656519138371,4.605870873094005,4.743661799124787
eufdod,markov_order_1,30,nearest,,10.0,104.0,0.6540756120115052,1.731564069087625,4.519719914644961,4.656116589245349
eufdod,markov_order_2,30,linear,,10.0,1004.0,0.7583977898461234,1.5225011925610088,4.605870873094005,4.743661799124787
eufdod,markov_order_2,30,nearest,,10.0,104.0,0.6677418473064723,1.6883258299864716,4.519719914644961,4.656116589245349
eufdod,vq_ctw,30,linear,256.0,10.0,1004.0,1.0,0.0,7.181276446527002,7.181276446527002
eufdod,vq_ctw,30,nearest,256.0,10.0,104.0,1.0,0.0,7.792069485248839,7.792069485248839
eufdod,vq_ctw,30,linear,512.0,10.0,1004.0,1.0,0.0,6.833310085543962,6.833310085543962
eufdod,vq_ctw,30,nearest,512.0,10.0,104.0,1.0,0.0,7.960558039545973,7.960558039545973
eufdod,vq_ctw,30,linear,1024.0,10.0,1004.0,1.0,0.0,6.6864280822025215,6.6864280822025215
eufdod,vq_ctw,30,nearest,1024.0,10.0,104.0,1.0,0.0,7.348289229116176,7.348289229116176
evbacc,direct_ctw,30,linear,,10.0,999.0,0.792389537294509,1.394999926662888,4.38264856476352,4.547281022051736
evbacc,direct_ctw,30,nearest,,10.0,108.0,0.8100207860982829,1.0552599540728063,4.4379729666424375,4.5692125651016
evbacc,markov_order_1,30,linear,,10.0,999.0,0.7492021190113992,1.607550761685788,4.38264856476352,4.547281022051736
evbacc,markov_order_1,30,nearest,,10.0,108.0,0.6305414228341777,1.6313090247083268,4.4379729666424375,4.5692125651016
evbacc,markov_order_2,30,linear,,10.0,999.0,0.7442258529185556,1.6310871760340542,4.38264856476352,4.547281022051736
evbacc,markov_order_2,30,nearest,,10.0,108.0,0.6495737332580378,1.5858109791260064,4.4379729666424375,4.5692125651016
evbacc,vq_ctw,30,linear,256.0,10.0,999.0,1.0,0.0,6.4428257624399965,6.4428257624399965
evbacc,vq_ctw,30,nearest,256.0,10.0,108.0,1.0,0.0,7.562418073955867,7.562418073955867
evbacc,vq_ctw,30,linear,512.0,10.0,999.0,1.0,0.0,6.311342331514438,6.311342331514438
evbacc,vq_ctw,30,nearest,512.0,10.0,108.0,1.0,0.0,7.200432567254516,7.200432567254516
evbacc,vq_ctw,30,linear,1024.0,10.0,999.0,1.0,0.0,6.145730475734194,6.145730475734194
evbacc,vq_ctw,30,nearest,1024.0,10.0,108.0,1.0,0.0,6.527688408137059,6.527688408137059
evdyff,direct_ctw,30,linear,,10.0,1007.0,0.812485521309384,1.3901289130882348,4.462717279162165,4.591272787645142
evdyff,direct_ctw,30,nearest,,10.0,94.0,0.8050970637538075,1.1419817284235103,4.236136768490877,4.399129117033125
evdyff,markov_order_1,30,linear,,10.0,1007.0,0.7574379989522948,1.6968609647221045,4.462717279162165,4.591272787645142
evdyff,markov_order_1,30,nearest,,10.0,94.0,0.6133545689106672,1.8159797895353234,4.236136768490877,4.399129117033125
evdyff,markov_order_2,30,linear,,10.0,1007.0,0.7441962831066694,1.766934106328935,4.462717279162165,4.591272787645142
evdyff,markov_order_2,30,nearest,,10.0,94.0,0.6322874623525253,1.760564209460806,4.236136768490877,4.399129117033125
evdyff,vq_ctw,30,linear,256.0,10.0,1007.0,1.0,0.0,6.518789222869934,6.518789222869934
evdyff,vq_ctw,30,nearest,256.0,10.0,94.0,1.0,0.0,8.241115794815107,8.241115794815107
evdyff,vq_ctw,30,linear,512.0,10.0,1007.0,1.0,0.0,6.479183554755114,6.479183554755114
evdyff,vq_ctw,30,nearest,512.0,10.0,94.0,1.0,0.0,8.413031292680515,8.413031292680515
evdyff,vq_ctw,30,linear,1024.0,10.0,1007.0,1.0,0.0,6.205546600648768,6.205546600648768
evdyff,vq_ctw,30,nearest,1024.0,10.0,94.0,1.0,0.0,7.762255361480799,7.762255361480799
evfler,direct_ctw,30,linear,,10.0,953.0,0.843819297034537,1.1653902441966257,4.226811279219717,4.395390561081598
evfler,markov_order_1,30,linear,,10.0,953.0,0.7945980602520214,1.4431752547715904,4.226811279219717,4.395390561081598
evfler,markov_order_2,30,linear,,10.0,953.0,0.7850343449384792,1.4945267901596977,4.226811279219717,4.395390561081598
evfler,vq_ctw,30,linear,256.0,10.0,953.0,1.0,0.0,8.301172942849496,8.301172942849496
evfler,vq_ctw,30,linear,512.0,10.0,953.0,1.0,0.0,7.802405129601192,7.802405129601192
evfler,vq_ctw,30,linear,1024.0,10.0,953.0,1.0,0.0,7.99751363800212,7.99751363800212
evijce,direct_ctw,30,linear,,10.0,1002.0,0.9020361909634775,0.8250167576913295,4.008025144277465,4.172172947130631
evijce,markov_order_1,30,linear,,10.0,1002.0,0.8522308219973869,1.1510403359522574,4.008025144277465,4.172172947130631
evijce,markov_order_2,30,linear,,10.0,1002.0,0.84795078801038,1.1775937321520746,4.008025144277465,4.172172947130631
evijce,vq_ctw,30,linear,256.0,10.0,1002.0,1.0,0.0,8.71937125395609,8.71937125395609
evijce,vq_ctw,30,linear,512.0,10.0,1002.0,1.0,0.0,7.538012495694996,7.538012495694996
evijce,vq_ctw,30,linear,1024.0,10.0,1002.0,1.0,0.0,7.848004725966163,7.848004725966163
evjoko,direct_ctw,30,linear,,10.0,1007.0,0.809635179058495,1.360788094130626,4.4254811330022505,4.5560147480367466
evjoko,direct_ctw,30,nearest,,10.0,288.0,0.8389686391599845,0.9617254964283801,4.095065067853507,4.226135715940374
evjoko,markov_order_1,30,linear,,10.0,1007.0,0.7674040567357333,1.5871589997036262,4.4254811330022505,4.5560147480367466
evjoko,markov_order_1,30,nearest,,10.0,288.0,0.7036481599338377,1.4769402956761761,4.095065067853507,4.226135715940374
evjoko,markov_order_2,30,linear,,10.0,1007.0,0.75288083578875,1.6615719471090948,4.4254811330022505,4.5560147480367466
evjoko,markov_order_2,30,nearest,,10.0,288.0,0.6914811329202885,1.519334910162439,4.095065067853507,4.226135715940374
evjoko,vq_ctw,30,linear,256.0,10.0,1007.0,1.0,0.0,5.76870123407617,5.76870123407617
evjoko,vq_ctw,30,nearest,256.0,10.0,288.0,0.996914444426487,0.023428019245263807,8.659574936097426,8.659574936097426
evjoko,vq_ctw,30,linear,512.0,10.0,1007.0,1.0,0.0,6.080800994731991,6.080800994731991
evjoko,vq_ctw,30,nearest,512.0,10.0,288.0,1.0,0.0,8.722953936037776,8.722953936037776
evjoko,vq_ctw,30,linear,1024.0,10.0,1007.0,1.0,0.0,5.7529480985166535,5.7529480985166535
evjoko,vq_ctw,30,nearest,1024.0,10.0,288.0,1.0,0.0,8.164372802409689,8.164372802409689
evmaja,direct_ctw,30,linear,,10.0,1007.0,0.9227114700762017,0.6696288255554713,4.9517581969954545,5.077987667818659
evmaja,markov_order_1,30,linear,,10.0,1007.0,0.8837527226998246,0.9352188297950872,4.9517581969954545,5.077987667818659
evmaja,markov_order_2,30,linear,,10.0,1007.0,0.8873238058287354,0.9118756976213463,4.9517581969954545,5.077987667818659
evmaja,vq_ctw,30,linear,256.0,10.0,1007.0,1.0,0.0,5.893711192305662,5.893711192305662
evmaja,vq_ctw,30,linear,512.0,10.0,1007.0,1.0,0.0,5.746861845398659,5.746861845398659
evmaja,vq_ctw,30,linear,1024.0,10.0,1007.0,1.0,0.0,5.6058927369017155,5.6058927369017155
evtitd,direct_ctw,30,linear,,10.0,1007.0,0.8267552651516612,1.341922029094966,4.355373122260254,4.501127153237273
evtitd,markov_order_1,30,linear,,10.0,1007.0,0.7831355964875706,1.6016660223141337,4.355373122260254,4.501127153237273
evtitd,markov_order_2,30,linear,,10.0,1007.0,0.7655418422067815,1.7017046545900576,4.355373122260254,4.501127153237273
evtitd,vq_ctw,30,linear,256.0,10.0,1007.0,1.0,0.0,6.741390671835273,6.741390671835273
evtitd,vq_ctw,30,linear,512.0,10.0,1007.0,1.0,0.0,6.825645546548205,6.825645546548205
evtitd,vq_ctw,30,linear,1024.0,10.0,1007.0,1.0,0.0,6.644230256616207,6.644230256616207
ewbglo,direct_ctw,30,linear,,10.0,1007.0,0.8048629982507278,1.3871579369115652,4.318789059189959,4.515871890227629
ewbglo,direct_ctw,30,nearest,,10.0,42.0,0.8637290731414398,0.8908000565791419,4.0103894700964515,4.203764698713876
ewbglo,markov_order_1,30,linear,,10.0,1007.0,0.7415966900875617,1.7182559549657186,4.318789059189959,4.515871890227629
ewbglo,markov_order_1,30,nearest,,10.0,42.0,0.740824857115031,1.4272851449320216,4.0103894700964515,4.203764698713876
ewbglo,markov_order_2,30,linear,,10.0,1007.0,0.7342714318651677,1.7545382133113248,4.318789059189959,4.515871890227629
ewbglo,markov_order_2,30,nearest,,10.0,42.0,0.7350198593917259,1.449433699331924,4.0103894700964515,4.203764698713876
ewbglo,vq_ctw,30,linear,256.0,10.0,1007.0,1.0,0.0,8.994390461420465,8.994390461420465
ewbglo,vq_ctw,30,nearest,256.0,10.0,42.0,1.0,0.0,8.52554093935178,8.52554093935178
ewbglo,vq_ctw,30,linear,512.0,10.0,1007.0,1.0,0.0,7.964255243386061,7.964255243386061
ewbglo,vq_ctw,30,nearest,512.0,10.0,42.0,1.0,0.0,9.353266638012508,9.353266638012508
ewbglo,vq_ctw,30,linear,1024.0,10.0,1007.0,1.0,0.0,8.289750972131923,8.289750972131923
ewbglo,vq_ctw,30,nearest,1024.0,10.0,42.0,1.0,0.0,8.521539226725286,8.521539226725286
ewedkl,direct_ctw,30,linear,,10.0,1007.0,0.8805429946507167,0.836589906596234,4.545852532907058,4.654190884486403
ewedkl,markov_order_1,30,linear,,10.0,1007.0,0.8474535100387911,1.0105033347964836,4.545852532907058,4.654190884486403
ewedkl,markov_order_2,30,linear,,10.0,1007.0,0.8578671927673104,0.957205279860655,4.545852532907058,4.654190884486403
ewedkl,vq_ctw,30,linear,256.0,10.0,1007.0,1.0,0.0,5.082267245560873,5.082267245560873
ewedkl,vq_ctw,30,linear,512.0,10.0,1007.0,1.0,0.0,5.272188109284289,5.272188109284289
ewedkl,vq_ctw,30,linear,1024.0,10.0,1007.0,1.0,0.0,4.864425677726969,4.864425677726969
ewufri,direct_ctw,30,linear,,10.0,1007.0,0.8368044406227084,1.2794870280869157,4.479433141412266,4.604453355637008
ewufri,direct_ctw,30,nearest,,10.0,354.0,0.8209748906790605,1.0138987918613611,4.278638847257555,4.426048478216261
ewufri,markov_order_1,30,linear,,10.0,1007.0,0.7884208003227884,1.5711072839810327,4.479433141412266,4.604453355637008
ewufri,markov_order_1,30,nearest,,10.0,354.0,0.6623075603534468,1.5719216670285359,4.278638847257555,4.426048478216261
ewufri,markov_order_2,30,linear,,10.0,1007.0,0.7734027942637102,1.6573226339851743,4.479433141412266,4.604453355637008
ewufri,markov_order_2,30,nearest,,10.0,354.0,0.6815941266617841,1.5125295028824204,4.278638847257555,4.426048478216261
ewufri,vq_ctw,30,linear,256.0,10.0,1007.0,1.0,0.0,6.285046070904179,6.285046070904179
ewufri,vq_ctw,30,nearest,256.0,10.0,354.0,1.0,0.0,8.159802632178142,8.159802632178142
ewufri,vq_ctw,30,linear,512.0,10.0,1007.0,1.0,0.0,6.563405019934678,6.563405019934678
ewufri,vq_ctw,30,nearest,512.0,10.0,354.0,1.0,0.0,8.244546069897337,8.244546069897337
ewufri,vq_ctw,30,linear,1024.0,10.0,1007.0,1.0,0.0,6.184552608135164,6.184552608135164
ewufri,vq_ctw,30,nearest,1024.0,10.0,354.0,1.0,0.0,7.627594617000883,7.627594617000883
ewvnil,direct_ctw,30,linear,,10.0,1007.0,0.8202627163839641,1.2765763149056368,4.454729912638087,4.601014701187567
ewvnil,markov_order_1,30,linear,,10.0,1007.0,0.7756579146074671,1.5132654153145286,4.454729912638087,4.601014701187567
ewvnil,markov_order_2,30,linear,,10.0,1007.0,0.7664398467453921,1.560036044960166,4.454729912638087,4.601014701187567
ewvnil,vq_ctw,30,linear,256.0,10.0,1007.0,1.0,0.0,6.14604203360137,6.14604203360137
ewvnil,vq_ctw,30,linear,512.0,10.0,1007.0,1.0,0.0,6.2475063594588836,6.2475063594588836
ewvnil,vq_ctw,30,linear,1024.0,10.0,1007.0,1.0,0.0,5.9085413307932395,5.9085413307932395
exskaf,direct_ctw,30,linear,,10.0,1007.0,0.7911369076167465,1.4618515408786028,4.531723743663939,4.685533027328978
exskaf,direct_ctw,30,nearest,,10.0,219.0,0.8313537939640627,1.0090644532164659,4.385734027269117,4.549586830591546
exskaf,markov_order_1,30,linear,,10.0,1007.0,0.7359778588283745,1.7461219294492698,4.531723743663939,4.685533027328978
exskaf,markov_order_1,30,nearest,,10.0,219.0,0.6513237483933578,1.6618741950341889,4.385734027269117,4.549586830591546
exskaf,markov_order_2,30,linear,,10.0,1007.0,0.7234373732349092,1.807474260314681,4.531723743663939,4.685533027328978
exskaf,markov_order_2,30,nearest,,10.0,219.0,0.6816597213419071,1.5760878276740498,4.385734027269117,4.549586830591546
exskaf,vq_ctw,30,linear,256.0,10.0,1007.0,1.0,0.0,7.220247550957865,7.220247550957865
exskaf,vq_ctw,30,nearest,256.0,10.0,219.0,1.0,0.0,8.232515459694092,8.232515459694092
exskaf,vq_ctw,30,linear,512.0,10.0,1007.0,1.0,0.0,6.981553884054998,6.981553884054998
exskaf,vq_ctw,30,nearest,512.0,10.0,219.0,1.0,0.0,8.501052175592452,8.501052175592452
exskaf,vq_ctw,30,linear,1024.0,10.0,1007.0,1.0,0.0,6.961372712955077,6.961372712955077
exskaf,vq_ctw,30,nearest,1024.0,10.0,219.0,1.0,0.0,7.937666704978731,7.937666704978731
eybmij,direct_ctw,30,linear,,10.0,1007.0,0.798587429045568,1.3632070009062203,4.298755459022177,4.467050763512694
eybmij,direct_ctw,30,nearest,,10.0,110.0,0.82963513253159,0.9933240012373827,3.9529039775807737,4.093664457461943
eybmij,markov_order_1,30,linear,,10.0,1007.0,0.7510662159470012,1.5986852602486956,4.298755459022177,4.467050763512694
eybmij,markov_order_1,30,nearest,,10.0,110.0,0.677386846706255,1.5440479234041964,3.9529039775807737,4.093664457461943
eybmij,markov_order_2,30,linear,,10.0,1007.0,0.7450137578993793,1.6273731630807293,4.298755459022177,4.467050763512694
eybmij,markov_order_2,30,nearest,,10.0,110.0,0.7007262994478336,1.474307605899592,3.9529039775807737,4.093664457461943
eybmij,vq_ctw,30,linear,256.0,10.0,1007.0,1.0,0.0,6.768926180715558,6.768926180715558
eybmij,vq_ctw,30,nearest,256.0,10.0,110.0,1.0,0.0,8.826809547460389,8.826809547460389
eybmij,vq_ctw,30,linear,512.0,10.0,1007.0,1.0,0.0,6.6983049397825045,6.6983049397825045
eybmij,vq_ctw,30,nearest,512.0,10.0,110.0,1.0,0.0,8.406202941060677,8.406202941060677
eybmij,vq_ctw,30,linear,1024.0,10.0,1007.0,1.0,0.0,6.487105610423094,6.487105610423094
eybmij,vq_ctw,30,nearest,1024.0,10.0,110.0,1.0,0.0,7.907385570034299,7.907385570034299
eybyay,direct_ctw,30,linear,,10.0,1006.0,0.7895073794055527,1.4970314631246977,4.2057919209614685,4.395018903333929
eybyay,direct_ctw,30,nearest,,10.0,79.0,0.8344768213327691,1.0571355611654034,4.456673105628857,4.5991801297063875
eybyay,markov_order_1,30,linear,,10.0,1006.0,0.7215793844948283,1.8514173187847909,4.2057919209614685,4.395018903333929
eybyay,markov_order_1,30,nearest,,10.0,79.0,0.6345132405489727,1.8518815366389887,4.456673105628857,4.5991801297063875
eybyay,markov_order_2,30,linear,,10.0,1006.0,0.7118794190169265,1.8991825643925835,4.2057919209614685,4.395018903333929
eybyay,markov_order_2,30,nearest,,10.0,79.0,0.6350323583057126,1.848941828644927,4.456673105628857,4.5991801297063875
eybyay,vq_ctw,30,linear,256.0,10.0,1006.0,1.0,0.0,8.645528343673556,8.645528343673556
eybyay,vq_ctw,30,nearest,256.0,10.0,79.0,1.0,0.0,8.26090783059481,8.26090783059481
eybyay,vq_ctw,30,linear,512.0,10.0,1006.0,1.0,0.0,7.92594558297285,7.92594558297285
eybyay,vq_ctw,30,nearest,512.0,10.0,79.0,1.0,0.0,8.850405649392249,8.850405649392249
eybyay,vq_ctw,30,linear,1024.0,10.0,1006.0,1.0,0.0,8.105220928769844,8.105220928769844
eybyay,vq_ctw,30,nearest,1024.0,10.0,79.0,1.0,0.0,8.470949103442816,8.470949103442816
eydadg,direct_ctw,30,linear,,10.0,121.0,0.935762861364348,0.47251432097680174,4.850134364796067,4.917372385759612
eydadg,direct_ctw,30,nearest,,10.0,32.0,0.8161909157636771,0.9796698844458257,4.276042831191186,4.403174183016158
eydadg,markov_order_1,30,linear,,10.0,121.0,0.8892472319413574,0.7236879029003174,4.850134364796067,4.917372385759612
eydadg,markov_order_1,30,nearest,,10.0,32.0,0.6495284585977708,1.4899727277286965,4.276042831191186,4.403174183016158
eydadg,markov_order_2,30,linear,,10.0,121.0,0.8852340805744032,0.7436579598564772,4.850134364796067,4.917372385759612
eydadg,markov_order_2,30,nearest,,10.0,32.0,0.6849933540212015,1.3981422067877027,4.276042831191186,4.403174183016158
eydadg,vq_ctw,30,linear,256.0,10.0,121.0,1.0,0.0,8.100994667746505,8.100994667746505
eydadg,vq_ctw,30,nearest,256.0,10.0,32.0,1.0,0.0,7.4553307841987735,7.4553307841987735
eydadg,vq_ctw,30,linear,512.0,10.0,121.0,1.0,0.0,6.792027509694839,6.792027509694839
eydadg,vq_ctw,30,nearest,512.0,10.0,32.0,1.0,0.0,6.710378177235964,6.710378177235964
eydadg,vq_ctw,30,linear,1024.0,10.0,121.0,1.0,0.0,6.841396223136905,6.841396223136905
eydadg,vq_ctw,30,nearest,1024.0,10.0,32.0,1.0,0.0,6.154807914259045,6.154807914259045
eytups,direct_ctw,30,linear,,10.0,1007.0,0.7993128302326493,1.5073631235330813,4.0065156113787195,4.223088656081117
eytups,direct_ctw,30,nearest,,10.0,35.0,0.8135212043992492,1.1270373352146559,3.8627988540072256,4.1251617262536815
eytups,markov_order_1,30,linear,,10.0,1007.0,0.7284263332544447,1.904722301372161,4.0065156113787195,4.223088656081117
eytups,markov_order_1,30,nearest,,10.0,35.0,0.5427916445768514,2.0563149473114395,3.8627988540072256,4.1251617262536815
eytups,markov_order_2,30,linear,,10.0,1007.0,0.711028054356153,1.9963713120633735,4.0065156113787195,4.223088656081117
eytups,markov_order_2,30,nearest,,10.0,35.0,0.6396775532627479,1.7795933309943104,3.8627988540072256,4.1251617262536815
eytups,vq_ctw,30,linear,256.0,10.0,1007.0,1.0,0.0,9.760736996915046,9.760736996915046
eytups,vq_ctw,30,nearest,256.0,10.0,35.0,1.0,0.0,10.891024348244978,10.891024348244978
eytups,vq_ctw,30,linear,512.0,10.0,1007.0,1.0,0.0,8.56165145233547,8.56165145233547
eytups,vq_ctw,30,nearest,512.0,10.0,35.0,1.0,0.0,15.212891910115571,15.212891910115571
eytups,vq_ctw,30,linear,1024.0,10.0,1007.0,1.0,0.0,9.029666352597946,9.029666352597946
eytups,vq_ctw,30,nearest,1024.0,10.0,35.0,1.0,0.0,14.669945148139242,14.669945148139242
iacbyb,direct_ctw,30,linear,,10.0,993.0,0.8940604584632943,0.805364197373265,4.280547096225997,4.3909245383377495
iacbyb,direct_ctw,30,nearest,,10.0,37.0,0.8254115744487394,1.0172711310704805,4.376814321310516,4.513061378326255
iacbyb,markov_order_1,30,linear,,10.0,993.0,0.8666106619049914,0.9668287386963741,4.280547096225997,4.3909245383377495
iacbyb,markov_order_1,30,nearest,,10.0,37.0,0.6453262657157033,1.6475204443305804,4.376814321310516,4.513061378326255
iacbyb,markov_order_2,30,linear,,10.0,993.0,0.866694477589766,0.9663509672158038,4.280547096225997,4.3909245383377495
iacbyb,markov_order_2,30,nearest,,10.0,37.0,0.6808975972813661,1.5416074873331471,4.376814321310516,4.513061378326255
iacbyb,vq_ctw,30,linear,256.0,10.0,993.0,1.0,0.0,5.590498069571791,5.590498069571791
iacbyb,vq_ctw,30,nearest,256.0,10.0,37.0,1.0,0.0,8.19178096585427,8.19178096585427
iacbyb,vq_ctw,30,linear,512.0,10.0,993.0,1.0,0.0,5.394460999447822,5.394460999447822
iacbyb,vq_ctw,30,nearest,512.0,10.0,37.0,1.0,0.0,7.87714269037759,7.87714269037759
iacbyb,vq_ctw,30,linear,1024.0,10.0,993.0,1.0,0.0,5.371551494166563,5.371551494166563
iacbyb,vq_ctw,30,nearest,1024.0,10.0,37.0,1.0,0.0,7.420718855905683,7.420718855905683
iackaw,direct_ctw,30,linear,,10.0,1007.0,0.7888714105641745,1.336347351033146,4.315324668687266,4.475254155451757
iackaw,direct_ctw,30,nearest,,10.0,126.0,0.8049615827061433,1.1145580246749593,4.154383793340358,4.304045223789748
iackaw,markov_order_1,30,linear,,10.0,1007.0,0.7454822489230175,1.5328820424080156,4.315324668687266,4.475254155451757
iackaw,markov_order_1,30,nearest,,10.0,126.0,0.6290095753610392,1.7270084077007468,4.154383793340358,4.304045223789748
iackaw,markov_order_2,30,linear,,10.0,1007.0,0.7494250642188958,1.5156408843571838,4.315324668687266,4.475254155451757
iackaw,markov_order_2,30,nearest,,10.0,126.0,0.6497680468515026,1.6632051953828157,4.154383793340358,4.304045223789748
iackaw,vq_ctw,30,linear,256.0,10.0,1007.0,1.0,0.0,6.101442030573389,6.101442030573389
iackaw,vq_ctw,30,nearest,256.0,10.0,126.0,1.0,0.0,8.69585710828486,8.69585710828486
iackaw,vq_ctw,30,linear,512.0,10.0,1007.0,1.0,0.0,6.149902828348283,6.149902828348283
iackaw,vq_ctw,30,nearest,512.0,10.0,126.0,1.0,0.0,8.794020701574048,8.794020701574048
iackaw,vq_ctw,30,linear,1024.0,10.0,1007.0,1.0,0.0,5.806124502905562,5.806124502905562
iackaw,vq_ctw,30,nearest,1024.0,10.0,126.0,1.0,0.0,8.106316735725084,8.106316735725084
iafbag,direct_ctw,30,linear,,10.0,947.0,0.8575579834279904,1.0421291863100133,4.512294732806097,4.616822580410104
iafbag,direct_ctw,30,nearest,,10.0,44.0,0.8161650312243225,1.0560649827852726,4.355991738421813,4.500794303087326
iafbag,markov_order_1,30,linear,,10.0,947.0,0.8247692804427842,1.2249999368187987,4.512294732806097,4.616822580410104
iafbag,markov_order_1,30,nearest,,10.0,44.0,0.6468594793693019,1.6431226179427483,4.355991738421813,4.500794303087326
iafbag,markov_order_2,30,linear,,10.0,947.0,0.8208373609225368,1.2461739104260119,4.512294732806097,4.616822580410104
iafbag,markov_order_2,30,nearest,,10.0,44.0,0.6734512787658046,1.5644587302617614,4.355991738421813,4.500794303087326
iafbag,vq_ctw,30,linear,256.0,10.0,947.0,1.0,0.0,5.5138058891049635,5.5138058891049635
iafbag,vq_ctw,30,nearest,256.0,10.0,44.0,1.0,0.0,8.211676726743175,8.211676726743175
iafbag,vq_ctw,30,linear,512.0,10.0,947.0,1.0,0.0,6.037429085309112,6.037429085309112
iafbag,vq_ctw,30,nearest,512.0,10.0,44.0,1.0,0.0,7.338933379686315,7.338933379686315
iafbag,vq_ctw,30,linear,1024.0,10.0,947.0,1.0,0.0,5.381227124173304,5.381227124173304
iafbag,vq_ctw,30,nearest,1024.0,10.0,44.0,1.0,0.0,6.675820820949499,6.675820820949499
iafstn,direct_ctw,30,linear,,10.0,1007.0,0.7997353201493214,1.3232511783220386,4.572500306256983,4.7339002574394256
iafstn,direct_ctw,30,nearest,,10.0,223.0,0.8160109548567899,1.0427455546481412,4.229947000027482,4.375488060871669
iafstn,markov_order_1,30,linear,,10.0,1007.0,0.7568821026938486,1.5295405932773318,4.572500306256983,4.7339002574394256
iafstn,markov_order_1,30,nearest,,10.0,223.0,0.6467325561812696,1.619584682651589,4.229947000027482,4.375488060871669
iafstn,markov_order_2,30,linear,,10.0,1007.0,0.7558957365103536,1.5341119560485674,4.572500306256983,4.7339002574394256
iafstn,markov_order_2,30,nearest,,10.0,223.0,0.6599020470045921,1.5810971508212723,4.229947000027482,4.375488060871669
iafstn,vq_ctw,30,linear,256.0,10.0,1007.0,1.0,0.0,6.074244017717114,6.074244017717114
iafstn,vq_ctw,30,nearest,256.0,10.0,223.0,1.0,0.0,7.8885413943011935,7.8885413943011935
iafstn,vq_ctw,30,linear,512.0,10.0,1007.0,1.0,0.0,6.1649742660851645,6.1649742660851645
iafstn,vq_ctw,30,nearest,512.0,10.0,223.0,1.0,0.0,7.5540070781949735,7.5540070781949735
iafstn,vq_ctw,30,linear,1024.0,10.0,1007.0,1.0,0.0,5.904200940199797,5.904200940199797
iafstn,vq_ctw,30,nearest,1024.0,10.0,223.0,1.0,0.0,7.032107548187839,7.032107548187839
iaggri,direct_ctw,30,linear,,10.0,1007.0,0.8520237277836948,1.2218026252339678,4.084843457005192,4.2849306982678685
iaggri,markov_order_1,30,linear,,10.0,1007.0,0.7897434903128331,1.618726639180667,4.084843457005192,4.2849306982678685
iaggri,markov_order_2,30,linear,,10.0,1007.0,0.7647044189501848,1.7682940007481593,4.084843457005192,4.2849306982678685
iaggri,vq_ctw,30,linear,256.0,10.0,1007.0,1.0,0.0,8.88116717638863,8.88116717638863
iaggri,vq_ctw,30,linear,512.0,10.0,1007.0,1.0,0.0,8.536279111279915,8.536279111279915
iaggri,vq_ctw,30,linear,1024.0,10.0,1007.0,1.0,0.0,8.781995178316896,8.781995178316896
iagods,direct_ctw,30,linear,,10.0,141.0,0.8419016368272861,0.9459374905316346,4.340079561996071,4.456245364817811
iagods,direct_ctw,30,nearest,,10.0,42.0,0.7889757383376169,1.1654845457364726,3.9651457075102408,4.114715969770819
iagods,markov_order_1,30,linear,,10.0,141.0,0.7746511254221295,1.220512561795823,4.340079561996071,4.456245364817811
iagods,markov_order_1,30,nearest,,10.0,42.0,0.603038357978015,1.7630687827481089,3.9651457075102408,4.114715969770819
iagods,markov_order_2,30,linear,,10.0,141.0,0.7788572174316748,1.2045342725121222,4.340079561996071,4.456245364817811
iagods,markov_order_2,30,nearest,,10.0,42.0,0.6076227070295893,1.7510711612376881,3.9651457075102408,4.114715969770819
iagods,vq_ctw,30,linear,256.0,10.0,141.0,1.0,0.0,5.079639795760499,5.079639795760499
iagods,vq_ctw,30,nearest,256.0,10.0,42.0,1.0,0.0,7.549546221176188,7.549546221176188
iagods,vq_ctw,30,linear,512.0,10.0,141.0,1.0,0.0,5.1864531276493135,5.1864531276493135
iagods,vq_ctw,30,nearest,512.0,10.0,42.0,1.0,0.0,7.602866771497552,7.602866771497552
iagods,vq_ctw,30,linear,1024.0,10.0,141.0,1.0,0.0,4.787331067433919,4.787331067433919
iagods,vq_ctw,30,nearest,1024.0,10.0,42.0,1.0,0.0,6.97669310410137,6.97669310410137
iahoro,direct_ctw,30,linear,,10.0,1006.0,0.8277381656219216,1.1796383388844744,4.3157121826910645,4.465676801283432
iahoro,markov_order_1,30,linear,,10.0,1006.0,0.7931054042995633,1.3561885766297528,4.3157121826910645,4.465676801283432
iahoro,markov_order_2,30,linear,,10.0,1006.0,0.7888731430278901,1.3770117426792274,4.3157121826910645,4.465676801283432
iahoro,vq_ctw,30,linear,256.0,10.0,1006.0,1.0,0.0,5.853735435006665,5.853735435006665
iahoro,vq_ctw,30,linear,512.0,10.0,1006.0,1.0,0.0,5.923574078071315,5.923574078071315
iahoro,vq_ctw,30,linear,1024.0,10.0,1006.0,1.0,0.0,5.677505063365861,5.677505063365861
iapber,direct_ctw,30,linear,,10.0,969.0,0.8269057869322579,1.2397408454823686,4.590403585213173,4.719329631055061
iapber,direct_ctw,30,nearest,,10.0,82.0,0.8040190319767355,1.0687724144414028,4.5119284440249094,4.668975548119715
iapber,markov_order_1,30,linear,,10.0,969.0,0.7848354185692857,1.4660006287623564,4.590403585213173,4.719329631055061
iapber,markov_order_1,30,nearest,,10.0,82.0,0.6636183822670484,1.5339922867976852,4.5119284440249094,4.668975548119715
iapber,markov_order_2,30,linear,,10.0,969.0,0.7774652023794169,1.5040136299568818,4.590403585213173,4.719329631055061
iapber,markov_order_2,30,nearest,,10.0,82.0,0.6937510698828265,1.4448220264486724,4.5119284440249094,4.668975548119715
iapber,vq_ctw,30,linear,256.0,10.0,969.0,1.0,0.0,5.92606924887309,5.92606924887309
iapber,vq_ctw,30,nearest,256.0,10.0,82.0,1.0,0.0,8.317208011493408,8.317208011493408
iapber,vq_ctw,30,linear,512.0,10.0,969.0,1.0,0.0,6.047497325485035,6.047497325485035
iapber,vq_ctw,30,nearest,512.0,10.0,82.0,1.0,0.0,7.877315673699469,7.877315673699469
iapber,vq_ctw,30,linear,1024.0,10.0,969.0,1.0,0.0,5.671187293446115,5.671187293446115
iapber,vq_ctw,30,nearest,1024.0,10.0,82.0,1.0,0.0,7.235499041835194,7.235499041835194
iatmeu,direct_ctw,30,linear,,10.0,1007.0,0.8406835051712286,1.2838721356930158,4.04766988807464,4.214253687025763
iatmeu,markov_order_1,30,linear,,10.0,1007.0,0.77489554398871,1.6894852611898192,4.04766988807464,4.214253687025763
iatmeu,markov_order_2,30,linear,,10.0,1007.0,0.7548590467772006,1.8054900245969092,4.04766988807464,4.214253687025763
iatmeu,vq_ctw,30,linear,256.0,10.0,1007.0,1.0,0.0,11.885817770356796,11.885817770356796
iatmeu,vq_ctw,30,linear,512.0,10.0,1007.0,1.0,0.0,10.526817181215595,10.526817181215595
iatmeu,vq_ctw,30,linear,1024.0,10.0,1007.0,1.0,0.0,11.237551371421974,11.237551371421974
iatojb,direct_ctw,30,linear,,10.0,1007.0,0.7716354837461064,1.365463086106947,4.50157417431873,4.647002152184129
iatojb,direct_ctw,30,nearest,,10.0,203.0,0.8006566932761255,1.0568418154439303,4.338397543189904,4.485985074321369
iatojb,markov_order_1,30,linear,,10.0,1007.0,0.7212297891960711,1.5743802615205278,4.50157417431873,4.647002152184129
iatojb,markov_order_1,30,nearest,,10.0,203.0,0.6556974426565418,1.5591584318440659,4.338397543189904,4.485985074321369
iatojb,markov_order_2,30,linear,,10.0,1007.0,0.728352052624812,1.5460191679411168,4.50157417431873,4.647002152184129
iatojb,markov_order_2,30,nearest,,10.0,203.0,0.6679843603759016,1.4936147301286085,4.338397543189904,4.485985074321369
iatojb,vq_ctw,30,linear,256.0,10.0,1007.0,1.0,0.0,5.943129781700439,5.943129781700439
iatojb,vq_ctw,30,nearest,256.0,10.0,203.0,1.0,0.0,8.108120432757339,8.108120432757339
iatojb,vq_ctw,30,linear,512.0,10.0,1007.0,1.0,0.0,6.0011310107451274,6.0011310107451274
iatojb,vq_ctw,30,nearest,512.0,10.0,203.0,1.0,0.0,7.0410085651407215,7.0410085651407215
iatojb,vq_ctw,30,linear,1024.0,10.0,1007.0,1.0,0.0,5.7803991052417665,5.7803991052417665
iatojb,vq_ctw,30,nearest,1024.0,10.0,203.0,1.0,0.0,6.46518190921762,6.46518190921762
iawxbe,direct_ctw,30,linear,,10.0,1007.0,0.8193447154765615,1.4199302298180296,3.9333358952633963,4.1386845858801635
iawxbe,direct_ctw,30,nearest,,10.0,39.0,0.830185169295213,1.051578840840458,3.8098507657971297,4.041053335669548
iawxbe,markov_order_1,30,linear,,10.0,1007.0,0.7492348885275095,1.8374816218179262,3.9333358952633963,4.1386845858801635
iawxbe,markov_order_1,30,nearest,,10.0,39.0,0.6310849327707835,1.806429667635328,3.8098507657971297,4.041053335669548
iawxbe,markov_order_2,30,linear,,10.0,1007.0,0.7326747046604289,1.9302825773618753,3.9333358952633963,4.1386845858801635
iawxbe,markov_order_2,30,nearest,,10.0,39.0,0.6126745493963901,1.862393705850999,3.8098507657971297,4.041053335669548
iawxbe,vq_ctw,30,linear,256.0,10.0,1007.0,1.0,0.0,10.6496731999005,10.6496731999005
iawxbe,vq_ctw,30,nearest,256.0,10.0,39.0,1.0,0.0,19.380532366996167,19.380532366996167
iawxbe,vq_ctw,30,linear,512.0,10.0,1007.0,1.0,0.0,9.596731039623915,9.596731039623915
iawxbe,vq_ctw,30,nearest,512.0,10.0,39.0,1.0,0.0,23.93275866850166,23.93275866850166
iawxbe,vq_ctw,30,linear,1024.0,10.0,1007.0,1.0,0.0,10.080919100207964,10.080919100207964
iawxbe,vq_ctw,30,nearest,1024.0,10.0,39.0,1.0,0.0,23.628943260543526,23.628943260543526
ibflsr,direct_ctw,30,linear,,10.0,1007.0,0.8294086690287037,1.2903186444098322,4.443391501797541,4.580847700266314
ibflsr,direct_ctw,30,nearest,,10.0,168.0,0.8382815144039157,0.9363445234861401,4.2759229484413215,4.418823822048371
ibflsr,markov_order_1,30,linear,,10.0,1007.0,0.7835397976735989,1.5546489893289983,4.443391501797541,4.580847700266314
ibflsr,markov_order_1,30,nearest,,10.0,168.0,0.7368505956843565,1.3212319651479087,4.2759229484413215,4.418823822048371
ibflsr,markov_order_2,30,linear,,10.0,1007.0,0.7737003598007488,1.608912938860531,4.443391501797541,4.580847700266314
ibflsr,markov_order_2,30,nearest,,10.0,168.0,0.7359682084345791,1.32812793433719,4.2759229484413215,4.418823822048371
ibflsr,vq_ctw,30,linear,256.0,10.0,1007.0,1.0,0.0,6.285453850983137,6.285453850983137
ibflsr,vq_ctw,30,nearest,256.0,10.0,168.0,1.0,0.0,7.7738728446978795,7.7738728446978795
ibflsr,vq_ctw,30,linear,512.0,10.0,1007.0,1.0,0.0,6.388001386071415,6.388001386071415
ibflsr,vq_ctw,30,nearest,512.0,10.0,168.0,1.0,0.0,7.4533200533498025,7.4533200533498025
ibflsr,vq_ctw,30,linear,1024.0,10.0,1007.0,1.0,0.0,6.017123939735165,6.017123939735165
ibflsr,vq_ctw,30,nearest,1024.0,10.0,168.0,1.0,0.0,6.782105736892122,6.782105736892122
ibgryk,direct_ctw,30,linear,,10.0,1007.0,0.839255358994027,1.2480999001417052,4.41542375278392,4.578741031469364
ibgryk,direct_ctw,30,nearest,,10.0,118.0,0.784374226108552,1.1544181166324148,4.614127559090183,4.729353216081815
ibgryk,markov_order_1,30,linear,,10.0,1007.0,0.7866992490593198,1.5598564767628917,4.41542375278392,4.578741031469364
ibgryk,markov_order_1,30,nearest,,10.0,118.0,0.5890702151087841,1.7970397603785646,4.614127559090183,4.729353216081815
ibgryk,markov_order_2,30,linear,,10.0,1007.0,0.7749569266446954,1.6260885288958082,4.41542375278392,4.578741031469364
ibgryk,markov_order_2,30,nearest,,10.0,118.0,0.6332274376840223,1.6368677853275235,4.614127559090183,4.729353216081815
ibgryk,vq_ctw,30,linear,256.0,10.0,1007.0,1.0,0.0,7.28567249422349,7.28567249422349
ibgryk,vq_ctw,30,nearest,256.0,10.0,118.0,1.0,0.0,7.287431497362736,7.287431497362736
ibgryk,vq_ctw,30,linear,512.0,10.0,1007.0,1.0,0.0,6.86164078188778,6.86164078188778
ibgryk,vq_ctw,30,nearest,512.0,10.0,118.0,1.0,0.0,6.651520462495379,6.651520462495379
ibgryk,vq_ctw,30,linear,1024.0,10.0,1007.0,1.0,0.0,6.788528842825135,6.788528842825135
ibgryk,vq_ctw,30,nearest,1024.0,10.0,118.0,1.0,0.0,6.087278680186795,6.087278680186795
iblool,direct_ctw,30,linear,,10.0,1007.0,0.8274987853649507,1.236431270883833,4.282762799565166,4.436227012196101
iblool,direct_ctw,30,nearest,,10.0,138.0,0.8442597969127109,0.9217551058229903,4.12251811243435,4.271898445187681
iblool,markov_order_1,30,linear,,10.0,1007.0,0.7851389579876678,1.4644252060957499,4.282762799565166,4.436227012196101
iblool,markov_order_1,30,nearest,,10.0,138.0,0.7455691131091814,1.3015614010658438,4.12251811243435,4.271898445187681
iblool,markov_order_2,30,linear,,10.0,1007.0,0.7783104004332817,1.4996775929245911,4.282762799565166,4.436227012196101
iblool,markov_order_2,30,nearest,,10.0,138.0,0.7444866308629636,1.30887221680434,4.12251811243435,4.271898445187681
iblool,vq_ctw,30,linear,256.0,10.0,1007.0,1.0,0.0,7.342767040941405,7.342767040941405
iblool,vq_ctw,30,nearest,256.0,10.0,138.0,1.0,0.0,9.211616225687576,9.211616225687576
iblool,vq_ctw,30,linear,512.0,10.0,1007.0,1.0,0.0,6.916067403854286,6.916067403854286
iblool,vq_ctw,30,nearest,512.0,10.0,138.0,1.0,0.0,9.27848103862339,9.27848103862339
iblool,vq_ctw,30,linear,1024.0,10.0,1007.0,1.0,0.0,6.925467874028471,6.925467874028471
iblool,vq_ctw,30,nearest,1024.0,10.0,138.0,1.0,0.0,8.745510460993486,8.745510460993486
ibpijd,direct_ctw,30,linear,,10.0,1007.0,0.8453566665987096,1.0852692869969114,4.4962646947966425,4.6244431945661555
ibpijd,direct_ctw,30,nearest,,10.0,259.0,0.8204194506640524,1.0566086859166728,4.544253284461874,4.732777140716801
ibpijd,markov_order_1,30,linear,,10.0,1007.0,0.804267520026161,1.3005079455203223,4.4962646947966425,4.6244431945661555
ibpijd,markov_order_1,30,nearest,,10.0,259.0,0.6333345890127451,1.7282162543084008,4.544253284461874,4.732777140716801
ibpijd,markov_order_2,30,linear,,10.0,1007.0,0.8086050747654748,1.278565207818608,4.4962646947966425,4.6244431945661555
ibpijd,markov_order_2,30,nearest,,10.0,259.0,0.6555592216603029,1.659970388313176,4.544253284461874,4.732777140716801
ibpijd,vq_ctw,30,linear,256.0,10.0,1007.0,1.0,0.0,5.312841909289139,5.312841909289139
ibpijd,vq_ctw,30,nearest,256.0,10.0,259.0,1.0,0.0,8.262621577419466,8.262621577419466
ibpijd,vq_ctw,30,linear,512.0,10.0,1007.0,1.0,0.0,5.526085700297994,5.526085700297994
ibpijd,vq_ctw,30,nearest,512.0,10.0,259.0,1.0,0.0,8.341371054499394,8.341371054499394
ibpijd,vq_ctw,30,linear,1024.0,10.0,1007.0,1.0,0.0,5.151198542577879,5.151198542577879
ibpijd,vq_ctw,30,nearest,1024.0,10.0,259.0,1.0,0.0,7.6068466863695505,7.6068466863695505
ibwici,direct_ctw,30,linear,,10.0,1006.0,0.8314324094674441,1.2587260103714066,4.175388728189001,4.33639749826058
ibwici,direct_ctw,30,nearest,,10.0,152.0,0.8292425939788289,1.0157702540598401,3.9551469595197855,4.129056183475296
ibwici,markov_order_1,30,linear,,10.0,1006.0,0.7749145688716412,1.5762680612825433,4.175388728189001,4.33639749826058
ibwici,markov_order_1,30,nearest,,10.0,152.0,0.6603456739130851,1.646320946200095,3.9551469595197855,4.129056183475296
ibwici,markov_order_2,30,linear,,10.0,1006.0,0.7680839846138137,1.6127466432556483,4.175388728189001,4.33639749826058
ibwici,markov_order_2,30,nearest,,10.0,152.0,0.6622171884270718,1.6454632084474234,3.9551469595197855,4.129056183475296
ibwici,vq_ctw,30,linear,256.0,10.0,1006.0,1.0,0.0,8.129935232915647,8.129935232915647
ibwici,vq_ctw,30,nearest,256.0,10.0,152.0,1.0,0.0,8.448520753074547,8.448520753074547
ibwici,vq_ctw,30,linear,512.0,10.0,1006.0,1.0,0.0,7.409647858292314,7.409647858292314
ibwici,vq_ctw,30,nearest,512.0,10.0,152.0,1.0,0.0,9.839248654986044,9.839248654986044
ibwici,vq_ctw,30,linear,1024.0,10.0,1006.0,1.0,0.0,7.593284467077163,7.593284467077163
ibwici,vq_ctw,30,nearest,1024.0,10.0,152.0,1.0,0.0,9.288940215440697,9.288940215440697
icagpo,direct_ctw,30,linear,,10.0,1007.0,0.8195858726387971,1.3858404218551181,4.445985647495575,4.595776091540258
icagpo,direct_ctw,30,nearest,,10.0,247.0,0.8096525682179004,1.1572492416109392,4.318878065157407,4.478689562857021
icagpo,markov_order_1,30,linear,,10.0,1007.0,0.768330556165356,1.6860173577681543,4.445985647495575,4.595776091540258
icagpo,markov_order_1,30,nearest,,10.0,247.0,0.6379285517451327,1.8121601949347341,4.318878065157407,4.478689562857021
icagpo,markov_order_2,30,linear,,10.0,1007.0,0.7487085762836188,1.795086673824765,4.445985647495575,4.595776091540258
icagpo,markov_order_2,30,nearest,,10.0,247.0,0.6439617391364589,1.7939191359558213,4.318878065157407,4.478689562857021
icagpo,vq_ctw,30,linear,256.0,10.0,1007.0,1.0,0.0,7.76343041770258,7.76343041770258
icagpo,vq_ctw,30,nearest,256.0,10.0,247.0,1.0,0.0,8.393754953227324,8.393754953227324
icagpo,vq_ctw,30,linear,512.0,10.0,1007.0,1.0,0.0,7.585617372965194,7.585617372965194
icagpo,vq_ctw,30,nearest,512.0,10.0,247.0,1.0,0.0,8.436440866705205,8.436440866705205
icagpo,vq_ctw,30,linear,1024.0,10.0,1007.0,1.0,0.0,7.42923612456944,7.42923612456944
icagpo,vq_ctw,30,nearest,1024.0,10.0,247.0,1.0,0.0,7.763015081857684,7.763015081857684
icdahe,direct_ctw,30,linear,,10.0,156.0,0.8925156699252846,0.707249653032182,5.053967292129262,5.159491070701239
icdahe,markov_order_1,30,linear,,10.0,156.0,0.8183193244615723,1.047101316638123,5.053967292129262,5.159491070701239
icdahe,markov_order_2,30,linear,,10.0,156.0,0.8424154222586794,0.9436688112143506,5.053967292129262,5.159491070701239
icdahe,vq_ctw,30,linear,256.0,10.0,156.0,1.0,0.0,5.177954163665611,5.177954163665611
icdahe,vq_ctw,30,linear,512.0,10.0,156.0,1.0,0.0,4.70474599233682,4.70474599233682
icdahe,vq_ctw,30,linear,1024.0,10.0,156.0,1.0,0.0,4.454552438401833,4.454552438401833
icdapn,direct_ctw,30,linear,,10.0,1007.0,0.7832670146593746,1.5311366273756613,4.313981213899396,4.487132979448522
icdapn,direct_ctw,30,nearest,,10.0,342.0,0.8170233904569209,1.0879748209247213,4.028890074533535,4.2078529824531365
icdapn,markov_order_1,30,linear,,10.0,1007.0,0.7219924710220874,1.8493682698994134,4.313981213899396,4.487132979448522
icdapn,markov_order_1,30,nearest,,10.0,342.0,0.6175296616173798,1.8038424129263195,4.028890074533535,4.2078529824531365
icdapn,markov_order_2,30,linear,,10.0,1007.0,0.7076031925967468,1.9200288576057312,4.313981213899396,4.487132979448522
icdapn,markov_order_2,30,nearest,,10.0,342.0,0.6363807469573035,1.748194364844214,4.028890074533535,4.2078529824531365
icdapn,vq_ctw,30,linear,256.0,10.0,1007.0,1.0,0.0,7.798420235017235,7.798420235017235
icdapn,vq_ctw,30,nearest,256.0,10.0,342.0,1.0,0.0,8.650785093076777,8.650785093076777
icdapn,vq_ctw,30,linear,512.0,10.0,1007.0,1.0,0.0,7.43243219518544,7.43243219518544
icdapn,vq_ctw,30,nearest,512.0,10.0,342.0,1.0,0.0,10.283113102222597,10.283113102222597
icdapn,vq_ctw,30,linear,1024.0,10.0,1007.0,1.0,0.0,7.59051067820585,7.59051067820585
icdapn,vq_ctw,30,nearest,1024.0,10.0,342.0,1.0,0.0,9.709007041895578,9.709007041895578
icdult,direct_ctw,30,linear,,10.0,736.0,0.8668959533671962,0.9878198485592603,4.118065108383496,4.315248347727372
icdult,markov_order_1,30,linear,,10.0,736.0,0.821246478996994,1.2439778628521276,4.118065108383496,4.315248347727372
icdult,markov_order_2,30,linear,,10.0,736.0,0.8181697137763879,1.2604530709446276,4.118065108383496,4.315248347727372
icdult,vq_ctw,30,linear,256.0,10.0,736.0,1.0,0.0,8.195617510099005,8.195617510099005
icdult,vq_ctw,30,linear,512.0,10.0,736.0,1.0,0.0,7.43760660239365,7.43760660239365
icdult,vq_ctw,30,linear,1024.0,10.0,736.0,1.0,0.0,7.825844621016163,7.825844621016163
icedpa,direct_ctw,30,linear,,10.0,1007.0,0.8953383889739877,0.7774230198530382,4.736749072088435,4.887658683146169
icedpa,direct_ctw,30,nearest,,10.0,75.0,0.8446295670319908,0.9321831889859952,4.38899326029151,4.547260781356021
icedpa,markov_order_1,30,linear,,10.0,1007.0,0.8632066229467467,0.9598065125478726,4.736749072088435,4.887658683146169
icedpa,markov_order_1,30,nearest,,10.0,75.0,0.6952054535616942,1.4903287386654605,4.38899326029151,4.547260781356021
icedpa,markov_order_2,30,linear,,10.0,1007.0,0.8690543056283682,0.9276371027484412,4.736749072088435,4.887658683146169
icedpa,markov_order_2,30,nearest,,10.0,75.0,0.7060431404128275,1.4603119563158926,4.38899326029151,4.547260781356021
icedpa,vq_ctw,30,linear,256.0,10.0,1007.0,1.0,0.0,5.154131251742608,5.154131251742608
icedpa,vq_ctw,30,nearest,256.0,10.0,75.0,1.0,0.0,7.9825795373358055,7.9825795373358055
icedpa,vq_ctw,30,linear,512.0,10.0,1007.0,1.0,0.0,5.078970618632985,5.078970618632985
icedpa,vq_ctw,30,nearest,512.0,10.0,75.0,1.0,0.0,7.091711525333492,7.091711525333492
icedpa,vq_ctw,30,linear,1024.0,10.0,1007.0,1.0,0.0,4.883051751950971,4.883051751950971
icedpa,vq_ctw,30,nearest,1024.0,10.0,75.0,1.0,0.0,6.389926250837508,6.389926250837508
ichank,direct_ctw,30,linear,,10.0,997.0,0.831736573221197,1.0886714238336006,4.521188250102996,4.64740191402246
ichank,direct_ctw,30,nearest,,10.0,37.0,0.8050044059048826,1.1017968459122518,4.146377077662711,4.2855744152440955
ichank,markov_order_1,30,linear,,10.0,997.0,0.7881482208898583,1.2926363745581364,4.521188250102996,4.64740191402246
ichank,markov_order_1,30,nearest,,10.0,37.0,0.6131851903626294,1.7363428596664838,4.146377077662711,4.2855744152440955
ichank,markov_order_2,30,linear,,10.0,997.0,0.7980479398969188,1.2478535795307641,4.521188250102996,4.64740191402246
ichank,markov_order_2,30,nearest,,10.0,37.0,0.638802397763079,1.6660680050886723,4.146377077662711,4.2855744152440955
ichank,vq_ctw,30,linear,256.0,10.0,997.0,1.0,0.0,5.298389600865195,5.298389600865195
ichank,vq_ctw,30,nearest,256.0,10.0,37.0,1.0,0.0,8.32248211722087,8.32248211722087
ichank,vq_ctw,30,linear,512.0,10.0,997.0,1.0,0.0,5.317888332188741,5.317888332188741
ichank,vq_ctw,30,nearest,512.0,10.0,37.0,1.0,0.0,7.987547749837789,7.987547749837789
ichank,vq_ctw,30,linear,1024.0,10.0,997.0,1.0,0.0,4.980315262168458,4.980315262168458
ichank,vq_ctw,30,nearest,1024.0,10.0,37.0,1.0,0.0,6.964976037224532,6.964976037224532
ichiki,direct_ctw,30,linear,,10.0,1007.0,0.8369974053341674,1.2053408986961764,4.41832922463778,4.545895727337968
ichiki,direct_ctw,30,nearest,,10.0,117.0,0.8441097249837703,0.9545121737799062,4.2180613894180405,4.3710711855411315
ichiki,markov_order_1,30,linear,,10.0,1007.0,0.8010750261595039,1.4079401695810667,4.41832922463778,4.545895727337968
ichiki,markov_order_1,30,nearest,,10.0,117.0,0.6661897794012851,1.614329970043258,4.2180613894180405,4.3710711855411315
ichiki,markov_order_2,30,linear,,10.0,1007.0,0.7907609815587062,1.4638737076315145,4.41832922463778,4.545895727337968
ichiki,markov_order_2,30,nearest,,10.0,117.0,0.6638585723581049,1.6231364743438308,4.2180613894180405,4.3710711855411315
ichiki,vq_ctw,30,linear,256.0,10.0,1007.0,1.0,0.0,5.7630660211440885,5.7630660211440885
ichiki,vq_ctw,30,nearest,256.0,10.0,117.0,0.9999999999993635,0.057716862132696,8.884607912017584,8.884607912017584
ichiki,vq_ctw,30,linear,512.0,10.0,1007.0,1.0,0.0,6.123670336362253,6.123670336362253
ichiki,vq_ctw,30,nearest,512.0,10.0,117.0,1.0,0.0,7.896316168198215,7.896316168198215
ichiki,vq_ctw,30,linear,1024.0,10.0,1007.0,1.0,0.0,5.745705804753532,5.745705804753532
ichiki,vq_ctw,30,nearest,1024.0,10.0,117.0,1.0,0.0,7.423682985560913,7.423682985560913
ickguw,direct_ctw,30,linear,,10.0,1007.0,0.8027437413978389,1.3081753306960782,4.606663983330169,4.756025112242843
ickguw,direct_ctw,30,nearest,,10.0,186.0,0.8221474956396672,1.0417029498524433,4.273610105385255,4.427725194115372
ickguw,markov_order_1,30,linear,,10.0,1007.0,0.7563955500367557,1.531796497527983,4.606663983330169,4.756025112242843
ickguw,markov_order_1,30,nearest,,10.0,186.0,0.6271092112008343,1.7229345095746695,4.273610105385255,4.427725194115372
ickguw,markov_order_2,30,linear,,10.0,1007.0,0.7589667418791854,1.5198541078272647,4.606663983330169,4.756025112242843
ickguw,markov_order_2,30,nearest,,10.0,186.0,0.6559400837589943,1.6404824812703802,4.273610105385255,4.427725194115372
ickguw,vq_ctw,30,linear,256.0,10.0,1007.0,1.0,0.0,5.396628699234894,5.396628699234894
ickguw,vq_ctw,30,nearest,256.0,10.0,186.0,1.0,0.0,7.838773360022616,7.838773360022616
ickguw,vq_ctw,30,linear,512.0,10.0,1007.0,1.0,0.0,5.73007226780228,5.73007226780228
ickguw,vq_ctw,30,nearest,512.0,10.0,186.0,1.0,0.0,7.830449805142833,7.830449805142833
ickguw,vq_ctw,30,linear,1024.0,10.0,1007.0,1.0,0.0,5.29493457281883,5.29493457281883
ickguw,vq_ctw,30,nearest,1024.0,10.0,186.0,1.0,0.0,7.085061443014024,7.085061443014024
ickphi,direct_ctw,30,linear,,10.0,1007.0,0.8141865274513376,1.3098899451912942,4.222901892695942,4.394535875715969
ickphi,direct_ctw,30,nearest,,10.0,37.0,0.8379683226223795,1.0579937030901674,4.443101710236547,4.662506058013751
ickphi,markov_order_1,30,linear,,10.0,1007.0,0.7729043060966432,1.5273095527366656,4.222901892695942,4.394535875715969
ickphi,markov_order_1,30,nearest,,10.0,37.0,0.6160795630419168,1.953183840738387,4.443101710236547,4.662506058013751
ickphi,markov_order_2,30,linear,,10.0,1007.0,0.7645393087872601,1.5695932086726345,4.222901892695942,4.394535875715969
ickphi,markov_order_2,30,nearest,,10.0,37.0,0.6207658739292441,1.9378053078431303,4.443101710236547,4.662506058013751
ickphi,vq_ctw,30,linear,256.0,10.0,1007.0,1.0,0.0,6.541789389833963,6.541789389833963
ickphi,vq_ctw,30,nearest,256.0,10.0,37.0,1.0,0.0,11.47046706731156,11.47046706731156
ickphi,vq_ctw,30,linear,512.0,10.0,1007.0,1.0,0.0,6.4641789673660375,6.4641789673660375
ickphi,vq_ctw,30,nearest,512.0,10.0,37.0,1.0,0.0,11.544165121647623,11.544165121647623
ickphi,vq_ctw,30,linear,1024.0,10.0,1007.0,1.0,0.0,6.231071179960636,6.231071179960636
ickphi,vq_ctw,30,nearest,1024.0,10.0,37.0,1.0,0.0,10.838503093122295,10.838503093122295
ickviy,direct_ctw,30,linear,,10.0,1007.0,0.8244231316778374,1.3562642665159428,4.370803142958016,4.559955000915269
ickviy,direct_ctw,30,nearest,,10.0,41.0,0.8035139878623636,1.107816226142421,4.574530949485176,4.70676612407501
ickviy,markov_order_1,30,linear,,10.0,1007.0,0.7652162200242099,1.7035322851440213,4.370803142958016,4.559955000915269
ickviy,markov_order_1,30,nearest,,10.0,41.0,0.5780429074655589,1.826268089645095,4.574530949485176,4.70676612407501
ickviy,markov_order_2,30,linear,,10.0,1007.0,0.7507078416524098,1.7841114822185222,4.370803142958016,4.559955000915269
ickviy,markov_order_2,30,nearest,,10.0,41.0,0.6541723864499189,1.6219416862205815,4.574530949485176,4.70676612407501
ickviy,vq_ctw,30,linear,256.0,10.0,1007.0,1.0,0.0,8.157715589016734,8.157715589016734
ickviy,vq_ctw,30,nearest,256.0,10.0,41.0,1.0,0.0,7.189847314086149,7.189847314086149
ickviy,vq_ctw,30,linear,512.0,10.0,1007.0,1.0,0.0,7.6843109494301665,7.6843109494301665
ickviy,vq_ctw,30,nearest,512.0,10.0,41.0,1.0,0.0,7.493311363153504,7.493311363153504
ickviy,vq_ctw,30,linear,1024.0,10.0,1007.0,1.0,0.0,7.623058306377342,7.623058306377342
ickviy,vq_ctw,30,nearest,1024.0,10.0,41.0,1.0,0.0,7.106058374134542,7.106058374134542
icodmu,direct_ctw,30,linear,,10.0,1007.0,0.8047096355579287,1.4350684488725833,3.9311760880907403,4.124266535797486
icodmu,markov_order_1,30,linear,,10.0,1007.0,0.7315354267479878,1.832689726701808,3.9311760880907403,4.124266535797486
icodmu,markov_order_2,30,linear,,10.0,1007.0,0.7179303033622279,1.902037521599515,3.9311760880907403,4.124266535797486
icodmu,vq_ctw,30,linear,256.0,10.0,1007.0,1.0,0.0,11.391029130964226,11.391029130964226
icodmu,vq_ctw,30,linear,512.0,10.0,1007.0,1.0,0.0,9.821420805791782,9.821420805791782
icodmu,vq_ctw,30,linear,1024.0,10.0,1007.0,1.0,0.0,10.465298553414675,10.465298553414675
ictlyp,direct_ctw,30,linear,,10.0,1007.0,0.8557448651401662,1.1588640831370796,3.8583321856192025,4.090045802129016
ictlyp,direct_ctw,30,nearest,,10.0,72.0,0.8468290772896514,0.9514266814490789,4.0719858658419135,4.23453518292574
ictlyp,markov_order_1,30,linear,,10.0,1007.0,0.8036584232171047,1.4816356886342885,3.8583321856192025,4.090045802129016
ictlyp,markov_order_1,30,nearest,,10.0,72.0,0.6976299635712762,1.5445593038138523,4.0719858658419135,4.23453518292574
ictlyp,markov_order_2,30,linear,,10.0,1007.0,0.787916331085732,1.5740344558223949,3.8583321856192025,4.090045802129016
ictlyp,markov_order_2,30,nearest,,10.0,72.0,0.6982536653712462,1.541012037696232,4.0719858658419135,4.23453518292574
ictlyp,vq_ctw,30,linear,256.0,10.0,1007.0,1.0,0.0,8.681458684776269,8.681458684776269
ictlyp,vq_ctw,30,nearest,256.0,10.0,72.0,1.0,0.0,8.814383296646067,8.814383296646067
ictlyp,vq_ctw,30,linear,512.0,10.0,1007.0,1.0,0.0,8.345488663588739,8.345488663588739
ictlyp,vq_ctw,30,nearest,512.0,10.0,72.0,1.0,0.0,8.204444584094585,8.204444584094585
ictlyp,vq_ctw,30,linear,1024.0,10.0,1007.0,1.0,0.0,8.610419665198485,8.610419665198485
ictlyp,vq_ctw,30,nearest,1024.0,10.0,72.0,1.0,0.0,7.47969926891064,7.47969926891064
ictmuo,direct_ctw,30,linear,,10.0,883.0,0.9451402754048296,0.43407289889822526,4.574027498564881,4.643603890750851
ictmuo,direct_ctw,30,nearest,,10.0,37.0,0.8460848330280342,0.8635016693393428,3.9405719818313476,4.057578201719549
ictmuo,markov_order_1,30,linear,,10.0,883.0,0.9230077660459481,0.5702618715386679,4.574027498564881,4.643603890750851
ictmuo,markov_order_1,30,nearest,,10.0,37.0,0.7922639854362908,1.0663866620786966,3.9405719818313476,4.057578201719549
ictmuo,markov_order_2,30,linear,,10.0,883.0,0.9282016534116868,0.5393097707608862,4.574027498564881,4.643603890750851
ictmuo,markov_order_2,30,nearest,,10.0,37.0,0.7711929413484574,1.1385765431469281,3.9405719818313476,4.057578201719549
ictmuo,vq_ctw,30,linear,256.0,10.0,883.0,1.0,0.0,4.761600201878028,4.761600201878028
ictmuo,vq_ctw,30,nearest,256.0,10.0,37.0,1.0,0.0,7.789298127646039,7.789298127646039
ictmuo,vq_ctw,30,linear,512.0,10.0,883.0,1.0,0.0,4.770775966077271,4.770775966077271
ictmuo,vq_ctw,30,nearest,512.0,10.0,37.0,1.0,0.0,7.907321751744647,7.907321751744647
ictmuo,vq_ctw,30,linear,1024.0,10.0,883.0,1.0,0.0,4.4930639655859785,4.4930639655859785
ictmuo,vq_ctw,30,nearest,1024.0,10.0,37.0,1.0,0.0,7.145374246276695,7.145374246276695
icwiro,direct_ctw,30,linear,,10.0,1007.0,0.7905688106251192,1.4361094235093048,4.270863272775699,4.4465425404990695
icwiro,direct_ctw,30,nearest,,10.0,298.0,0.8149326040544626,1.073332533990561,4.181429398651853,4.343228335113457
icwiro,markov_order_1,30,linear,,10.0,1007.0,0.7315818509373373,1.7308514011656762,4.270863272775699,4.4465425404990695
icwiro,markov_order_1,30,nearest,,10.0,298.0,0.644549238704631,1.6770754378389607,4.181429398651853,4.343228335113457
icwiro,markov_order_2,30,linear,,10.0,1007.0,0.7241004022648733,1.7663220092036218,4.270863272775699,4.4465425404990695
icwiro,markov_order_2,30,nearest,,10.0,298.0,0.6466653691343968,1.6702592305628177,4.181429398651853,4.343228335113457
icwiro,vq_ctw,30,linear,256.0,10.0,1007.0,1.0,0.0,7.4853921728656205,7.4853921728656205
icwiro,vq_ctw,30,nearest,256.0,10.0,298.0,1.0,0.0,8.522390980467868,8.522390980467868
icwiro,vq_ctw,30,linear,512.0,10.0,1007.0,1.0,0.0,8.197813948715245,8.197813948715245
icwiro,vq_ctw,30,nearest,512.0,10.0,298.0,1.0,0.0,8.461584027172623,8.461584027172623
icwiro,vq_ctw,30,linear,1024.0,10.0,1007.0,1.0,0.0,7.636991920366017,7.636991920366017
icwiro,vq_ctw,30,nearest,1024.0,10.0,298.0,1.0,0.0,7.750858612010966,7.750858612010966
idbayb,direct_ctw,30,linear,,10.0,1007.0,0.821247224695338,1.2439738586380762,4.3767281160107165,4.522672005792691
idbayb,direct_ctw,30,nearest,,10.0,37.0,0.7924594309291542,1.0656992707468094,4.334365851864463,4.4427131486769325
idbayb,markov_order_1,30,linear,,10.0,1007.0,0.7784460264368933,1.4653043589234775,4.3767281160107165,4.522672005792691
idbayb,markov_order_1,30,nearest,,10.0,37.0,0.6548298367994534,1.476762242419561,4.334365851864463,4.4427131486769325
idbayb,markov_order_2,30,linear,,10.0,1007.0,0.7762916471978245,1.476019969609577,4.3767281160107165,4.522672005792691
idbayb,markov_order_2,30,nearest,,10.0,37.0,0.68102890049304,1.4088162868100955,4.334365851864463,4.4427131486769325
idbayb,vq_ctw,30,linear,256.0,10.0,1007.0,1.0,0.0,6.553994752561688,6.553994752561688
idbayb,vq_ctw,30,nearest,256.0,10.0,37.0,1.0,0.0,7.711462124772879,7.711462124772879
idbayb,vq_ctw,30,linear,512.0,10.0,1007.0,1.0,0.0,6.355205565608653,6.355205565608653
idbayb,vq_ctw,30,nearest,512.0,10.0,37.0,1.0,0.0,6.2836508835942775,6.2836508835942775
idbayb,vq_ctw,30,linear,1024.0,10.0,1007.0,1.0,0.0,6.248742453900043,6.248742453900043
idbayb,vq_ctw,30,nearest,1024.0,10.0,37.0,1.0,0.0,5.694404885560411,5.694404885560411
idcadg,direct_ctw,30,linear,,10.0,1007.0,0.9041989492535424,0.7244896808681349,4.207924500315997,4.32151461278157
idcadg,direct_ctw,30,nearest,,10.0,75.0,0.8072803908991691,1.0569890696467228,4.223655538176742,4.368823258460613
idcadg,markov_order_1,30,linear,,10.0,1007.0,0.8719609063693334,0.9114869417214025,4.207924500315997,4.32151461278157
idcadg,markov_order_1,30,nearest,,10.0,75.0,0.6305079391223561,1.6209299249697475,4.223655538176742,4.368823258460613
idcadg,markov_order_2,30,linear,,10.0,1007.0,0.8810055985224263,0.8605228976521407,4.207924500315997,4.32151461278157
idcadg,markov_order_2,30,nearest,,10.0,75.0,0.6535662622964042,1.5599103628380095,4.223655538176742,4.368823258460613
idcadg,vq_ctw,30,linear,256.0,10.0,1007.0,1.0,0.0,5.25555893100597,5.25555893100597
idcadg,vq_ctw,30,nearest,256.0,10.0,75.0,1.0,0.0,7.4631435265725425,7.4631435265725425
idcadg,vq_ctw,30,linear,512.0,10.0,1007.0,1.0,0.0,4.992967368567271,4.992967368567271
idcadg,vq_ctw,30,nearest,512.0,10.0,75.0,1.0,0.0,8.565961975323301,8.565961975323301
idcadg,vq_ctw,30,linear,1024.0,10.0,1007.0,1.0,0.0,4.912980383518391,4.912980383518391
idcadg,vq_ctw,30,nearest,1024.0,10.0,75.0,1.0,0.0,7.865358118973445,7.865358118973445
ideutg,direct_ctw,30,linear,,10.0,1007.0,0.7866653690865584,1.299270622236252,4.528766630927106,4.653477564489914
ideutg,direct_ctw,30,nearest,,10.0,152.0,0.8160575356794936,0.9937771991625726,4.316189624991954,4.452510640062294
ideutg,markov_order_1,30,linear,,10.0,1007.0,0.7428660588334114,1.4870721751702793,4.528766630927106,4.653477564489914
ideutg,markov_order_1,30,nearest,,10.0,152.0,0.6854622876290872,1.4365494691832843,4.316189624991954,4.452510640062294
ideutg,markov_order_2,30,linear,,10.0,1007.0,0.7500115415018174,1.4574706219360496,4.528766630927106,4.653477564489914
ideutg,markov_order_2,30,nearest,,10.0,152.0,0.6931969959834114,1.3983376948811426,4.316189624991954,4.452510640062294
ideutg,vq_ctw,30,linear,256.0,10.0,1007.0,1.0,0.0,5.432686834936327,5.432686834936327
ideutg,vq_ctw,30,nearest,256.0,10.0,152.0,1.0,0.0,7.990535201354076,7.990535201354076
ideutg,vq_ctw,30,linear,512.0,10.0,1007.0,1.0,0.0,6.014119987976168,6.014119987976168
ideutg,vq_ctw,30,nearest,512.0,10.0,152.0,1.0,0.0,6.9446886590339085,6.9446886590339085
ideutg,vq_ctw,30,linear,1024.0,10.0,1007.0,1.0,0.0,5.3489628624332,5.3489628624332
ideutg,vq_ctw,30,nearest,1024.0,10.0,152.0,1.0,0.0,6.4389028773467025,6.4389028773467025
idholv,direct_ctw,30,linear,,10.0,1007.0,0.8059992857445898,1.2543948819316322,4.376926313435012,4.497427356457806
idholv,direct_ctw,30,nearest,,10.0,188.0,0.8237592446658677,1.022304530768782,4.233894537812925,4.387377609266612
idholv,markov_order_1,30,linear,,10.0,1007.0,0.7667835718888576,1.4382975461910819,4.376926313435012,4.497427356457806
idholv,markov_order_1,30,nearest,,10.0,188.0,0.6565536592744549,1.6061119948903626,4.233894537812925,4.387377609266612
idholv,markov_order_2,30,linear,,10.0,1007.0,0.7661148609180735,1.4413213296604404,4.376926313435012,4.497427356457806
idholv,markov_order_2,30,nearest,,10.0,188.0,0.6762357427074983,1.5513030371716805,4.233894537812925,4.387377609266612
idholv,vq_ctw,30,linear,256.0,10.0,1007.0,1.0,0.0,5.717285552412927,5.717285552412927
idholv,vq_ctw,30,nearest,256.0,10.0,188.0,1.0,0.0,7.9530414959203455,7.9530414959203455
idholv,vq_ctw,30,linear,512.0,10.0,1007.0,1.0,0.0,6.015622275215621,6.015622275215621
idholv,vq_ctw,30,nearest,512.0,10.0,188.0,1.0,0.0,7.780541818655244,7.780541818655244
idholv,vq_ctw,30,linear,1024.0,10.0,1007.0,1.0,0.0,5.595284224936494,5.595284224936494
idholv,vq_ctw,30,nearest,1024.0,10.0,188.0,1.0,0.0,7.206949675525397,7.206949675525397
idjoat,direct_ctw,30,linear,,10.0,48.0,0.8558376723078412,0.9297711813989191,4.200700473044836,4.34892710438181
idjoat,direct_ctw,30,nearest,,10.0,42.0,0.8686472848923489,0.8661279344575832,3.9942133885497912,4.126647882609432
idjoat,markov_order_1,30,linear,,10.0,48.0,0.7014955462068947,1.5725609423682714,4.200700473044836,4.34892710438181
idjoat,markov_order_1,30,nearest,,10.0,42.0,0.717260907752936,1.5156560654101179,3.9942133885497912,4.126647882609432
idjoat,markov_order_2,30,linear,,10.0,48.0,0.7299936653575917,1.468409020027659,4.200700473044836,4.34892710438181
idjoat,markov_order_2,30,nearest,,10.0,42.0,0.7350801868592344,1.4492048139060896,3.9942133885497912,4.126647882609432
idjoat,vq_ctw,30,linear,256.0,10.0,48.0,1.0,0.0,6.85719069023564,6.85719069023564
idjoat,vq_ctw,30,nearest,256.0,10.0,42.0,1.0,0.0,8.380592372164218,8.380592372164218
idjoat,vq_ctw,30,linear,512.0,10.0,48.0,1.0,0.0,7.07284155025305,7.07284155025305
idjoat,vq_ctw,30,nearest,512.0,10.0,42.0,1.0,0.0,8.67749796529673,8.67749796529673
idjoat,vq_ctw,30,linear,1024.0,10.0,48.0,1.0,0.0,7.0899416914130775,7.0899416914130775
idjoat,vq_ctw,30,nearest,1024.0,10.0,42.0,1.0,0.0,8.33707097792728,8.33707097792728
idjojw,direct_ctw,30,linear,,10.0,728.0,0.973810267852021,0.24260736355254053,4.319421817489034,4.394928524429716
idjojw,direct_ctw,30,nearest,,10.0,35.0,0.8167296912864035,1.1127197169279528,3.9807933755673983,4.120618426882923
idjojw,markov_order_1,30,linear,,10.0,728.0,0.9592766167470381,0.3508675192333451,4.319421817489034,4.394928524429716
idjojw,markov_order_1,30,nearest,,10.0,35.0,0.6585704003806779,1.7189551480779106,3.9807933755673983,4.120618426882923
idjojw,markov_order_2,30,linear,,10.0,728.0,0.9609839071044791,0.33861781889362574,4.319421817489034,4.394928524429716
idjojw,markov_order_2,30,nearest,,10.0,35.0,0.6415500257277824,1.773684090712429,3.9807933755673983,4.120618426882923
idjojw,vq_ctw,30,linear,256.0,10.0,728.0,1.0,0.0,4.560143005655101,4.560143005655101
idjojw,vq_ctw,30,nearest,256.0,10.0,35.0,1.0,0.0,8.406996513034738,8.406996513034738
idjojw,vq_ctw,30,linear,512.0,10.0,728.0,1.0,0.0,4.72180907773366,4.72180907773366
idjojw,vq_ctw,30,nearest,512.0,10.0,35.0,1.0,0.0,9.633626341956047,9.633626341956047
idjojw,vq_ctw,30,linear,1024.0,10.0,728.0,1.0,0.0,4.476405741824613,4.476405741824613
idjojw,vq_ctw,30,nearest,1024.0,10.0,35.0,1.0,0.0,9.16218846924714,9.16218846924714
idjokv,direct_ctw,30,linear,,10.0,1007.0,0.8183506671041868,1.3558543140999981,4.566142101064351,4.699296348326729
idjokv,direct_ctw,30,nearest,,10.0,151.0,0.7947759412424387,1.15777524785283,4.516166833821409,4.683391905127644
idjokv,markov_order_1,30,linear,,10.0,1007.0,0.7697949293646222,1.630228603087696,4.566142101064351,4.699296348326729
idjokv,markov_order_1,30,nearest,,10.0,151.0,0.6123180973217179,1.765693171206305,4.516166833821409,4.683391905127644
idjokv,markov_order_2,30,linear,,10.0,1007.0,0.7569160481502286,1.6996487903606947,4.566142101064351,4.699296348326729
idjokv,markov_order_2,30,nearest,,10.0,151.0,0.632635772323575,1.7079248347430882,4.516166833821409,4.683391905127644
idjokv,vq_ctw,30,linear,256.0,10.0,1007.0,1.0,0.0,6.380713903417016,6.380713903417016
idjokv,vq_ctw,30,nearest,256.0,10.0,151.0,1.0,0.0,7.928983795006488,7.928983795006488
idjokv,vq_ctw,30,linear,512.0,10.0,1007.0,1.0,0.0,6.465302419382191,6.465302419382191
idjokv,vq_ctw,30,nearest,512.0,10.0,151.0,1.0,0.0,8.07647560074362,8.07647560074362
idjokv,vq_ctw,30,linear,1024.0,10.0,1007.0,1.0,0.0,6.164846643580864,6.164846643580864
idjokv,vq_ctw,30,nearest,1024.0,10.0,151.0,1.0,0.0,7.403645279704166,7.403645279704166
idlorr,direct_ctw,30,linear,,10.0,1006.0,0.8236549547575926,1.2578212931752761,4.044385275131936,4.249267976704759
idlorr,direct_ctw,30,nearest,,10.0,33.0,0.8061556359746889,1.0971333817578894,4.282570296172025,4.520806241035021
idlorr,markov_order_1,30,linear,,10.0,1006.0,0.7720049462508558,1.5318829998870713,4.044385275131936,4.249267976704759
idlorr,markov_order_1,30,nearest,,10.0,33.0,0.5112455995986014,1.9771438735497746,4.282570296172025,4.520806241035021
idlorr,markov_order_2,30,linear,,10.0,1006.0,0.7682608689932842,1.5508514317263125,4.044385275131936,4.249267976704759
idlorr,markov_order_2,30,nearest,,10.0,33.0,0.6089196373357121,1.747653931926893,4.282570296172025,4.520806241035021
idlorr,vq_ctw,30,linear,256.0,10.0,1006.0,1.0,0.0,7.7611290948180525,7.7611290948180525
idlorr,vq_ctw,30,nearest,256.0,10.0,33.0,1.0,0.0,8.68726961941872,8.68726961941872
idlorr,vq_ctw,30,linear,512.0,10.0,1006.0,1.0,0.0,7.013313940821272,7.013313940821272
idlorr,vq_ctw,30,nearest,512.0,10.0,33.0,1.0,0.0,8.558949493160238,8.558949493160238
idlorr,vq_ctw,30,linear,1024.0,10.0,1006.0,1.0,0.0,7.139626581353968,7.139626581353968
idlorr,vq_ctw,30,nearest,1024.0,10.0,33.0,1.0,0.0,7.84542014286154,7.84542014286154
idodly,direct_ctw,30,linear,,10.0,1006.0,0.8254401414008357,1.271908147148276,3.7604060885942014,3.9780711965003235
idodly,direct_ctw,30,nearest,,10.0,161.0,0.845877746812834,0.9477721728585496,3.9292329915501965,4.076186012146957
idodly,markov_order_1,30,linear,,10.0,1006.0,0.778667046978978,1.528280193763632,3.7604060885942014,3.9780711965003235
idodly,markov_order_1,30,nearest,,10.0,161.0,0.7418535562684284,1.3657754445276122,3.9292329915501965,4.076186012146957
idodly,markov_order_2,30,linear,,10.0,1006.0,0.7675954032451151,1.5861673722042953,3.7604060885942014,3.9780711965003235
idodly,markov_order_2,30,nearest,,10.0,161.0,0.7277655302146839,1.4198198437102094,3.9292329915501965,4.076186012146957
idodly,vq_ctw,30,linear,256.0,10.0,1006.0,1.0,0.0,8.17537974370961,8.17537974370961
idodly,vq_ctw,30,nearest,256.0,10.0,161.0,1.0,0.0,8.241288411176155,8.241288411176155
idodly,vq_ctw,30,linear,512.0,10.0,1006.0,1.0,0.0,7.940686119591995,7.940686119591995
idodly,vq_ctw,30,nearest,512.0,10.0,161.0,1.0,0.0,8.163409147053162,8.163409147053162
idodly,vq_ctw,30,linear,1024.0,10.0,1006.0,1.0,0.0,7.949774720340933,7.949774720340933
idodly,vq_ctw,30,nearest,1024.0,10.0,161.0,1.0,0.0,7.598978285961092,7.598978285961092
idshyw,direct_ctw,30,linear,,10.0,990.0,0.8398707151638998,1.1422165788234513,4.449502728265653,4.610473201788623
idshyw,direct_ctw,30,nearest,,10.0,119.0,0.8244571475155947,1.0186873662754437,4.267481181507197,4.453780352235542
idshyw,markov_order_1,30,linear,,10.0,990.0,0.7966655954654449,1.373101797793656,4.449502728265653,4.610473201788623
idshyw,markov_order_1,30,nearest,,10.0,119.0,0.6843511295601943,1.5289988009821622,4.267481181507197,4.453780352235542
idshyw,markov_order_2,30,linear,,10.0,990.0,0.7935926640924249,1.3888549098675904,4.449502728265653,4.610473201788623
idshyw,markov_order_2,30,nearest,,10.0,119.0,0.6945732857767873,1.489450269338852,4.267481181507197,4.453780352235542
idshyw,vq_ctw,30,linear,256.0,10.0,990.0,1.0,0.0,7.034043075207278,7.034043075207278
idshyw,vq_ctw,30,nearest,256.0,10.0,119.0,1.0,0.0,7.801739389869002,7.801739389869002
idshyw,vq_ctw,30,linear,512.0,10.0,990.0,1.0,0.0,6.958987946660626,6.958987946660626
idshyw,vq_ctw,30,nearest,512.0,10.0,119.0,1.0,0.0,7.203570446670779,7.203570446670779
idshyw,vq_ctw,30,linear,1024.0,10.0,990.0,1.0,0.0,6.8138460964242,6.8138460964242
idshyw,vq_ctw,30,nearest,1024.0,10.0,119.0,1.0,0.0,6.586925589304048,6.586925589304048
idsmuk,direct_ctw,30,linear,,10.0,1007.0,0.8071537163626312,1.3480093242923747,4.190794646839186,4.343772503137885
idsmuk,direct_ctw,30,nearest,,10.0,207.0,0.8209538176997471,1.0615997679495752,3.9473783259456714,4.122051117751124
idsmuk,markov_order_1,30,linear,,10.0,1007.0,0.7603990674246482,1.5903130836673884,4.190794646839186,4.343772503137885
idsmuk,markov_order_1,30,nearest,,10.0,207.0,0.6149680827289843,1.7879864788213975,3.9473783259456714,4.122051117751124
idsmuk,markov_order_2,30,linear,,10.0,1007.0,0.7524068099732585,1.629927861319107,4.190794646839186,4.343772503137885
idsmuk,markov_order_2,30,nearest,,10.0,207.0,0.6466032505223118,1.6955684880985271,3.9473783259456714,4.122051117751124
idsmuk,vq_ctw,30,linear,256.0,10.0,1007.0,1.0,0.0,7.257509929480676,7.257509929480676
idsmuk,vq_ctw,30,nearest,256.0,10.0,207.0,1.0,0.0,9.285094682208912,9.285094682208912
idsmuk,vq_ctw,30,linear,512.0,10.0,1007.0,1.0,0.0,6.930804054079463,6.930804054079463
idsmuk,vq_ctw,30,nearest,512.0,10.0,207.0,1.0,0.0,10.540159920341265,10.540159920341265
idsmuk,vq_ctw,30,linear,1024.0,10.0,1007.0,1.0,0.0,6.951982640066959,6.951982640066959
idsmuk,vq_ctw,30,nearest,1024.0,10.0,207.0,1.0,0.0,9.786170377850006,9.786170377850006
idtwal,direct_ctw,30,linear,,10.0,103.0,0.8357528301996915,1.0257441196785677,4.214746227939746,4.386592773625727
idtwal,markov_order_1,30,linear,,10.0,103.0,0.7271961059009304,1.4788903634862542,4.214746227939746,4.386592773625727
idtwal,markov_order_2,30,linear,,10.0,103.0,0.7378598201898757,1.4386294390585967,4.214746227939746,4.386592773625727
idtwal,vq_ctw,30,linear,256.0,10.0,103.0,1.0,0.0,6.070966923417009,6.070966923417009
idtwal,vq_ctw,30,linear,512.0,10.0,103.0,1.0,0.0,5.7836339520184765,5.7836339520184765
idtwal,vq_ctw,30,linear,1024.0,10.0,103.0,1.0,0.0,5.87053380797281,5.87053380797281
idvoww,direct_ctw,30,linear,,10.0,1007.0,0.811137620853802,1.3761501169535741,4.357743154354422,4.500811826972768
idvoww,direct_ctw,30,nearest,,10.0,146.0,0.799706384993503,1.154762420474734,4.268557127899079,4.433005472760197
idvoww,markov_order_1,30,linear,,10.0,1007.0,0.7679469155258728,1.6134747636791704,4.357743154354422,4.500811826972768
idvoww,markov_order_1,30,nearest,,10.0,146.0,0.6644216885329253,1.641906939529795,4.268557127899079,4.433005472760197
idvoww,markov_order_2,30,linear,,10.0,1007.0,0.7561819637189152,1.675410614500067,4.357743154354422,4.500811826972768
idvoww,markov_order_2,30,nearest,,10.0,146.0,0.6721445773501485,1.6196659250454681,4.268557127899079,4.433005472760197
idvoww,vq_ctw,30,linear,256.0,10.0,1007.0,1.0,0.0,6.56998752148632,6.56998752148632
idvoww,vq_ctw,30,nearest,256.0,10.0,146.0,1.0,0.0,8.111567529261992,8.111567529261992
idvoww,vq_ctw,30,linear,512.0,10.0,1007.0,1.0,0.0,6.513058749371613,6.513058749371613
idvoww,vq_ctw,30,nearest,512.0,10.0,146.0,1.0,0.0,8.489556168478538,8.489556168478538
idvoww,vq_ctw,30,linear,1024.0,10.0,1007.0,1.0,0.0,6.429446719958005,6.429446719958005
idvoww,vq_ctw,30,nearest,1024.0,10.0,146.0,1.0,0.0,7.803962916814573,7.803962916814573
ifanfa,direct_ctw,30,linear,,10.0,992.0,0.8971822214363115,0.8194178934529108,4.530401207717098,4.676921428223295
ifanfa,direct_ctw,30,nearest,,10.0,40.0,0.8219129121855915,1.136222818159175,4.115705785169153,4.2482272675896615
ifanfa,markov_order_1,30,linear,,10.0,992.0,0.8522519766695271,1.0949842307180395,4.530401207717098,4.676921428223295
ifanfa,markov_order_1,30,nearest,,10.0,40.0,0.6019609058273778,1.9987081069242147,4.115705785169153,4.2482272675896615
ifanfa,markov_order_2,30,linear,,10.0,992.0,0.8573830344241415,1.064814894169438,4.530401207717098,4.676921428223295
ifanfa,markov_order_2,30,nearest,,10.0,40.0,0.600857616925876,2.002214802245848,4.115705785169153,4.2482272675896615
ifanfa,vq_ctw,30,linear,256.0,10.0,992.0,1.0,0.0,6.85653330479274,6.85653330479274
ifanfa,vq_ctw,30,nearest,256.0,10.0,40.0,1.0,0.0,8.388352482391921,8.388352482391921
ifanfa,vq_ctw,30,linear,512.0,10.0,992.0,1.0,0.0,6.362425070360766,6.362425070360766
ifanfa,vq_ctw,30,nearest,512.0,10.0,40.0,1.0,0.0,7.826645442913832,7.826645442913832
ifanfa,vq_ctw,30,linear,1024.0,10.0,992.0,1.0,0.0,6.393013048630372,6.393013048630372
ifanfa,vq_ctw,30,nearest,1024.0,10.0,40.0,1.0,0.0,7.546635910259068,7.546635910259068
ifefro,direct_ctw,30,linear,,10.0,895.0,0.832813562562722,1.2698912234297162,4.39670166188089,4.541458058353753
ifefro,direct_ctw,30,nearest,,10.0,111.0,0.8249495669680039,1.0752445149752987,4.113709935769625,4.285544255269748
ifefro,markov_order_1,30,linear,,10.0,895.0,0.774040507414063,1.6070505006056919,4.39670166188089,4.541458058353753
ifefro,markov_order_1,30,nearest,,10.0,111.0,0.6001606093201596,1.8984399403565806,4.113709935769625,4.285544255269748
ifefro,markov_order_2,30,linear,,10.0,895.0,0.7595960114262463,1.6853119207823493,4.39670166188089,4.541458058353753
ifefro,markov_order_2,30,nearest,,10.0,111.0,0.6123668671350541,1.8631141692986912,4.113709935769625,4.285544255269748
ifefro,vq_ctw,30,linear,256.0,10.0,895.0,1.0,0.0,7.082897808672875,7.082897808672875
ifefro,vq_ctw,30,nearest,256.0,10.0,111.0,1.0,0.0,8.620507974170467,8.620507974170467
ifefro,vq_ctw,30,linear,512.0,10.0,895.0,1.0,0.0,6.6496601347730175,6.6496601347730175
ifefro,vq_ctw,30,nearest,512.0,10.0,111.0,1.0,0.0,9.932603131441297,9.932603131441297
ifefro,vq_ctw,30,linear,1024.0,10.0,895.0,1.0,0.0,6.726354686615008,6.726354686615008
ifefro,vq_ctw,30,nearest,1024.0,10.0,111.0,1.0,0.0,9.244216011323763,9.244216011323763
ifelas,direct_ctw,30,linear,,10.0,1007.0,0.8464298600440435,1.2710577577529687,4.1225570764876025,4.3000645877250365
ifelas,direct_ctw,30,nearest,,10.0,126.0,0.8295469419448512,1.0272979238906588,4.257530373206968,4.392188228112634
ifelas,markov_order_1,30,linear,,10.0,1007.0,0.7758250358159726,1.7199969212554145,4.1225570764876025,4.3000645877250365
ifelas,markov_order_1,30,nearest,,10.0,126.0,0.6851203021375338,1.577124473777115,4.257530373206968,4.392188228112634
ifelas,markov_order_2,30,linear,,10.0,1007.0,0.7502679309104221,1.8716969151200153,4.1225570764876025,4.3000645877250365
ifelas,markov_order_2,30,nearest,,10.0,126.0,0.6713448208402225,1.6333282723771543,4.257530373206968,4.392188228112634
ifelas,vq_ctw,30,linear,256.0,10.0,1007.0,1.0,0.0,13.206078464244337,13.206078464244337
ifelas,vq_ctw,30,nearest,256.0,10.0,126.0,1.0,0.0,8.37878172359495,8.37878172359495
ifelas,vq_ctw,30,linear,512.0,10.0,1007.0,1.0,0.0,12.407203022747986,12.407203022747986
ifelas,vq_ctw,30,nearest,512.0,10.0,126.0,1.0,0.0,9.157158091896664,9.157158091896664
ifelas,vq_ctw,30,linear,1024.0,10.0,1007.0,1.0,0.0,12.892867846875111,12.892867846875111
ifelas,vq_ctw,30,nearest,1024.0,10.0,126.0,1.0,0.0,8.684239027142363,8.684239027142363
ifkald,direct_ctw,30,linear,,10.0,1007.0,0.8395030718522807,1.2774847529419349,4.381772814047728,4.548864161386688
ifkald,markov_order_1,30,linear,,10.0,1007.0,0.7905700568511393,1.5781114558013272,4.381772814047728,4.548864161386688
ifkald,markov_order_2,30,linear,,10.0,1007.0,0.771902517473247,1.6870699467740053,4.381772814047728,4.548864161386688
ifkald,vq_ctw,30,linear,256.0,10.0,1007.0,1.0,0.0,8.301027182133465,8.301027182133465
ifkald,vq_ctw,30,linear,512.0,10.0,1007.0,1.0,0.0,8.252174871049842,8.252174871049842
ifkald,vq_ctw,30,linear,1024.0,10.0,1007.0,1.0,0.0,8.09381037214585,8.09381037214585
ifragc,direct_ctw,30,linear,,10.0,993.0,0.856158305861042,0.9660374926629963,3.9763421030997934,4.187701422152119
ifragc,direct_ctw,30,nearest,,10.0,79.0,0.8322453253234199,0.9880374790371266,4.222528925649349,4.365613128130933
ifragc,markov_order_1,30,linear,,10.0,993.0,0.8149862863349948,1.1691767198260834,3.9763421030997934,4.187701422152119
ifragc,markov_order_1,30,nearest,,10.0,79.0,0.6988149566573383,1.4794878434003982,4.222528925649349,4.365613128130933
ifragc,markov_order_2,30,linear,,10.0,993.0,0.8301586051232097,1.0963754656371731,3.9763421030997934,4.187701422152119
ifragc,markov_order_2,30,nearest,,10.0,79.0,0.7140335896073191,1.434757461085969,4.222528925649349,4.365613128130933
ifragc,vq_ctw,30,linear,256.0,10.0,993.0,1.0,0.0,6.8314639030954165,6.8314639030954165
ifragc,vq_ctw,30,nearest,256.0,10.0,79.0,1.0,0.0,7.354399353646746,7.354399353646746
ifragc,vq_ctw,30,linear,512.0,10.0,993.0,1.0,0.0,6.182056913174348,6.182056913174348
ifragc,vq_ctw,30,nearest,512.0,10.0,79.0,1.0,0.0,7.374808410557929,7.374808410557929
ifragc,vq_ctw,30,linear,1024.0,10.0,993.0,1.0,0.0,6.303050437263057,6.303050437263057
ifragc,vq_ctw,30,nearest,1024.0,10.0,79.0,1.0,0.0,6.706060617421077,6.706060617421077
igglit,direct_ctw,30,linear,,10.0,1007.0,0.8038366010290081,1.4988418052684962,4.232350590269204,4.3925883518579845
igglit,direct_ctw,30,nearest,,10.0,160.0,0.8325254614712947,1.0163752101760983,4.00651403574237,4.151922173652421
igglit,markov_order_1,30,linear,,10.0,1007.0,0.7388518550428442,1.8730665810116194,4.232350590269204,4.3925883518579845
igglit,markov_order_1,30,nearest,,10.0,160.0,0.6731182996711317,1.6220206347502415,4.00651403574237,4.151922173652421
igglit,markov_order_2,30,linear,,10.0,1007.0,0.7183275312122713,1.9844095452311563,4.232350590269204,4.3925883518579845
igglit,markov_order_2,30,nearest,,10.0,160.0,0.6774503896627809,1.6083581413335488,4.00651403574237,4.151922173652421
igglit,vq_ctw,30,linear,256.0,10.0,1007.0,1.0,0.0,8.168592154649506,8.168592154649506
igglit,vq_ctw,30,nearest,256.0,10.0,160.0,1.0,0.0,9.033206662486245,9.033206662486245
igglit,vq_ctw,30,linear,512.0,10.0,1007.0,1.0,0.0,7.7445608556576575,7.7445608556576575
igglit,vq_ctw,30,nearest,512.0,10.0,160.0,1.0,0.0,9.603883248615453,9.603883248615453
igglit,vq_ctw,30,linear,1024.0,10.0,1007.0,1.0,0.0,7.918419560234806,7.918419560234806
igglit,vq_ctw,30,nearest,1024.0,10.0,160.0,1.0,0.0,8.895199832918147,8.895199832918147
igsoys,direct_ctw,30,linear,,10.0,1007.0,0.8049000832828184,1.4339744862486732,4.168773439226722,4.347072880506706
igsoys,direct_ctw,30,nearest,,10.0,132.0,0.841566352707455,0.9482521191416468,3.86439893436088,4.028899014933054
igsoys,markov_order_1,30,linear,,10.0,1007.0,0.7492209179321908,1.7405034826493837,4.168773439226722,4.347072880506706
igsoys,markov_order_1,30,nearest,,10.0,132.0,0.6809393428615202,1.5409327599040132,3.86439893436088,4.028899014933054
igsoys,markov_order_2,30,linear,,10.0,1007.0,0.7306487748278349,1.837250115774046,4.168773439226722,4.347072880506706
igsoys,markov_order_2,30,nearest,,10.0,132.0,0.6791160357706759,1.557589048981241,3.86439893436088,4.028899014933054
igsoys,vq_ctw,30,linear,256.0,10.0,1007.0,1.0,0.0,7.276604263156328,7.276604263156328
igsoys,vq_ctw,30,nearest,256.0,10.0,132.0,1.0,0.0,9.32051295694781,9.32051295694781
igsoys,vq_ctw,30,linear,512.0,10.0,1007.0,1.0,0.0,7.330485600185126,7.330485600185126
igsoys,vq_ctw,30,nearest,512.0,10.0,132.0,1.0,0.0,9.329905958154747,9.329905958154747
igsoys,vq_ctw,30,linear,1024.0,10.0,1007.0,1.0,0.0,6.955251261466426,6.955251261466426
igsoys,vq_ctw,30,nearest,1024.0,10.0,132.0,1.0,0.0,8.863671789796527,8.863671789796527
igvidt,direct_ctw,30,linear,,10.0,1007.0,0.824744353535867,1.3181103547684032,4.330052118721129,4.471634673801773
igvidt,direct_ctw,30,nearest,,10.0,111.0,0.832294219908026,0.9627727991113145,4.111738902259775,4.256599801184375
igvidt,markov_order_1,30,linear,,10.0,1007.0,0.7755067393585652,1.5990113837716142,4.330052118721129,4.471634673801773
igvidt,markov_order_1,30,nearest,,10.0,111.0,0.6851237739536455,1.4830643311157699,4.111738902259775,4.256599801184375
igvidt,markov_order_2,30,linear,,10.0,1007.0,0.7605326431798195,1.6802879082552504,4.330052118721129,4.471634673801773
igvidt,markov_order_2,30,nearest,,10.0,111.0,0.7129832706184414,1.4011165338033051,4.111738902259775,4.256599801184375
igvidt,vq_ctw,30,linear,256.0,10.0,1007.0,1.0,0.0,6.905042724035236,6.905042724035236
igvidt,vq_ctw,30,nearest,256.0,10.0,111.0,1.0,0.0,8.490879146188632,8.490879146188632
igvidt,vq_ctw,30,linear,512.0,10.0,1007.0,1.0,0.0,6.930474667744953,6.930474667744953
igvidt,vq_ctw,30,nearest,512.0,10.0,111.0,1.0,0.0,7.969465217672624,7.969465217672624
igvidt,vq_ctw,30,linear,1024.0,10.0,1007.0,1.0,0.0,6.8461375840092025,6.8461375840092025
igvidt,vq_ctw,30,nearest,1024.0,10.0,111.0,1.0,0.0,7.454480129188931,7.454480129188931
ijcoga,direct_ctw,30,linear,,10.0,1007.0,0.8068817981687291,1.4002706236734472,4.730606499048277,4.85930946421489
ijcoga,direct_ctw,30,nearest,,10.0,435.0,0.7995833570259417,1.1076428535955232,4.538631384305145,4.682723240833986
ijcoga,markov_order_1,30,linear,,10.0,1007.0,0.7612587703619516,1.6488190701449037,4.730606499048277,4.85930946421489
ijcoga,markov_order_1,30,nearest,,10.0,435.0,0.6514619500535165,1.6686661891802723,4.538631384305145,4.682723240833986
ijcoga,markov_order_2,30,linear,,10.0,1007.0,0.7454516149586746,1.7309542876346928,4.730606499048277,4.85930946421489
ijcoga,markov_order_2,30,nearest,,10.0,435.0,0.6706018509955384,1.6025870501666022,4.538631384305145,4.682723240833986
ijcoga,vq_ctw,30,linear,256.0,10.0,1007.0,1.0,0.0,6.024545025959515,6.024545025959515
ijcoga,vq_ctw,30,nearest,256.0,10.0,435.0,1.0,0.0,8.26985819082613,8.26985819082613
ijcoga,vq_ctw,30,linear,512.0,10.0,1007.0,1.0,0.0,6.440063651256066,6.440063651256066
ijcoga,vq_ctw,30,nearest,512.0,10.0,435.0,1.0,0.0,7.962878652073826,7.962878652073826
ijcoga,vq_ctw,30,linear,1024.0,10.0,1007.0,1.0,0.0,5.9817450000657395,5.9817450000657395
ijcoga,vq_ctw,30,nearest,1024.0,10.0,435.0,1.0,0.0,7.376492668205788,7.376492668205788
ijdeyd,direct_ctw,30,linear,,10.0,1007.0,0.787441090156215,1.3840223448394495,4.734734607897669,4.866540335895907
ijdeyd,direct_ctw,30,nearest,,10.0,291.0,0.8078524670253442,1.0803351510846437,4.626267567233247,4.7672842357776215
ijdeyd,markov_order_1,30,linear,,10.0,1007.0,0.7374358464144078,1.6182835776608042,4.734734607897669,4.866540335895907
ijdeyd,markov_order_1,30,nearest,,10.0,291.0,0.6573025865220723,1.5963789305137392,4.626267567233247,4.7672842357776215
ijdeyd,markov_order_2,30,linear,,10.0,1007.0,0.7389998924331617,1.6112521242916402,4.734734607897669,4.866540335895907
ijdeyd,markov_order_2,30,nearest,,10.0,291.0,0.665976012190488,1.5727497215700388,4.626267567233247,4.7672842357776215
ijdeyd,vq_ctw,30,linear,256.0,10.0,1007.0,1.0,0.0,5.732171542210907,5.732171542210907
ijdeyd,vq_ctw,30,nearest,256.0,10.0,291.0,1.0,0.0,7.467882308797985,7.467882308797985
ijdeyd,vq_ctw,30,linear,512.0,10.0,1007.0,1.0,0.0,5.9178191817617005,5.9178191817617005
ijdeyd,vq_ctw,30,nearest,512.0,10.0,291.0,1.0,0.0,7.031747826819363,7.031747826819363
ijdeyd,vq_ctw,30,linear,1024.0,10.0,1007.0,1.0,0.0,5.564462154939447,5.564462154939447
ijdeyd,vq_ctw,30,nearest,1024.0,10.0,291.0,1.0,0.0,6.346543079275544,6.346543079275544
ijhigo,direct_ctw,30,linear,,10.0,1007.0,0.7958804556395529,1.485423131553478,4.1347330430176035,4.315778577995155
ijhigo,direct_ctw,30,nearest,,10.0,185.0,0.8188875165437516,1.0763433416114279,3.7607815885210547,3.9535561157752492
ijhigo,markov_order_1,30,linear,,10.0,1007.0,0.7252995881713146,1.8646411791027924,4.1347330430176035,4.315778577995155
ijhigo,markov_order_1,30,nearest,,10.0,185.0,0.5980827346118093,1.8484640631737232,3.7607815885210547,3.9535561157752492
ijhigo,markov_order_2,30,linear,,10.0,1007.0,0.7190384506825633,1.8964389592390916,4.1347330430176035,4.315778577995155
ijhigo,markov_order_2,30,nearest,,10.0,185.0,0.6305056414737373,1.7569542296089538,3.7607815885210547,3.9535561157752492
ijhigo,vq_ctw,30,linear,256.0,10.0,1007.0,1.0,0.0,7.9054095307782415,7.9054095307782415
ijhigo,vq_ctw,30,nearest,256.0,10.0,185.0,1.0,0.0,9.529186657353511,9.529186657353511
ijhigo,vq_ctw,30,linear,512.0,10.0,1007.0,1.0,0.0,7.149780230712578,7.149780230712578
ijhigo,vq_ctw,30,nearest,512.0,10.0,185.0,1.0,0.0,11.921290977014591,11.921290977014591
ijhigo,vq_ctw,30,linear,1024.0,10.0,1007.0,1.0,0.0,7.465190374370371,7.465190374370371
ijhigo,vq_ctw,30,nearest,1024.0,10.0,185.0,1.0,0.0,11.398505593628741,11.398505593628741
ijhipv,direct_ctw,30,linear,,10.0,1007.0,0.8096518564846693,1.3055885203307982,4.614357496255292,4.743963991261843
ijhipv,direct_ctw,30,nearest,,10.0,266.0,0.8245791388551789,0.9991928048618693,4.350109337114484,4.494512893061339
ijhipv,markov_order_1,30,linear,,10.0,1007.0,0.7662599076569809,1.5254129258372502,4.614357496255292,4.743963991261843
ijhipv,markov_order_1,30,nearest,,10.0,266.0,0.6647964059299718,1.5325972657516986,4.350109337114484,4.494512893061339
ijhipv,markov_order_2,30,linear,,10.0,1007.0,0.7618328752573,1.5469508862997263,4.614357496255292,4.743963991261843
ijhipv,markov_order_2,30,nearest,,10.0,266.0,0.6819089434963349,1.4953808015596286,4.350109337114484,4.494512893061339
ijhipv,vq_ctw,30,linear,256.0,10.0,1007.0,1.0,0.0,5.964770933055275,5.964770933055275
ijhipv,vq_ctw,30,nearest,256.0,10.0,266.0,1.0,0.0,7.602127085857259,7.602127085857259
ijhipv,vq_ctw,30,linear,512.0,10.0,1007.0,1.0,0.0,6.076339400559185,6.076339400559185
ijhipv,vq_ctw,30,nearest,512.0,10.0,266.0,1.0,0.0,7.25570734949099,7.25570734949099
ijhipv,vq_ctw,30,linear,1024.0,10.0,1007.0,1.0,0.0,5.869410757744548,5.869410757744548
ijhipv,vq_ctw,30,nearest,1024.0,10.0,266.0,1.0,0.0,6.667963256388491,6.667963256388491
ijpiaw,direct_ctw,30,linear,,10.0,1007.0,0.8321783393614801,1.2916539446443285,4.3148867431892866,4.481630136481307
ijpiaw,direct_ctw,30,nearest,,10.0,238.0,0.8218090571495804,1.0994814705904659,4.333702809532142,4.48273519365006
ijpiaw,markov_order_1,30,linear,,10.0,1007.0,0.7878770846867764,1.5531482927500293,4.3148867431892866,4.481630136481307
ijpiaw,markov_order_1,30,nearest,,10.0,238.0,0.6589036463062571,1.7228555808300248,4.333702809532142,4.48273519365006
ijpiaw,markov_order_2,30,linear,,10.0,1007.0,0.7709261779085903,1.648558614218749,4.3148867431892866,4.481630136481307
ijpiaw,markov_order_2,30,nearest,,10.0,238.0,0.6700025877245224,1.695349658505256,4.333702809532142,4.48273519365006
ijpiaw,vq_ctw,30,linear,256.0,10.0,1007.0,1.0,0.0,7.328779911147435,7.328779911147435
ijpiaw,vq_ctw,30,nearest,256.0,10.0,238.0,1.0,0.0,8.642092454710877,8.642092454710877
ijpiaw,vq_ctw,30,linear,512.0,10.0,1007.0,1.0,0.0,7.186481984233151,7.186481984233151
ijpiaw,vq_ctw,30,nearest,512.0,10.0,238.0,1.0,0.0,9.545512764702869,9.545512764702869
ijpiaw,vq_ctw,30,linear,1024.0,10.0,1007.0,1.0,0.0,7.226762923477034,7.226762923477034
ijpiaw,vq_ctw,30,nearest,1024.0,10.0,238.0,1.0,0.0,8.97264312854392,8.97264312854392
ijpruk,direct_ctw,30,linear,,10.0,1007.0,0.8061188790009755,1.3241088383509982,4.42887821449348,4.593713483590216
ijpruk,direct_ctw,30,nearest,,10.0,259.0,0.8262115308330128,1.0102893506548403,4.041382521205125,4.214556879915724
ijpruk,markov_order_1,30,linear,,10.0,1007.0,0.7597141226282738,1.557203570528733,4.42887821449348,4.593713483590216
ijpruk,markov_order_1,30,nearest,,10.0,259.0,0.6759731972442287,1.5420531358848848,4.041382521205125,4.214556879915724
ijpruk,markov_order_2,30,linear,,10.0,1007.0,0.7546410149365693,1.5816086607007676,4.42887821449348,4.593713483590216
ijpruk,markov_order_2,30,nearest,,10.0,259.0,0.6730460936477018,1.5595802082276442,4.041382521205125,4.214556879915724
ijpruk,vq_ctw,30,linear,256.0,10.0,1007.0,1.0,0.0,6.173721954581679,6.173721954581679
ijpruk,vq_ctw,30,nearest,256.0,10.0,259.0,1.0,0.0,8.697700011815737,8.697700011815737
ijpruk,vq_ctw,30,linear,512.0,10.0,1007.0,1.0,0.0,6.037504856431481,6.037504856431481
ijpruk,vq_ctw,30,nearest,512.0,10.0,259.0,1.0,0.0,8.764166409788789,8.764166409788789
ijpruk,vq_ctw,30,linear,1024.0,10.0,1007.0,1.0,0.0,5.847266337735965,5.847266337735965
ijpruk,vq_ctw,30,nearest,1024.0,10.0,259.0,1.0,0.0,8.133219918846676,8.133219918846676
ijthin,direct_ctw,30,linear,,10.0,997.0,0.8325590617889872,1.2714222129505766,4.470345349092347,4.628840851217533
ijthin,direct_ctw,30,nearest,,10.0,39.0,0.834321447356401,0.9103173060990769,4.316033581329851,4.4414823022786525
ijthin,markov_order_1,30,linear,,10.0,997.0,0.7860865092655975,1.54047091919037,4.470345349092347,4.628840851217533
ijthin,markov_order_1,30,nearest,,10.0,39.0,0.7651453794673371,1.1586142397152668,4.316033581329851,4.4414823022786525
ijthin,markov_order_2,30,linear,,10.0,997.0,0.7722141991829643,1.6170390672453139,4.470345349092347,4.628840851217533
ijthin,markov_order_2,30,nearest,,10.0,39.0,0.7313913601678825,1.2651956508149844,4.316033581329851,4.4414823022786525
ijthin,vq_ctw,30,linear,256.0,10.0,997.0,1.0,0.0,7.109829814741218,7.109829814741218
ijthin,vq_ctw,30,nearest,256.0,10.0,39.0,1.0,0.0,7.843695727764689,7.843695727764689
ijthin,vq_ctw,30,linear,512.0,10.0,997.0,1.0,0.0,7.064663648434731,7.064663648434731
ijthin,vq_ctw,30,nearest,512.0,10.0,39.0,1.0,0.0,7.137014298356155,7.137014298356155
ijthin,vq_ctw,30,linear,1024.0,10.0,997.0,1.0,0.0,6.968553762709292,6.968553762709292
ijthin,vq_ctw,30,nearest,1024.0,10.0,39.0,1.0,0.0,6.258838126611791,6.258838126611791
ijtowh,direct_ctw,30,linear,,10.0,1007.0,0.7917116202873863,1.3984568190175615,4.349142067259473,4.507380991189601
ijtowh,direct_ctw,30,nearest,,10.0,288.0,0.8236000891449087,1.0188642954701537,4.211826586278438,4.355482149175573
ijtowh,markov_order_1,30,linear,,10.0,1007.0,0.7425877287746211,1.6387938883054407,4.349142067259473,4.507380991189601
ijtowh,markov_order_1,30,nearest,,10.0,288.0,0.6623934918044028,1.5927584162795798,4.211826586278438,4.355482149175573
ijtowh,markov_order_2,30,linear,,10.0,1007.0,0.7355097735994441,1.6718610540026209,4.349142067259473,4.507380991189601
ijtowh,markov_order_2,30,nearest,,10.0,288.0,0.6862954915983122,1.5155847433820746,4.211826586278438,4.355482149175573
ijtowh,vq_ctw,30,linear,256.0,10.0,1007.0,1.0,0.0,6.608351427544944,6.608351427544944
ijtowh,vq_ctw,30,nearest,256.0,10.0,288.0,0.9999999999997016,0.02429120370557092,8.101364351584554,8.101364351584554
ijtowh,vq_ctw,30,linear,512.0,10.0,1007.0,1.0,0.0,6.6871561158081665,6.6871561158081665
ijtowh,vq_ctw,30,nearest,512.0,10.0,288.0,1.0,0.0,7.614075329175645,7.614075329175645
ijtowh,vq_ctw,30,linear,1024.0,10.0,1007.0,1.0,0.0,6.443406719162179,6.443406719162179
ijtowh,vq_ctw,30,nearest,1024.0,10.0,288.0,1.0,0.0,7.013043835561531,7.013043835561531
ikdagc,direct_ctw,30,linear,,10.0,1001.0,0.8997535208464987,0.8407324804616211,4.111678016028813,4.250004865960587
ikdagc,direct_ctw,30,nearest,,10.0,117.0,0.8508659895387043,0.9214239652475129,4.098791073500398,4.208177202387454
ikdagc,markov_order_1,30,linear,,10.0,1001.0,0.8666554301736994,1.0599733916329712,4.111678016028813,4.250004865960587
ikdagc,markov_order_1,30,nearest,,10.0,117.0,0.726595409962783,1.4261713151773634,4.098791073500398,4.208177202387454
ikdagc,markov_order_2,30,linear,,10.0,1001.0,0.851965033739567,1.1526953507656013,4.111678016028813,4.250004865960587
ikdagc,markov_order_2,30,nearest,,10.0,117.0,0.7075226184844194,1.4914344601010132,4.098791073500398,4.208177202387454
ikdagc,vq_ctw,30,linear,256.0,10.0,1001.0,1.0,0.0,7.083433842413395,7.083433842413395
ikdagc,vq_ctw,30,nearest,256.0,10.0,117.0,1.0,0.0,8.957460470347149,8.957460470347149
ikdagc,vq_ctw,30,linear,512.0,10.0,1001.0,1.0,0.0,7.5828647538622365,7.5828647538622365
ikdagc,vq_ctw,30,nearest,512.0,10.0,117.0,1.0,0.0,8.705010123377745,8.705010123377745
ikdagc,vq_ctw,30,linear,1024.0,10.0,1001.0,1.0,0.0,7.315649283660905,7.315649283660905
ikdagc,vq_ctw,30,nearest,1024.0,10.0,117.0,1.0,0.0,8.027830540935927,8.027830540935927
ikkimm,direct_ctw,30,linear,,10.0,1006.0,0.8232715578626895,1.3797813082862191,4.237897578944662,4.394717223037522
ikkimm,direct_ctw,30,nearest,,10.0,412.0,0.8216517410025964,1.0159388442413402,4.182250414256699,4.328724012379125
ikkimm,markov_order_1,30,linear,,10.0,1006.0,0.7780160951946424,1.6517091644127528,4.237897578944662,4.394717223037522
ikkimm,markov_order_1,30,nearest,,10.0,412.0,0.6677418101724788,1.5533994059169314,4.182250414256699,4.328724012379125
ikkimm,markov_order_2,30,linear,,10.0,1006.0,0.7524566947244646,1.7975343063697296,4.237897578944662,4.394717223037522
ikkimm,markov_order_2,30,nearest,,10.0,412.0,0.6855870133734866,1.5061727939151635,4.182250414256699,4.328724012379125
ikkimm,vq_ctw,30,linear,256.0,10.0,1006.0,1.0,0.0,7.503130577304583,7.503130577304583
ikkimm,vq_ctw,30,nearest,256.0,10.0,412.0,1.0,0.0,8.102179520801345,8.102179520801345
ikkimm,vq_ctw,30,linear,512.0,10.0,1006.0,1.0,0.0,7.414498126433672,7.414498126433672
ikkimm,vq_ctw,30,nearest,512.0,10.0,412.0,1.0,0.0,7.827784447943782,7.827784447943782
ikkimm,vq_ctw,30,linear,1024.0,10.0,1006.0,1.0,0.0,7.196338857871126,7.196338857871126
ikkimm,vq_ctw,30,nearest,1024.0,10.0,412.0,1.0,0.0,7.267987234669241,7.267987234669241
ikujfu,direct_ctw,30,linear,,10.0,1007.0,0.8327931552187403,1.1813083198772154,4.445280934249009,4.5800652561217
ikujfu,markov_order_1,30,linear,,10.0,1007.0,0.7915234705427419,1.3994155350086597,4.445280934249009,4.5800652561217
ikujfu,markov_order_2,30,linear,,10.0,1007.0,0.7902107483235903,1.406095903090032,4.445280934249009,4.5800652561217
ikujfu,vq_ctw,30,linear,256.0,10.0,1007.0,1.0,0.0,5.561870132102941,5.561870132102941
ikujfu,vq_ctw,30,linear,512.0,10.0,1007.0,1.0,0.0,6.075619600433125,6.075619600433125
ikujfu,vq_ctw,30,linear,1024.0,10.0,1007.0,1.0,0.0,5.645415556912213,5.645415556912213
ilcoby,direct_ctw,30,linear,,10.0,1007.0,0.8143332975153579,1.481016700525059,4.312665225684459,4.496548058083301
ilcoby,direct_ctw,30,nearest,,10.0,77.0,0.8271935265814667,1.0689364447693437,4.387367737496733,4.541060347303287
ilcoby,markov_order_1,30,linear,,10.0,1007.0,0.7418606429996254,1.9204829138018842,4.312665225684459,4.496548058083301
ilcoby,markov_order_1,30,nearest,,10.0,77.0,0.6642901736842025,1.7056785234260363,4.387367737496733,4.541060347303287
ilcoby,markov_order_2,30,linear,,10.0,1007.0,0.7166770398321418,2.063474559353766,4.312665225684459,4.496548058083301
ilcoby,markov_order_2,30,nearest,,10.0,77.0,0.6584130867226993,1.7289451780516096,4.387367737496733,4.541060347303287
ilcoby,vq_ctw,30,linear,256.0,10.0,1007.0,1.0,0.0,9.521590481680413,9.521590481680413
ilcoby,vq_ctw,30,nearest,256.0,10.0,77.0,1.0,0.0,8.201265270506102,8.201265270506102
ilcoby,vq_ctw,30,linear,512.0,10.0,1007.0,1.0,0.0,8.804284371706885,8.804284371706885
ilcoby,vq_ctw,30,nearest,512.0,10.0,77.0,1.0,0.0,8.680614853092893,8.680614853092893
ilcoby,vq_ctw,30,linear,1024.0,10.0,1007.0,1.0,0.0,9.064295689490267,9.064295689490267
ilcoby,vq_ctw,30,nearest,1024.0,10.0,77.0,1.0,0.0,8.160360639676982,8.160360639676982
ilkble,direct_ctw,30,linear,,10.0,1007.0,0.8109789905132094,1.3273331914336521,3.894281635759111,4.1322839840807735
ilkble,markov_order_1,30,linear,,10.0,1007.0,0.7567769636220285,1.6083285569678458,3.894281635759111,4.1322839840807735
ilkble,markov_order_2,30,linear,,10.0,1007.0,0.7545028566959812,1.6195868029587688,3.894281635759111,4.1322839840807735
ilkble,vq_ctw,30,linear,256.0,10.0,1007.0,1.0,0.0,8.787552089184068,8.787552089184068
ilkble,vq_ctw,30,linear,512.0,10.0,1007.0,1.0,0.0,7.701412049161139,7.701412049161139
ilkble,vq_ctw,30,linear,1024.0,10.0,1007.0,1.0,0.0,8.13533932058482,8.13533932058482
ilkedv,direct_ctw,30,linear,,10.0,1007.0,0.8517376215597565,1.169962265567847,4.4077211655253175,4.5496956865883496
ilkedv,direct_ctw,30,nearest,,10.0,152.0,0.8155953184397259,1.0318958006904597,4.074021745472893,4.250055207568733
ilkedv,markov_order_1,30,linear,,10.0,1007.0,0.8019923077366329,1.4718111010747528,4.4077211655253175,4.5496956865883496
ilkedv,markov_order_1,30,nearest,,10.0,152.0,0.6779557972576885,1.5087083145447597,4.074021745472893,4.250055207568733
ilkedv,markov_order_2,30,linear,,10.0,1007.0,0.7881562408577942,1.5515566475481908,4.4077211655253175,4.5496956865883496
ilkedv,markov_order_2,30,nearest,,10.0,152.0,0.6843010032037262,1.4915912674830407,4.074021745472893,4.250055207568733
ilkedv,vq_ctw,30,linear,256.0,10.0,1007.0,1.0,0.0,8.382017896095636,8.382017896095636
ilkedv,vq_ctw,30,nearest,256.0,10.0,152.0,1.0,0.0,8.681783138514806,8.681783138514806
ilkedv,vq_ctw,30,linear,512.0,10.0,1007.0,1.0,0.0,7.898280141226984,7.898280141226984
ilkedv,vq_ctw,30,nearest,512.0,10.0,152.0,1.0,0.0,8.731509164359721,8.731509164359721
ilkedv,vq_ctw,30,linear,1024.0,10.0,1007.0,1.0,0.0,8.127488342131295,8.127488342131295
ilkedv,vq_ctw,30,nearest,1024.0,10.0,152.0,1.0,0.0,7.987033850875427,7.987033850875427
ilyutj,direct_ctw,30,linear,,10.0,1007.0,0.7928718342148895,1.4240222258695847,4.153072210865347,4.3802515554675585
ilyutj,direct_ctw,30,nearest,,10.0,122.0,0.8271611548021388,1.0114399952187418,4.117564798716266,4.317305870574541
ilyutj,markov_order_1,30,linear,,10.0,1007.0,0.7415149938601361,1.6831202139810166,4.153072210865347,4.3802515554675585
ilyutj,markov_order_1,30,nearest,,10.0,122.0,0.6759871688694609,1.5592062496504997,4.117564798716266,4.317305870574541
ilyutj,markov_order_2,30,linear,,10.0,1007.0,0.7296192049393494,1.7401960821415703,4.153072210865347,4.3802515554675585
ilyutj,markov_order_2,30,nearest,,10.0,122.0,0.6840391871014739,1.5263739570646648,4.117564798716266,4.317305870574541
ilyutj,vq_ctw,30,linear,256.0,10.0,1007.0,1.0,0.0,7.270902542251231,7.270902542251231
ilyutj,vq_ctw,30,nearest,256.0,10.0,122.0,1.0,0.0,8.321193033626246,8.321193033626246
ilyutj,vq_ctw,30,linear,512.0,10.0,1007.0,1.0,0.0,7.071128924531729,7.071128924531729
ilyutj,vq_ctw,30,nearest,512.0,10.0,122.0,1.0,0.0,8.374282106248895,8.374282106248895
ilyutj,vq_ctw,30,linear,1024.0,10.0,1007.0,1.0,0.0,6.870190932495551,6.870190932495551
ilyutj,vq_ctw,30,nearest,1024.0,10.0,122.0,1.0,0.0,7.774197010935523,7.774197010935523
imhacy,direct_ctw,30,linear,,10.0,955.0,0.9678457815889225,0.30154535240427205,5.079094315736263,5.1494526026246925
imhacy,markov_order_1,30,linear,,10.0,955.0,0.9506005394496325,0.4320387930204476,5.079094315736263,5.1494526026246925
imhacy,markov_order_2,30,linear,,10.0,955.0,0.9506572155796758,0.43162691929592883,5.079094315736263,5.1494526026246925
imhacy,vq_ctw,30,linear,256.0,10.0,955.0,1.0,0.0,4.765519781983562,4.765519781983562
imhacy,vq_ctw,30,linear,512.0,10.0,955.0,1.0,0.0,4.7106650480876215,4.7106650480876215
imhacy,vq_ctw,30,linear,1024.0,10.0,955.0,1.0,0.0,4.570724273129349,4.570724273129349
imnees,direct_ctw,30,linear,,10.0,1006.0,0.8081541862041579,1.4548374352107278,3.9789423946918427,4.186745103569988
imnees,direct_ctw,30,nearest,,10.0,74.0,0.8354392636032058,1.0040224321187616,4.112496328734883,4.2848336620628915
imnees,markov_order_1,30,linear,,10.0,1006.0,0.7431890698203144,1.8252279987075557,3.9789423946918427,4.186745103569988
imnees,markov_order_1,30,nearest,,10.0,74.0,0.6970544542115947,1.5450063317825304,4.112496328734883,4.2848336620628915
imnees,markov_order_2,30,linear,,10.0,1006.0,0.719799487065317,1.950436628488343,3.9789423946918427,4.186745103569988
imnees,markov_order_2,30,nearest,,10.0,74.0,0.6896291855794385,1.563865550906314,4.112496328734883,4.2848336620628915
imnees,vq_ctw,30,linear,256.0,10.0,1006.0,1.0,0.0,9.42357038234404,9.42357038234404
imnees,vq_ctw,30,nearest,256.0,10.0,74.0,1.0,0.0,8.409291623521511,8.409291623521511
imnees,vq_ctw,30,linear,512.0,10.0,1006.0,1.0,0.0,8.339055044146917,8.339055044146917
imnees,vq_ctw,30,nearest,512.0,10.0,74.0,1.0,0.0,8.182851087286059,8.182851087286059
imnees,vq_ctw,30,linear,1024.0,10.0,1006.0,1.0,0.0,8.825356716154518,8.825356716154518
imnees,vq_ctw,30,nearest,1024.0,10.0,74.0,1.0,0.0,7.633707248765029,7.633707248765029
imoikc,direct_ctw,30,linear,,10.0,1007.0,0.8231608747731018,1.2605600354245556,4.476401130668127,4.620995394521311
imoikc,direct_ctw,30,nearest,,10.0,143.0,0.855680718618569,0.9186950064095847,4.127829504361245,4.285081322774812
imoikc,markov_order_1,30,linear,,10.0,1007.0,0.7789646941231572,1.4963168329967327,4.476401130668127,4.620995394521311
imoikc,markov_order_1,30,nearest,,10.0,143.0,0.673140088107312,1.64022347698177,4.127829504361245,4.285081322774812
imoikc,markov_order_2,30,linear,,10.0,1007.0,0.765803744171913,1.5632380229753764,4.476401130668127,4.620995394521311
imoikc,markov_order_2,30,nearest,,10.0,143.0,0.6842325988276499,1.6034986709126937,4.127829504361245,4.285081322774812
imoikc,vq_ctw,30,linear,256.0,10.0,1007.0,1.0,0.0,6.014550100626063,6.014550100626063
imoikc,vq_ctw,30,nearest,256.0,10.0,143.0,1.0,0.0,8.840874574403042,8.840874574403042
imoikc,vq_ctw,30,linear,512.0,10.0,1007.0,1.0,0.0,6.137675161639678,6.137675161639678
imoikc,vq_ctw,30,nearest,512.0,10.0,143.0,1.0,0.0,9.381628331466077,9.381628331466077
imoikc,vq_ctw,30,linear,1024.0,10.0,1007.0,1.0,0.0,5.90199647357697,5.90199647357697
imoikc,vq_ctw,30,nearest,1024.0,10.0,143.0,1.0,0.0,8.697425720460204,8.697425720460204
imwryt,direct_ctw,30,linear,,10.0,1007.0,0.8039024979219282,1.2645693871686188,4.2691274885394295,4.430766446503697
imwryt,direct_ctw,30,nearest,,10.0,79.0,0.8320807605522786,1.0560592205940171,4.079373998724308,4.261097271118917
imwryt,markov_order_1,30,linear,,10.0,1007.0,0.7493294687587437,1.5160603122191187,4.2691274885394295,4.430766446503697
imwryt,markov_order_1,30,nearest,,10.0,79.0,0.6343880001522118,1.8303948232620861,4.079373998724308,4.261097271118917
imwryt,markov_order_2,30,linear,,10.0,1007.0,0.7553163637052772,1.4896564418376053,4.2691274885394295,4.430766446503697
imwryt,markov_order_2,30,nearest,,10.0,79.0,0.629534948199192,1.8473860702322302,4.079373998724308,4.261097271118917
imwryt,vq_ctw,30,linear,256.0,10.0,1007.0,1.0,0.0,8.241507334915987,8.241507334915987
imwryt,vq_ctw,30,nearest,256.0,10.0,79.0,1.0,0.0,10.921261887957641,10.921261887957641
imwryt,vq_ctw,30,linear,512.0,10.0,1007.0,1.0,0.0,7.475782076643935,7.475782076643935
imwryt,vq_ctw,30,nearest,512.0,10.0,79.0,1.0,0.0,11.39012755916453,11.39012755916453
imwryt,vq_ctw,30,linear,1024.0,10.0,1007.0,1.0,0.0,7.5807594360739685,7.5807594360739685
imwryt,vq_ctw,30,nearest,1024.0,10.0,79.0,1.0,0.0,10.797778016435128,10.797778016435128
imwyoj,direct_ctw,30,linear,,10.0,1007.0,0.802513499132451,1.3428899203507623,4.393698673558472,4.54425225850684
imwyoj,direct_ctw,30,nearest,,10.0,504.0,0.8072494999459013,1.0876305406254274,4.229843605720733,4.3990207040176985
imwyoj,markov_order_1,30,linear,,10.0,1007.0,0.7520948465675661,1.5937817005325619,4.393698673558472,4.54425225850684
imwyoj,markov_order_1,30,nearest,,10.0,504.0,0.6112488654083269,1.7308156254916336,4.229843605720733,4.3990207040176985
imwyoj,markov_order_2,30,linear,,10.0,1007.0,0.7522604823747727,1.5929913374192124,4.393698673558472,4.54425225850684
imwyoj,markov_order_2,30,nearest,,10.0,504.0,0.6488913634014276,1.6292358972154262,4.229843605720733,4.3990207040176985
imwyoj,vq_ctw,30,linear,256.0,10.0,1007.0,1.0,0.0,6.16523723746038,6.16523723746038
imwyoj,vq_ctw,30,nearest,256.0,10.0,504.0,1.0,0.0,8.324730870842691,8.324730870842691
imwyoj,vq_ctw,30,linear,512.0,10.0,1007.0,1.0,0.0,6.282176637384447,6.282176637384447
imwyoj,vq_ctw,30,nearest,512.0,10.0,504.0,1.0,0.0,8.028963060858748,8.028963060858748
imwyoj,vq_ctw,30,linear,1024.0,10.0,1007.0,1.0,0.0,6.021403720153456,6.021403720153456
imwyoj,vq_ctw,30,nearest,1024.0,10.0,504.0,1.0,0.0,7.378538910710253,7.378538910710253
inckki,direct_ctw,30,linear,,10.0,1007.0,0.7991224974387863,1.4670147212910956,4.3062403789804895,4.47293465154887
inckki,direct_ctw,30,nearest,,10.0,39.0,0.8330659735941186,0.9845108935379545,4.315223606994029,4.434449913052014
inckki,markov_order_1,30,linear,,10.0,1007.0,0.7431673411624299,1.7723228711380048,4.3062403789804895,4.47293465154887
inckki,markov_order_1,30,nearest,,10.0,39.0,0.6859418464588007,1.525918800531325,4.315223606994029,4.434449913052014
inckki,markov_order_2,30,linear,,10.0,1007.0,0.7270848990879136,1.8555224714333518,4.3062403789804895,4.47293465154887
inckki,markov_order_2,30,nearest,,10.0,39.0,0.7046517414269601,1.466226612355548,4.315223606994029,4.434449913052014
inckki,vq_ctw,30,linear,256.0,10.0,1007.0,1.0,0.0,8.22437223166396,8.22437223166396
inckki,vq_ctw,30,nearest,256.0,10.0,39.0,1.0,0.0,7.8963136468169814,7.8963136468169814
inckki,vq_ctw,30,linear,512.0,10.0,1007.0,1.0,0.0,7.649599417626559,7.649599417626559
inckki,vq_ctw,30,nearest,512.0,10.0,39.0,1.0,0.0,6.967090768392818,6.967090768392818
inckki,vq_ctw,30,linear,1024.0,10.0,1007.0,1.0,0.0,7.8125766750387795,7.8125766750387795
inckki,vq_ctw,30,nearest,1024.0,10.0,39.0,1.0,0.0,6.202308130168007,6.202308130168007
indtwr,direct_ctw,30,linear,,10.0,1007.0,0.852725417934584,1.1309515634971978,4.37109179531728,4.526628601030734
indtwr,direct_ctw,30,nearest,,10.0,74.0,0.8549775623511093,0.9098450369250399,4.265045884365707,4.39452714850442
indtwr,markov_order_1,30,linear,,10.0,1007.0,0.8119651047157403,1.3714405136432704,4.37109179531728,4.526628601030734
indtwr,markov_order_1,30,nearest,,10.0,74.0,0.7255564286444557,1.4363430092060896,4.265045884365707,4.39452714850442
indtwr,markov_order_2,30,linear,,10.0,1007.0,0.8032894917408457,1.4204999200907118,4.37109179531728,4.526628601030734
indtwr,markov_order_2,30,nearest,,10.0,74.0,0.7049265050535976,1.5108162777710485,4.265045884365707,4.39452714850442
indtwr,vq_ctw,30,linear,256.0,10.0,1007.0,1.0,0.0,7.517609586027958,7.517609586027958
indtwr,vq_ctw,30,nearest,256.0,10.0,74.0,1.0,0.0,8.492398270273885,8.492398270273885
indtwr,vq_ctw,30,linear,512.0,10.0,1007.0,1.0,0.0,7.436191604033574,7.436191604033574
indtwr,vq_ctw,30,nearest,512.0,10.0,74.0,1.0,0.0,8.180634331071909,8.180634331071909
indtwr,vq_ctw,30,linear,1024.0,10.0,1007.0,1.0,0.0,7.277054359632449,7.277054359632449
indtwr,vq_ctw,30,nearest,1024.0,10.0,74.0,1.0,0.0,7.5940838006113065,7.5940838006113065
indyep,direct_ctw,30,linear,,10.0,1005.0,0.8072853249025904,1.3473002267392875,4.411698240007259,4.544364993443573
indyep,direct_ctw,30,nearest,,10.0,72.0,0.7942651000624691,1.0330007838510329,4.469869541597029,4.631435399097494
indyep,markov_order_1,30,linear,,10.0,1005.0,0.7695828835125278,1.5441668157620225,4.411698240007259,4.544364993443573
indyep,markov_order_1,30,nearest,,10.0,72.0,0.6895623287997144,1.4766836409973985,4.469869541597029,4.631435399097494
indyep,markov_order_2,30,linear,,10.0,1005.0,0.7550599329401294,1.6168326633701855,4.411698240007259,4.544364993443573
indyep,markov_order_2,30,nearest,,10.0,72.0,0.7024031000033164,1.439996058044525,4.469869541597029,4.631435399097494
indyep,vq_ctw,30,linear,256.0,10.0,1005.0,1.0,0.0,5.777274130710622,5.777274130710622
indyep,vq_ctw,30,nearest,256.0,10.0,72.0,1.0,0.0,7.553474363652413,7.553474363652413
indyep,vq_ctw,30,linear,512.0,10.0,1005.0,1.0,0.0,5.972557471227555,5.972557471227555
indyep,vq_ctw,30,nearest,512.0,10.0,72.0,1.0,0.0,6.706066494367505,6.706066494367505
indyep,vq_ctw,30,linear,1024.0,10.0,1005.0,1.0,0.0,5.641141619495978,5.641141619495978
indyep,vq_ctw,30,nearest,1024.0,10.0,72.0,1.0,0.0,6.330131969860044,6.330131969860044
inghog,direct_ctw,30,linear,,10.0,1007.0,0.8443775588523228,1.2162432901088767,4.1488258756479315,4.353518927528214
inghog,direct_ctw,30,nearest,,10.0,71.0,0.8160167731966368,1.0871587539207948,4.144528495763353,4.291825584360646
inghog,markov_order_1,30,linear,,10.0,1007.0,0.789580284122497,1.5434267867928748,4.1488258756479315,4.353518927528214
inghog,markov_order_1,30,nearest,,10.0,71.0,0.6670268532246106,1.6377325467492407,4.144528495763353,4.291825584360646
inghog,markov_order_2,30,linear,,10.0,1007.0,0.7821553330862839,1.5856243190431967,4.1488258756479315,4.353518927528214
inghog,markov_order_2,30,nearest,,10.0,71.0,0.6575154199960285,1.6668795859060526,4.144528495763353,4.291825584360646
inghog,vq_ctw,30,linear,256.0,10.0,1007.0,1.0,0.0,9.47831289757268,9.47831289757268
inghog,vq_ctw,30,nearest,256.0,10.0,71.0,1.0,0.0,9.163865524879256,9.163865524879256
inghog,vq_ctw,30,linear,512.0,10.0,1007.0,1.0,0.0,8.284985401598835,8.284985401598835
inghog,vq_ctw,30,nearest,512.0,10.0,71.0,1.0,0.0,8.476767781638719,8.476767781638719
inghog,vq_ctw,30,linear,1024.0,10.0,1007.0,1.0,0.0,8.751681030102796,8.751681030102796
inghog,vq_ctw,30,nearest,1024.0,10.0,71.0,1.0,0.0,7.875308392549063,7.875308392549063
inghot,direct_ctw,30,linear,,10.0,1007.0,0.8265403627003998,1.2874043960413981,4.0114662612915515,4.2027834164422595
inghot,direct_ctw,30,nearest,,10.0,113.0,0.8170610901850025,1.071653579596523,3.824856853324037,4.037056384223138
inghot,markov_order_1,30,linear,,10.0,1007.0,0.7689708489919289,1.6080318783782392,4.0114662612915515,4.2027834164422595
inghot,markov_order_1,30,nearest,,10.0,113.0,0.6387270981406046,1.7006159788125967,3.824856853324037,4.037056384223138
inghot,markov_order_2,30,linear,,10.0,1007.0,0.7614651971957074,1.6477335289290465,4.0114662612915515,4.2027834164422595
inghot,markov_order_2,30,nearest,,10.0,113.0,0.6312210918370631,1.724789770075268,3.824856853324037,4.037056384223138
inghot,vq_ctw,30,linear,256.0,10.0,1007.0,1.0,0.0,13.657332615309318,13.657332615309318
inghot,vq_ctw,30,nearest,256.0,10.0,113.0,1.0,0.0,9.008273052775973,9.008273052775973
inghot,vq_ctw,30,linear,512.0,10.0,1007.0,1.0,0.0,12.56158819732782,12.56158819732782
inghot,vq_ctw,30,nearest,512.0,10.0,113.0,1.0,0.0,10.403463581852623,10.403463581852623
inghot,vq_ctw,30,linear,1024.0,10.0,1007.0,1.0,0.0,13.115866980275728,13.115866980275728
inghot,vq_ctw,30,nearest,1024.0,10.0,113.0,1.0,0.0,9.819796568996058,9.819796568996058
inhial,direct_ctw,30,linear,,10.0,622.0,0.9251818616167521,0.608106459420616,4.988366396153358,5.090762164784082
inhial,markov_order_1,30,linear,,10.0,622.0,0.8862300084430451,0.8524936726916691,4.988366396153358,5.090762164784082
inhial,markov_order_2,30,linear,,10.0,622.0,0.8925337220417867,0.814624697453025,4.988366396153358,5.090762164784082
inhial,vq_ctw,30,linear,256.0,10.0,622.0,1.0,0.0,5.239310428749803,5.239310428749803
inhial,vq_ctw,30,linear,512.0,10.0,622.0,1.0,0.0,5.165760920975467,5.165760920975467
inhial,vq_ctw,30,linear,1024.0,10.0,622.0,1.0,0.0,4.988621938328713,4.988621938328713
inlica,direct_ctw,30,linear,,10.0,1007.0,0.7919160145678307,1.5300539363707322,4.331203815402039,4.505305208246003
inlica,direct_ctw,30,nearest,,10.0,128.0,0.8295452284517298,1.0365880751229906,4.236330438591359,4.391231765408854
inlica,markov_order_1,30,linear,,10.0,1007.0,0.7277999756620366,1.8809659513528176,4.331203815402039,4.505305208246003
inlica,markov_order_1,30,nearest,,10.0,128.0,0.6529736926419569,1.6855944141861317,4.236330438591359,4.391231765408854
inlica,markov_order_2,30,linear,,10.0,1007.0,0.7045278219734884,2.000652949529037,4.331203815402039,4.505305208246003
inlica,markov_order_2,30,nearest,,10.0,128.0,0.6683458675266863,1.6478746157874051,4.236330438591359,4.391231765408854
inlica,vq_ctw,30,linear,256.0,10.0,1007.0,1.0,0.0,8.424281963573595,8.424281963573595
inlica,vq_ctw,30,nearest,256.0,10.0,128.0,1.0,0.0,8.394400594187175,8.394400594187175
inlica,vq_ctw,30,linear,512.0,10.0,1007.0,1.0,0.0,7.734972612817039,7.734972612817039
inlica,vq_ctw,30,nearest,512.0,10.0,128.0,1.0,0.0,8.89697050180276,8.89697050180276
inlica,vq_ctw,30,linear,1024.0,10.0,1007.0,1.0,0.0,8.06627361197794,8.06627361197794
inlica,vq_ctw,30,nearest,1024.0,10.0,128.0,1.0,0.0,8.12945190679994,8.12945190679994
inquay,direct_ctw,30,linear,,10.0,1007.0,0.8222366288530715,1.3696616512605326,4.225754051084602,4.407320961797803
inquay,direct_ctw,30,nearest,,10.0,134.0,0.8187583566553521,1.059109903978621,4.240864411980594,4.399825963365838
inquay,markov_order_1,30,linear,,10.0,1007.0,0.7665159777965654,1.6962319998990285,4.225754051084602,4.407320961797803
inquay,markov_order_1,30,nearest,,10.0,134.0,0.6293545377893399,1.7217574228847345,4.240864411980594,4.399825963365838
inquay,markov_order_2,30,linear,,10.0,1007.0,0.7463468096679737,1.8080123795670673,4.225754051084602,4.407320961797803
inquay,markov_order_2,30,nearest,,10.0,134.0,0.6367881357760053,1.7002697987767998,4.240864411980594,4.399825963365838
inquay,vq_ctw,30,linear,256.0,10.0,1007.0,1.0,0.0,8.891986668902351,8.891986668902351
inquay,vq_ctw,30,nearest,256.0,10.0,134.0,1.0,0.0,8.684637139845835,8.684637139845835
inquay,vq_ctw,30,linear,512.0,10.0,1007.0,1.0,0.0,8.499795392322657,8.499795392322657
inquay,vq_ctw,30,nearest,512.0,10.0,134.0,1.0,0.0,7.954587811153184,7.954587811153184
inquay,vq_ctw,30,linear,1024.0,10.0,1007.0,1.0,0.0,8.538885284008865,8.538885284008865
inquay,vq_ctw,30,nearest,1024.0,10.0,134.0,1.0,0.0,7.268728374225835,7.268728374225835
inshfo,direct_ctw,30,linear,,10.0,207.0,0.8649642092343106,0.8411604436551711,4.586699375062506,4.70015233817135
inshfo,markov_order_1,30,linear,,10.0,207.0,0.7987678897328288,1.1268497021754982,4.586699375062506,4.70015233817135
inshfo,markov_order_2,30,linear,,10.0,207.0,0.816706663666358,1.0538155531372904,4.586699375062506,4.70015233817135
inshfo,vq_ctw,30,linear,256.0,10.0,207.0,1.0,0.0,4.7806509178676935,4.7806509178676935
inshfo,vq_ctw,30,linear,512.0,10.0,207.0,1.0,0.0,5.051402868739189,5.051402868739189
inshfo,vq_ctw,30,linear,1024.0,10.0,207.0,1.0,0.0,4.907862987337567,4.907862987337567
insodf,direct_ctw,30,linear,,10.0,1007.0,0.8544473438225582,1.0821134566759698,4.443253943282254,4.585406717924052
insodf,direct_ctw,30,nearest,,10.0,148.0,0.8163692642589273,1.09631337645492,4.332650733503673,4.527336022601731
insodf,markov_order_1,30,linear,,10.0,1007.0,0.8102734249835681,1.3311571654004524,4.443253943282254,4.585406717924052
insodf,markov_order_1,30,nearest,,10.0,148.0,0.5895764069414379,1.8909224960816973,4.332650733503673,4.527336022601731
insodf,markov_order_2,30,linear,,10.0,1007.0,0.8139057938236053,1.3114205314874332,4.443253943282254,4.585406717924052
insodf,markov_order_2,30,nearest,,10.0,148.0,0.6309392882281862,1.7771268728942822,4.332650733503673,4.527336022601731
insodf,vq_ctw,30,linear,256.0,10.0,1007.0,1.0,0.0,6.1560280077261815,6.1560280077261815
insodf,vq_ctw,30,nearest,256.0,10.0,148.0,1.0,0.0,9.273875929774638,9.273875929774638
insodf,vq_ctw,30,linear,512.0,10.0,1007.0,1.0,0.0,6.027989252202376,6.027989252202376
insodf,vq_ctw,30,nearest,512.0,10.0,148.0,1.0,0.0,10.517442438668922,10.517442438668922
insodf,vq_ctw,30,linear,1024.0,10.0,1007.0,1.0,0.0,5.934993315149027,5.934993315149027
insodf,vq_ctw,30,nearest,1024.0,10.0,148.0,1.0,0.0,9.941484232193796,9.941484232193796
ioajdi,direct_ctw,30,linear,,10.0,1007.0,0.805990827327448,1.380944867529149,4.496350130746051,4.644922189197632
ioajdi,direct_ctw,30,nearest,,10.0,93.0,0.8143342828956375,1.0222114100229167,4.464029944563056,4.606353997498224
ioajdi,markov_order_1,30,linear,,10.0,1007.0,0.7659286541742543,1.594795149712715,4.496350130746051,4.644922189197632
ioajdi,markov_order_1,30,nearest,,10.0,93.0,0.653291104886855,1.5503237863207346,4.464029944563056,4.606353997498224
ioajdi,markov_order_2,30,linear,,10.0,1007.0,0.7497307920124975,1.6774937415049431,4.496350130746051,4.644922189197632
ioajdi,markov_order_2,30,nearest,,10.0,93.0,0.7071298140714117,1.395564828895192,4.464029944563056,4.606353997498224
ioajdi,vq_ctw,30,linear,256.0,10.0,1007.0,1.0,0.0,6.453889399738432,6.453889399738432
ioajdi,vq_ctw,30,nearest,256.0,10.0,93.0,1.0,0.0,7.866226350296765,7.866226350296765
ioajdi,vq_ctw,30,linear,512.0,10.0,1007.0,1.0,0.0,6.5802762552869964,6.5802762552869964
ioajdi,vq_ctw,30,nearest,512.0,10.0,93.0,1.0,0.0,7.108658656935907,7.108658656935907
ioajdi,vq_ctw,30,linear,1024.0,10.0,1007.0,1.0,0.0,6.256626669246611,6.256626669246611
ioajdi,vq_ctw,30,nearest,1024.0,10.0,93.0,1.0,0.0,6.537625465809821,6.537625465809821
ioangi,direct_ctw,30,linear,,10.0,966.0,0.8630538418648954,0.987023331364199,4.119552974802974,4.314632284992122
ioangi,direct_ctw,30,nearest,,10.0,65.0,0.8361695327475893,0.9941245422122863,4.349183759365309,4.494135451911893
ioangi,markov_order_1,30,linear,,10.0,966.0,0.8313827704980861,1.1603834775978876,4.119552974802974,4.314632284992122
ioangi,markov_order_1,30,nearest,,10.0,65.0,0.6626838531503064,1.649347512006048,4.349183759365309,4.494135451911893
ioangi,markov_order_2,30,linear,,10.0,966.0,0.8258953646575568,1.1893227643717237,4.119552974802974,4.314632284992122
ioangi,markov_order_2,30,nearest,,10.0,65.0,0.6878096930204287,1.5636665779975913,4.349183759365309,4.494135451911893
ioangi,vq_ctw,30,linear,256.0,10.0,966.0,1.0,0.0,9.580984276895908,9.580984276895908
ioangi,vq_ctw,30,nearest,256.0,10.0,65.0,1.0,0.0,10.026674010545078,10.026674010545078
ioangi,vq_ctw,30,linear,512.0,10.0,966.0,1.0,0.0,10.435042703063184,10.435042703063184
ioangi,vq_ctw,30,nearest,512.0,10.0,65.0,1.0,0.0,8.652146433425147,8.652146433425147
ioangi,vq_ctw,30,linear,1024.0,10.0,966.0,1.0,0.0,10.263810669516769,10.263810669516769
ioangi,vq_ctw,30,nearest,1024.0,10.0,65.0,1.0,0.0,7.956504879309717,7.956504879309717
iodjie,direct_ctw,30,linear,,10.0,1007.0,0.809763263968597,1.3600774104529538,4.337583760040119,4.484573010976788
iodjie,direct_ctw,30,nearest,,10.0,304.0,0.8218141856157842,1.0611639374364241,4.238212796506693,4.382322386649476
iodjie,markov_order_1,30,linear,,10.0,1007.0,0.7590918201307705,1.6299526663197994,4.337583760040119,4.484573010976788
iodjie,markov_order_1,30,nearest,,10.0,304.0,0.6341359720740383,1.733572919889054,4.238212796506693,4.382322386649476
iodjie,markov_order_2,30,linear,,10.0,1007.0,0.7505211324891653,1.6735061862153287,4.337583760040119,4.484573010976788
iodjie,markov_order_2,30,nearest,,10.0,304.0,0.659289798603073,1.6632334748736308,4.238212796506693,4.382322386649476
iodjie,vq_ctw,30,linear,256.0,10.0,1007.0,1.0,0.0,6.3162416567616155,6.3162416567616155
iodjie,vq_ctw,30,nearest,256.0,10.0,304.0,1.0,0.0,9.28566862560857,9.28566862560857
iodjie,vq_ctw,30,linear,512.0,10.0,1007.0,1.0,0.0,6.3412313958152104,6.3412313958152104
iodjie,vq_ctw,30,nearest,512.0,10.0,304.0,1.0,0.0,10.130009645495292,10.130009645495292
iodjie,vq_ctw,30,linear,1024.0,10.0,1007.0,1.0,0.0,6.166957876271585,6.166957876271585
iodjie,vq_ctw,30,nearest,1024.0,10.0,304.0,1.0,0.0,9.505400540546104,9.505400540546104
iodlac,direct_ctw,30,linear,,10.0,945.0,0.813455428752887,1.313874396535445,4.485613663955523,4.627570503351218
iodlac,direct_ctw,30,nearest,,10.0,240.0,0.8171763864095761,1.039601417059279,4.288603456528803,4.424617545580017
iodlac,markov_order_1,30,linear,,10.0,945.0,0.7736596360331516,1.523463394556162,4.485613663955523,4.627570503351218
iodlac,markov_order_1,30,nearest,,10.0,240.0,0.6715751987173971,1.5507582360316856,4.288603456528803,4.424617545580017
iodlac,markov_order_2,30,linear,,10.0,945.0,0.7662787424627955,1.5608473110027195,4.485613663955523,4.627570503351218
iodlac,markov_order_2,30,nearest,,10.0,240.0,0.6814598279463108,1.5267585606234937,4.288603456528803,4.424617545580017
iodlac,vq_ctw,30,linear,256.0,10.0,945.0,1.0,0.0,5.683751054926871,5.683751054926871
iodlac,vq_ctw,30,nearest,256.0,10.0,240.0,1.0,0.0,7.656541939754198,7.656541939754198
iodlac,vq_ctw,30,linear,512.0,10.0,945.0,1.0,0.0,6.015271758570224,6.015271758570224
iodlac,vq_ctw,30,nearest,512.0,10.0,240.0,1.0,0.0,7.62699208279783,7.62699208279783
iodlac,vq_ctw,30,linear,1024.0,10.0,945.0,1.0,0.0,5.5517715011065585,5.5517715011065585
iodlac,vq_ctw,30,nearest,1024.0,10.0,240.0,1.0,0.0,6.972267249100834,6.972267249100834
iofpli,direct_ctw,30,linear,,10.0,1007.0,0.8213658258312473,1.3572036955989446,4.404967677872776,4.551140101848449
iofpli,direct_ctw,30,nearest,,10.0,99.0,0.8021685916358781,1.113049615563813,4.2752512622970205,4.414421600998938
iofpli,markov_order_1,30,linear,,10.0,1007.0,0.7764381855371467,1.6177973212152865,4.404967677872776,4.551140101848449
iofpli,markov_order_1,30,nearest,,10.0,99.0,0.6324703824818966,1.6764478005575942,4.2752512622970205,4.414421600998938
iofpli,markov_order_2,30,linear,,10.0,1007.0,0.756932114628794,1.725550661025921,4.404967677872776,4.551140101848449
iofpli,markov_order_2,30,nearest,,10.0,99.0,0.645670562136199,1.6407054749497518,4.2752512622970205,4.414421600998938
iofpli,vq_ctw,30,linear,256.0,10.0,1007.0,1.0,0.0,7.161368259672657,7.161368259672657
iofpli,vq_ctw,30,nearest,256.0,10.0,99.0,1.0,0.0,7.651724406870506,7.651724406870506
iofpli,vq_ctw,30,linear,512.0,10.0,1007.0,1.0,0.0,7.097532448662528,7.097532448662528
iofpli,vq_ctw,30,nearest,512.0,10.0,99.0,1.0,0.0,7.975704888917628,7.975704888917628
iofpli,vq_ctw,30,linear,1024.0,10.0,1007.0,1.0,0.0,6.987773844858229,6.987773844858229
iofpli,vq_ctw,30,nearest,1024.0,10.0,99.0,1.0,0.0,7.485255534562083,7.485255534562083
ioivkn,direct_ctw,30,linear,,10.0,999.0,0.8238023867882366,1.391888986100851,3.9022956016241275,4.112660897140536
ioivkn,markov_order_1,30,linear,,10.0,999.0,0.747978105354791,1.844597181807582,3.9022956016241275,4.112660897140536
ioivkn,markov_order_2,30,linear,,10.0,999.0,0.7301167139371446,1.9444350124540086,3.9022956016241275,4.112660897140536
ioivkn,vq_ctw,30,linear,256.0,10.0,999.0,1.0,0.0,11.547159896040839,11.547159896040839
ioivkn,vq_ctw,30,linear,512.0,10.0,999.0,1.0,0.0,10.181749464397644,10.181749464397644
ioivkn,vq_ctw,30,linear,1024.0,10.0,999.0,1.0,0.0,10.917092494570323,10.917092494570323
iorjtw,direct_ctw,30,linear,,10.0,1007.0,0.7918531704629987,1.5081603030166695,4.291759213983574,4.459389544182427
iorjtw,direct_ctw,30,nearest,,10.0,331.0,0.8199001073696705,1.0862776668637093,4.020307076917085,4.187602816932927
iorjtw,markov_order_1,30,linear,,10.0,1007.0,0.7303487571766649,1.8387919154071097,4.291759213983574,4.459389544182427
iorjtw,markov_order_1,30,nearest,,10.0,331.0,0.6108185484093294,1.845165935057738,4.020307076917085,4.187602816932927
iorjtw,markov_order_2,30,linear,,10.0,1007.0,0.7157848687197889,1.9128518022116499,4.291759213983574,4.459389544182427
iorjtw,markov_order_2,30,nearest,,10.0,331.0,0.6368739729501056,1.773418337072699,4.020307076917085,4.187602816932927
iorjtw,vq_ctw,30,linear,256.0,10.0,1007.0,1.0,0.0,7.022496814978297,7.022496814978297
iorjtw,vq_ctw,30,nearest,256.0,10.0,331.0,1.0,0.0,9.345157660197131,9.345157660197131
iorjtw,vq_ctw,30,linear,512.0,10.0,1007.0,1.0,0.0,6.74100494622656,6.74100494622656
iorjtw,vq_ctw,30,nearest,512.0,10.0,331.0,1.0,0.0,10.377742336963259,10.377742336963259
iorjtw,vq_ctw,30,linear,1024.0,10.0,1007.0,1.0,0.0,6.62269752906282,6.62269752906282
iorjtw,vq_ctw,30,nearest,1024.0,10.0,331.0,1.0,0.0,9.61028019770381,9.61028019770381
iotklo,direct_ctw,30,linear,,10.0,1007.0,0.8273663860157103,1.237170510668116,4.516714648653056,4.636245387476931
iotklo,direct_ctw,30,nearest,,10.0,144.0,0.801726674447615,1.0539434625084694,4.217957410796137,4.367054685680317
iotklo,markov_order_1,30,linear,,10.0,1007.0,0.784243392932126,1.4690710809797565,4.516714648653056,4.636245387476931
iotklo,markov_order_1,30,nearest,,10.0,144.0,0.6825754618253982,1.5109453017224697,4.217957410796137,4.367054685680317
iotklo,markov_order_2,30,linear,,10.0,1007.0,0.7837652620213484,1.4715486539169649,4.516714648653056,4.636245387476931
iotklo,markov_order_2,30,nearest,,10.0,144.0,0.692858243467848,1.4549310917654077,4.217957410796137,4.367054685680317
iotklo,vq_ctw,30,linear,256.0,10.0,1007.0,1.0,0.0,6.052868231357717,6.052868231357717
iotklo,vq_ctw,30,nearest,256.0,10.0,144.0,1.0,0.0,8.023835184753583,8.023835184753583
iotklo,vq_ctw,30,linear,512.0,10.0,1007.0,1.0,0.0,6.149883686687039,6.149883686687039
iotklo,vq_ctw,30,nearest,512.0,10.0,144.0,1.0,0.0,7.68734343939004,7.68734343939004
iotklo,vq_ctw,30,linear,1024.0,10.0,1007.0,1.0,0.0,5.848073104851555,5.848073104851555
iotklo,vq_ctw,30,nearest,1024.0,10.0,144.0,1.0,0.0,7.154117530365923,7.154117530365923
iovhar,direct_ctw,30,linear,,10.0,1007.0,0.7984715978667224,1.3638043079094833,4.476505556749053,4.623573852698477
iovhar,direct_ctw,30,nearest,,10.0,236.0,0.8039797051781205,1.1135518092542067,4.250115580294553,4.423746950679031
iovhar,markov_order_1,30,linear,,10.0,1007.0,0.7521786561114328,1.5933818136946762,4.476505556749053,4.623573852698477
iovhar,markov_order_1,30,nearest,,10.0,236.0,0.5948841889812173,1.8013250600581994,4.250115580294553,4.423746950679031
iovhar,markov_order_2,30,linear,,10.0,1007.0,0.7458831015387289,1.6232697947350552,4.476505556749053,4.623573852698477
iovhar,markov_order_2,30,nearest,,10.0,236.0,0.6321475720109332,1.702351802684543,4.250115580294553,4.423746950679031
iovhar,vq_ctw,30,linear,256.0,10.0,1007.0,1.0,0.0,6.014245110323909,6.014245110323909
iovhar,vq_ctw,30,nearest,256.0,10.0,236.0,1.0,0.0,8.649732363248765,8.649732363248765
iovhar,vq_ctw,30,linear,512.0,10.0,1007.0,1.0,0.0,6.07697059632269,6.07697059632269
iovhar,vq_ctw,30,nearest,512.0,10.0,236.0,1.0,0.0,8.769563367646132,8.769563367646132
iovhar,vq_ctw,30,linear,1024.0,10.0,1007.0,1.0,0.0,5.784880812512605,5.784880812512605
iovhar,vq_ctw,30,nearest,1024.0,10.0,236.0,1.0,0.0,8.08427040305917,8.08427040305917
iovlit,direct_ctw,30,linear,,10.0,1007.0,0.825457423721022,1.2478094020322303,4.363157670678016,4.534001328334321
iovlit,direct_ctw,30,nearest,,10.0,73.0,0.844834483290926,0.9325888273287606,4.084853006280996,4.2655221077387395
iovlit,markov_order_1,30,linear,,10.0,1007.0,0.7863529451418529,1.458116515013427,4.363157670678016,4.534001328334321
iovlit,markov_order_1,30,nearest,,10.0,73.0,0.7186844498448943,1.4183342613979706,4.084853006280996,4.2655221077387395
iovlit,markov_order_2,30,linear,,10.0,1007.0,0.7754821207485241,1.5141638837080447,4.363157670678016,4.534001328334321
iovlit,markov_order_2,30,nearest,,10.0,73.0,0.7205545608251257,1.413504839586155,4.084853006280996,4.2655221077387395
iovlit,vq_ctw,30,linear,256.0,10.0,1007.0,1.0,0.0,5.851550154424664,5.851550154424664
iovlit,vq_ctw,30,nearest,256.0,10.0,73.0,1.0,0.0,8.368102518285184,8.368102518285184
iovlit,vq_ctw,30,linear,512.0,10.0,1007.0,1.0,0.0,6.195571172444426,6.195571172444426
iovlit,vq_ctw,30,nearest,512.0,10.0,73.0,1.0,0.0,8.106644029923796,8.106644029923796
iovlit,vq_ctw,30,linear,1024.0,10.0,1007.0,1.0,0.0,5.803351298548531,5.803351298548531
iovlit,vq_ctw,30,nearest,1024.0,10.0,73.0,1.0,0.0,7.482660634768726,7.482660634768726
ioytgo,direct_ctw,30,linear,,10.0,1003.0,0.8244642039055966,1.2774670819093092,3.9433462859359643,4.197385089336105
ioytgo,markov_order_1,30,linear,,10.0,1003.0,0.767305264132494,1.5876708632830419,3.9433462859359643,4.197385089336105
ioytgo,markov_order_2,30,linear,,10.0,1003.0,0.760816985245971,1.6211163037177658,3.9433462859359643,4.197385089336105
ioytgo,vq_ctw,30,linear,256.0,10.0,1003.0,1.0,0.0,8.026195731758571,8.026195731758571
ioytgo,vq_ctw,30,linear,512.0,10.0,1003.0,1.0,0.0,7.6192393351528835,7.6192393351528835
ioytgo,vq_ctw,30,linear,1024.0,10.0,1003.0,1.0,0.0,7.6296523393941476,7.6296523393941476
ipdioi,direct_ctw,30,linear,,10.0,1007.0,0.8271122365252092,1.3040290633456795,4.594136162571511,4.715510977807068
ipdioi,direct_ctw,30,nearest,,10.0,273.0,0.7957110083682711,1.1300426344720573,4.267409445507491,4.423560467159903
ipdioi,markov_order_1,30,linear,,10.0,1007.0,0.7781244596402652,1.5846144895309313,4.594136162571511,4.715510977807068
ipdioi,markov_order_1,30,nearest,,10.0,273.0,0.5918469708890781,1.777387827209975,4.267409445507491,4.423560467159903
ipdioi,markov_order_2,30,linear,,10.0,1007.0,0.7685499303037517,1.6369975793661822,4.594136162571511,4.715510977807068
ipdioi,markov_order_2,30,nearest,,10.0,273.0,0.6308008257562284,1.6788484703677713,4.267409445507491,4.423560467159903
ipdioi,vq_ctw,30,linear,256.0,10.0,1007.0,1.0,0.0,5.682083663373497,5.682083663373497
ipdioi,vq_ctw,30,nearest,256.0,10.0,273.0,1.0,0.0,7.919303537289503,7.919303537289503
ipdioi,vq_ctw,30,linear,512.0,10.0,1007.0,1.0,0.0,6.232652430990438,6.232652430990438
ipdioi,vq_ctw,30,nearest,512.0,10.0,273.0,1.0,0.0,7.513630588890168,7.513630588890168
ipdioi,vq_ctw,30,linear,1024.0,10.0,1007.0,1.0,0.0,5.650101655281896,5.650101655281896
ipdioi,vq_ctw,30,nearest,1024.0,10.0,273.0,1.0,0.0,6.853787155833458,6.853787155833458
ipdraw,direct_ctw,30,linear,,10.0,104.0,0.8246107536245163,1.0206643305959107,4.629750197242094,4.742170373966887
ipdraw,direct_ctw,30,nearest,,10.0,42.0,0.8430049754090264,0.941062035781601,4.162468148867008,4.335907685996826
ipdraw,markov_order_1,30,linear,,10.0,104.0,0.7428136297962429,1.336843556574016,4.629750197242094,4.742170373966887
ipdraw,markov_order_1,30,nearest,,10.0,42.0,0.7012920926786659,1.4771215300422225,4.162468148867008,4.335907685996826
ipdraw,markov_order_2,30,linear,,10.0,104.0,0.7462067386945443,1.3248216524437986,4.629750197242094,4.742170373966887
ipdraw,markov_order_2,30,nearest,,10.0,42.0,0.7423866711319232,1.3383501119739702,4.162468148867008,4.335907685996826
ipdraw,vq_ctw,30,linear,256.0,10.0,104.0,1.0,0.0,5.442192168758118,5.442192168758118
ipdraw,vq_ctw,30,nearest,256.0,10.0,42.0,1.0,0.0,7.52259783946465,7.52259783946465
ipdraw,vq_ctw,30,linear,512.0,10.0,104.0,1.0,0.0,5.875875509241736,5.875875509241736
ipdraw,vq_ctw,30,nearest,512.0,10.0,42.0,1.0,0.0,7.1323505598819565,7.1323505598819565
ipdraw,vq_ctw,30,linear,1024.0,10.0,104.0,1.0,0.0,5.280320655720282,5.280320655720282
ipdraw,vq_ctw,30,nearest,1024.0,10.0,42.0,1.0,0.0,6.637492394667468,6.637492394667468
iphesp,direct_ctw,30,linear,,10.0,1006.0,0.8538506917823014,1.2209511250818406,4.127812700146151,4.348866047322958
iphesp,direct_ctw,30,nearest,,10.0,37.0,0.8079196652391355,1.1517998561010043,4.139610081422771,4.337890477847019
iphesp,markov_order_1,30,linear,,10.0,1006.0,0.7933205335278717,1.613046925105633,4.127812700146151,4.348866047322958
iphesp,markov_order_1,30,nearest,,10.0,37.0,0.5185738675645181,2.116841206874956,4.139610081422771,4.337890477847019
iphesp,markov_order_2,30,linear,,10.0,1006.0,0.772329945727871,1.7410534082814373,4.127812700146151,4.348866047322958
iphesp,markov_order_2,30,nearest,,10.0,37.0,0.587223598209501,1.936372485816369,4.139610081422771,4.337890477847019
iphesp,vq_ctw,30,linear,256.0,10.0,1006.0,1.0,0.0,10.948839576407893,10.948839576407893
iphesp,vq_ctw,30,nearest,256.0,10.0,37.0,1.0,0.0,10.394472256062626,10.394472256062626
iphesp,vq_ctw,30,linear,512.0,10.0,1006.0,1.0,0.0,9.447828653438034,9.447828653438034
iphesp,vq_ctw,30,nearest,512.0,10.0,37.0,1.0,0.0,13.521676445268664,13.521676445268664
iphesp,vq_ctw,30,linear,1024.0,10.0,1006.0,1.0,0.0,10.153533572274034,10.153533572274034
iphesp,vq_ctw,30,nearest,1024.0,10.0,37.0,1.0,0.0,12.760677205235076,12.760677205235076
iphybc,direct_ctw,30,linear,,10.0,1007.0,0.8116070933168109,1.3498297913946562,4.402830855146748,4.581672777235949
iphybc,direct_ctw,30,nearest,,10.0,138.0,0.831695152282308,1.0029218036763439,4.31678282504094,4.496272076036763
iphybc,markov_order_1,30,linear,,10.0,1007.0,0.7502549225750497,1.6748498491047648,4.402830855146748,4.581672777235949
iphybc,markov_order_1,30,nearest,,10.0,138.0,0.6848798731677384,1.555172663228948,4.31678282504094,4.496272076036763
iphybc,markov_order_2,30,linear,,10.0,1007.0,0.7505932136259152,1.6731422712283186,4.402830855146748,4.581672777235949
iphybc,markov_order_2,30,nearest,,10.0,138.0,0.6848607294808623,1.554993828040303,4.31678282504094,4.496272076036763
iphybc,vq_ctw,30,linear,256.0,10.0,1007.0,1.0,0.0,7.960493260680435,7.960493260680435
iphybc,vq_ctw,30,nearest,256.0,10.0,138.0,1.0,0.0,8.313357314850196,8.313357314850196
iphybc,vq_ctw,30,linear,512.0,10.0,1007.0,1.0,0.0,7.34271265373332,7.34271265373332
iphybc,vq_ctw,30,nearest,512.0,10.0,138.0,1.0,0.0,8.882678600077966,8.882678600077966
iphybc,vq_ctw,30,linear,1024.0,10.0,1007.0,1.0,0.0,7.5123268393111164,7.5123268393111164
iphybc,vq_ctw,30,nearest,1024.0,10.0,138.0,1.0,0.0,8.376599194227968,8.376599194227968
ipjier,direct_ctw,30,linear,,10.0,1007.0,0.8419773950583913,1.1544976725011924,4.253655506462526,4.411398510604075
ipjier,direct_ctw,30,nearest,,10.0,39.0,0.8229678629425415,1.1705332763525378,3.929199241903883,4.165762916042628
ipjier,markov_order_1,30,linear,,10.0,1007.0,0.7987949329829853,1.3927204566580913,4.253655506462526,4.411398510604075
ipjier,markov_order_1,30,nearest,,10.0,39.0,0.5840162700622524,2.147349828149852,3.929199241903883,4.165762916042628
ipjier,markov_order_2,30,linear,,10.0,1007.0,0.7953441872371974,1.4109944490304003,4.253655506462526,4.411398510604075
ipjier,markov_order_2,30,nearest,,10.0,39.0,0.5712220314888722,2.1890456725864986,3.929199241903883,4.165762916042628
ipjier,vq_ctw,30,linear,256.0,10.0,1007.0,1.0,0.0,6.804126729534589,6.804126729534589
ipjier,vq_ctw,30,nearest,256.0,10.0,39.0,1.0,0.0,11.145664760467556,11.145664760467556
ipjier,vq_ctw,30,linear,512.0,10.0,1007.0,1.0,0.0,6.412467498027683,6.412467498027683
ipjier,vq_ctw,30,nearest,512.0,10.0,39.0,1.0,0.0,13.155293246385922,13.155293246385922
ipjier,vq_ctw,30,linear,1024.0,10.0,1007.0,1.0,0.0,6.285272249866656,6.285272249866656
ipjier,vq_ctw,30,nearest,1024.0,10.0,39.0,1.0,0.0,12.650245843541484,12.650245843541484
ippfei,direct_ctw,30,linear,,10.0,780.0,0.7953793201589637,1.4389449954046198,4.395113740658603,4.5606935827464845
ippfei,direct_ctw,30,nearest,,10.0,236.0,0.8065893517192281,1.0857194121219742,4.2949948794252455,4.453764859830952
ippfei,markov_order_1,30,linear,,10.0,780.0,0.735851071250619,1.7467480019209838,4.395113740658603,4.5606935827464845
ippfei,markov_order_1,30,nearest,,10.0,236.0,0.6186533592154574,1.704663502410235,4.2949948794252455,4.453764859830952
ippfei,markov_order_2,30,linear,,10.0,780.0,0.7203254816117947,1.8225218118211344,4.395113740658603,4.5606935827464845
ippfei,markov_order_2,30,nearest,,10.0,236.0,0.6403629470244301,1.6496091945967557,4.2949948794252455,4.453764859830952
ippfei,vq_ctw,30,linear,256.0,10.0,780.0,1.0,0.0,6.5032672281765525,6.5032672281765525
ippfei,vq_ctw,30,nearest,256.0,10.0,236.0,1.0,0.0,7.78959349325595,7.78959349325595
ippfei,vq_ctw,30,linear,512.0,10.0,780.0,1.0,0.0,6.523191024783852,6.523191024783852
ippfei,vq_ctw,30,nearest,512.0,10.0,236.0,1.0,0.0,8.20687986537762,8.20687986537762
ippfei,vq_ctw,30,linear,1024.0,10.0,780.0,1.0,0.0,6.423307133833833,6.423307133833833
ippfei,vq_ctw,30,nearest,1024.0,10.0,236.0,1.0,0.0,7.606381668331032,7.606381668331032
irjfen,direct_ctw,30,linear,,10.0,1007.0,0.7807479329343392,1.453812054992859,4.386200411211293,4.545448481068924
irjfen,direct_ctw,30,nearest,,10.0,248.0,0.8020416276148796,1.0989727751347707,4.415870687453976,4.551551308895362
irjfen,markov_order_1,30,linear,,10.0,1007.0,0.736548732209012,1.6670306126014707,4.386200411211293,4.545448481068924
irjfen,markov_order_1,30,nearest,,10.0,248.0,0.6168186515722257,1.7030150936620845,4.415870687453976,4.551551308895362
irjfen,markov_order_2,30,linear,,10.0,1007.0,0.7299909487478492,1.6973860659696403,4.386200411211293,4.545448481068924
irjfen,markov_order_2,30,nearest,,10.0,248.0,0.6608816376424486,1.5843732499468428,4.415870687453976,4.551551308895362
irjfen,vq_ctw,30,linear,256.0,10.0,1007.0,1.0,0.0,6.427781973343519,6.427781973343519
irjfen,vq_ctw,30,nearest,256.0,10.0,248.0,1.0,0.0,8.141633356165691,8.141633356165691
irjfen,vq_ctw,30,linear,512.0,10.0,1007.0,1.0,0.0,6.513046394754548,6.513046394754548
irjfen,vq_ctw,30,nearest,512.0,10.0,248.0,1.0,0.0,7.854051253086258,7.854051253086258
irjfen,vq_ctw,30,linear,1024.0,10.0,1007.0,1.0,0.0,6.222885204253103,6.222885204253103
irjfen,vq_ctw,30,nearest,1024.0,10.0,248.0,1.0,0.0,7.2719561431676585,7.2719561431676585
isekdy,direct_ctw,30,linear,,10.0,1007.0,0.8116056951396919,1.4153843432728273,4.435629378301539,4.581616961970864
isekdy,markov_order_1,30,linear,,10.0,1007.0,0.7581079568766949,1.7191414098705329,4.435629378301539,4.581616961970864
isekdy,markov_order_2,30,linear,,10.0,1007.0,0.7403716959229054,1.814682061602487,4.435629378301539,4.581616961970864
isekdy,vq_ctw,30,linear,256.0,10.0,1007.0,1.0,0.0,7.511525834532822,7.511525834532822
isekdy,vq_ctw,30,linear,512.0,10.0,1007.0,1.0,0.0,7.24588193352494,7.24588193352494
isekdy,vq_ctw,30,linear,1024.0,10.0,1007.0,1.0,0.0,7.244601031678698,7.244601031678698
isfikt,direct_ctw,30,linear,,10.0,1007.0,0.823089772281755,1.307487442133527,4.246150979425308,4.407658083449814
isfikt,direct_ctw,30,nearest,,10.0,33.0,0.817246515245008,1.1104041872317576,3.8829388783437158,4.18230444181713
isfikt,markov_order_1,30,linear,,10.0,1007.0,0.7730238441721664,1.5864037129581312,4.246150979425308,4.407658083449814
isfikt,markov_order_1,30,nearest,,10.0,33.0,0.547607315587716,2.0438737556835624,3.8829388783437158,4.18230444181713
isfikt,markov_order_2,30,linear,,10.0,1007.0,0.7640939796687409,1.6338798263268013,4.246150979425308,4.407658083449814
isfikt,markov_order_2,30,nearest,,10.0,33.0,0.5835183940942592,1.946819163288526,3.8829388783437158,4.18230444181713
isfikt,vq_ctw,30,linear,256.0,10.0,1007.0,1.0,0.0,7.124091207536206,7.124091207536206
isfikt,vq_ctw,30,nearest,256.0,10.0,33.0,1.0,0.0,11.177032987274423,11.177032987274423
isfikt,vq_ctw,30,linear,512.0,10.0,1007.0,1.0,0.0,6.7066651712621965,6.7066651712621965
isfikt,vq_ctw,30,nearest,512.0,10.0,33.0,1.0,0.0,13.695325086536705,13.695325086536705
isfikt,vq_ctw,30,linear,1024.0,10.0,1007.0,1.0,0.0,6.835313823042153,6.835313823042153
isfikt,vq_ctw,30,nearest,1024.0,10.0,33.0,1.0,0.0,13.204430509952449,13.204430509952449
ishvir,direct_ctw,30,linear,,10.0,1007.0,0.7777679419663301,1.388106544852248,4.527916842180846,4.673368899616574
ishvir,direct_ctw,30,nearest,,10.0,115.0,0.8136845458753248,1.0293121961699123,4.289839384839649,4.446200964193258
ishvir,markov_order_1,30,linear,,10.0,1007.0,0.7299979171943908,1.5994593011160188,4.527916842180846,4.673368899616574
ishvir,markov_order_1,30,nearest,,10.0,115.0,0.6688989746087375,1.521736130039267,4.289839384839649,4.446200964193258
ishvir,markov_order_2,30,linear,,10.0,1007.0,0.7306312415744222,1.5967710949760536,4.527916842180846,4.673368899616574
ishvir,markov_order_2,30,nearest,,10.0,115.0,0.6805361195433433,1.491995992082554,4.289839384839649,4.446200964193258
ishvir,vq_ctw,30,linear,256.0,10.0,1007.0,1.0,0.0,5.718103361832037,5.718103361832037
ishvir,vq_ctw,30,nearest,256.0,10.0,115.0,1.0,0.0,8.383714814390034,8.383714814390034
ishvir,vq_ctw,30,linear,512.0,10.0,1007.0,1.0,0.0,5.978029607080531,5.978029607080531
ishvir,vq_ctw,30,nearest,512.0,10.0,115.0,1.0,0.0,8.24994128149012,8.24994128149012
ishvir,vq_ctw,30,linear,1024.0,10.0,1007.0,1.0,0.0,5.477304307705562,5.477304307705562
ishvir,vq_ctw,30,nearest,1024.0,10.0,115.0,1.0,0.0,7.557281498652361,7.557281498652361
isnthl,direct_ctw,30,linear,,10.0,320.0,0.873519842279328,0.8413832024301376,4.057579301540218,4.249965129203148
isnthl,markov_order_1,30,linear,,10.0,320.0,0.8071649414190001,1.155113792191835,4.057579301540218,4.249965129203148
isnthl,markov_order_2,30,linear,,10.0,320.0,0.8185952131455444,1.1043494415388813,4.057579301540218,4.249965129203148
isnthl,vq_ctw,30,linear,256.0,10.0,320.0,1.0,0.0,6.961211313670022,6.961211313670022
isnthl,vq_ctw,30,linear,512.0,10.0,320.0,1.0,0.0,6.142509714785739,6.142509714785739
isnthl,vq_ctw,30,linear,1024.0,10.0,320.0,1.0,0.0,6.271412172142446,6.271412172142446
ispaww,direct_ctw,30,linear,,10.0,1007.0,0.8125762063712616,1.3444308175968454,4.383387277469306,4.538450235492087
ispaww,direct_ctw,30,nearest,,10.0,67.0,0.8339659484789921,0.9796699601319061,3.936632601626151,4.140369649448424
ispaww,markov_order_1,30,linear,,10.0,1007.0,0.7677584580373251,1.585322129001751,4.383387277469306,4.538450235492087
ispaww,markov_order_1,30,nearest,,10.0,67.0,0.6826118436575788,1.5290190605218497,3.936632601626151,4.140369649448424
ispaww,markov_order_2,30,linear,,10.0,1007.0,0.7565500156483138,1.6429291380222006,4.383387277469306,4.538450235492087
ispaww,markov_order_2,30,nearest,,10.0,67.0,0.6830700569367197,1.5343834450070974,3.936632601626151,4.140369649448424
ispaww,vq_ctw,30,linear,256.0,10.0,1007.0,1.0,0.0,6.653979169305611,6.653979169305611
ispaww,vq_ctw,30,nearest,256.0,10.0,67.0,1.0,0.0,8.555223998296642,8.555223998296642
ispaww,vq_ctw,30,linear,512.0,10.0,1007.0,1.0,0.0,6.80293854093007,6.80293854093007
ispaww,vq_ctw,30,nearest,512.0,10.0,67.0,1.0,0.0,8.948274686799015,8.948274686799015
ispaww,vq_ctw,30,linear,1024.0,10.0,1007.0,1.0,0.0,6.439596705040758,6.439596705040758
ispaww,vq_ctw,30,nearest,1024.0,10.0,67.0,1.0,0.0,8.440537439561915,8.440537439561915
isvayd,direct_ctw,30,linear,,10.0,1005.0,0.844296228314527,1.2603652007835866,3.9350945939705726,4.129452184793563
isvayd,direct_ctw,30,nearest,,10.0,32.0,0.8597210882573645,0.8073056052578654,3.8200982860303627,3.911721303030262
isvayd,markov_order_1,30,linear,,10.0,1005.0,0.781874258303451,1.6483112293582123,3.9350945939705726,4.129452184793563
isvayd,markov_order_1,30,nearest,,10.0,32.0,0.745492171321039,1.2217303617051603,3.8200982860303627,3.911721303030262
isvayd,markov_order_2,30,linear,,10.0,1005.0,0.765911278081526,1.7419000038918233,3.9350945939705726,4.129452184793563
isvayd,markov_order_2,30,nearest,,10.0,32.0,0.7538588937017646,1.1952288591166964,3.8200982860303627,3.911721303030262
isvayd,vq_ctw,30,linear,256.0,10.0,1005.0,1.0,0.0,10.598927653250314,10.598927653250314
isvayd,vq_ctw,30,nearest,256.0,10.0,32.0,1.0,0.0,7.50052529720681,7.50052529720681
isvayd,vq_ctw,30,linear,512.0,10.0,1005.0,1.0,0.0,9.29295016235186,9.29295016235186
isvayd,vq_ctw,30,nearest,512.0,10.0,32.0,1.0,0.0,10.507041023607805,10.507041023607805
isvayd,vq_ctw,30,linear,1024.0,10.0,1005.0,1.0,0.0,9.910746964654841,9.910746964654841
isvayd,vq_ctw,30,nearest,1024.0,10.0,32.0,1.0,0.0,10.086662756907966,10.086662756907966
itacfl,direct_ctw,30,linear,,10.0,1007.0,0.8383300744747031,1.1975756734303689,4.3784834931986225,4.51906479761201
itacfl,direct_ctw,30,nearest,,10.0,72.0,0.8378612413274532,0.9808807114670048,4.2890366158768956,4.3927406907805855
itacfl,markov_order_1,30,linear,,10.0,1007.0,0.8009327281027601,1.4087183264933028,4.3784834931986225,4.51906479761201
itacfl,markov_order_1,30,nearest,,10.0,72.0,0.6840821153613188,1.5668378176013968,4.2890366158768956,4.3927406907805855
itacfl,markov_order_2,30,linear,,10.0,1007.0,0.7929098267335175,1.4522980648091957,4.3784834931986225,4.51906479761201
itacfl,markov_order_2,30,nearest,,10.0,72.0,0.6801235582999284,1.5856267392915784,4.2890366158768956,4.3927406907805855
itacfl,vq_ctw,30,linear,256.0,10.0,1007.0,1.0,0.0,6.056705015665029,6.056705015665029
itacfl,vq_ctw,30,nearest,256.0,10.0,72.0,1.0,0.0,8.42314989865892,8.42314989865892
itacfl,vq_ctw,30,linear,512.0,10.0,1007.0,1.0,0.0,6.116119554626652,6.116119554626652
itacfl,vq_ctw,30,nearest,512.0,10.0,72.0,1.0,0.0,7.730809136888341,7.730809136888341
itacfl,vq_ctw,30,linear,1024.0,10.0,1007.0,1.0,0.0,5.829526533298588,5.829526533298588
itacfl,vq_ctw,30,nearest,1024.0,10.0,72.0,1.0,0.0,7.081250569842009,7.081250569842009
itbadp,direct_ctw,30,linear,,10.0,1007.0,0.8320041192339612,1.255358537081189,4.500706790186063,4.630505992961536
itbadp,direct_ctw,30,nearest,,10.0,39.0,0.7898674968158617,1.0747880763037574,4.513703390530766,4.629400747426141
itbadp,markov_order_1,30,linear,,10.0,1007.0,0.7855916572437964,1.5184709247344372,4.500706790186063,4.630505992961536
itbadp,markov_order_1,30,nearest,,10.0,39.0,0.6256134503052851,1.5473693946649494,4.513703390530766,4.629400747426141
itbadp,markov_order_2,30,linear,,10.0,1007.0,0.77728493843405,1.5635193731016421,4.500706790186063,4.630505992961536
itbadp,markov_order_2,30,nearest,,10.0,39.0,0.6645975210700616,1.4519514480771243,4.513703390530766,4.629400747426141
itbadp,vq_ctw,30,linear,256.0,10.0,1007.0,1.0,0.0,6.660854716886076,6.660854716886076
itbadp,vq_ctw,30,nearest,256.0,10.0,39.0,1.0,0.0,6.918676097857686,6.918676097857686
itbadp,vq_ctw,30,linear,512.0,10.0,1007.0,1.0,0.0,6.561721346845907,6.561721346845907
itbadp,vq_ctw,30,nearest,512.0,10.0,39.0,1.0,0.0,6.70680270197187,6.70680270197187
itbadp,vq_ctw,30,linear,1024.0,10.0,1007.0,1.0,0.0,6.510079921914481,6.510079921914481
itbadp,vq_ctw,30,nearest,1024.0,10.0,39.0,1.0,0.0,5.9321818878849815,5.9321818878849815
itbejs,direct_ctw,30,linear,,10.0,994.0,0.8657809865537234,0.9456967527121509,4.435552909157321,4.534787056707403
itbejs,direct_ctw,30,nearest,,10.0,190.0,0.8139151493957312,1.028899686339712,4.254181063422134,4.384490100952756
itbejs,markov_order_1,30,linear,,10.0,994.0,0.8313501701334383,1.128066751961046,4.435552909157321,4.534787056707403
itbejs,markov_order_1,30,nearest,,10.0,190.0,0.6611436647387355,1.5434367907793691,4.254181063422134,4.384490100952756
itbejs,markov_order_2,30,linear,,10.0,994.0,0.8367273084288713,1.100446094890549,4.435552909157321,4.534787056707403
itbejs,markov_order_2,30,nearest,,10.0,190.0,0.6826581221823848,1.4820007928996737,4.254181063422134,4.384490100952756
itbejs,vq_ctw,30,linear,256.0,10.0,994.0,1.0,0.0,5.101359107737245,5.101359107737245
itbejs,vq_ctw,30,nearest,256.0,10.0,190.0,1.0,0.0,7.882687799547115,7.882687799547115
itbejs,vq_ctw,30,linear,512.0,10.0,994.0,1.0,0.0,5.4231010941535445,5.4231010941535445
itbejs,vq_ctw,30,nearest,512.0,10.0,190.0,1.0,0.0,7.063341164522733,7.063341164522733
itbejs,vq_ctw,30,linear,1024.0,10.0,994.0,1.0,0.0,5.0817060315209,5.0817060315209
itbejs,vq_ctw,30,nearest,1024.0,10.0,190.0,1.0,0.0,6.499472018759853,6.499472018759853
itcemr,direct_ctw,30,linear,,10.0,969.0,0.7926782793941642,1.4795726134368394,4.356680049611059,4.522655307005248
itcemr,direct_ctw,30,nearest,,10.0,147.0,0.8014617439598504,1.137935773019706,4.105600322473452,4.274552352906609
itcemr,markov_order_1,30,linear,,10.0,969.0,0.7340382628894854,1.789072965556922,4.356680049611059,4.522655307005248
itcemr,markov_order_1,30,nearest,,10.0,147.0,0.6022235545744266,1.8520425331394819,4.105600322473452,4.274552352906609
itcemr,markov_order_2,30,linear,,10.0,969.0,0.7165829742439416,1.876104481842387,4.356680049611059,4.522655307005248
itcemr,markov_order_2,30,nearest,,10.0,147.0,0.6252288629162174,1.7725516296105481,4.105600322473452,4.274552352906609
itcemr,vq_ctw,30,linear,256.0,10.0,969.0,1.0,0.0,7.485114664309228,7.485114664309228
itcemr,vq_ctw,30,nearest,256.0,10.0,147.0,1.0,0.0,8.804009364426394,8.804009364426394
itcemr,vq_ctw,30,linear,512.0,10.0,969.0,1.0,0.0,7.253907301763522,7.253907301763522
itcemr,vq_ctw,30,nearest,512.0,10.0,147.0,1.0,0.0,9.411212337609856,9.411212337609856
itcemr,vq_ctw,30,linear,1024.0,10.0,969.0,1.0,0.0,7.225328082255157,7.225328082255157
itcemr,vq_ctw,30,nearest,1024.0,10.0,147.0,1.0,0.0,8.682534056453415,8.682534056453415
ithpet,direct_ctw,30,linear,,10.0,1007.0,0.8395884790800239,1.2288862982809052,4.005528165656891,4.227631134582771
ithpet,markov_order_1,30,linear,,10.0,1007.0,0.7851083319395666,1.5459231905049255,4.005528165656891,4.227631134582771
ithpet,markov_order_2,30,linear,,10.0,1007.0,0.7796246707724869,1.5763378723024233,4.005528165656891,4.227631134582771
ithpet,vq_ctw,30,linear,256.0,10.0,1007.0,1.0,0.0,8.456711972312874,8.456711972312874
ithpet,vq_ctw,30,linear,512.0,10.0,1007.0,1.0,0.0,7.311551546063406,7.311551546063406
ithpet,vq_ctw,30,linear,1024.0,10.0,1007.0,1.0,0.0,7.812374876927718,7.812374876927718
itmeps,direct_ctw,30,linear,,10.0,979.0,0.844531422101902,1.161190805440202,4.012250500675117,4.207062874153111
itmeps,markov_order_1,30,linear,,10.0,979.0,0.7983676683791999,1.4227140331678914,4.012250500675117,4.207062874153111
itmeps,markov_order_2,30,linear,,10.0,979.0,0.7898580552713269,1.4687256625112886,4.012250500675117,4.207062874153111
itmeps,vq_ctw,30,linear,256.0,10.0,979.0,1.0,0.0,7.768725783539744,7.768725783539744
itmeps,vq_ctw,30,linear,512.0,10.0,979.0,1.0,0.0,7.451288264854204,7.451288264854204
itmeps,vq_ctw,30,linear,1024.0,10.0,979.0,1.0,0.0,7.3805564380103315,7.3805564380103315
itpivo,direct_ctw,30,linear,,10.0,1006.0,0.8242237200604787,1.2788354168902383,4.425617609923344,4.572308885486048
itpivo,direct_ctw,30,nearest,,10.0,34.0,0.8223669526626427,0.9564132804863561,4.5148193495000575,4.5846656873324845
itpivo,markov_order_1,30,linear,,10.0,1006.0,0.7806704606040356,1.5176969141211882,4.425617609923344,4.572308885486048
itpivo,markov_order_1,30,nearest,,10.0,34.0,0.670932840439149,1.4355295619984183,4.5148193495000575,4.5846656873324845
itpivo,markov_order_2,30,linear,,10.0,1006.0,0.7706136084738363,1.5704866472732086,4.425617609923344,4.572308885486048
itpivo,markov_order_2,30,nearest,,10.0,34.0,0.6919350554813517,1.3791985120819805,4.5148193495000575,4.5846656873324845
itpivo,vq_ctw,30,linear,256.0,10.0,1006.0,1.0,0.0,6.425928270692954,6.425928270692954
itpivo,vq_ctw,30,nearest,256.0,10.0,34.0,1.0,0.0,7.423701814391376,7.423701814391376
itpivo,vq_ctw,30,linear,512.0,10.0,1006.0,1.0,0.0,6.616677130571574,6.616677130571574
itpivo,vq_ctw,30,nearest,512.0,10.0,34.0,1.0,0.0,6.676163664121903,6.676163664121903
itpivo,vq_ctw,30,linear,1024.0,10.0,1006.0,1.0,0.0,6.33119744018248,6.33119744018248
itpivo,vq_ctw,30,nearest,1024.0,10.0,34.0,1.0,0.0,5.990679903132019,5.990679903132019
itquir,direct_ctw,30,linear,,10.0,1007.0,0.8287075147084371,1.2945104307693547,4.3504007403733675,4.49437613779013
itquir,direct_ctw,30,nearest,,10.0,109.0,0.806571633733277,1.1011827679254305,4.421742272237859,4.588105974982868
itquir,markov_order_1,30,linear,,10.0,1007.0,0.7801894159923757,1.5732172996097502,4.3504007403733675,4.49437613779013
itquir,markov_order_1,30,nearest,,10.0,109.0,0.5987484490362354,1.870076669971653,4.421742272237859,4.588105974982868
itquir,markov_order_2,30,linear,,10.0,1007.0,0.7674401567777858,1.643020744654449,4.3504007403733675,4.49437613779013
itquir,markov_order_2,30,nearest,,10.0,109.0,0.6416856187762455,1.7117406044017294,4.421742272237859,4.588105974982868
itquir,vq_ctw,30,linear,256.0,10.0,1007.0,1.0,0.0,6.258207177754397,6.258207177754397
itquir,vq_ctw,30,nearest,256.0,10.0,109.0,1.0,0.0,8.800520141856044,8.800520141856044
itquir,vq_ctw,30,linear,512.0,10.0,1007.0,1.0,0.0,6.494593324872811,6.494593324872811
itquir,vq_ctw,30,nearest,512.0,10.0,109.0,1.0,0.0,7.597544779942663,7.597544779942663
itquir,vq_ctw,30,linear,1024.0,10.0,1007.0,1.0,0.0,6.174773489315065,6.174773489315065
itquir,vq_ctw,30,nearest,1024.0,10.0,109.0,1.0,0.0,6.979414541773622,6.979414541773622
ivheoo,direct_ctw,30,linear,,10.0,1007.0,0.7843781410477955,1.5730411278824041,4.436372694425569,4.63046975104918
ivheoo,direct_ctw,30,nearest,,10.0,257.0,0.7874587665685385,1.1677211996336854,4.192087357231317,4.397658125487132
ivheoo,markov_order_1,30,linear,,10.0,1007.0,0.7125608345664046,1.959773153289971,4.436372694425569,4.63046975104918
ivheoo,markov_order_1,30,nearest,,10.0,257.0,0.5660737094210756,1.8759922386940726,4.192087357231317,4.397658125487132
ivheoo,markov_order_2,30,linear,,10.0,1007.0,0.6946957827891054,2.050079927561739,4.436372694425569,4.63046975104918
ivheoo,markov_order_2,30,nearest,,10.0,257.0,0.627725294484014,1.6922099889379703,4.192087357231317,4.397658125487132
ivheoo,vq_ctw,30,linear,256.0,10.0,1007.0,1.0,0.0,8.686501136824065,8.686501136824065
ivheoo,vq_ctw,30,nearest,256.0,10.0,257.0,1.0,0.0,8.297954095140067,8.297954095140067
ivheoo,vq_ctw,30,linear,512.0,10.0,1007.0,1.0,0.0,8.03351802936776,8.03351802936776
ivheoo,vq_ctw,30,nearest,512.0,10.0,257.0,1.0,0.0,9.316089600703837,9.316089600703837
ivheoo,vq_ctw,30,linear,1024.0,10.0,1007.0,1.0,0.0,7.992819171005921,7.992819171005921
ivheoo,vq_ctw,30,nearest,1024.0,10.0,257.0,1.0,0.0,8.67192721540758,8.67192721540758
ivkock,direct_ctw,30,linear,,10.0,1007.0,0.8187019009485986,1.3100969587395546,3.9902874455253294,4.243851182030987
ivkock,direct_ctw,30,nearest,,10.0,112.0,0.8298243500410957,0.9837028415711249,4.138683603750297,4.33098812457733
ivkock,markov_order_1,30,linear,,10.0,1007.0,0.7715914729045861,1.5653903564228382,3.9902874455253294,4.243851182030987
ivkock,markov_order_1,30,nearest,,10.0,112.0,0.6716393340670762,1.561003814611271,4.138683603750297,4.33098812457733
ivkock,markov_order_2,30,linear,,10.0,1007.0,0.7620656450157401,1.614705906910156,3.9902874455253294,4.243851182030987
ivkock,markov_order_2,30,nearest,,10.0,112.0,0.696644825786146,1.4838647061548096,4.138683603750297,4.33098812457733
ivkock,vq_ctw,30,linear,256.0,10.0,1007.0,1.0,0.0,7.195426467837879,7.195426467837879
ivkock,vq_ctw,30,nearest,256.0,10.0,112.0,1.0,0.0,8.970394290235532,8.970394290235532
ivkock,vq_ctw,30,linear,512.0,10.0,1007.0,1.0,0.0,7.157859637878197,7.157859637878197
ivkock,vq_ctw,30,nearest,512.0,10.0,112.0,1.0,0.0,7.5604205115023815,7.5604205115023815
ivkock,vq_ctw,30,linear,1024.0,10.0,1007.0,1.0,0.0,6.933185404183664,6.933185404183664
ivkock,vq_ctw,30,nearest,1024.0,10.0,112.0,1.0,0.0,6.986443920305893,6.986443920305893
izowcu,direct_ctw,30,linear,,10.0,993.0,0.9209555599073377,0.6821745873498752,4.9628239554780125,5.109791198974778
izowcu,direct_ctw,30,nearest,,10.0,44.0,0.8328388506190714,1.0393054752206732,4.212575328412824,4.440470258752147
izowcu,markov_order_1,30,linear,,10.0,993.0,0.8739904892565188,0.9981311631060534,4.9628239554780125,5.109791198974778
izowcu,markov_order_1,30,nearest,,10.0,44.0,0.6586196452259638,1.7187941255264372,4.212575328412824,4.440470258752147
izowcu,markov_order_2,30,linear,,10.0,993.0,0.8816387281105206,0.9489526966488617,4.9628239554780125,5.109791198974778
izowcu,markov_order_2,30,nearest,,10.0,44.0,0.6536966880081873,1.7348145879655177,4.212575328412824,4.440470258752147
izowcu,vq_ctw,30,linear,256.0,10.0,993.0,1.0,0.0,5.998809895106136,5.998809895106136
izowcu,vq_ctw,30,nearest,256.0,10.0,44.0,1.0,0.0,8.35652775270757,8.35652775270757
izowcu,vq_ctw,30,linear,512.0,10.0,993.0,1.0,0.0,5.844085581726606,5.844085581726606
izowcu,vq_ctw,30,nearest,512.0,10.0,44.0,1.0,0.0,8.286160506661329,8.286160506661329
izowcu,vq_ctw,30,linear,1024.0,10.0,993.0,1.0,0.0,5.652812440074941,5.652812440074941
izowcu,vq_ctw,30,nearest,1024.0,10.0,44.0,1.0,0.0,7.873071086129939,7.873071086129939
oadwow,direct_ctw,30,linear,,10.0,79.0,0.8032719187316006,1.0271424251329557,4.805741897948862,4.91609563364953
oadwow,markov_order_1,30,linear,,10.0,79.0,0.7388227048208817,1.2424739544858416,4.805741897948862,4.91609563364953
oadwow,markov_order_2,30,linear,,10.0,79.0,0.7388214244269646,1.242477904621817,4.805741897948862,4.91609563364953
oadwow,vq_ctw,30,linear,256.0,10.0,79.0,1.0,0.0,5.177519308521142,5.177519308521142
oadwow,vq_ctw,30,linear,512.0,10.0,79.0,1.0,0.0,5.773516456982931,5.773516456982931
oadwow,vq_ctw,30,linear,1024.0,10.0,79.0,1.0,0.0,5.051808169497589,5.051808169497589
oafhyn,direct_ctw,30,linear,,10.0,998.0,0.8228109998738455,1.3091047722577376,4.377202043957574,4.520127585791886
oafhyn,direct_ctw,30,nearest,,10.0,169.0,0.8246090932781983,0.9973025558927431,4.348050326277333,4.495089276425628
oafhyn,markov_order_1,30,linear,,10.0,998.0,0.7773316342494492,1.563267757234344,4.377202043957574,4.520127585791886
oafhyn,markov_order_1,30,nearest,,10.0,169.0,0.6905030672463565,1.4847154944774459,4.348050326277333,4.495089276425628
oafhyn,markov_order_2,30,linear,,10.0,998.0,0.7655329729017613,1.6262729237124836,4.377202043957574,4.520127585791886
oafhyn,markov_order_2,30,nearest,,10.0,169.0,0.7021316431083988,1.4442018152394938,4.348050326277333,4.495089276425628
oafhyn,vq_ctw,30,linear,256.0,10.0,998.0,1.0,0.0,6.112164038804201,6.112164038804201
oafhyn,vq_ctw,30,nearest,256.0,10.0,169.0,1.0,0.0,7.473907178320483,7.473907178320483
oafhyn,vq_ctw,30,linear,512.0,10.0,998.0,1.0,0.0,6.299917200846239,6.299917200846239
oafhyn,vq_ctw,30,nearest,512.0,10.0,169.0,1.0,0.0,7.351780997620004,7.351780997620004
oafhyn,vq_ctw,30,linear,1024.0,10.0,998.0,1.0,0.0,6.053866423031459,6.053866423031459
oafhyn,vq_ctw,30,nearest,1024.0,10.0,169.0,1.0,0.0,6.716953209292805,6.716953209292805
oahudf,direct_ctw,30,linear,,10.0,992.0,0.8179369339480225,1.2893699394711509,4.453718479664202,4.617442033974627
oahudf,direct_ctw,30,nearest,,10.0,183.0,0.8049262079434056,1.0621555249241714,4.359107366662261,4.513277401100893
oahudf,markov_order_1,30,linear,,10.0,992.0,0.775530666054141,1.5139157981440479,4.453718479664202,4.617442033974627
oahudf,markov_order_1,30,nearest,,10.0,183.0,0.6620621906251133,1.5334324608783296,4.359107366662261,4.513277401100893
oahudf,markov_order_2,30,linear,,10.0,992.0,0.7712618206564035,1.535656957562943,4.453718479664202,4.617442033974627
oahudf,markov_order_2,30,nearest,,10.0,183.0,0.6622632301553683,1.5353759938045797,4.359107366662261,4.513277401100893
oahudf,vq_ctw,30,linear,256.0,10.0,992.0,1.0,0.0,6.209901687332215,6.209901687332215
oahudf,vq_ctw,30,nearest,256.0,10.0,183.0,1.0,0.0,7.855981248552216,7.855981248552216
oahudf,vq_ctw,30,linear,512.0,10.0,992.0,1.0,0.0,6.285904749084008,6.285904749084008
oahudf,vq_ctw,30,nearest,512.0,10.0,183.0,1.0,0.0,7.197589206593579,7.197589206593579
oahudf,vq_ctw,30,linear,1024.0,10.0,992.0,1.0,0.0,6.07327493774397,6.07327493774397
oahudf,vq_ctw,30,nearest,1024.0,10.0,183.0,1.0,0.0,6.512091576823949,6.512091576823949
oakpik,direct_ctw,30,linear,,10.0,994.0,0.8450548039975194,1.1367953332719327,4.66297578266974,4.8023588315216275
oakpik,direct_ctw,30,nearest,,10.0,160.0,0.8179413148137435,1.0279669123127058,4.4091536335629264,4.561362790732101
oakpik,markov_order_1,30,linear,,10.0,994.0,0.8055986920947615,1.3563755547264886,4.66297578266974,4.8023588315216275
oakpik,markov_order_1,30,nearest,,10.0,160.0,0.651987987513772,1.578212421978502,4.4091536335629264,4.561362790732101
oakpik,markov_order_2,30,linear,,10.0,994.0,0.7985076277394396,1.3942459894056811,4.66297578266974,4.8023588315216275
oakpik,markov_order_2,30,nearest,,10.0,160.0,0.667208291108211,1.5457674214277588,4.4091536335629264,4.561362790732101
oakpik,vq_ctw,30,linear,256.0,10.0,994.0,1.0,0.0,5.72358914735986,5.72358914735986
oakpik,vq_ctw,30,nearest,256.0,10.0,160.0,0.9999999999994987,0.042900605455621334,7.604155404585137,7.604155404585137
oakpik,vq_ctw,30,linear,512.0,10.0,994.0,1.0,0.0,5.928295178099799,5.928295178099799
oakpik,vq_ctw,30,nearest,512.0,10.0,160.0,1.0,0.0,7.1286453779873655,7.1286453779873655
oakpik,vq_ctw,30,linear,1024.0,10.0,994.0,1.0,0.0,5.466115316881616,5.466115316881616
oakpik,vq_ctw,30,nearest,1024.0,10.0,160.0,1.0,0.0,6.468759854618033,6.468759854618033
oapwyc,direct_ctw,30,linear,,10.0,1007.0,0.8244702392833337,1.1967888116690968,4.521712454626564,4.658322405892897
oapwyc,direct_ctw,30,nearest,,10.0,155.0,0.8177130788520776,0.9830039889829202,4.432043135152629,4.585437560723638
oapwyc,markov_order_1,30,linear,,10.0,1007.0,0.7932710882154016,1.3553702066779978,4.521712454626564,4.658322405892897
oapwyc,markov_order_1,30,nearest,,10.0,155.0,0.7102463176950452,1.427987410784006,4.432043135152629,4.585437560723638
oapwyc,markov_order_2,30,linear,,10.0,1007.0,0.786996816895561,1.3861936839194222,4.521712454626564,4.658322405892897
oapwyc,markov_order_2,30,nearest,,10.0,155.0,0.6992392013769277,1.4202588325106538,4.432043135152629,4.585437560723638
oapwyc,vq_ctw,30,linear,256.0,10.0,1007.0,1.0,0.0,5.548736098861382,5.548736098861382
oapwyc,vq_ctw,30,nearest,256.0,10.0,155.0,1.0,0.0,7.674930664413287,7.674930664413287
oapwyc,vq_ctw,30,linear,512.0,10.0,1007.0,1.0,0.0,6.019241930069307,6.019241930069307
oapwyc,vq_ctw,30,nearest,512.0,10.0,155.0,1.0,0.0,6.920421635506487,6.920421635506487
oapwyc,vq_ctw,30,linear,1024.0,10.0,1007.0,1.0,0.0,5.423169786708605,5.423169786708605
oapwyc,vq_ctw,30,nearest,1024.0,10.0,155.0,1.0,0.0,6.309180166956368,6.309180166956368
oasthu,direct_ctw,30,linear,,10.0,973.0,0.8661925352054777,1.09055959381438,4.001540640415611,4.161388560117321
oasthu,direct_ctw,30,nearest,,10.0,34.0,0.8171603986405012,1.1107901949990782,3.4158187669932185,3.6778550720620418
oasthu,markov_order_1,30,linear,,10.0,973.0,0.8105251145892154,1.4406293154678513,4.001540640415611,4.161388560117321
oasthu,markov_order_1,30,nearest,,10.0,34.0,0.5643515797563473,1.999562335055719,3.4158187669932185,3.6778550720620418
oasthu,markov_order_2,30,linear,,10.0,973.0,0.7975039753649487,1.518021957420247,4.001540640415611,4.161388560117321
oasthu,markov_order_2,30,nearest,,10.0,34.0,0.5911257534751708,1.925282165673148,3.4158187669932185,3.6778550720620418
oasthu,vq_ctw,30,linear,256.0,10.0,973.0,1.0,0.0,9.839074674553054,9.839074674553054
oasthu,vq_ctw,30,nearest,256.0,10.0,34.0,1.0,0.0,15.274655813032386,15.274655813032386
oasthu,vq_ctw,30,linear,512.0,10.0,973.0,1.0,0.0,9.60235556422593,9.60235556422593
oasthu,vq_ctw,30,nearest,512.0,10.0,34.0,1.0,0.0,19.042279509762416,19.042279509762416
oasthu,vq_ctw,30,linear,1024.0,10.0,973.0,1.0,0.0,9.413482204929212,9.413482204929212
oasthu,vq_ctw,30,nearest,1024.0,10.0,34.0,1.0,0.0,18.39472512535697,18.39472512535697
obacva,direct_ctw,30,linear,,10.0,1007.0,0.8328570671140079,1.2063639049956054,4.480734451639006,4.627889580636272
obacva,direct_ctw,30,nearest,,10.0,144.0,0.8426381307135892,0.9217035285824462,4.15099520028816,4.269266131108903
obacva,markov_order_1,30,linear,,10.0,1007.0,0.7896307024924345,1.4410197255540618,4.480734451639006,4.627889580636272
obacva,markov_order_1,30,nearest,,10.0,144.0,0.7323698835000566,1.3375508806121834,4.15099520028816,4.269266131108903
obacva,markov_order_2,30,linear,,10.0,1007.0,0.788911132315993,1.444780961862737,4.480734451639006,4.627889580636272
obacva,markov_order_2,30,nearest,,10.0,144.0,0.7357401504494328,1.3322534261191668,4.15099520028816,4.269266131108903
obacva,vq_ctw,30,linear,256.0,10.0,1007.0,1.0,0.0,6.659768280631995,6.659768280631995
obacva,vq_ctw,30,nearest,256.0,10.0,144.0,1.0,0.0,8.767411290866493,8.767411290866493
obacva,vq_ctw,30,linear,512.0,10.0,1007.0,1.0,0.0,6.4280441612905825,6.4280441612905825
obacva,vq_ctw,30,nearest,512.0,10.0,144.0,1.0,0.0,8.119388707884163,8.119388707884163
obacva,vq_ctw,30,linear,1024.0,10.0,1007.0,1.0,0.0,6.312656098503613,6.312656098503613
obacva,vq_ctw,30,nearest,1024.0,10.0,144.0,1.0,0.0,7.507760158793283,7.507760158793283
obceoo,direct_ctw,30,linear,,10.0,1007.0,0.829980360750846,1.3378282601534817,4.040756877658622,4.208172845709969
obceoo,direct_ctw,30,nearest,,10.0,93.0,0.828853341158678,1.0276900501688973,3.7921842522021243,3.9626838737187295
obceoo,markov_order_1,30,linear,,10.0,1007.0,0.7678775959060757,1.710182438570112,4.040756877658622,4.208172845709969
obceoo,markov_order_1,30,nearest,,10.0,93.0,0.7011666282780842,1.5216663979320773,3.7921842522021243,3.9626838737187295
obceoo,markov_order_2,30,linear,,10.0,1007.0,0.7485667665309423,1.819274786950266,4.040756877658622,4.208172845709969
obceoo,markov_order_2,30,nearest,,10.0,93.0,0.7006759996245288,1.5234342002130308,3.7921842522021243,3.9626838737187295
obceoo,vq_ctw,30,linear,256.0,10.0,1007.0,1.0,0.0,8.918439654676133,8.918439654676133
obceoo,vq_ctw,30,nearest,256.0,10.0,93.0,1.0,0.0,9.436620307806827,9.436620307806827
obceoo,vq_ctw,30,linear,512.0,10.0,1007.0,1.0,0.0,8.583111159834942,8.583111159834942
obceoo,vq_ctw,30,nearest,512.0,10.0,93.0,1.0,0.0,10.897383967984464,10.897383967984464
obceoo,vq_ctw,30,linear,1024.0,10.0,1007.0,1.0,0.0,8.676120990145218,8.676120990145218
obceoo,vq_ctw,30,nearest,1024.0,10.0,93.0,1.0,0.0,10.278063706039834,10.278063706039834
obheuj,direct_ctw,30,linear,,10.0,1007.0,0.8003622709651058,1.3201161482031938,4.449575567082625,4.588864889391842
obheuj,direct_ctw,30,nearest,,10.0,81.0,0.7946068465978305,1.12622961271597,4.287823427756851,4.4096530565418925
obheuj,markov_order_1,30,linear,,10.0,1007.0,0.7582956189284523,1.5229762789085695,4.449575567082625,4.588864889391842
obheuj,markov_order_1,30,nearest,,10.0,81.0,0.6484972276293611,1.6275579056944425,4.287823427756851,4.4096530565418925
obheuj,markov_order_2,30,linear,,10.0,1007.0,0.7521231510322155,1.5515261814860615,4.449575567082625,4.588864889391842
obheuj,markov_order_2,30,nearest,,10.0,81.0,0.6617244785327828,1.58917352542182,4.287823427756851,4.4096530565418925
obheuj,vq_ctw,30,linear,256.0,10.0,1007.0,1.0,0.0,5.713779999715346,5.713779999715346
obheuj,vq_ctw,30,nearest,256.0,10.0,81.0,1.0,0.0,7.534468473861981,7.534468473861981
obheuj,vq_ctw,30,linear,512.0,10.0,1007.0,1.0,0.0,6.136537623266888,6.136537623266888
obheuj,vq_ctw,30,nearest,512.0,10.0,81.0,1.0,0.0,7.525346326342009,7.525346326342009
obheuj,vq_ctw,30,linear,1024.0,10.0,1007.0,1.0,0.0,5.755685265803732,5.755685265803732
obheuj,vq_ctw,30,nearest,1024.0,10.0,81.0,1.0,0.0,7.036580058680315,7.036580058680315
oblyag,direct_ctw,30,linear,,10.0,1007.0,0.8519780478666016,1.1355211698781857,4.460916621567273,4.59353080049237
oblyag,direct_ctw,30,nearest,,10.0,356.0,0.8348135881559386,0.9579054574403737,4.244165002192507,4.384495637900107
oblyag,markov_order_1,30,linear,,10.0,1007.0,0.8179546259919341,1.3371570146476055,4.460916621567273,4.59353080049237
oblyag,markov_order_1,30,nearest,,10.0,356.0,0.6978623983992381,1.4608878700764565,4.244165002192507,4.384495637900107
oblyag,markov_order_2,30,linear,,10.0,1007.0,0.8038743089412781,1.4172147210977473,4.460916621567273,4.59353080049237
oblyag,markov_order_2,30,nearest,,10.0,356.0,0.6993326240141938,1.4604338421048422,4.244165002192507,4.384495637900107
oblyag,vq_ctw,30,linear,256.0,10.0,1007.0,1.0,0.0,5.655026561715154,5.655026561715154
oblyag,vq_ctw,30,nearest,256.0,10.0,356.0,1.0,0.0,8.079629260195127,8.079629260195127
oblyag,vq_ctw,30,linear,512.0,10.0,1007.0,1.0,0.0,6.506367810416721,6.506367810416721
oblyag,vq_ctw,30,nearest,512.0,10.0,356.0,1.0,0.0,7.333877878743561,7.333877878743561
oblyag,vq_ctw,30,linear,1024.0,10.0,1007.0,1.0,0.0,5.644316619699539,5.644316619699539
oblyag,vq_ctw,30,nearest,1024.0,10.0,356.0,1.0,0.0,6.6996654639195805,6.6996654639195805
obsimj,direct_ctw,30,linear,,10.0,1007.0,0.8104242439724816,1.30152405897381,4.395469784718291,4.550918069293761
obsimj,direct_ctw,30,nearest,,10.0,197.0,0.8190473115445248,1.0427377515769738,4.258260199948292,4.407658177652523
obsimj,markov_order_1,30,linear,,10.0,1007.0,0.7634639177116884,1.5390339369277442,4.395469784718291,4.550918069293761
obsimj,markov_order_1,30,nearest,,10.0,197.0,0.6584292995589004,1.6020373987803278,4.258260199948292,4.407658177652523
obsimj,markov_order_2,30,linear,,10.0,1007.0,0.7588164118637277,1.5615368970691228,4.395469784718291,4.550918069293761
obsimj,markov_order_2,30,nearest,,10.0,197.0,0.6719469809387136,1.5665785367486824,4.258260199948292,4.407658177652523
obsimj,vq_ctw,30,linear,256.0,10.0,1007.0,1.0,0.0,6.356981675338077,6.356981675338077
obsimj,vq_ctw,30,nearest,256.0,10.0,197.0,1.0,0.0,7.897248923791375,7.897248923791375
obsimj,vq_ctw,30,linear,512.0,10.0,1007.0,1.0,0.0,6.4459410852189345,6.4459410852189345
obsimj,vq_ctw,30,nearest,512.0,10.0,197.0,1.0,0.0,7.601923401209345,7.601923401209345
obsimj,vq_ctw,30,linear,1024.0,10.0,1007.0,1.0,0.0,6.180290568906392,6.180290568906392
obsimj,vq_ctw,30,nearest,1024.0,10.0,197.0,1.0,0.0,7.039382355017983,7.039382355017983
occeyd,direct_ctw,30,linear,,10.0,1007.0,0.798686393885276,1.4209781945829754,3.9777057202104467,4.168512359143448
occeyd,direct_ctw,30,nearest,,10.0,35.0,0.8018627814593275,1.1144612885086482,3.8179521704659707,4.018701177720326
occeyd,markov_order_1,30,linear,,10.0,1007.0,0.7485217193311232,1.6835846631132128,3.9777057202104467,4.168512359143448
occeyd,markov_order_1,30,nearest,,10.0,35.0,0.5930276949655267,1.7888279067318362,3.8179521704659707,4.018701177720326
occeyd,markov_order_2,30,linear,,10.0,1007.0,0.7370955018554729,1.740597880515984,3.9777057202104467,4.168512359143448
occeyd,markov_order_2,30,nearest,,10.0,35.0,0.6058313670216805,1.7557743555585976,3.8179521704659707,4.018701177720326
occeyd,vq_ctw,30,linear,256.0,10.0,1007.0,1.0,0.0,8.044737004070466,8.044737004070466
occeyd,vq_ctw,30,nearest,256.0,10.0,35.0,1.0,0.0,8.267239288588918,8.267239288588918
occeyd,vq_ctw,30,linear,512.0,10.0,1007.0,1.0,0.0,7.127692132271587,7.127692132271587
occeyd,vq_ctw,30,nearest,512.0,10.0,35.0,1.0,0.0,10.923941246250457,10.923941246250457
occeyd,vq_ctw,30,linear,1024.0,10.0,1007.0,1.0,0.0,7.523895978574606,7.523895978574606
occeyd,vq_ctw,30,nearest,1024.0,10.0,35.0,1.0,0.0,10.445650150887571,10.445650150887571
occrok,direct_ctw,30,linear,,10.0,1007.0,0.8363336479517424,1.2486463967388528,4.358649748984323,4.5132361438500626
occrok,direct_ctw,30,nearest,,10.0,107.0,0.8090617051684628,1.0071008492513445,4.189659781920447,4.327932410871731
occrok,markov_order_1,30,linear,,10.0,1007.0,0.7950035877869153,1.4903859298138358,4.358649748984323,4.5132361438500626
occrok,markov_order_1,30,nearest,,10.0,107.0,0.707581282366592,1.4355036142612705,4.189659781920447,4.327932410871731
occrok,markov_order_2,30,linear,,10.0,1007.0,0.7779886472266195,1.5853628325916633,4.358649748984323,4.5132361438500626
occrok,markov_order_2,30,nearest,,10.0,107.0,0.6999678417963381,1.4517283910826893,4.189659781920447,4.327932410871731
occrok,vq_ctw,30,linear,256.0,10.0,1007.0,1.0,0.0,6.140035275783537,6.140035275783537
occrok,vq_ctw,30,nearest,256.0,10.0,107.0,1.0,0.0,8.037711601452722,8.037711601452722
occrok,vq_ctw,30,linear,512.0,10.0,1007.0,1.0,0.0,6.316914695418003,6.316914695418003
occrok,vq_ctw,30,nearest,512.0,10.0,107.0,1.0,0.0,7.4898397588476335,7.4898397588476335
occrok,vq_ctw,30,linear,1024.0,10.0,1007.0,1.0,0.0,6.018509359094654,6.018509359094654
occrok,vq_ctw,30,nearest,1024.0,10.0,107.0,1.0,0.0,7.07450657292395,7.07450657292395
ochotc,direct_ctw,30,linear,,10.0,1007.0,0.8883172923807671,0.9413028617843282,4.242988371933003,4.38577797946874
ochotc,direct_ctw,30,nearest,,10.0,110.0,0.8564108831986048,0.8537221413121493,3.9583782597983435,4.080893222134577
ochotc,markov_order_1,30,linear,,10.0,1007.0,0.8411911277501074,1.2519012582946618,4.242988371933003,4.38577797946874
ochotc,markov_order_1,30,nearest,,10.0,110.0,0.7420312641892737,1.2879621911408494,3.9583782597983435,4.080893222134577
ochotc,markov_order_2,30,linear,,10.0,1007.0,0.8281036352266515,1.333604818551887,4.242988371933003,4.38577797946874
ochotc,markov_order_2,30,nearest,,10.0,110.0,0.7320739805079927,1.3296435561045605,3.9583782597983435,4.080893222134577
ochotc,vq_ctw,30,linear,256.0,10.0,1007.0,1.0,0.0,9.067201381464338,9.067201381464338
ochotc,vq_ctw,30,nearest,256.0,10.0,110.0,1.0,0.0,8.350067963376054,8.350067963376054
ochotc,vq_ctw,30,linear,512.0,10.0,1007.0,1.0,0.0,9.001920071402758,9.001920071402758
ochotc,vq_ctw,30,nearest,512.0,10.0,110.0,1.0,0.0,10.402009623289898,10.402009623289898
ochotc,vq_ctw,30,linear,1024.0,10.0,1007.0,1.0,0.0,9.049497682108793,9.049497682108793
ochotc,vq_ctw,30,nearest,1024.0,10.0,110.0,1.0,0.0,9.913811965292915,9.913811965292915
ochtin,direct_ctw,30,linear,,10.0,1007.0,0.8396266200281872,1.245800427839608,3.959267413558947,4.136827429118213
ochtin,direct_ctw,30,nearest,,10.0,41.0,0.8478714282966712,0.9193986649711013,3.3077364545115278,3.4328486674709313
ochtin,markov_order_1,30,linear,,10.0,1007.0,0.7800550030946253,1.5974757227925487,3.959267413558947,4.136827429118213
ochtin,markov_order_1,30,nearest,,10.0,41.0,0.7298795188539721,1.3818784281527792,3.3077364545115278,3.4328486674709313
ochtin,markov_order_2,30,linear,,10.0,1007.0,0.7714053930243637,1.6458941335442518,3.959267413558947,4.136827429118213
ochtin,markov_order_2,30,nearest,,10.0,41.0,0.7343599279988526,1.3664187505780931,3.3077364545115278,3.4328486674709313
ochtin,vq_ctw,30,linear,256.0,10.0,1007.0,1.0,0.0,9.538340823205965,9.538340823205965
ochtin,vq_ctw,30,nearest,256.0,10.0,41.0,1.0,0.0,9.421671091786436,9.421671091786436
ochtin,vq_ctw,30,linear,512.0,10.0,1007.0,1.0,0.0,8.377744153937916,8.377744153937916
ochtin,vq_ctw,30,nearest,512.0,10.0,41.0,1.0,0.0,12.138323237966516,12.138323237966516
ochtin,vq_ctw,30,linear,1024.0,10.0,1007.0,1.0,0.0,9.009258805927251,9.009258805927251
ochtin,vq_ctw,30,nearest,1024.0,10.0,41.0,1.0,0.0,11.724347113059581,11.724347113059581
ocjeng,direct_ctw,30,linear,,10.0,1007.0,0.7926900094601992,1.358239294425592,4.340886589857372,4.486392968719124
ocjeng,direct_ctw,30,nearest,,10.0,342.0,0.8240136609168655,1.0501491820925513,4.1703890712824085,4.324261814612473
ocjeng,markov_order_1,30,linear,,10.0,1007.0,0.750140943272936,1.5606318283615934,4.340886589857372,4.486392968719124
ocjeng,markov_order_1,30,nearest,,10.0,342.0,0.6581474081138512,1.6514572829861034,4.1703890712824085,4.324261814612473
ocjeng,markov_order_2,30,linear,,10.0,1007.0,0.745647497649279,1.5811615815220355,4.340886589857372,4.486392968719124
ocjeng,markov_order_2,30,nearest,,10.0,342.0,0.6627752641159903,1.6456603898680604,4.1703890712824085,4.324261814612473
ocjeng,vq_ctw,30,linear,256.0,10.0,1007.0,1.0,0.0,5.72610198038846,5.72610198038846
ocjeng,vq_ctw,30,nearest,256.0,10.0,342.0,1.0,0.0,7.781630690161353,7.781630690161353
ocjeng,vq_ctw,30,linear,512.0,10.0,1007.0,1.0,0.0,6.004460613839136,6.004460613839136
ocjeng,vq_ctw,30,nearest,512.0,10.0,342.0,1.0,0.0,8.097065387937102,8.097065387937102
ocjeng,vq_ctw,30,linear,1024.0,10.0,1007.0,1.0,0.0,5.573331841188365,5.573331841188365
ocjeng,vq_ctw,30,nearest,1024.0,10.0,342.0,1.0,0.0,7.4128355012806155,7.4128355012806155
ockiho,direct_ctw,30,linear,,10.0,1007.0,0.837218459200138,1.181671124355169,4.295761016105676,4.469746285769213
ockiho,direct_ctw,30,nearest,,10.0,345.0,0.8390010430732292,0.9694632275245946,4.326746978585482,4.445333465170794
ockiho,markov_order_1,30,linear,,10.0,1007.0,0.7976463155058313,1.3988149505829839,4.295761016105676,4.469746285769213
ockiho,markov_order_1,30,nearest,,10.0,345.0,0.6889248523255068,1.5392134268843738,4.326746978585482,4.445333465170794
ockiho,markov_order_2,30,linear,,10.0,1007.0,0.7894290588150066,1.4420741821457963,4.295761016105676,4.469746285769213
ockiho,markov_order_2,30,nearest,,10.0,345.0,0.7028568260194691,1.4992250324912095,4.326746978585482,4.445333465170794
ockiho,vq_ctw,30,linear,256.0,10.0,1007.0,1.0,0.0,7.576488042785357,7.576488042785357
ockiho,vq_ctw,30,nearest,256.0,10.0,345.0,1.0,0.0,9.436428493574608,9.436428493574608
ockiho,vq_ctw,30,linear,512.0,10.0,1007.0,1.0,0.0,8.503981162824608,8.503981162824608
ockiho,vq_ctw,30,nearest,512.0,10.0,345.0,1.0,0.0,8.35317795430264,8.35317795430264
ockiho,vq_ctw,30,linear,1024.0,10.0,1007.0,1.0,0.0,8.105968046321616,8.105968046321616
ockiho,vq_ctw,30,nearest,1024.0,10.0,345.0,1.0,0.0,7.736874856795647,7.736874856795647
ockoac,direct_ctw,30,linear,,10.0,435.0,0.8259437837689649,1.2186452485219805,4.3948718665895905,4.531678343035056
ockoac,direct_ctw,30,nearest,,10.0,41.0,0.8290448199252535,1.0017955290509941,4.392382733414158,4.5333239255779825
ockoac,markov_order_1,30,linear,,10.0,435.0,0.760369028662742,1.554038266114922,4.3948718665895905,4.531678343035056
ockoac,markov_order_1,30,nearest,,10.0,41.0,0.6586778789639093,1.6087225104580753,4.392382733414158,4.5333239255779825
ockoac,markov_order_2,30,linear,,10.0,435.0,0.747185789455631,1.617110236133079,4.3948718665895905,4.531678343035056
ockoac,markov_order_2,30,nearest,,10.0,41.0,0.6918682027604318,1.5072687505207767,4.392382733414158,4.5333239255779825
ockoac,vq_ctw,30,linear,256.0,10.0,435.0,1.0,0.0,7.238510152920456,7.238510152920456
ockoac,vq_ctw,30,nearest,256.0,10.0,41.0,1.0,0.0,7.788918573241626,7.788918573241626
ockoac,vq_ctw,30,linear,512.0,10.0,435.0,1.0,0.0,7.040154223188747,7.040154223188747
ockoac,vq_ctw,30,nearest,512.0,10.0,41.0,1.0,0.0,7.003988398481332,7.003988398481332
ockoac,vq_ctw,30,linear,1024.0,10.0,435.0,1.0,0.0,7.122048201553458,7.122048201553458
ockoac,vq_ctw,30,nearest,1024.0,10.0,41.0,1.0,0.0,6.526128704914416,6.526128704914416
ockolr,direct_ctw,30,linear,,10.0,831.0,0.7641564584331892,1.4501561662206208,4.494635943462485,4.648934828099612
ockolr,direct_ctw,30,nearest,,10.0,212.0,0.8199299836989171,1.0692638907967398,4.178650710148245,4.395543792622293
ockolr,markov_order_1,30,linear,,10.0,831.0,0.7091955899955246,1.6861492819779331,4.494635943462485,4.648934828099612
ockolr,markov_order_1,30,nearest,,10.0,212.0,0.6320632784880081,1.7509528550180151,4.178650710148245,4.395543792622293
ockolr,markov_order_2,30,linear,,10.0,831.0,0.7125912668412026,1.6722086914821828,4.494635943462485,4.648934828099612
ockolr,markov_order_2,30,nearest,,10.0,212.0,0.6402314958238876,1.7304534836884045,4.178650710148245,4.395543792622293
ockolr,vq_ctw,30,linear,256.0,10.0,831.0,1.0,0.0,6.31457349507333,6.31457349507333
ockolr,vq_ctw,30,nearest,256.0,10.0,212.0,1.0,0.0,8.853308925310918,8.853308925310918
ockolr,vq_ctw,30,linear,512.0,10.0,831.0,1.0,0.0,6.273543598042709,6.273543598042709
ockolr,vq_ctw,30,nearest,512.0,10.0,212.0,1.0,0.0,9.761743366067284,9.761743366067284
ockolr,vq_ctw,30,linear,1024.0,10.0,831.0,1.0,0.0,6.070425683025606,6.070425683025606
ockolr,vq_ctw,30,nearest,1024.0,10.0,212.0,1.0,0.0,8.896989990417934,8.896989990417934
ocshit,direct_ctw,30,linear,,10.0,1007.0,0.773001691325953,1.5268139283873594,4.312104979550288,4.47683920138608
ocshit,direct_ctw,30,nearest,,10.0,74.0,0.8117192018097575,1.1000556940879358,4.279967436854233,4.437911954572219
ocshit,markov_order_1,30,linear,,10.0,1007.0,0.7146782070044791,1.8104196569279836,4.312104979550288,4.47683920138608
ocshit,markov_order_1,30,nearest,,10.0,74.0,0.5802040001048637,1.8883071970112988,4.279967436854233,4.437911954572219
ocshit,markov_order_2,30,linear,,10.0,1007.0,0.7060668219342431,1.85017282137348,4.312104979550288,4.47683920138608
ocshit,markov_order_2,30,nearest,,10.0,74.0,0.6085000381098048,1.809373113318254,4.279967436854233,4.437911954572219
ocshit,vq_ctw,30,linear,256.0,10.0,1007.0,1.0,0.0,7.3088013187783885,7.3088013187783885
ocshit,vq_ctw,30,nearest,256.0,10.0,74.0,1.0,0.0,8.3480527288535,8.3480527288535
ocshit,vq_ctw,30,linear,512.0,10.0,1007.0,1.0,0.0,6.784937010074209,6.784937010074209
ocshit,vq_ctw,30,nearest,512.0,10.0,74.0,1.0,0.0,9.342265825185581,9.342265825185581
ocshit,vq_ctw,30,linear,1024.0,10.0,1007.0,1.0,0.0,6.850485444096531,6.850485444096531
ocshit,vq_ctw,30,nearest,1024.0,10.0,74.0,1.0,0.0,8.700526012863174,8.700526012863174
ocwyit,direct_ctw,30,linear,,10.0,1005.0,0.864750840584018,1.0565234242117763,3.9403025230682758,4.148814247515278
ocwyit,markov_order_1,30,linear,,10.0,1005.0,0.8167361115040908,1.3441595646186104,3.9403025230682758,4.148814247515278
ocwyit,markov_order_2,30,linear,,10.0,1005.0,0.8177097901346326,1.3385651881035578,3.9403025230682758,4.148814247515278
ocwyit,vq_ctw,30,linear,256.0,10.0,1005.0,1.0,0.0,8.249099508905484,8.249099508905484
ocwyit,vq_ctw,30,linear,512.0,10.0,1005.0,1.0,0.0,7.617729363363971,7.617729363363971
ocwyit,vq_ctw,30,linear,1024.0,10.0,1005.0,1.0,0.0,7.6530850933961325,7.6530850933961325
odklob,direct_ctw,30,linear,,10.0,1007.0,0.8272787859307575,1.38412657568327,4.031097734413178,4.2531346752393695
odklob,direct_ctw,30,nearest,,10.0,70.0,0.7939947834731453,1.1027168143291712,3.941242081922261,4.188749019874332
odklob,markov_order_1,30,linear,,10.0,1007.0,0.7592137388996252,1.8004060111286893,4.031097734413178,4.2531346752393695
odklob,markov_order_1,30,nearest,,10.0,70.0,0.6125430602561427,1.7430743640542836,3.941242081922261,4.188749019874332
odklob,markov_order_2,30,linear,,10.0,1007.0,0.7407617288695023,1.906598884577299,4.031097734413178,4.2531346752393695
odklob,markov_order_2,30,nearest,,10.0,70.0,0.6583980836436709,1.5472439876853916,3.941242081922261,4.188749019874332
odklob,vq_ctw,30,linear,256.0,10.0,1007.0,1.0,0.0,12.16805104431441,12.16805104431441
odklob,vq_ctw,30,nearest,256.0,10.0,70.0,1.0,0.0,9.230999276460265,9.230999276460265
odklob,vq_ctw,30,linear,512.0,10.0,1007.0,1.0,0.0,10.726672256030454,10.726672256030454
odklob,vq_ctw,30,nearest,512.0,10.0,70.0,1.0,0.0,11.73687032824366,11.73687032824366
odklob,vq_ctw,30,linear,1024.0,10.0,1007.0,1.0,0.0,11.47689056446948,11.47689056446948
odklob,vq_ctw,30,nearest,1024.0,10.0,70.0,1.0,0.0,11.040043399142496,11.040043399142496
odlorh,direct_ctw,30,linear,,10.0,1007.0,0.8092563371749929,1.336661287805164,4.445628931691924,4.571146320060574
odlorh,direct_ctw,30,nearest,,10.0,76.0,0.8323169824944773,0.9861498091884037,4.351992722001154,4.488286899456238
odlorh,markov_order_1,30,linear,,10.0,1007.0,0.7701653511607273,1.5412171250614184,4.445628931691924,4.571146320060574
odlorh,markov_order_1,30,nearest,,10.0,76.0,0.6982009739076468,1.4787688509602461,4.351992722001154,4.488286899456238
odlorh,markov_order_2,30,linear,,10.0,1007.0,0.7612181648723213,1.5862247250804116,4.445628931691924,4.571146320060574
odlorh,markov_order_2,30,nearest,,10.0,76.0,0.7050270515391914,1.4541602801297961,4.351992722001154,4.488286899456238
odlorh,vq_ctw,30,linear,256.0,10.0,1007.0,1.0,0.0,5.647732048248956,5.647732048248956
odlorh,vq_ctw,30,nearest,256.0,10.0,76.0,1.0,0.0,8.802482709688078,8.802482709688078
odlorh,vq_ctw,30,linear,512.0,10.0,1007.0,1.0,0.0,6.112483158361406,6.112483158361406
odlorh,vq_ctw,30,nearest,512.0,10.0,76.0,1.0,0.0,8.438009856533187,8.438009856533187
odlorh,vq_ctw,30,linear,1024.0,10.0,1007.0,1.0,0.0,5.68451051429919,5.68451051429919
odlorh,vq_ctw,30,nearest,1024.0,10.0,76.0,1.0,0.0,7.8361975487339,7.8361975487339
odocje,direct_ctw,30,linear,,10.0,1007.0,0.7921887009573378,1.3960244681527179,4.34385436373702,4.507691873262166
odocje,direct_ctw,30,nearest,,10.0,187.0,0.8109214027280887,1.0861821097584308,4.271420330482925,4.457283879686911
odocje,markov_order_1,30,linear,,10.0,1007.0,0.7389832077892374,1.6556805083421327,4.34385436373702,4.507691873262166
odocje,markov_order_1,30,nearest,,10.0,187.0,0.5937401358777761,1.815784462908674,4.271420330482925,4.457283879686911
odocje,markov_order_2,30,linear,,10.0,1007.0,0.7341945950752097,1.677964249929621,4.34385436373702,4.507691873262166
odocje,markov_order_2,30,nearest,,10.0,187.0,0.6209694244410854,1.73881900995095,4.271420330482925,4.457283879686911
odocje,vq_ctw,30,linear,256.0,10.0,1007.0,1.0,0.0,6.544199358095295,6.544199358095295
odocje,vq_ctw,30,nearest,256.0,10.0,187.0,1.0,0.0,8.008826237070158,8.008826237070158
odocje,vq_ctw,30,linear,512.0,10.0,1007.0,1.0,0.0,6.214534509662898,6.214534509662898
odocje,vq_ctw,30,nearest,512.0,10.0,187.0,1.0,0.0,8.33138894672803,8.33138894672803
odocje,vq_ctw,30,linear,1024.0,10.0,1007.0,1.0,0.0,6.327972645750495,6.327972645750495
odocje,vq_ctw,30,nearest,1024.0,10.0,187.0,1.0,0.0,7.746396300910271,7.746396300910271
odolfe,direct_ctw,30,linear,,10.0,1007.0,0.8511804843721873,1.1012459710132336,4.317061057604654,4.487768979021459
odolfe,direct_ctw,30,nearest,,10.0,80.0,0.8088743567824356,1.0743793332109124,4.0723139560303405,4.252156064737679
odolfe,markov_order_1,30,linear,,10.0,1007.0,0.8090794190932868,1.3376177180857163,4.317061057604654,4.487768979021459
odolfe,markov_order_1,30,nearest,,10.0,80.0,0.6338855417617246,1.6685812729966494,4.0723139560303405,4.252156064737679
odolfe,markov_order_2,30,linear,,10.0,1007.0,0.8048361340764401,1.3604700662465607,4.317061057604654,4.487768979021459
odolfe,markov_order_2,30,nearest,,10.0,80.0,0.6642999065440005,1.5879595082306623,4.0723139560303405,4.252156064737679
odolfe,vq_ctw,30,linear,256.0,10.0,1007.0,1.0,0.0,6.944856978454975,6.944856978454975
odolfe,vq_ctw,30,nearest,256.0,10.0,80.0,1.0,0.0,8.177159784163885,8.177159784163885
odolfe,vq_ctw,30,linear,512.0,10.0,1007.0,1.0,0.0,6.489967783831794,6.489967783831794
odolfe,vq_ctw,30,nearest,512.0,10.0,80.0,1.0,0.0,7.895249329901938,7.895249329901938
odolfe,vq_ctw,30,linear,1024.0,10.0,1007.0,1.0,0.0,6.440081467661104,6.440081467661104
odolfe,vq_ctw,30,nearest,1024.0,10.0,80.0,1.0,0.0,7.360359980301212,7.360359980301212
odoywu,direct_ctw,30,linear,,10.0,1007.0,0.8689663295510297,0.9533672420836629,4.228542081733275,4.357903966781374
odoywu,direct_ctw,30,nearest,,10.0,32.0,0.8458415632187457,1.0529271393767592,3.8162626312418917,4.0831746462701295
odoywu,markov_order_1,30,linear,,10.0,1007.0,0.8258765294151849,1.1894215723364912,4.228542081733275,4.357903966781374
odoywu,markov_order_1,30,nearest,,10.0,32.0,0.5480536074609466,2.262100838448857,3.8162626312418917,4.0831746462701295
odoywu,markov_order_2,30,linear,,10.0,1007.0,0.8348503735608244,1.1419368606112303,4.228542081733275,4.357903966781374
odoywu,markov_order_2,30,nearest,,10.0,32.0,0.5580115643095928,2.231086183236157,3.8162626312418917,4.0831746462701295
odoywu,vq_ctw,30,linear,256.0,10.0,1007.0,1.0,0.0,6.260000096540481,6.260000096540481
odoywu,vq_ctw,30,nearest,256.0,10.0,32.0,1.0,0.0,11.556710004960902,11.556710004960902
odoywu,vq_ctw,30,linear,512.0,10.0,1007.0,1.0,0.0,5.909914887940141,5.909914887940141
odoywu,vq_ctw,30,nearest,512.0,10.0,32.0,1.0,0.0,15.827256927334947,15.827256927334947
odoywu,vq_ctw,30,linear,1024.0,10.0,1007.0,1.0,0.0,5.831484984296705,5.831484984296705
odoywu,vq_ctw,30,nearest,1024.0,10.0,32.0,1.0,0.0,15.29873365384985,15.29873365384985
odscix,direct_ctw,30,linear,,10.0,1007.0,0.8200713524413878,1.324958382587367,4.26740554761023,4.414872806133717
odscix,markov_order_1,30,linear,,10.0,1007.0,0.7626142739022022,1.6416846635282527,4.26740554761023,4.414872806133717
odscix,markov_order_2,30,linear,,10.0,1007.0,0.7544484926033332,1.684443940007314,4.26740554761023,4.414872806133717
odscix,vq_ctw,30,linear,256.0,10.0,1007.0,1.0,0.0,7.737701933510558,7.737701933510558
odscix,vq_ctw,30,linear,512.0,10.0,1007.0,1.0,0.0,7.473907381918599,7.473907381918599
odscix,vq_ctw,30,linear,1024.0,10.0,1007.0,1.0,0.0,7.4452119642356775,7.4452119642356775
ofikco,direct_ctw,30,linear,,10.0,1007.0,0.806487036169825,1.322184316956985,4.3710550429005295,4.5053910032309785
ofikco,direct_ctw,30,nearest,,10.0,110.0,0.7951489783701172,1.0862587070149736,4.435603963791726,4.577903585534391
ofikco,markov_order_1,30,linear,,10.0,1007.0,0.7658969933685651,1.5271844529429561,4.3710550429005295,4.5053910032309785
ofikco,markov_order_1,30,nearest,,10.0,110.0,0.6155787017765598,1.6475290208273439,4.435603963791726,4.577903585534391
ofikco,markov_order_2,30,linear,,10.0,1007.0,0.7596151154133888,1.5576817990170475,4.3710550429005295,4.5053910032309785
ofikco,markov_order_2,30,nearest,,10.0,110.0,0.6412480121486196,1.570638163257125,4.435603963791726,4.577903585534391
ofikco,vq_ctw,30,linear,256.0,10.0,1007.0,1.0,0.0,5.8236538813302925,5.8236538813302925
ofikco,vq_ctw,30,nearest,256.0,10.0,110.0,1.0,0.0,8.329547443201951,8.329547443201951
ofikco,vq_ctw,30,linear,512.0,10.0,1007.0,1.0,0.0,6.22228988459768,6.22228988459768
ofikco,vq_ctw,30,nearest,512.0,10.0,110.0,1.0,0.0,7.249162491360943,7.249162491360943
ofikco,vq_ctw,30,linear,1024.0,10.0,1007.0,1.0,0.0,5.811723862379235,5.811723862379235
ofikco,vq_ctw,30,nearest,1024.0,10.0,110.0,1.0,0.0,6.741060989289621,6.741060989289621
ofjeeq,direct_ctw,30,linear,,10.0,1007.0,0.8365403584605338,1.2079996980945784,4.11635342357191,4.248838854928878
ofjeeq,direct_ctw,30,nearest,,10.0,220.0,0.8068798690316459,1.0747677482605957,3.881180061699135,4.017913865146498
ofjeeq,markov_order_1,30,linear,,10.0,1007.0,0.793779502040119,1.447601684418425,4.11635342357191,4.248838854928878
ofjeeq,markov_order_1,30,nearest,,10.0,220.0,0.6478043273093652,1.6180562096690478,3.881180061699135,4.017913865146498
ofjeeq,markov_order_2,30,linear,,10.0,1007.0,0.7843883140880048,1.4979671122529343,4.11635342357191,4.248838854928878
ofjeeq,markov_order_2,30,nearest,,10.0,220.0,0.672369747373608,1.542731653664171,3.881180061699135,4.017913865146498
ofjeeq,vq_ctw,30,linear,256.0,10.0,1007.0,1.0,0.0,6.675694705587423,6.675694705587423
ofjeeq,vq_ctw,30,nearest,256.0,10.0,220.0,0.9999999999997136,0.02962318535050067,8.191940609678374,8.191940609678374
ofjeeq,vq_ctw,30,linear,512.0,10.0,1007.0,1.0,0.0,6.7389501709556985,6.7389501709556985
ofjeeq,vq_ctw,30,nearest,512.0,10.0,220.0,1.0,0.0,8.996878850405949,8.996878850405949
ofjeeq,vq_ctw,30,linear,1024.0,10.0,1007.0,1.0,0.0,6.493860224356513,6.493860224356513
ofjeeq,vq_ctw,30,nearest,1024.0,10.0,220.0,1.0,0.0,8.520181590101757,8.520181590101757
ofodwo,direct_ctw,30,linear,,10.0,1007.0,0.7889981045149075,1.335750676795262,4.444134918537943,4.605348549507548
ofodwo,direct_ctw,30,nearest,,10.0,274.0,0.8360434506817018,0.9352695537992872,4.362442043093817,4.519351089004957
ofodwo,markov_order_1,30,linear,,10.0,1007.0,0.7502606543125236,1.5119717171063272,4.444134918537943,4.605348549507548
ofodwo,markov_order_1,30,nearest,,10.0,274.0,0.6921887804359775,1.440045330812612,4.362442043093817,4.519351089004957
ofodwo,markov_order_2,30,linear,,10.0,1007.0,0.7456463192351838,1.53216696064181,4.444134918537943,4.605348549507548
ofodwo,markov_order_2,30,nearest,,10.0,274.0,0.7058650705998344,1.4003309986384826,4.362442043093817,4.519351089004957
ofodwo,vq_ctw,30,linear,256.0,10.0,1007.0,1.0,0.0,5.802441240659894,5.802441240659894
ofodwo,vq_ctw,30,nearest,256.0,10.0,274.0,1.0,0.0,7.78156688032801,7.78156688032801
ofodwo,vq_ctw,30,linear,512.0,10.0,1007.0,1.0,0.0,6.052448966383515,6.052448966383515
ofodwo,vq_ctw,30,nearest,512.0,10.0,274.0,1.0,0.0,6.83111729595864,6.83111729595864
ofodwo,vq_ctw,30,linear,1024.0,10.0,1007.0,1.0,0.0,5.787064231879303,5.787064231879303
ofodwo,vq_ctw,30,nearest,1024.0,10.0,274.0,1.0,0.0,6.303058287285928,6.303058287285928
ogawje,direct_ctw,30,linear,,10.0,963.0,0.8336893748776367,1.2245352950653658,4.329035756933071,4.497958481404311
ogawje,direct_ctw,30,nearest,,10.0,75.0,0.8366583252637124,0.9871617805988667,4.4985054125032455,4.689027141231598
ogawje,markov_order_1,30,linear,,10.0,963.0,0.7864013453357712,1.4872353008187231,4.329035756933071,4.497958481404311
ogawje,markov_order_1,30,nearest,,10.0,75.0,0.6972440258262149,1.5316071846711998,4.4985054125032455,4.689027141231598
ogawje,markov_order_2,30,linear,,10.0,963.0,0.7801392454997622,1.5205064091398799,4.329035756933071,4.497958481404311
ogawje,markov_order_2,30,nearest,,10.0,75.0,0.6938907687230192,1.541981995953873,4.4985054125032455,4.689027141231598
ogawje,vq_ctw,30,linear,256.0,10.0,963.0,1.0,0.0,6.954174605453223,6.954174605453223
ogawje,vq_ctw,30,nearest,256.0,10.0,75.0,1.0,0.0,8.648317254996657,8.648317254996657
ogawje,vq_ctw,30,linear,512.0,10.0,963.0,1.0,0.0,6.733407289583557,6.733407289583557
ogawje,vq_ctw,30,nearest,512.0,10.0,75.0,1.0,0.0,9.257394596567043,9.257394596567043
ogawje,vq_ctw,30,linear,1024.0,10.0,963.0,1.0,0.0,6.548632319908098,6.548632319908098
ogawje,vq_ctw,30,nearest,1024.0,10.0,75.0,1.0,0.0,8.694329612711122,8.694329612711122
ogdygd,direct_ctw,30,linear,,10.0,965.0,0.8193046378722082,1.2236819643129841,4.483950788037697,4.626366063704242
ogdygd,direct_ctw,30,nearest,,10.0,184.0,0.7915242304918398,1.1407649078460695,4.524454995948755,4.683649960191427
ogdygd,markov_order_1,30,linear,,10.0,965.0,0.778291829861144,1.4283988389336804,4.483950788037697,4.626366063704242
ogdygd,markov_order_1,30,nearest,,10.0,184.0,0.617852922732157,1.6955466555338723,4.524454995948755,4.683649960191427
ogdygd,markov_order_2,30,linear,,10.0,965.0,0.7731784050696653,1.452894132855509,4.483950788037697,4.626366063704242
ogdygd,markov_order_2,30,nearest,,10.0,184.0,0.6510125446331492,1.6057942497593398,4.524454995948755,4.683649960191427
ogdygd,vq_ctw,30,linear,256.0,10.0,965.0,1.0,0.0,5.6726151711148525,5.6726151711148525
ogdygd,vq_ctw,30,nearest,256.0,10.0,184.0,1.0,0.0,7.592890782580681,7.592890782580681
ogdygd,vq_ctw,30,linear,512.0,10.0,965.0,1.0,0.0,5.791050877069796,5.791050877069796
ogdygd,vq_ctw,30,nearest,512.0,10.0,184.0,1.0,0.0,7.209515139738011,7.209515139738011
ogdygd,vq_ctw,30,linear,1024.0,10.0,965.0,1.0,0.0,5.508721729740099,5.508721729740099
ogdygd,vq_ctw,30,nearest,1024.0,10.0,184.0,1.0,0.0,6.65177320584588,6.65177320584588
oggluv,direct_ctw,30,linear,,10.0,978.0,0.8499765079752528,1.1960244605146269,4.366573880918467,4.557681876684407
oggluv,direct_ctw,30,nearest,,10.0,118.0,0.8085701766519326,1.1120364020839868,4.259824420254349,4.4463479143292055
oggluv,markov_order_1,30,linear,,10.0,978.0,0.7868044181953968,1.5804785534320511,4.366573880918467,4.557681876684407
oggluv,markov_order_1,30,nearest,,10.0,118.0,0.569047244553616,1.9083904706288184,4.259824420254349,4.4463479143292055
oggluv,markov_order_2,30,linear,,10.0,978.0,0.7731270546786613,1.658887965024821,4.366573880918467,4.557681876684407
oggluv,markov_order_2,30,nearest,,10.0,118.0,0.623739257484715,1.7733038936519627,4.259824420254349,4.4463479143292055
oggluv,vq_ctw,30,linear,256.0,10.0,978.0,1.0,0.0,10.09297304735787,10.09297304735787
oggluv,vq_ctw,30,nearest,256.0,10.0,118.0,1.0,0.0,8.509686424101849,8.509686424101849
oggluv,vq_ctw,30,linear,512.0,10.0,978.0,1.0,0.0,8.905811968287837,8.905811968287837
oggluv,vq_ctw,30,nearest,512.0,10.0,118.0,1.0,0.0,9.530551839810322,9.530551839810322
oggluv,vq_ctw,30,linear,1024.0,10.0,978.0,1.0,0.0,9.411833249878574,9.411833249878574
oggluv,vq_ctw,30,nearest,1024.0,10.0,118.0,1.0,0.0,8.804860304933323,8.804860304933323
ogijtr,direct_ctw,30,linear,,10.0,1007.0,0.8055944067885574,1.2938139571101508,4.4645994119349,4.597134707593651
ogijtr,direct_ctw,30,nearest,,10.0,162.0,0.8168457680997816,1.0531123277076704,4.167050658309144,4.34291671233497
ogijtr,markov_order_1,30,linear,,10.0,1007.0,0.7611036622542322,1.5098891186710153,4.4645994119349,4.597134707593651
ogijtr,markov_order_1,30,nearest,,10.0,162.0,0.6481105167261972,1.6391925130196034,4.167050658309144,4.34291671233497
ogijtr,markov_order_2,30,linear,,10.0,1007.0,0.7610072775564058,1.510339363025681,4.4645994119349,4.597134707593651
ogijtr,markov_order_2,30,nearest,,10.0,162.0,0.6562601810700388,1.6148518495104742,4.167050658309144,4.34291671233497
ogijtr,vq_ctw,30,linear,256.0,10.0,1007.0,1.0,0.0,6.0545637056554416,6.0545637056554416
ogijtr,vq_ctw,30,nearest,256.0,10.0,162.0,1.0,0.0,8.04609533219299,8.04609533219299
ogijtr,vq_ctw,30,linear,512.0,10.0,1007.0,1.0,0.0,5.98800710310607,5.98800710310607
ogijtr,vq_ctw,30,nearest,512.0,10.0,162.0,1.0,0.0,8.295505662255726,8.295505662255726
ogijtr,vq_ctw,30,linear,1024.0,10.0,1007.0,1.0,0.0,5.822736504166867,5.822736504166867
ogijtr,vq_ctw,30,nearest,1024.0,10.0,162.0,1.0,0.0,7.450129243803817,7.450129243803817
ogikli,direct_ctw,30,linear,,10.0,1007.0,0.8255391003324659,1.157582058644439,4.6061689133463295,4.760571772230561
ogikli,direct_ctw,30,nearest,,10.0,110.0,0.8095958826491048,1.0785114289287108,4.268605788996752,4.418747573771528
ogikli,markov_order_1,30,linear,,10.0,1007.0,0.7847358902503163,1.3557478906402327,4.6061689133463295,4.760571772230561
ogikli,markov_order_1,30,nearest,,10.0,110.0,0.6237986271896844,1.7182686692178135,4.268605788996752,4.418747573771528
ogikli,markov_order_2,30,linear,,10.0,1007.0,0.7873830605525364,1.3433464480430044,4.6061689133463295,4.760571772230561
ogikli,markov_order_2,30,nearest,,10.0,110.0,0.6319058847452247,1.6855433975089584,4.268605788996752,4.418747573771528
ogikli,vq_ctw,30,linear,256.0,10.0,1007.0,1.0,0.0,5.16901805141114,5.16901805141114
ogikli,vq_ctw,30,nearest,256.0,10.0,110.0,1.0,0.0,8.366076417310003,8.366076417310003
ogikli,vq_ctw,30,linear,512.0,10.0,1007.0,1.0,0.0,5.723772688664698,5.723772688664698
ogikli,vq_ctw,30,nearest,512.0,10.0,110.0,1.0,0.0,7.865152836489621,7.865152836489621
ogikli,vq_ctw,30,linear,1024.0,10.0,1007.0,1.0,0.0,5.299059189659705,5.299059189659705
ogikli,vq_ctw,30,nearest,1024.0,10.0,110.0,1.0,0.0,7.2445742234070005,7.2445742234070005
ogjoch,direct_ctw,30,linear,,10.0,1007.0,0.7930653747747379,1.4230043297565005,4.4667300532502745,4.612615833691685
ogjoch,direct_ctw,30,nearest,,10.0,152.0,0.8053178974500829,1.1099231462497332,4.372506037385612,4.532563312901258
ogjoch,markov_order_1,30,linear,,10.0,1007.0,0.7475773314358373,1.653625385838876,4.4667300532502745,4.612615833691685
ogjoch,markov_order_1,30,nearest,,10.0,152.0,0.5869605757511094,1.8291311039431635,4.372506037385612,4.532563312901258
ogjoch,markov_order_2,30,linear,,10.0,1007.0,0.7349368241843726,1.7148118708171658,4.4667300532502745,4.612615833691685
ogjoch,markov_order_2,30,nearest,,10.0,152.0,0.6380718664242728,1.6906586130945938,4.372506037385612,4.532563312901258
ogjoch,vq_ctw,30,linear,256.0,10.0,1007.0,1.0,0.0,6.138178670539972,6.138178670539972
ogjoch,vq_ctw,30,nearest,256.0,10.0,152.0,1.0,0.0,7.869141301612905,7.869141301612905
ogjoch,vq_ctw,30,linear,512.0,10.0,1007.0,1.0,0.0,6.2696018393277155,6.2696018393277155
ogjoch,vq_ctw,30,nearest,512.0,10.0,152.0,1.0,0.0,8.623957067701506,8.623957067701506
ogjoch,vq_ctw,30,linear,1024.0,10.0,1007.0,1.0,0.0,5.867951029787719,5.867951029787719
ogjoch,vq_ctw,30,nearest,1024.0,10.0,152.0,1.0,0.0,8.01453499992036,8.01453499992036
ognoww,direct_ctw,30,linear,,10.0,1003.0,0.8690673164957738,0.9750373231414514,4.653120471989897,4.804754128193695
ognoww,direct_ctw,30,nearest,,10.0,36.0,0.8006785316386766,1.0364860070820208,4.104958246612603,4.265510748738051
ognoww,markov_order_1,30,linear,,10.0,1003.0,0.8352830990327336,1.1676156222199245,4.653120471989897,4.804754128193695
ognoww,markov_order_1,30,nearest,,10.0,36.0,0.7400964869297895,1.2385380595599427,4.104958246612603,4.265510748738051
ognoww,markov_order_2,30,linear,,10.0,1003.0,0.8315811751811186,1.1879499499195412,4.653120471989897,4.804754128193695
ognoww,markov_order_2,30,nearest,,10.0,36.0,0.7060546902935555,1.3396555700620658,4.104958246612603,4.265510748738051
ognoww,vq_ctw,30,linear,256.0,10.0,1003.0,1.0,0.0,5.95193413465214,5.95193413465214
ognoww,vq_ctw,30,nearest,256.0,10.0,36.0,1.0,0.0,7.832022117552345,7.832022117552345
ognoww,vq_ctw,30,linear,512.0,10.0,1003.0,1.0,0.0,6.543737110172609,6.543737110172609
ognoww,vq_ctw,30,nearest,512.0,10.0,36.0,1.0,0.0,6.861293524424949,6.861293524424949
ognoww,vq_ctw,30,linear,1024.0,10.0,1003.0,1.0,0.0,5.981917880327777,5.981917880327777
ognoww,vq_ctw,30,nearest,1024.0,10.0,36.0,1.0,0.0,6.319625232425425,6.319625232425425
ogofvo,direct_ctw,30,linear,,10.0,465.0,0.7836692143458788,1.3126177718029068,4.4449832542782515,4.584836963824971
ogofvo,direct_ctw,30,nearest,,10.0,198.0,0.8242780401635688,1.0194278569038953,4.232233349061465,4.393703415653755
ogofvo,markov_order_1,30,linear,,10.0,465.0,0.7187196500012932,1.584288673986647,4.4449832542782515,4.584836963824971
ogofvo,markov_order_1,30,nearest,,10.0,198.0,0.674473837891073,1.5686178246521343,4.232233349061465,4.393703415653755
ogofvo,markov_order_2,30,linear,,10.0,465.0,0.7172930795345765,1.589899800454413,4.4449832542782515,4.584836963824971
ogofvo,markov_order_2,30,nearest,,10.0,198.0,0.6848058543996858,1.5337783580698345,4.232233349061465,4.393703415653755
ogofvo,vq_ctw,30,linear,256.0,10.0,465.0,1.0,0.0,6.079873890055147,6.079873890055147
ogofvo,vq_ctw,30,nearest,256.0,10.0,198.0,1.0,0.0,8.604471463309698,8.604471463309698
ogofvo,vq_ctw,30,linear,512.0,10.0,465.0,1.0,0.0,6.47167478773911,6.47167478773911
ogofvo,vq_ctw,30,nearest,512.0,10.0,198.0,1.0,0.0,7.7620247355080245,7.7620247355080245
ogofvo,vq_ctw,30,linear,1024.0,10.0,465.0,1.0,0.0,6.030638401863831,6.030638401863831
ogofvo,vq_ctw,30,nearest,1024.0,10.0,198.0,1.0,0.0,6.995331154318501,6.995331154318501
ogphag,direct_ctw,30,linear,,10.0,1007.0,0.8253756511251453,1.366672178793119,4.289114545584506,4.449103922717529
ogphag,direct_ctw,30,nearest,,10.0,192.0,0.8124818159315627,1.1206328755496464,4.253638067008303,4.439509846395095
ogphag,markov_order_1,30,linear,,10.0,1007.0,0.7685762681643695,1.706179870860883,4.289114545584506,4.449103922717529
ogphag,markov_order_1,30,nearest,,10.0,192.0,0.6026336511329412,1.8693651012590322,4.253638067008303,4.439509846395095
ogphag,markov_order_2,30,linear,,10.0,1007.0,0.7471481125971482,1.827174597258884,4.289114545584506,4.449103922717529
ogphag,markov_order_2,30,nearest,,10.0,192.0,0.6406893478367152,1.7572360345115137,4.253638067008303,4.439509846395095
ogphag,vq_ctw,30,linear,256.0,10.0,1007.0,1.0,0.0,7.713361380404379,7.713361380404379
ogphag,vq_ctw,30,nearest,256.0,10.0,192.0,1.0,0.0,8.544942624048051,8.544942624048051
ogphag,vq_ctw,30,linear,512.0,10.0,1007.0,1.0,0.0,7.500008742009472,7.500008742009472
ogphag,vq_ctw,30,nearest,512.0,10.0,192.0,1.0,0.0,9.593685663879166,9.593685663879166
ogphag,vq_ctw,30,linear,1024.0,10.0,1007.0,1.0,0.0,7.4996260708735765,7.4996260708735765
ogphag,vq_ctw,30,nearest,1024.0,10.0,192.0,1.0,0.0,9.036983470886675,9.036983470886675
ogshtc,direct_ctw,30,linear,,10.0,1007.0,0.8176871140888592,1.3158096825956944,4.222780333060469,4.406181094001664
ogshtc,direct_ctw,30,nearest,,10.0,74.0,0.8104616044880592,1.0776830191715139,4.315112820002815,4.434597463189553
ogshtc,markov_order_1,30,linear,,10.0,1007.0,0.7706942812650639,1.5700665043859658,4.222780333060469,4.406181094001664
ogshtc,markov_order_1,30,nearest,,10.0,74.0,0.641079082254139,1.6490892058391078,4.315112820002815,4.434597463189553
ogshtc,markov_order_2,30,linear,,10.0,1007.0,0.7617848835065382,1.6161483660781832,4.222780333060469,4.406181094001664
ogshtc,markov_order_2,30,nearest,,10.0,74.0,0.6595995438846752,1.6048337585273265,4.315112820002815,4.434597463189553
ogshtc,vq_ctw,30,linear,256.0,10.0,1007.0,1.0,0.0,6.870940266901543,6.870940266901543
ogshtc,vq_ctw,30,nearest,256.0,10.0,74.0,1.0,0.0,8.050495987602133,8.050495987602133
ogshtc,vq_ctw,30,linear,512.0,10.0,1007.0,1.0,0.0,6.704010653730295,6.704010653730295
ogshtc,vq_ctw,30,nearest,512.0,10.0,74.0,1.0,0.0,6.8222955126301885,6.8222955126301885
ogshtc,vq_ctw,30,linear,1024.0,10.0,1007.0,1.0,0.0,6.625750544157194,6.625750544157194
ogshtc,vq_ctw,30,nearest,1024.0,10.0,74.0,1.0,0.0,6.20347367473286,6.20347367473286
ogurju,direct_ctw,30,linear,,10.0,1007.0,0.8392047935042266,1.1703586656021958,4.371136759971775,4.5040561242880495
ogurju,direct_ctw,30,nearest,,10.0,120.0,0.817908242796785,1.0682299200336114,4.042591508659398,4.2025994031883345
ogurju,markov_order_1,30,linear,,10.0,1007.0,0.7969646634295231,1.4024261757751648,4.371136759971775,4.5040561242880495
ogurju,markov_order_1,30,nearest,,10.0,120.0,0.6518048908204335,1.6647177407802667,4.042591508659398,4.2025994031883345
ogurju,markov_order_2,30,linear,,10.0,1007.0,0.7891954986838426,1.4432950986657216,4.371136759971775,4.5040561242880495
ogurju,markov_order_2,30,nearest,,10.0,120.0,0.6420271536342209,1.6965746859882571,4.042591508659398,4.2025994031883345
ogurju,vq_ctw,30,linear,256.0,10.0,1007.0,1.0,0.0,7.785292743380186,7.785292743380186
ogurju,vq_ctw,30,nearest,256.0,10.0,120.0,1.0,0.0,8.955555428327852,8.955555428327852
ogurju,vq_ctw,30,linear,512.0,10.0,1007.0,1.0,0.0,7.990799113000211,7.990799113000211
ogurju,vq_ctw,30,nearest,512.0,10.0,120.0,1.0,0.0,9.798726978249961,9.798726978249961
ogurju,vq_ctw,30,linear,1024.0,10.0,1007.0,1.0,0.0,7.9100714784954125,7.9100714784954125
ogurju,vq_ctw,30,nearest,1024.0,10.0,120.0,1.0,0.0,8.981411556593777,8.981411556593777
oiphye,direct_ctw,30,linear,,10.0,977.0,0.852887890999431,1.1114902017566224,4.46636460219235,4.590372099011917
oiphye,direct_ctw,30,nearest,,10.0,196.0,0.8269596134375108,0.9942919653450967,4.263088056803738,4.42045510264537
oiphye,markov_order_1,30,linear,,10.0,977.0,0.8152267075195658,1.3296192060368686,4.46636460219235,4.590372099011917
oiphye,markov_order_1,30,nearest,,10.0,196.0,0.6746826482275737,1.5286311723159096,4.263088056803738,4.42045510264537
oiphye,markov_order_2,30,linear,,10.0,977.0,0.8074134468327647,1.3730910901282516,4.46636460219235,4.590372099011917
oiphye,markov_order_2,30,nearest,,10.0,196.0,0.70027405640239,1.4537754920720802,4.263088056803738,4.42045510264537
oiphye,vq_ctw,30,linear,256.0,10.0,977.0,1.0,0.0,5.926456470783108,5.926456470783108
oiphye,vq_ctw,30,nearest,256.0,10.0,196.0,1.0,0.0,7.791991319647086,7.791991319647086
oiphye,vq_ctw,30,linear,512.0,10.0,977.0,1.0,0.0,6.0095374777219,6.0095374777219
oiphye,vq_ctw,30,nearest,512.0,10.0,196.0,1.0,0.0,8.510714908573632,8.510714908573632
oiphye,vq_ctw,30,linear,1024.0,10.0,977.0,1.0,0.0,5.84498992046143,5.84498992046143
oiphye,vq_ctw,30,nearest,1024.0,10.0,196.0,1.0,0.0,7.97541767032002,7.97541767032002
oipial,direct_ctw,30,linear,,10.0,1006.0,0.8147874713752643,1.2469858983781086,4.465075919879907,4.587134152419887
oipial,direct_ctw,30,nearest,,10.0,184.0,0.8263697046329226,0.9695504371304989,4.1251269318103665,4.266708337540664
oipial,markov_order_1,30,linear,,10.0,1006.0,0.7772952928202269,1.4331896785354021,4.465075919879907,4.587134152419887
oipial,markov_order_1,30,nearest,,10.0,184.0,0.6990526084619347,1.4028876380023636,4.1251269318103665,4.266708337540664
oipial,markov_order_2,30,linear,,10.0,1006.0,0.7728566515719648,1.4544282279407517,4.465075919879907,4.587134152419887
oipial,markov_order_2,30,nearest,,10.0,184.0,0.705894016474643,1.3895771079627415,4.1251269318103665,4.266708337540664
oipial,vq_ctw,30,linear,256.0,10.0,1006.0,1.0,0.0,5.718023618832802,5.718023618832802
oipial,vq_ctw,30,nearest,256.0,10.0,184.0,1.0,0.0,8.266034138672907,8.266034138672907
oipial,vq_ctw,30,linear,512.0,10.0,1006.0,1.0,0.0,6.080748063139106,6.080748063139106
oipial,vq_ctw,30,nearest,512.0,10.0,184.0,1.0,0.0,7.958870657393277,7.958870657393277
oipial,vq_ctw,30,linear,1024.0,10.0,1006.0,1.0,0.0,5.585545612806998,5.585545612806998
oipial,vq_ctw,30,nearest,1024.0,10.0,184.0,1.0,0.0,7.2845951573057075,7.2845951573057075
oirzgo,direct_ctw,30,linear,,10.0,993.0,0.8404097175800884,1.256830252065496,4.410124962008332,4.55576368489327
oirzgo,direct_ctw,30,nearest,,10.0,45.0,0.8160612142522085,1.1157108809165206,3.7494259719403393,3.9960160595913643
oirzgo,markov_order_1,30,linear,,10.0,993.0,0.7833920933184134,1.6001884852401809,4.410124962008332,4.55576368489327
oirzgo,markov_order_1,30,nearest,,10.0,45.0,0.5796945824984729,1.957514798051161,3.7494259719403393,3.9960160595913643
oirzgo,markov_order_2,30,linear,,10.0,993.0,0.7670772938867345,1.693075075998069,4.410124962008332,4.55576368489327
oirzgo,markov_order_2,30,nearest,,10.0,45.0,0.6189053280393078,1.8436859130075485,3.7494259719403393,3.9960160595913643
oirzgo,vq_ctw,30,linear,256.0,10.0,993.0,1.0,0.0,7.210605221053562,7.210605221053562
oirzgo,vq_ctw,30,nearest,256.0,10.0,45.0,1.0,0.0,9.1031416149361,9.1031416149361
oirzgo,vq_ctw,30,linear,512.0,10.0,993.0,1.0,0.0,6.920445184734055,6.920445184734055
oirzgo,vq_ctw,30,nearest,512.0,10.0,45.0,1.0,0.0,12.17655179201818,12.17655179201818
oirzgo,vq_ctw,30,linear,1024.0,10.0,993.0,1.0,0.0,6.943341991547661,6.943341991547661
oirzgo,vq_ctw,30,nearest,1024.0,10.0,45.0,1.0,0.0,11.767139474124688,11.767139474124688
oivnab,direct_ctw,30,linear,,10.0,1005.0,0.8147011206304414,1.464215259120679,4.343134925072412,4.503626106702245
oivnab,direct_ctw,30,nearest,,10.0,267.0,0.8231256045745624,1.0327971217982506,4.05560486891039,4.235144730996074
oivnab,markov_order_1,30,linear,,10.0,1005.0,0.7588009060413524,1.8028107831359501,4.343134925072412,4.503626106702245
oivnab,markov_order_1,30,nearest,,10.0,267.0,0.6688056203100787,1.5909479000534936,4.05560486891039,4.235144730996074
oivnab,markov_order_2,30,linear,,10.0,1005.0,0.727462387730611,1.981543832347847,4.343134925072412,4.503626106702245
oivnab,markov_order_2,30,nearest,,10.0,267.0,0.6751756363726651,1.5746197753958753,4.05560486891039,4.235144730996074
oivnab,vq_ctw,30,linear,256.0,10.0,1005.0,1.0,0.0,8.615978623066153,8.615978623066153
oivnab,vq_ctw,30,nearest,256.0,10.0,267.0,1.0,0.0,8.414344024848209,8.414344024848209
oivnab,vq_ctw,30,linear,512.0,10.0,1005.0,1.0,0.0,8.309769734177321,8.309769734177321
oivnab,vq_ctw,30,nearest,512.0,10.0,267.0,1.0,0.0,9.195429906691622,9.195429906691622
oivnab,vq_ctw,30,linear,1024.0,10.0,1005.0,1.0,0.0,8.251904007805006,8.251904007805006
oivnab,vq_ctw,30,nearest,1024.0,10.0,267.0,1.0,0.0,8.635592210685315,8.635592210685315
ojachm,direct_ctw,30,linear,,10.0,1007.0,0.8268867169383896,1.3238810495012276,4.233647541018673,4.407969017794422
ojachm,direct_ctw,30,nearest,,10.0,135.0,0.8279069151800398,1.051726823779353,4.049498486414994,4.185849080010426
ojachm,markov_order_1,30,linear,,10.0,1007.0,0.7737317340210194,1.632932710647929,4.233647541018673,4.407969017794422
ojachm,markov_order_1,30,nearest,,10.0,135.0,0.6557306355914366,1.708164183305995,4.049498486414994,4.185849080010426
ojachm,markov_order_2,30,linear,,10.0,1007.0,0.7605562943494324,1.7057611280527856,4.233647541018673,4.407969017794422
ojachm,markov_order_2,30,nearest,,10.0,135.0,0.6706106362097796,1.6620636095700472,4.049498486414994,4.185849080010426
ojachm,vq_ctw,30,linear,256.0,10.0,1007.0,1.0,0.0,7.981200496009242,7.981200496009242
ojachm,vq_ctw,30,nearest,256.0,10.0,135.0,1.0,0.0,8.884934492569569,8.884934492569569
ojachm,vq_ctw,30,linear,512.0,10.0,1007.0,1.0,0.0,7.576442413731533,7.576442413731533
ojachm,vq_ctw,30,nearest,512.0,10.0,135.0,1.0,0.0,9.37344726514193,9.37344726514193
ojachm,vq_ctw,30,linear,1024.0,10.0,1007.0,1.0,0.0,7.500803427578514,7.500803427578514
ojachm,vq_ctw,30,nearest,1024.0,10.0,135.0,1.0,0.0,8.8385277290808,8.8385277290808
ojbaso,direct_ctw,30,linear,,10.0,1007.0,0.8362788741644731,1.209519851030758,4.365642842472884,4.496000826626525
ojbaso,direct_ctw,30,nearest,,10.0,115.0,0.8411900750594983,0.9278748545304424,4.345118897473689,4.486211641095844
ojbaso,markov_order_1,30,linear,,10.0,1007.0,0.8006002087489278,1.4105359945515556,4.365642842472884,4.496000826626525
ojbaso,markov_order_1,30,nearest,,10.0,115.0,0.7401774118158657,1.2994158357868653,4.345118897473689,4.486211641095844
ojbaso,markov_order_2,30,linear,,10.0,1007.0,0.7904339415830339,1.465631905934308,4.365642842472884,4.496000826626525
ojbaso,markov_order_2,30,nearest,,10.0,115.0,0.733026707209383,1.3313860272291183,4.345118897473689,4.486211641095844
ojbaso,vq_ctw,30,linear,256.0,10.0,1007.0,1.0,0.0,5.693928344981826,5.693928344981826
ojbaso,vq_ctw,30,nearest,256.0,10.0,115.0,1.0,0.0,7.839600789821902,7.839600789821902
ojbaso,vq_ctw,30,linear,512.0,10.0,1007.0,1.0,0.0,5.991266649853026,5.991266649853026
ojbaso,vq_ctw,30,nearest,512.0,10.0,115.0,1.0,0.0,7.609043334601361,7.609043334601361
ojbaso,vq_ctw,30,linear,1024.0,10.0,1007.0,1.0,0.0,5.572059571380409,5.572059571380409
ojbaso,vq_ctw,30,nearest,1024.0,10.0,115.0,1.0,0.0,7.0606282727508205,7.0606282727508205
ojfann,direct_ctw,30,linear,,10.0,1007.0,0.8202988305413743,1.3010867869366662,4.386996070267441,4.522874463724862
ojfann,direct_ctw,30,nearest,,10.0,97.0,0.7866307907988894,1.1304497773397726,4.218198299223059,4.364768790244636
ojfann,markov_order_1,30,linear,,10.0,1007.0,0.7786341752211113,1.5284535621790414,4.386996070267441,4.522874463724862
ojfann,markov_order_1,30,nearest,,10.0,97.0,0.5986848371797524,1.714527020188719,4.218198299223059,4.364768790244636
ojfann,markov_order_2,30,linear,,10.0,1007.0,0.7678454309347317,1.5848711910627116,4.386996070267441,4.522874463724862
ojfann,markov_order_2,30,nearest,,10.0,97.0,0.6622513139943621,1.5342048177489038,4.218198299223059,4.364768790244636
ojfann,vq_ctw,30,linear,256.0,10.0,1007.0,1.0,0.0,6.073525195988946,6.073525195988946
ojfann,vq_ctw,30,nearest,256.0,10.0,97.0,1.0,0.0,7.64755963870874,7.64755963870874
ojfann,vq_ctw,30,linear,512.0,10.0,1007.0,1.0,0.0,6.262857801148768,6.262857801148768
ojfann,vq_ctw,30,nearest,512.0,10.0,97.0,1.0,0.0,8.006481366130464,8.006481366130464
ojfann,vq_ctw,30,linear,1024.0,10.0,1007.0,1.0,0.0,6.10900314838455,6.10900314838455
ojfann,vq_ctw,30,nearest,1024.0,10.0,97.0,1.0,0.0,7.276943632130518,7.276943632130518
ojfequ,direct_ctw,30,linear,,10.0,1007.0,0.8308550598733495,1.374260465956726,4.022135644097532,4.22167517446165
ojfequ,markov_order_1,30,linear,,10.0,1007.0,0.7650311160245267,1.7847039087496575,4.022135644097532,4.22167517446165
ojfequ,markov_order_2,30,linear,,10.0,1007.0,0.7372496498569292,1.9470128337711015,4.022135644097532,4.22167517446165
ojfequ,vq_ctw,30,linear,256.0,10.0,1007.0,1.0,0.0,11.006732895854244,11.006732895854244
ojfequ,vq_ctw,30,linear,512.0,10.0,1007.0,1.0,0.0,9.742666800179418,9.742666800179418
ojfequ,vq_ctw,30,linear,1024.0,10.0,1007.0,1.0,0.0,10.320922417706042,10.320922417706042
ojfiez,direct_ctw,30,linear,,10.0,990.0,0.810842142090511,1.3778302633395882,3.853746284702435,4.0673001885851745
ojfiez,markov_order_1,30,linear,,10.0,990.0,0.7441524572781992,1.73761923170009,3.853746284702435,4.0673001885851745
ojfiez,markov_order_2,30,linear,,10.0,990.0,0.7321570808412521,1.7985591244761385,3.853746284702435,4.0673001885851745
ojfiez,vq_ctw,30,linear,256.0,10.0,990.0,1.0,0.0,10.327509159073916,10.327509159073916
ojfiez,vq_ctw,30,linear,512.0,10.0,990.0,1.0,0.0,9.002403415203133,9.002403415203133
ojfiez,vq_ctw,30,linear,1024.0,10.0,990.0,1.0,0.0,9.425555609457822,9.425555609457822
ojpoot,direct_ctw,30,linear,,10.0,1008.0,0.8442933261096577,1.141185272693375,4.305251476741704,4.4362938088556545
ojpoot,direct_ctw,30,nearest,,10.0,84.0,0.8178442009119612,1.1017297633036596,4.046511916190049,4.208704195195243
ojpoot,markov_order_1,30,linear,,10.0,1008.0,0.8120964750408473,1.3212671361533677,4.305251476741704,4.4362938088556545
ojpoot,markov_order_1,30,nearest,,10.0,84.0,0.6545768986034465,1.7251569608060857,4.046511916190049,4.208704195195243
ojpoot,markov_order_2,30,linear,,10.0,1008.0,0.8002087807975292,1.385202400878251,4.305251476741704,4.4362938088556545
ojpoot,markov_order_2,30,nearest,,10.0,84.0,0.6371829925563736,1.7808496427397096,4.046511916190049,4.208704195195243
ojpoot,vq_ctw,30,linear,256.0,10.0,1008.0,1.0,0.0,5.672773831190047,5.672773831190047
ojpoot,vq_ctw,30,nearest,256.0,10.0,84.0,1.0,0.0,8.521960260414744,8.521960260414744
ojpoot,vq_ctw,30,linear,512.0,10.0,1008.0,1.0,0.0,6.269313059780264,6.269313059780264
ojpoot,vq_ctw,30,nearest,512.0,10.0,84.0,1.0,0.0,9.722096150824237,9.722096150824237
ojpoot,vq_ctw,30,linear,1024.0,10.0,1008.0,1.0,0.0,5.744399857727197,5.744399857727197
ojpoot,vq_ctw,30,nearest,1024.0,10.0,84.0,1.0,0.0,9.018567943761127,9.018567943761127
ojroig,direct_ctw,30,linear,,10.0,1007.0,0.7969799658743313,1.4302611228369668,4.28254873163321,4.433305706781532
ojroig,direct_ctw,30,nearest,,10.0,166.0,0.8068297162687256,1.094603707538661,4.053437381035108,4.202549611182485
ojroig,markov_order_1,30,linear,,10.0,1007.0,0.7536854826607324,1.6574925738181971,4.28254873163321,4.433305706781532
ojroig,markov_order_1,30,nearest,,10.0,166.0,0.6345862553495023,1.6926021097137722,4.053437381035108,4.202549611182485
ojroig,markov_order_2,30,linear,,10.0,1007.0,0.7435275545571717,1.7086253398872606,4.28254873163321,4.433305706781532
ojroig,markov_order_2,30,nearest,,10.0,166.0,0.6466493585308133,1.6658150291571001,4.053437381035108,4.202549611182485
ojroig,vq_ctw,30,linear,256.0,10.0,1007.0,1.0,0.0,7.383864393431445,7.383864393431445
ojroig,vq_ctw,30,nearest,256.0,10.0,166.0,1.0,0.0,8.492675971640029,8.492675971640029
ojroig,vq_ctw,30,linear,512.0,10.0,1007.0,1.0,0.0,7.14039042148047,7.14039042148047
ojroig,vq_ctw,30,nearest,512.0,10.0,166.0,1.0,0.0,9.239521684634855,9.239521684634855
ojroig,vq_ctw,30,linear,1024.0,10.0,1007.0,1.0,0.0,7.087604179491277,7.087604179491277
ojroig,vq_ctw,30,nearest,1024.0,10.0,166.0,1.0,0.0,8.642295017308141,8.642295017308141
ojumna,direct_ctw,30,linear,,10.0,994.0,0.8278723344840537,1.2081806999163283,4.575173997018145,4.696740205649801
ojumna,direct_ctw,30,nearest,,10.0,39.0,0.8006789757049217,1.0364844123173056,4.56912094752164,4.65637565528625
ojumna,markov_order_1,30,linear,,10.0,994.0,0.7876657127920839,1.4190047818306422,4.575173997018145,4.696740205649801
ojumna,markov_order_1,30,nearest,,10.0,39.0,0.6455046315674554,1.499880715673301,4.56912094752164,4.65637565528625
ojumna,markov_order_2,30,linear,,10.0,994.0,0.7804031947447432,1.4555360007271698,4.575173997018145,4.696740205649801
ojumna,markov_order_2,30,nearest,,10.0,39.0,0.7080914597022842,1.3338379793200106,4.56912094752164,4.65637565528625
ojumna,vq_ctw,30,linear,256.0,10.0,994.0,1.0,0.0,6.1077724413510825,6.1077724413510825
ojumna,vq_ctw,30,nearest,256.0,10.0,39.0,1.0,0.0,7.067560745831008,7.067560745831008
ojumna,vq_ctw,30,linear,512.0,10.0,994.0,1.0,0.0,6.295026001289487,6.295026001289487
ojumna,vq_ctw,30,nearest,512.0,10.0,39.0,1.0,0.0,7.06418462089581,7.06418462089581
ojumna,vq_ctw,30,linear,1024.0,10.0,994.0,1.0,0.0,5.800544143095126,5.800544143095126
ojumna,vq_ctw,30,nearest,1024.0,10.0,39.0,1.0,0.0,6.375999671495686,6.375999671495686
ojvigh,direct_ctw,30,linear,,10.0,1007.0,0.8453943714841812,1.2531916404733123,4.2047196596533984,4.36010885957127
ojvigh,direct_ctw,30,nearest,,10.0,143.0,0.8333958430576204,1.0239831561068207,4.2949578377497,4.422010423408419
ojvigh,markov_order_1,30,linear,,10.0,1007.0,0.7964828965481029,1.560775373332245,4.2047196596533984,4.36010885957127
ojvigh,markov_order_1,30,nearest,,10.0,143.0,0.6994601089903886,1.55405035604231,4.2949578377497,4.422010423408419
ojvigh,markov_order_2,30,linear,,10.0,1007.0,0.7729697857279458,1.700775832265207,4.2047196596533984,4.36010885957127
ojvigh,markov_order_2,30,nearest,,10.0,143.0,0.6933784688223955,1.5756185446912534,4.2949578377497,4.422010423408419
ojvigh,vq_ctw,30,linear,256.0,10.0,1007.0,1.0,0.0,7.8172920788867,7.8172920788867
ojvigh,vq_ctw,30,nearest,256.0,10.0,143.0,1.0,0.0,10.30656545427703,10.30656545427703
ojvigh,vq_ctw,30,linear,512.0,10.0,1007.0,1.0,0.0,8.264180351018531,8.264180351018531
ojvigh,vq_ctw,30,nearest,512.0,10.0,143.0,1.0,0.0,9.723224630960752,9.723224630960752
ojvigh,vq_ctw,30,linear,1024.0,10.0,1007.0,1.0,0.0,7.803932833151318,7.803932833151318
ojvigh,vq_ctw,30,nearest,1024.0,10.0,143.0,1.0,0.0,9.118529210348733,9.118529210348733
ojwyky,direct_ctw,30,linear,,10.0,991.0,0.8051581239554516,1.3855332570327379,4.4711652997762235,4.614721377451233
ojwyky,direct_ctw,30,nearest,,10.0,107.0,0.8388824669009687,0.9956221941078817,3.923392049833266,4.092323921607562
ojwyky,markov_order_1,30,linear,,10.0,991.0,0.7644456720440016,1.6024528767405777,4.4711652997762235,4.614721377451233
ojwyky,markov_order_1,30,nearest,,10.0,107.0,0.6640292307131289,1.6702279533023454,3.923392049833266,4.092323921607562
ojwyky,markov_order_2,30,linear,,10.0,991.0,0.7532367656235175,1.6597680852294172,4.4711652997762235,4.614721377451233
ojwyky,markov_order_2,30,nearest,,10.0,107.0,0.6510903956381863,1.7108878574709203,3.923392049833266,4.092323921607562
ojwyky,vq_ctw,30,linear,256.0,10.0,991.0,1.0,0.0,6.1799472218948015,6.1799472218948015
ojwyky,vq_ctw,30,nearest,256.0,10.0,107.0,1.0,0.0,9.012565880743432,9.012565880743432
ojwyky,vq_ctw,30,linear,512.0,10.0,991.0,1.0,0.0,6.450936609101905,6.450936609101905
ojwyky,vq_ctw,30,nearest,512.0,10.0,107.0,1.0,0.0,9.806328839124786,9.806328839124786
ojwyky,vq_ctw,30,linear,1024.0,10.0,991.0,1.0,0.0,5.914172979051112,5.914172979051112
ojwyky,vq_ctw,30,nearest,1024.0,10.0,107.0,1.0,0.0,9.234970393992441,9.234970393992441
okavka,direct_ctw,30,linear,,10.0,1007.0,0.7991073762235303,1.544850888968814,4.072152002709596,4.268858622081759
okavka,direct_ctw,30,nearest,,10.0,95.0,0.8173550492786508,1.1376688104343566,4.374134587645863,4.529762928646721
okavka,markov_order_1,30,linear,,10.0,1007.0,0.7293251730438858,1.948804601865315,4.072152002709596,4.268858622081759
okavka,markov_order_1,30,nearest,,10.0,95.0,0.6158140153447179,1.9029076613874287,4.374134587645863,4.529762928646721
okavka,markov_order_2,30,linear,,10.0,1007.0,0.7077414951050224,2.066216642276963,4.072152002709596,4.268858622081759
okavka,markov_order_2,30,nearest,,10.0,95.0,0.616887950920266,1.9061666323083366,4.374134587645863,4.529762928646721
okavka,vq_ctw,30,linear,256.0,10.0,1007.0,1.0,0.0,9.33238420741108,9.33238420741108
okavka,vq_ctw,30,nearest,256.0,10.0,95.0,0.9999999999988544,0.07746969182315572,8.806072241385252,8.806072241385252
okavka,vq_ctw,30,linear,512.0,10.0,1007.0,1.0,0.0,8.516698647107464,8.516698647107464
okavka,vq_ctw,30,nearest,512.0,10.0,95.0,1.0,0.0,8.460002127817926,8.460002127817926
okavka,vq_ctw,30,linear,1024.0,10.0,1007.0,1.0,0.0,8.893366747900124,8.893366747900124
okavka,vq_ctw,30,nearest,1024.0,10.0,95.0,1.0,0.0,8.015387537172977,8.015387537172977
okblah,direct_ctw,30,linear,,10.0,1007.0,0.7879720883787438,1.3405787806843514,4.540334876934293,4.677714945523985
okblah,direct_ctw,30,nearest,,10.0,347.0,0.8345361742889191,0.975808472502146,4.299238869105872,4.45474033859296
okblah,markov_order_1,30,linear,,10.0,1007.0,0.7387314213260425,1.562128278096349,4.540334876934293,4.677714945523985
okblah,markov_order_1,30,nearest,,10.0,347.0,0.6797273324099258,1.5385262222238791,4.299238869105872,4.45474033859296
okblah,markov_order_2,30,linear,,10.0,1007.0,0.742753697034883,1.5447441856326014,4.540334876934293,4.677714945523985
okblah,markov_order_2,30,nearest,,10.0,347.0,0.692860304948425,1.506567309830167,4.299238869105872,4.45474033859296
okblah,vq_ctw,30,linear,256.0,10.0,1007.0,1.0,0.0,5.762561283902798,5.762561283902798
okblah,vq_ctw,30,nearest,256.0,10.0,347.0,1.0,0.0,8.228291631164693,8.228291631164693
okblah,vq_ctw,30,linear,512.0,10.0,1007.0,1.0,0.0,6.051786650730062,6.051786650730062
okblah,vq_ctw,30,nearest,512.0,10.0,347.0,1.0,0.0,7.915861173179978,7.915861173179978
okblah,vq_ctw,30,linear,1024.0,10.0,1007.0,1.0,0.0,5.575695117671612,5.575695117671612
okblah,vq_ctw,30,nearest,1024.0,10.0,347.0,1.0,0.0,7.244367020897914,7.244367020897914
okchym,direct_ctw,30,linear,,10.0,1007.0,0.8302912554638839,1.1950020679324769,4.2538664526712635,4.4391143095632435
okchym,markov_order_1,30,linear,,10.0,1007.0,0.7826971713215047,1.4440455461931112,4.2538664526712635,4.4391143095632435
okchym,markov_order_2,30,linear,,10.0,1007.0,0.784832583041292,1.4333092288039386,4.2538664526712635,4.4391143095632435
okchym,vq_ctw,30,linear,256.0,10.0,1007.0,1.0,0.0,6.661985263658142,6.661985263658142
okchym,vq_ctw,30,linear,512.0,10.0,1007.0,1.0,0.0,6.228737426138812,6.228737426138812
okchym,vq_ctw,30,linear,1024.0,10.0,1007.0,1.0,0.0,6.31796904925113,6.31796904925113
okneyd,direct_ctw,30,linear,,10.0,606.0,0.8533806439947721,1.0411732455651064,4.5767467861478,4.732346226722244
okneyd,markov_order_1,30,linear,,10.0,606.0,0.8058310004992812,1.2926186682288545,4.5767467861478,4.732346226722244
okneyd,markov_order_2,30,linear,,10.0,606.0,0.8051329604343928,1.2961437351488392,4.5767467861478,4.732346226722244
okneyd,vq_ctw,30,linear,256.0,10.0,606.0,1.0,0.0,6.411677131875665,6.411677131875665
okneyd,vq_ctw,30,linear,512.0,10.0,606.0,1.0,0.0,6.393520687835008,6.393520687835008
okneyd,vq_ctw,30,linear,1024.0,10.0,606.0,1.0,0.0,6.064572540434346,6.064572540434346
oknsco,direct_ctw,30,linear,,10.0,1007.0,0.8301832179997963,1.13402146062289,4.520026428920515,4.659510637889262
oknsco,direct_ctw,30,nearest,,10.0,80.0,0.819201813266498,0.9915428599124333,4.425489650402664,4.529505565476343
oknsco,markov_order_1,30,linear,,10.0,1007.0,0.792060695005928,1.321284719764129,4.520026428920515,4.659510637889262
oknsco,markov_order_1,30,nearest,,10.0,80.0,0.6821780152571586,1.5206712542518936,4.425489650402664,4.529505565476343
oknsco,markov_order_2,30,linear,,10.0,1007.0,0.7935209221899227,1.3143585557821196,4.520026428920515,4.659510637889262
oknsco,markov_order_2,30,nearest,,10.0,80.0,0.7027420082823974,1.3867289312727267,4.425489650402664,4.529505565476343
oknsco,vq_ctw,30,linear,256.0,10.0,1007.0,1.0,0.0,5.629116777113787,5.629116777113787
oknsco,vq_ctw,30,nearest,256.0,10.0,80.0,0.9999999999989975,0.08616592299908009,7.474160468741658,7.474160468741658
oknsco,vq_ctw,30,linear,512.0,10.0,1007.0,1.0,0.0,5.843436625436879,5.843436625436879
oknsco,vq_ctw,30,nearest,512.0,10.0,80.0,1.0,0.0,7.327936689098334,7.327936689098334
oknsco,vq_ctw,30,linear,1024.0,10.0,1007.0,1.0,0.0,5.537113411715212,5.537113411715212
oknsco,vq_ctw,30,nearest,1024.0,10.0,80.0,1.0,0.0,6.5780971970826085,6.5780971970826085
okquak,direct_ctw,30,linear,,10.0,1007.0,0.8113154758169143,1.3969271685733538,4.406418598785275,4.559195826285352
okquak,direct_ctw,30,nearest,,10.0,305.0,0.8141224951102016,1.094698473907537,4.194037588804239,4.35893262133132
okquak,markov_order_1,30,linear,,10.0,1007.0,0.7536399670929698,1.7170982247609177,4.406418598785275,4.559195826285352
okquak,markov_order_1,30,nearest,,10.0,305.0,0.6134439890679055,1.8023844748781042,4.194037588804239,4.35893262133132
okquak,markov_order_2,30,linear,,10.0,1007.0,0.7446836597514102,1.764378823222278,4.406418598785275,4.559195826285352
okquak,markov_order_2,30,nearest,,10.0,305.0,0.6267306311202342,1.763419904574905,4.194037588804239,4.35893262133132
okquak,vq_ctw,30,linear,256.0,10.0,1007.0,1.0,0.0,6.625483585198286,6.625483585198286
okquak,vq_ctw,30,nearest,256.0,10.0,305.0,1.0,0.0,8.477579523445646,8.477579523445646
okquak,vq_ctw,30,linear,512.0,10.0,1007.0,1.0,0.0,6.74959134701557,6.74959134701557
okquak,vq_ctw,30,nearest,512.0,10.0,305.0,1.0,0.0,8.496020554042804,8.496020554042804
okquak,vq_ctw,30,linear,1024.0,10.0,1007.0,1.0,0.0,6.38835827609689,6.38835827609689
okquak,vq_ctw,30,nearest,1024.0,10.0,305.0,1.0,0.0,7.994100873622407,7.994100873622407
oksbos,direct_ctw,30,linear,,10.0,1007.0,0.8369401386874042,1.3215271118076897,4.04306981020188,4.254500182930662
oksbos,markov_order_1,30,linear,,10.0,1007.0,0.7801000623143264,1.6769509979665749,4.04306981020188,4.254500182930662
oksbos,markov_order_2,30,linear,,10.0,1007.0,0.7560442004464103,1.8188343685286505,4.04306981020188,4.254500182930662
oksbos,vq_ctw,30,linear,256.0,10.0,1007.0,1.0,0.0,9.439937756704959,9.439937756704959
oksbos,vq_ctw,30,linear,512.0,10.0,1007.0,1.0,0.0,8.737864593954134,8.737864593954134
oksbos,vq_ctw,30,linear,1024.0,10.0,1007.0,1.0,0.0,9.097769278335617,9.097769278335617
oktuls,direct_ctw,30,linear,,10.0,1007.0,0.8364360653788574,1.2291384227999897,4.6662540197566855,4.810422852148369
oktuls,markov_order_1,30,linear,,10.0,1007.0,0.7933172400802095,1.4760438676756833,4.6662540197566855,4.810422852148369
oktuls,markov_order_2,30,linear,,10.0,1007.0,0.7830782364175115,1.5321631554482413,4.6662540197566855,4.810422852148369
oktuls,vq_ctw,30,linear,256.0,10.0,1007.0,1.0,0.0,7.369104000579874,7.369104000579874
oktuls,vq_ctw,30,linear,512.0,10.0,1007.0,1.0,0.0,7.275991530212665,7.275991530212665
oktuls,vq_ctw,30,linear,1024.0,10.0,1007.0,1.0,0.0,7.186669011383994,7.186669011383994
okvats,direct_ctw,30,linear,,10.0,1007.0,0.889308780401865,0.8340710299249969,4.889161364416053,4.99360599588892
okvats,markov_order_1,30,linear,,10.0,1007.0,0.8556352000152565,1.0286510643289033,4.889161364416053,4.99360599588892
okvats,markov_order_2,30,linear,,10.0,1007.0,0.858817329978784,1.0108757675434394,4.889161364416053,4.99360599588892
okvats,vq_ctw,30,linear,256.0,10.0,1007.0,1.0,0.0,4.977327740101176,4.977327740101176
okvats,vq_ctw,30,linear,512.0,10.0,1007.0,1.0,0.0,5.336209850146832,5.336209850146832
okvats,vq_ctw,30,linear,1024.0,10.0,1007.0,1.0,0.0,4.80547006948444,4.80547006948444
oljnek,direct_ctw,30,linear,,10.0,998.0,0.8050812851864331,1.3295260771229567,4.223223148491942,4.404359503940289
oljnek,direct_ctw,30,nearest,,10.0,243.0,0.8303742498251491,1.0220073064345028,4.322757106822876,4.46372673515898
oljnek,markov_order_1,30,linear,,10.0,998.0,0.7497896439740095,1.604759423919699,4.223223148491942,4.404359503940289
oljnek,markov_order_1,30,nearest,,10.0,243.0,0.6515797961022598,1.6748385930420144,4.322757106822876,4.46372673515898
oljnek,markov_order_2,30,linear,,10.0,998.0,0.7436776118115306,1.6336686889534264,4.223223148491942,4.404359503940289
oljnek,markov_order_2,30,nearest,,10.0,243.0,0.6625018674233139,1.6534122172863102,4.322757106822876,4.46372673515898
oljnek,vq_ctw,30,linear,256.0,10.0,998.0,1.0,0.0,7.461717175393772,7.461717175393772
oljnek,vq_ctw,30,nearest,256.0,10.0,243.0,1.0,0.0,9.169623424924692,9.169623424924692
oljnek,vq_ctw,30,linear,512.0,10.0,998.0,1.0,0.0,8.253820806116105,8.253820806116105
oljnek,vq_ctw,30,nearest,512.0,10.0,243.0,1.0,0.0,8.549500592196782,8.549500592196782
oljnek,vq_ctw,30,linear,1024.0,10.0,998.0,1.0,0.0,7.792713285384338,7.792713285384338
oljnek,vq_ctw,30,nearest,1024.0,10.0,243.0,1.0,0.0,8.069836788092797,8.069836788092797
omcuky,direct_ctw,30,linear,,10.0,990.0,0.8004777189920235,1.2811014849898543,4.397087348473949,4.555869860979303
omcuky,direct_ctw,30,nearest,,10.0,133.0,0.8023028947112381,1.1093018381418944,4.500601822655482,4.688971941616436
omcuky,markov_order_1,30,linear,,10.0,990.0,0.7582706703973892,1.4765243096184182,4.397087348473949,4.555869860979303
omcuky,markov_order_1,30,nearest,,10.0,133.0,0.6174476096527648,1.7182366374272393,4.500601822655482,4.688971941616436
omcuky,markov_order_2,30,linear,,10.0,990.0,0.7571564154927133,1.4814853010096587,4.397087348473949,4.555869860979303
omcuky,markov_order_2,30,nearest,,10.0,133.0,0.6395982871559298,1.6571653495710796,4.500601822655482,4.688971941616436
omcuky,vq_ctw,30,linear,256.0,10.0,990.0,1.0,0.0,5.829430676776481,5.829430676776481
omcuky,vq_ctw,30,nearest,256.0,10.0,133.0,1.0,0.0,7.850090277754831,7.850090277754831
omcuky,vq_ctw,30,linear,512.0,10.0,990.0,1.0,0.0,5.945478900681106,5.945478900681106
omcuky,vq_ctw,30,nearest,512.0,10.0,133.0,1.0,0.0,6.9837175597944805,6.9837175597944805
omcuky,vq_ctw,30,linear,1024.0,10.0,990.0,1.0,0.0,5.646642798171026,5.646642798171026
omcuky,vq_ctw,30,nearest,1024.0,10.0,133.0,1.0,0.0,6.463451114993076,6.463451114993076
omdrid,direct_ctw,30,linear,,10.0,293.0,0.813431690388198,1.2180006371422634,4.313957726777832,4.481789457759692
omdrid,direct_ctw,30,nearest,,10.0,117.0,0.8136382807108558,1.0145815592310257,4.320591715008346,4.431735163155366
omdrid,markov_order_1,30,linear,,10.0,293.0,0.7299800714822543,1.5995350062535862,4.313957726777832,4.481789457759692
omdrid,markov_order_1,30,nearest,,10.0,117.0,0.6810157769191852,1.4697093915336934,4.320591715008346,4.431735163155366
omdrid,markov_order_2,30,linear,,10.0,293.0,0.7277519394406219,1.6089689307529125,4.313957726777832,4.481789457759692
omdrid,markov_order_2,30,nearest,,10.0,117.0,0.6797946360103899,1.4521765808508462,4.320591715008346,4.431735163155366
omdrid,vq_ctw,30,linear,256.0,10.0,293.0,1.0,0.0,6.136751307177124,6.136751307177124
omdrid,vq_ctw,30,nearest,256.0,10.0,117.0,1.0,0.0,8.049693069666304,8.049693069666304
omdrid,vq_ctw,30,linear,512.0,10.0,293.0,1.0,0.0,6.326488236104257,6.326488236104257
omdrid,vq_ctw,30,nearest,512.0,10.0,117.0,1.0,0.0,7.528438296637971,7.528438296637971
omdrid,vq_ctw,30,linear,1024.0,10.0,293.0,1.0,0.0,5.786349393114969,5.786349393114969
omdrid,vq_ctw,30,nearest,1024.0,10.0,117.0,1.0,0.0,6.878362437599598,6.878362437599598
omluaj,direct_ctw,30,linear,,10.0,1006.0,0.7933146326389351,1.3902760969554666,4.321023016352787,4.506636271302188
omluaj,markov_order_1,30,linear,,10.0,1006.0,0.7374549580267539,1.662810734693132,4.321023016352787,4.506636271302188
omluaj,markov_order_2,30,linear,,10.0,1006.0,0.7345025061217569,1.6765365108261219,4.321023016352787,4.506636271302188
omluaj,vq_ctw,30,linear,256.0,10.0,1006.0,1.0,0.0,7.731317628704999,7.731317628704999
omluaj,vq_ctw,30,linear,512.0,10.0,1006.0,1.0,0.0,7.295085287242674,7.295085287242674
omluaj,vq_ctw,30,linear,1024.0,10.0,1006.0,1.0,0.0,7.236183154755684,7.236183154755684
omwyek,direct_ctw,30,linear,,10.0,1007.0,0.8497378056338047,1.149180389585744,4.429110181814992,4.563178067211533
omwyek,direct_ctw,30,nearest,,10.0,147.0,0.8138623345869835,0.9929336531286211,4.1988221006798,4.326525446362986
omwyek,markov_order_1,30,linear,,10.0,1007.0,0.8169146914727236,1.3431341993828667,4.429110181814992,4.563178067211533
omwyek,markov_order_1,30,nearest,,10.0,147.0,0.722516543438552,1.3586257083971276,4.1988221006798,4.326525446362986
omwyek,markov_order_2,30,linear,,10.0,1007.0,0.8027361921843605,1.4236051945743189,4.429110181814992,4.563178067211533
omwyek,markov_order_2,30,nearest,,10.0,147.0,0.7305823577275057,1.327639487930702,4.1988221006798,4.326525446362986
omwyek,vq_ctw,30,linear,256.0,10.0,1007.0,1.0,0.0,6.136247681154741,6.136247681154741
omwyek,vq_ctw,30,nearest,256.0,10.0,147.0,1.0,0.0,8.02226430694246,8.02226430694246
omwyek,vq_ctw,30,linear,512.0,10.0,1007.0,1.0,0.0,6.414014948530414,6.414014948530414
omwyek,vq_ctw,30,nearest,512.0,10.0,147.0,1.0,0.0,6.951186838762897,6.951186838762897
omwyek,vq_ctw,30,linear,1024.0,10.0,1007.0,1.0,0.0,6.08105535401524,6.08105535401524
omwyek,vq_ctw,30,nearest,1024.0,10.0,147.0,1.0,0.0,6.316365058843593,6.316365058843593
onanns,direct_ctw,30,linear,,10.0,127.0,0.791081716538756,1.0705376293038413,4.560783364970979,4.698139705151499
onanns,direct_ctw,30,nearest,,10.0,32.0,0.8461248593223343,0.9272037625341341,4.232666755433968,4.340268823433454
onanns,markov_order_1,30,linear,,10.0,127.0,0.7171790624847948,1.3075267005313491,4.560783364970979,4.698139705151499
onanns,markov_order_1,30,nearest,,10.0,32.0,0.6518078977239076,1.628827281986012,4.232666755433968,4.340268823433454
onanns,markov_order_2,30,linear,,10.0,127.0,0.7219090757421436,1.2936001889025464,4.560783364970979,4.698139705151499
onanns,markov_order_2,30,nearest,,10.0,32.0,0.6569407745261332,1.613834583309295,4.232666755433968,4.340268823433454
onanns,vq_ctw,30,linear,256.0,10.0,127.0,1.0,0.0,5.434213302689863,5.434213302689863
onanns,vq_ctw,30,nearest,256.0,10.0,32.0,1.0,0.0,8.143596275324953,8.143596275324953
onanns,vq_ctw,30,linear,512.0,10.0,127.0,1.0,0.0,5.673281303489181,5.673281303489181
onanns,vq_ctw,30,nearest,512.0,10.0,32.0,1.0,0.0,7.778904588190958,7.778904588190958
onanns,vq_ctw,30,linear,1024.0,10.0,127.0,1.0,0.0,5.538377297099032,5.538377297099032
onanns,vq_ctw,30,nearest,1024.0,10.0,32.0,1.0,0.0,6.757195064143678,6.757195064143678
oncalk,direct_ctw,30,linear,,10.0,1007.0,0.8257897105352491,1.2699146857125165,4.173253319343003,4.3649980226525695
oncalk,direct_ctw,30,nearest,,10.0,147.0,0.8305660520196889,0.9816453213032543,4.079732892114945,4.222232214058134
oncalk,markov_order_1,30,linear,,10.0,1007.0,0.7779777562822243,1.5319136773517852,4.173253319343003,4.3649980226525695
oncalk,markov_order_1,30,nearest,,10.0,147.0,0.7051348956464014,1.4426290417662864,4.079732892114945,4.222232214058134
oncalk,markov_order_2,30,linear,,10.0,1007.0,0.7617294483347219,1.6164330993816578,4.173253319343003,4.3649980226525695
oncalk,markov_order_2,30,nearest,,10.0,147.0,0.6910065047369401,1.491198669216479,4.079732892114945,4.222232214058134
oncalk,vq_ctw,30,linear,256.0,10.0,1007.0,1.0,0.0,7.871803649239762,7.871803649239762
oncalk,vq_ctw,30,nearest,256.0,10.0,147.0,1.0,0.0,8.828681632960413,8.828681632960413
oncalk,vq_ctw,30,linear,512.0,10.0,1007.0,1.0,0.0,8.386826761915627,8.386826761915627
oncalk,vq_ctw,30,nearest,512.0,10.0,147.0,1.0,0.0,8.390873703317022,8.390873703317022
oncalk,vq_ctw,30,linear,1024.0,10.0,1007.0,1.0,0.0,8.028578837252633,8.028578837252633
oncalk,vq_ctw,30,nearest,1024.0,10.0,147.0,1.0,0.0,7.732312803609058,7.732312803609058
oncixp,direct_ctw,30,linear,,10.0,1006.0,0.7874569644912917,1.3839447291707014,4.3304126990161125,4.487844947535629
oncixp,markov_order_1,30,linear,,10.0,1006.0,0.7437971639442039,1.5895706784432884,4.3304126990161125,4.487844947535629
oncixp,markov_order_2,30,linear,,10.0,1006.0,0.7388120567188479,1.6120975391843329,4.3304126990161125,4.487844947535629
oncixp,vq_ctw,30,linear,256.0,10.0,1006.0,1.0,0.0,6.774823602442189,6.774823602442189
oncixp,vq_ctw,30,linear,512.0,10.0,1006.0,1.0,0.0,6.451335751296764,6.451335751296764
oncixp,vq_ctw,30,linear,1024.0,10.0,1006.0,1.0,0.0,6.410034736443962,6.410034736443962
onghoj,direct_ctw,30,linear,,10.0,1007.0,0.8294051984260256,1.2706395923148666,4.3275057942683555,4.493206374974674
onghoj,direct_ctw,30,nearest,,10.0,67.0,0.8457947644153156,0.9541414944572786,4.066925507759614,4.221557030950162
onghoj,markov_order_1,30,linear,,10.0,1007.0,0.7738995558460353,1.5817129299141464,4.3275057942683555,4.493206374974674
onghoj,markov_order_1,30,nearest,,10.0,67.0,0.7374333745861237,1.3984502252316673,4.066925507759614,4.221557030950162
onghoj,markov_order_2,30,linear,,10.0,1007.0,0.7680172543327086,1.6131011381448073,4.3275057942683555,4.493206374974674
onghoj,markov_order_2,30,nearest,,10.0,67.0,0.7085315196626513,1.5015498186957623,4.066925507759614,4.221557030950162
onghoj,vq_ctw,30,linear,256.0,10.0,1007.0,1.0,0.0,8.877677258457041,8.877677258457041
onghoj,vq_ctw,30,nearest,256.0,10.0,67.0,1.0,0.0,8.157833154963399,8.157833154963399
onghoj,vq_ctw,30,linear,512.0,10.0,1007.0,1.0,0.0,7.823549086756053,7.823549086756053
onghoj,vq_ctw,30,nearest,512.0,10.0,67.0,1.0,0.0,8.144704562367385,8.144704562367385
onghoj,vq_ctw,30,linear,1024.0,10.0,1007.0,1.0,0.0,8.204588986504412,8.204588986504412
onghoj,vq_ctw,30,nearest,1024.0,10.0,67.0,1.0,0.0,7.538501101609444,7.538501101609444
onkawc,direct_ctw,30,linear,,10.0,1007.0,0.8431292435263871,1.1478839475337386,4.480704715225597,4.614879951508475
onkawc,direct_ctw,30,nearest,,10.0,119.0,0.8204639064199867,1.0553194537041402,4.187633708790835,4.356500780404443
onkawc,markov_order_1,30,linear,,10.0,1007.0,0.7962733939633367,1.4060841208872508,4.480704715225597,4.614879951508475
onkawc,markov_order_1,30,nearest,,10.0,119.0,0.6474993975571841,1.6733367589213115,4.187633708790835,4.356500780404443
onkawc,markov_order_2,30,linear,,10.0,1007.0,0.7936159144440847,1.4201070519019086,4.480704715225597,4.614879951508475
onkawc,markov_order_2,30,nearest,,10.0,119.0,0.6504565053455019,1.6670564191514257,4.187633708790835,4.356500780404443
onkawc,vq_ctw,30,linear,256.0,10.0,1007.0,1.0,0.0,6.334996201740623,6.334996201740623
onkawc,vq_ctw,30,nearest,256.0,10.0,119.0,1.0,0.0,7.745316568232762,7.745316568232762
onkawc,vq_ctw,30,linear,512.0,10.0,1007.0,1.0,0.0,6.178699293829539,6.178699293829539
onkawc,vq_ctw,30,nearest,512.0,10.0,119.0,1.0,0.0,8.697285841180722,8.697285841180722
onkawc,vq_ctw,30,linear,1024.0,10.0,1007.0,1.0,0.0,6.12133945344418,6.12133945344418
onkawc,vq_ctw,30,nearest,1024.0,10.0,119.0,1.0,0.0,8.050309155538251,8.050309155538251
ononma,direct_ctw,30,linear,,10.0,1007.0,0.8026426957797725,1.3722178859955587,4.3835348000471726,4.545075413435905
ononma,direct_ctw,30,nearest,,10.0,104.0,0.8243439669094207,0.9970666107678231,4.185219509932712,4.349217957375943
ononma,markov_order_1,30,linear,,10.0,1007.0,0.762634177575294,1.579144417820404,4.3835348000471726,4.545075413435905
ononma,markov_order_1,30,nearest,,10.0,104.0,0.6857390138764661,1.4804074674675023,4.185219509932712,4.349217957375943
ononma,markov_order_2,30,linear,,10.0,1007.0,0.7495261017460974,1.6440846514953829,4.3835348000471726,4.545075413435905
ononma,markov_order_2,30,nearest,,10.0,104.0,0.6849142506898516,1.4852421498776516,4.185219509932712,4.349217957375943
ononma,vq_ctw,30,linear,256.0,10.0,1007.0,1.0,0.0,6.742892028492342,6.742892028492342
ononma,vq_ctw,30,nearest,256.0,10.0,104.0,1.0,0.0,8.062369836892696,8.062369836892696
ononma,vq_ctw,30,linear,512.0,10.0,1007.0,1.0,0.0,6.455865947530544,6.455865947530544
ononma,vq_ctw,30,nearest,512.0,10.0,104.0,1.0,0.0,7.640515985625621,7.640515985625621
ononma,vq_ctw,30,linear,1024.0,10.0,1007.0,1.0,0.0,6.404060827095037,6.404060827095037
ononma,vq_ctw,30,nearest,1024.0,10.0,104.0,1.0,0.0,7.059148315201228,7.059148315201228
onvahe,direct_ctw,30,linear,,10.0,1007.0,0.8144877982261354,1.357042644282094,4.438091402738512,4.59280140809877
onvahe,direct_ctw,30,nearest,,10.0,75.0,0.8316480967139711,1.017312993253735,4.094911787338004,4.270130634889212
onvahe,markov_order_1,30,linear,,10.0,1007.0,0.7708970301895572,1.5977698535048075,4.438091402738512,4.59280140809877
onvahe,markov_order_1,30,nearest,,10.0,75.0,0.715665695960202,1.4736510341252238,4.094911787338004,4.270130634889212
onvahe,markov_order_2,30,linear,,10.0,1007.0,0.758019630505653,1.6658086340673508,4.438091402738512,4.59280140809877
onvahe,markov_order_2,30,nearest,,10.0,75.0,0.7041318883610842,1.511793187602412,4.094911787338004,4.270130634889212
onvahe,vq_ctw,30,linear,256.0,10.0,1007.0,1.0,0.0,7.075947154912505,7.075947154912505
onvahe,vq_ctw,30,nearest,256.0,10.0,75.0,1.0,0.0,8.280399327184552,8.280399327184552
onvahe,vq_ctw,30,linear,512.0,10.0,1007.0,1.0,0.0,7.023286548388369,7.023286548388369
onvahe,vq_ctw,30,nearest,512.0,10.0,75.0,1.0,0.0,9.051021606315528,9.051021606315528
onvahe,vq_ctw,30,linear,1024.0,10.0,1007.0,1.0,0.0,6.865523265767253,6.865523265767253
onvahe,vq_ctw,30,nearest,1024.0,10.0,75.0,1.0,0.0,8.632331323552089,8.632331323552089
onwohy,direct_ctw,30,linear,,10.0,1007.0,0.827128857373537,1.2839673450633209,3.5930110579363537,3.8496420556982414
onwohy,markov_order_1,30,linear,,10.0,1007.0,0.7647638795892069,1.6303406224046755,3.5930110579363537,3.8496420556982414
onwohy,markov_order_2,30,linear,,10.0,1007.0,0.763501975364689,1.6370045035030385,3.5930110579363537,3.8496420556982414
onwohy,vq_ctw,30,linear,256.0,10.0,1007.0,1.0,0.0,13.140040363093007,13.140040363093007
onwohy,vq_ctw,30,linear,512.0,10.0,1007.0,1.0,0.0,11.025951225956167,11.025951225956167
onwohy,vq_ctw,30,linear,1024.0,10.0,1007.0,1.0,0.0,12.226822335404213,12.226822335404213
onyacj,direct_ctw,30,linear,,10.0,1007.0,0.8086300817079257,1.4124812891182674,4.456499773687182,4.608107736394487
onyacj,direct_ctw,30,nearest,,10.0,176.0,0.823647741698317,0.9945128024178534,4.304954214334391,4.456586797678612
onyacj,markov_order_1,30,linear,,10.0,1007.0,0.756444534577382,1.7021653859289323,4.456499773687182,4.608107736394487
onyacj,markov_order_1,30,nearest,,10.0,176.0,0.6818775467412872,1.4873165716244072,4.304954214334391,4.456586797678612
onyacj,markov_order_2,30,linear,,10.0,1007.0,0.7390741042031317,1.793680898497052,4.456499773687182,4.608107736394487
onyacj,markov_order_2,30,nearest,,10.0,176.0,0.7019977484179446,1.425682650291051,4.304954214334391,4.456586797678612
onyacj,vq_ctw,30,linear,256.0,10.0,1007.0,1.0,0.0,7.451496642148259,7.451496642148259
onyacj,vq_ctw,30,nearest,256.0,10.0,176.0,1.0,0.0,7.8807710422131345,7.8807710422131345
onyacj,vq_ctw,30,linear,512.0,10.0,1007.0,1.0,0.0,7.463067834103442,7.463067834103442
onyacj,vq_ctw,30,nearest,512.0,10.0,176.0,1.0,0.0,7.139243577006038,7.139243577006038
onyacj,vq_ctw,30,linear,1024.0,10.0,1007.0,1.0,0.0,7.332129923380595,7.332129923380595
onyacj,vq_ctw,30,nearest,1024.0,10.0,176.0,1.0,0.0,6.547733025523931,6.547733025523931
onyenr,direct_ctw,30,linear,,10.0,1007.0,0.8807867362622007,0.9231130701548895,4.389084424970666,4.4905776107650155
onyenr,direct_ctw,30,nearest,,10.0,227.0,0.8250203979475128,1.0331550765359852,4.246835571870989,4.390861123344087
onyenr,markov_order_1,30,linear,,10.0,1007.0,0.8458179035508142,1.1323896354922096,4.389084424970666,4.4905776107650155
onyenr,markov_order_1,30,nearest,,10.0,227.0,0.6880754192190849,1.5559269411617733,4.246835571870989,4.390861123344087
onyenr,markov_order_2,30,linear,,10.0,1007.0,0.844394109444004,1.140604620015323,4.389084424970666,4.4905776107650155
onyenr,markov_order_2,30,nearest,,10.0,227.0,0.6852029549964028,1.5687229890681043,4.246835571870989,4.390861123344087
onyenr,vq_ctw,30,linear,256.0,10.0,1007.0,1.0,0.0,5.40037186189948,5.40037186189948
onyenr,vq_ctw,30,nearest,256.0,10.0,227.0,1.0,0.0,8.164993729110666,8.164993729110666
onyenr,vq_ctw,30,linear,512.0,10.0,1007.0,1.0,0.0,5.58028915908819,5.58028915908819
onyenr,vq_ctw,30,nearest,512.0,10.0,227.0,1.0,0.0,7.753611073067469,7.753611073067469
onyenr,vq_ctw,30,linear,1024.0,10.0,1007.0,1.0,0.0,5.415102078593122,5.415102078593122
onyenr,vq_ctw,30,nearest,1024.0,10.0,227.0,1.0,0.0,7.025731358794673,7.025731358794673
oocsod,direct_ctw,30,linear,,10.0,1007.0,0.8232802628765867,1.2330365287286356,4.404510875849403,4.554436324978205
oocsod,direct_ctw,30,nearest,,10.0,115.0,0.8260173826694608,1.0101468998056031,4.239233892115358,4.406361995194636
oocsod,markov_order_1,30,linear,,10.0,1007.0,0.7819444923073934,1.4478205946753868,4.404510875849403,4.554436324978205
oocsod,markov_order_1,30,nearest,,10.0,115.0,0.6725051672736012,1.5587120858649033,4.239233892115358,4.406361995194636
oocsod,markov_order_2,30,linear,,10.0,1007.0,0.7791252680175478,1.4619178595440299,4.404510875849403,4.554436324978205
oocsod,markov_order_2,30,nearest,,10.0,115.0,0.6876026439304639,1.520270447752209,4.239233892115358,4.406361995194636
oocsod,vq_ctw,30,linear,256.0,10.0,1007.0,1.0,0.0,5.7801853952407,5.7801853952407
oocsod,vq_ctw,30,nearest,256.0,10.0,115.0,1.0,0.0,8.438450641486622,8.438450641486622
oocsod,vq_ctw,30,linear,512.0,10.0,1007.0,1.0,0.0,6.134897837266228,6.134897837266228
oocsod,vq_ctw,30,nearest,512.0,10.0,115.0,1.0,0.0,8.718038551202971,8.718038551202971
oocsod,vq_ctw,30,linear,1024.0,10.0,1007.0,1.0,0.0,5.752720417340695,5.752720417340695
oocsod,vq_ctw,30,nearest,1024.0,10.0,115.0,1.0,0.0,8.011385277292137,8.011385277292137
oogchy,direct_ctw,30,linear,,10.0,1007.0,0.8244216552405184,1.3387970203528632,4.202533962271769,4.3717704486942806
oogchy,direct_ctw,30,nearest,,10.0,85.0,0.8398524694713156,0.95468705909785,4.189915395856451,4.343796423542416
oogchy,markov_order_1,30,linear,,10.0,1007.0,0.7752001951734153,1.624728104059818,4.202533962271769,4.3717704486942806
oogchy,markov_order_1,30,nearest,,10.0,85.0,0.7187689838276033,1.4173685238805698,4.189915395856451,4.343796423542416
oogchy,markov_order_2,30,linear,,10.0,1007.0,0.7596288664785144,1.7108351352448066,4.202533962271769,4.3717704486942806
oogchy,markov_order_2,30,nearest,,10.0,85.0,0.7243673714914199,1.400678371526118,4.189915395856451,4.343796423542416
oogchy,vq_ctw,30,linear,256.0,10.0,1007.0,1.0,0.0,8.501387426799345,8.501387426799345
oogchy,vq_ctw,30,nearest,256.0,10.0,85.0,1.0,0.0,8.272532158033872,8.272532158033872
oogchy,vq_ctw,30,linear,512.0,10.0,1007.0,1.0,0.0,7.884817346720262,7.884817346720262
oogchy,vq_ctw,30,nearest,512.0,10.0,85.0,1.0,0.0,8.271821835484213,8.271821835484213
oogchy,vq_ctw,30,linear,1024.0,10.0,1007.0,1.0,0.0,8.053818456941137,8.053818456941137
oogchy,vq_ctw,30,nearest,1024.0,10.0,85.0,1.0,0.0,7.622547540596204,7.622547540596204
ootquo,direct_ctw,30,linear,,10.0,1007.0,0.9025117898119014,0.7848312842721343,4.16405346721327,4.343592428105095
ootquo,direct_ctw,30,nearest,,10.0,32.0,0.8495878723326598,0.9116949494154736,4.177313386947268,4.3238545253248635
ootquo,markov_order_1,30,linear,,10.0,1007.0,0.8765925440813334,0.9490275137344784,4.16405346721327,4.343592428105095
ootquo,markov_order_1,30,nearest,,10.0,32.0,0.7240143263475215,1.4018945262743276,4.177313386947268,4.3238545253248635
ootquo,markov_order_2,30,linear,,10.0,1007.0,0.8695878596619762,0.9917871520294,4.16405346721327,4.343592428105095
ootquo,markov_order_2,30,nearest,,10.0,32.0,0.6909365220922883,1.5102164009412467,4.177313386947268,4.3238545253248635
ootquo,vq_ctw,30,linear,256.0,10.0,1007.0,1.0,0.0,7.003951379446573,7.003951379446573
ootquo,vq_ctw,30,nearest,256.0,10.0,32.0,0.9999999999980905,0.20074502264220384,8.50646900396788,8.50646900396788
ootquo,vq_ctw,30,linear,512.0,10.0,1007.0,1.0,0.0,7.3623000890148464,7.3623000890148464
ootquo,vq_ctw,30,nearest,512.0,10.0,32.0,1.0,0.0,9.271777601408704,9.271777601408704
ootquo,vq_ctw,30,linear,1024.0,10.0,1007.0,1.0,0.0,7.085189763060455,7.085189763060455
ootquo,vq_ctw,30,nearest,1024.0,10.0,32.0,1.0,0.0,8.69051673709247,8.69051673709247
ootyec,direct_ctw,30,linear,,10.0,1007.0,0.8087200168514037,1.3898729861401515,4.399615042433432,4.557345896769424
ootyec,direct_ctw,30,nearest,,10.0,200.0,0.820341468672355,1.024312530776283,4.331855089221549,4.483367710090908
ootyec,markov_order_1,30,linear,,10.0,1007.0,0.7603908422456038,1.6533795633979125,4.399615042433432,4.557345896769424
ootyec,markov_order_1,30,nearest,,10.0,200.0,0.671060078482791,1.540973662556675,4.331855089221549,4.483367710090908
ootyec,markov_order_2,30,linear,,10.0,1007.0,0.7460154023132954,1.7280579533354332,4.399615042433432,4.557345896769424
ootyec,markov_order_2,30,nearest,,10.0,200.0,0.6895983593066038,1.487671072559217,4.331855089221549,4.483367710090908
ootyec,vq_ctw,30,linear,256.0,10.0,1007.0,1.0,0.0,6.564618177532317,6.564618177532317
ootyec,vq_ctw,30,nearest,256.0,10.0,200.0,1.0,0.0,7.6496361510887025,7.6496361510887025
ootyec,vq_ctw,30,linear,512.0,10.0,1007.0,1.0,0.0,6.5853441090998,6.5853441090998
ootyec,vq_ctw,30,nearest,512.0,10.0,200.0,1.0,0.0,7.55703144972338,7.55703144972338
ootyec,vq_ctw,30,linear,1024.0,10.0,1007.0,1.0,0.0,6.2807544778495785,6.2807544778495785
ootyec,vq_ctw,30,nearest,1024.0,10.0,200.0,1.0,0.0,6.848972364038978,6.848972364038978
oowfmu,direct_ctw,30,linear,,10.0,89.0,0.8945191832600652,0.6970940451791994,4.469756861429606,4.5799484493387785
oowfmu,markov_order_1,30,linear,,10.0,89.0,0.8218038239859128,1.0325073601096788,4.469756861429606,4.5799484493387785
oowfmu,markov_order_2,30,linear,,10.0,89.0,0.8260088277159257,1.0147362999103693,4.469756861429606,4.5799484493387785
oowfmu,vq_ctw,30,linear,256.0,10.0,89.0,1.0,0.0,5.974038532342896,5.974038532342896
oowfmu,vq_ctw,30,linear,512.0,10.0,89.0,1.0,0.0,5.95413963301946,5.95413963301946
oowfmu,vq_ctw,30,linear,1024.0,10.0,89.0,1.0,0.0,6.119757929499274,6.119757929499274
opgove,direct_ctw,30,linear,,10.0,1007.0,0.8845505865457692,0.9671855435416156,4.21439899557391,4.351082572392233
opgove,direct_ctw,30,nearest,,10.0,42.0,0.81486866803544,0.9846009629757889,4.391038070961197,4.511478796104041
opgove,markov_order_1,30,linear,,10.0,1007.0,0.8495536639813793,1.1987335099717422,4.21439899557391,4.351082572392233
opgove,markov_order_1,30,nearest,,10.0,42.0,0.7266564337182913,1.2794609367562382,4.391038070961197,4.511478796104041
opgove,markov_order_2,30,linear,,10.0,1007.0,0.8336198352328814,1.299385859380729,4.21439899557391,4.351082572392233
opgove,markov_order_2,30,nearest,,10.0,42.0,0.7205087416218839,1.2977398518884007,4.391038070961197,4.511478796104041
opgove,vq_ctw,30,linear,256.0,10.0,1007.0,1.0,0.0,7.165035302393981,7.165035302393981
opgove,vq_ctw,30,nearest,256.0,10.0,42.0,1.0,0.0,7.594116092224508,7.594116092224508
opgove,vq_ctw,30,linear,512.0,10.0,1007.0,1.0,0.0,7.380148189912515,7.380148189912515
opgove,vq_ctw,30,nearest,512.0,10.0,42.0,1.0,0.0,8.17984338008854,8.17984338008854
opgove,vq_ctw,30,linear,1024.0,10.0,1007.0,1.0,0.0,7.196878865382175,7.196878865382175
opgove,vq_ctw,30,nearest,1024.0,10.0,42.0,1.0,0.0,7.299888788969962,7.299888788969962
ophgir,direct_ctw,30,linear,,10.0,991.0,0.8327620995689979,1.3202986938112269,4.439069661685992,4.589214718185189
ophgir,direct_ctw,30,nearest,,10.0,41.0,0.8125512145919063,0.9932032000198323,4.162083079096364,4.334226860889235
ophgir,markov_order_1,30,linear,,10.0,991.0,0.780142204951866,1.6393389360780435,4.439069661685992,4.589214718185189
ophgir,markov_order_1,30,nearest,,10.0,41.0,0.7004516969896569,1.3555108746629456,4.162083079096364,4.334226860889235
ophgir,markov_order_2,30,linear,,10.0,991.0,0.7594479611429319,1.7581652515326567,4.439069661685992,4.589214718185189
ophgir,markov_order_2,30,nearest,,10.0,41.0,0.7330216721743341,1.2602458699319319,4.162083079096364,4.334226860889235
ophgir,vq_ctw,30,linear,256.0,10.0,991.0,1.0,0.0,7.410465907663512,7.410465907663512
ophgir,vq_ctw,30,nearest,256.0,10.0,41.0,1.0,0.0,7.693842248805177,7.693842248805177
ophgir,vq_ctw,30,linear,512.0,10.0,991.0,1.0,0.0,7.3553735987200985,7.3553735987200985
ophgir,vq_ctw,30,nearest,512.0,10.0,41.0,1.0,0.0,9.432714512132659,9.432714512132659
ophgir,vq_ctw,30,linear,1024.0,10.0,991.0,1.0,0.0,7.268213200776566,7.268213200776566
ophgir,vq_ctw,30,nearest,1024.0,10.0,41.0,1.0,0.0,8.935719639509827,8.935719639509827
ophugb,direct_ctw,30,linear,,10.0,1007.0,0.8069527234759561,1.4620173678671693,4.089257702955769,4.266869373438276
ophugb,direct_ctw,30,nearest,,10.0,143.0,0.8216029320781321,1.0276915782630809,4.073428936051273,4.227694611800752
ophugb,markov_order_1,30,linear,,10.0,1007.0,0.7572210615612078,1.7481418477941961,4.089257702955769,4.266869373438276
ophugb,markov_order_1,30,nearest,,10.0,143.0,0.7033794370632119,1.4598972321057953,4.073428936051273,4.227694611800752
ophugb,markov_order_2,30,linear,,10.0,1007.0,0.7362443914166583,1.8628252264698006,4.089257702955769,4.266869373438276
ophugb,markov_order_2,30,nearest,,10.0,143.0,0.7015703173506543,1.4768091915100436,4.073428936051273,4.227694611800752
ophugb,vq_ctw,30,linear,256.0,10.0,1007.0,1.0,0.0,7.477007032550537,7.477007032550537
ophugb,vq_ctw,30,nearest,256.0,10.0,143.0,1.0,0.0,8.143981420889478,8.143981420889478
ophugb,vq_ctw,30,linear,512.0,10.0,1007.0,1.0,0.0,7.213955166162616,7.213955166162616
ophugb,vq_ctw,30,nearest,512.0,10.0,143.0,1.0,0.0,9.09765405815751,9.09765405815751
ophugb,vq_ctw,30,linear,1024.0,10.0,1007.0,1.0,0.0,7.220357757142546,7.220357757142546
ophugb,vq_ctw,30,nearest,1024.0,10.0,143.0,1.0,0.0,8.508165802618315,8.508165802618315
opjerm,direct_ctw,30,linear,,10.0,1007.0,0.8459162309002197,1.2624840415673353,4.319839097799468,4.467403153085355
opjerm,direct_ctw,30,nearest,,10.0,81.0,0.8186965667626218,1.04552574064354,4.343825533571625,4.482227081707629
opjerm,markov_order_1,30,linear,,10.0,1007.0,0.7946573887596533,1.5887487668697413,4.319839097799468,4.467403153085355
opjerm,markov_order_1,30,nearest,,10.0,81.0,0.6841093979507773,1.5314140963064613,4.343825533571625,4.482227081707629
opjerm,markov_order_2,30,linear,,10.0,1007.0,0.7738473063795007,1.7142838285422513,4.319839097799468,4.467403153085355
opjerm,markov_order_2,30,nearest,,10.0,81.0,0.6951692560374753,1.4936235610680033,4.343825533571625,4.482227081707629
opjerm,vq_ctw,30,linear,256.0,10.0,1007.0,1.0,0.0,7.669281670779141,7.669281670779141
opjerm,vq_ctw,30,nearest,256.0,10.0,81.0,1.0,0.0,8.02548142450616,8.02548142450616
opjerm,vq_ctw,30,linear,512.0,10.0,1007.0,1.0,0.0,7.538411403864328,7.538411403864328
opjerm,vq_ctw,30,nearest,512.0,10.0,81.0,1.0,0.0,7.619353539630666,7.619353539630666
opjerm,vq_ctw,30,linear,1024.0,10.0,1007.0,1.0,0.0,7.511112801664803,7.511112801664803
opjerm,vq_ctw,30,nearest,1024.0,10.0,81.0,1.0,0.0,7.130458014385326,7.130458014385326
opmisa,direct_ctw,30,linear,,10.0,1007.0,0.8060418939852089,1.32451111516789,4.50662423218572,4.63030043467407
opmisa,direct_ctw,30,nearest,,10.0,152.0,0.8291915841616148,1.0335170042195252,4.210414032244076,4.353619643770634
opmisa,markov_order_1,30,linear,,10.0,1007.0,0.764423773448851,1.5343649466466784,4.50662423218572,4.63030043467407
opmisa,markov_order_1,30,nearest,,10.0,152.0,0.7023030880862923,1.529231422921076,4.210414032244076,4.353619643770634
opmisa,markov_order_2,30,linear,,10.0,1007.0,0.7568638620427329,1.5709401082343761,4.50662423218572,4.63030043467407
opmisa,markov_order_2,30,nearest,,10.0,152.0,0.7037312519773871,1.5263572742789708,4.210414032244076,4.353619643770634
opmisa,vq_ctw,30,linear,256.0,10.0,1007.0,1.0,0.0,5.740387043929696,5.740387043929696
opmisa,vq_ctw,30,nearest,256.0,10.0,152.0,0.9999999999991206,0.05044922351041529,8.027765440778003,8.027765440778003
opmisa,vq_ctw,30,linear,512.0,10.0,1007.0,1.0,0.0,6.070009594678759,6.070009594678759
opmisa,vq_ctw,30,nearest,512.0,10.0,152.0,1.0,0.0,7.683019854223867,7.683019854223867
opmisa,vq_ctw,30,linear,1024.0,10.0,1007.0,1.0,0.0,5.696551048287805,5.696551048287805
opmisa,vq_ctw,30,nearest,1024.0,10.0,152.0,1.0,0.0,7.1359437628124756,7.1359437628124756
opnown,direct_ctw,30,linear,,10.0,1007.0,0.8784265355490496,0.9192456561689233,4.736462915166543,4.844571077390438
opnown,direct_ctw,30,nearest,,10.0,81.0,0.8269418009915345,0.9699620285888004,4.3014085749875965,4.399018433520756
opnown,markov_order_1,30,linear,,10.0,1007.0,0.8409352266455701,1.1362908957936178,4.736462915166543,4.844571077390438
opnown,markov_order_1,30,nearest,,10.0,81.0,0.7092644946061971,1.3812087041886616,4.3014085749875965,4.399018433520756
opnown,markov_order_2,30,linear,,10.0,1007.0,0.8458786811672684,1.1086115465498227,4.736462915166543,4.844571077390438
opnown,markov_order_2,30,nearest,,10.0,81.0,0.7292996730670966,1.3281114399419531,4.3014085749875965,4.399018433520756
opnown,vq_ctw,30,linear,256.0,10.0,1007.0,1.0,0.0,5.130842205203297,5.130842205203297
opnown,vq_ctw,30,nearest,256.0,10.0,81.0,1.0,0.0,7.722804598744636,7.722804598744636
opnown,vq_ctw,30,linear,512.0,10.0,1007.0,1.0,0.0,5.49948150184809,5.49948150184809
opnown,vq_ctw,30,nearest,512.0,10.0,81.0,1.0,0.0,6.686949379771485,6.686949379771485
opnown,vq_ctw,30,linear,1024.0,10.0,1007.0,1.0,0.0,4.948199732530384,4.948199732530384
opnown,vq_ctw,30,nearest,1024.0,10.0,81.0,1.0,0.0,6.0151846173559536,6.0151846173559536
oquiat,direct_ctw,30,linear,,10.0,1007.0,0.7964883003727191,1.432930946394766,4.260011092424694,4.417872275252563
oquiat,direct_ctw,30,nearest,,10.0,180.0,0.811399183690753,1.0259744564172792,4.095568796806959,4.248849515522552
oquiat,markov_order_1,30,linear,,10.0,1007.0,0.7485260275420419,1.6835629795813658,4.260011092424694,4.417872275252563
oquiat,markov_order_1,30,nearest,,10.0,180.0,0.6608785404063803,1.5812316340533257,4.095568796806959,4.248849515522552
oquiat,markov_order_2,30,linear,,10.0,1007.0,0.7350234333712098,1.7508319184877308,4.260011092424694,4.417872275252563
oquiat,markov_order_2,30,nearest,,10.0,180.0,0.6935211287267491,1.4648819875750134,4.095568796806959,4.248849515522552
oquiat,vq_ctw,30,linear,256.0,10.0,1007.0,1.0,0.0,7.39603745263903,7.39603745263903
oquiat,vq_ctw,30,nearest,256.0,10.0,180.0,1.0,0.0,8.230722765670764,8.230722765670764
oquiat,vq_ctw,30,linear,512.0,10.0,1007.0,1.0,0.0,7.472287477525845,7.472287477525845
oquiat,vq_ctw,30,nearest,512.0,10.0,180.0,1.0,0.0,8.512013858871239,8.512013858871239
oquiat,vq_ctw,30,linear,1024.0,10.0,1007.0,1.0,0.0,7.172601849991932,7.172601849991932
oquiat,vq_ctw,30,nearest,1024.0,10.0,180.0,1.0,0.0,8.048002702225208,8.048002702225208
orkbat,direct_ctw,30,linear,,10.0,1007.0,0.815585722447673,1.350757477151904,4.48959121440612,4.636563707757744
orkbat,direct_ctw,30,nearest,,10.0,206.0,0.8241711192858451,1.0495761104438772,4.471830251497869,4.655068932882106
orkbat,markov_order_1,30,linear,,10.0,1007.0,0.7700057971809713,1.6025217900910274,4.48959121440612,4.636563707757744
orkbat,markov_order_1,30,nearest,,10.0,206.0,0.6084823374042618,1.796883309375222,4.471830251497869,4.655068932882106
orkbat,markov_order_2,30,linear,,10.0,1007.0,0.7525641915557977,1.6942367180183735,4.48959121440612,4.636563707757744
orkbat,markov_order_2,30,nearest,,10.0,206.0,0.6641263762136431,1.6596533717288582,4.471830251497869,4.655068932882106
orkbat,vq_ctw,30,linear,256.0,10.0,1007.0,1.0,0.0,6.681580080205745,6.681580080205745
orkbat,vq_ctw,30,nearest,256.0,10.0,206.0,1.0,0.0,8.645488910479854,8.645488910479854
orkbat,vq_ctw,30,linear,512.0,10.0,1007.0,1.0,0.0,6.602105789852581,6.602105789852581
orkbat,vq_ctw,30,nearest,512.0,10.0,206.0,1.0,0.0,8.715683126536756,8.715683126536756
orkbat,vq_ctw,30,linear,1024.0,10.0,1007.0,1.0,0.0,6.477049170823514,6.477049170823514
orkbat,vq_ctw,30,nearest,1024.0,10.0,206.0,1.0,0.0,8.016702505458754,8.016702505458754
orocdu,direct_ctw,30,linear,,10.0,627.0,0.8144318031839326,1.248812447643993,4.539489698800846,4.667825697241609
orocdu,direct_ctw,30,nearest,,10.0,79.0,0.8098448090016233,1.0817605684908203,4.39223867090927,4.523428792229269
orocdu,markov_order_1,30,linear,,10.0,627.0,0.7677575383853865,1.478627366849595,4.539489698800846,4.667825697241609
orocdu,markov_order_1,30,nearest,,10.0,79.0,0.6357650220733297,1.673645685470817,4.39223867090927,4.523428792229269
orocdu,markov_order_2,30,linear,,10.0,627.0,0.7563821912039532,1.5318584097082137,4.539489698800846,4.667825697241609
orocdu,markov_order_2,30,nearest,,10.0,79.0,0.6355989120774135,1.673055716858134,4.39223867090927,4.523428792229269
orocdu,vq_ctw,30,linear,256.0,10.0,627.0,1.0,0.0,5.8992253970974,5.8992253970974
orocdu,vq_ctw,30,nearest,256.0,10.0,79.0,1.0,0.0,7.4334253751128,7.4334253751128
orocdu,vq_ctw,30,linear,512.0,10.0,627.0,1.0,0.0,5.901046832610717,5.901046832610717
orocdu,vq_ctw,30,nearest,512.0,10.0,79.0,1.0,0.0,7.070373582156222,7.070373582156222
orocdu,vq_ctw,30,linear,1024.0,10.0,627.0,1.0,0.0,5.687072842664888,5.687072842664888
orocdu,vq_ctw,30,nearest,1024.0,10.0,79.0,1.0,0.0,6.271667900036658,6.271667900036658
orptme,direct_ctw,30,linear,,10.0,1007.0,0.8299527188640008,1.246079867595156,4.04914473596729,4.237131121682447
orptme,direct_ctw,30,nearest,,10.0,302.0,0.84970597063639,0.9558487136391034,4.020974993648431,4.214946257630748
orptme,markov_order_1,30,linear,,10.0,1007.0,0.7706521110079891,1.5702861332023956,4.04914473596729,4.237131121682447
orptme,markov_order_1,30,nearest,,10.0,302.0,0.7136643269689241,1.52035863883817,4.020974993648431,4.214946257630748
orptme,markov_order_2,30,linear,,10.0,1007.0,0.7592688133003593,1.6290471833052655,4.04914473596729,4.237131121682447
orptme,markov_order_2,30,nearest,,10.0,302.0,0.692900607981472,1.5959200374870668,4.020974993648431,4.214946257630748
orptme,vq_ctw,30,linear,256.0,10.0,1007.0,1.0,0.0,10.64639853801706,10.64639853801706
orptme,vq_ctw,30,nearest,256.0,10.0,302.0,0.9999999999997344,0.02282805268774577,11.289895530486298,11.289895530486298
orptme,vq_ctw,30,linear,512.0,10.0,1007.0,1.0,0.0,10.364836045959098,10.364836045959098
orptme,vq_ctw,30,nearest,512.0,10.0,302.0,1.0,0.0,11.273748868559803,11.273748868559803
orptme,vq_ctw,30,linear,1024.0,10.0,1007.0,1.0,0.0,10.760475266854964,10.760475266854964
orptme,vq_ctw,30,nearest,1024.0,10.0,302.0,1.0,0.0,10.563144809097714,10.563144809097714
orrrar,direct_ctw,30,linear,,10.0,1007.0,0.8185846554400081,1.3335307289103582,4.441723372037452,4.577875736189492
orrrar,direct_ctw,30,nearest,,10.0,69.0,0.8355442008648133,0.9995492146690773,4.1381881856134575,4.333195160004418
orrrar,markov_order_1,30,linear,,10.0,1007.0,0.7675543559302347,1.615559226072245,4.441723372037452,4.577875736189492
orrrar,markov_order_1,30,nearest,,10.0,69.0,0.6296857624629321,1.7293918009689733,4.1381881856134575,4.333195160004418
orrrar,markov_order_2,30,linear,,10.0,1007.0,0.7570311899175384,1.670976620685031,4.441723372037452,4.577875736189492
orrrar,markov_order_2,30,nearest,,10.0,69.0,0.6568472657089723,1.6645015036777504,4.1381881856134575,4.333195160004418
orrrar,vq_ctw,30,linear,256.0,10.0,1007.0,1.0,0.0,6.070537126035331,6.070537126035331
orrrar,vq_ctw,30,nearest,256.0,10.0,69.0,1.0,0.0,8.73322326805845,8.73322326805845
orrrar,vq_ctw,30,linear,512.0,10.0,1007.0,1.0,0.0,6.204248581220205,6.204248581220205
orrrar,vq_ctw,30,nearest,512.0,10.0,69.0,1.0,0.0,9.136072179851473,9.136072179851473
orrrar,vq_ctw,30,linear,1024.0,10.0,1007.0,1.0,0.0,5.840843395805572,5.840843395805572
orrrar,vq_ctw,30,nearest,1024.0,10.0,69.0,1.0,0.0,8.428391498913799,8.428391498913799
orsyal,direct_ctw,30,linear,,10.0,1007.0,0.7804649601452032,1.375630364831973,4.752122099494152,4.888884835920382
orsyal,direct_ctw,30,nearest,,10.0,152.0,0.8092624119018748,1.0826165486682644,4.401093644015856,4.566259196672376
orsyal,markov_order_1,30,linear,,10.0,1007.0,0.7247110442253923,1.6217858001112921,4.752122099494152,4.888884835920382
orsyal,markov_order_1,30,nearest,,10.0,152.0,0.6046805983161341,1.7456587431671693,4.401093644015856,4.566259196672376
orsyal,markov_order_2,30,linear,,10.0,1007.0,0.7312192396489005,1.5942726490272532,4.752122099494152,4.888884835920382
orsyal,markov_order_2,30,nearest,,10.0,152.0,0.6507030068449481,1.6281186373331658,4.401093644015856,4.566259196672376
orsyal,vq_ctw,30,linear,256.0,10.0,1007.0,1.0,0.0,6.082410532273372,6.082410532273372
orsyal,vq_ctw,30,nearest,256.0,10.0,152.0,1.0,0.0,8.132770540372533,8.132770540372533
orsyal,vq_ctw,30,linear,512.0,10.0,1007.0,1.0,0.0,6.6098095094959755,6.6098095094959755
orsyal,vq_ctw,30,nearest,512.0,10.0,152.0,1.0,0.0,8.1117015066201,8.1117015066201
orsyal,vq_ctw,30,linear,1024.0,10.0,1007.0,1.0,0.0,6.021102046799973,6.021102046799973
orsyal,vq_ctw,30,nearest,1024.0,10.0,152.0,1.0,0.0,7.748349551768345,7.748349551768345
osacmu,direct_ctw,30,linear,,10.0,374.0,0.8398237156209258,1.115259969246205,4.568984413828806,4.700944774538644
osacmu,direct_ctw,30,nearest,,10.0,44.0,0.8136424839897795,1.0665042031393979,4.373389515036189,4.496741969922677
osacmu,markov_order_1,30,linear,,10.0,374.0,0.7688600416289854,1.4734130952840587,4.568984413828806,4.700944774538644
osacmu,markov_order_1,30,nearest,,10.0,44.0,0.6809739510059463,1.541371273853966,4.373389515036189,4.496741969922677
osacmu,markov_order_2,30,linear,,10.0,374.0,0.7685194919462532,1.4750247712335536,4.568984413828806,4.700944774538644
osacmu,markov_order_2,30,nearest,,10.0,44.0,0.6657979823645613,1.5875661051861394,4.373389515036189,4.496741969922677
osacmu,vq_ctw,30,linear,256.0,10.0,374.0,1.0,0.0,6.324328944075015,6.324328944075015
osacmu,vq_ctw,30,nearest,256.0,10.0,44.0,1.0,0.0,7.747055217190127,7.747055217190127
osacmu,vq_ctw,30,linear,512.0,10.0,374.0,1.0,0.0,6.390620448476946,6.390620448476946
osacmu,vq_ctw,30,nearest,512.0,10.0,44.0,1.0,0.0,7.334343994101093,7.334343994101093
osacmu,vq_ctw,30,linear,1024.0,10.0,374.0,1.0,0.0,6.272926005678839,6.272926005678839
osacmu,vq_ctw,30,nearest,1024.0,10.0,44.0,1.0,0.0,6.731693530545801,6.731693530545801
osckro,direct_ctw,30,linear,,10.0,1007.0,0.8089390473317696,1.450139861460968,4.40816847707094,4.566105473410308
osckro,direct_ctw,30,nearest,,10.0,418.0,0.8291034485052583,1.0340810460222107,4.27472552546887,4.425117116863631
osckro,markov_order_1,30,linear,,10.0,1007.0,0.754683331964261,1.76219586445564,4.40816847707094,4.566105473410308
osckro,markov_order_1,30,nearest,,10.0,418.0,0.6677488098101472,1.6499634607567144,4.27472552546887,4.425117116863631
osckro,markov_order_2,30,linear,,10.0,1007.0,0.7355139942951446,1.866758533305965,4.40816847707094,4.566105473410308
osckro,markov_order_2,30,nearest,,10.0,418.0,0.6804886595776893,1.610350921483125,4.27472552546887,4.425117116863631
osckro,vq_ctw,30,linear,256.0,10.0,1007.0,1.0,0.0,6.857534461426794,6.857534461426794
osckro,vq_ctw,30,nearest,256.0,10.0,418.0,1.0,0.0,8.354399916334815,8.354399916334815
osckro,vq_ctw,30,linear,512.0,10.0,1007.0,1.0,0.0,6.86380906048543,6.86380906048543
osckro,vq_ctw,30,nearest,512.0,10.0,418.0,1.0,0.0,8.786005376616595,8.786005376616595
osckro,vq_ctw,30,linear,1024.0,10.0,1007.0,1.0,0.0,6.574120451112396,6.574120451112396
osckro,vq_ctw,30,nearest,1024.0,10.0,418.0,1.0,0.0,8.169317201522283,8.169317201522283
oshyon,direct_ctw,30,linear,,10.0,1007.0,0.7966157482581799,1.4042730389704077,4.468745603932459,4.61219840829194
oshyon,direct_ctw,30,nearest,,10.0,72.0,0.8299328829575612,0.9660744274979929,4.049706138773662,4.170438758845059
oshyon,markov_order_1,30,linear,,10.0,1007.0,0.7518070936780044,1.632880353536787,4.468745603932459,4.61219840829194
oshyon,markov_order_1,30,nearest,,10.0,72.0,0.7152578053690921,1.377953149221929,4.049706138773662,4.170438758845059
oshyon,markov_order_2,30,linear,,10.0,1007.0,0.7417310541490846,1.682073804414356,4.468745603932459,4.61219840829194
oshyon,markov_order_2,30,nearest,,10.0,72.0,0.7122436736660852,1.3879015194698467,4.049706138773662,4.170438758845059
oshyon,vq_ctw,30,linear,256.0,10.0,1007.0,1.0,0.0,6.027604103027948,6.027604103027948
oshyon,vq_ctw,30,nearest,256.0,10.0,72.0,1.0,0.0,9.267699130565314,9.267699130565314
oshyon,vq_ctw,30,linear,512.0,10.0,1007.0,1.0,0.0,6.223410791123811,6.223410791123811
oshyon,vq_ctw,30,nearest,512.0,10.0,72.0,1.0,0.0,7.3895802522046194,7.3895802522046194
oshyon,vq_ctw,30,linear,1024.0,10.0,1007.0,1.0,0.0,5.811167964278314,5.811167964278314
oshyon,vq_ctw,30,nearest,1024.0,10.0,72.0,1.0,0.0,6.760855453552447,6.760855453552447
osocce,direct_ctw,30,linear,,10.0,1007.0,0.8038442189275263,1.3657881080615997,4.497328792692875,4.628834455694332
osocce,direct_ctw,30,nearest,,10.0,226.0,0.7988265027485445,1.1296404434021352,4.254809175797517,4.41138061622314
osocce,markov_order_1,30,linear,,10.0,1007.0,0.7631302781805256,1.576660052610921,4.497328792692875,4.628834455694332
osocce,markov_order_1,30,nearest,,10.0,226.0,0.6348055492941194,1.701011153991548,4.254809175797517,4.41138061622314
osocce,markov_order_2,30,linear,,10.0,1007.0,0.7533522779116928,1.6252675235330731,4.497328792692875,4.628834455694332
osocce,markov_order_2,30,nearest,,10.0,226.0,0.6469102171898367,1.6570340404198998,4.254809175797517,4.41138061622314
osocce,vq_ctw,30,linear,256.0,10.0,1007.0,1.0,0.0,5.924066354531296,5.924066354531296
osocce,vq_ctw,30,nearest,256.0,10.0,226.0,1.0,0.0,8.246748699751702,8.246748699751702
osocce,vq_ctw,30,linear,512.0,10.0,1007.0,1.0,0.0,6.160777291080384,6.160777291080384
osocce,vq_ctw,30,nearest,512.0,10.0,226.0,1.0,0.0,7.410145147528528,7.410145147528528
osocce,vq_ctw,30,linear,1024.0,10.0,1007.0,1.0,0.0,5.718547139973358,5.718547139973358
osocce,vq_ctw,30,nearest,1024.0,10.0,226.0,1.0,0.0,6.807625789326271,6.807625789326271
otasfi,direct_ctw,30,linear,,10.0,1007.0,0.8407872183590831,1.1613163603869194,4.272533185806172,4.420568609283157
otasfi,direct_ctw,30,nearest,,10.0,537.0,0.8408823719923592,0.9247319479557697,4.224258761035366,4.378686859855127
otasfi,markov_order_1,30,linear,,10.0,1007.0,0.801636690040447,1.3775912653218123,4.272533185806172,4.420568609283157
otasfi,markov_order_1,30,nearest,,10.0,537.0,0.7008254112267677,1.4314602265528038,4.224258761035366,4.378686859855127
otasfi,markov_order_2,30,linear,,10.0,1007.0,0.7923167264665218,1.4269399028260377,4.272533185806172,4.420568609283157
otasfi,markov_order_2,30,nearest,,10.0,537.0,0.7063308455074808,1.4261987599526726,4.224258761035366,4.378686859855127
otasfi,vq_ctw,30,linear,256.0,10.0,1007.0,1.0,0.0,5.974261520350371,5.974261520350371
otasfi,vq_ctw,30,nearest,256.0,10.0,537.0,1.0,0.0,8.571853899654652,8.571853899654652
otasfi,vq_ctw,30,linear,512.0,10.0,1007.0,1.0,0.0,6.570332938762359,6.570332938762359
otasfi,vq_ctw,30,nearest,512.0,10.0,537.0,1.0,0.0,8.060314909741377,8.060314909741377
otasfi,vq_ctw,30,linear,1024.0,10.0,1007.0,1.0,0.0,6.02231854684428,6.02231854684428
otasfi,vq_ctw,30,nearest,1024.0,10.0,537.0,1.0,0.0,7.452510673177785,7.452510673177785
otfaho,direct_ctw,30,linear,,10.0,1006.0,0.878206167980505,0.9205726061660001,4.476571363985466,4.6321144484177745
otfaho,direct_ctw,30,nearest,,10.0,69.0,0.8410748721066574,0.9696973481626996,4.234674344814561,4.3463236949593105
otfaho,markov_order_1,30,linear,,10.0,1006.0,0.8429867265797345,1.1248365360198413,4.476571363985466,4.6321144484177745
otfaho,markov_order_1,30,nearest,,10.0,69.0,0.715926265312379,1.4689314079199547,4.234674344814561,4.3463236949593105
otfaho,markov_order_2,30,linear,,10.0,1006.0,0.84061074128772,1.1380984596412032,4.476571363985466,4.6321144484177745
otfaho,markov_order_2,30,nearest,,10.0,69.0,0.6943110587316951,1.545044254944613,4.234674344814561,4.3463236949593105
otfaho,vq_ctw,30,linear,256.0,10.0,1006.0,1.0,0.0,6.3545673014761,6.3545673014761
otfaho,vq_ctw,30,nearest,256.0,10.0,69.0,1.0,0.0,7.928258400737855,7.928258400737855
otfaho,vq_ctw,30,linear,512.0,10.0,1006.0,1.0,0.0,6.40857886805952,6.40857886805952
otfaho,vq_ctw,30,nearest,512.0,10.0,69.0,1.0,0.0,7.6492948448800515,7.6492948448800515
otfaho,vq_ctw,30,linear,1024.0,10.0,1006.0,1.0,0.0,6.307206370383069,6.307206370383069
otfaho,vq_ctw,30,nearest,1024.0,10.0,69.0,1.0,0.0,7.058889203262112,7.058889203262112
otmego,direct_ctw,30,linear,,10.0,991.0,0.9217824761863744,0.6154515222223891,4.804965565630929,4.925610115046819
otmego,markov_order_1,30,linear,,10.0,991.0,0.8935462192158726,0.7879794887306173,4.804965565630929,4.925610115046819
otmego,markov_order_2,30,linear,,10.0,991.0,0.903802397922038,0.7268858754214271,4.804965565630929,4.925610115046819
otmego,vq_ctw,30,linear,256.0,10.0,991.0,1.0,0.0,5.240231554142224,5.240231554142224
otmego,vq_ctw,30,linear,512.0,10.0,991.0,1.0,0.0,5.432042496240398,5.432042496240398
otmego,vq_ctw,30,linear,1024.0,10.0,991.0,1.0,0.0,4.967787061507251,4.967787061507251
otscok,direct_ctw,30,linear,,10.0,1007.0,0.7925112390652036,1.4259178416817568,4.583431072062494,4.728873431655502
otscok,direct_ctw,30,nearest,,10.0,291.0,0.8109655449571929,1.0826602557748357,4.512445497574537,4.650688024961467
otscok,markov_order_1,30,linear,,10.0,1007.0,0.7469954825350732,1.656468349711315,4.583431072062494,4.728873431655502
otscok,markov_order_1,30,nearest,,10.0,291.0,0.6337082703333935,1.7012749425048597,4.512445497574537,4.650688024961467
otscok,markov_order_2,30,linear,,10.0,1007.0,0.7352354741883417,1.7133800477014594,4.583431072062494,4.728873431655502
otscok,markov_order_2,30,nearest,,10.0,291.0,0.6524520748431059,1.6578629987581308,4.512445497574537,4.650688024961467
otscok,vq_ctw,30,linear,256.0,10.0,1007.0,1.0,0.0,6.061190404726831,6.061190404726831
otscok,vq_ctw,30,nearest,256.0,10.0,291.0,1.0,0.0,8.140413795073682,8.140413795073682
otscok,vq_ctw,30,linear,512.0,10.0,1007.0,1.0,0.0,6.188633535572528,6.188633535572528
otscok,vq_ctw,30,nearest,512.0,10.0,291.0,1.0,0.0,8.247562160776052,8.247562160776052
otscok,vq_ctw,30,linear,1024.0,10.0,1007.0,1.0,0.0,5.8541182779595236,5.8541182779595236
otscok,vq_ctw,30,nearest,1024.0,10.0,291.0,1.0,0.0,7.671482375409219,7.671482375409219
otswra,direct_ctw,30,linear,,10.0,826.0,0.8063404769630564,1.2527354484573208,4.39510262891324,4.538409014878548
otswra,direct_ctw,30,nearest,,10.0,266.0,0.8074580583458348,1.0722179875149593,4.24106459555925,4.40789708585196
otswra,markov_order_1,30,linear,,10.0,826.0,0.7680525962490815,1.4325493347708143,4.39510262891324,4.538409014878548
otswra,markov_order_1,30,nearest,,10.0,266.0,0.6575263384671768,1.5833649246595436,4.24106459555925,4.40789708585196
otswra,markov_order_2,30,linear,,10.0,826.0,0.7634421918186678,1.4533707488560592,4.39510262891324,4.538409014878548
otswra,markov_order_2,30,nearest,,10.0,266.0,0.6699215828792621,1.547647748468929,4.24106459555925,4.40789708585196
otswra,vq_ctw,30,linear,256.0,10.0,826.0,1.0,0.0,5.668033128894643,5.668033128894643
otswra,vq_ctw,30,nearest,256.0,10.0,266.0,1.0,0.0,8.250839180023739,8.250839180023739
otswra,vq_ctw,30,linear,512.0,10.0,826.0,1.0,0.0,6.1753089622856905,6.1753089622856905
otswra,vq_ctw,30,nearest,512.0,10.0,266.0,1.0,0.0,7.781175753924402,7.781175753924402
otswra,vq_ctw,30,linear,1024.0,10.0,826.0,1.0,0.0,5.7235579057005195,5.7235579057005195
otswra,vq_ctw,30,nearest,1024.0,10.0,266.0,1.0,0.0,7.237790713962731,7.237790713962731
otvasd,direct_ctw,30,linear,,10.0,1007.0,0.8063456330558678,1.3523597049913227,4.313925060986696,4.47630248873791
otvasd,direct_ctw,30,nearest,,10.0,211.0,0.80601877634674,1.0682461690622445,4.299935833359982,4.445131176263301
otvasd,markov_order_1,30,linear,,10.0,1007.0,0.7597115017410296,1.59374082603688,4.313925060986696,4.47630248873791
otvasd,markov_order_1,30,nearest,,10.0,211.0,0.6575609749349289,1.5674325748882998,4.299935833359982,4.445131176263301
otvasd,markov_order_2,30,linear,,10.0,1007.0,0.7545414619375517,1.6193960197259147,4.313925060986696,4.47630248873791
otvasd,markov_order_2,30,nearest,,10.0,211.0,0.6748462788524334,1.5202930539800799,4.299935833359982,4.445131176263301
otvasd,vq_ctw,30,linear,256.0,10.0,1007.0,1.0,0.0,7.088074686746224,7.088074686746224
otvasd,vq_ctw,30,nearest,256.0,10.0,211.0,1.0,0.0,7.773188234601524,7.773188234601524
otvasd,vq_ctw,30,linear,512.0,10.0,1007.0,1.0,0.0,6.9230264003145034,6.9230264003145034
otvasd,vq_ctw,30,nearest,512.0,10.0,211.0,1.0,0.0,7.376775520660982,7.376775520660982
otvasd,vq_ctw,30,linear,1024.0,10.0,1007.0,1.0,0.0,6.600387739582856,6.600387739582856
otvasd,vq_ctw,30,nearest,1024.0,10.0,211.0,1.0,0.0,6.79992942422295,6.79992942422295
ouvdan,direct_ctw,30,linear,,10.0,992.0,0.8504546707256208,1.1260431610822295,4.3990174211366,4.538439315934842
ouvdan,direct_ctw,30,nearest,,10.0,295.0,0.817708236143794,1.0696503566389148,4.313527675580211,4.4623930036660555
ouvdan,markov_order_1,30,linear,,10.0,992.0,0.8090152193029285,1.3642257943081366,4.3990174211366,4.538439315934842
ouvdan,markov_order_1,30,nearest,,10.0,295.0,0.6381462410326366,1.6974396244988235,4.313527675580211,4.4623930036660555
ouvdan,markov_order_2,30,linear,,10.0,992.0,0.8041267289657582,1.391207645563813,4.3990174211366,4.538439315934842
ouvdan,markov_order_2,30,nearest,,10.0,295.0,0.6449674481264636,1.6855868148526534,4.313527675580211,4.4623930036660555
ouvdan,vq_ctw,30,linear,256.0,10.0,992.0,1.0,0.0,6.3894146003828105,6.3894146003828105
ouvdan,vq_ctw,30,nearest,256.0,10.0,295.0,1.0,0.0,7.920304357915144,7.920304357915144
ouvdan,vq_ctw,30,linear,512.0,10.0,992.0,1.0,0.0,6.164533860589402,6.164533860589402
ouvdan,vq_ctw,30,nearest,512.0,10.0,295.0,1.0,0.0,8.241238516258997,8.241238516258997
ouvdan,vq_ctw,30,linear,1024.0,10.0,992.0,1.0,0.0,6.190618711619527,6.190618711619527
ouvdan,vq_ctw,30,nearest,1024.0,10.0,295.0,1.0,0.0,7.521643125836275,7.521643125836275
ovkojy,direct_ctw,30,linear,,10.0,992.0,0.7981833339721054,1.3959670344768813,4.527544541590861,4.678875315704677
ovkojy,direct_ctw,30,nearest,,10.0,246.0,0.8072286057007712,1.078917038847353,4.32411165414535,4.476101424592283
ovkojy,markov_order_1,30,linear,,10.0,992.0,0.7557121846761563,1.6136049068426754,4.527544541590861,4.678875315704677
ovkojy,markov_order_1,30,nearest,,10.0,246.0,0.6270265168956461,1.6689388988897695,4.32411165414535,4.476101424592283
ovkojy,markov_order_2,30,linear,,10.0,992.0,0.7442699428060796,1.6697512300244506,4.527544541590861,4.678875315704677
ovkojy,markov_order_2,30,nearest,,10.0,246.0,0.6631034268190797,1.5718724489499794,4.32411165414535,4.476101424592283
ovkojy,vq_ctw,30,linear,256.0,10.0,992.0,1.0,0.0,6.076241797226056,6.076241797226056
ovkojy,vq_ctw,30,nearest,256.0,10.0,246.0,1.0,0.0,7.628999044384701,7.628999044384701
ovkojy,vq_ctw,30,linear,512.0,10.0,992.0,1.0,0.0,6.297146594908688,6.297146594908688
ovkojy,vq_ctw,30,nearest,512.0,10.0,246.0,1.0,0.0,7.6319124297703445,7.6319124297703445
ovkojy,vq_ctw,30,linear,1024.0,10.0,992.0,1.0,0.0,5.795252056120309,5.795252056120309
ovkojy,vq_ctw,30,nearest,1024.0,10.0,246.0,1.0,0.0,7.029428741415306,7.029428741415306
ovnacg,direct_ctw,30,linear,,10.0,1006.0,0.8175371534592175,1.4152866824490498,3.7781121466932546,3.9972091724024716
ovnacg,markov_order_1,30,linear,,10.0,1006.0,0.7585653460695825,1.7631565456037646,3.7781121466932546,3.9972091724024716
ovnacg,markov_order_2,30,linear,,10.0,1006.0,0.7393522532652002,1.8703132457852567,3.7781121466932546,3.9972091724024716
ovnacg,vq_ctw,30,linear,256.0,10.0,1006.0,1.0,0.0,10.556792506026122,10.556792506026122
ovnacg,vq_ctw,30,linear,512.0,10.0,1006.0,1.0,0.0,9.170950119982686,9.170950119982686
ovnacg,vq_ctw,30,linear,1024.0,10.0,1006.0,1.0,0.0,9.858794145355889,9.858794145355889
ovyijn,direct_ctw,30,linear,,10.0,1007.0,0.8261779560992024,1.2173765987340712,4.4999396317826434,4.638150288745424
ovyijn,direct_ctw,30,nearest,,10.0,151.0,0.8323245991692424,0.9957231076688007,4.159423504261791,4.328117842069015
ovyijn,markov_order_1,30,linear,,10.0,1007.0,0.7838194820791394,1.438407687424393,4.4999396317826434,4.638150288745424
ovyijn,markov_order_1,30,nearest,,10.0,151.0,0.6702882582555427,1.5883384647434755,4.159423504261791,4.328117842069015
ovyijn,markov_order_2,30,linear,,10.0,1007.0,0.7815375089406924,1.4498598152323046,4.4999396317826434,4.638150288745424
ovyijn,markov_order_2,30,nearest,,10.0,151.0,0.6696819728487539,1.5890667337861104,4.159423504261791,4.328117842069015
ovyijn,vq_ctw,30,linear,256.0,10.0,1007.0,1.0,0.0,5.787073244052225,5.787073244052225
ovyijn,vq_ctw,30,nearest,256.0,10.0,151.0,1.0,0.0,8.029796770548467,8.029796770548467
ovyijn,vq_ctw,30,linear,512.0,10.0,1007.0,1.0,0.0,5.876602025445562,5.876602025445562
ovyijn,vq_ctw,30,nearest,512.0,10.0,151.0,1.0,0.0,7.610658805637167,7.610658805637167
ovyijn,vq_ctw,30,linear,1024.0,10.0,1007.0,1.0,0.0,5.6695459065767615,5.6695459065767615
ovyijn,vq_ctw,30,nearest,1024.0,10.0,151.0,1.0,0.0,6.9886786660723565,6.9886786660723565
owbsus,direct_ctw,30,linear,,10.0,1007.0,0.8157761980831362,1.3709395585501347,4.092373603453733,4.339164642510289
owbsus,direct_ctw,30,nearest,,10.0,128.0,0.8173229770002783,1.0650623337303524,4.079790555899914,4.264098411416223
owbsus,markov_order_1,30,linear,,10.0,1007.0,0.7621031622397128,1.6718481733146144,4.092373603453733,4.339164642510289
owbsus,markov_order_1,30,nearest,,10.0,128.0,0.6182473975998073,1.7355271775907177,4.079790555899914,4.264098411416223
owbsus,markov_order_2,30,linear,,10.0,1007.0,0.7465223844914889,1.7547222662195316,4.092373603453733,4.339164642510289
owbsus,markov_order_2,30,nearest,,10.0,128.0,0.680126075661159,1.570549177967624,4.079790555899914,4.264098411416223
owbsus,vq_ctw,30,linear,256.0,10.0,1007.0,1.0,0.0,7.753067932164889,7.753067932164889
owbsus,vq_ctw,30,nearest,256.0,10.0,128.0,1.0,0.0,8.565031413451234,8.565031413451234
owbsus,vq_ctw,30,linear,512.0,10.0,1007.0,1.0,0.0,7.646749791475353,7.646749791475353
owbsus,vq_ctw,30,nearest,512.0,10.0,128.0,1.0,0.0,8.449145406360426,8.449145406360426
owbsus,vq_ctw,30,linear,1024.0,10.0,1007.0,1.0,0.0,7.358808297207756,7.358808297207756
owbsus,vq_ctw,30,nearest,1024.0,10.0,128.0,1.0,0.0,7.934114216447393,7.934114216447393
owgves,direct_ctw,30,linear,,10.0,1007.0,0.8260384596935937,1.2181323994709494,4.445622960696956,4.590768758967149
owgves,direct_ctw,30,nearest,,10.0,158.0,0.8531085484399165,0.8393717426727583,4.275281673683258,4.416773350916909
owgves,markov_order_1,30,linear,,10.0,1007.0,0.7805255430861353,1.4549242831820572,4.445622960696956,4.590768758967149
owgves,markov_order_1,30,nearest,,10.0,158.0,0.747793015305421,1.206230740827513,4.275281673683258,4.416773350916909
owgves,markov_order_2,30,linear,,10.0,1007.0,0.7824760613142452,1.4451550174421641,4.445622960696956,4.590768758967149
owgves,markov_order_2,30,nearest,,10.0,158.0,0.7545104797237734,1.1977786023206312,4.275281673683258,4.416773350916909
owgves,vq_ctw,30,linear,256.0,10.0,1007.0,1.0,0.0,6.143072742143248,6.143072742143248
owgves,vq_ctw,30,nearest,256.0,10.0,158.0,1.0,0.0,7.689928222791657,7.689928222791657
owgves,vq_ctw,30,linear,512.0,10.0,1007.0,1.0,0.0,6.231962401626787,6.231962401626787
owgves,vq_ctw,30,nearest,512.0,10.0,158.0,1.0,0.0,7.061552747336242,7.061552747336242
owgves,vq_ctw,30,linear,1024.0,10.0,1007.0,1.0,0.0,6.03355979173907,6.03355979173907
owgves,vq_ctw,30,nearest,1024.0,10.0,158.0,1.0,0.0,6.44913668692901,6.44913668692901
owhagm,direct_ctw,30,linear,,10.0,837.0,0.8773239996218493,0.9613935745337591,4.45664277450205,4.628557119411963
owhagm,direct_ctw,30,nearest,,10.0,70.0,0.8072232752159146,1.0545538822785736,4.785633354432046,4.9451603279684875
owhagm,markov_order_1,30,linear,,10.0,837.0,0.8344657268019223,1.220040912116114,4.45664277450205,4.628557119411963
owhagm,markov_order_1,30,nearest,,10.0,70.0,0.6291819941233255,1.6177912861270962,4.785633354432046,4.9451603279684875
owhagm,markov_order_2,30,linear,,10.0,837.0,0.8275879680871,1.2596404891470458,4.45664277450205,4.628557119411963
owhagm,markov_order_2,30,nearest,,10.0,70.0,0.6460692165649369,1.5772108649794196,4.785633354432046,4.9451603279684875
owhagm,vq_ctw,30,linear,256.0,10.0,837.0,1.0,0.0,7.513303084776586,7.513303084776586
owhagm,vq_ctw,30,nearest,256.0,10.0,70.0,1.0,0.0,7.593682188310504,7.593682188310504
owhagm,vq_ctw,30,linear,512.0,10.0,837.0,1.0,0.0,8.322540486364186,8.322540486364186
owhagm,vq_ctw,30,nearest,512.0,10.0,70.0,1.0,0.0,7.293172740713427,7.293172740713427
owhagm,vq_ctw,30,linear,1024.0,10.0,837.0,1.0,0.0,7.719921903412864,7.719921903412864
owhagm,vq_ctw,30,nearest,1024.0,10.0,70.0,1.0,0.0,6.770496219827062,6.770496219827062
owufre,direct_ctw,30,linear,,10.0,1006.0,0.8341498538495808,1.2618415205565296,3.9637443857318098,4.199656080951816
owufre,direct_ctw,30,nearest,,10.0,32.0,0.8171448466012431,1.051993686409379,3.0863704283625304,3.3134806398030197
owufre,markov_order_1,30,linear,,10.0,1006.0,0.7788781221310153,1.5804589140729435,3.9637443857318098,4.199656080951816
owufre,markov_order_1,30,nearest,,10.0,32.0,0.6826736621438597,1.5361028928384157,3.0863704283625304,3.3134806398030197
owufre,markov_order_2,30,linear,,10.0,1006.0,0.7656968128280057,1.6524624480125578,3.9637443857318098,4.199656080951816
owufre,markov_order_2,30,nearest,,10.0,32.0,0.7126900440194116,1.4398408522826995,3.0863704283625304,3.3134806398030197
owufre,vq_ctw,30,linear,256.0,10.0,1006.0,1.0,0.0,9.821810417679057,9.821810417679057
owufre,vq_ctw,30,nearest,256.0,10.0,32.0,1.0,0.0,11.792846396014625,11.792846396014625
owufre,vq_ctw,30,linear,512.0,10.0,1006.0,1.0,0.0,8.429151926359324,8.429151926359324
owufre,vq_ctw,30,nearest,512.0,10.0,32.0,1.0,0.0,15.836486084238413,15.836486084238413
owufre,vq_ctw,30,linear,1024.0,10.0,1006.0,1.0,0.0,9.06580108503129,9.06580108503129
owufre,vq_ctw,30,nearest,1024.0,10.0,32.0,1.0,0.0,15.3070907380566,15.3070907380566
oxdogh,direct_ctw,30,linear,,10.0,948.0,0.8231833100719899,1.306944599482186,4.281919971291025,4.438385462322801
oxdogh,direct_ctw,30,nearest,,10.0,248.0,0.837385123480735,1.0185825735967777,4.390917604094526,4.535946176746935
oxdogh,markov_order_1,30,linear,,10.0,948.0,0.7753401629155583,1.5739824985487854,4.281919971291025,4.438385462322801
oxdogh,markov_order_1,30,nearest,,10.0,248.0,0.6942528204210704,1.6050624509826141,4.390917604094526,4.535946176746935
oxdogh,markov_order_2,30,linear,,10.0,948.0,0.7629683307599605,1.6398187505999842,4.281919971291025,4.438385462322801
oxdogh,markov_order_2,30,nearest,,10.0,248.0,0.699386137897302,1.5872348377332774,4.390917604094526,4.535946176746935
oxdogh,vq_ctw,30,linear,256.0,10.0,948.0,1.0,0.0,7.095865261956549,7.095865261956549
oxdogh,vq_ctw,30,nearest,256.0,10.0,248.0,1.0,0.0,8.293009399193886,8.293009399193886
oxdogh,vq_ctw,30,linear,512.0,10.0,948.0,1.0,0.0,7.298071818254757,7.298071818254757
oxdogh,vq_ctw,30,nearest,512.0,10.0,248.0,1.0,0.0,8.368054382025868,8.368054382025868
oxdogh,vq_ctw,30,linear,1024.0,10.0,948.0,1.0,0.0,6.895440665721612,6.895440665721612
oxdogh,vq_ctw,30,nearest,1024.0,10.0,248.0,1.0,0.0,7.873429711599037,7.873429711599037
oyclsd,direct_ctw,30,linear,,10.0,1007.0,0.8847919765095447,0.861051847191005,4.064893449054412,4.238144683878719
oyclsd,markov_order_1,30,linear,,10.0,1007.0,0.8396337234291906,1.1162839144944345,4.064893449054412,4.238144683878719
oyclsd,markov_order_2,30,linear,,10.0,1007.0,0.8484265017607266,1.0684845116845907,4.064893449054412,4.238144683878719
oyclsd,vq_ctw,30,linear,256.0,10.0,1007.0,1.0,0.0,9.028742498220163,9.028742498220163
oyclsd,vq_ctw,30,linear,512.0,10.0,1007.0,1.0,0.0,8.09482473064682,8.09482473064682
oyclsd,vq_ctw,30,linear,1024.0,10.0,1007.0,1.0,0.0,8.202211964975847,8.202211964975847
oydtes,direct_ctw,30,linear,,10.0,1007.0,0.8090384831296619,1.337838978839866,4.5264221325316845,4.6608740064310314
oydtes,direct_ctw,30,nearest,,10.0,125.0,0.7963733966281763,1.0779363025584552,4.280687739156704,4.440687559252999
oydtes,markov_order_1,30,linear,,10.0,1007.0,0.7703980678337806,1.5400378454252528,4.5264221325316845,4.6608740064310314
oydtes,markov_order_1,30,nearest,,10.0,125.0,0.6576155927047707,1.5542118982115285,4.280687739156704,4.440687559252999
oydtes,markov_order_2,30,linear,,10.0,1007.0,0.7598310567258784,1.593145073446261,4.5264221325316845,4.6608740064310314
oydtes,markov_order_2,30,nearest,,10.0,125.0,0.660096429292258,1.5100097942540787,4.280687739156704,4.440687559252999
oydtes,vq_ctw,30,linear,256.0,10.0,1007.0,1.0,0.0,5.627766829409195,5.627766829409195
oydtes,vq_ctw,30,nearest,256.0,10.0,125.0,1.0,0.0,7.831889533990997,7.831889533990997
oydtes,vq_ctw,30,linear,512.0,10.0,1007.0,1.0,0.0,6.155562028348797,6.155562028348797
oydtes,vq_ctw,30,nearest,512.0,10.0,125.0,1.0,0.0,7.543999673471335,7.543999673471335
oydtes,vq_ctw,30,linear,1024.0,10.0,1007.0,1.0,0.0,5.655392028482119,5.655392028482119
oydtes,vq_ctw,30,nearest,1024.0,10.0,125.0,1.0,0.0,6.923066388606408,6.923066388606408
oygmeb,direct_ctw,30,linear,,10.0,1007.0,0.8508718879013291,1.1902813159104713,4.256587324885031,4.439464348295297
oygmeb,direct_ctw,30,nearest,,10.0,109.0,0.8532815150281509,0.9434872132303522,3.8945699844706536,4.08713246583955
oygmeb,markov_order_1,30,linear,,10.0,1007.0,0.7977893903147062,1.5163420722562324,4.256587324885031,4.439464348295297
oygmeb,markov_order_1,30,nearest,,10.0,109.0,0.6630524395168231,1.7062639662584125,3.8945699844706536,4.08713246583955
oygmeb,markov_order_2,30,linear,,10.0,1007.0,0.7865418393915842,1.5819987768180388,4.256587324885031,4.439464348295297
oygmeb,markov_order_2,30,nearest,,10.0,109.0,0.7061847126590014,1.5602483894593981,3.8945699844706536,4.08713246583955
oygmeb,vq_ctw,30,linear,256.0,10.0,1007.0,1.0,0.0,8.272379676979039,8.272379676979039
oygmeb,vq_ctw,30,nearest,256.0,10.0,109.0,1.0,0.0,9.398270261816862,9.398270261816862
oygmeb,vq_ctw,30,linear,512.0,10.0,1007.0,1.0,0.0,7.627492340994272,7.627492340994272
oygmeb,vq_ctw,30,nearest,512.0,10.0,109.0,1.0,0.0,10.37650983181048,10.37650983181048
oygmeb,vq_ctw,30,linear,1024.0,10.0,1007.0,1.0,0.0,7.863235905569123,7.863235905569123
oygmeb,vq_ctw,30,nearest,1024.0,10.0,109.0,1.0,0.0,9.715938201638588,9.715938201638588
oygvar,direct_ctw,30,linear,,10.0,991.0,0.8972887109549686,0.8187312414437948,4.283456833384639,4.43990648127998
oygvar,direct_ctw,30,nearest,,10.0,32.0,0.8698096469153704,0.7643068256920914,4.488783344629852,4.652494088964488
oygvar,markov_order_1,30,linear,,10.0,991.0,0.8691926457096889,0.9941808324504589,4.283456833384639,4.43990648127998
oygvar,markov_order_1,30,nearest,,10.0,32.0,0.7548428658623739,1.1920766057835899,4.488783344629852,4.652494088964488
oygvar,markov_order_2,30,linear,,10.0,991.0,0.863105109950267,1.0308036623426748,4.283456833384639,4.43990648127998
oygvar,markov_order_2,30,nearest,,10.0,32.0,0.7792301208822991,1.1114827697404632,4.488783344629852,4.652494088964488
oygvar,vq_ctw,30,linear,256.0,10.0,991.0,1.0,0.0,6.68993871555284,6.68993871555284
oygvar,vq_ctw,30,nearest,256.0,10.0,32.0,1.0,0.0,7.682603905146138,7.682603905146138
oygvar,vq_ctw,30,linear,512.0,10.0,991.0,1.0,0.0,5.985939548445281,5.985939548445281
oygvar,vq_ctw,30,nearest,512.0,10.0,32.0,1.0,0.0,7.4224748870949,7.4224748870949
oygvar,vq_ctw,30,linear,1024.0,10.0,991.0,1.0,0.0,5.979678519755314,5.979678519755314
oygvar,vq_ctw,30,nearest,1024.0,10.0,32.0,1.0,0.0,6.737209732441519,6.737209732441519
ubgiho,direct_ctw,30,linear,,10.0,1007.0,0.8436891647281701,1.236099726979629,3.954732004342249,4.1320926526176605
ubgiho,direct_ctw,30,nearest,,10.0,105.0,0.8189883115902883,1.0436763839498455,3.868682474242741,4.046931348482974
ubgiho,markov_order_1,30,linear,,10.0,1007.0,0.7919024696451362,1.5508447508740508,3.954732004342249,4.1320926526176605
ubgiho,markov_order_1,30,nearest,,10.0,105.0,0.6763754175041069,1.5500429019547572,3.868682474242741,4.046931348482974
ubgiho,markov_order_2,30,linear,,10.0,1007.0,0.7727026410278999,1.661296074138098,3.954732004342249,4.1320926526176605
ubgiho,markov_order_2,30,nearest,,10.0,105.0,0.6572177302516025,1.60987339663765,3.868682474242741,4.046931348482974
ubgiho,vq_ctw,30,linear,256.0,10.0,1007.0,1.0,0.0,9.459855072068644,9.459855072068644
ubgiho,vq_ctw,30,nearest,256.0,10.0,105.0,1.0,0.0,9.495990320129435,9.495990320129435
ubgiho,vq_ctw,30,linear,512.0,10.0,1007.0,1.0,0.0,9.606878995437292,9.606878995437292
ubgiho,vq_ctw,30,nearest,512.0,10.0,105.0,1.0,0.0,9.773144211780126,9.773144211780126
ubgiho,vq_ctw,30,linear,1024.0,10.0,1007.0,1.0,0.0,9.522306592604107,9.522306592604107
ubgiho,vq_ctw,30,nearest,1024.0,10.0,105.0,1.0,0.0,9.15517604958896,9.15517604958896
ubjajo,direct_ctw,30,linear,,10.0,1007.0,0.8181933059234328,1.335783688092037,4.379256857025688,4.51086769033099
ubjajo,direct_ctw,30,nearest,,10.0,272.0,0.8201054985091871,1.0300488542068746,4.130891879478368,4.2699664239755455
ubjajo,markov_order_1,30,linear,,10.0,1007.0,0.7746981777594519,1.5774295691181028,4.379256857025688,4.51086769033099
ubjajo,markov_order_1,30,nearest,,10.0,272.0,0.6600947506080163,1.5947107428348222,4.130891879478368,4.2699664239755455
ubjajo,markov_order_2,30,linear,,10.0,1007.0,0.7620072893909526,1.6448812052153285,4.379256857025688,4.51086769033099
ubjajo,markov_order_2,30,nearest,,10.0,272.0,0.6688029476271575,1.5705159330666183,4.130891879478368,4.2699664239755455
ubjajo,vq_ctw,30,linear,256.0,10.0,1007.0,1.0,0.0,6.083392853859392,6.083392853859392
ubjajo,vq_ctw,30,nearest,256.0,10.0,272.0,1.0,0.0,7.8517778795244375,7.8517778795244375
ubjajo,vq_ctw,30,linear,512.0,10.0,1007.0,1.0,0.0,6.326309697250725,6.326309697250725
ubjajo,vq_ctw,30,nearest,512.0,10.0,272.0,1.0,0.0,7.9527836720302165,7.9527836720302165
ubjajo,vq_ctw,30,linear,1024.0,10.0,1007.0,1.0,0.0,6.043204462623969,6.043204462623969
ubjajo,vq_ctw,30,nearest,1024.0,10.0,272.0,1.0,0.0,7.27524549017245,7.27524549017245
ubjaju,direct_ctw,30,linear,,10.0,991.0,0.8056068546132591,1.2130706377760092,4.481823125080754,4.633051774859454
ubjaju,direct_ctw,30,nearest,,10.0,78.0,0.8006832699168981,1.0356409736549945,4.2717017776800645,4.412125899425928
ubjaju,markov_order_1,30,linear,,10.0,991.0,0.769610284710695,1.3742388210803258,4.481823125080754,4.633051774859454
ubjaju,markov_order_1,30,nearest,,10.0,78.0,0.6351495115083734,1.5374893253534536,4.2717017776800645,4.412125899425928
ubjaju,markov_order_2,30,linear,,10.0,991.0,0.770287993974676,1.371305848998242,4.481823125080754,4.633051774859454
ubjaju,markov_order_2,30,nearest,,10.0,78.0,0.682953351729882,1.4034716149509616,4.2717017776800645,4.412125899425928
ubjaju,vq_ctw,30,linear,256.0,10.0,991.0,1.0,0.0,5.698873947412213,5.698873947412213
ubjaju,vq_ctw,30,nearest,256.0,10.0,78.0,1.0,0.0,7.483990132653325,7.483990132653325
ubjaju,vq_ctw,30,linear,512.0,10.0,991.0,1.0,0.0,5.93363837099155,5.93363837099155
ubjaju,vq_ctw,30,nearest,512.0,10.0,78.0,1.0,0.0,7.837381561095649,7.837381561095649
ubjaju,vq_ctw,30,linear,1024.0,10.0,991.0,1.0,0.0,5.575685229335871,5.575685229335871
ubjaju,vq_ctw,30,nearest,1024.0,10.0,78.0,1.0,0.0,7.201734367973723,7.201734367973723
ubnank,direct_ctw,30,linear,,10.0,1007.0,0.8374235545336506,1.2420420919517006,4.192074973196004,4.357361332764415
ubnank,direct_ctw,30,nearest,,10.0,151.0,0.8285185243989114,0.9882016189409507,4.087627536115948,4.251790592130606
ubnank,markov_order_1,30,linear,,10.0,1007.0,0.7927033758599977,1.5033721198234677,4.192074973196004,4.357361332764415
ubnank,markov_order_1,30,nearest,,10.0,151.0,0.7031322820848169,1.443018733270262,4.087627536115948,4.251790592130606
ubnank,markov_order_2,30,linear,,10.0,1007.0,0.7803657299949769,1.572242504512325,4.192074973196004,4.357361332764415
ubnank,markov_order_2,30,nearest,,10.0,151.0,0.6943161653054828,1.4707607185574623,4.087627536115948,4.251790592130606
ubnank,vq_ctw,30,linear,256.0,10.0,1007.0,1.0,0.0,8.202076436192412,8.202076436192412
ubnank,vq_ctw,30,nearest,256.0,10.0,151.0,1.0,0.0,8.325443517318618,8.325443517318618
ubnank,vq_ctw,30,linear,512.0,10.0,1007.0,1.0,0.0,7.777248196132225,7.777248196132225
ubnank,vq_ctw,30,nearest,512.0,10.0,151.0,1.0,0.0,7.907567082103727,7.907567082103727
ubnank,vq_ctw,30,linear,1024.0,10.0,1007.0,1.0,0.0,7.942568835091377,7.942568835091377
ubnank,vq_ctw,30,nearest,1024.0,10.0,151.0,1.0,0.0,7.271291838901332,7.271291838901332
ubzach,direct_ctw,30,linear,,10.0,861.0,0.7988523131055834,1.2441767664910568,4.459647979801707,4.579974581909684
ubzach,direct_ctw,30,nearest,,10.0,74.0,0.8133089973701417,1.0672366891197056,4.258802620490771,4.419240399309636
ubzach,markov_order_1,30,linear,,10.0,861.0,0.7498253464286342,1.458246924599594,4.459647979801707,4.579974581909684
ubzach,markov_order_1,30,nearest,,10.0,74.0,0.6150415721929193,1.7275213399873526,4.258802620490771,4.419240399309636
ubzach,markov_order_2,30,linear,,10.0,861.0,0.7544251321227788,1.4389906463680648,4.459647979801707,4.579974581909684
ubzach,markov_order_2,30,nearest,,10.0,74.0,0.6358747817282175,1.6706256153368693,4.258802620490771,4.419240399309636
ubzach,vq_ctw,30,linear,256.0,10.0,861.0,1.0,0.0,5.510054598657206,5.510054598657206
ubzach,vq_ctw,30,nearest,256.0,10.0,74.0,1.0,0.0,8.431852870646367,8.431852870646367
ubzach,vq_ctw,30,linear,512.0,10.0,861.0,1.0,0.0,5.694314081617506,5.694314081617506
ubzach,vq_ctw,30,nearest,512.0,10.0,74.0,1.0,0.0,8.794749281671418,8.794749281671418
ubzach,vq_ctw,30,linear,1024.0,10.0,861.0,1.0,0.0,5.379389511927375,5.379389511927375
ubzach,vq_ctw,30,nearest,1024.0,10.0,74.0,1.0,0.0,8.076853086023696,8.076853086023696
ucbiya,direct_ctw,30,linear,,10.0,1007.0,0.802162645907934,1.470818683644684,4.435386609979323,4.600426225177715
ucbiya,direct_ctw,30,nearest,,10.0,124.0,0.8040475416992862,1.0985958969562888,4.241436458049996,4.389576764290511
ucbiya,markov_order_1,30,linear,,10.0,1007.0,0.7452957232012164,1.7883990217632364,4.435386609979323,4.600426225177715
ucbiya,markov_order_1,30,nearest,,10.0,124.0,0.6045765745185755,1.752014320251304,4.241436458049996,4.389576764290511
ucbiya,markov_order_2,30,linear,,10.0,1007.0,0.7285115323024888,1.8772453483708267,4.435386609979323,4.600426225177715
ucbiya,markov_order_2,30,nearest,,10.0,124.0,0.6567985510643846,1.610771597964247,4.241436458049996,4.389576764290511
ucbiya,vq_ctw,30,linear,256.0,10.0,1007.0,1.0,0.0,7.225959546478245,7.225959546478245
ucbiya,vq_ctw,30,nearest,256.0,10.0,124.0,1.0,0.0,8.164098513916574,8.164098513916574
ucbiya,vq_ctw,30,linear,512.0,10.0,1007.0,1.0,0.0,7.026748275760967,7.026748275760967
ucbiya,vq_ctw,30,nearest,512.0,10.0,124.0,1.0,0.0,8.694389112508498,8.694389112508498
ucbiya,vq_ctw,30,linear,1024.0,10.0,1007.0,1.0,0.0,6.92829929282267,6.92829929282267
ucbiya,vq_ctw,30,nearest,1024.0,10.0,124.0,1.0,0.0,7.881881783070258,7.881881783070258
ucdewy,direct_ctw,30,linear,,10.0,629.0,0.9192177200157658,0.5925002675801287,4.729977675122825,4.835340104545639
ucdewy,markov_order_1,30,linear,,10.0,629.0,0.8964740495422376,0.7204537830436566,4.729977675122825,4.835340104545639
ucdewy,markov_order_2,30,linear,,10.0,629.0,0.8984644888543005,0.7096023923637761,4.729977675122825,4.835340104545639
ucdewy,vq_ctw,30,linear,256.0,10.0,629.0,1.0,0.0,4.256952531394448,4.256952531394448
ucdewy,vq_ctw,30,linear,512.0,10.0,629.0,1.0,0.0,4.556544996583391,4.556544996583391
ucdewy,vq_ctw,30,linear,1024.0,10.0,629.0,1.0,0.0,4.092295759647252,4.092295759647252
ucgewf,direct_ctw,30,linear,,10.0,1007.0,0.8156970931152552,1.326983574126923,4.2897245152760695,4.455894013937388
ucgewf,direct_ctw,30,nearest,,10.0,415.0,0.8179588119133963,1.0608523223160082,4.118844271018172,4.266166900089485
ucgewf,markov_order_1,30,linear,,10.0,1007.0,0.7644063626352532,1.602655620118526,4.2897245152760695,4.455894013937388
ucgewf,markov_order_1,30,nearest,,10.0,415.0,0.6700963506733973,1.5958022172862063,4.118844271018172,4.266166900089485
ucgewf,markov_order_2,30,linear,,10.0,1007.0,0.7593381010514619,1.628692645252144,4.2897245152760695,4.455894013937388
ucgewf,markov_order_2,30,nearest,,10.0,415.0,0.6825104829958911,1.5651289458200028,4.118844271018172,4.266166900089485
ucgewf,vq_ctw,30,linear,256.0,10.0,1007.0,1.0,0.0,6.985942459872573,6.985942459872573
ucgewf,vq_ctw,30,nearest,256.0,10.0,415.0,1.0,0.0,8.557774597969889,8.557774597969889
ucgewf,vq_ctw,30,linear,512.0,10.0,1007.0,1.0,0.0,6.920325249982962,6.920325249982962
ucgewf,vq_ctw,30,nearest,512.0,10.0,415.0,1.0,0.0,8.560354311705,8.560354311705
ucgewf,vq_ctw,30,linear,1024.0,10.0,1007.0,1.0,0.0,6.731067942970523,6.731067942970523
ucgewf,vq_ctw,30,nearest,1024.0,10.0,415.0,1.0,0.0,7.87044105840954,7.87044105840954
uchjaf,direct_ctw,30,linear,,10.0,1006.0,0.8117081436788016,1.3729036924473415,4.593973499092044,4.736526395762171
uchjaf,direct_ctw,30,nearest,,10.0,162.0,0.8058279150031589,1.08061297389485,4.336333395501404,4.503978731720971
uchjaf,markov_order_1,30,linear,,10.0,1006.0,0.7670906876732375,1.6180196651582446,4.593973499092044,4.736526395762171
uchjaf,markov_order_1,30,nearest,,10.0,162.0,0.6225774966944634,1.6787763348227718,4.336333395501404,4.503978731720971
uchjaf,markov_order_2,30,linear,,10.0,1006.0,0.7523164175503964,1.6955223587347725,4.593973499092044,4.736526395762171
uchjaf,markov_order_2,30,nearest,,10.0,162.0,0.6513134920574934,1.5993538962929343,4.336333395501404,4.503978731720971
uchjaf,vq_ctw,30,linear,256.0,10.0,1006.0,1.0,0.0,6.520090672266204,6.520090672266204
uchjaf,vq_ctw,30,nearest,256.0,10.0,162.0,1.0,0.0,7.958428340323706,7.958428340323706
uchjaf,vq_ctw,30,linear,512.0,10.0,1006.0,1.0,0.0,6.485055405182287,6.485055405182287
uchjaf,vq_ctw,30,nearest,512.0,10.0,162.0,1.0,0.0,8.298725091488844,8.298725091488844
uchjaf,vq_ctw,30,linear,1024.0,10.0,1006.0,1.0,0.0,6.239900535285946,6.239900535285946
uchjaf,vq_ctw,30,nearest,1024.0,10.0,162.0,1.0,0.0,7.564494346455993,7.564494346455993
ucovla,direct_ctw,30,linear,,10.0,1007.0,0.815294736733728,1.3737536251820015,4.085662930347135,4.241591456741775
ucovla,direct_ctw,30,nearest,,10.0,138.0,0.8248436250654133,1.035740909573915,3.889127334735448,4.066436316765079
ucovla,markov_order_1,30,linear,,10.0,1007.0,0.7644554937718735,1.659170351904539,4.085662930347135,4.241591456741775
ucovla,markov_order_1,30,nearest,,10.0,138.0,0.6080341336704937,1.7857877870129581,3.889127334735448,4.066436316765079
ucovla,markov_order_2,30,linear,,10.0,1007.0,0.746863706793608,1.752926887656657,4.085662930347135,4.241591456741775
ucovla,markov_order_2,30,nearest,,10.0,138.0,0.6460262943904936,1.6777655041047599,3.889127334735448,4.066436316765079
ucovla,vq_ctw,30,linear,256.0,10.0,1007.0,1.0,0.0,7.622464821653931,7.622464821653931
ucovla,vq_ctw,30,nearest,256.0,10.0,138.0,1.0,0.0,9.194144871442045,9.194144871442045
ucovla,vq_ctw,30,linear,512.0,10.0,1007.0,1.0,0.0,7.133263079647869,7.133263079647869
ucovla,vq_ctw,30,nearest,512.0,10.0,138.0,1.0,0.0,9.60781139207893,9.60781139207893
ucovla,vq_ctw,30,linear,1024.0,10.0,1007.0,1.0,0.0,7.284515598139812,7.284515598139812
ucovla,vq_ctw,30,nearest,1024.0,10.0,138.0,1.0,0.0,9.057437200067623,9.057437200067623
ucvepn,direct_ctw,30,linear,,10.0,986.0,0.8195910084171348,1.4026069160547117,4.307144623904576,4.468027288099774
ucvepn,direct_ctw,30,nearest,,10.0,140.0,0.8330737601803091,0.9818682594064315,4.07369254292563,4.224932515941281
ucvepn,markov_order_1,30,linear,,10.0,986.0,0.7617264332069904,1.745251741724035,4.307144623904576,4.468027288099774
ucvepn,markov_order_1,30,nearest,,10.0,140.0,0.638726200803787,1.6479764887218142,4.07369254292563,4.224932515941281
ucvepn,markov_order_2,30,linear,,10.0,986.0,0.7400202333223862,1.8666349052563018,4.307144623904576,4.468027288099774
ucvepn,markov_order_2,30,nearest,,10.0,140.0,0.6855012176637819,1.513637035581084,4.07369254292563,4.224932515941281
ucvepn,vq_ctw,30,linear,256.0,10.0,986.0,1.0,0.0,7.878108531264357,7.878108531264357
ucvepn,vq_ctw,30,nearest,256.0,10.0,140.0,1.0,0.0,8.118817957164907,8.118817957164907
ucvepn,vq_ctw,30,linear,512.0,10.0,986.0,1.0,0.0,7.495388361594855,7.495388361594855
ucvepn,vq_ctw,30,nearest,512.0,10.0,140.0,1.0,0.0,8.919437782793505,8.919437782793505
ucvepn,vq_ctw,30,linear,1024.0,10.0,986.0,1.0,0.0,7.370563012904595,7.370563012904595
ucvepn,vq_ctw,30,nearest,1024.0,10.0,140.0,1.0,0.0,8.168077299164446,8.168077299164446
udguic,direct_ctw,30,linear,,10.0,1006.0,0.8058198047213658,1.3551873020516294,4.338951133300262,4.492463523424088
udguic,direct_ctw,30,nearest,,10.0,102.0,0.8238232376089681,1.0164511788419532,4.003990722252009,4.17181245632515
udguic,markov_order_1,30,linear,,10.0,1006.0,0.7595002835727696,1.5947930680266589,4.338951133300262,4.492463523424088
udguic,markov_order_1,30,nearest,,10.0,102.0,0.6827549431788934,1.5317996213431684,4.003990722252009,4.17181245632515
udguic,markov_order_2,30,linear,,10.0,1006.0,0.7498688309855884,1.6424037139740204,4.338951133300262,4.492463523424088
udguic,markov_order_2,30,nearest,,10.0,102.0,0.6903316856845464,1.509170353540523,4.003990722252009,4.17181245632515
udguic,vq_ctw,30,linear,256.0,10.0,1006.0,1.0,0.0,7.705894978088534,7.705894978088534
udguic,vq_ctw,30,nearest,256.0,10.0,102.0,1.0,0.0,9.536416516051997,9.536416516051997
udguic,vq_ctw,30,linear,512.0,10.0,1006.0,1.0,0.0,7.6660447818663275,7.6660447818663275
udguic,vq_ctw,30,nearest,512.0,10.0,102.0,1.0,0.0,9.72818707186696,9.72818707186696
udguic,vq_ctw,30,linear,1024.0,10.0,1006.0,1.0,0.0,7.447122295850214,7.447122295850214
udguic,vq_ctw,30,nearest,1024.0,10.0,102.0,1.0,0.0,9.23569334335024,9.23569334335024
udthon,direct_ctw,30,linear,,10.0,994.0,0.8337063361243655,1.1762940555945347,4.440050963739405,4.575094736068727
udthon,direct_ctw,30,nearest,,10.0,231.0,0.8178527411251035,1.0082595219783663,4.187601393703207,4.362090833463042
udthon,markov_order_1,30,linear,,10.0,994.0,0.7902850558160586,1.4057181574113546,4.440050963739405,4.575094736068727
udthon,markov_order_1,30,nearest,,10.0,231.0,0.6523248859793046,1.553907151587117,4.187601393703207,4.362090833463042
udthon,markov_order_2,30,linear,,10.0,994.0,0.7859989503625648,1.427428592372387,4.440050963739405,4.575094736068727
udthon,markov_order_2,30,nearest,,10.0,231.0,0.6861453848795013,1.4576835233842076,4.187601393703207,4.362090833463042
udthon,vq_ctw,30,linear,256.0,10.0,994.0,1.0,0.0,6.015568026978839,6.015568026978839
udthon,vq_ctw,30,nearest,256.0,10.0,231.0,1.0,0.0,7.906351405136966,7.906351405136966
udthon,vq_ctw,30,linear,512.0,10.0,994.0,1.0,0.0,6.059535884836223,6.059535884836223
udthon,vq_ctw,30,nearest,512.0,10.0,231.0,1.0,0.0,7.7279988956326084,7.7279988956326084
udthon,vq_ctw,30,linear,1024.0,10.0,994.0,1.0,0.0,5.835892479249246,5.835892479249246
udthon,vq_ctw,30,nearest,1024.0,10.0,231.0,1.0,0.0,7.167302260460502,7.167302260460502
udtiog,direct_ctw,30,linear,,10.0,1007.0,0.8126062650401878,1.3442632171701505,4.382299136522608,4.530666753134551
udtiog,direct_ctw,30,nearest,,10.0,77.0,0.8460799677958805,1.0165445703694829,4.17345131712998,4.373001855009196
udtiog,markov_order_1,30,linear,,10.0,1007.0,0.7699824815494196,1.5737717170210075,4.382299136522608,4.530666753134551
udtiog,markov_order_1,30,nearest,,10.0,77.0,0.6248037468476217,1.9223408220532514,4.17345131712998,4.373001855009196
udtiog,markov_order_2,30,linear,,10.0,1007.0,0.7564948128414799,1.6432103978292778,4.382299136522608,4.530666753134551
udtiog,markov_order_2,30,nearest,,10.0,77.0,0.6346866023276548,1.8900561519989938,4.17345131712998,4.373001855009196
udtiog,vq_ctw,30,linear,256.0,10.0,1007.0,1.0,0.0,6.236117681100052,6.236117681100052
udtiog,vq_ctw,30,nearest,256.0,10.0,77.0,1.0,0.0,10.505057999253179,10.505057999253179
udtiog,vq_ctw,30,linear,512.0,10.0,1007.0,1.0,0.0,6.328438645113583,6.328438645113583
udtiog,vq_ctw,30,nearest,512.0,10.0,77.0,1.0,0.0,10.753163132803422,10.753163132803422
udtiog,vq_ctw,30,linear,1024.0,10.0,1007.0,1.0,0.0,6.057243299960828,6.057243299960828
udtiog,vq_ctw,30,nearest,1024.0,10.0,77.0,1.0,0.0,9.876961269563825,9.876961269563825
udveoy,direct_ctw,30,linear,,10.0,1006.0,0.826758441078056,1.2861311355275018,4.457522283145288,4.593089962241674
udveoy,direct_ctw,30,nearest,,10.0,83.0,0.8149331822316738,1.0155879041850016,4.36303577837985,4.488206790557036
udveoy,markov_order_1,30,linear,,10.0,1006.0,0.7881776411080558,1.5043269160286064,4.457522283145288,4.593089962241674
udveoy,markov_order_1,30,nearest,,10.0,83.0,0.6681564113673061,1.5019708751999978,4.36303577837985,4.488206790557036
udveoy,markov_order_2,30,linear,,10.0,1006.0,0.7724690947792632,1.5893719857152622,4.457522283145288,4.593089962241674
udveoy,markov_order_2,30,nearest,,10.0,83.0,0.6769735330995559,1.4779814683280017,4.36303577837985,4.488206790557036
udveoy,vq_ctw,30,linear,256.0,10.0,1006.0,1.0,0.0,5.804754367201924,5.804754367201924
udveoy,vq_ctw,30,nearest,256.0,10.0,83.0,1.0,0.0,7.2969511798391595,7.2969511798391595
udveoy,vq_ctw,30,linear,512.0,10.0,1006.0,1.0,0.0,6.2517089891420685,6.2517089891420685
udveoy,vq_ctw,30,nearest,512.0,10.0,83.0,1.0,0.0,6.820914662513686,6.820914662513686
udveoy,vq_ctw,30,linear,1024.0,10.0,1006.0,1.0,0.0,5.851560849850349,5.851560849850349
udveoy,vq_ctw,30,nearest,1024.0,10.0,83.0,1.0,0.0,6.068475833530151,6.068475833530151
udwadl,direct_ctw,30,linear,,10.0,1007.0,0.8583050223234859,1.0788447365200002,4.512296807845443,4.639494607282619
udwadl,direct_ctw,30,nearest,,10.0,161.0,0.801793902211939,1.103104561369544,4.12359535395379,4.289994469840172
udwadl,markov_order_1,30,linear,,10.0,1007.0,0.8245770033384235,1.2768250630031348,4.512296807845443,4.639494607282619
udwadl,markov_order_1,30,nearest,,10.0,161.0,0.6284751222460557,1.6732256519187725,4.12359535395379,4.289994469840172
udwadl,markov_order_2,30,linear,,10.0,1007.0,0.8149308161803741,1.3312760379044026,4.512296807845443,4.639494607282619
udwadl,markov_order_2,30,nearest,,10.0,161.0,0.6362024858928894,1.6639889401674313,4.12359535395379,4.289994469840172
udwadl,vq_ctw,30,linear,256.0,10.0,1007.0,1.0,0.0,5.958820261988146,5.958820261988146
udwadl,vq_ctw,30,nearest,256.0,10.0,161.0,1.0,0.0,8.12844757628581,8.12844757628581
udwadl,vq_ctw,30,linear,512.0,10.0,1007.0,1.0,0.0,6.2758516675963,6.2758516675963
udwadl,vq_ctw,30,nearest,512.0,10.0,161.0,1.0,0.0,8.009206019301681,8.009206019301681
udwadl,vq_ctw,30,linear,1024.0,10.0,1007.0,1.0,0.0,5.8126868146182655,5.8126868146182655
udwadl,vq_ctw,30,nearest,1024.0,10.0,161.0,1.0,0.0,7.3803807005679625,7.3803807005679625
udwebi,direct_ctw,30,linear,,10.0,935.0,0.9028535337121085,0.6541772152555562,4.392019545685279,4.548789175710224
udwebi,markov_order_1,30,linear,,10.0,935.0,0.8692384692541855,0.8210460548180353,4.392019545685279,4.548789175710224
udwebi,markov_order_2,30,linear,,10.0,935.0,0.8879276925573749,0.7302798078479309,4.392019545685279,4.548789175710224
udwebi,vq_ctw,30,linear,256.0,10.0,935.0,1.0,0.0,5.666898346353556,5.666898346353556
udwebi,vq_ctw,30,linear,512.0,10.0,935.0,1.0,0.0,5.481311540247295,5.481311540247295
udwebi,vq_ctw,30,linear,1024.0,10.0,935.0,1.0,0.0,5.367945355211826,5.367945355211826
udwiul,direct_ctw,30,linear,,10.0,1007.0,0.823309872153267,1.2328769348256472,4.330749840183887,4.475400294341221
udwiul,direct_ctw,30,nearest,,10.0,68.0,0.8506436510388027,0.8406944088838219,4.045761803895749,4.124847364701345
udwiul,markov_order_1,30,linear,,10.0,1007.0,0.7837241817609321,1.4388868388457536,4.330749840183887,4.475400294341221
udwiul,markov_order_1,30,nearest,,10.0,68.0,0.7072291357887134,1.3180328725587969,4.045761803895749,4.124847364701345
udwiul,markov_order_2,30,linear,,10.0,1007.0,0.776094771833771,1.4769972759949688,4.330749840183887,4.475400294341221
udwiul,markov_order_2,30,nearest,,10.0,68.0,0.7256088634838823,1.2602954835778395,4.045761803895749,4.124847364701345
udwiul,vq_ctw,30,linear,256.0,10.0,1007.0,1.0,0.0,5.902507969044239,5.902507969044239
udwiul,vq_ctw,30,nearest,256.0,10.0,68.0,1.0,0.0,7.54923936668338,7.54923936668338
udwiul,vq_ctw,30,linear,512.0,10.0,1007.0,1.0,0.0,6.167027223416534,6.167027223416534
udwiul,vq_ctw,30,nearest,512.0,10.0,68.0,1.0,0.0,7.08584955415199,7.08584955415199
udwiul,vq_ctw,30,linear,1024.0,10.0,1007.0,1.0,0.0,5.773610919004858,5.773610919004858
udwiul,vq_ctw,30,nearest,1024.0,10.0,68.0,1.0,0.0,6.493336733752262,6.493336733752262
ufdoyn,direct_ctw,30,linear,,10.0,1007.0,0.8087885227572051,1.4115654532388093,4.165263462858006,4.348373930018737
ufdoyn,markov_order_1,30,linear,,10.0,1007.0,0.739421001809636,1.791875707057852,4.165263462858006,4.348373930018737
ufdoyn,markov_order_2,30,linear,,10.0,1007.0,0.7299186830637103,1.8410009289758515,4.165263462858006,4.348373930018737
ufdoyn,vq_ctw,30,linear,256.0,10.0,1007.0,1.0,0.0,9.277732760655827,9.277732760655827
ufdoyn,vq_ctw,30,linear,512.0,10.0,1007.0,1.0,0.0,8.27199490715715,8.27199490715715
ufdoyn,vq_ctw,30,linear,1024.0,10.0,1007.0,1.0,0.0,8.758893602189474,8.758893602189474
ugatna,direct_ctw,30,linear,,10.0,1007.0,0.8128423954761383,1.4441177930595146,4.3086933638663085,4.4715658329883885
ugatna,direct_ctw,30,nearest,,10.0,465.0,0.8165948805964968,1.0705340426519745,4.298762453043471,4.467409167254801
ugatna,markov_order_1,30,linear,,10.0,1007.0,0.7583412328380581,1.7644229552914912,4.3086933638663085,4.4715658329883885
ugatna,markov_order_1,30,nearest,,10.0,465.0,0.6498322123011471,1.6805781562883224,4.298762453043471,4.467409167254801
ugatna,markov_order_2,30,linear,,10.0,1007.0,0.7343721736974518,1.8976319466188498,4.3086933638663085,4.4715658329883885
ugatna,markov_order_2,30,nearest,,10.0,465.0,0.6574093954742151,1.658937361002605,4.298762453043471,4.467409167254801
ugatna,vq_ctw,30,linear,256.0,10.0,1007.0,1.0,0.0,7.5564505128468635,7.5564505128468635
ugatna,vq_ctw,30,nearest,256.0,10.0,465.0,1.0,0.0,8.49937639232887,8.49937639232887
ugatna,vq_ctw,30,linear,512.0,10.0,1007.0,1.0,0.0,7.387303999416246,7.387303999416246
ugatna,vq_ctw,30,nearest,512.0,10.0,465.0,1.0,0.0,8.795055495047732,8.795055495047732
ugatna,vq_ctw,30,linear,1024.0,10.0,1007.0,1.0,0.0,7.439945508106191,7.439945508106191
ugatna,vq_ctw,30,nearest,1024.0,10.0,465.0,1.0,0.0,8.112047659240485,8.112047659240485
ugdifb,direct_ctw,30,linear,,10.0,984.0,0.8571936647342359,0.9924494958736753,4.361548181077426,4.494169965312992
ugdifb,direct_ctw,30,nearest,,10.0,34.0,0.8310624610742452,1.0475293551642824,4.368035280205616,4.549548019052119
ugdifb,markov_order_1,30,linear,,10.0,984.0,0.828140418801266,1.1444119267991488,4.361548181077426,4.494169965312992
ugdifb,markov_order_1,30,nearest,,10.0,34.0,0.5507325798388487,2.0357274479823007,4.368035280205616,4.549548019052119
ugdifb,markov_order_2,30,linear,,10.0,984.0,0.8248348983172815,1.1611356481730628,4.361548181077426,4.494169965312992
ugdifb,markov_order_2,30,nearest,,10.0,34.0,0.6273132906059982,1.81806444486938,4.368035280205616,4.549548019052119
ugdifb,vq_ctw,30,linear,256.0,10.0,984.0,1.0,0.0,5.905923703177196,5.905923703177196
ugdifb,vq_ctw,30,nearest,256.0,10.0,34.0,1.0,0.0,9.338580918464498,9.338580918464498
ugdifb,vq_ctw,30,linear,512.0,10.0,984.0,1.0,0.0,6.463826033130834,6.463826033130834
ugdifb,vq_ctw,30,nearest,512.0,10.0,34.0,1.0,0.0,11.073274118007529,11.073274118007529
ugdifb,vq_ctw,30,linear,1024.0,10.0,984.0,1.0,0.0,5.953022843332932,5.953022843332932
ugdifb,vq_ctw,30,nearest,1024.0,10.0,34.0,1.0,0.0,10.480171918842093,10.480171918842093
uggdye,direct_ctw,30,linear,,10.0,1007.0,0.8302459103281524,1.2210528103806846,4.3508646438507395,4.488649923315847
uggdye,direct_ctw,30,nearest,,10.0,73.0,0.8187685915994564,1.0389726558501262,4.461738501040918,4.609934032703801
uggdye,markov_order_1,30,linear,,10.0,1007.0,0.7877497810690031,1.4508419572628988,4.3508646438507395,4.488649923315847
uggdye,markov_order_1,30,nearest,,10.0,73.0,0.6586122158967448,1.6049553157385892,4.461738501040918,4.609934032703801
uggdye,markov_order_2,30,linear,,10.0,1007.0,0.7790217746800285,1.496023470344689,4.3508646438507395,4.488649923315847
uggdye,markov_order_2,30,nearest,,10.0,73.0,0.6784905454631489,1.5457110379804904,4.461738501040918,4.609934032703801
uggdye,vq_ctw,30,linear,256.0,10.0,1007.0,1.0,0.0,6.250003814696101,6.250003814696101
uggdye,vq_ctw,30,nearest,256.0,10.0,73.0,1.0,0.0,10.433836053157794,10.433836053157794
uggdye,vq_ctw,30,linear,512.0,10.0,1007.0,1.0,0.0,6.547927116396224,6.547927116396224
uggdye,vq_ctw,30,nearest,512.0,10.0,73.0,1.0,0.0,11.122950400615276,11.122950400615276
uggdye,vq_ctw,30,linear,1024.0,10.0,1007.0,1.0,0.0,6.186407098677349,6.186407098677349
uggdye,vq_ctw,30,nearest,1024.0,10.0,73.0,1.0,0.0,10.629759009166257,10.629759009166257
ugifma,direct_ctw,30,linear,,10.0,1007.0,0.7964467660052361,1.4331563860716503,4.388130379620076,4.557035468775727
ugifma,direct_ctw,30,nearest,,10.0,141.0,0.8111001079980872,1.0688595008088624,4.18202281401294,4.3494383181631315
ugifma,markov_order_1,30,linear,,10.0,1007.0,0.7419489935850542,1.7165008605344974,4.388130379620076,4.557035468775727
ugifma,markov_order_1,30,nearest,,10.0,141.0,0.5940988117394448,1.7843848665143478,4.18202281401294,4.3494383181631315
ugifma,markov_order_2,30,linear,,10.0,1007.0,0.7315827306879243,1.7677555264868776,4.388130379620076,4.557035468775727
ugifma,markov_order_2,30,nearest,,10.0,141.0,0.6391384374766126,1.6581833107369786,4.18202281401294,4.3494383181631315
ugifma,vq_ctw,30,linear,256.0,10.0,1007.0,1.0,0.0,6.724901488266845,6.724901488266845
ugifma,vq_ctw,30,nearest,256.0,10.0,141.0,1.0,0.0,8.298837682478483,8.298837682478483
ugifma,vq_ctw,30,linear,512.0,10.0,1007.0,1.0,0.0,6.515317191484962,6.515317191484962
ugifma,vq_ctw,30,nearest,512.0,10.0,141.0,1.0,0.0,7.2281592384458575,7.2281592384458575
ugifma,vq_ctw,30,linear,1024.0,10.0,1007.0,1.0,0.0,6.193584696683871,6.193584696683871
ugifma,vq_ctw,30,nearest,1024.0,10.0,141.0,1.0,0.0,6.405312630540531,6.405312630540531
ugthfu,direct_ctw,30,linear,,10.0,990.0,0.8581752554157105,1.014472009873332,4.677681677649593,4.818679317490042
ugthfu,direct_ctw,30,nearest,,10.0,111.0,0.822945938453372,1.0268750976206813,4.296552975629071,4.456661886645708
ugthfu,markov_order_1,30,linear,,10.0,990.0,0.8180503193864757,1.2301727361305068,4.677681677649593,4.818679317490042
ugthfu,markov_order_1,30,nearest,,10.0,111.0,0.6651535180424443,1.5862948934906755,4.296552975629071,4.456661886645708
ugthfu,markov_order_2,30,linear,,10.0,990.0,0.821628918404979,1.2116138264264391,4.677681677649593,4.818679317490042
ugthfu,markov_order_2,30,nearest,,10.0,111.0,0.6816974324091931,1.5368666550346224,4.296552975629071,4.456661886645708
ugthfu,vq_ctw,30,linear,256.0,10.0,990.0,1.0,0.0,5.551737145324191,5.551737145324191
ugthfu,vq_ctw,30,nearest,256.0,10.0,111.0,1.0,0.0,8.12139736623904,8.12139736623904
ugthfu,vq_ctw,30,linear,512.0,10.0,990.0,1.0,0.0,5.9177864474679795,5.9177864474679795
ugthfu,vq_ctw,30,nearest,512.0,10.0,111.0,1.0,0.0,8.110517778545107,8.110517778545107
ugthfu,vq_ctw,30,linear,1024.0,10.0,990.0,1.0,0.0,5.493472484831155,5.493472484831155
ugthfu,vq_ctw,30,nearest,1024.0,10.0,111.0,1.0,0.0,7.400034943416571,7.400034943416571
ujhuki,direct_ctw,30,linear,,10.0,1007.0,0.8373316117788437,1.2913286938231652,4.491829471349113,4.633975351875397
ujhuki,direct_ctw,30,nearest,,10.0,147.0,0.829774699846358,1.0087282550988803,4.259547874915471,4.438781512729655
ujhuki,markov_order_1,30,linear,,10.0,1007.0,0.7929107661760608,1.564238887141782,4.491829471349113,4.633975351875397
ujhuki,markov_order_1,30,nearest,,10.0,147.0,0.6503255133958359,1.6509175312144013,4.259547874915471,4.438781512729655
ujhuki,markov_order_2,30,linear,,10.0,1007.0,0.7742224409588716,1.6736879424440092,4.491829471349113,4.633975351875397
ujhuki,markov_order_2,30,nearest,,10.0,147.0,0.6832201397011105,1.5531219679350519,4.259547874915471,4.438781512729655
ujhuki,vq_ctw,30,linear,256.0,10.0,1007.0,1.0,0.0,6.920400828497405,6.920400828497405
ujhuki,vq_ctw,30,nearest,256.0,10.0,147.0,1.0,0.0,8.652751374126066,8.652751374126066
ujhuki,vq_ctw,30,linear,512.0,10.0,1007.0,1.0,0.0,6.887556876485997,6.887556876485997
ujhuki,vq_ctw,30,nearest,512.0,10.0,147.0,1.0,0.0,9.969441994022137,9.969441994022137
ujhuki,vq_ctw,30,linear,1024.0,10.0,1007.0,1.0,0.0,6.584813919247832,6.584813919247832
ujhuki,vq_ctw,30,nearest,1024.0,10.0,147.0,1.0,0.0,9.420601092577446,9.420601092577446
ujkiwe,direct_ctw,30,linear,,10.0,999.0,0.8236485816590069,1.2821055769576541,4.3156552673106185,4.4750045863358245
ujkiwe,direct_ctw,30,nearest,,10.0,32.0,0.8516108563628466,0.902572699173214,4.574201103291921,4.738095707783347
ujkiwe,markov_order_1,30,linear,,10.0,999.0,0.7825615772156913,1.5076758328365911,4.3156552673106185,4.4750045863358245
ujkiwe,markov_order_1,30,nearest,,10.0,32.0,0.7665895106323786,1.2507303179378224,4.574201103291921,4.738095707783347
ujkiwe,markov_order_2,30,linear,,10.0,999.0,0.7717951353983175,1.5643279537587853,4.3156552673106185,4.4750045863358245
ujkiwe,markov_order_2,30,nearest,,10.0,32.0,0.7542733300937843,1.2958878719249107,4.574201103291921,4.738095707783347
ujkiwe,vq_ctw,30,linear,256.0,10.0,999.0,1.0,0.0,6.4267806461556365,6.4267806461556365
ujkiwe,vq_ctw,30,nearest,256.0,10.0,32.0,1.0,0.0,7.4122275844390595,7.4122275844390595
ujkiwe,vq_ctw,30,linear,512.0,10.0,999.0,1.0,0.0,6.458019100256065,6.458019100256065
ujkiwe,vq_ctw,30,nearest,512.0,10.0,32.0,1.0,0.0,7.215191116603988,7.215191116603988
ujkiwe,vq_ctw,30,linear,1024.0,10.0,999.0,1.0,0.0,6.280425639170055,6.280425639170055
ujkiwe,vq_ctw,30,nearest,1024.0,10.0,32.0,1.0,0.0,6.5681564839652395,6.5681564839652395
ujnaww,direct_ctw,30,linear,,10.0,1007.0,0.8322547325508542,1.2097585398827215,4.432191524141075,4.5995690145695045
ujnaww,direct_ctw,30,nearest,,10.0,185.0,0.8158922706727492,0.9834839463454728,4.328384188033411,4.50811977690644
ujnaww,markov_order_1,30,linear,,10.0,1007.0,0.7819847504719108,1.480757794253446,4.432191524141075,4.5995690145695045
ujnaww,markov_order_1,30,nearest,,10.0,185.0,0.7102096744012791,1.401932933984442,4.328384188033411,4.50811977690644
ujnaww,markov_order_2,30,linear,,10.0,1007.0,0.7825939262105553,1.4776100500110936,4.432191524141075,4.5995690145695045
ujnaww,markov_order_2,30,nearest,,10.0,185.0,0.7134190052019795,1.3816208175959934,4.328384188033411,4.50811977690644
ujnaww,vq_ctw,30,linear,256.0,10.0,1007.0,1.0,0.0,6.697609710976637,6.697609710976637
ujnaww,vq_ctw,30,nearest,256.0,10.0,185.0,1.0,0.0,8.135295113458563,8.135295113458563
ujnaww,vq_ctw,30,linear,512.0,10.0,1007.0,1.0,0.0,6.838609445724587,6.838609445724587
ujnaww,vq_ctw,30,nearest,512.0,10.0,185.0,1.0,0.0,6.932128759008912,6.932128759008912
ujnaww,vq_ctw,30,linear,1024.0,10.0,1007.0,1.0,0.0,6.591667117501817,6.591667117501817
ujnaww,vq_ctw,30,nearest,1024.0,10.0,185.0,1.0,0.0,6.363331529816881,6.363331529816881
ujtosh,direct_ctw,30,linear,,10.0,690.0,0.8298446249093783,1.1685262131057443,4.455304593240345,4.576000943311167
ujtosh,direct_ctw,30,nearest,,10.0,78.0,0.8200170364499092,0.9651765755050232,4.430896130742478,4.563738302053965
ujtosh,markov_order_1,30,linear,,10.0,690.0,0.7803036144463327,1.4187018810182999,4.455304593240345,4.576000943311167
ujtosh,markov_order_1,30,nearest,,10.0,78.0,0.7243137826290845,1.2831254906041358,4.430896130742478,4.563738302053965
ujtosh,markov_order_2,30,linear,,10.0,690.0,0.7802532478230059,1.4189450668227122,4.455304593240345,4.576000943311167
ujtosh,markov_order_2,30,nearest,,10.0,78.0,0.7268090734629868,1.2765014183068815,4.430896130742478,4.563738302053965
ujtosh,vq_ctw,30,linear,256.0,10.0,690.0,1.0,0.0,5.524919065685311,5.524919065685311
ujtosh,vq_ctw,30,nearest,256.0,10.0,78.0,1.0,0.0,7.684730627773588,7.684730627773588
ujtosh,vq_ctw,30,linear,512.0,10.0,690.0,1.0,0.0,5.778804468009194,5.778804468009194
ujtosh,vq_ctw,30,nearest,512.0,10.0,78.0,1.0,0.0,6.287780178524894,6.287780178524894
ujtosh,vq_ctw,30,linear,1024.0,10.0,690.0,1.0,0.0,5.3598640263270125,5.3598640263270125
ujtosh,vq_ctw,30,nearest,1024.0,10.0,78.0,1.0,0.0,5.583368428820725,5.583368428820725
ujtrud,direct_ctw,30,linear,,10.0,1007.0,0.8208518253516508,1.2979608788445576,4.42404900491689,4.565962539481404
ujtrud,direct_ctw,30,nearest,,10.0,372.0,0.8369108177166328,0.9750842612747662,4.188927421572268,4.35853305507128
ujtrud,markov_order_1,30,linear,,10.0,1007.0,0.7753972714121068,1.5454811167510791,4.42404900491689,4.565962539481404
ujtrud,markov_order_1,30,nearest,,10.0,372.0,0.6713664401076644,1.6076937489040266,4.188927421572268,4.35853305507128
ujtrud,markov_order_2,30,linear,,10.0,1007.0,0.7623956015153663,1.6130098988323203,4.42404900491689,4.565962539481404
ujtrud,markov_order_2,30,nearest,,10.0,372.0,0.6949773815946988,1.5320540109595282,4.188927421572268,4.35853305507128
ujtrud,vq_ctw,30,linear,256.0,10.0,1007.0,1.0,0.0,6.72656802045394,6.72656802045394
ujtrud,vq_ctw,30,nearest,256.0,10.0,372.0,1.0,0.0,8.511797677822459,8.511797677822459
ujtrud,vq_ctw,30,linear,512.0,10.0,1007.0,1.0,0.0,6.701082242912724,6.701082242912724
ujtrud,vq_ctw,30,nearest,512.0,10.0,372.0,1.0,0.0,9.068025277894922,9.068025277894922
ujtrud,vq_ctw,30,linear,1024.0,10.0,1007.0,1.0,0.0,6.492758926601677,6.492758926601677
ujtrud,vq_ctw,30,nearest,1024.0,10.0,372.0,1.0,0.0,8.448178252143974,8.448178252143974
ukgoaf,direct_ctw,30,linear,,10.0,1006.0,0.8357839424563841,1.3155280026222793,4.321093887479273,4.468947109981931
ukgoaf,direct_ctw,30,nearest,,10.0,121.0,0.8253019065897532,1.0432150958992572,3.8856808317880964,4.0820705768505325
ukgoaf,markov_order_1,30,linear,,10.0,1006.0,0.788011473544763,1.6117618062323786,4.321093887479273,4.468947109981931
ukgoaf,markov_order_1,30,nearest,,10.0,121.0,0.6508894570848064,1.6818038565397093,3.8856808317880964,4.0820705768505325
ukgoaf,markov_order_2,30,linear,,10.0,1006.0,0.7677859342360636,1.731017360347571,4.321093887479273,4.468947109981931
ukgoaf,markov_order_2,30,nearest,,10.0,121.0,0.6401231058991659,1.7142551395054286,3.8856808317880964,4.0820705768505325
ukgoaf,vq_ctw,30,linear,256.0,10.0,1006.0,1.0,0.0,8.033510238894506,8.033510238894506
ukgoaf,vq_ctw,30,nearest,256.0,10.0,121.0,1.0,0.0,11.835297293605969,11.835297293605969
ukgoaf,vq_ctw,30,linear,512.0,10.0,1006.0,1.0,0.0,7.701968882003324,7.701968882003324
ukgoaf,vq_ctw,30,nearest,512.0,10.0,121.0,1.0,0.0,12.266979171824579,12.266979171824579
ukgoaf,vq_ctw,30,linear,1024.0,10.0,1006.0,1.0,0.0,7.860039836452569,7.860039836452569
ukgoaf,vq_ctw,30,nearest,1024.0,10.0,121.0,1.0,0.0,11.53674304873723,11.53674304873723
uklsdr,direct_ctw,30,linear,,10.0,1007.0,0.8269083470798079,1.3722342392436149,4.521440691971542,4.671826759789509
uklsdr,direct_ctw,30,nearest,,10.0,101.0,0.8255334624162322,1.0043518760741013,4.272141603660669,4.420257587414877
uklsdr,markov_order_1,30,linear,,10.0,1007.0,0.7791693112516315,1.6643186525878975,4.521440691971542,4.671826759789509
uklsdr,markov_order_1,30,nearest,,10.0,101.0,0.6540822760731423,1.612768583002314,4.272141603660669,4.420257587414877
uklsdr,markov_order_2,30,linear,,10.0,1007.0,0.7543963502097909,1.8081312147525974,4.521440691971542,4.671826759789509
uklsdr,markov_order_2,30,nearest,,10.0,101.0,0.6729139319489627,1.5540134525508353,4.272141603660669,4.420257587414877
uklsdr,vq_ctw,30,linear,256.0,10.0,1007.0,1.0,0.0,7.336398157965883,7.336398157965883
uklsdr,vq_ctw,30,nearest,256.0,10.0,101.0,1.0,0.0,8.176452473662062,8.176452473662062
uklsdr,vq_ctw,30,linear,512.0,10.0,1007.0,1.0,0.0,7.450121084291753,7.450121084291753
uklsdr,vq_ctw,30,nearest,512.0,10.0,101.0,1.0,0.0,7.625021420447048,7.625021420447048
uklsdr,vq_ctw,30,linear,1024.0,10.0,1007.0,1.0,0.0,7.099562779920387,7.099562779920387
uklsdr,vq_ctw,30,nearest,1024.0,10.0,101.0,1.0,0.0,7.239914342574182,7.239914342574182
uljior,direct_ctw,30,linear,,10.0,1007.0,0.865444994850983,1.016781316780492,4.895452740249284,5.0426227436982956
uljior,direct_ctw,30,nearest,,10.0,88.0,0.8336695323120057,0.9345669486877841,4.310567973018489,4.429949194046741
uljior,markov_order_1,30,linear,,10.0,1007.0,0.8224183727864247,1.2646712613470459,4.895452740249284,5.0426227436982956
uljior,markov_order_1,30,nearest,,10.0,88.0,0.7046848574532759,1.3616865717225222,4.310567973018489,4.429949194046741
uljior,markov_order_2,30,linear,,10.0,1007.0,0.8233411393296493,1.2595610888714908,4.895452740249284,5.0426227436982956
uljior,markov_order_2,30,nearest,,10.0,88.0,0.7542608806816009,1.2340045989959707,4.310567973018489,4.429949194046741
uljior,vq_ctw,30,linear,256.0,10.0,1007.0,1.0,0.0,5.764831736508564,5.764831736508564
uljior,vq_ctw,30,nearest,256.0,10.0,88.0,1.0,0.0,8.400497605429603,8.400497605429603
uljior,vq_ctw,30,linear,512.0,10.0,1007.0,1.0,0.0,5.843560047428339,5.843560047428339
uljior,vq_ctw,30,nearest,512.0,10.0,88.0,1.0,0.0,7.755293736333123,7.755293736333123
uljior,vq_ctw,30,linear,1024.0,10.0,1007.0,1.0,0.0,5.534925888102928,5.534925888102928
uljior,vq_ctw,30,nearest,1024.0,10.0,88.0,1.0,0.0,6.951621292382767,6.951621292382767
umhenw,direct_ctw,30,linear,,10.0,1007.0,0.8281640099296768,1.2977562854963125,4.146692404512623,4.338601724118946
umhenw,direct_ctw,30,nearest,,10.0,33.0,0.8519139099509867,0.9878269367894651,4.500129168609749,4.65115884747716
umhenw,markov_order_1,30,linear,,10.0,1007.0,0.7788314982020773,1.580716128904693,4.146692404512623,4.338601724118946
umhenw,markov_order_1,30,nearest,,10.0,33.0,0.6131342149453768,1.9627806620284838,4.500129168609749,4.65115884747716
umhenw,markov_order_2,30,linear,,10.0,1007.0,0.7660927728569866,1.6503201343923117,4.146692404512623,4.338601724118946
umhenw,markov_order_2,30,nearest,,10.0,33.0,0.6118910326620188,1.966815476113807,4.500129168609749,4.65115884747716
umhenw,vq_ctw,30,linear,256.0,10.0,1007.0,1.0,0.0,7.837832007912585,7.837832007912585
umhenw,vq_ctw,30,nearest,256.0,10.0,33.0,1.0,0.0,9.585120442210304,9.585120442210304
umhenw,vq_ctw,30,linear,512.0,10.0,1007.0,1.0,0.0,7.041276564504802,7.041276564504802
umhenw,vq_ctw,30,nearest,512.0,10.0,33.0,1.0,0.0,9.648162899665703,9.648162899665703
umhenw,vq_ctw,30,linear,1024.0,10.0,1007.0,1.0,0.0,7.275920669397916,7.275920669397916
umhenw,vq_ctw,30,nearest,1024.0,10.0,33.0,1.0,0.0,8.942955739430147,8.942955739430147
umsmth,direct_ctw,30,linear,,10.0,1007.0,0.8018259906378592,1.3765808563910806,4.5611660519109085,4.703714385566966
umsmth,direct_ctw,30,nearest,,10.0,273.0,0.8061775959609051,1.1328513698745715,4.461060919038793,4.608919657254873
umsmth,markov_order_1,30,linear,,10.0,1007.0,0.7526272502431716,1.628841901314966,4.5611660519109085,4.703714385566966
umsmth,markov_order_1,30,nearest,,10.0,273.0,0.6070574229199774,1.826367055643364,4.461060919038793,4.608919657254873
umsmth,markov_order_2,30,linear,,10.0,1007.0,0.7442973978463331,1.6696177096378053,4.5611660519109085,4.703714385566966
umsmth,markov_order_2,30,nearest,,10.0,273.0,0.6483116035029862,1.706250744518384,4.461060919038793,4.608919657254873
umsmth,vq_ctw,30,linear,256.0,10.0,1007.0,1.0,0.0,5.929949879024391,5.929949879024391
umsmth,vq_ctw,30,nearest,256.0,10.0,273.0,1.0,0.0,7.731373420121205,7.731373420121205
umsmth,vq_ctw,30,linear,512.0,10.0,1007.0,1.0,0.0,6.307252676413048,6.307252676413048
umsmth,vq_ctw,30,nearest,512.0,10.0,273.0,1.0,0.0,7.848666865222765,7.848666865222765
umsmth,vq_ctw,30,linear,1024.0,10.0,1007.0,1.0,0.0,5.8614254224888365,5.8614254224888365
umsmth,vq_ctw,30,nearest,1024.0,10.0,273.0,1.0,0.0,7.3096671048724,7.3096671048724
umvohu,direct_ctw,30,linear,,10.0,1007.0,0.8056172199133724,1.3562760041910507,4.493758453212955,4.622551373725763
umvohu,direct_ctw,30,nearest,,10.0,265.0,0.8202245444043084,0.9984763729124607,4.23090802432939,4.375273884041996
umvohu,markov_order_1,30,linear,,10.0,1007.0,0.7612837925548096,1.585896927618388,4.493758453212955,4.622551373725763
umvohu,markov_order_1,30,nearest,,10.0,265.0,0.6554641044388033,1.5390480493972902,4.23090802432939,4.375273884041996
umvohu,markov_order_2,30,linear,,10.0,1007.0,0.74913906332172,1.645981820850019,4.493758453212955,4.622551373725763
umvohu,markov_order_2,30,nearest,,10.0,265.0,0.6731656153096413,1.4962641566346202,4.23090802432939,4.375273884041996
umvohu,vq_ctw,30,linear,256.0,10.0,1007.0,1.0,0.0,6.124308332977124,6.124308332977124
umvohu,vq_ctw,30,nearest,256.0,10.0,265.0,1.0,0.0,7.737427336948148,7.737427336948148
umvohu,vq_ctw,30,linear,512.0,10.0,1007.0,1.0,0.0,6.1036147452889,6.1036147452889
umvohu,vq_ctw,30,nearest,512.0,10.0,265.0,1.0,0.0,7.644955156083648,7.644955156083648
umvohu,vq_ctw,30,linear,1024.0,10.0,1007.0,1.0,0.0,5.878529584103686,5.878529584103686
umvohu,vq_ctw,30,nearest,1024.0,10.0,265.0,1.0,0.0,6.889853444132755,6.889853444132755
unquek,direct_ctw,30,linear,,10.0,1007.0,0.8306591317516658,1.3009355293404472,4.455127734239337,4.600024656725532
unquek,direct_ctw,30,nearest,,10.0,69.0,0.8185142145875505,1.0693050860405164,4.050002847985621,4.233691137238523
unquek,markov_order_1,30,linear,,10.0,1007.0,0.7760857001407138,1.6197719753962656,4.455127734239337,4.600024656725532
unquek,markov_order_1,30,nearest,,10.0,69.0,0.6414706729015583,1.702337353628979,4.050002847985621,4.233691137238523
unquek,markov_order_2,30,linear,,10.0,1007.0,0.7636485607066973,1.6887938364450807,4.455127734239337,4.600024656725532
unquek,markov_order_2,30,nearest,,10.0,69.0,0.6359340803234387,1.7178404419378654,4.050002847985621,4.233691137238523
unquek,vq_ctw,30,linear,256.0,10.0,1007.0,1.0,0.0,7.173490969708515,7.173490969708515
unquek,vq_ctw,30,nearest,256.0,10.0,69.0,1.0,0.0,10.134739426000811,10.134739426000811
unquek,vq_ctw,30,linear,512.0,10.0,1007.0,1.0,0.0,7.033397982249008,7.033397982249008
unquek,vq_ctw,30,nearest,512.0,10.0,69.0,1.0,0.0,11.792568519040513,11.792568519040513
unquek,vq_ctw,30,linear,1024.0,10.0,1007.0,1.0,0.0,7.000749982098454,7.000749982098454
unquek,vq_ctw,30,nearest,1024.0,10.0,69.0,1.0,0.0,11.230485850760607,11.230485850760607
unwrai,direct_ctw,30,linear,,10.0,254.0,0.7955155419179847,1.3442602214308006,4.055841724481994,4.266860470606674
unwrai,markov_order_1,30,linear,,10.0,254.0,0.6545650203476362,1.9662298333256312,4.055841724481994,4.266860470606674
unwrai,markov_order_2,30,linear,,10.0,254.0,0.6667106536912192,1.9181198797003105,4.055841724481994,4.266860470606674
unwrai,vq_ctw,30,linear,256.0,10.0,254.0,1.0,0.0,10.37233391942113,10.37233391942113
unwrai,vq_ctw,30,linear,512.0,10.0,254.0,1.0,0.0,8.974455955613648,8.974455955613648
unwrai,vq_ctw,30,linear,1024.0,10.0,254.0,1.0,0.0,9.551519197690016,9.551519197690016
upchim,direct_ctw,30,linear,,10.0,1007.0,0.7998702769685593,1.2840226281284224,4.527218213180251,4.6589166324063935
upchim,direct_ctw,30,nearest,,10.0,154.0,0.8234988845089881,0.9721884981714258,4.306924705619237,4.429842359261178
upchim,markov_order_1,30,linear,,10.0,1007.0,0.7577091814595709,1.47902544342877,4.527218213180251,4.6589166324063935
upchim,markov_order_1,30,nearest,,10.0,154.0,0.7165677139705837,1.3457545582147832,4.306924705619237,4.429842359261178
upchim,markov_order_2,30,linear,,10.0,1007.0,0.7606120963168241,1.4660677117733578,4.527218213180251,4.6589166324063935
upchim,markov_order_2,30,nearest,,10.0,154.0,0.7074007109852666,1.372713013238713,4.306924705619237,4.429842359261178
upchim,vq_ctw,30,linear,256.0,10.0,1007.0,1.0,0.0,6.29656397616972,6.29656397616972
upchim,vq_ctw,30,nearest,256.0,10.0,154.0,1.0,0.0,7.820540505644695,7.820540505644695
upchim,vq_ctw,30,linear,512.0,10.0,1007.0,1.0,0.0,6.530405993889676,6.530405993889676
upchim,vq_ctw,30,nearest,512.0,10.0,154.0,1.0,0.0,7.058267317427697,7.058267317427697
upchim,vq_ctw,30,linear,1024.0,10.0,1007.0,1.0,0.0,6.257845722543678,6.257845722543678
upchim,vq_ctw,30,nearest,1024.0,10.0,154.0,1.0,0.0,6.437153416371363,6.437153416371363
upsjav,direct_ctw,30,linear,,10.0,1007.0,0.8575701523215808,1.0420590952335211,4.653775545152393,4.7799092035162705
upsjav,direct_ctw,30,nearest,,10.0,183.0,0.8551068011293009,0.874116558897169,4.403413431909434,4.551310858243566
upsjav,markov_order_1,30,linear,,10.0,1007.0,0.8279144116670786,1.2079519655391315,4.653775545152393,4.7799092035162705
upsjav,markov_order_1,30,nearest,,10.0,183.0,0.732863023147174,1.3444348521983056,4.403413431909434,4.551310858243566
upsjav,markov_order_2,30,linear,,10.0,1007.0,0.8265959524426596,1.2151106959337767,4.653775545152393,4.7799092035162705
upsjav,markov_order_2,30,nearest,,10.0,183.0,0.7229661138245416,1.3788378564614567,4.403413431909434,4.551310858243566
upsjav,vq_ctw,30,linear,256.0,10.0,1007.0,1.0,0.0,5.723423824976091,5.723423824976091
upsjav,vq_ctw,30,nearest,256.0,10.0,183.0,1.0,0.0,8.188995545639568,8.188995545639568
upsjav,vq_ctw,30,linear,512.0,10.0,1007.0,1.0,0.0,6.42221531581159,6.42221531581159
upsjav,vq_ctw,30,nearest,512.0,10.0,183.0,1.0,0.0,7.200561695279353,7.200561695279353
upsjav,vq_ctw,30,linear,1024.0,10.0,1007.0,1.0,0.0,5.880308015810201,5.880308015810201
upsjav,vq_ctw,30,nearest,1024.0,10.0,183.0,1.0,0.0,6.5837186905677365,6.5837186905677365
upthin,direct_ctw,30,linear,,10.0,1001.0,0.8777231988198486,0.879144620807335,4.5927800411992505,4.702837736712727
upthin,markov_order_1,30,linear,,10.0,1001.0,0.849787654121638,1.0320708139885306,4.5927800411992505,4.702837736712727
upthin,markov_order_2,30,linear,,10.0,1001.0,0.8489723550730857,1.036394225188505,4.5927800411992505,4.702837736712727
upthin,vq_ctw,30,linear,256.0,10.0,1001.0,1.0,0.0,5.223052461327446,5.223052461327446
upthin,vq_ctw,30,linear,512.0,10.0,1001.0,1.0,0.0,5.951963176144238,5.951963176144238
upthin,vq_ctw,30,linear,1024.0,10.0,1001.0,1.0,0.0,5.183660016646032,5.183660016646032
urfhod,direct_ctw,30,linear,,10.0,931.0,0.7654825662024598,1.5971004874462458,4.375729494991223,4.550816020631037
urfhod,direct_ctw,30,nearest,,10.0,195.0,0.8113329795941168,1.1057561990430156,4.014876788602083,4.2469072500402785
urfhod,markov_order_1,30,linear,,10.0,931.0,0.6911191679533474,1.9604294611822006,4.375729494991223,4.550816020631037
urfhod,markov_order_1,30,nearest,,10.0,195.0,0.5907007821156166,1.8733577025440322,4.014876788602083,4.2469072500402785
urfhod,markov_order_2,30,linear,,10.0,931.0,0.6796232904303952,2.0131119639469133,4.375729494991223,4.550816020631037
urfhod,markov_order_2,30,nearest,,10.0,195.0,0.6273160789496679,1.7787026009206102,4.014876788602083,4.2469072500402785
urfhod,vq_ctw,30,linear,256.0,10.0,931.0,1.0,0.0,7.833576382931352,7.833576382931352
urfhod,vq_ctw,30,nearest,256.0,10.0,195.0,1.0,0.0,9.12445211628008,9.12445211628008
urfhod,vq_ctw,30,linear,512.0,10.0,931.0,1.0,0.0,7.186894598633181,7.186894598633181
urfhod,vq_ctw,30,nearest,512.0,10.0,195.0,1.0,0.0,9.80168071683777,9.80168071683777
urfhod,vq_ctw,30,linear,1024.0,10.0,931.0,1.0,0.0,7.380854836528399,7.380854836528399
urfhod,vq_ctw,30,nearest,1024.0,10.0,195.0,1.0,0.0,8.995909452842964,8.995909452842964
usadri,direct_ctw,30,linear,,10.0,1005.0,0.8800037338507212,0.9444690096209385,4.458001135309798,4.592905388877249
usadri,markov_order_1,30,linear,,10.0,1005.0,0.8462271812888854,1.1511683532621972,4.458001135309798,4.592905388877249
usadri,markov_order_2,30,linear,,10.0,1005.0,0.8414300063152489,1.1794395734617995,4.458001135309798,4.592905388877249
usadri,vq_ctw,30,linear,256.0,10.0,1005.0,1.0,0.0,6.194329759888483,6.194329759888483
usadri,vq_ctw,30,linear,512.0,10.0,1005.0,1.0,0.0,6.11472262126923,6.11472262126923
usadri,vq_ctw,30,linear,1024.0,10.0,1005.0,1.0,0.0,6.111282168026907,6.111282168026907
usbekh,direct_ctw,30,linear,,10.0,1007.0,0.8024139578913809,1.469354017774039,4.461238126266325,4.6053474975652
usbekh,direct_ctw,30,nearest,,10.0,295.0,0.8107025082089635,1.0730485012579989,4.314909029191327,4.4557110487546865
usbekh,markov_order_1,30,linear,,10.0,1007.0,0.7456373281015293,1.786568824627411,4.461238126266325,4.6053474975652
usbekh,markov_order_1,30,nearest,,10.0,295.0,0.6236367214401543,1.701405182894368,4.314909029191327,4.4557110487546865
usbekh,markov_order_2,30,linear,,10.0,1007.0,0.7285935974500692,1.8768160068403066,4.461238126266325,4.6053474975652
usbekh,markov_order_2,30,nearest,,10.0,295.0,0.6454050241970564,1.6438275448117454,4.314909029191327,4.4557110487546865
usbekh,vq_ctw,30,linear,256.0,10.0,1007.0,1.0,0.0,6.779575255362228,6.779575255362228
usbekh,vq_ctw,30,nearest,256.0,10.0,295.0,1.0,0.0,8.085028117054062,8.085028117054062
usbekh,vq_ctw,30,linear,512.0,10.0,1007.0,1.0,0.0,6.809681851955941,6.809681851955941
usbekh,vq_ctw,30,nearest,512.0,10.0,295.0,1.0,0.0,7.522191456442967,7.522191456442967
usbekh,vq_ctw,30,linear,1024.0,10.0,1007.0,1.0,0.0,6.335339848450828,6.335339848450828
usbekh,vq_ctw,30,nearest,1024.0,10.0,295.0,1.0,0.0,6.976867870442754,6.976867870442754
ushfeo,direct_ctw,30,linear,,10.0,1007.0,0.8025738798017616,1.447313827484271,4.2409815174175485,4.407356448727965
ushfeo,markov_order_1,30,linear,,10.0,1007.0,0.746188166638111,1.7564794142952527,4.2409815174175485,4.407356448727965
ushfeo,markov_order_2,30,linear,,10.0,1007.0,0.7309438708466515,1.8357329647008953,4.2409815174175485,4.407356448727965
ushfeo,vq_ctw,30,linear,256.0,10.0,1007.0,1.0,0.0,7.770989574126428,7.770989574126428
ushfeo,vq_ctw,30,linear,512.0,10.0,1007.0,1.0,0.0,7.553689237833448,7.553689237833448
ushfeo,vq_ctw,30,linear,1024.0,10.0,1007.0,1.0,0.0,7.674458707677113,7.674458707677113
uthiss,direct_ctw,30,linear,,10.0,1004.0,0.8127354415767625,1.4765930902667148,4.022243181999423,4.212010336920913
uthiss,markov_order_1,30,linear,,10.0,1004.0,0.7370868942812,1.9274384815621923,4.022243181999423,4.212010336920913
uthiss,markov_order_2,30,linear,,10.0,1004.0,0.7146020937357463,2.05278984859249,4.022243181999423,4.212010336920913
uthiss,vq_ctw,30,linear,256.0,10.0,1004.0,1.0,0.0,10.902976454742179,10.902976454742179
uthiss,vq_ctw,30,linear,512.0,10.0,1004.0,1.0,0.0,9.502467487523461,9.502467487523461
uthiss,vq_ctw,30,linear,1024.0,10.0,1004.0,1.0,0.0,10.233309158851657,10.233309158851657
uthomo,direct_ctw,30,linear,,10.0,1007.0,0.8226770691101506,1.2061542482744452,4.522055503446668,4.644277118975532
uthomo,direct_ctw,30,nearest,,10.0,182.0,0.8198153993721212,1.0764029353321707,4.280686180556567,4.416120043095471
uthomo,markov_order_1,30,linear,,10.0,1007.0,0.7852630511619033,1.3946510571292274,4.522055503446668,4.644277118975532
uthomo,markov_order_1,30,nearest,,10.0,182.0,0.6438045830553806,1.7194958840679684,4.280686180556567,4.416120043095471
uthomo,markov_order_2,30,linear,,10.0,1007.0,0.7803364860004727,1.418543155266968,4.522055503446668,4.644277118975532
uthomo,markov_order_2,30,nearest,,10.0,182.0,0.6252385576788496,1.7774863609610052,4.280686180556567,4.416120043095471
uthomo,vq_ctw,30,linear,256.0,10.0,1007.0,1.0,0.0,5.407736336900007,5.407736336900007
uthomo,vq_ctw,30,nearest,256.0,10.0,182.0,1.0,0.0,8.289428492368172,8.289428492368172
uthomo,vq_ctw,30,linear,512.0,10.0,1007.0,1.0,0.0,5.731058299728434,5.731058299728434
uthomo,vq_ctw,30,nearest,512.0,10.0,182.0,1.0,0.0,8.884948386160566,8.884948386160566
uthomo,vq_ctw,30,linear,1024.0,10.0,1007.0,1.0,0.0,5.387456211345825,5.387456211345825
uthomo,vq_ctw,30,nearest,1024.0,10.0,182.0,1.0,0.0,8.427371742481105,8.427371742481105
uthsyi,direct_ctw,30,linear,,10.0,977.0,0.8446198671001568,1.1981167225479807,3.8264891826894623,4.030421550606915
uthsyi,markov_order_1,30,linear,,10.0,977.0,0.7777554262132883,1.586647549647193,3.8264891826894623,4.030421550606915
uthsyi,markov_order_2,30,linear,,10.0,977.0,0.7655759610928872,1.6531160566068774,3.8264891826894623,4.030421550606915
uthsyi,vq_ctw,30,linear,256.0,10.0,977.0,1.0,0.0,11.74056908373581,11.74056908373581
uthsyi,vq_ctw,30,linear,512.0,10.0,977.0,1.0,0.0,10.111745305893345,10.111745305893345
uthsyi,vq_ctw,30,linear,1024.0,10.0,977.0,1.0,0.0,10.769037157194221,10.769037157194221
utjanr,direct_ctw,30,linear,,10.0,1007.0,0.8219935412337618,1.3534302090308203,4.457184557884915,4.611501936438132
utjanr,markov_order_1,30,linear,,10.0,1007.0,0.7697244340082824,1.655232177453822,4.457184557884915,4.611501936438132
utjanr,markov_order_2,30,linear,,10.0,1007.0,0.7570829913014993,1.7247288733733497,4.457184557884915,4.611501936438132
utjanr,vq_ctw,30,linear,256.0,10.0,1007.0,1.0,0.0,6.450842594586385,6.450842594586385
utjanr,vq_ctw,30,linear,512.0,10.0,1007.0,1.0,0.0,6.4353118529407665,6.4353118529407665
utjanr,vq_ctw,30,linear,1024.0,10.0,1007.0,1.0,0.0,6.215366248052271,6.215366248052271
utkibe,direct_ctw,30,linear,,10.0,1006.0,0.8651604545586424,1.1217144558352854,3.821412086464758,4.01016375702876
utkibe,markov_order_1,30,linear,,10.0,1006.0,0.8131899308348796,1.4583296872649485,3.821412086464758,4.01016375702876
utkibe,markov_order_2,30,linear,,10.0,1006.0,0.7968716747412574,1.5584202767433308,3.821412086464758,4.01016375702876
utkibe,vq_ctw,30,linear,256.0,10.0,1006.0,1.0,0.0,10.187132612285488,10.187132612285488
utkibe,vq_ctw,30,linear,512.0,10.0,1006.0,1.0,0.0,9.084901089652082,9.084901089652082
utkibe,vq_ctw,30,linear,1024.0,10.0,1006.0,1.0,0.0,9.608622575780698,9.608622575780698
utlurv,direct_ctw,30,linear,,10.0,1007.0,0.8290146486536073,1.227954931803581,4.390274605598231,4.543630965105933
utlurv,direct_ctw,30,nearest,,10.0,38.0,0.8461045309661485,0.9272944065670787,3.8094861416491583,3.9447389100847166
utlurv,markov_order_1,30,linear,,10.0,1007.0,0.793915699264611,1.4185282776274748,4.390274605598231,4.543630965105933
utlurv,markov_order_1,30,nearest,,10.0,38.0,0.7022240566434951,1.4741071009302065,3.8094861416491583,3.9447389100847166
utlurv,markov_order_2,30,linear,,10.0,1007.0,0.7829352504335273,1.4758449780204839,4.390274605598231,4.543630965105933
utlurv,markov_order_2,30,nearest,,10.0,38.0,0.696885113953219,1.4912950219131413,3.8094861416491583,3.9447389100847166
utlurv,vq_ctw,30,linear,256.0,10.0,1007.0,1.0,0.0,5.756170931675857,5.756170931675857
utlurv,vq_ctw,30,nearest,256.0,10.0,38.0,1.0,0.0,8.224373681127524,8.224373681127524
utlurv,vq_ctw,30,linear,512.0,10.0,1007.0,1.0,0.0,6.098221580989315,6.098221580989315
utlurv,vq_ctw,30,nearest,512.0,10.0,38.0,1.0,0.0,8.540994842594735,8.540994842594735
utlurv,vq_ctw,30,linear,1024.0,10.0,1007.0,1.0,0.0,5.6717902773579905,5.6717902773579905
utlurv,vq_ctw,30,nearest,1024.0,10.0,38.0,1.0,0.0,7.913933876250124,7.913933876250124
utthwa,direct_ctw,30,linear,,10.0,348.0,0.888723718030765,0.8887063364120922,4.336022586399451,4.4522836791908285
utthwa,direct_ctw,30,nearest,,10.0,35.0,0.8433353829889211,0.9395994457634511,4.090153537387164,4.276849509871788
utthwa,markov_order_1,30,linear,,10.0,348.0,0.8292385213128691,1.2501814173724544,4.336022586399451,4.4522836791908285
utthwa,markov_order_1,30,nearest,,10.0,35.0,0.7153625770584098,1.4309677773606992,4.090153537387164,4.276849509871788
utthwa,markov_order_2,30,linear,,10.0,348.0,0.8144036568694979,1.334225770967038,4.336022586399451,4.4522836791908285
utthwa,markov_order_2,30,nearest,,10.0,35.0,0.7015922328569619,1.4761513828421307,4.090153537387164,4.276849509871788
utthwa,vq_ctw,30,linear,256.0,10.0,348.0,1.0,0.0,7.858636051575711,7.858636051575711
utthwa,vq_ctw,30,nearest,256.0,10.0,35.0,1.0,0.0,8.060844665454177,8.060844665454177
utthwa,vq_ctw,30,linear,512.0,10.0,348.0,1.0,0.0,7.345999515216665,7.345999515216665
utthwa,vq_ctw,30,nearest,512.0,10.0,35.0,1.0,0.0,8.449473539012448,8.449473539012448
utthwa,vq_ctw,30,linear,1024.0,10.0,348.0,1.0,0.0,7.474734745613935,7.474734745613935
utthwa,vq_ctw,30,nearest,1024.0,10.0,35.0,1.0,0.0,7.811331470838073,7.811331470838073
uttorh,direct_ctw,30,linear,,10.0,901.0,0.8445838429317902,1.1803909844322955,4.370505966275094,4.5263858286670136
uttorh,markov_order_1,30,linear,,10.0,901.0,0.8006111224525184,1.4355058139519719,4.370505966275094,4.5263858286670136
uttorh,markov_order_2,30,linear,,10.0,901.0,0.7862097829341752,1.51509532183913,4.370505966275094,4.5263858286670136
uttorh,vq_ctw,30,linear,256.0,10.0,901.0,1.0,0.0,6.860236007423152,6.860236007423152
uttorh,vq_ctw,30,linear,512.0,10.0,901.0,1.0,0.0,6.636655630942033,6.636655630942033
uttorh,vq_ctw,30,linear,1024.0,10.0,901.0,1.0,0.0,6.596572615335477,6.596572615335477
utvoho,direct_ctw,30,linear,,10.0,1007.0,0.860219353518194,0.9449917856372041,4.395341574995192,4.538412445229427
utvoho,direct_ctw,30,nearest,,10.0,175.0,0.8249056054518845,0.9488686317742788,4.18082159699806,4.322236035859438
utvoho,markov_order_1,30,linear,,10.0,1007.0,0.838523187499282,1.0552423873616728,4.395341574995192,4.538412445229427
utvoho,markov_order_1,30,nearest,,10.0,175.0,0.731258661823683,1.3197731884169848,4.18082159699806,4.322236035859438
utvoho,markov_order_2,30,linear,,10.0,1007.0,0.8374456206213453,1.060582545655302,4.395341574995192,4.538412445229427
utvoho,markov_order_2,30,nearest,,10.0,175.0,0.7288332216476968,1.321579964193893,4.18082159699806,4.322236035859438
utvoho,vq_ctw,30,linear,256.0,10.0,1007.0,1.0,0.0,5.296650130638412,5.296650130638412
utvoho,vq_ctw,30,nearest,256.0,10.0,175.0,1.0,0.0,8.142713673819038,8.142713673819038
utvoho,vq_ctw,30,linear,512.0,10.0,1007.0,1.0,0.0,6.294809168209946,6.294809168209946
utvoho,vq_ctw,30,nearest,512.0,10.0,175.0,1.0,0.0,7.101957735378984,7.101957735378984
utvoho,vq_ctw,30,linear,1024.0,10.0,1007.0,1.0,0.0,5.54067022882839,5.54067022882839
utvoho,vq_ctw,30,nearest,1024.0,10.0,175.0,1.0,0.0,6.542986145778031,6.542986145778031
utwoab,direct_ctw,30,linear,,10.0,1007.0,0.8013201467977864,1.3792801173051756,4.578373690553773,4.702867974658828
utwoab,direct_ctw,30,nearest,,10.0,39.0,0.8371516418112684,1.0192025722809932,4.03981936526312,4.277441732632965
utwoab,markov_order_1,30,linear,,10.0,1007.0,0.7581804446521639,1.6013602402428027,4.578373690553773,4.702867974658828
utwoab,markov_order_1,30,nearest,,10.0,39.0,0.6280170372917551,1.8159001967102673,4.03981936526312,4.277441732632965
utwoab,markov_order_2,30,linear,,10.0,1007.0,0.7502707593952889,1.6404312794277605,4.578373690553773,4.702867974658828
utwoab,markov_order_2,30,nearest,,10.0,39.0,0.650475440430154,1.7452136245732173,4.03981936526312,4.277441732632965
utwoab,vq_ctw,30,linear,256.0,10.0,1007.0,1.0,0.0,5.909832942412072,5.909832942412072
utwoab,vq_ctw,30,nearest,256.0,10.0,39.0,1.0,0.0,12.247519280846163,12.247519280846163
utwoab,vq_ctw,30,linear,512.0,10.0,1007.0,1.0,0.0,6.268850034027792,6.268850034027792
utwoab,vq_ctw,30,nearest,512.0,10.0,39.0,1.0,0.0,14.034827661954488,14.034827661954488
utwoab,vq_ctw,30,linear,1024.0,10.0,1007.0,1.0,0.0,5.650752246201586,5.650752246201586
utwoab,vq_ctw,30,nearest,1024.0,10.0,39.0,1.0,0.0,13.395453473880776,13.395453473880776
uvburk,direct_ctw,30,linear,,10.0,1007.0,0.9190865589471999,0.6853041233171843,4.923345463540988,5.097020045170822
uvburk,markov_order_1,30,linear,,10.0,1007.0,0.8768366401774723,0.9644612224031307,4.923345463540988,5.097020045170822
uvburk,markov_order_2,30,linear,,10.0,1007.0,0.8883371872936059,0.8912010846425452,4.923345463540988,5.097020045170822
uvburk,vq_ctw,30,linear,256.0,10.0,1007.0,1.0,0.0,5.597653939352471,5.597653939352471
uvburk,vq_ctw,30,linear,512.0,10.0,1007.0,1.0,0.0,5.47180281307723,5.47180281307723
uvburk,vq_ctw,30,linear,1024.0,10.0,1007.0,1.0,0.0,5.2180956584486085,5.2180956584486085
uvigch,direct_ctw,30,linear,,10.0,1007.0,0.8289021516095789,1.2933473137483247,4.3498744825771505,4.497499720477799
uvigch,direct_ctw,30,nearest,,10.0,177.0,0.8284276894262164,1.0172263355249307,4.224537319608855,4.38709551189631
uvigch,markov_order_1,30,linear,,10.0,1007.0,0.7870116406696697,1.5353067681348893,4.3498744825771505,4.497499720477799
uvigch,markov_order_1,30,nearest,,10.0,177.0,0.6643596811477875,1.6144433539601553,4.224537319608855,4.38709551189631
uvigch,markov_order_2,30,linear,,10.0,1007.0,0.7686221231118991,1.6366054157671184,4.3498744825771505,4.497499720477799
uvigch,markov_order_2,30,nearest,,10.0,177.0,0.6621772000289272,1.6217588572842883,4.224537319608855,4.38709551189631
uvigch,vq_ctw,30,linear,256.0,10.0,1007.0,1.0,0.0,7.0089384639486205,7.0089384639486205
uvigch,vq_ctw,30,nearest,256.0,10.0,177.0,1.0,0.0,8.683222544352091,8.683222544352091
uvigch,vq_ctw,30,linear,512.0,10.0,1007.0,1.0,0.0,7.203781511753152,7.203781511753152
uvigch,vq_ctw,30,nearest,512.0,10.0,177.0,1.0,0.0,8.349641518466393,8.349641518466393
uvigch,vq_ctw,30,linear,1024.0,10.0,1007.0,1.0,0.0,6.836210190919889,6.836210190919889
uvigch,vq_ctw,30,nearest,1024.0,10.0,177.0,1.0,0.0,7.8584280236214745,7.8584280236214745
uvjeah,direct_ctw,30,linear,,10.0,1007.0,0.8219350116262758,1.3880855652167834,4.1647254680504755,4.34923307093324
uvjeah,markov_order_1,30,linear,,10.0,1007.0,0.7570024762239289,1.771979718093069,4.1647254680504755,4.34923307093324
uvjeah,markov_order_2,30,linear,,10.0,1007.0,0.7350135290466672,1.8941240676342164,4.1647254680504755,4.34923307093324
uvjeah,vq_ctw,30,linear,256.0,10.0,1007.0,1.0,0.0,9.465493236996144,9.465493236996144
uvjeah,vq_ctw,30,linear,512.0,10.0,1007.0,1.0,0.0,8.748795562682181,8.748795562682181
uvjeah,vq_ctw,30,linear,1024.0,10.0,1007.0,1.0,0.0,9.127299711380267,9.127299711380267
uvjova,direct_ctw,30,linear,,10.0,1007.0,0.8697194573462066,0.9711866219589843,4.1778139305740325,4.373242618253367
uvjova,direct_ctw,30,nearest,,10.0,69.0,0.8259009293972516,1.014496473583897,4.447667004438341,4.640908948403234
uvjova,markov_order_1,30,linear,,10.0,1007.0,0.8280495308565865,1.2072173272917468,4.1778139305740325,4.373242618253367
uvjova,markov_order_1,30,nearest,,10.0,69.0,0.6029408383400455,1.7477990262652858,4.447667004438341,4.640908948403234
uvjova,markov_order_2,30,linear,,10.0,1007.0,0.8302154441473921,1.1954160047820181,4.1778139305740325,4.373242618253367
uvjova,markov_order_2,30,nearest,,10.0,69.0,0.6697144939795292,1.5652364130397174,4.447667004438341,4.640908948403234
uvjova,vq_ctw,30,linear,256.0,10.0,1007.0,1.0,0.0,6.80981992797172,6.80981992797172
uvjova,vq_ctw,30,nearest,256.0,10.0,69.0,1.0,0.0,8.145738158193394,8.145738158193394
uvjova,vq_ctw,30,linear,512.0,10.0,1007.0,1.0,0.0,6.352400430021337,6.352400430021337
uvjova,vq_ctw,30,nearest,512.0,10.0,69.0,1.0,0.0,7.5748732042261375,7.5748732042261375
uvjova,vq_ctw,30,linear,1024.0,10.0,1007.0,1.0,0.0,6.4378292684696365,6.4378292684696365
uvjova,vq_ctw,30,nearest,1024.0,10.0,69.0,1.0,0.0,6.818753928292196,6.818753928292196
uvreoi,direct_ctw,30,linear,,10.0,1007.0,0.8258196339295714,1.3476825552641098,3.7817967918199455,4.013197903776104
uvreoi,direct_ctw,30,nearest,,10.0,39.0,0.8400502243305275,0.9540889398509603,3.7918428703184364,4.0578820782869105
uvreoi,markov_order_1,30,linear,,10.0,1007.0,0.7646565943136174,1.7066713261762858,3.7817967918199455,4.013197903776104
uvreoi,markov_order_1,30,nearest,,10.0,39.0,0.7303392088501763,1.3802990539490572,3.7918428703184364,4.0578820782869105
uvreoi,markov_order_2,30,linear,,10.0,1007.0,0.7411732307805047,1.836178656082715,3.7817967918199455,4.013197903776104
uvreoi,markov_order_2,30,nearest,,10.0,39.0,0.7105911276881097,1.4467741675463963,3.7918428703184364,4.0578820782869105
uvreoi,vq_ctw,30,linear,256.0,10.0,1007.0,1.0,0.0,10.375105087483425,10.375105087483425
uvreoi,vq_ctw,30,nearest,256.0,10.0,39.0,0.9999999999980904,0.1738327868027775,11.784023332874431,11.784023332874431
uvreoi,vq_ctw,30,linear,512.0,10.0,1007.0,1.0,0.0,10.513354686960497,10.513354686960497
uvreoi,vq_ctw,30,nearest,512.0,10.0,39.0,1.0,0.0,11.675097223730655,11.675097223730655
uvreoi,vq_ctw,30,linear,1024.0,10.0,1007.0,1.0,0.0,10.476370927053342,10.476370927053342
uvreoi,vq_ctw,30,nearest,1024.0,10.0,39.0,1.0,0.0,11.329476637608227,11.329476637608227
