user_id,sample_interval_min,interpolation_method,tolerance_km,predictability_direct_ctw,predictability_markov_order_1,predictability_markov_order_2,predictability_vq_ctw_K1024,predictability_vq_ctw_K256,predictability_vq_ctw_K512,entropy_rate_bits_direct_ctw,entropy_rate_bits_markov_order_1,entropy_rate_bits_markov_order_2,entropy_rate_bits_vq_ctw_K1024,entropy_rate_bits_vq_ctw_K256,entropy_rate_bits_vq_ctw_K512
abboip,30,linear,10.0,0.8266367507742705,0.7841960513318327,0.7908579118369383,1.0,1.0,1.0,1.1520331124918286,1.3582695595059542,1.326975740098026,0.0,0.0,0.0
abboip,30,nearest,10.0,0.8179282960766622,0.6173791408132081,0.6753512647636649,1.0,1.0,1.0,1.0246187503016753,1.6583933776505553,1.5074296900238333,0.0,0.0,0.0
abcoij,30,linear,10.0,0.9799860288903296,0.9755089170930243,0.9772204310274452,1.0,1.0,1.0,0.17324037276329743,0.20478083215197784,0.19287950999391024,0.0,0.0,0.0
abdrem,30,linear,10.0,0.7848626195913071,0.7155517294591173,0.6935835483014436,1.0,1.0,1.0,1.6117380960741026,1.9992343994295296,2.1146592746034965,0.0,0.0,0.0
abdrem,30,nearest,10.0,0.8044626150515354,0.6086650808940968,0.6391329847431719,1.0,1.0,1.0,1.0635727428030386,1.7215310520148108,1.6073122177596664,0.0,0.0,0.0
abgibo,30,linear,10.0,0.7940679012093399,0.7414130387182641,0.7242722765072421,1.0,1.0,1.0,1.4718936517304373,1.7516311424101112,1.8380375696515732,0.0,0.0,0.0
abgibo,30,nearest,10.0,0.819671284232115,0.6473901993592116,0.6518728649240675,1.0,1.0,1.0,1.0414530568751108,1.6415968583776264,1.628638567302429,0.0,0.0,0.0
abjool,30,linear,10.0,0.9512767466940273,0.9241169797888391,0.9243040018764686,1.0,1.0,1.0,0.42711823255055786,0.6151530251448055,0.6139171547227545,0.0,0.0,0.0
abjool,30,nearest,10.0,0.8225043201230535,0.6417362591016066,0.6564868164711296,1.0,1.0,1.0,1.0295591247936673,1.6577600009457978,1.6151673372859672,0.0,0.0,0.0
abmuya,30,linear,10.0,0.8187365367187331,0.7732902979181736,0.7639338900911932,1.0,1.0,1.0,1.3099018009076286,1.556518042530621,1.605091489675445,0.0,0.0,0.0
abniar,30,linear,10.0,0.8136469211888746,0.7593772635440743,0.7378390523367461,1.0,1.0,1.0,1.4218408272177383,1.7361610418077402,1.8542239365502629,0.0,0.0,0.0
abniar,30,nearest,10.0,0.8242244788497086,0.6684959492861743,0.6882984413545694,1.0,0.9999999999998057,1.0,1.0003348886212182,1.5561899810533364,1.5127610442280457,0.0,0.01921710625780091,0.0
abnovk,30,linear,10.0,0.8389088797841894,0.7925970749341619,0.7887614440399966,1.0,1.0,1.0,1.1720466005234988,1.4254667138417598,1.4455628275068741,0.0,0.0,0.0
abnovk,30,nearest,10.0,0.8333451648423258,0.6728371371141374,0.6484973517052783,1.0,1.0,1.0,1.0094957527829325,1.6136358650359117,1.6978099289644208,0.0,0.0,0.0
abtyff,30,linear,10.0,0.8104605910187432,0.7663509953703527,0.7619157526345808,1.0,1.0,1.0,1.2691251711656042,1.4852653170029477,1.5060926509635968,0.0,0.0,0.0
abtyff,30,nearest,10.0,0.816062701114663,0.6590003043163792,0.6598156050353008,1.0,1.0,1.0,1.052737066431649,1.5879907439633303,1.5936825081460575,0.0,0.0,0.0
abwecn,30,linear,10.0,0.8498519674460392,0.8118758737685441,0.8003002040780662,1.0,1.0,1.0,1.1484856985284626,1.3719486801368646,1.4372435601335365,0.0,0.0,0.0
abwecn,30,nearest,10.0,0.818704907753299,0.6848205594803638,0.6868929842320576,1.0,1.0,1.0,1.0407063127588092,1.5162798756906843,1.5126261244435908,0.0,0.0,0.0
abyalw,30,linear,10.0,0.8481373226088493,0.8153430708910551,0.8209832070563554,1.0,1.0,1.0,1.0070414188494559,1.1674906223252843,1.1406731210598025,0.0,0.0,0.0
abyalw,30,nearest,10.0,0.8221575184199249,0.6854204415821332,0.6859966916324289,1.0,1.0,1.0,1.0265219088980213,1.5249284035773512,1.5227318166264403,0.0,0.0,0.0
acdiyi,30,linear,10.0,0.8572651659480601,0.8099227792693623,0.802497096504644,1.0,1.0,1.0,1.0851379248307504,1.3591921191329195,1.4001534904583373,0.0,0.0,0.0
acduou,30,linear,10.0,0.830892649071095,0.7840232325537504,0.7785728859884216,1.0,1.0,1.0,1.2406740130850888,1.4999097138559552,1.528776782514966,0.0,0.0,0.0
acduou,30,nearest,10.0,0.8093427264443321,0.676625647749667,0.7018728190334953,1.0,1.0,1.0,0.9913085589600239,1.4944411437700904,1.3633273518295692,0.0,0.0,0.0
acgerl,30,linear,10.0,0.8525111269839043,0.8131135055148767,0.8055130264250039,1.0,1.0,1.0,1.071049033540619,1.2873287908250008,1.3272731769457384,0.0,0.0,0.0
acgerl,30,nearest,10.0,0.8503222118590472,0.770672945770825,0.7863144976430434,1.0,1.0,1.0,0.8462670630255056,1.1403111435415711,1.087152142302532,0.0,0.0,0.0
acitva,30,linear,10.0,0.8226973325065869,0.7704095011571601,0.7525202486717214,1.0,1.0,1.0,1.3302384242873595,1.626882568568047,1.7230430349782657,0.0,0.0,0.0
ackgri,30,linear,10.0,0.837280648235954,0.7546860722063138,0.7320223817946406,1.0,1.0,1.0,1.2916530051641522,1.7850217497526837,1.9104581260477653,0.0,0.0,0.0
ackgri,30,nearest,10.0,0.8259940679411404,0.6436525077730804,0.6761470067427696,1.0,1.0,1.0,1.0059354640520233,1.6434316796461843,1.5512206117744936,0.0,0.0,0.0
acpegh,30,linear,10.0,0.8046773506788032,0.7621005180985081,0.7551764677331801,1.0,1.0,1.0,1.3613219722910317,1.5818146799047588,1.616256218683547,0.0,0.0,0.0
acpegh,30,nearest,10.0,0.8200784666381544,0.6438553338268264,0.64556208590404,1.0,1.0,1.0,1.0555287408251552,1.6773907873123342,1.6763123896633239,0.0,0.0,0.0
acvebr,30,linear,10.0,0.8264028131664256,0.7805063732079207,0.7775997930433638,1.0,1.0,1.0,1.2425452061799815,1.488383847422824,1.503323551740877,0.0,0.0,0.0
acvebr,30,nearest,10.0,0.8142184532082716,0.6365838639981789,0.655445692779434,1.0,1.0,1.0,1.065151878262876,1.6734128691188774,1.6265944889830777,0.0,0.0,0.0
adkavy,30,linear,10.0,0.843994946916831,0.7868825291219483,0.7580402687594257,1.0,1.0,1.0,1.2873642881642742,1.6527071341636457,1.8261114831493819,0.0,0.0,0.0
adkavy,30,nearest,10.0,0.8453232587773897,0.6839236525698612,0.7001515860898142,1.0,1.0,1.0,0.9307746328223092,1.5322161800253506,1.4808023505228163,0.0,0.0,0.0
adners,30,linear,10.0,0.7896329160715714,0.7315290208784889,0.7193126329798522,1.0,1.0,1.0,1.4699343634484199,1.7680190147749948,1.827404459038063,0.0,0.0,0.0
adners,30,nearest,10.0,0.8243515327333504,0.628555706643708,0.6350229871456604,1.0,0.9999999999980904,1.0,1.0783074938344754,1.814241548093192,1.7941874646176075,0.0,0.1738327868027775,0.0
adpaif,30,linear,10.0,0.8095408166694318,0.7589622939989844,0.750901774299062,1.0,1.0,1.0,1.3351227601684057,1.5974716212164808,1.6373321093265292,0.0,0.0,0.0
adpaif,30,nearest,10.0,0.8148539093441339,0.5981803974665764,0.6485488184626722,1.0,1.0,1.0,1.0718178602465818,1.79062039988167,1.661428815770169,0.0,0.0,0.0
aducri,30,linear,10.0,0.8364274664193183,0.7690344295691907,0.7416656781274183,1.0,1.0,1.0,1.3376323615799517,1.7608157171199166,1.9216078984721903,0.0,0.0,0.0
aducri,30,nearest,10.0,0.801720139527353,0.6098546218911696,0.6389577252764915,1.0,1.0,1.0,1.0867573578189322,1.7001267970253342,1.6228846542414124,0.0,0.0,0.0
afmorc,30,linear,10.0,0.8386256556252696,0.7943761357740665,0.7757538165891615,1.0,1.0,1.0,1.2519967127977218,1.5159172506102736,1.6216302733677528,0.0,0.0,0.0
afmorc,30,nearest,10.0,0.8053136757219622,0.5586866512311379,0.6154885183784663,1.0,1.0,1.0,1.1005452381760974,1.872666114773455,1.7301890813794898,0.0,0.0,0.0
afpans,30,linear,10.0,0.7855571468820672,0.7485231364839396,0.7569996934611798,1.0,1.0,1.0,1.247810588722275,1.3975217121630767,1.3642234236644504,0.0,0.0,0.0
afpans,30,nearest,10.0,0.8280748981197764,0.689764883806917,0.6917275634964182,1.0,1.0,1.0,0.9741086641607277,1.4519001216798124,1.449212266613544,0.0,0.0,0.0
afsfat,30,linear,10.0,0.8267884931695165,0.7743368771911234,0.756628819828107,1.0,1.0,1.0,1.3059576203299217,1.6054269847903837,1.7011820130053548,0.0,0.0,0.0
afweka,30,linear,10.0,0.8276244766014129,0.7754408895847467,0.765429602469718,1.0,1.0,1.0,1.3009754604113768,1.5993728090716013,1.6539074581565105,0.0,0.0,0.0
afweka,30,nearest,10.0,0.8180502157013699,0.6487886415863774,0.6731807059930096,1.0,1.0,1.0,1.010347075250382,1.572243887643631,1.501858037909659,0.0,0.0,0.0
agcowk,30,linear,10.0,0.8538998392752744,0.8155047962784976,0.8146741300000104,1.0,1.0,1.0,1.0631208399427896,1.274648712359907,1.2790595978670427,0.0,0.0,0.0
agcowk,30,nearest,10.0,0.8391247237443661,0.7146622859868584,0.7039040300292541,1.0,1.0,1.0,0.9581499400559703,1.4332976945322493,1.4686580973812664,0.0,0.0,0.0
agdrea,30,linear,10.0,0.8016874821908792,0.7306869761955501,0.7094097502700055,1.0,1.0,1.0,1.5117903364000453,1.9177292357294695,2.0318434897817683,0.0,0.0,0.0
agdrea,30,nearest,10.0,0.8032787157565808,0.5784725857664192,0.6242316206332605,1.0,1.0,1.0,1.1087645659901293,1.8252130785337677,1.7065352141878378,0.0,0.0,0.0
aggjuo,30,linear,10.0,0.815489209110916,0.7737604398856983,0.765756989246634,1.0,1.0,1.0,1.2747315420294967,1.4885606304801102,1.5278675847260215,0.0,0.0,0.0
aggjuo,30,nearest,10.0,0.8127174804751245,0.6537248993341116,0.6621202538469381,1.0,1.0,1.0,1.0898643401410562,1.6594691434555884,1.632558638153821,0.0,0.0,0.0
agivle,30,linear,10.0,0.7970030707941504,0.7523309994134662,0.7466384568537775,1.0,1.0,1.0,1.3713666521252703,1.5926547873179053,1.6196997901269525,0.0,0.0,0.0
agivle,30,nearest,10.0,0.838136327335866,0.7191987420078639,0.6814164120583892,1.0,1.0,1.0,0.962476813142793,1.418142800851584,1.5400016823322122,0.0,0.0,0.0
agjitf,30,linear,10.0,0.8100636232405287,0.7670145105215969,0.755260987905275,1.0,1.0,1.0,1.3584102533797655,1.5891768562446673,1.6494905461389775,0.0,0.0,0.0
agjitf,30,nearest,10.0,0.8177820952971177,0.6689474487417013,0.6885611890568821,1.0,1.0,1.0,1.0269977967353685,1.5504440019775614,1.490493758340895,0.0,0.0,0.0
agsuec,30,linear,10.0,0.8146205718215316,0.7543420911528671,0.73263667695527,1.0,1.0,1.0,1.4332225968628243,1.7869548915315856,1.9071089672040316,0.0,0.0,0.0
agvexp,30,linear,10.0,0.7835516715416602,0.7090054931173112,0.6839056506865705,1.0,1.0,1.0,1.5992689607362263,2.0068861563122,2.135029570896812,0.0,0.0,0.0
agvexp,30,nearest,10.0,0.8374035493623454,0.6435294021851038,0.6497072611983474,1.0,1.0,1.0,1.017153517096188,1.756482411881743,1.7418337599909737,0.0,0.0,0.0
agyamk,30,linear,10.0,0.8919088485410049,0.8510103244327438,0.8348238568280646,1.0,1.0,1.0,0.9264959157892237,1.2032648839821614,1.3072545397426067,0.0,0.0,0.0
aichas,30,linear,10.0,0.8347840658673376,0.7711292579182589,0.7629369459749995,1.0,1.0,1.0,1.2580145734270716,1.6229599375514048,1.6673595735446116,0.0,0.0,0.0
aichas,30,nearest,10.0,0.8228997508391074,0.6568712268604404,0.6441376109119441,1.0,1.0,1.0,1.0532513541263313,1.713250057266428,1.7592972490823673,0.0,0.0,0.0
ailbcu,30,linear,10.0,0.855343597591144,0.8040584352268809,0.7921784883359191,1.0,1.0,1.0,1.1315970891258578,1.438806534534426,1.5063289275297458,0.0,0.0,0.0
aimidd,30,linear,10.0,0.8433893230387592,0.7951818673167061,0.7761925304652256,1.0,1.0,1.0,1.2224116381418684,1.5112756478061546,1.6191736113629012,0.0,0.0,0.0
aimidd,30,nearest,10.0,0.8612453571159754,0.7572981721893892,0.7666796827700433,1.0,1.0,1.0,0.8252001834325073,1.307926278189625,1.2697813453984157,0.0,0.0,0.0
ainpli,30,linear,10.0,0.796174194081094,0.7455043002841741,0.7304288210866555,1.0,1.0,1.0,1.4602219011012951,1.730683730878923,1.807251199361071,0.0,0.0,0.0
ainpli,30,nearest,10.0,0.8279438849994997,0.6386756684271613,0.6487250635141112,1.0,1.0,1.0,1.0264768234766086,1.7069294091640164,1.6795611297039648,0.0,0.0,0.0
aitpyg,30,linear,10.0,0.8081134219822366,0.763911862333243,0.7561161797779612,1.0,1.0,1.0,1.31366745570811,1.5368559339277452,1.5745329200286011,0.0,0.0,0.0
aitpyg,30,nearest,10.0,0.8209026343837393,0.637517491894709,0.6592948108586136,1.0,1.0,1.0,1.0315507116577847,1.6882267540173452,1.6140792719928132,0.0,0.0,0.0
aivtyt,30,linear,10.0,0.8147259385144096,0.7768682129384534,0.7654861641343962,1.0,1.0,1.0,1.247301989538253,1.4352403247514565,1.4893388288997327,0.0,0.0,0.0
aivtyt,30,nearest,10.0,0.826534768100175,0.7031324990671721,0.6869648254356333,1.0,1.0,1.0,1.0125011663002565,1.4711629845536607,1.5227163832136008,0.0,0.0,0.0
aiwalb,30,linear,10.0,0.7988397544243915,0.7337568132784199,0.7197864098120741,1.0,1.0,1.0,1.468623888055662,1.8212389030175915,1.8926551777411211,0.0,0.0,0.0
aiwalb,30,nearest,10.0,0.8061615767788453,0.5988359015527542,0.6337644294461828,1.0,1.0,1.0,1.0969070475977534,1.7665974415498107,1.6777317120883912,0.0,0.0,0.0
ajixdo,30,linear,10.0,0.8246746535581098,0.7747935706860478,0.7769518589478968,1.0,1.0,1.0,1.1957191584714733,1.4451802666412645,1.4348388137207972,0.0,0.0,0.0
ajixdo,30,nearest,10.0,0.8245852154480163,0.6936327999460358,0.7046329718680665,1.0,1.0,1.0,0.9847517623976045,1.4388192113110156,1.4121122089123643,0.0,0.0,0.0
ajsips,30,linear,10.0,0.811553831124288,0.7574950254924567,0.7457963463961819,1.0,1.0,1.0,1.395543313358554,1.6965562469306101,1.7585383231654723,0.0,0.0,0.0
ajsips,30,nearest,10.0,0.8243572872340422,0.6724290057272245,0.6781170522256758,1.0,1.0,1.0,1.015424369270427,1.5586458590032932,1.5432477279468468,0.0,0.0,0.0
ajsned,30,linear,10.0,0.8150390020157895,0.7512918973511182,0.7290454491444472,1.0,1.0,1.0,1.4468316344339949,1.8258092150911764,1.9503476826686443,0.0,0.0,0.0
ajsned,30,nearest,10.0,0.8038857008273926,0.5864428477568738,0.5959572135190663,1.0,1.0,1.0,1.1859319594355122,1.9744506385339253,1.947358131557439,0.0,0.0,0.0
ajthof,30,linear,10.0,0.8293646298400523,0.785839868941704,0.7855799365782987,1.0,1.0,1.0,1.200057500848139,1.4282313415458587,1.4295425331200133,0.0,0.0,0.0
ajthof,30,nearest,10.0,0.8223482612116781,0.6969817362751685,0.6739299568734303,1.0,1.0,1.0,1.0294920988864498,1.4894047447691041,1.5599105806749343,0.0,0.0,0.0
ajtreo,30,linear,10.0,0.8441031779504949,0.7922657265729479,0.7774646074098108,1.0,1.0,1.0,1.2179569875047442,1.5280476147764805,1.6120413296095046,0.0,0.0,0.0
ajtreo,30,nearest,10.0,0.8203933378093056,0.5826819450010754,0.5752500540109708,1.0,1.0,1.0,1.1434922993580303,2.0589352219787616,2.0815617122186394,0.0,0.0,0.0
akgicj,30,linear,10.0,0.8197416714677246,0.7672986810788753,0.7517199914431754,1.0,1.0,1.0,1.3669492805562407,1.6686671801810586,1.7538307161990943,0.0,0.0,0.0
akgicj,30,nearest,10.0,0.8348461999418127,0.6800817165923232,0.6838597453540217,1.0,1.0,1.0,1.0003221119129242,1.6031792205576525,1.5916819614822548,0.0,0.0,0.0
akvutv,30,linear,10.0,0.82222341469541,0.7792093806487047,0.7695988072077009,1.0,1.0,1.0,1.290194745701551,1.5254185750132676,1.575767188595006,0.0,0.0,0.0
akvutv,30,nearest,10.0,0.8109520083202434,0.6407161819989181,0.6923367392416075,1.0,1.0,1.0,1.0286163909440633,1.571712961756268,1.4374017790775837,0.0,0.0,0.0
akyeer,30,linear,10.0,0.8553363812963822,0.8088137342413765,0.7922353796014772,1.0,1.0,1.0,1.1316422938770567,1.4114197019245591,1.5060085631863387,0.0,0.0,0.0
akyeer,30,nearest,10.0,0.8433324521672255,0.7135945279306031,0.7410873914454743,1.0,1.0,1.0,0.8674075832191745,1.2950669246754216,1.219746541688996,0.0,0.0,0.0
aldhid,30,linear,10.0,0.8973823240950207,0.8515941319048823,0.8534535806968258,1.0,1.0,1.0,0.8322377626247147,1.1192365218821876,1.1080971229711392,0.0,0.0,0.0
aldhid,30,nearest,10.0,0.8427338529720567,0.7844670278713006,0.7712477271556086,1.0,1.0,1.0,0.8769899555451428,1.093538226494247,1.1383936601176394,0.0,0.0,0.0
alnihi,30,linear,10.0,0.8007784899085333,0.7570908369374908,0.7563708873344115,1.0,1.0,1.0,1.2796538670433353,1.4817769721399772,1.4849768475360703,0.0,0.0,0.0
alnihi,30,nearest,10.0,0.794386956380803,0.6428490714650986,0.671095928932839,1.0,1.0,1.0,1.0945476777739176,1.6292669361928025,1.520772211280824,0.0,0.0,0.0
alshet,30,linear,10.0,0.8189718808273925,0.7696681655355924,0.750327675340895,1.0,1.0,1.0,1.3313000474959804,1.6043203064829417,1.7058242795078302,0.0,0.0,0.0
alshet,30,nearest,10.0,0.8310880293874839,0.6817608425572035,0.6704455688677131,1.0,1.0,1.0,1.0472188377618474,1.6341243271887629,1.6759942971614892,0.0,0.0,0.0
amciuc,30,linear,10.0,0.823137537226366,0.7702167069068362,0.7592387106264413,1.0,1.0,1.0,1.285008550087862,1.5725529329531494,1.6292012035905363,0.0,0.0,0.0
amciuc,30,nearest,10.0,0.815936190654107,0.6277807394458916,0.6645280346423186,1.0,1.0,1.0,1.0469923482321177,1.676213689784901,1.5787893498027628,0.0,0.0,0.0
amknyw,30,linear,10.0,0.8006693889031693,0.748622705664687,0.7383435668302589,1.0,1.0,1.0,1.3827492524185194,1.6485110918639656,1.6984395365207474,0.0,0.0,0.0
amknyw,30,nearest,10.0,0.8161353292104984,0.6955589481769875,0.68122635264705,1.0,1.0,1.0,1.0545526070161346,1.4867952733991678,1.5363206703995427,0.0,0.0,0.0
amnurg,30,linear,10.0,0.8661387598542158,0.81681980314834,0.8081793820013647,1.0,1.0,1.0,1.0478208755784095,1.3436790646691112,1.3929342756709484,0.0,0.0,0.0
amvefa,30,linear,10.0,0.8656858225869617,0.8213426293216738,0.8140842953283112,1.0,1.0,1.0,1.0661737404808047,1.3382418769609787,1.3808186665504492,0.0,0.0,0.0
amvefa,30,nearest,10.0,0.8098980257244957,0.6446389109236998,0.6700805012488853,1.0,0.9999999999995399,1.0,1.047656748609264,1.5883438354663737,1.5241831833937012,0.0,0.041076581533164076,0.0
amwibs,30,linear,10.0,0.7967889841523605,0.7449907097029257,0.7326334351086993,1.0,1.0,1.0,1.4312984403636304,1.7013087511337124,1.7625967378960055,0.0,0.0,0.0
amwibs,30,nearest,10.0,0.7841531359584907,0.5981127255943505,0.6135966897124946,1.0,1.0,1.0,1.184204888915762,1.775818428212436,1.7352458306000813,0.0,0.0,0.0
ancedv,30,linear,10.0,0.8676555387784824,0.8157846709939853,0.8124865964630886,1.0,1.0,1.0,0.9353708745156463,1.2063701061506382,1.2226572905162088,0.0,0.0,0.0
ancedv,30,nearest,10.0,0.8772313869841768,0.778812201256539,0.7881455669988704,1.0,1.0,1.0,0.7828043670212524,1.2047060628780704,1.1687213660235536,0.0,0.0,0.0
ancorj,30,linear,10.0,0.7975059482845115,0.7297646471993128,0.704951908060638,1.0,1.0,1.0,1.536864448303107,1.9227435611598345,2.0553455936281835,0.0,0.0,0.0
ancycl,30,linear,10.0,0.8320532876525883,0.769501848203988,0.7563178378326815,1.0,1.0,1.0,1.3091355340057322,1.6794097452371315,1.7531497000598484,0.0,0.0,0.0
ancycl,30,nearest,10.0,0.8318509222583728,0.5336896931984719,0.5439673795480333,1.0,1.0,1.0,1.1255072282197807,2.3058211479464705,2.2746603754278065,0.0,0.0,0.0
andyol,30,linear,10.0,0.8207170607050054,0.7853080470516693,0.7679434316227443,1.0,1.0,1.0,1.321228483283373,1.5200186329377336,1.613493268440321,0.0,0.0,0.0
andyol,30,nearest,10.0,0.8135145535600423,0.6859990982075517,0.684261774438538,1.0,1.0,1.0,1.043002139283212,1.4979228341927433,1.493033549369048,0.0,0.0,0.0
aniajc,30,linear,10.0,0.7873245226795627,0.7386460168631631,0.7348891865690198,1.0,1.0,1.0,1.4207311014963093,1.6572552112288508,1.6747425359277763,0.0,0.0,0.0
aniajc,30,nearest,10.0,0.8017385480118285,0.5904536668834379,0.6302505928802908,1.0,1.0,1.0,1.1092386961344858,1.7958208148096308,1.6833881320195085,0.0,0.0,0.0
anidgi,30,linear,10.0,0.7943788987171071,0.7242317788764076,0.7148055413267935,1.0,1.0,1.0,1.4701727691716397,1.8382391710981325,1.884843878792949,0.0,0.0,0.0
ankped,30,linear,10.0,0.8096917712239875,0.771822595095184,0.770790025707724,1.0,1.0,1.0,1.2730404918134022,1.4593527703183422,1.464261489962974,0.0,0.0,0.0
ankped,30,nearest,10.0,0.8280557023728848,0.6987389590018187,0.6959211453016249,1.0,1.0,1.0,0.9724105655518077,1.4497879385415384,1.4502991445777682,0.0,0.0,0.0
ansyut,30,linear,10.0,0.8201280888745678,0.769522230605987,0.7616797706572693,1.0,1.0,1.0,1.3020513314555586,1.576165316374547,1.6166882394841573,0.0,0.0,0.0
ansyut,30,nearest,10.0,0.8186062015778267,0.6522907040353237,0.6794786701427492,1.0,1.0,1.0,1.030612195242493,1.5876796112124216,1.5205582943581435,0.0,0.0,0.0
anucks,30,linear,10.0,0.8088185505469673,0.7513027366362143,0.7457443467860319,1.0,1.0,1.0,1.3653155795970144,1.669557975416108,1.6975338073207344,0.0,0.0,0.0
anupwr,30,linear,10.0,0.8525807129328538,0.8055549529374986,0.7913114564720303,1.0,1.0,1.0,1.1318368258307125,1.4077562917479105,1.4871090520170165,0.0,0.0,0.0
apigcy,30,linear,10.0,0.8109927991457118,0.7685791559337389,0.7641496264545087,1.0,1.0,1.0,1.298528626414525,1.5140666623428713,1.5356992216938603,0.0,0.0,0.0
apigcy,30,nearest,10.0,0.8128354641618333,0.6537614070272315,0.6621582188324381,1.0,1.0,1.0,1.0336480707093207,1.5964336900224276,1.5401473072892893,0.0,0.0,0.0
appsri,30,linear,10.0,0.8343137921176684,0.7952911380556094,0.7973604595748349,1.0,1.0,1.0,1.1128808575117857,1.3059368640291633,1.2960569789784053,0.0,0.0,0.0
appsri,30,nearest,10.0,0.8081692897824926,0.6347785660761507,0.6242661952853511,1.0,1.0,1.0,1.0889469138039247,1.6773750596887957,1.706440744287684,0.0,0.0,0.0
apssky,30,linear,10.0,0.8186541702009884,0.776283311307809,0.780152694234297,1.0,1.0,1.0,1.2270498738695008,1.4380462976255222,1.4194305070797368,0.0,0.0,0.0
apssky,30,nearest,10.0,0.8162169537121086,0.6654234166907683,0.6840614383476771,1.0,1.0,1.0,1.0409462954768325,1.5600364182945936,1.507383551307325,0.0,0.0,0.0
aquawa,30,linear,10.0,0.8402674781384591,0.7908926945232091,0.7776601450162974,1.0,1.0,1.0,1.2577267652975601,1.5567322836803306,1.6330745413334347,0.0,0.0,0.0
aquawa,30,nearest,10.0,0.8238178263369309,0.7226626033941373,0.7181294998518803,1.0,1.0,1.0,0.9860363156407906,1.3502170351852785,1.36331596463291,0.0,0.0,0.0
arcksy,30,linear,10.0,0.7847643697745059,0.7430984116794802,0.7398723508808621,1.0,1.0,1.0,1.3556147894673087,1.5432486790707154,1.5572095718036312,0.0,0.0,0.0
arcksy,30,nearest,10.0,0.824644370576874,0.6671175193282737,0.6748519195755216,1.0,1.0,1.0,1.0179598181365048,1.5755231774799787,1.55593284254657,0.0,0.0,0.0
arcuim,30,linear,10.0,0.845482240895981,0.797619771764717,0.7883415052777909,1.0,1.0,1.0,1.2093354160906065,1.4971964425111033,1.5504999664964605,0.0,0.0,0.0
arcuim,30,nearest,10.0,0.8419758927740013,0.6843623747151022,0.6955048014534233,1.0,1.0,1.0,0.942474210911673,1.52464936524456,1.4837746915319718,0.0,0.0,0.0
arcurb,30,linear,10.0,0.7990218797052353,0.7501246341266323,0.7469305552653688,1.0,1.0,1.0,1.3268143882955785,1.5607066218474208,1.5753152654638478,0.0,0.0,0.0
arcurb,30,nearest,10.0,0.818651870307714,0.6569951345289105,0.6623495408657304,1.0,1.0,1.0,1.0252614523978019,1.5816084152770955,1.5674269405939272,0.0,0.0,0.0
arhilb,30,linear,10.0,0.8120879135670418,0.763202859612121,0.7446486164112339,1.0,1.0,1.0,1.3924405640666992,1.6659268857964056,1.7645626131934244,0.0,0.0,0.0
arhilb,30,nearest,10.0,0.818201166810835,0.6471362370424691,0.6629051102135396,1.0,1.0,1.0,1.047387321245505,1.6411836677792606,1.5945389592047459,0.0,0.0,0.0
arlwra,30,linear,10.0,0.8089070151321001,0.7451817972173201,0.7216213363276553,1.0,1.0,1.0,1.4681242479222707,1.8380986717904995,1.9667468638048706,0.0,0.0,0.0
arlwra,30,nearest,10.0,0.8268245706836126,0.6817625114395927,0.6835906311613109,1.0,1.0,1.0,1.025845615287623,1.5697226645966076,1.5653104545659455,0.0,0.0,0.0
arphau,30,linear,10.0,0.8014731569267833,0.7528027495131429,0.7506570045365595,1.0,1.0,1.0,1.3482871821398859,1.5904023192833916,1.6006337305171865,0.0,0.0,0.0
arphau,30,nearest,10.0,0.8172479462487532,0.6323777857627512,0.657739920166305,1.0,1.0,1.0,1.036584555254881,1.6663837249068405,1.583464854525693,0.0,0.0,0.0
artgag,30,linear,10.0,0.8059545793797288,0.7545325930108813,0.7330046220736108,1.0,1.0,1.0,1.4486576589657287,1.7385963147050183,1.8536662413810503,0.0,0.0,0.0
artgag,30,nearest,10.0,0.8236378804665314,0.6574359262407989,0.6658173975761188,1.0,1.0,1.0,1.0461001466754163,1.6522094895436261,1.6261471185299095,0.0,0.0,0.0
ascley,30,linear,10.0,0.8008834000787267,0.7520887827262829,0.7457342664706264,1.0,1.0,1.0,1.3513424606953202,1.5938106312852696,1.623972715374161,0.0,0.0,0.0
ashgat,30,linear,10.0,0.8028205010335424,0.728015389147457,0.7314625582653125,1.0,1.0,1.0,1.3077895966882511,1.6602518677545623,1.6449704447997429,0.0,0.0,0.0
ashgat,30,nearest,10.0,0.817363872345425,0.6445537439375538,0.6353918630497031,1.0,1.0,1.0,1.0416709078715047,1.6721082759100292,1.706138470677967,0.0,0.0,0.0
asigno,30,linear,10.0,0.7935379593394414,0.7393684912526384,0.7230829120376342,1.0,1.0,1.0,1.4986657437816377,1.7921490202067152,1.8759310334449668,0.0,0.0,0.0
asigno,30,nearest,10.0,0.8084667885743925,0.6192990905917454,0.6529180669800518,1.0,1.0,1.0,1.10658439501486,1.7616890843640656,1.6726504950506489,0.0,0.0,0.0
askmec,30,linear,10.0,0.7930177749361571,0.728741216792966,0.708924426638569,1.0,1.0,1.0,1.5237294290541363,1.8760435808862599,1.9783346024821218,0.0,0.0,0.0
askmec,30,nearest,10.0,0.8073168224507222,0.6296484892441241,0.6314924112376759,1.0,1.0,1.0,1.1524163263198444,1.8108230510674,1.8050395886820296,0.0,0.0,0.0
aslagn,30,linear,10.0,0.7990097512077614,0.7405364106811894,0.7276491185180015,1.0,1.0,1.0,1.4676564765720927,1.7860652135285493,1.8526358325807506,0.0,0.0,0.0
aslagn,30,nearest,10.0,0.7772186654032252,0.6401684674198729,0.6473228529791195,1.0,1.0,1.0,1.118313778361456,1.512862745466869,1.495416329041382,0.0,0.0,0.0
aswift,30,linear,10.0,0.8640113828871103,0.8243511603498398,0.8082613676372804,1.0,1.0,1.0,1.0913931032541722,1.3392226875750044,1.4351114342101272,0.0,0.0,0.0
aswift,30,nearest,10.0,0.8575769067735795,0.7379801317216905,0.7292745630194716,1.0,1.0,1.0,0.8835794067087762,1.3706944311103852,1.4007323953171358,0.0,0.0,0.0
atcila,30,linear,10.0,0.8349615517938795,0.7954180366062704,0.7745398095279563,1.0,1.0,1.0,1.3063818033039958,1.5493257592233292,1.6718538199477453,0.0,0.0,0.0
atcila,30,nearest,10.0,0.8394995254923319,0.6945361401881857,0.6781194713545194,1.0,1.0,1.0,0.9565064543999213,1.4987954038989415,1.5501758090033162,0.0,0.0,0.0
atfrav,30,linear,10.0,0.8671163712853673,0.8294896737200137,0.8370894532411136,1.0,1.0,1.0,0.9087930397923286,1.0996336583560768,1.0623449150226012,0.0,0.0,0.0
atfrav,30,nearest,10.0,0.8413895296391722,0.7056208690042219,0.6967781986455223,1.0,1.0,1.0,0.9481959121046963,1.4630693358812692,1.4916372246740064,0.0,0.0,0.0
atfrim,30,linear,10.0,0.7965390405728139,0.7212752179180038,0.7017357087457243,1.0,1.0,1.0,1.5236959512428438,1.9426546425767457,2.0444447765761566,0.0,0.0,0.0
atfrim,30,nearest,10.0,0.8289760004077529,0.6329717733232392,0.6257959746983442,1.0,1.0,1.0,1.096949283138716,1.8895666593692613,1.914888663826524,0.0,0.0,0.0
atidfi,30,linear,10.0,0.8178312711818772,0.7716245636396731,0.7549144120416162,1.0,1.0,1.0,1.3589029003260313,1.6202580919734495,1.7103200840212882,0.0,0.0,0.0
atidfi,30,nearest,10.0,0.8172214204274497,0.6296673177823265,0.6852231967384677,1.0,1.0,1.0,1.0240929393280132,1.6441903616732338,1.4860391242459976,0.0,0.0,0.0
atnokv,30,linear,10.0,0.8020062263234067,0.7243029519154396,0.6997129171209606,1.0,1.0,1.0,1.5098725450958672,1.9523094698482684,2.0827898756717667,0.0,0.0,0.0
atnokv,30,nearest,10.0,0.8224301355069574,0.5798458177012656,0.6148839882223432,1.0,1.0,1.0,1.0870363092059916,1.9570934218091698,1.8557869897529584,0.0,0.0,0.0
atsfiv,30,linear,10.0,0.8367897734272077,0.7342285037734517,0.6985911786901517,1.0,1.0,1.0,1.1841070573797576,1.7182051440783601,1.8842646516723391,0.0,0.0,0.0
atsfiv,30,nearest,10.0,0.8476656573468384,0.6548281677529844,0.6683340023151957,1.0,1.0,1.0,0.9693606893917663,1.7311461941924733,1.6867240649543185,0.0,0.0,0.0
atzumb,30,linear,10.0,0.8276242083514076,0.7849173434946111,0.7798999165237406,1.0,1.0,1.0,1.2357308194872405,1.465575501540085,1.4915068613113653,0.0,0.0,0.0
atzumb,30,nearest,10.0,0.8224625060550855,0.671093310709586,0.6938093025256917,1.0,1.0,1.0,1.0228133040414165,1.5439404852894187,1.4871699903050544,0.0,0.0,0.0
aucjun,30,linear,10.0,0.9362373531903729,0.9106459353052715,0.9171201286072418,1.0,1.0,1.0,0.5070276355304565,0.6652869929787447,0.6264875443313425,0.0,0.0,0.0
auctji,30,linear,10.0,0.7979361401515642,0.7232950064058141,0.7060933704192819,1.0,1.0,1.0,1.5154780538357937,1.9319783289918202,2.0219754181801757,0.0,0.0,0.0
auctji,30,nearest,10.0,0.8374997483755917,0.6448207342291327,0.6397979904869343,1.0,1.0,1.0,1.0172763225311439,1.7615748079526201,1.7724608379289915,0.0,0.0,0.0
aupcli,30,linear,10.0,0.8188858448695999,0.7119588640048586,0.6971528719291804,1.0,1.0,1.0,1.2258508100674457,1.7303007992485944,1.7932847968114152,0.0,0.0,0.0
aurjye,30,linear,10.0,0.8867570516587416,0.8419815825175174,0.8380433331178725,1.0,1.0,1.0,0.9155925605332251,1.1960379352958597,1.2195786193446474,0.0,0.0,0.0
aurjye,30,nearest,10.0,0.8089533769565361,0.6345336014956706,0.6896408226428102,1.0,1.0,1.0,1.0318473507946302,1.5770062177252366,1.42837195180551,0.0,0.0,0.0
avdyab,30,linear,10.0,0.8291219772648003,0.7873579715372836,0.785147565474629,1.0,1.0,1.0,1.2273538916122184,1.4528841507674797,1.4643805201333364,0.0,0.0,0.0
avglyb,30,linear,10.0,0.8540420669007485,0.8082079184235429,0.7982826301880268,1.0,1.0,1.0,1.1553455564109654,1.4354258645887241,1.4933591867457492,0.0,0.0,0.0
aviltl,30,linear,10.0,0.8232395603547858,0.7823755205894295,0.7745876062539502,1.0,1.0,1.0,1.260124034375913,1.478738961171171,1.518731711878363,0.0,0.0,0.0
aviltl,30,nearest,10.0,0.7928458169606822,0.6439552865420649,0.6912425219554266,1.0,1.0,1.0,1.0640168145283537,1.5017306189925168,1.380626552635307,0.0,0.0,0.0
avpavi,30,linear,10.0,0.8473350706619714,0.8071046312682708,0.8047844523674301,1.0,1.0,1.0,1.100405682285269,1.318953057447746,1.3310740078154735,0.0,0.0,0.0
avpavi,30,nearest,10.0,0.8139314678308043,0.6416512574631932,0.659816214822306,1.0,1.0,1.0,1.0617009670929018,1.6506917539594697,1.6034456170888172,0.0,0.0,0.0
awnbeb,30,linear,10.0,0.822051699971136,0.776053449807835,0.7553715901153177,1.0,1.0,1.0,1.3530803935615192,1.6199525930357224,1.7340399926539514,0.0,0.0,0.0
awrenb,30,linear,10.0,0.7988766640767997,0.760473247646066,0.7543811397039832,1.0,1.0,1.0,1.3275390933999547,1.5128326560747738,1.5411166282212787,0.0,0.0,0.0
awrenb,30,nearest,10.0,0.8374311692153548,0.6944310678229917,0.707019403916887,1.0,1.0,1.0,0.9377754938025221,1.441381317032532,1.4082317328803788,0.0,0.0,0.0
awribi,30,linear,10.0,0.8274580485588375,0.7871993316215307,0.7863249604700926,1.0,1.0,1.0,1.181112638270603,1.3852041252183676,1.389474085957853,0.0,0.0,0.0
awribi,30,nearest,10.0,0.7931140307487896,0.63586547142069,0.6765057532305774,1.0,1.0,1.0,1.1168901146603407,1.615252745941753,1.5031203947443663,0.0,0.0,0.0
aydwah,30,linear,10.0,0.8011900523555029,0.7614015531138878,0.7514329115505889,1.0,1.0,1.0,1.349754219248501,1.5490409487900234,1.596938132230318,0.0,0.0,0.0
aydwah,30,nearest,10.0,0.8245556242499642,0.6461436535452629,0.6508428151514186,1.0,0.9999999999995944,1.0,1.0499938293983346,1.7039079078589843,1.6966374998463076,0.0,0.035527935565489686,0.0
ayfsdu,30,linear,10.0,0.8330339342349067,0.7883224030950859,0.7798381822352755,1.0,1.0,1.0,1.2283248267336642,1.4769613635220666,1.5220976209583663,0.0,0.0,0.0
ayfsdu,30,nearest,10.0,0.8291242122598789,0.643360657942529,0.6491946734720841,1.0,1.0,1.0,1.0564080230354373,1.7673139856715794,1.749315946527642,0.0,0.0,0.0
aygpha,30,linear,10.0,0.8426862822373062,0.8006843467877286,0.7955427204427452,1.0,1.0,1.0,1.1504290664011716,1.3826695562239946,1.409945957865745,0.0,0.0,0.0
aygpha,30,nearest,10.0,0.7948109546736617,0.6055243591382465,0.6361928278842529,1.0,1.0,1.0,1.1247978397011285,1.7501455010134142,1.6594606472753193,0.0,0.0,0.0
aypudb,30,linear,10.0,0.832473522720892,0.7806000439735571,0.766249205829276,1.0,1.0,1.0,1.3065226243592496,1.6162419505955263,1.6977314737127955,0.0,0.0,0.0
aypudb,30,nearest,10.0,0.7977789281299718,0.6710377532946786,0.6857174438279235,1.0,1.0,1.0,1.0574195914363467,1.5961587589142472,1.5146987237841272,0.0,0.0,0.0
ayquas,30,linear,10.0,0.8106852317862984,0.7552958617156388,0.7512931794039537,1.0,1.0,1.0,1.3289258526030165,1.6156655210546658,1.6354082171164808,0.0,0.0,0.0
ayquas,30,nearest,10.0,0.8524392537649191,0.7909017459017926,0.7883851811633266,1.0,1.0,1.0,0.8375805064986156,1.0711684381494173,1.0799596424012128,0.0,0.0,0.0
ayquex,30,linear,10.0,0.8079365013102896,0.7639102587703925,0.7449627559394334,1.0,1.0,1.0,1.4164876352470883,1.662112815882851,1.7629147290326808,0.0,0.0,0.0
ayquex,30,nearest,10.0,0.8279739168466661,0.6773030659662425,0.6763287641951684,1.0,1.0,1.0,1.0044521219453553,1.5317097209088606,1.5484142992818704,0.0,0.0,0.0
ayshek,30,linear,10.0,0.8359476524631293,0.7885715050500635,0.7771665720205334,1.0,1.0,1.0,1.2509823363447483,1.5265827979984226,1.5898892815414125,0.0,0.0,0.0
ayshek,30,nearest,10.0,0.816432509745304,0.631943273707029,0.5985456538035425,1.0,1.0,1.0,1.1140500150145518,1.8037695542163448,1.9039431029772096,0.0,0.0,0.0
ayshow,30,linear,10.0,0.9932760823857418,0.9878640568048714,0.988919763300987,1.0,1.0,1.0,0.07557198332122017,0.12601280924249605,0.11651425828574671,0.0,0.0,0.0
aysmsl,30,linear,10.0,0.8107681211252535,0.7594903548010092,0.742064760357123,1.0,1.0,1.0,1.4001030021851317,1.685878218455727,1.7780884151225356,0.0,0.0,0.0
aysmsl,30,nearest,10.0,0.8233362489945646,0.6333949873939541,0.6553008679641733,1.0,1.0,1.0,1.0467664808147559,1.727685146267253,1.6621863402206065,0.0,0.0,0.0
eacder,30,linear,10.0,0.7853910716652284,0.7310461225856597,0.7210540421651911,1.0,1.0,1.0,1.463116093097741,1.733404949337412,1.7806490400746628,0.0,0.0,0.0
eadect,30,linear,10.0,0.7975485007330878,0.7255880892912536,0.7086418034155406,1.0,1.0,1.0,1.4976087931909638,1.892507993477008,1.9797733257774237,0.0,0.0,0.0
eagbac,30,linear,10.0,0.8773159681870041,0.8248562967340018,0.817996502183906,1.0,1.0,1.0,0.9910119989570988,1.3174459176595201,1.3579333631045438,0.0,0.0,0.0
eapceo,30,linear,10.0,0.7658318457246565,0.6957649548417698,0.693730560043672,1.0,1.0,1.0,1.5630966357384843,1.8970532857821298,1.9062251871784153,0.0,0.0,0.0
eapceo,30,nearest,10.0,0.8189407202338919,0.6118348817944906,0.625703972948111,1.0,0.9999999999998453,1.0,1.0959814506468504,1.8478488842409428,1.8092257495195105,0.0,0.013746787301102504,0.0
easnsv,30,linear,10.0,0.8293217472667274,0.7651559349318786,0.7503794352518975,1.0,1.0,1.0,1.3260752449153885,1.7038705558465754,1.785916416618758,0.0,0.0,0.0
eavcai,30,linear,10.0,0.8362598951200748,0.7963014699047093,0.7903111290064422,1.0,1.0,1.0,1.187115317220583,1.4059356361686939,1.4374589589111089,0.0,0.0,0.0
eavcai,30,nearest,10.0,0.8359687863617621,0.689014551998199,0.7031504592461147,1.0,1.0,1.0,0.9632807758466964,1.504482097993572,1.4632092110926371,0.0,0.0,0.0
eavfli,30,linear,10.0,0.7966682964173266,0.755246637446761,0.743639869847779,1.0,1.0,1.0,1.4039949627670243,1.6159090699192824,1.672813854316808,0.0,0.0,0.0
eavfli,30,nearest,10.0,0.8116790058394944,0.6608322613980456,0.6708027778893348,1.0,1.0,1.0,1.039606349046513,1.540011241946408,1.5148705468426749,0.0,0.0,0.0
ebcicy,30,linear,10.0,0.786032596427841,0.7429204319482468,0.7393057086150964,1.0,1.0,1.0,1.3496806029130033,1.5440209367331221,1.5596536635943008,0.0,0.0,0.0
ebdafy,30,linear,10.0,0.8164051161432364,0.769158575159425,0.7578438947670593,1.0,1.0,1.0,1.297767480293462,1.5463138294215732,1.603032628892146,0.0,0.0,0.0
ebdafy,30,nearest,10.0,0.8203816452290043,0.6261478472731347,0.6366401473639594,1.0,1.0,1.0,1.038478145581676,1.7012883277484114,1.6721565289818403,0.0,0.0,0.0
ebenfr,30,linear,10.0,0.8320541685964324,0.7796607330377674,0.7656945022749058,1.0,1.0,1.0,1.2924134570983354,1.5996963033635456,1.6775257655305147,0.0,0.0,0.0
ebenfr,30,nearest,10.0,0.8381650313259393,0.7106145301810399,0.6926247732684451,1.0,1.0,1.0,0.9876868140751601,1.489434105483212,1.5507851657776468,0.0,0.0,0.0
ebrulr,30,linear,10.0,0.8186430999187899,0.7772536867991133,0.7811029009748216,1.0,1.0,1.0,1.1921696424787278,1.390478537917686,1.372670367181553,0.0,0.0,0.0
ebrulr,30,nearest,10.0,0.7971490577366819,0.6207628586738313,0.6406953060093541,1.0,1.0,1.0,1.0907383359575966,1.7232245160877793,1.6079893018866318,0.0,0.0,0.0
ebstic,30,linear,10.0,0.8810273780829103,0.8493115710145793,0.8589747262878614,1.0,1.0,1.0,0.8339402371348358,1.0010843587382159,0.9514626701004919,0.0,0.0,0.0
eccest,30,linear,10.0,0.8015365100867138,0.7522592416784804,0.7406282076258056,1.0,1.0,1.0,1.405415282615807,1.6647198473005225,1.7230758977161806,0.0,0.0,0.0
eccest,30,nearest,10.0,0.8077422264779187,0.5905167248700853,0.695939707757705,1.0,1.0,1.0,1.0510382983906001,1.7512195294159003,1.4353644683424975,0.0,0.0,0.0
ecdiwo,30,linear,10.0,0.8063563014141676,0.7550440937042724,0.7451789978653877,1.0,1.0,1.0,1.3523023103170813,1.6169110045589337,1.665327240531249,0.0,0.0,0.0
ecdiwo,30,nearest,10.0,0.7813194259180649,0.5305776136461033,0.6065190855039015,1.0,1.0,1.0,1.1926335677693976,1.9594647635498257,1.752806479293207,0.0,0.0,0.0
ecfesy,30,linear,10.0,0.8077160918031253,0.7621313969715844,0.7481479942502614,1.0,1.0,1.0,1.37141787597027,1.6143680046585038,1.6854651021095584,0.0,0.0,0.0
ecfesy,30,nearest,10.0,0.8380333490028975,0.6959181045536816,0.7102709242033127,1.0,1.0,1.0,0.9771469144212565,1.515247174249334,1.4774576772643504,0.0,0.0,0.0
ecforj,30,linear,10.0,0.8077994215703467,0.7565525383101301,0.7401003503468673,1.0,1.0,1.0,1.4172789227592921,1.7015890946341852,1.7883378910053456,0.0,0.0,0.0
ecforj,30,nearest,10.0,0.8080669479467931,0.5891808613569924,0.6412105481086346,1.0,1.0,1.0,1.0980119886427055,1.8243915520706007,1.6818173253732591,0.0,0.0,0.0
ecgojt,30,linear,10.0,0.8117717642156226,0.7629096938757556,0.7540276385256597,1.0,1.0,1.0,1.3489130281511021,1.610365686356095,1.6557563989233601,0.0,0.0,0.0
ecgojt,30,nearest,10.0,0.8193525760461066,0.6313550525778344,0.6564681101866794,1.0,1.0,1.0,1.0632624073641481,1.7321493937678898,1.6589826490067254,0.0,0.0,0.0
ecjeod,30,linear,10.0,0.8229230741847366,0.7758281435229888,0.7716690367373327,1.0,1.0,1.0,1.2618773287351268,1.5123951449071087,1.5335894737223161,0.0,0.0,0.0
ecjeod,30,nearest,10.0,0.8558181479064956,0.7409818930757717,0.7286023492101443,1.0,1.0,1.0,0.882488675187434,1.3418327707876005,1.3847189031279643,0.0,0.0,0.0
eckeck,30,linear,10.0,0.8412523116560346,0.8007286829518658,0.8088628171238459,1.0,1.0,1.0,1.04166201409256,1.2355772149280506,1.1979267565239846,0.0,0.0,0.0
eckeck,30,nearest,10.0,0.8316312454066268,0.6978262163126752,0.7043897311558923,1.0,1.0,1.0,0.9617346197808015,1.4882099235171826,1.441266788381433,0.0,0.0,0.0
ecnopl,30,linear,10.0,0.827969326695237,0.789269389933328,0.7808083855192148,1.0,1.0,1.0,1.2338026114079688,1.4429088893461162,1.4868274476227232,0.0,0.0,0.0
eddreb,30,linear,10.0,0.8526954583933042,0.816849606460258,0.8110814257518687,1.0,1.0,1.0,1.0923887043692662,1.2953330833311871,1.3267776310390342,0.0,0.0,0.0
edeejd,30,linear,10.0,0.8301642903236588,0.7904216488817486,0.7876021894620567,1.0,1.0,1.0,1.1668359431429747,1.3694110535130248,1.3832345684814444,0.0,0.0,0.0
edeejd,30,nearest,10.0,0.8492048314572163,0.7173726058102582,0.716582239197975,1.0,1.0,1.0,0.9129870015215245,1.4165740929954878,1.4271066091588287,0.0,0.0,0.0
edglev,30,linear,10.0,0.8158205146021877,0.7689004139387259,0.7554646771745304,1.0,1.0,1.0,1.349411889055705,1.6084065596169759,1.6791513259237842,0.0,0.0,0.0
edglev,30,nearest,10.0,0.801427795859412,0.6199038544796625,0.6606240171795817,1.0,1.0,1.0,1.150809545811385,1.766777544525502,1.6610973297248022,0.0,0.0,0.0
edgrat,30,linear,10.0,0.8311077452665557,0.7845203012979021,0.7697355624690378,1.0,1.0,1.0,1.2981971997672352,1.5722349361051426,1.6551704324766425,0.0,0.0,0.0
edgrat,30,nearest,10.0,0.8089645336538667,0.6338482272386976,0.6368563175811837,1.0,1.0,1.0,1.1241070290266937,1.7547081593027853,1.7469133072627088,0.0,0.0,0.0
edjiye,30,linear,10.0,0.7736862599844228,0.7151638477803561,0.7045468298888865,1.0,1.0,1.0,1.5233277390184237,1.8081622285124594,1.8571358544753487,0.0,0.0,0.0
edjiye,30,nearest,10.0,0.8278328133748741,0.6347271677935461,0.6396859769340738,1.0,1.0,1.0,1.0514526638269097,1.7731937231286363,1.7695089414215943,0.0,0.0,0.0
edlyxy,30,linear,10.0,0.8366910169709258,0.7969149840349448,0.782588685512909,1.0,1.0,1.0,1.227623829986839,1.4561075495495475,1.5348237992481526,0.0,0.0,0.0
edlyxy,30,nearest,10.0,0.8426724598281957,0.6842363646682521,0.6823806683524475,1.0,1.0,1.0,0.9910629673965308,1.627873667847121,1.6373293662136645,0.0,0.0,0.0
edmugr,30,linear,10.0,0.823689769603596,0.7725450858992196,0.7479868048971682,1.0,1.0,1.0,1.4071387491904326,1.722018128169857,1.8653295214847816,0.0,0.0,0.0
edmugr,30,nearest,10.0,0.8319183826839877,0.6833441364219303,0.6744348384846269,1.0,1.0,1.0,1.0425939472865422,1.629360219949665,1.6616041176615648,0.0,0.0,0.0
ednill,30,linear,10.0,0.8071256781107192,0.7560785587406252,0.738042270502298,1.0,1.0,1.0,1.4417867418851973,1.730196408384621,1.8270523174370743,0.0,0.0,0.0
ednill,30,nearest,10.0,0.8136226755397011,0.6418150266297137,0.667078570586186,1.0,1.0,1.0,1.0406666055405331,1.6071194871766572,1.5425497472468386,0.0,0.0,0.0
edodbl,30,linear,10.0,0.8148145334264952,0.7758028426900578,0.7693879519933103,1.0,1.0,1.0,1.2783145112648644,1.4784458454675786,1.5100996124584736,0.0,0.0,0.0
edodbl,30,nearest,10.0,0.8305160699522032,0.7000533472160533,0.6889555272642469,1.0,1.0,1.0,0.9954907267326499,1.4811189838001404,1.5164643913784839,0.0,0.0,0.0
edombo,30,linear,10.0,0.8495625464995386,0.7513554727770018,0.7109547573195742,1.0,1.0,1.0,1.062246310943241,1.5550562555819138,1.734620455581184,0.0,0.0,0.0
edrafs,30,linear,10.0,0.7958542527916046,0.6562963459870446,0.6829210581487111,1.0,1.0,1.0,1.2041542450626885,1.7263740005596344,1.6374110874856207,0.0,0.0,0.0
edrafs,30,nearest,10.0,0.7936905683594471,0.5705751886124242,0.5964340770731614,1.0,0.9999999999980906,1.0,1.1469877377443645,1.8444297999996853,1.7801301901720776,0.0,0.1704678133626309,0.0
eedigk,30,linear,10.0,0.8028966219274789,0.7546820968268002,0.7469273580931777,1.0,1.0,1.0,1.3708601345783786,1.6187009182259258,1.6568010425714323,0.0,0.0,0.0
eedigk,30,nearest,10.0,0.7966452673239557,0.622235588661079,0.6458853032510908,1.0,1.0,1.0,1.1332564077059482,1.709025243008642,1.6437684394680439,0.0,0.0,0.0
eefayb,30,linear,10.0,0.8368849657702041,0.7904040480201378,0.775842904520135,1.0,1.0,1.0,1.2627467245308281,1.538715886177239,1.6211315376966544,0.0,0.0,0.0
eefayb,30,nearest,10.0,0.8082423154356705,0.6515730128617708,0.6575726159078604,1.0,1.0,1.0,1.0740108812400044,1.6139630612540374,1.5962059005263693,0.0,0.0,0.0
eegcef,30,linear,10.0,0.802855321496585,0.7651636271615797,0.7694056791946492,1.0,1.0,1.0,1.2257921642262957,1.3933905959730064,1.3751235725697688,0.0,0.0,0.0
eegcef,30,nearest,10.0,0.8182813498570256,0.6614644181462984,0.6927244932137895,1.0,1.0,1.0,1.034006619363742,1.5720311320155729,1.4823166820965201,0.0,0.0,0.0
eemafb,30,linear,10.0,0.8598463235532188,0.8121755637687906,0.8023971898649824,1.0,1.0,1.0,1.10327136597198,1.3919311033303219,1.448325016338614,0.0,0.0,0.0
eenjou,30,linear,10.0,0.8390493888284749,0.8005891225178302,0.8043402495671497,1.0,1.0,1.0,1.0884243665272788,1.2805653923567768,1.2624485643319983,0.0,0.0,0.0
eenjou,30,nearest,10.0,0.8199142166218186,0.731436866796679,0.7368631298891315,1.0,1.0,1.0,0.9369469576226519,1.2496596583909723,1.2372727951287836,0.0,0.0,0.0
eersdo,30,linear,10.0,0.7814670847141143,0.7340998369904675,0.7395727440011552,1.0,1.0,1.0,1.3223789785116606,1.5228618640276559,1.5005851144021312,0.0,0.0,0.0
eersdo,30,nearest,10.0,0.8108076698839036,0.607034048938444,0.6146378369883204,1.0,1.0,1.0,1.1390698028328978,1.8791256137479964,1.8565245079897241,0.0,0.0,0.0
eesbaj,30,linear,10.0,0.8114413731958077,0.7624724154879211,0.7476222065738107,1.0,1.0,1.0,1.3744220684202382,1.642431990338014,1.719790057419966,0.0,0.0,0.0
eesbaj,30,nearest,10.0,0.8217749587637206,0.6663370018598479,0.6767196469276002,1.0,1.0,1.0,1.0096170613154691,1.536991437367491,1.50641723973913,0.0,0.0,0.0
efcati,30,linear,10.0,0.8472298600238322,0.8028073657181578,0.7831703083933256,1.0,1.0,1.0,1.1983795284662297,1.4670600523502142,1.5798838093025183,0.0,0.0,0.0
efcati,30,nearest,10.0,0.8456712414644179,0.7115290188120785,0.7168594075569411,1.0,1.0,1.0,0.9380728878010962,1.4598064713787464,1.442708221873184,0.0,0.0,0.0
effneo,30,linear,10.0,0.7835094924079172,0.7343635623687848,0.7297724927770965,1.0,1.0,1.0,1.4399659716554416,1.6771808597704647,1.6983918365455068,0.0,0.0,0.0
effneo,30,nearest,10.0,0.819831342810279,0.6348349829467993,0.6511207344988991,1.0,1.0,1.0,1.0925291642329689,1.8122143903546903,1.7657144209678606,0.0,0.0,0.0
efghak,30,linear,10.0,0.8206052216985835,0.7799557517277065,0.7825084465433781,1.0,1.0,1.0,1.1823760685329467,1.377990594256731,1.3661366130460024,0.0,0.0,0.0
efghak,30,nearest,10.0,0.8335447499535757,0.6909030609371132,0.6870111387684926,1.0,1.0,1.0,0.9688712200392051,1.5005953848405442,1.5119453442239665,0.0,0.0,0.0
efgoak,30,linear,10.0,0.8599944401350589,0.8331205770075644,0.8291420578600776,1.0,1.0,1.0,1.0042700518169132,1.1511544605357833,1.1722374556222332,0.0,0.0,0.0
efgoak,30,nearest,10.0,0.8606001112608151,0.7558162523070654,0.734266750276933,1.0,1.0,1.0,0.8323902708283353,1.2468126215537574,1.3175958265718672,0.0,0.0,0.0
efmymo,30,linear,10.0,0.8539975935120505,0.7836610376829196,0.7720555651461852,1.0,1.0,1.0,0.9771559874056049,1.312654091903815,1.3636385617596503,0.0,0.0,0.0
efonve,30,linear,10.0,0.812539945152196,0.762399365571967,0.7390796940885359,1.0,1.0,1.0,1.445967968874505,1.7414299365949646,1.8718131772988789,0.0,0.0,0.0
efonve,30,nearest,10.0,0.8188225225338968,0.6495441579108218,0.6589462926267424,1.0,1.0,1.0,1.0635038590477595,1.678067502627683,1.6511642984762653,0.0,0.0,0.0
efsphe,30,linear,10.0,0.790804093033658,0.7156484963484452,0.7041957695033042,1.0,1.0,1.0,1.4899024133618304,1.8807019756840864,1.936548462565491,0.0,0.0,0.0
efsphe,30,nearest,10.0,0.823700049804109,0.5347773971151796,0.5737427582497165,1.0,1.0,1.0,1.1276442079429838,2.1990903785406846,2.086110865634245,0.0,0.0,0.0
eggfri,30,linear,10.0,0.8148692100069708,0.755787468136475,0.7542854707857631,1.0,1.0,1.0,1.3316208938024288,1.6468122261679194,1.654447499004178,0.0,0.0,0.0
eggfri,30,nearest,10.0,0.8277363213906981,0.6926489187226488,0.694191586319014,1.0,1.0,1.0,0.9822267050240102,1.4633350048198066,1.4624804697647018,0.0,0.0,0.0
eghanw,30,linear,10.0,0.8126049677078412,0.7510409585369854,0.7358474531497281,1.0,1.0,1.0,1.38943417168839,1.7308819967870592,1.8104287695477157,0.0,0.0,0.0
eghanw,30,nearest,10.0,0.817436332358319,0.6503941106250637,0.6742250563880812,1.0,1.0,1.0,1.068528117307929,1.6618612199813612,1.5924553198782663,0.0,0.0,0.0
egloha,30,linear,10.0,0.8130138603731317,0.7712267764140084,0.7648802378384221,1.0,1.0,1.0,1.2878559879963798,1.5010605801889105,1.5321419956934688,0.0,0.0,0.0
egloha,30,nearest,10.0,0.839509951415724,0.6756428014483514,0.7078708644253701,1.0,1.0,1.0,0.9564607156652085,1.5577713598801903,1.4557140040464878,0.0,0.0,0.0
egnata,30,linear,10.0,0.7612330639380394,0.7133711972851695,0.7169680635556895,1.0,1.0,1.0,1.4101872932759663,1.605251246761664,1.5911761585210178,0.0,0.0,0.0
egnata,30,nearest,10.0,0.8184391302358954,0.6258242839684659,0.6620793619005139,1.0,1.0,1.0,1.0554242550694448,1.7111858195048644,1.6162149099559648,0.0,0.0,0.0
egreos,30,linear,10.0,0.8372619705326163,0.7687790688936811,0.7402323735873066,1.0,1.0,1.0,1.3321190906362501,1.762343351457811,1.9298695624488036,0.0,0.0,0.0
egteir,30,linear,10.0,0.8337046382360004,0.7708939891594166,0.7710548333701844,1.0,1.0,1.0,1.201580796222623,1.5375233155557544,1.5367073364142814,0.0,0.0,0.0
egteir,30,nearest,10.0,0.8201949112227845,0.6615038202043056,0.6549647907439401,1.0,1.0,1.0,1.056567370023822,1.6337449931848647,1.6555475206799737,0.0,0.0,0.0
egwicj,30,linear,10.0,0.8351510644418003,0.7733948128001419,0.7547806383221902,1.0,1.0,1.0,1.2898313258055594,1.657367952291491,1.7616579066686278,0.0,0.0,0.0
eiboid,30,linear,10.0,0.8271426206331676,0.7721300034894754,0.7561082216265611,1.0,1.0,1.0,1.322329091193327,1.6418616624206555,1.7300350544442007,0.0,0.0,0.0
eicmyn,30,linear,10.0,0.8753308755978421,0.8438762919388353,0.8354152151725998,1.0,1.0,1.0,0.9567767022992721,1.1435867868613219,1.1919046762332928,0.0,0.0,0.0
eifvid,30,linear,10.0,0.8411795295244244,0.7934296946035417,0.7813772315270228,1.0,1.0,1.0,1.2361661633216536,1.521362121597533,1.5900192069549417,0.0,0.0,0.0
eifvid,30,nearest,10.0,0.8453130133893695,0.688154182300518,0.6910640598978061,1.0,1.0,1.0,0.9470295006637072,1.5497247178841533,1.539847954906119,0.0,0.0,0.0
eincuf,30,linear,10.0,0.9688029193775666,0.9527909079906788,0.9568789132454143,1.0,1.0,1.0,0.2727974626003765,0.3840370655026428,0.3565477194160556,0.0,0.0,0.0
eitpem,30,linear,10.0,0.9061644439053517,0.8615956258720006,0.869040645774647,1.0,1.0,1.0,0.7306511216158991,0.9952578311318545,0.9529414225172328,0.0,0.0,0.0
ejcrur,30,linear,10.0,0.8579256653312886,0.8056460070068423,0.8098192293831005,1.0,1.0,1.0,1.0616063572643908,1.3561213237260075,1.333616309845046,0.0,0.0,0.0
ejcrur,30,nearest,10.0,0.8343520850169305,0.7755007258960124,0.747867043653473,1.0,1.0,1.0,0.9101972879320849,1.1241212913123022,1.214262591516075,0.0,0.0,0.0
ejesba,30,linear,10.0,0.8628091518177846,0.8234087273006379,0.8231555697268862,1.0,1.0,1.0,1.0325724827126694,1.2591864630571343,1.2605894288087587,0.0,0.0,0.0
ejesba,30,nearest,10.0,0.8066070528185563,0.6107818392328184,0.6438050900719848,1.0,1.0,1.0,1.0955309538887916,1.7721666327202124,1.6640243330139501,0.0,0.0,0.0
ejkipu,30,linear,10.0,0.8292554382926718,0.7694629475003307,0.7585989993817124,1.0,1.0,1.0,1.3094903372493039,1.6566827140099234,1.716461630175595,0.0,0.0,0.0
ejkipu,30,nearest,10.0,0.8356593834675536,0.6503878765233119,0.6530919441905969,1.0,1.0,1.0,1.0261709425554786,1.7448678596557048,1.7367717190632552,0.0,0.0,0.0
ejnoax,30,linear,10.0,0.8541998965076538,0.7998228899662905,0.7803828712780009,1.0,1.0,1.0,1.1824299022173153,1.5229906137108866,1.6379362896582257,0.0,0.0,0.0
ejshig,30,linear,10.0,0.8026478868553881,0.7532178947289532,0.7409266901372304,1.0,1.0,1.0,1.3993267461892862,1.659863748015836,1.7215911619694753,0.0,0.0,0.0
ejshig,30,nearest,10.0,0.8138567010881853,0.6371503654356862,0.6447039138686396,1.0,1.0,1.0,1.1134583642412001,1.7593409113691818,1.7432050169513924,0.0,0.0,0.0
ejtobu,30,linear,10.0,0.7983260957983875,0.7519946990646038,0.7424432607944862,1.0,1.0,1.0,1.3952095056190255,1.6319570435033173,1.6786219999848826,0.0,0.0,0.0
ejtobu,30,nearest,10.0,0.8182055775706191,0.6487536264254531,0.6929006893874633,1.0,1.0,1.0,1.0109669284283307,1.5872015182794723,1.4561448127420358,0.0,0.0,0.0
ekenuc,30,linear,10.0,0.8042454327799814,0.7543315078941675,0.7409542440722999,1.0,1.0,1.0,1.4151283174359144,1.6850527170877476,1.7539723094575481,0.0,0.0,0.0
ekenuc,30,nearest,10.0,0.8280136828951631,0.6792371882944594,0.6911658829152981,1.0,1.0,1.0,0.96447898848007,1.4707902536168747,1.4439895277649506,0.0,0.0,0.0
ekfrab,30,linear,10.0,0.822901922684914,0.7543174595916214,0.7317660745752531,1.0,1.0,1.0,1.412173091815554,1.8288408891889152,1.9574343515145076,0.0,0.0,0.0
ekfrab,30,nearest,10.0,0.8295293443072982,0.6303589370215498,0.6094782431607738,1.0,1.0,1.0,1.0546009128288203,1.8086760617613726,1.8718988699781411,0.0,0.0,0.0
ektamy,30,linear,10.0,0.7923242040845773,0.7527468441980493,0.7477462998644617,1.0,1.0,1.0,1.3600439447949728,1.5486548478085747,1.5715917535426087,0.0,0.0,0.0
ektamy,30,nearest,10.0,0.8092831887375247,0.6598444116038721,0.6593028471907434,1.0,1.0,1.0,1.068307189941775,1.5858738773142051,1.5915714680621147,0.0,0.0,0.0
ektuyo,30,linear,10.0,0.8777433605566051,0.8475575031472868,0.8429205161221451,1.0,1.0,1.0,0.9233572840865591,1.0991503334198114,1.125206929787855,0.0,0.0,0.0
ekyosj,30,linear,10.0,0.7924179927789345,0.7494963888306768,0.7344843120658737,1.0,1.0,1.0,1.4549511005644078,1.6786754671180173,1.753489442128058,0.0,0.0,0.0
ekyosj,30,nearest,10.0,0.8250150760925613,0.6434321124636119,0.6629196441264164,1.0,0.9999999999997643,1.0,1.0534401627389591,1.7201452529306998,1.661937126200186,0.0,0.02145404647249469,0.0
elafle,30,linear,10.0,0.8171712560572837,0.7759597355028682,0.7617842275061997,1.0,1.0,1.0,1.3187098723436859,1.5425285612161626,1.6161517356083503,0.0,0.0,0.0
elafle,30,nearest,10.0,0.8201298299364254,0.7013324524574394,0.7201450292155896,1.0,1.0,1.0,0.9518244159391562,1.3755809261603225,1.2863564058088495,0.0,0.0,0.0
elbnax,30,linear,10.0,0.79490068188111,0.7369919761544942,0.7230419213879118,1.0,1.0,1.0,1.4672835999234854,1.7741255850965032,1.8441571224380973,0.0,0.0,0.0
elbnax,30,nearest,10.0,0.8250204160777305,0.6658300969630672,0.6646691208807001,1.0,1.0,1.0,1.0248866808223809,1.6008746097085453,1.6045380228950488,0.0,0.0,0.0
elfyea,30,linear,10.0,0.7814471322921064,0.740973319275754,0.7498579922243612,1.0,1.0,1.0,1.2649803084804607,1.4267153930281782,1.392314879508655,0.0,0.0,0.0
elhuyo,30,linear,10.0,0.8236545873799408,0.7573861596751468,0.7757490768557487,1.0,1.0,1.0,1.0247073752237177,1.2845877322569157,1.2163557958903388,0.0,0.0,0.0
ellimt,30,linear,10.0,0.834919268555735,0.7895616968447605,0.7774619913538026,1.0,1.0,1.0,1.2381351295500433,1.4967331309460454,1.5625652445035276,0.0,0.0,0.0
ellimt,30,nearest,10.0,0.8346829091308464,0.5589655557413338,0.642921956081123,1.0,1.0,1.0,1.0307337213897103,2.013994563236471,1.7693405262413107,0.0,0.0,0.0
elswck,30,linear,10.0,0.7980118609260396,0.7523686308408697,0.7423754257610808,1.0,1.0,1.0,1.396876670758547,1.630115905808222,1.6789509362631287,0.0,0.0,0.0
elswck,30,nearest,10.0,0.8161325453886737,0.6315097082887072,0.6385968996522844,1.0,1.0,1.0,1.0547748516021387,1.6793909074300104,1.661079621691845,0.0,0.0,0.0
elvgid,30,linear,10.0,0.9324818692976341,0.8959457299780565,0.8986249023574813,1.0,1.0,1.0,0.5133650335793184,0.723323666285847,0.7087251432539696,0.0,0.0,0.0
elwesn,30,linear,10.0,0.8310654723893749,0.7998146175226254,0.8001152481877762,1.0,1.0,1.0,1.0919510345795072,1.2397704118566764,1.2383921265583886,0.0,0.0,0.0
elwesn,30,nearest,10.0,0.8215913197201714,0.698031818103656,0.7147067674270917,1.0,1.0,1.0,0.9577256697695954,1.3473487351360014,1.3077430759278077,0.0,0.0,0.0
enarwe,30,linear,10.0,0.8410262825484551,0.7895500095031487,0.774056058958556,1.0,1.0,1.0,1.294757177097756,1.6199026771305354,1.713042682331382,0.0,0.0,0.0
enarwe,30,nearest,10.0,0.8237403435362435,0.6741763122220081,0.699288777239236,1.0,1.0,1.0,1.0045314537333412,1.519894839856905,1.4494686989599337,0.0,0.0,0.0
enekbl,30,linear,10.0,0.8161902719869474,0.76723721119871,0.7668172286061357,1.0,1.0,1.0,1.271003815598769,1.5206370452379367,1.5226903575112523,0.0,0.0,0.0
enekbl,30,nearest,10.0,0.7965491667047504,0.6678721236468848,0.6802893707577463,1.0,1.0,1.0,1.077632528098173,1.4943491890323022,1.4584492228843755,0.0,0.0,0.0
enidmo,30,linear,10.0,0.856188629287514,0.8083177337242178,0.7949036026833269,1.0,1.0,1.0,1.1693795504187345,1.4717064607639845,1.5523901162215925,0.0,0.0,0.0
enidmo,30,nearest,10.0,0.8282141890829344,0.6604181001931959,0.6723036263151005,1.0,1.0,1.0,1.0041237374499967,1.5893640862723848,1.5608054895827888,0.0,0.0,0.0
enjubp,30,linear,10.0,0.7945070196286473,0.7503815280210342,0.7442882588361162,1.0,1.0,1.0,1.3841762801539972,1.6019446917881723,1.630793179688845,0.0,0.0,0.0
enjubp,30,nearest,10.0,0.8079056150137962,0.6324283447243315,0.6337227359290699,1.0,1.0,1.0,1.089775687048899,1.6809055432268951,1.6786217787012,0.0,0.0,0.0
enkkan,30,linear,10.0,0.8350178074026765,0.805267361370469,0.7973806748917432,1.0,1.0,1.0,1.1690775943320642,1.3285553098411862,1.36942397839002,0.0,0.0,0.0
enkkan,30,nearest,10.0,0.7989275264106339,0.6795948020416639,0.6768263940506686,1.0,1.0,1.0,1.1237489714117435,1.5281169139010093,1.545645956652718,0.0,0.0,0.0
enyene,30,linear,10.0,0.9066179585926019,0.8599044934082563,0.8454591354231891,1.0,1.0,1.0,0.6890480778422912,0.9466305111956478,1.0205704569097076,0.0,0.0,0.0
enyons,30,linear,10.0,0.7910061276919442,0.7423604977079477,0.7356226459373665,1.0,1.0,1.0,1.402050058008599,1.639861317191397,1.671336663400564,0.0,0.0,0.0
enyons,30,nearest,10.0,0.8203354533109416,0.6726453814424891,0.6686212875407511,1.0,1.0,1.0,1.0598645750170286,1.603239970659108,1.6184121918869654,0.0,0.0,0.0
eoccoi,30,linear,10.0,0.785348552395019,0.7303528384941214,0.7111419562129737,1.0,1.0,1.0,1.5197976305964918,1.807632841879465,1.90278678887319,0.0,0.0,0.0
eoccoi,30,nearest,10.0,0.8166148308222781,0.617320278069598,0.624515090401405,1.0,1.0,1.0,1.1207098916193012,1.8591004547033094,1.840597873124435,0.0,0.0,0.0
eoffri,30,linear,10.0,0.837343919090252,0.7933526009140723,0.7746127539425252,1.0,1.0,1.0,1.2761055600568483,1.5423740815545495,1.650446473020633,0.0,0.0,0.0
eoffri,30,nearest,10.0,0.8083961046396861,0.6964367445612588,0.6897351833694166,1.0,1.0,1.0,1.0476695993187355,1.4273297873759292,1.4489790032197978,0.0,0.0,0.0
eoivqu,30,linear,10.0,0.824210566380577,0.7510473231663564,0.7369116547629155,1.0,1.0,1.0,1.3575688039711524,1.782244804613605,1.8592284411548399,0.0,0.0,0.0
eokrac,30,linear,10.0,0.8116321920236393,0.7618685065239552,0.7540519236931152,1.0,1.0,1.0,1.349690077364761,1.615718804436916,1.655633135893221,0.0,0.0,0.0
eokrac,30,nearest,10.0,0.8101140512501773,0.7058251114940118,0.7111249685362357,1.0,1.0,1.0,1.0008351778104037,1.3332586169855916,1.3174388170066553,0.0,0.0,0.0
eolgug,30,linear,10.0,0.8349193776368915,0.7895101959287452,0.786353248112728,1.0,1.0,1.0,1.169619834646658,1.4096548323398768,1.4256399717562243,0.0,0.0,0.0
eolgug,30,nearest,10.0,0.8044319069588988,0.6434582227954566,0.6418778976073445,1.0,1.0,1.0,1.104111417055384,1.6528586637586349,1.6573575488449308,0.0,0.0,0.0
eoslui,30,linear,10.0,0.7958524317358291,0.7623266460717997,0.7586156276806209,1.0,1.0,1.0,1.2578598822014384,1.4055263999665637,1.4213044235060648,0.0,0.0,0.0
eoslui,30,nearest,10.0,0.7987469442648426,0.6456922950685836,0.6482476940491997,1.0,1.0,1.0,1.1269331769714717,1.6433601399296884,1.6378964963846985,0.0,0.0,0.0
eovsyt,30,linear,10.0,0.801595256605048,0.7508012179745933,0.7454331830953927,1.0,1.0,1.0,1.3778123767960346,1.637826187754895,1.6640891051987405,0.0,0.0,0.0
eovsyt,30,nearest,10.0,0.8147192846075157,0.612242568412321,0.6359714921458741,1.0,1.0,1.0,1.0815899924815133,1.7835188533323518,1.7159346125121036,0.0,0.0,0.0
eoydba,30,linear,10.0,0.8766012279658496,0.8386870658716864,0.8319104493705436,1.0,1.0,1.0,0.9092485721229787,1.1213800807709098,1.1575844164683422,0.0,0.0,0.0
eoydba,30,nearest,10.0,0.8863477928672641,0.7607557937730477,0.8137490767106192,1.0,1.0,1.0,0.7381391872571853,1.2722695724814128,1.0660643132176515,0.0,0.0,0.0
epabca,30,linear,10.0,0.7846167368692242,0.7370117328823461,0.7396934803686899,1.0,1.0,1.0,1.3563046878885396,1.569523717591031,1.557981351705865,0.0,0.0,0.0
epabca,30,nearest,10.0,0.8374529724205719,0.69778289153719,0.6928745160826987,1.0,1.0,1.0,0.9815821322788024,1.5110339024933948,1.5344324511974232,0.0,0.0,0.0
epemva,30,linear,10.0,0.80626122531187,0.7679552033363605,0.7705345832504509,1.0,1.0,1.0,1.2531209963424685,1.4329909501480647,1.4212691074133843,0.0,0.0,0.0
epemva,30,nearest,10.0,0.8330505284331288,0.7026165182527447,0.7007679105946504,1.0,1.0,1.0,0.9761272075585433,1.455111714374498,1.4619734496593277,0.0,0.0,0.0
epkiap,30,linear,10.0,0.7915305866621192,0.7390045893257361,0.7301252165921087,1.0,1.0,1.0,1.431067276175779,1.6952527363749796,1.737789526091025,0.0,0.0,0.0
epkiap,30,nearest,10.0,0.8203757299080143,0.6698639278088386,0.6509990775104546,1.0,1.0,1.0,1.0692611108166021,1.6346141761628914,1.6935957535494905,0.0,0.0,0.0
equioc,30,linear,10.0,0.8222783830417859,0.7734335906856347,0.7498614096543411,1.0,1.0,1.0,1.401497845193394,1.6980593739677519,1.8339299042750727,0.0,0.0,0.0
equioc,30,nearest,10.0,0.8321843289599699,0.6897903191317878,0.6948396516981501,1.0,1.0,1.0,0.9870045505421678,1.5035349350445313,1.4920838745674128,0.0,0.0,0.0
equoaw,30,linear,10.0,0.8611379292844556,0.825552907800815,0.8218338605359279,1.0,1.0,1.0,1.0214332515425326,1.2207616289582772,1.2408220632441294,0.0,0.0,0.0
equoaw,30,nearest,10.0,0.8262658176114592,0.6689560477875478,0.675005669625701,1.0,1.0,1.0,1.0289957106512293,1.616087352361001,1.60160355576831,0.0,0.0,0.0
erjboy,30,linear,10.0,0.8257240124796987,0.7750831821753263,0.763108041078723,1.0,1.0,1.0,1.312291355045452,1.601335506755027,1.6664378133049766,0.0,0.0,0.0
erjboy,30,nearest,10.0,0.8337363965264751,0.6556645106509073,0.6530011559865622,1.0,1.0,1.0,1.03143262371758,1.721895886610196,1.730028399654752,0.0,0.0,0.0
erjcre,30,linear,10.0,0.8034715303795863,0.7566224186734287,0.7527014200745219,1.0,1.0,1.0,1.304515871536889,1.5307448505310952,1.548864071397432,0.0,0.0,0.0
erjcre,30,nearest,10.0,0.8276032061414889,0.6957875815646233,0.706744416198368,1.0,1.0,1.0,0.9521503929511326,1.400497029006786,1.3674887559769633,0.0,0.0,0.0
erjtai,30,linear,10.0,0.8111545378336048,0.7490072403447379,0.7402963623457904,1.0,1.0,1.0,1.3760538990586106,1.7126474543457757,1.7573266305367954,0.0,0.0,0.0
erulgh,30,linear,10.0,0.8332812007859203,0.7855651486310053,0.766489173488857,1.0,1.0,1.0,1.3014955642504686,1.5876482190215255,1.6963826876085113,0.0,0.0,0.0
erulgh,30,nearest,10.0,0.8271273122609408,0.6928678558235873,0.6903006633536479,1.0,1.0,1.0,1.0337142515282782,1.552987404228777,1.562469147257569,0.0,0.0,0.0
erwumu,30,linear,10.0,0.8232341529795023,0.7826392231794476,0.7739741423569262,1.0,1.0,1.0,1.2601539989337953,1.477375865059912,1.5218605352402244,0.0,0.0,0.0
erwumu,30,nearest,10.0,0.8139236669676398,0.6828738959437191,0.6913251516289923,1.0,1.0,1.0,1.0145445132765443,1.4496264648870585,1.4250448375928957,0.0,0.0,0.0
eryeig,30,linear,10.0,0.7919972014491194,0.742163126589246,0.735725519363297,1.0,1.0,1.0,1.39700104987149,1.6407881615018742,1.6708586441179714,0.0,0.0,0.0
eryeig,30,nearest,10.0,0.8101176600564455,0.6254609949375132,0.6603190964896986,1.0,1.0,1.0,1.0751268125358981,1.682710349520019,1.5944506258049924,0.0,0.0,0.0
eshria,30,linear,10.0,0.8524030768305466,0.8153167950507001,0.8172282831504185,1.0,1.0,1.0,1.0465845571622763,1.244265294310182,1.2344182828190768,0.0,0.0,0.0
eshria,30,nearest,10.0,0.8292943412734833,0.709718572885564,0.695719312521534,1.0,1.0,1.0,0.9680875709063888,1.3901464894288462,1.4364540109804886,0.0,0.0,0.0
eshroa,30,linear,10.0,0.8177436309045345,0.7757448565966056,0.7593302935705921,1.0,1.0,1.0,1.3594170457707693,1.5977041454392351,1.6867359456636597,0.0,0.0,0.0
eshroa,30,nearest,10.0,0.7914919127355088,0.6235949875551597,0.6465123464583283,1.0,1.0,1.0,1.06909880792741,1.552051205984437,1.4974089914328106,0.0,0.0,0.0
esnddc,30,linear,10.0,0.8357258139869934,0.8027037379500456,0.8012152120057523,1.0,1.0,1.0,1.1372599683326032,1.3083763354352305,1.31584536697854,0.0,0.0,0.0
esnddc,30,nearest,10.0,0.839440102335052,0.7716686633450002,0.7595765302068951,1.0,1.0,1.0,0.8752014361730655,1.185959725961114,1.2140171451838633,0.0,0.0,0.0
esudce,30,linear,10.0,0.8517780734684733,0.805118428688119,0.7967713339015494,1.0,1.0,1.0,1.1367427781713808,1.410215483382004,1.4569057650559085,0.0,0.0,0.0
esudce,30,nearest,10.0,0.8420947598926867,0.7003632012634255,0.6632366203699721,1.0,1.0,1.0,0.945085069270128,1.4801200690370544,1.5952145140468732,0.0,0.0,0.0
etalra,30,linear,10.0,0.7914898946759049,0.7169658099587858,0.690045526541855,1.0,1.0,1.0,1.608096693464051,2.0397835834650966,2.185607806978137,0.0,0.0,0.0
etalra,30,nearest,10.0,0.8335775458829324,0.6415425046577081,0.6583428373557143,1.0,1.0,1.0,0.9822999760681589,1.6583103314864633,1.609710000082418,0.0,0.0,0.0
etirnf,30,linear,10.0,0.866616997255909,0.7825090233812978,0.7613122352626536,1.0,1.0,1.0,0.9410970496729967,1.3661339282308862,1.4629325307623866,0.0,0.0,0.0
etnads,30,linear,10.0,0.8092226858710274,0.7708108450164259,0.759249085821857,1.0,1.0,1.0,1.3368432313992127,1.5379450313993328,1.5960440206853692,0.0,0.0,0.0
etnads,30,nearest,10.0,0.8239949792865789,0.6857290720821099,0.6848649951012721,1.0,1.0,1.0,0.975343483737456,1.438363881612786,1.4447230179867236,0.0,0.0,0.0
eufdod,30,linear,10.0,0.8091648531256579,0.7584699397261208,0.7583977898461234,1.0,1.0,1.0,1.2757206975736528,1.5221656519138371,1.5225011925610088,0.0,0.0,0.0
eufdod,30,nearest,10.0,0.8403515889125678,0.6540756120115052,0.6677418473064723,1.0,1.0,1.0,1.003286998691801,1.731564069087625,1.6883258299864716,0.0,0.0,0.0
evbacc,30,linear,10.0,0.792389537294509,0.7492021190113992,0.7442258529185556,1.0,1.0,1.0,1.394999926662888,1.607550761685788,1.6310871760340542,0.0,0.0,0.0
evbacc,30,nearest,10.0,0.8100207860982829,0.6305414228341777,0.6495737332580378,1.0,1.0,1.0,1.0552599540728063,1.6313090247083268,1.5858109791260064,0.0,0.0,0.0
evdyff,30,linear,10.0,0.812485521309384,0.7574379989522948,0.7441962831066694,1.0,1.0,1.0,1.3901289130882348,1.6968609647221045,1.766934106328935,0.0,0.0,0.0
evdyff,30,nearest,10.0,0.8050970637538075,0.6133545689106672,0.6322874623525253,1.0,1.0,1.0,1.1419817284235103,1.8159797895353234,1.760564209460806,0.0,0.0,0.0
evfler,30,linear,10.0,0.843819297034537,0.7945980602520214,0.7850343449384792,1.0,1.0,1.0,1.1653902441966257,1.4431752547715904,1.4945267901596977,0.0,0.0,0.0
evijce,30,linear,10.0,0.9020361909634775,0.8522308219973869,0.84795078801038,1.0,1.0,1.0,0.8250167576913295,1.1510403359522574,1.1775937321520746,0.0,0.0,0.0
evjoko,30,linear,10.0,0.809635179058495,0.7674040567357333,0.75288083578875,1.0,1.0,1.0,1.360788094130626,1.5871589997036262,1.6615719471090948,0.0,0.0,0.0
evjoko,30,nearest,10.0,0.8389686391599845,0.7036481599338377,0.6914811329202885,1.0,0.996914444426487,1.0,0.9617254964283801,1.4769402956761761,1.519334910162439,0.0,0.023428019245263807,0.0
evmaja,30,linear,10.0,0.9227114700762017,0.8837527226998246,0.8873238058287354,1.0,1.0,1.0,0.6696288255554713,0.9352188297950872,0.9118756976213463,0.0,0.0,0.0
evtitd,30,linear,10.0,0.8267552651516612,0.7831355964875706,0.7655418422067815,1.0,1.0,1.0,1.341922029094966,1.6016660223141337,1.7017046545900576,0.0,0.0,0.0
ewbglo,30,linear,10.0,0.8048629982507278,0.7415966900875617,0.7342714318651677,1.0,1.0,1.0,1.3871579369115652,1.7182559549657186,1.7545382133113248,0.0,0.0,0.0
ewbglo,30,nearest,10.0,0.8637290731414398,0.740824857115031,0.7350198593917259,1.0,1.0,1.0,0.8908000565791419,1.4272851449320216,1.449433699331924,0.0,0.0,0.0
ewedkl,30,linear,10.0,0.8805429946507167,0.8474535100387911,0.8578671927673104,1.0,1.0,1.0,0.836589906596234,1.0105033347964836,0.957205279860655,0.0,0.0,0.0
ewufri,30,linear,10.0,0.8368044406227084,0.7884208003227884,0.7734027942637102,1.0,1.0,1.0,1.2794870280869157,1.5711072839810327,1.6573226339851743,0.0,0.0,0.0
ewufri,30,nearest,10.0,0.8209748906790605,0.6623075603534468,0.6815941266617841,1.0,1.0,1.0,1.0138987918613611,1.5719216670285359,1.5125295028824204,0.0,0.0,0.0
ewvnil,30,linear,10.0,0.8202627163839641,0.7756579146074671,0.7664398467453921,1.0,1.0,1.0,1.2765763149056368,1.5132654153145286,1.560036044960166,0.0,0.0,0.0
exskaf,30,linear,10.0,0.7911369076167465,0.7359778588283745,0.7234373732349092,1.0,1.0,1.0,1.4618515408786028,1.7461219294492698,1.807474260314681,0.0,0.0,0.0
exskaf,30,nearest,10.0,0.8313537939640627,0.6513237483933578,0.6816597213419071,1.0,1.0,1.0,1.0090644532164659,1.6618741950341889,1.5760878276740498,0.0,0.0,0.0
eybmij,30,linear,10.0,0.798587429045568,0.7510662159470012,0.7450137578993793,1.0,1.0,1.0,1.3632070009062203,1.5986852602486956,1.6273731630807293,0.0,0.0,0.0
eybmij,30,nearest,10.0,0.82963513253159,0.677386846706255,0.7007262994478336,1.0,1.0,1.0,0.9933240012373827,1.5440479234041964,1.474307605899592,0.0,0.0,0.0
eybyay,30,linear,10.0,0.7895073794055527,0.7215793844948283,0.7118794190169265,1.0,1.0,1.0,1.4970314631246977,1.8514173187847909,1.8991825643925835,0.0,0.0,0.0
eybyay,30,nearest,10.0,0.8344768213327691,0.6345132405489727,0.6350323583057126,1.0,1.0,1.0,1.0571355611654034,1.8518815366389887,1.848941828644927,0.0,0.0,0.0
eydadg,30,linear,10.0,0.935762861364348,0.8892472319413574,0.8852340805744032,1.0,1.0,1.0,0.47251432097680174,0.7236879029003174,0.7436579598564772,0.0,0.0,0.0
eydadg,30,nearest,10.0,0.8161909157636771,0.6495284585977708,0.6849933540212015,1.0,1.0,1.0,0.9796698844458257,1.4899727277286965,1.3981422067877027,0.0,0.0,0.0
eytups,30,linear,10.0,0.7993128302326493,0.7284263332544447,0.711028054356153,1.0,1.0,1.0,1.5073631235330813,1.904722301372161,1.9963713120633735,0.0,0.0,0.0
eytups,30,nearest,10.0,0.8135212043992492,0.5427916445768514,0.6396775532627479,1.0,1.0,1.0,1.1270373352146559,2.0563149473114395,1.7795933309943104,0.0,0.0,0.0
iacbyb,30,linear,10.0,0.8940604584632943,0.8666106619049914,0.866694477589766,1.0,1.0,1.0,0.805364197373265,0.9668287386963741,0.9663509672158038,0.0,0.0,0.0
iacbyb,30,nearest,10.0,0.8254115744487394,0.6453262657157033,0.6808975972813661,1.0,1.0,1.0,1.0172711310704805,1.6475204443305804,1.5416074873331471,0.0,0.0,0.0
iackaw,30,linear,10.0,0.7888714105641745,0.7454822489230175,0.7494250642188958,1.0,1.0,1.0,1.336347351033146,1.5328820424080156,1.5156408843571838,0.0,0.0,0.0
iackaw,30,nearest,10.0,0.8049615827061433,0.6290095753610392,0.6497680468515026,1.0,1.0,1.0,1.1145580246749593,1.7270084077007468,1.6632051953828157,0.0,0.0,0.0
iafbag,30,linear,10.0,0.8575579834279904,0.8247692804427842,0.8208373609225368,1.0,1.0,1.0,1.0421291863100133,1.2249999368187987,1.2461739104260119,0.0,0.0,0.0
iafbag,30,nearest,10.0,0.8161650312243225,0.6468594793693019,0.6734512787658046,1.0,1.0,1.0,1.0560649827852726,1.6431226179427483,1.5644587302617614,0.0,0.0,0.0
iafstn,30,linear,10.0,0.7997353201493214,0.7568821026938486,0.7558957365103536,1.0,1.0,1.0,1.3232511783220386,1.5295405932773318,1.5341119560485674,0.0,0.0,0.0
iafstn,30,nearest,10.0,0.8160109548567899,0.6467325561812696,0.6599020470045921,1.0,1.0,1.0,1.0427455546481412,1.619584682651589,1.5810971508212723,0.0,0.0,0.0
iaggri,30,linear,10.0,0.8520237277836948,0.7897434903128331,0.7647044189501848,1.0,1.0,1.0,1.2218026252339678,1.618726639180667,1.7682940007481593,0.0,0.0,0.0
iagods,30,linear,10.0,0.8419016368272861,0.7746511254221295,0.7788572174316748,1.0,1.0,1.0,0.9459374905316346,1.220512561795823,1.2045342725121222,0.0,0.0,0.0
iagods,30,nearest,10.0,0.7889757383376169,0.603038357978015,0.6076227070295893,1.0,1.0,1.0,1.1654845457364726,1.7630687827481089,1.7510711612376881,0.0,0.0,0.0
iahoro,30,linear,10.0,0.8277381656219216,0.7931054042995633,0.7888731430278901,1.0,1.0,1.0,1.1796383388844744,1.3561885766297528,1.3770117426792274,0.0,0.0,0.0
iapber,30,linear,10.0,0.8269057869322579,0.7848354185692857,0.7774652023794169,1.0,1.0,1.0,1.2397408454823686,1.4660006287623564,1.5040136299568818,0.0,0.0,0.0
iapber,30,nearest,10.0,0.8040190319767355,0.6636183822670484,0.6937510698828265,1.0,1.0,1.0,1.0687724144414028,1.5339922867976852,1.4448220264486724,0.0,0.0,0.0
iatmeu,30,linear,10.0,0.8406835051712286,0.77489554398871,0.7548590467772006,1.0,1.0,1.0,1.2838721356930158,1.6894852611898192,1.8054900245969092,0.0,0.0,0.0
iatojb,30,linear,10.0,0.7716354837461064,0.7212297891960711,0.728352052624812,1.0,1.0,1.0,1.365463086106947,1.5743802615205278,1.5460191679411168,0.0,0.0,0.0
iatojb,30,nearest,10.0,0.8006566932761255,0.6556974426565418,0.6679843603759016,1.0,1.0,1.0,1.0568418154439303,1.5591584318440659,1.4936147301286085,0.0,0.0,0.0
iawxbe,30,linear,10.0,0.8193447154765615,0.7492348885275095,0.7326747046604289,1.0,1.0,1.0,1.4199302298180296,1.8374816218179262,1.9302825773618753,0.0,0.0,0.0
iawxbe,30,nearest,10.0,0.830185169295213,0.6310849327707835,0.6126745493963901,1.0,1.0,1.0,1.051578840840458,1.806429667635328,1.862393705850999,0.0,0.0,0.0
ibflsr,30,linear,10.0,0.8294086690287037,0.7835397976735989,0.7737003598007488,1.0,1.0,1.0,1.2903186444098322,1.5546489893289983,1.608912938860531,0.0,0.0,0.0
ibflsr,30,nearest,10.0,0.8382815144039157,0.7368505956843565,0.7359682084345791,1.0,1.0,1.0,0.9363445234861401,1.3212319651479087,1.32812793433719,0.0,0.0,0.0
ibgryk,30,linear,10.0,0.839255358994027,0.7866992490593198,0.7749569266446954,1.0,1.0,1.0,1.2480999001417052,1.5598564767628917,1.6260885288958082,0.0,0.0,0.0
ibgryk,30,nearest,10.0,0.784374226108552,0.5890702151087841,0.6332274376840223,1.0,1.0,1.0,1.1544181166324148,1.7970397603785646,1.6368677853275235,0.0,0.0,0.0
iblool,30,linear,10.0,0.8274987853649507,0.7851389579876678,0.7783104004332817,1.0,1.0,1.0,1.236431270883833,1.4644252060957499,1.4996775929245911,0.0,0.0,0.0
iblool,30,nearest,10.0,0.8442597969127109,0.7455691131091814,0.7444866308629636,1.0,1.0,1.0,0.9217551058229903,1.3015614010658438,1.30887221680434,0.0,0.0,0.0
ibpijd,30,linear,10.0,0.8453566665987096,0.804267520026161,0.8086050747654748,1.0,1.0,1.0,1.0852692869969114,1.3005079455203223,1.278565207818608,0.0,0.0,0.0
ibpijd,30,nearest,10.0,0.8204194506640524,0.6333345890127451,0.6555592216603029,1.0,1.0,1.0,1.0566086859166728,1.7282162543084008,1.659970388313176,0.0,0.0,0.0
ibwici,30,linear,10.0,0.8314324094674441,0.7749145688716412,0.7680839846138137,1.0,1.0,1.0,1.2587260103714066,1.5762680612825433,1.6127466432556483,0.0,0.0,0.0
ibwici,30,nearest,10.0,0.8292425939788289,0.6603456739130851,0.6622171884270718,1.0,1.0,1.0,1.0157702540598401,1.646320946200095,1.6454632084474234,0.0,0.0,0.0
icagpo,30,linear,10.0,0.8195858726387971,0.768330556165356,0.7487085762836188,1.0,1.0,1.0,1.3858404218551181,1.6860173577681543,1.795086673824765,0.0,0.0,0.0
icagpo,30,nearest,10.0,0.8096525682179004,0.6379285517451327,0.6439617391364589,1.0,1.0,1.0,1.1572492416109392,1.8121601949347341,1.7939191359558213,0.0,0.0,0.0
icdahe,30,linear,10.0,0.8925156699252846,0.8183193244615723,0.8424154222586794,1.0,1.0,1.0,0.707249653032182,1.047101316638123,0.9436688112143506,0.0,0.0,0.0
icdapn,30,linear,10.0,0.7832670146593746,0.7219924710220874,0.7076031925967468,1.0,1.0,1.0,1.5311366273756613,1.8493682698994134,1.9200288576057312,0.0,0.0,0.0
icdapn,30,nearest,10.0,0.8170233904569209,0.6175296616173798,0.6363807469573035,1.0,1.0,1.0,1.0879748209247213,1.8038424129263195,1.748194364844214,0.0,0.0,0.0
icdult,30,linear,10.0,0.8668959533671962,0.821246478996994,0.8181697137763879,1.0,1.0,1.0,0.9878198485592603,1.2439778628521276,1.2604530709446276,0.0,0.0,0.0
icedpa,30,linear,10.0,0.8953383889739877,0.8632066229467467,0.8690543056283682,1.0,1.0,1.0,0.7774230198530382,0.9598065125478726,0.9276371027484412,0.0,0.0,0.0
icedpa,30,nearest,10.0,0.8446295670319908,0.6952054535616942,0.7060431404128275,1.0,1.0,1.0,0.9321831889859952,1.4903287386654605,1.4603119563158926,0.0,0.0,0.0
ichank,30,linear,10.0,0.831736573221197,0.7881482208898583,0.7980479398969188,1.0,1.0,1.0,1.0886714238336006,1.2926363745581364,1.2478535795307641,0.0,0.0,0.0
ichank,30,nearest,10.0,0.8050044059048826,0.6131851903626294,0.638802397763079,1.0,1.0,1.0,1.1017968459122518,1.7363428596664838,1.6660680050886723,0.0,0.0,0.0
ichiki,30,linear,10.0,0.8369974053341674,0.8010750261595039,0.7907609815587062,1.0,1.0,1.0,1.2053408986961764,1.4079401695810667,1.4638737076315145,0.0,0.0,0.0
ichiki,30,nearest,10.0,0.8441097249837703,0.6661897794012851,0.6638585723581049,1.0,0.9999999999993635,1.0,0.9545121737799062,1.614329970043258,1.6231364743438308,0.0,0.057716862132696,0.0
ickguw,30,linear,10.0,0.8027437413978389,0.7563955500367557,0.7589667418791854,1.0,1.0,1.0,1.3081753306960782,1.531796497527983,1.5198541078272647,0.0,0.0,0.0
ickguw,30,nearest,10.0,0.8221474956396672,0.6271092112008343,0.6559400837589943,1.0,1.0,1.0,1.0417029498524433,1.7229345095746695,1.6404824812703802,0.0,0.0,0.0
ickphi,30,linear,10.0,0.8141865274513376,0.7729043060966432,0.7645393087872601,1.0,1.0,1.0,1.3098899451912942,1.5273095527366656,1.5695932086726345,0.0,0.0,0.0
ickphi,30,nearest,10.0,0.8379683226223795,0.6160795630419168,0.6207658739292441,1.0,1.0,1.0,1.0579937030901674,1.953183840738387,1.9378053078431303,0.0,0.0,0.0
ickviy,30,linear,10.0,0.8244231316778374,0.7652162200242099,0.7507078416524098,1.0,1.0,1.0,1.3562642665159428,1.7035322851440213,1.7841114822185222,0.0,0.0,0.0
ickviy,30,nearest,10.0,0.8035139878623636,0.5780429074655589,0.6541723864499189,1.0,1.0,1.0,1.107816226142421,1.826268089645095,1.6219416862205815,0.0,0.0,0.0
icodmu,30,linear,10.0,0.8047096355579287,0.7315354267479878,0.7179303033622279,1.0,1.0,1.0,1.4350684488725833,1.832689726701808,1.902037521599515,0.0,0.0,0.0
ictlyp,30,linear,10.0,0.8557448651401662,0.8036584232171047,0.787916331085732,1.0,1.0,1.0,1.1588640831370796,1.4816356886342885,1.5740344558223949,0.0,0.0,0.0
ictlyp,30,nearest,10.0,0.8468290772896514,0.6976299635712762,0.6982536653712462,1.0,1.0,1.0,0.9514266814490789,1.5445593038138523,1.541012037696232,0.0,0.0,0.0
ictmuo,30,linear,10.0,0.9451402754048296,0.9230077660459481,0.9282016534116868,1.0,1.0,1.0,0.43407289889822526,0.5702618715386679,0.5393097707608862,0.0,0.0,0.0
ictmuo,30,nearest,10.0,0.8460848330280342,0.7922639854362908,0.7711929413484574,1.0,1.0,1.0,0.8635016693393428,1.0663866620786966,1.1385765431469281,0.0,0.0,0.0
icwiro,30,linear,10.0,0.7905688106251192,0.7315818509373373,0.7241004022648733,1.0,1.0,1.0,1.4361094235093048,1.7308514011656762,1.7663220092036218,0.0,0.0,0.0
icwiro,30,nearest,10.0,0.8149326040544626,0.644549238704631,0.6466653691343968,1.0,1.0,1.0,1.073332533990561,1.6770754378389607,1.6702592305628177,0.0,0.0,0.0
idbayb,30,linear,10.0,0.821247224695338,0.7784460264368933,0.7762916471978245,1.0,1.0,1.0,1.2439738586380762,1.4653043589234775,1.476019969609577,0.0,0.0,0.0
idbayb,30,nearest,10.0,0.7924594309291542,0.6548298367994534,0.68102890049304,1.0,1.0,1.0,1.0656992707468094,1.476762242419561,1.4088162868100955,0.0,0.0,0.0
idcadg,30,linear,10.0,0.9041989492535424,0.8719609063693334,0.8810055985224263,1.0,1.0,1.0,0.7244896808681349,0.9114869417214025,0.8605228976521407,0.0,0.0,0.0
idcadg,30,nearest,10.0,0.8072803908991691,0.6305079391223561,0.6535662622964042,1.0,1.0,1.0,1.0569890696467228,1.6209299249697475,1.5599103628380095,0.0,0.0,0.0
ideutg,30,linear,10.0,0.7866653690865584,0.7428660588334114,0.7500115415018174,1.0,1.0,1.0,1.299270622236252,1.4870721751702793,1.4574706219360496,0.0,0.0,0.0
ideutg,30,nearest,10.0,0.8160575356794936,0.6854622876290872,0.6931969959834114,1.0,1.0,1.0,0.9937771991625726,1.4365494691832843,1.3983376948811426,0.0,0.0,0.0
idholv,30,linear,10.0,0.8059992857445898,0.7667835718888576,0.7661148609180735,1.0,1.0,1.0,1.2543948819316322,1.4382975461910819,1.4413213296604404,0.0,0.0,0.0
idholv,30,nearest,10.0,0.8237592446658677,0.6565536592744549,0.6762357427074983,1.0,1.0,1.0,1.022304530768782,1.6061119948903626,1.5513030371716805,0.0,0.0,0.0
idjoat,30,linear,10.0,0.8558376723078412,0.7014955462068947,0.7299936653575917,1.0,1.0,1.0,0.9297711813989191,1.5725609423682714,1.468409020027659,0.0,0.0,0.0
idjoat,30,nearest,10.0,0.8686472848923489,0.717260907752936,0.7350801868592344,1.0,1.0,1.0,0.8661279344575832,1.5156560654101179,1.4492048139060896,0.0,0.0,0.0
idjojw,30,linear,10.0,0.973810267852021,0.9592766167470381,0.9609839071044791,1.0,1.0,1.0,0.24260736355254053,0.3508675192333451,0.33861781889362574,0.0,0.0,0.0
idjojw,30,nearest,10.0,0.8167296912864035,0.6585704003806779,0.6415500257277824,1.0,1.0,1.0,1.1127197169279528,1.7189551480779106,1.773684090712429,0.0,0.0,0.0
idjokv,30,linear,10.0,0.8183506671041868,0.7697949293646222,0.7569160481502286,1.0,1.0,1.0,1.3558543140999981,1.630228603087696,1.6996487903606947,0.0,0.0,0.0
idjokv,30,nearest,10.0,0.7947759412424387,0.6123180973217179,0.632635772323575,1.0,1.0,1.0,1.15777524785283,1.765693171206305,1.7079248347430882,0.0,0.0,0.0
idlorr,30,linear,10.0,0.8236549547575926,0.7720049462508558,0.7682608689932842,1.0,1.0,1.0,1.2578212931752761,1.5318829998870713,1.5508514317263125,0.0,0.0,0.0
idlorr,30,nearest,10.0,0.8061556359746889,0.5112455995986014,0.6089196373357121,1.0,1.0,1.0,1.0971333817578894,1.9771438735497746,1.747653931926893,0.0,0.0,0.0
idodly,30,linear,10.0,0.8254401414008357,0.778667046978978,0.7675954032451151,1.0,1.0,1.0,1.271908147148276,1.528280193763632,1.5861673722042953,0.0,0.0,0.0
idodly,30,nearest,10.0,0.845877746812834,0.7418535562684284,0.7277655302146839,1.0,1.0,1.0,0.9477721728585496,1.3657754445276122,1.4198198437102094,0.0,0.0,0.0
idshyw,30,linear,10.0,0.8398707151638998,0.7966655954654449,0.7935926640924249,1.0,1.0,1.0,1.1422165788234513,1.373101797793656,1.3888549098675904,0.0,0.0,0.0
idshyw,30,nearest,10.0,0.8244571475155947,0.6843511295601943,0.6945732857767873,1.0,1.0,1.0,1.0186873662754437,1.5289988009821622,1.489450269338852,0.0,0.0,0.0
idsmuk,30,linear,10.0,0.8071537163626312,0.7603990674246482,0.7524068099732585,1.0,1.0,1.0,1.3480093242923747,1.5903130836673884,1.629927861319107,0.0,0.0,0.0
idsmuk,30,nearest,10.0,0.8209538176997471,0.6149680827289843,0.6466032505223118,1.0,1.0,1.0,1.0615997679495752,1.7879864788213975,1.6955684880985271,0.0,0.0,0.0
idtwal,30,linear,10.0,0.8357528301996915,0.7271961059009304,0.7378598201898757,1.0,1.0,1.0,1.0257441196785677,1.4788903634862542,1.4386294390585967,0.0,0.0,0.0
idvoww,30,linear,10.0,0.811137620853802,0.7679469155258728,0.7561819637189152,1.0,1.0,1.0,1.3761501169535741,1.6134747636791704,1.675410614500067,0.0,0.0,0.0
idvoww,30,nearest,10.0,0.799706384993503,0.6644216885329253,0.6721445773501485,1.0,1.0,1.0,1.154762420474734,1.641906939529795,1.6196659250454681,0.0,0.0,0.0
ifanfa,30,linear,10.0,0.8971822214363115,0.8522519766695271,0.8573830344241415,1.0,1.0,1.0,0.8194178934529108,1.0949842307180395,1.064814894169438,0.0,0.0,0.0
ifanfa,30,nearest,10.0,0.8219129121855915,0.6019609058273778,0.600857616925876,1.0,1.0,1.0,1.136222818159175,1.9987081069242147,2.002214802245848,0.0,0.0,0.0
ifefro,30,linear,10.0,0.832813562562722,0.774040507414063,0.7595960114262463,1.0,1.0,1.0,1.2698912234297162,1.6070505006056919,1.6853119207823493,0.0,0.0,0.0
ifefro,30,nearest,10.0,0.8249495669680039,0.6001606093201596,0.6123668671350541,1.0,1.0,1.0,1.0752445149752987,1.8984399403565806,1.8631141692986912,0.0,0.0,0.0
ifelas,30,linear,10.0,0.8464298600440435,0.7758250358159726,0.7502679309104221,1.0,1.0,1.0,1.2710577577529687,1.7199969212554145,1.8716969151200153,0.0,0.0,0.0
ifelas,30,nearest,10.0,0.8295469419448512,0.6851203021375338,0.6713448208402225,1.0,1.0,1.0,1.0272979238906588,1.577124473777115,1.6333282723771543,0.0,0.0,0.0
ifkald,30,linear,10.0,0.8395030718522807,0.7905700568511393,0.771902517473247,1.0,1.0,1.0,1.2774847529419349,1.5781114558013272,1.6870699467740053,0.0,0.0,0.0
ifragc,30,linear,10.0,0.856158305861042,0.8149862863349948,0.8301586051232097,1.0,1.0,1.0,0.9660374926629963,1.1691767198260834,1.0963754656371731,0.0,0.0,0.0
ifragc,30,nearest,10.0,0.8322453253234199,0.6988149566573383,0.7140335896073191,1.0,1.0,1.0,0.9880374790371266,1.4794878434003982,1.434757461085969,0.0,0.0,0.0
igglit,30,linear,10.0,0.8038366010290081,0.7388518550428442,0.7183275312122713,1.0,1.0,1.0,1.4988418052684962,1.8730665810116194,1.9844095452311563,0.0,0.0,0.0
igglit,30,nearest,10.0,0.8325254614712947,0.6731182996711317,0.6774503896627809,1.0,1.0,1.0,1.0163752101760983,1.6220206347502415,1.6083581413335488,0.0,0.0,0.0
igsoys,30,linear,10.0,0.8049000832828184,0.7492209179321908,0.7306487748278349,1.0,1.0,1.0,1.4339744862486732,1.7405034826493837,1.837250115774046,0.0,0.0,0.0
igsoys,30,nearest,10.0,0.841566352707455,0.6809393428615202,0.6791160357706759,1.0,1.0,1.0,0.9482521191416468,1.5409327599040132,1.557589048981241,0.0,0.0,0.0
igvidt,30,linear,10.0,0.824744353535867,0.7755067393585652,0.7605326431798195,1.0,1.0,1.0,1.3181103547684032,1.5990113837716142,1.6802879082552504,0.0,0.0,0.0
igvidt,30,nearest,10.0,0.832294219908026,0.6851237739536455,0.7129832706184414,1.0,1.0,1.0,0.9627727991113145,1.4830643311157699,1.4011165338033051,0.0,0.0,0.0
ijcoga,30,linear,10.0,0.8068817981687291,0.7612587703619516,0.7454516149586746,1.0,1.0,1.0,1.4002706236734472,1.6488190701449037,1.7309542876346928,0.0,0.0,0.0
ijcoga,30,nearest,10.0,0.7995833570259417,0.6514619500535165,0.6706018509955384,1.0,1.0,1.0,1.1076428535955232,1.6686661891802723,1.6025870501666022,0.0,0.0,0.0
ijdeyd,30,linear,10.0,0.787441090156215,0.7374358464144078,0.7389998924331617,1.0,1.0,1.0,1.3840223448394495,1.6182835776608042,1.6112521242916402,0.0,0.0,0.0
ijdeyd,30,nearest,10.0,0.8078524670253442,0.6573025865220723,0.665976012190488,1.0,1.0,1.0,1.0803351510846437,1.5963789305137392,1.5727497215700388,0.0,0.0,0.0
ijhigo,30,linear,10.0,0.7958804556395529,0.7252995881713146,0.7190384506825633,1.0,1.0,1.0,1.485423131553478,1.8646411791027924,1.8964389592390916,0.0,0.0,0.0
ijhigo,30,nearest,10.0,0.8188875165437516,0.5980827346118093,0.6305056414737373,1.0,1.0,1.0,1.0763433416114279,1.8484640631737232,1.7569542296089538,0.0,0.0,0.0
ijhipv,30,linear,10.0,0.8096518564846693,0.7662599076569809,0.7618328752573,1.0,1.0,1.0,1.3055885203307982,1.5254129258372502,1.5469508862997263,0.0,0.0,0.0
ijhipv,30,nearest,10.0,0.8245791388551789,0.6647964059299718,0.6819089434963349,1.0,1.0,1.0,0.9991928048618693,1.5325972657516986,1.4953808015596286,0.0,0.0,0.0
ijpiaw,30,linear,10.0,0.8321783393614801,0.7878770846867764,0.7709261779085903,1.0,1.0,1.0,1.2916539446443285,1.5531482927500293,1.648558614218749,0.0,0.0,0.0
ijpiaw,30,nearest,10.0,0.8218090571495804,0.6589036463062571,0.6700025877245224,1.0,1.0,1.0,1.0994814705904659,1.7228555808300248,1.695349658505256,0.0,0.0,0.0
ijpruk,30,linear,10.0,0.8061188790009755,0.7597141226282738,0.7546410149365693,1.0,1.0,1.0,1.3241088383509982,1.557203570528733,1.5816086607007676,0.0,0.0,0.0
ijpruk,30,nearest,10.0,0.8262115308330128,0.6759731972442287,0.6730460936477018,1.0,1.0,1.0,1.0102893506548403,1.5420531358848848,1.5595802082276442,0.0,0.0,0.0
ijthin,30,linear,10.0,0.8325590617889872,0.7860865092655975,0.7722141991829643,1.0,1.0,1.0,1.2714222129505766,1.54047091919037,1.6170390672453139,0.0,0.0,0.0
ijthin,30,nearest,10.0,0.834321447356401,0.7651453794673371,0.7313913601678825,1.0,1.0,1.0,0.9103173060990769,1.1586142397152668,1.2651956508149844,0.0,0.0,0.0
ijtowh,30,linear,10.0,0.7917116202873863,0.7425877287746211,0.7355097735994441,1.0,1.0,1.0,1.3984568190175615,1.6387938883054407,1.6718610540026209,0.0,0.0,0.0
ijtowh,30,nearest,10.0,0.8236000891449087,0.6623934918044028,0.6862954915983122,1.0,0.9999999999997016,1.0,1.0188642954701537,1.5927584162795798,1.5155847433820746,0.0,0.02429120370557092,0.0
ikdagc,30,linear,10.0,0.8997535208464987,0.8666554301736994,0.851965033739567,1.0,1.0,1.0,0.8407324804616211,1.0599733916329712,1.1526953507656013,0.0,0.0,0.0
ikdagc,30,nearest,10.0,0.8508659895387043,0.726595409962783,0.7075226184844194,1.0,1.0,1.0,0.9214239652475129,1.4261713151773634,1.4914344601010132,0.0,0.0,0.0
ikkimm,30,linear,10.0,0.8232715578626895,0.7780160951946424,0.7524566947244646,1.0,1.0,1.0,1.3797813082862191,1.6517091644127528,1.7975343063697296,0.0,0.0,0.0
ikkimm,30,nearest,10.0,0.8216517410025964,0.6677418101724788,0.6855870133734866,1.0,1.0,1.0,1.0159388442413402,1.5533994059169314,1.5061727939151635,0.0,0.0,0.0
ikujfu,30,linear,10.0,0.8327931552187403,0.7915234705427419,0.7902107483235903,1.0,1.0,1.0,1.1813083198772154,1.3994155350086597,1.406095903090032,0.0,0.0,0.0
ilcoby,30,linear,10.0,0.8143332975153579,0.7418606429996254,0.7166770398321418,1.0,1.0,1.0,1.481016700525059,1.9204829138018842,2.063474559353766,0.0,0.0,0.0
ilcoby,30,nearest,10.0,0.8271935265814667,0.6642901736842025,0.6584130867226993,1.0,1.0,1.0,1.0689364447693437,1.7056785234260363,1.7289451780516096,0.0,0.0,0.0
ilkble,30,linear,10.0,0.8109789905132094,0.7567769636220285,0.7545028566959812,1.0,1.0,1.0,1.3273331914336521,1.6083285569678458,1.6195868029587688,0.0,0.0,0.0
ilkedv,30,linear,10.0,0.8517376215597565,0.8019923077366329,0.7881562408577942,1.0,1.0,1.0,1.169962265567847,1.4718111010747528,1.5515566475481908,0.0,0.0,0.0
ilkedv,30,nearest,10.0,0.8155953184397259,0.6779557972576885,0.6843010032037262,1.0,1.0,1.0,1.0318958006904597,1.5087083145447597,1.4915912674830407,0.0,0.0,0.0
ilyutj,30,linear,10.0,0.7928718342148895,0.7415149938601361,0.7296192049393494,1.0,1.0,1.0,1.4240222258695847,1.6831202139810166,1.7401960821415703,0.0,0.0,0.0
ilyutj,30,nearest,10.0,0.8271611548021388,0.6759871688694609,0.6840391871014739,1.0,1.0,1.0,1.0114399952187418,1.5592062496504997,1.5263739570646648,0.0,0.0,0.0
imhacy,30,linear,10.0,0.9678457815889225,0.9506005394496325,0.9506572155796758,1.0,1.0,1.0,0.30154535240427205,0.4320387930204476,0.43162691929592883,0.0,0.0,0.0
imnees,30,linear,10.0,0.8081541862041579,0.7431890698203144,0.719799487065317,1.0,1.0,1.0,1.4548374352107278,1.8252279987075557,1.950436628488343,0.0,0.0,0.0
imnees,30,nearest,10.0,0.8354392636032058,0.6970544542115947,0.6896291855794385,1.0,1.0,1.0,1.0040224321187616,1.5450063317825304,1.563865550906314,0.0,0.0,0.0
imoikc,30,linear,10.0,0.8231608747731018,0.7789646941231572,0.765803744171913,1.0,1.0,1.0,1.2605600354245556,1.4963168329967327,1.5632380229753764,0.0,0.0,0.0
imoikc,30,nearest,10.0,0.855680718618569,0.673140088107312,0.6842325988276499,1.0,1.0,1.0,0.9186950064095847,1.64022347698177,1.6034986709126937,0.0,0.0,0.0
imwryt,30,linear,10.0,0.8039024979219282,0.7493294687587437,0.7553163637052772,1.0,1.0,1.0,1.2645693871686188,1.5160603122191187,1.4896564418376053,0.0,0.0,0.0
imwryt,30,nearest,10.0,0.8320807605522786,0.6343880001522118,0.629534948199192,1.0,1.0,1.0,1.0560592205940171,1.8303948232620861,1.8473860702322302,0.0,0.0,0.0
imwyoj,30,linear,10.0,0.802513499132451,0.7520948465675661,0.7522604823747727,1.0,1.0,1.0,1.3428899203507623,1.5937817005325619,1.5929913374192124,0.0,0.0,0.0
imwyoj,30,nearest,10.0,0.8072494999459013,0.6112488654083269,0.6488913634014276,1.0,1.0,1.0,1.0876305406254274,1.7308156254916336,1.6292358972154262,0.0,0.0,0.0
inckki,30,linear,10.0,0.7991224974387863,0.7431673411624299,0.7270848990879136,1.0,1.0,1.0,1.4670147212910956,1.7723228711380048,1.8555224714333518,0.0,0.0,0.0
inckki,30,nearest,10.0,0.8330659735941186,0.6859418464588007,0.7046517414269601,1.0,1.0,1.0,0.9845108935379545,1.525918800531325,1.466226612355548,0.0,0.0,0.0
indtwr,30,linear,10.0,0.852725417934584,0.8119651047157403,0.8032894917408457,1.0,1.0,1.0,1.1309515634971978,1.3714405136432704,1.4204999200907118,0.0,0.0,0.0
indtwr,30,nearest,10.0,0.8549775623511093,0.7255564286444557,0.7049265050535976,1.0,1.0,1.0,0.9098450369250399,1.4363430092060896,1.5108162777710485,0.0,0.0,0.0
indyep,30,linear,10.0,0.8072853249025904,0.7695828835125278,0.7550599329401294,1.0,1.0,1.0,1.3473002267392875,1.5441668157620225,1.6168326633701855,0.0,0.0,0.0
indyep,30,nearest,10.0,0.7942651000624691,0.6895623287997144,0.7024031000033164,1.0,1.0,1.0,1.0330007838510329,1.4766836409973985,1.439996058044525,0.0,0.0,0.0
inghog,30,linear,10.0,0.8443775588523228,0.789580284122497,0.7821553330862839,1.0,1.0,1.0,1.2162432901088767,1.5434267867928748,1.5856243190431967,0.0,0.0,0.0
inghog,30,nearest,10.0,0.8160167731966368,0.6670268532246106,0.6575154199960285,1.0,1.0,1.0,1.0871587539207948,1.6377325467492407,1.6668795859060526,0.0,0.0,0.0
inghot,30,linear,10.0,0.8265403627003998,0.7689708489919289,0.7614651971957074,1.0,1.0,1.0,1.2874043960413981,1.6080318783782392,1.6477335289290465,0.0,0.0,0.0
inghot,30,nearest,10.0,0.8170610901850025,0.6387270981406046,0.6312210918370631,1.0,1.0,1.0,1.071653579596523,1.7006159788125967,1.724789770075268,0.0,0.0,0.0
inhial,30,linear,10.0,0.9251818616167521,0.8862300084430451,0.8925337220417867,1.0,1.0,1.0,0.608106459420616,0.8524936726916691,0.814624697453025,0.0,0.0,0.0
inlica,30,linear,10.0,0.7919160145678307,0.7277999756620366,0.7045278219734884,1.0,1.0,1.0,1.5300539363707322,1.8809659513528176,2.000652949529037,0.0,0.0,0.0
inlica,30,nearest,10.0,0.8295452284517298,0.6529736926419569,0.6683458675266863,1.0,1.0,1.0,1.0365880751229906,1.6855944141861317,1.6478746157874051,0.0,0.0,0.0
inquay,30,linear,10.0,0.8222366288530715,0.7665159777965654,0.7463468096679737,1.0,1.0,1.0,1.3696616512605326,1.6962319998990285,1.8080123795670673,0.0,0.0,0.0
inquay,30,nearest,10.0,0.8187583566553521,0.6293545377893399,0.6367881357760053,1.0,1.0,1.0,1.059109903978621,1.7217574228847345,1.7002697987767998,0.0,0.0,0.0
inshfo,30,linear,10.0,0.8649642092343106,0.7987678897328288,0.816706663666358,1.0,1.0,1.0,0.8411604436551711,1.1268497021754982,1.0538155531372904,0.0,0.0,0.0
insodf,30,linear,10.0,0.8544473438225582,0.8102734249835681,0.8139057938236053,1.0,1.0,1.0,1.0821134566759698,1.3311571654004524,1.3114205314874332,0.0,0.0,0.0
insodf,30,nearest,10.0,0.8163692642589273,0.5895764069414379,0.6309392882281862,1.0,1.0,1.0,1.09631337645492,1.8909224960816973,1.7771268728942822,0.0,0.0,0.0
ioajdi,30,linear,10.0,0.805990827327448,0.7659286541742543,0.7497307920124975,1.0,1.0,1.0,1.380944867529149,1.594795149712715,1.6774937415049431,0.0,0.0,0.0
ioajdi,30,nearest,10.0,0.8143342828956375,0.653291104886855,0.7071298140714117,1.0,1.0,1.0,1.0222114100229167,1.5503237863207346,1.395564828895192,0.0,0.0,0.0
ioangi,30,linear,10.0,0.8630538418648954,0.8313827704980861,0.8258953646575568,1.0,1.0,1.0,0.987023331364199,1.1603834775978876,1.1893227643717237,0.0,0.0,0.0
ioangi,30,nearest,10.0,0.8361695327475893,0.6626838531503064,0.6878096930204287,1.0,1.0,1.0,0.9941245422122863,1.649347512006048,1.5636665779975913,0.0,0.0,0.0
iodjie,30,linear,10.0,0.809763263968597,0.7590918201307705,0.7505211324891653,1.0,1.0,1.0,1.3600774104529538,1.6299526663197994,1.6735061862153287,0.0,0.0,0.0
iodjie,30,nearest,10.0,0.8218141856157842,0.6341359720740383,0.659289798603073,1.0,1.0,1.0,1.0611639374364241,1.733572919889054,1.6632334748736308,0.0,0.0,0.0
iodlac,30,linear,10.0,0.813455428752887,0.7736596360331516,0.7662787424627955,1.0,1.0,1.0,1.313874396535445,1.523463394556162,1.5608473110027195,0.0,0.0,0.0
iodlac,30,nearest,10.0,0.8171763864095761,0.6715751987173971,0.6814598279463108,1.0,1.0,1.0,1.039601417059279,1.5507582360316856,1.5267585606234937,0.0,0.0,0.0
iofpli,30,linear,10.0,0.8213658258312473,0.7764381855371467,0.756932114628794,1.0,1.0,1.0,1.3572036955989446,1.6177973212152865,1.725550661025921,0.0,0.0,0.0
iofpli,30,nearest,10.0,0.8021685916358781,0.6324703824818966,0.645670562136199,1.0,1.0,1.0,1.113049615563813,1.6764478005575942,1.6407054749497518,0.0,0.0,0.0
ioivkn,30,linear,10.0,0.8238023867882366,0.747978105354791,0.7301167139371446,1.0,1.0,1.0,1.391888986100851,1.844597181807582,1.9444350124540086,0.0,0.0,0.0
iorjtw,30,linear,10.0,0.7918531704629987,0.7303487571766649,0.7157848687197889,1.0,1.0,1.0,1.5081603030166695,1.8387919154071097,1.9128518022116499,0.0,0.0,0.0
iorjtw,30,nearest,10.0,0.8199001073696705,0.6108185484093294,0.6368739729501056,1.0,1.0,1.0,1.0862776668637093,1.845165935057738,1.773418337072699,0.0,0.0,0.0
iotklo,30,linear,10.0,0.8273663860157103,0.784243392932126,0.7837652620213484,1.0,1.0,1.0,1.237170510668116,1.4690710809797565,1.4715486539169649,0.0,0.0,0.0
iotklo,30,nearest,10.0,0.801726674447615,0.6825754618253982,0.692858243467848,1.0,1.0,1.0,1.0539434625084694,1.5109453017224697,1.4549310917654077,0.0,0.0,0.0
iovhar,30,linear,10.0,0.7984715978667224,0.7521786561114328,0.7458831015387289,1.0,1.0,1.0,1.3638043079094833,1.5933818136946762,1.6232697947350552,0.0,0.0,0.0
iovhar,30,nearest,10.0,0.8039797051781205,0.5948841889812173,0.6321475720109332,1.0,1.0,1.0,1.1135518092542067,1.8013250600581994,1.702351802684543,0.0,0.0,0.0
iovlit,30,linear,10.0,0.825457423721022,0.7863529451418529,0.7754821207485241,1.0,1.0,1.0,1.2478094020322303,1.458116515013427,1.5141638837080447,0.0,0.0,0.0
iovlit,30,nearest,10.0,0.844834483290926,0.7186844498448943,0.7205545608251257,1.0,1.0,1.0,0.9325888273287606,1.4183342613979706,1.413504839586155,0.0,0.0,0.0
ioytgo,30,linear,10.0,0.8244642039055966,0.767305264132494,0.760816985245971,1.0,1.0,1.0,1.2774670819093092,1.5876708632830419,1.6211163037177658,0.0,0.0,0.0
ipdioi,30,linear,10.0,0.8271122365252092,0.7781244596402652,0.7685499303037517,1.0,1.0,1.0,1.3040290633456795,1.5846144895309313,1.6369975793661822,0.0,0.0,0.0
ipdioi,30,nearest,10.0,0.7957110083682711,0.5918469708890781,0.6308008257562284,1.0,1.0,1.0,1.1300426344720573,1.777387827209975,1.6788484703677713,0.0,0.0,0.0
ipdraw,30,linear,10.0,0.8246107536245163,0.7428136297962429,0.7462067386945443,1.0,1.0,1.0,1.0206643305959107,1.336843556574016,1.3248216524437986,0.0,0.0,0.0
ipdraw,30,nearest,10.0,0.8430049754090264,0.7012920926786659,0.7423866711319232,1.0,1.0,1.0,0.941062035781601,1.4771215300422225,1.3383501119739702,0.0,0.0,0.0
iphesp,30,linear,10.0,0.8538506917823014,0.7933205335278717,0.772329945727871,1.0,1.0,1.0,1.2209511250818406,1.613046925105633,1.7410534082814373,0.0,0.0,0.0
iphesp,30,nearest,10.0,0.8079196652391355,0.5185738675645181,0.587223598209501,1.0,1.0,1.0,1.1517998561010043,2.116841206874956,1.936372485816369,0.0,0.0,0.0
iphybc,30,linear,10.0,0.8116070933168109,0.7502549225750497,0.7505932136259152,1.0,1.0,1.0,1.3498297913946562,1.6748498491047648,1.6731422712283186,0.0,0.0,0.0
iphybc,30,nearest,10.0,0.831695152282308,0.6848798731677384,0.6848607294808623,1.0,1.0,1.0,1.0029218036763439,1.555172663228948,1.554993828040303,0.0,0.0,0.0
ipjier,30,linear,10.0,0.8419773950583913,0.7987949329829853,0.7953441872371974,1.0,1.0,1.0,1.1544976725011924,1.3927204566580913,1.4109944490304003,0.0,0.0,0.0
ipjier,30,nearest,10.0,0.8229678629425415,0.5840162700622524,0.5712220314888722,1.0,1.0,1.0,1.1705332763525378,2.147349828149852,2.1890456725864986,0.0,0.0,0.0
ippfei,30,linear,10.0,0.7953793201589637,0.735851071250619,0.7203254816117947,1.0,1.0,1.0,1.4389449954046198,1.7467480019209838,1.8225218118211344,0.0,0.0,0.0
ippfei,30,nearest,10.0,0.8065893517192281,0.6186533592154574,0.6403629470244301,1.0,1.0,1.0,1.0857194121219742,1.704663502410235,1.6496091945967557,0.0,0.0,0.0
irjfen,30,linear,10.0,0.7807479329343392,0.736548732209012,0.7299909487478492,1.0,1.0,1.0,1.453812054992859,1.6670306126014707,1.6973860659696403,0.0,0.0,0.0
irjfen,30,nearest,10.0,0.8020416276148796,0.6168186515722257,0.6608816376424486,1.0,1.0,1.0,1.0989727751347707,1.7030150936620845,1.5843732499468428,0.0,0.0,0.0
isekdy,30,linear,10.0,0.8116056951396919,0.7581079568766949,0.7403716959229054,1.0,1.0,1.0,1.4153843432728273,1.7191414098705329,1.814682061602487,0.0,0.0,0.0
isfikt,30,linear,10.0,0.823089772281755,0.7730238441721664,0.7640939796687409,1.0,1.0,1.0,1.307487442133527,1.5864037129581312,1.6338798263268013,0.0,0.0,0.0
isfikt,30,nearest,10.0,0.817246515245008,0.547607315587716,0.5835183940942592,1.0,1.0,1.0,1.1104041872317576,2.0438737556835624,1.946819163288526,0.0,0.0,0.0
ishvir,30,linear,10.0,0.7777679419663301,0.7299979171943908,0.7306312415744222,1.0,1.0,1.0,1.388106544852248,1.5994593011160188,1.5967710949760536,0.0,0.0,0.0
ishvir,30,nearest,10.0,0.8136845458753248,0.6688989746087375,0.6805361195433433,1.0,1.0,1.0,1.0293121961699123,1.521736130039267,1.491995992082554,0.0,0.0,0.0
isnthl,30,linear,10.0,0.873519842279328,0.8071649414190001,0.8185952131455444,1.0,1.0,1.0,0.8413832024301376,1.155113792191835,1.1043494415388813,0.0,0.0,0.0
ispaww,30,linear,10.0,0.8125762063712616,0.7677584580373251,0.7565500156483138,1.0,1.0,1.0,1.3444308175968454,1.585322129001751,1.6429291380222006,0.0,0.0,0.0
ispaww,30,nearest,10.0,0.8339659484789921,0.6826118436575788,0.6830700569367197,1.0,1.0,1.0,0.9796699601319061,1.5290190605218497,1.5343834450070974,0.0,0.0,0.0
isvayd,30,linear,10.0,0.844296228314527,0.781874258303451,0.765911278081526,1.0,1.0,1.0,1.2603652007835866,1.6483112293582123,1.7419000038918233,0.0,0.0,0.0
isvayd,30,nearest,10.0,0.8597210882573645,0.745492171321039,0.7538588937017646,1.0,1.0,1.0,0.8073056052578654,1.2217303617051603,1.1952288591166964,0.0,0.0,0.0
itacfl,30,linear,10.0,0.8383300744747031,0.8009327281027601,0.7929098267335175,1.0,1.0,1.0,1.1975756734303689,1.4087183264933028,1.4522980648091957,0.0,0.0,0.0
itacfl,30,nearest,10.0,0.8378612413274532,0.6840821153613188,0.6801235582999284,1.0,1.0,1.0,0.9808807114670048,1.5668378176013968,1.5856267392915784,0.0,0.0,0.0
itbadp,30,linear,10.0,0.8320041192339612,0.7855916572437964,0.77728493843405,1.0,1.0,1.0,1.255358537081189,1.5184709247344372,1.5635193731016421,0.0,0.0,0.0
itbadp,30,nearest,10.0,0.7898674968158617,0.6256134503052851,0.6645975210700616,1.0,1.0,1.0,1.0747880763037574,1.5473693946649494,1.4519514480771243,0.0,0.0,0.0
itbejs,30,linear,10.0,0.8657809865537234,0.8313501701334383,0.8367273084288713,1.0,1.0,1.0,0.9456967527121509,1.128066751961046,1.100446094890549,0.0,0.0,0.0
itbejs,30,nearest,10.0,0.8139151493957312,0.6611436647387355,0.6826581221823848,1.0,1.0,1.0,1.028899686339712,1.5434367907793691,1.4820007928996737,0.0,0.0,0.0
itcemr,30,linear,10.0,0.7926782793941642,0.7340382628894854,0.7165829742439416,1.0,1.0,1.0,1.4795726134368394,1.789072965556922,1.876104481842387,0.0,0.0,0.0
itcemr,30,nearest,10.0,0.8014617439598504,0.6022235545744266,0.6252288629162174,1.0,1.0,1.0,1.137935773019706,1.8520425331394819,1.7725516296105481,0.0,0.0,0.0
ithpet,30,linear,10.0,0.8395884790800239,0.7851083319395666,0.7796246707724869,1.0,1.0,1.0,1.2288862982809052,1.5459231905049255,1.5763378723024233,0.0,0.0,0.0
itmeps,30,linear,10.0,0.844531422101902,0.7983676683791999,0.7898580552713269,1.0,1.0,1.0,1.161190805440202,1.4227140331678914,1.4687256625112886,0.0,0.0,0.0
itpivo,30,linear,10.0,0.8242237200604787,0.7806704606040356,0.7706136084738363,1.0,1.0,1.0,1.2788354168902383,1.5176969141211882,1.5704866472732086,0.0,0.0,0.0
itpivo,30,nearest,10.0,0.8223669526626427,0.670932840439149,0.6919350554813517,1.0,1.0,1.0,0.9564132804863561,1.4355295619984183,1.3791985120819805,0.0,0.0,0.0
itquir,30,linear,10.0,0.8287075147084371,0.7801894159923757,0.7674401567777858,1.0,1.0,1.0,1.2945104307693547,1.5732172996097502,1.643020744654449,0.0,0.0,0.0
itquir,30,nearest,10.0,0.806571633733277,0.5987484490362354,0.6416856187762455,1.0,1.0,1.0,1.1011827679254305,1.870076669971653,1.7117406044017294,0.0,0.0,0.0
ivheoo,30,linear,10.0,0.7843781410477955,0.7125608345664046,0.6946957827891054,1.0,1.0,1.0,1.5730411278824041,1.959773153289971,2.050079927561739,0.0,0.0,0.0
ivheoo,30,nearest,10.0,0.7874587665685385,0.5660737094210756,0.627725294484014,1.0,1.0,1.0,1.1677211996336854,1.8759922386940726,1.6922099889379703,0.0,0.0,0.0
ivkock,30,linear,10.0,0.8187019009485986,0.7715914729045861,0.7620656450157401,1.0,1.0,1.0,1.3100969587395546,1.5653903564228382,1.614705906910156,0.0,0.0,0.0
ivkock,30,nearest,10.0,0.8298243500410957,0.6716393340670762,0.696644825786146,1.0,1.0,1.0,0.9837028415711249,1.561003814611271,1.4838647061548096,0.0,0.0,0.0
izowcu,30,linear,10.0,0.9209555599073377,0.8739904892565188,0.8816387281105206,1.0,1.0,1.0,0.6821745873498752,0.9981311631060534,0.9489526966488617,0.0,0.0,0.0
izowcu,30,nearest,10.0,0.8328388506190714,0.6586196452259638,0.6536966880081873,1.0,1.0,1.0,1.0393054752206732,1.7187941255264372,1.7348145879655177,0.0,0.0,0.0
oadwow,30,linear,10.0,0.8032719187316006,0.7388227048208817,0.7388214244269646,1.0,1.0,1.0,1.0271424251329557,1.2424739544858416,1.242477904621817,0.0,0.0,0.0
oafhyn,30,linear,10.0,0.8228109998738455,0.7773316342494492,0.7655329729017613,1.0,1.0,1.0,1.3091047722577376,1.563267757234344,1.6262729237124836,0.0,0.0,0.0
oafhyn,30,nearest,10.0,0.8246090932781983,0.6905030672463565,0.7021316431083988,1.0,1.0,1.0,0.9973025558927431,1.4847154944774459,1.4442018152394938,0.0,0.0,0.0
oahudf,30,linear,10.0,0.8179369339480225,0.775530666054141,0.7712618206564035,1.0,1.0,1.0,1.2893699394711509,1.5139157981440479,1.535656957562943,0.0,0.0,0.0
oahudf,30,nearest,10.0,0.8049262079434056,0.6620621906251133,0.6622632301553683,1.0,1.0,1.0,1.0621555249241714,1.5334324608783296,1.5353759938045797,0.0,0.0,0.0
oakpik,30,linear,10.0,0.8450548039975194,0.8055986920947615,0.7985076277394396,1.0,1.0,1.0,1.1367953332719327,1.3563755547264886,1.3942459894056811,0.0,0.0,0.0
oakpik,30,nearest,10.0,0.8179413148137435,0.651987987513772,0.667208291108211,1.0,0.9999999999994987,1.0,1.0279669123127058,1.578212421978502,1.5457674214277588,0.0,0.042900605455621334,0.0
oapwyc,30,linear,10.0,0.8244702392833337,0.7932710882154016,0.786996816895561,1.0,1.0,1.0,1.1967888116690968,1.3553702066779978,1.3861936839194222,0.0,0.0,0.0
oapwyc,30,nearest,10.0,0.8177130788520776,0.7102463176950452,0.6992392013769277,1.0,1.0,1.0,0.9830039889829202,1.427987410784006,1.4202588325106538,0.0,0.0,0.0
oasthu,30,linear,10.0,0.8661925352054777,0.8105251145892154,0.7975039753649487,1.0,1.0,1.0,1.09055959381438,1.4406293154678513,1.518021957420247,0.0,0.0,0.0
oasthu,30,nearest,10.0,0.8171603986405012,0.5643515797563473,0.5911257534751708,1.0,1.0,1.0,1.1107901949990782,1.999562335055719,1.925282165673148,0.0,0.0,0.0
obacva,30,linear,10.0,0.8328570671140079,0.7896307024924345,0.788911132315993,1.0,1.0,1.0,1.2063639049956054,1.4410197255540618,1.444780961862737,0.0,0.0,0.0
obacva,30,nearest,10.0,0.8426381307135892,0.7323698835000566,0.7357401504494328,1.0,1.0,1.0,0.9217035285824462,1.3375508806121834,1.3322534261191668,0.0,0.0,0.0
obceoo,30,linear,10.0,0.829980360750846,0.7678775959060757,0.7485667665309423,1.0,1.0,1.0,1.3378282601534817,1.710182438570112,1.819274786950266,0.0,0.0,0.0
obceoo,30,nearest,10.0,0.828853341158678,0.7011666282780842,0.7006759996245288,1.0,1.0,1.0,1.0276900501688973,1.5216663979320773,1.5234342002130308,0.0,0.0,0.0
obheuj,30,linear,10.0,0.8003622709651058,0.7582956189284523,0.7521231510322155,1.0,1.0,1.0,1.3201161482031938,1.5229762789085695,1.5515261814860615,0.0,0.0,0.0
obheuj,30,nearest,10.0,0.7946068465978305,0.6484972276293611,0.6617244785327828,1.0,1.0,1.0,1.12622961271597,1.6275579056944425,1.58917352542182,0.0,0.0,0.0
oblyag,30,linear,10.0,0.8519780478666016,0.8179546259919341,0.8038743089412781,1.0,1.0,1.0,1.1355211698781857,1.3371570146476055,1.4172147210977473,0.0,0.0,0.0
oblyag,30,nearest,10.0,0.8348135881559386,0.6978623983992381,0.6993326240141938,1.0,1.0,1.0,0.9579054574403737,1.4608878700764565,1.4604338421048422,0.0,0.0,0.0
obsimj,30,linear,10.0,0.8104242439724816,0.7634639177116884,0.7588164118637277,1.0,1.0,1.0,1.30152405897381,1.5390339369277442,1.5615368970691228,0.0,0.0,0.0
obsimj,30,nearest,10.0,0.8190473115445248,0.6584292995589004,0.6719469809387136,1.0,1.0,1.0,1.0427377515769738,1.6020373987803278,1.5665785367486824,0.0,0.0,0.0
occeyd,30,linear,10.0,0.798686393885276,0.7485217193311232,0.7370955018554729,1.0,1.0,1.0,1.4209781945829754,1.6835846631132128,1.740597880515984,0.0,0.0,0.0
occeyd,30,nearest,10.0,0.8018627814593275,0.5930276949655267,0.6058313670216805,1.0,1.0,1.0,1.1144612885086482,1.7888279067318362,1.7557743555585976,0.0,0.0,0.0
occrok,30,linear,10.0,0.8363336479517424,0.7950035877869153,0.7779886472266195,1.0,1.0,1.0,1.2486463967388528,1.4903859298138358,1.5853628325916633,0.0,0.0,0.0
occrok,30,nearest,10.0,0.8090617051684628,0.707581282366592,0.6999678417963381,1.0,1.0,1.0,1.0071008492513445,1.4355036142612705,1.4517283910826893,0.0,0.0,0.0
ochotc,30,linear,10.0,0.8883172923807671,0.8411911277501074,0.8281036352266515,1.0,1.0,1.0,0.9413028617843282,1.2519012582946618,1.333604818551887,0.0,0.0,0.0
ochotc,30,nearest,10.0,0.8564108831986048,0.7420312641892737,0.7320739805079927,1.0,1.0,1.0,0.8537221413121493,1.2879621911408494,1.3296435561045605,0.0,0.0,0.0
ochtin,30,linear,10.0,0.8396266200281872,0.7800550030946253,0.7714053930243637,1.0,1.0,1.0,1.245800427839608,1.5974757227925487,1.6458941335442518,0.0,0.0,0.0
ochtin,30,nearest,10.0,0.8478714282966712,0.7298795188539721,0.7343599279988526,1.0,1.0,1.0,0.9193986649711013,1.3818784281527792,1.3664187505780931,0.0,0.0,0.0
ocjeng,30,linear,10.0,0.7926900094601992,0.750140943272936,0.745647497649279,1.0,1.0,1.0,1.358239294425592,1.5606318283615934,1.5811615815220355,0.0,0.0,0.0
ocjeng,30,nearest,10.0,0.8240136609168655,0.6581474081138512,0.6627752641159903,1.0,1.0,1.0,1.0501491820925513,1.6514572829861034,1.6456603898680604,0.0,0.0,0.0
ockiho,30,linear,10.0,0.837218459200138,0.7976463155058313,0.7894290588150066,1.0,1.0,1.0,1.181671124355169,1.3988149505829839,1.4420741821457963,0.0,0.0,0.0
ockiho,30,nearest,10.0,0.8390010430732292,0.6889248523255068,0.7028568260194691,1.0,1.0,1.0,0.9694632275245946,1.5392134268843738,1.4992250324912095,0.0,0.0,0.0
ockoac,30,linear,10.0,0.8259437837689649,0.760369028662742,0.747185789455631,1.0,1.0,1.0,1.2186452485219805,1.554038266114922,1.617110236133079,0.0,0.0,0.0
ockoac,30,nearest,10.0,0.8290448199252535,0.6586778789639093,0.6918682027604318,1.0,1.0,1.0,1.0017955290509941,1.6087225104580753,1.5072687505207767,0.0,0.0,0.0
ockolr,30,linear,10.0,0.7641564584331892,0.7091955899955246,0.7125912668412026,1.0,1.0,1.0,1.4501561662206208,1.6861492819779331,1.6722086914821828,0.0,0.0,0.0
ockolr,30,nearest,10.0,0.8199299836989171,0.6320632784880081,0.6402314958238876,1.0,1.0,1.0,1.0692638907967398,1.7509528550180151,1.7304534836884045,0.0,0.0,0.0
ocshit,30,linear,10.0,0.773001691325953,0.7146782070044791,0.7060668219342431,1.0,1.0,1.0,1.5268139283873594,1.8104196569279836,1.85017282137348,0.0,0.0,0.0
ocshit,30,nearest,10.0,0.8117192018097575,0.5802040001048637,0.6085000381098048,1.0,1.0,1.0,1.1000556940879358,1.8883071970112988,1.809373113318254,0.0,0.0,0.0
ocwyit,30,linear,10.0,0.864750840584018,0.8167361115040908,0.8177097901346326,1.0,1.0,1.0,1.0565234242117763,1.3441595646186104,1.3385651881035578,0.0,0.0,0.0
odklob,30,linear,10.0,0.8272787859307575,0.7592137388996252,0.7407617288695023,1.0,1.0,1.0,1.38412657568327,1.8004060111286893,1.906598884577299,0.0,0.0,0.0
odklob,30,nearest,10.0,0.7939947834731453,0.6125430602561427,0.6583980836436709,1.0,1.0,1.0,1.1027168143291712,1.7430743640542836,1.5472439876853916,0.0,0.0,0.0
odlorh,30,linear,10.0,0.8092563371749929,0.7701653511607273,0.7612181648723213,1.0,1.0,1.0,1.336661287805164,1.5412171250614184,1.5862247250804116,0.0,0.0,0.0
odlorh,30,nearest,10.0,0.8323169824944773,0.6982009739076468,0.7050270515391914,1.0,1.0,1.0,0.9861498091884037,1.4787688509602461,1.4541602801297961,0.0,0.0,0.0
odocje,30,linear,10.0,0.7921887009573378,0.7389832077892374,0.7341945950752097,1.0,1.0,1.0,1.3960244681527179,1.6556805083421327,1.677964249929621,0.0,0.0,0.0
odocje,30,nearest,10.0,0.8109214027280887,0.5937401358777761,0.6209694244410854,1.0,1.0,1.0,1.0861821097584308,1.815784462908674,1.73881900995095,0.0,0.0,0.0
odolfe,30,linear,10.0,0.8511804843721873,0.8090794190932868,0.8048361340764401,1.0,1.0,1.0,1.1012459710132336,1.3376177180857163,1.3604700662465607,0.0,0.0,0.0
odolfe,30,nearest,10.0,0.8088743567824356,0.6338855417617246,0.6642999065440005,1.0,1.0,1.0,1.0743793332109124,1.6685812729966494,1.5879595082306623,0.0,0.0,0.0
odoywu,30,linear,10.0,0.8689663295510297,0.8258765294151849,0.8348503735608244,1.0,1.0,1.0,0.9533672420836629,1.1894215723364912,1.1419368606112303,0.0,0.0,0.0
odoywu,30,nearest,10.0,0.8458415632187457,0.5480536074609466,0.5580115643095928,1.0,1.0,1.0,1.0529271393767592,2.262100838448857,2.231086183236157,0.0,0.0,0.0
odscix,30,linear,10.0,0.8200713524413878,0.7626142739022022,0.7544484926033332,1.0,1.0,1.0,1.324958382587367,1.6416846635282527,1.684443940007314,0.0,0.0,0.0
ofikco,30,linear,10.0,0.806487036169825,0.7658969933685651,0.7596151154133888,1.0,1.0,1.0,1.322184316956985,1.5271844529429561,1.5576817990170475,0.0,0.0,0.0
ofikco,30,nearest,10.0,0.7951489783701172,0.6155787017765598,0.6412480121486196,1.0,1.0,1.0,1.0862587070149736,1.6475290208273439,1.570638163257125,0.0,0.0,0.0
ofjeeq,30,linear,10.0,0.8365403584605338,0.793779502040119,0.7843883140880048,1.0,1.0,1.0,1.2079996980945784,1.447601684418425,1.4979671122529343,0.0,0.0,0.0
ofjeeq,30,nearest,10.0,0.8068798690316459,0.6478043273093652,0.672369747373608,1.0,0.9999999999997136,1.0,1.0747677482605957,1.6180562096690478,1.542731653664171,0.0,0.02962318535050067,0.0
ofodwo,30,linear,10.0,0.7889981045149075,0.7502606543125236,0.7456463192351838,1.0,1.0,1.0,1.335750676795262,1.5119717171063272,1.53216696064181,0.0,0.0,0.0
ofodwo,30,nearest,10.0,0.8360434506817018,0.6921887804359775,0.7058650705998344,1.0,1.0,1.0,0.9352695537992872,1.440045330812612,1.4003309986384826,0.0,0.0,0.0
ogawje,30,linear,10.0,0.8336893748776367,0.7864013453357712,0.7801392454997622,1.0,1.0,1.0,1.2245352950653658,1.4872353008187231,1.5205064091398799,0.0,0.0,0.0
ogawje,30,nearest,10.0,0.8366583252637124,0.6972440258262149,0.6938907687230192,1.0,1.0,1.0,0.9871617805988667,1.5316071846711998,1.541981995953873,0.0,0.0,0.0
ogdygd,30,linear,10.0,0.8193046378722082,0.778291829861144,0.7731784050696653,1.0,1.0,1.0,1.2236819643129841,1.4283988389336804,1.452894132855509,0.0,0.0,0.0
ogdygd,30,nearest,10.0,0.7915242304918398,0.617852922732157,0.6510125446331492,1.0,1.0,1.0,1.1407649078460695,1.6955466555338723,1.6057942497593398,0.0,0.0,0.0
oggluv,30,linear,10.0,0.8499765079752528,0.7868044181953968,0.7731270546786613,1.0,1.0,1.0,1.1960244605146269,1.5804785534320511,1.658887965024821,0.0,0.0,0.0
oggluv,30,nearest,10.0,0.8085701766519326,0.569047244553616,0.623739257484715,1.0,1.0,1.0,1.1120364020839868,1.9083904706288184,1.7733038936519627,0.0,0.0,0.0
ogijtr,30,linear,10.0,0.8055944067885574,0.7611036622542322,0.7610072775564058,1.0,1.0,1.0,1.2938139571101508,1.5098891186710153,1.510339363025681,0.0,0.0,0.0
ogijtr,30,nearest,10.0,0.8168457680997816,0.6481105167261972,0.6562601810700388,1.0,1.0,1.0,1.0531123277076704,1.6391925130196034,1.6148518495104742,0.0,0.0,0.0
ogikli,30,linear,10.0,0.8255391003324659,0.7847358902503163,0.7873830605525364,1.0,1.0,1.0,1.157582058644439,1.3557478906402327,1.3433464480430044,0.0,0.0,0.0
ogikli,30,nearest,10.0,0.8095958826491048,0.6237986271896844,0.6319058847452247,1.0,1.0,1.0,1.0785114289287108,1.7182686692178135,1.6855433975089584,0.0,0.0,0.0
ogjoch,30,linear,10.0,0.7930653747747379,0.7475773314358373,0.7349368241843726,1.0,1.0,1.0,1.4230043297565005,1.653625385838876,1.7148118708171658,0.0,0.0,0.0
ogjoch,30,nearest,10.0,0.8053178974500829,0.5869605757511094,0.6380718664242728,1.0,1.0,1.0,1.1099231462497332,1.8291311039431635,1.6906586130945938,0.0,0.0,0.0
ognoww,30,linear,10.0,0.8690673164957738,0.8352830990327336,0.8315811751811186,1.0,1.0,1.0,0.9750373231414514,1.1676156222199245,1.1879499499195412,0.0,0.0,0.0
ognoww,30,nearest,10.0,0.8006785316386766,0.7400964869297895,0.7060546902935555,1.0,1.0,1.0,1.0364860070820208,1.2385380595599427,1.3396555700620658,0.0,0.0,0.0
ogofvo,30,linear,10.0,0.7836692143458788,0.7187196500012932,0.7172930795345765,1.0,1.0,1.0,1.3126177718029068,1.584288673986647,1.589899800454413,0.0,0.0,0.0
ogofvo,30,nearest,10.0,0.8242780401635688,0.674473837891073,0.6848058543996858,1.0,1.0,1.0,1.0194278569038953,1.5686178246521343,1.5337783580698345,0.0,0.0,0.0
ogphag,30,linear,10.0,0.8253756511251453,0.7685762681643695,0.7471481125971482,1.0,1.0,1.0,1.366672178793119,1.706179870860883,1.827174597258884,0.0,0.0,0.0
ogphag,30,nearest,10.0,0.8124818159315627,0.6026336511329412,0.6406893478367152,1.0,1.0,1.0,1.1206328755496464,1.8693651012590322,1.7572360345115137,0.0,0.0,0.0
ogshtc,30,linear,10.0,0.8176871140888592,0.7706942812650639,0.7617848835065382,1.0,1.0,1.0,1.3158096825956944,1.5700665043859658,1.6161483660781832,0.0,0.0,0.0
ogshtc,30,nearest,10.0,0.8104616044880592,0.641079082254139,0.6595995438846752,1.0,1.0,1.0,1.0776830191715139,1.6490892058391078,1.6048337585273265,0.0,0.0,0.0
ogurju,30,linear,10.0,0.8392047935042266,0.7969646634295231,0.7891954986838426,1.0,1.0,1.0,1.1703586656021958,1.4024261757751648,1.4432950986657216,0.0,0.0,0.0
ogurju,30,nearest,10.0,0.817908242796785,0.6518048908204335,0.6420271536342209,1.0,1.0,1.0,1.0682299200336114,1.6647177407802667,1.6965746859882571,0.0,0.0,0.0
oiphye,30,linear,10.0,0.852887890999431,0.8152267075195658,0.8074134468327647,1.0,1.0,1.0,1.1114902017566224,1.3296192060368686,1.3730910901282516,0.0,0.0,0.0
oiphye,30,nearest,10.0,0.8269596134375108,0.6746826482275737,0.70027405640239,1.0,1.0,1.0,0.9942919653450967,1.5286311723159096,1.4537754920720802,0.0,0.0,0.0
oipial,30,linear,10.0,0.8147874713752643,0.7772952928202269,0.7728566515719648,1.0,1.0,1.0,1.2469858983781086,1.4331896785354021,1.4544282279407517,0.0,0.0,0.0
oipial,30,nearest,10.0,0.8263697046329226,0.6990526084619347,0.705894016474643,1.0,1.0,1.0,0.9695504371304989,1.4028876380023636,1.3895771079627415,0.0,0.0,0.0
oirzgo,30,linear,10.0,0.8404097175800884,0.7833920933184134,0.7670772938867345,1.0,1.0,1.0,1.256830252065496,1.6001884852401809,1.693075075998069,0.0,0.0,0.0
oirzgo,30,nearest,10.0,0.8160612142522085,0.5796945824984729,0.6189053280393078,1.0,1.0,1.0,1.1157108809165206,1.957514798051161,1.8436859130075485,0.0,0.0,0.0
oivnab,30,linear,10.0,0.8147011206304414,0.7588009060413524,0.727462387730611,1.0,1.0,1.0,1.464215259120679,1.8028107831359501,1.981543832347847,0.0,0.0,0.0
oivnab,30,nearest,10.0,0.8231256045745624,0.6688056203100787,0.6751756363726651,1.0,1.0,1.0,1.0327971217982506,1.5909479000534936,1.5746197753958753,0.0,0.0,0.0
ojachm,30,linear,10.0,0.8268867169383896,0.7737317340210194,0.7605562943494324,1.0,1.0,1.0,1.3238810495012276,1.632932710647929,1.7057611280527856,0.0,0.0,0.0
ojachm,30,nearest,10.0,0.8279069151800398,0.6557306355914366,0.6706106362097796,1.0,1.0,1.0,1.051726823779353,1.708164183305995,1.6620636095700472,0.0,0.0,0.0
ojbaso,30,linear,10.0,0.8362788741644731,0.8006002087489278,0.7904339415830339,1.0,1.0,1.0,1.209519851030758,1.4105359945515556,1.465631905934308,0.0,0.0,0.0
ojbaso,30,nearest,10.0,0.8411900750594983,0.7401774118158657,0.733026707209383,1.0,1.0,1.0,0.9278748545304424,1.2994158357868653,1.3313860272291183,0.0,0.0,0.0
ojfann,30,linear,10.0,0.8202988305413743,0.7786341752211113,0.7678454309347317,1.0,1.0,1.0,1.3010867869366662,1.5284535621790414,1.5848711910627116,0.0,0.0,0.0
ojfann,30,nearest,10.0,0.7866307907988894,0.5986848371797524,0.6622513139943621,1.0,1.0,1.0,1.1304497773397726,1.714527020188719,1.5342048177489038,0.0,0.0,0.0
ojfequ,30,linear,10.0,0.8308550598733495,0.7650311160245267,0.7372496498569292,1.0,1.0,1.0,1.374260465956726,1.7847039087496575,1.9470128337711015,0.0,0.0,0.0
ojfiez,30,linear,10.0,0.810842142090511,0.7441524572781992,0.7321570808412521,1.0,1.0,1.0,1.3778302633395882,1.73761923170009,1.7985591244761385,0.0,0.0,0.0
ojpoot,30,linear,10.0,0.8442933261096577,0.8120964750408473,0.8002087807975292,1.0,1.0,1.0,1.141185272693375,1.3212671361533677,1.385202400878251,0.0,0.0,0.0
ojpoot,30,nearest,10.0,0.8178442009119612,0.6545768986034465,0.6371829925563736,1.0,1.0,1.0,1.1017297633036596,1.7251569608060857,1.7808496427397096,0.0,0.0,0.0
ojroig,30,linear,10.0,0.7969799658743313,0.7536854826607324,0.7435275545571717,1.0,1.0,1.0,1.4302611228369668,1.6574925738181971,1.7086253398872606,0.0,0.0,0.0
ojroig,30,nearest,10.0,0.8068297162687256,0.6345862553495023,0.6466493585308133,1.0,1.0,1.0,1.094603707538661,1.6926021097137722,1.6658150291571001,0.0,0.0,0.0
ojumna,30,linear,10.0,0.8278723344840537,0.7876657127920839,0.7804031947447432,1.0,1.0,1.0,1.2081806999163283,1.4190047818306422,1.4555360007271698,0.0,0.0,0.0
ojumna,30,nearest,10.0,0.8006789757049217,0.6455046315674554,0.7080914597022842,1.0,1.0,1.0,1.0364844123173056,1.499880715673301,1.3338379793200106,0.0,0.0,0.0
ojvigh,30,linear,10.0,0.8453943714841812,0.7964828965481029,0.7729697857279458,1.0,1.0,1.0,1.2531916404733123,1.560775373332245,1.700775832265207,0.0,0.0,0.0
ojvigh,30,nearest,10.0,0.8333958430576204,0.6994601089903886,0.6933784688223955,1.0,1.0,1.0,1.0239831561068207,1.55405035604231,1.5756185446912534,0.0,0.0,0.0
ojwyky,30,linear,10.0,0.8051581239554516,0.7644456720440016,0.7532367656235175,1.0,1.0,1.0,1.3855332570327379,1.6024528767405777,1.6597680852294172,0.0,0.0,0.0
ojwyky,30,nearest,10.0,0.8388824669009687,0.6640292307131289,0.6510903956381863,1.0,1.0,1.0,0.9956221941078817,1.6702279533023454,1.7108878574709203,0.0,0.0,0.0
okavka,30,linear,10.0,0.7991073762235303,0.7293251730438858,0.7077414951050224,1.0,1.0,1.0,1.544850888968814,1.948804601865315,2.066216642276963,0.0,0.0,0.0
okavka,30,nearest,10.0,0.8173550492786508,0.6158140153447179,0.616887950920266,1.0,0.9999999999988544,1.0,1.1376688104343566,1.9029076613874287,1.9061666323083366,0.0,0.07746969182315572,0.0
okblah,30,linear,10.0,0.7879720883787438,0.7387314213260425,0.742753697034883,1.0,1.0,1.0,1.3405787806843514,1.562128278096349,1.5447441856326014,0.0,0.0,0.0
okblah,30,nearest,10.0,0.8345361742889191,0.6797273324099258,0.692860304948425,1.0,1.0,1.0,0.975808472502146,1.5385262222238791,1.506567309830167,0.0,0.0,0.0
okchym,30,linear,10.0,0.8302912554638839,0.7826971713215047,0.784832583041292,1.0,1.0,1.0,1.1950020679324769,1.4440455461931112,1.4333092288039386,0.0,0.0,0.0
okneyd,30,linear,10.0,0.8533806439947721,0.8058310004992812,0.8051329604343928,1.0,1.0,1.0,1.0411732455651064,1.2926186682288545,1.2961437351488392,0.0,0.0,0.0
oknsco,30,linear,10.0,0.8301832179997963,0.792060695005928,0.7935209221899227,1.0,1.0,1.0,1.13402146062289,1.321284719764129,1.3143585557821196,0.0,0.0,0.0
oknsco,30,nearest,10.0,0.819201813266498,0.6821780152571586,0.7027420082823974,1.0,0.9999999999989975,1.0,0.9915428599124333,1.5206712542518936,1.3867289312727267,0.0,0.08616592299908009,0.0
okquak,30,linear,10.0,0.8113154758169143,0.7536399670929698,0.7446836597514102,1.0,1.0,1.0,1.3969271685733538,1.7170982247609177,1.764378823222278,0.0,0.0,0.0
okquak,30,nearest,10.0,0.8141224951102016,0.6134439890679055,0.6267306311202342,1.0,1.0,1.0,1.094698473907537,1.8023844748781042,1.763419904574905,0.0,0.0,0.0
oksbos,30,linear,10.0,0.8369401386874042,0.7801000623143264,0.7560442004464103,1.0,1.0,1.0,1.3215271118076897,1.6769509979665749,1.8188343685286505,0.0,0.0,0.0
oktuls,30,linear,10.0,0.8364360653788574,0.7933172400802095,0.7830782364175115,1.0,1.0,1.0,1.2291384227999897,1.4760438676756833,1.5321631554482413,0.0,0.0,0.0
okvats,30,linear,10.0,0.889308780401865,0.8556352000152565,0.858817329978784,1.0,1.0,1.0,0.8340710299249969,1.0286510643289033,1.0108757675434394,0.0,0.0,0.0
oljnek,30,linear,10.0,0.8050812851864331,0.7497896439740095,0.7436776118115306,1.0,1.0,1.0,1.3295260771229567,1.604759423919699,1.6336686889534264,0.0,0.0,0.0
oljnek,30,nearest,10.0,0.8303742498251491,0.6515797961022598,0.6625018674233139,1.0,1.0,1.0,1.0220073064345028,1.6748385930420144,1.6534122172863102,0.0,0.0,0.0
omcuky,30,linear,10.0,0.8004777189920235,0.7582706703973892,0.7571564154927133,1.0,1.0,1.0,1.2811014849898543,1.4765243096184182,1.4814853010096587,0.0,0.0,0.0
omcuky,30,nearest,10.0,0.8023028947112381,0.6174476096527648,0.6395982871559298,1.0,1.0,1.0,1.1093018381418944,1.7182366374272393,1.6571653495710796,0.0,0.0,0.0
omdrid,30,linear,10.0,0.813431690388198,0.7299800714822543,0.7277519394406219,1.0,1.0,1.0,1.2180006371422634,1.5995350062535862,1.6089689307529125,0.0,0.0,0.0
omdrid,30,nearest,10.0,0.8136382807108558,0.6810157769191852,0.6797946360103899,1.0,1.0,1.0,1.0145815592310257,1.4697093915336934,1.4521765808508462,0.0,0.0,0.0
omluaj,30,linear,10.0,0.7933146326389351,0.7374549580267539,0.7345025061217569,1.0,1.0,1.0,1.3902760969554666,1.662810734693132,1.6765365108261219,0.0,0.0,0.0
omwyek,30,linear,10.0,0.8497378056338047,0.8169146914727236,0.8027361921843605,1.0,1.0,1.0,1.149180389585744,1.3431341993828667,1.4236051945743189,0.0,0.0,0.0
omwyek,30,nearest,10.0,0.8138623345869835,0.722516543438552,0.7305823577275057,1.0,1.0,1.0,0.9929336531286211,1.3586257083971276,1.327639487930702,0.0,0.0,0.0
onanns,30,linear,10.0,0.791081716538756,0.7171790624847948,0.7219090757421436,1.0,1.0,1.0,1.0705376293038413,1.3075267005313491,1.2936001889025464,0.0,0.0,0.0
onanns,30,nearest,10.0,0.8461248593223343,0.6518078977239076,0.6569407745261332,1.0,1.0,1.0,0.9272037625341341,1.628827281986012,1.613834583309295,0.0,0.0,0.0
oncalk,30,linear,10.0,0.8257897105352491,0.7779777562822243,0.7617294483347219,1.0,1.0,1.0,1.2699146857125165,1.5319136773517852,1.6164330993816578,0.0,0.0,0.0
oncalk,30,nearest,10.0,0.8305660520196889,0.7051348956464014,0.6910065047369401,1.0,1.0,1.0,0.9816453213032543,1.4426290417662864,1.491198669216479,0.0,0.0,0.0
oncixp,30,linear,10.0,0.7874569644912917,0.7437971639442039,0.7388120567188479,1.0,1.0,1.0,1.3839447291707014,1.5895706784432884,1.6120975391843329,0.0,0.0,0.0
onghoj,30,linear,10.0,0.8294051984260256,0.7738995558460353,0.7680172543327086,1.0,1.0,1.0,1.2706395923148666,1.5817129299141464,1.6131011381448073,0.0,0.0,0.0
onghoj,30,nearest,10.0,0.8457947644153156,0.7374333745861237,0.7085315196626513,1.0,1.0,1.0,0.9541414944572786,1.3984502252316673,1.5015498186957623,0.0,0.0,0.0
onkawc,30,linear,10.0,0.8431292435263871,0.7962733939633367,0.7936159144440847,1.0,1.0,1.0,1.1478839475337386,1.4060841208872508,1.4201070519019086,0.0,0.0,0.0
onkawc,30,nearest,10.0,0.8204639064199867,0.6474993975571841,0.6504565053455019,1.0,1.0,1.0,1.0553194537041402,1.6733367589213115,1.6670564191514257,0.0,0.0,0.0
ononma,30,linear,10.0,0.8026426957797725,0.762634177575294,0.7495261017460974,1.0,1.0,1.0,1.3722178859955587,1.579144417820404,1.6440846514953829,0.0,0.0,0.0
ononma,30,nearest,10.0,0.8243439669094207,0.6857390138764661,0.6849142506898516,1.0,1.0,1.0,0.9970666107678231,1.4804074674675023,1.4852421498776516,0.0,0.0,0.0
onvahe,30,linear,10.0,0.8144877982261354,0.7708970301895572,0.758019630505653,1.0,1.0,1.0,1.357042644282094,1.5977698535048075,1.6658086340673508,0.0,0.0,0.0
onvahe,30,nearest,10.0,0.8316480967139711,0.715665695960202,0.7041318883610842,1.0,1.0,1.0,1.017312993253735,1.4736510341252238,1.511793187602412,0.0,0.0,0.0
onwohy,30,linear,10.0,0.827128857373537,0.7647638795892069,0.763501975364689,1.0,1.0,1.0,1.2839673450633209,1.6303406224046755,1.6370045035030385,0.0,0.0,0.0
onyacj,30,linear,10.0,0.8086300817079257,0.756444534577382,0.7390741042031317,1.0,1.0,1.0,1.4124812891182674,1.7021653859289323,1.793680898497052,0.0,0.0,0.0
onyacj,30,nearest,10.0,0.823647741698317,0.6818775467412872,0.7019977484179446,1.0,1.0,1.0,0.9945128024178534,1.4873165716244072,1.425682650291051,0.0,0.0,0.0
onyenr,30,linear,10.0,0.8807867362622007,0.8458179035508142,0.844394109444004,1.0,1.0,1.0,0.9231130701548895,1.1323896354922096,1.140604620015323,0.0,0.0,0.0
onyenr,30,nearest,10.0,0.8250203979475128,0.6880754192190849,0.6852029549964028,1.0,1.0,1.0,1.0331550765359852,1.5559269411617733,1.5687229890681043,0.0,0.0,0.0
oocsod,30,linear,10.0,0.8232802628765867,0.7819444923073934,0.7791252680175478,1.0,1.0,1.0,1.2330365287286356,1.4478205946753868,1.4619178595440299,0.0,0.0,0.0
oocsod,30,nearest,10.0,0.8260173826694608,0.6725051672736012,0.6876026439304639,1.0,1.0,1.0,1.0101468998056031,1.5587120858649033,1.520270447752209,0.0,0.0,0.0
oogchy,30,linear,10.0,0.8244216552405184,0.7752001951734153,0.7596288664785144,1.0,1.0,1.0,1.3387970203528632,1.624728104059818,1.7108351352448066,0.0,0.0,0.0
oogchy,30,nearest,10.0,0.8398524694713156,0.7187689838276033,0.7243673714914199,1.0,1.0,1.0,0.95468705909785,1.4173685238805698,1.400678371526118,0.0,0.0,0.0
ootquo,30,linear,10.0,0.9025117898119014,0.8765925440813334,0.8695878596619762,1.0,1.0,1.0,0.7848312842721343,0.9490275137344784,0.9917871520294,0.0,0.0,0.0
ootquo,30,nearest,10.0,0.8495878723326598,0.7240143263475215,0.6909365220922883,1.0,0.9999999999980905,1.0,0.9116949494154736,1.4018945262743276,1.5102164009412467,0.0,0.20074502264220384,0.0
ootyec,30,linear,10.0,0.8087200168514037,0.7603908422456038,0.7460154023132954,1.0,1.0,1.0,1.3898729861401515,1.6533795633979125,1.7280579533354332,0.0,0.0,0.0
ootyec,30,nearest,10.0,0.820341468672355,0.671060078482791,0.6895983593066038,1.0,1.0,1.0,1.024312530776283,1.540973662556675,1.487671072559217,0.0,0.0,0.0
oowfmu,30,linear,10.0,0.8945191832600652,0.8218038239859128,0.8260088277159257,1.0,1.0,1.0,0.6970940451791994,1.0325073601096788,1.0147362999103693,0.0,0.0,0.0
opgove,30,linear,10.0,0.8845505865457692,0.8495536639813793,0.8336198352328814,1.0,1.0,1.0,0.9671855435416156,1.1987335099717422,1.299385859380729,0.0,0.0,0.0
opgove,30,nearest,10.0,0.81486866803544,0.7266564337182913,0.7205087416218839,1.0,1.0,1.0,0.9846009629757889,1.2794609367562382,1.2977398518884007,0.0,0.0,0.0
ophgir,30,linear,10.0,0.8327620995689979,0.780142204951866,0.7594479611429319,1.0,1.0,1.0,1.3202986938112269,1.6393389360780435,1.7581652515326567,0.0,0.0,0.0
ophgir,30,nearest,10.0,0.8125512145919063,0.7004516969896569,0.7330216721743341,1.0,1.0,1.0,0.9932032000198323,1.3555108746629456,1.2602458699319319,0.0,0.0,0.0
ophugb,30,linear,10.0,0.8069527234759561,0.7572210615612078,0.7362443914166583,1.0,1.0,1.0,1.4620173678671693,1.7481418477941961,1.8628252264698006,0.0,0.0,0.0
ophugb,30,nearest,10.0,0.8216029320781321,0.7033794370632119,0.7015703173506543,1.0,1.0,1.0,1.0276915782630809,1.4598972321057953,1.4768091915100436,0.0,0.0,0.0
opjerm,30,linear,10.0,0.8459162309002197,0.7946573887596533,0.7738473063795007,1.0,1.0,1.0,1.2624840415673353,1.5887487668697413,1.7142838285422513,0.0,0.0,0.0
opjerm,30,nearest,10.0,0.8186965667626218,0.6841093979507773,0.6951692560374753,1.0,1.0,1.0,1.04552574064354,1.5314140963064613,1.4936235610680033,0.0,0.0,0.0
opmisa,30,linear,10.0,0.8060418939852089,0.764423773448851,0.7568638620427329,1.0,1.0,1.0,1.32451111516789,1.5343649466466784,1.5709401082343761,0.0,0.0,0.0
opmisa,30,nearest,10.0,0.8291915841616148,0.7023030880862923,0.7037312519773871,1.0,0.9999999999991206,1.0,1.0335170042195252,1.529231422921076,1.5263572742789708,0.0,0.05044922351041529,0.0
opnown,30,linear,10.0,0.8784265355490496,0.8409352266455701,0.8458786811672684,1.0,1.0,1.0,0.9192456561689233,1.1362908957936178,1.1086115465498227,0.0,0.0,0.0
opnown,30,nearest,10.0,0.8269418009915345,0.7092644946061971,0.7292996730670966,1.0,1.0,1.0,0.9699620285888004,1.3812087041886616,1.3281114399419531,0.0,0.0,0.0
oquiat,30,linear,10.0,0.7964883003727191,0.7485260275420419,0.7350234333712098,1.0,1.0,1.0,1.432930946394766,1.6835629795813658,1.7508319184877308,0.0,0.0,0.0
oquiat,30,nearest,10.0,0.811399183690753,0.6608785404063803,0.6935211287267491,1.0,1.0,1.0,1.0259744564172792,1.5812316340533257,1.4648819875750134,0.0,0.0,0.0
orkbat,30,linear,10.0,0.815585722447673,0.7700057971809713,0.7525641915557977,1.0,1.0,1.0,1.350757477151904,1.6025217900910274,1.6942367180183735,0.0,0.0,0.0
orkbat,30,nearest,10.0,0.8241711192858451,0.6084823374042618,0.6641263762136431,1.0,1.0,1.0,1.0495761104438772,1.796883309375222,1.6596533717288582,0.0,0.0,0.0
orocdu,30,linear,10.0,0.8144318031839326,0.7677575383853865,0.7563821912039532,1.0,1.0,1.0,1.248812447643993,1.478627366849595,1.5318584097082137,0.0,0.0,0.0
orocdu,30,nearest,10.0,0.8098448090016233,0.6357650220733297,0.6355989120774135,1.0,1.0,1.0,1.0817605684908203,1.673645685470817,1.673055716858134,0.0,0.0,0.0
orptme,30,linear,10.0,0.8299527188640008,0.7706521110079891,0.7592688133003593,1.0,1.0,1.0,1.246079867595156,1.5702861332023956,1.6290471833052655,0.0,0.0,0.0
orptme,30,nearest,10.0,0.84970597063639,0.7136643269689241,0.692900607981472,1.0,0.9999999999997344,1.0,0.9558487136391034,1.52035863883817,1.5959200374870668,0.0,0.02282805268774577,0.0
orrrar,30,linear,10.0,0.8185846554400081,0.7675543559302347,0.7570311899175384,1.0,1.0,1.0,1.3335307289103582,1.615559226072245,1.670976620685031,0.0,0.0,0.0
orrrar,30,nearest,10.0,0.8355442008648133,0.6296857624629321,0.6568472657089723,1.0,1.0,1.0,0.9995492146690773,1.7293918009689733,1.6645015036777504,0.0,0.0,0.0
orsyal,30,linear,10.0,0.7804649601452032,0.7247110442253923,0.7312192396489005,1.0,1.0,1.0,1.375630364831973,1.6217858001112921,1.5942726490272532,0.0,0.0,0.0
orsyal,30,nearest,10.0,0.8092624119018748,0.6046805983161341,0.6507030068449481,1.0,1.0,1.0,1.0826165486682644,1.7456587431671693,1.6281186373331658,0.0,0.0,0.0
osacmu,30,linear,10.0,0.8398237156209258,0.7688600416289854,0.7685194919462532,1.0,1.0,1.0,1.115259969246205,1.4734130952840587,1.4750247712335536,0.0,0.0,0.0
osacmu,30,nearest,10.0,0.8136424839897795,0.6809739510059463,0.6657979823645613,1.0,1.0,1.0,1.0665042031393979,1.541371273853966,1.5875661051861394,0.0,0.0,0.0
osckro,30,linear,10.0,0.8089390473317696,0.754683331964261,0.7355139942951446,1.0,1.0,1.0,1.450139861460968,1.76219586445564,1.866758533305965,0.0,0.0,0.0
osckro,30,nearest,10.0,0.8291034485052583,0.6677488098101472,0.6804886595776893,1.0,1.0,1.0,1.0340810460222107,1.6499634607567144,1.610350921483125,0.0,0.0,0.0
oshyon,30,linear,10.0,0.7966157482581799,0.7518070936780044,0.7417310541490846,1.0,1.0,1.0,1.4042730389704077,1.632880353536787,1.682073804414356,0.0,0.0,0.0
oshyon,30,nearest,10.0,0.8299328829575612,0.7152578053690921,0.7122436736660852,1.0,1.0,1.0,0.9660744274979929,1.377953149221929,1.3879015194698467,0.0,0.0,0.0
osocce,30,linear,10.0,0.8038442189275263,0.7631302781805256,0.7533522779116928,1.0,1.0,1.0,1.3657881080615997,1.576660052610921,1.6252675235330731,0.0,0.0,0.0
osocce,30,nearest,10.0,0.7988265027485445,0.6348055492941194,0.6469102171898367,1.0,1.0,1.0,1.1296404434021352,1.701011153991548,1.6570340404198998,0.0,0.0,0.0
otasfi,30,linear,10.0,0.8407872183590831,0.801636690040447,0.7923167264665218,1.0,1.0,1.0,1.1613163603869194,1.3775912653218123,1.4269399028260377,0.0,0.0,0.0
otasfi,30,nearest,10.0,0.8408823719923592,0.7008254112267677,0.7063308455074808,1.0,1.0,1.0,0.9247319479557697,1.4314602265528038,1.4261987599526726,0.0,0.0,0.0
otfaho,30,linear,10.0,0.878206167980505,0.8429867265797345,0.84061074128772,1.0,1.0,1.0,0.9205726061660001,1.1248365360198413,1.1380984596412032,0.0,0.0,0.0
otfaho,30,nearest,10.0,0.8410748721066574,0.715926265312379,0.6943110587316951,1.0,1.0,1.0,0.9696973481626996,1.4689314079199547,1.545044254944613,0.0,0.0,0.0
otmego,30,linear,10.0,0.9217824761863744,0.8935462192158726,0.903802397922038,1.0,1.0,1.0,0.6154515222223891,0.7879794887306173,0.7268858754214271,0.0,0.0,0.0
otscok,30,linear,10.0,0.7925112390652036,0.7469954825350732,0.7352354741883417,1.0,1.0,1.0,1.4259178416817568,1.656468349711315,1.7133800477014594,0.0,0.0,0.0
otscok,30,nearest,10.0,0.8109655449571929,0.6337082703333935,0.6524520748431059,1.0,1.0,1.0,1.0826602557748357,1.7012749425048597,1.6578629987581308,0.0,0.0,0.0
otswra,30,linear,10.0,0.8063404769630564,0.7680525962490815,0.7634421918186678,1.0,1.0,1.0,1.2527354484573208,1.4325493347708143,1.4533707488560592,0.0,0.0,0.0
otswra,30,nearest,10.0,0.8074580583458348,0.6575263384671768,0.6699215828792621,1.0,1.0,1.0,1.0722179875149593,1.5833649246595436,1.547647748468929,0.0,0.0,0.0
otvasd,30,linear,10.0,0.8063456330558678,0.7597115017410296,0.7545414619375517,1.0,1.0,1.0,1.3523597049913227,1.59374082603688,1.6193960197259147,0.0,0.0,0.0
otvasd,30,nearest,10.0,0.80601877634674,0.6575609749349289,0.6748462788524334,1.0,1.0,1.0,1.0682461690622445,1.5674325748882998,1.5202930539800799,0.0,0.0,0.0
ouvdan,30,linear,10.0,0.8504546707256208,0.8090152193029285,0.8041267289657582,1.0,1.0,1.0,1.1260431610822295,1.3642257943081366,1.391207645563813,0.0,0.0,0.0
ouvdan,30,nearest,10.0,0.817708236143794,0.6381462410326366,0.6449674481264636,1.0,1.0,1.0,1.0696503566389148,1.6974396244988235,1.6855868148526534,0.0,0.0,0.0
ovkojy,30,linear,10.0,0.7981833339721054,0.7557121846761563,0.7442699428060796,1.0,1.0,1.0,1.3959670344768813,1.6136049068426754,1.6697512300244506,0.0,0.0,0.0
ovkojy,30,nearest,10.0,0.8072286057007712,0.6270265168956461,0.6631034268190797,1.0,1.0,1.0,1.078917038847353,1.6689388988897695,1.5718724489499794,0.0,0.0,0.0
ovnacg,30,linear,10.0,0.8175371534592175,0.7585653460695825,0.7393522532652002,1.0,1.0,1.0,1.4152866824490498,1.7631565456037646,1.8703132457852567,0.0,0.0,0.0
ovyijn,30,linear,10.0,0.8261779560992024,0.7838194820791394,0.7815375089406924,1.0,1.0,1.0,1.2173765987340712,1.438407687424393,1.4498598152323046,0.0,0.0,0.0
ovyijn,30,nearest,10.0,0.8323245991692424,0.6702882582555427,0.6696819728487539,1.0,1.0,1.0,0.9957231076688007,1.5883384647434755,1.5890667337861104,0.0,0.0,0.0
owbsus,30,linear,10.0,0.8157761980831362,0.7621031622397128,0.7465223844914889,1.0,1.0,1.0,1.3709395585501347,1.6718481733146144,1.7547222662195316,0.0,0.0,0.0
owbsus,30,nearest,10.0,0.8173229770002783,0.6182473975998073,0.680126075661159,1.0,1.0,1.0,1.0650623337303524,1.7355271775907177,1.570549177967624,0.0,0.0,0.0
owgves,30,linear,10.0,0.8260384596935937,0.7805255430861353,0.7824760613142452,1.0,1.0,1.0,1.2181323994709494,1.4549242831820572,1.4451550174421641,0.0,0.0,0.0
owgves,30,nearest,10.0,0.8531085484399165,0.747793015305421,0.7545104797237734,1.0,1.0,1.0,0.8393717426727583,1.206230740827513,1.1977786023206312,0.0,0.0,0.0
owhagm,30,linear,10.0,0.8773239996218493,0.8344657268019223,0.8275879680871,1.0,1.0,1.0,0.9613935745337591,1.220040912116114,1.2596404891470458,0.0,0.0,0.0
owhagm,30,nearest,10.0,0.8072232752159146,0.6291819941233255,0.6460692165649369,1.0,1.0,1.0,1.0545538822785736,1.6177912861270962,1.5772108649794196,0.0,0.0,0.0
owufre,30,linear,10.0,0.8341498538495808,0.7788781221310153,0.7656968128280057,1.0,1.0,1.0,1.2618415205565296,1.5804589140729435,1.6524624480125578,0.0,0.0,0.0
owufre,30,nearest,10.0,0.8171448466012431,0.6826736621438597,0.7126900440194116,1.0,1.0,1.0,1.051993686409379,1.5361028928384157,1.4398408522826995,0.0,0.0,0.0
oxdogh,30,linear,10.0,0.8231833100719899,0.7753401629155583,0.7629683307599605,1.0,1.0,1.0,1.306944599482186,1.5739824985487854,1.6398187505999842,0.0,0.0,0.0
oxdogh,30,nearest,10.0,0.837385123480735,0.6942528204210704,0.699386137897302,1.0,1.0,1.0,1.0185825735967777,1.6050624509826141,1.5872348377332774,0.0,0.0,0.0
oyclsd,30,linear,10.0,0.8847919765095447,0.8396337234291906,0.8484265017607266,1.0,1.0,1.0,0.861051847191005,1.1162839144944345,1.0684845116845907,0.0,0.0,0.0
oydtes,30,linear,10.0,0.8090384831296619,0.7703980678337806,0.7598310567258784,1.0,1.0,1.0,1.337838978839866,1.5400378454252528,1.593145073446261,0.0,0.0,0.0
oydtes,30,nearest,10.0,0.7963733966281763,0.6576155927047707,0.660096429292258,1.0,1.0,1.0,1.0779363025584552,1.5542118982115285,1.5100097942540787,0.0,0.0,0.0
oygmeb,30,linear,10.0,0.8508718879013291,0.7977893903147062,0.7865418393915842,1.0,1.0,1.0,1.1902813159104713,1.5163420722562324,1.5819987768180388,0.0,0.0,0.0
oygmeb,30,nearest,10.0,0.8532815150281509,0.6630524395168231,0.7061847126590014,1.0,1.0,1.0,0.9434872132303522,1.7062639662584125,1.5602483894593981,0.0,0.0,0.0
oygvar,30,linear,10.0,0.8972887109549686,0.8691926457096889,0.863105109950267,1.0,1.0,1.0,0.8187312414437948,0.9941808324504589,1.0308036623426748,0.0,0.0,0.0
oygvar,30,nearest,10.0,0.8698096469153704,0.7548428658623739,0.7792301208822991,1.0,1.0,1.0,0.7643068256920914,1.1920766057835899,1.1114827697404632,0.0,0.0,0.0
ubgiho,30,linear,10.0,0.8436891647281701,0.7919024696451362,0.7727026410278999,1.0,1.0,1.0,1.236099726979629,1.5508447508740508,1.661296074138098,0.0,0.0,0.0
ubgiho,30,nearest,10.0,0.8189883115902883,0.6763754175041069,0.6572177302516025,1.0,1.0,1.0,1.0436763839498455,1.5500429019547572,1.60987339663765,0.0,0.0,0.0
ubjajo,30,linear,10.0,0.8181933059234328,0.7746981777594519,0.7620072893909526,1.0,1.0,1.0,1.335783688092037,1.5774295691181028,1.6448812052153285,0.0,0.0,0.0
ubjajo,30,nearest,10.0,0.8201054985091871,0.6600947506080163,0.6688029476271575,1.0,1.0,1.0,1.0300488542068746,1.5947107428348222,1.5705159330666183,0.0,0.0,0.0
ubjaju,30,linear,10.0,0.8056068546132591,0.769610284710695,0.770287993974676,1.0,1.0,1.0,1.2130706377760092,1.3742388210803258,1.371305848998242,0.0,0.0,0.0
ubjaju,30,nearest,10.0,0.8006832699168981,0.6351495115083734,0.682953351729882,1.0,1.0,1.0,1.0356409736549945,1.5374893253534536,1.4034716149509616,0.0,0.0,0.0
ubnank,30,linear,10.0,0.8374235545336506,0.7927033758599977,0.7803657299949769,1.0,1.0,1.0,1.2420420919517006,1.5033721198234677,1.572242504512325,0.0,0.0,0.0
ubnank,30,nearest,10.0,0.8285185243989114,0.7031322820848169,0.6943161653054828,1.0,1.0,1.0,0.9882016189409507,1.443018733270262,1.4707607185574623,0.0,0.0,0.0
ubzach,30,linear,10.0,0.7988523131055834,0.7498253464286342,0.7544251321227788,1.0,1.0,1.0,1.2441767664910568,1.458246924599594,1.4389906463680648,0.0,0.0,0.0
ubzach,30,nearest,10.0,0.8133089973701417,0.6150415721929193,0.6358747817282175,1.0,1.0,1.0,1.0672366891197056,1.7275213399873526,1.6706256153368693,0.0,0.0,0.0
ucbiya,30,linear,10.0,0.802162645907934,0.7452957232012164,0.7285115323024888,1.0,1.0,1.0,1.470818683644684,1.7883990217632364,1.8772453483708267,0.0,0.0,0.0
ucbiya,30,nearest,10.0,0.8040475416992862,0.6045765745185755,0.6567985510643846,1.0,1.0,1.0,1.0985958969562888,1.752014320251304,1.610771597964247,0.0,0.0,0.0
ucdewy,30,linear,10.0,0.9192177200157658,0.8964740495422376,0.8984644888543005,1.0,1.0,1.0,0.5925002675801287,0.7204537830436566,0.7096023923637761,0.0,0.0,0.0
ucgewf,30,linear,10.0,0.8156970931152552,0.7644063626352532,0.7593381010514619,1.0,1.0,1.0,1.326983574126923,1.602655620118526,1.628692645252144,0.0,0.0,0.0
ucgewf,30,nearest,10.0,0.8179588119133963,0.6700963506733973,0.6825104829958911,1.0,1.0,1.0,1.0608523223160082,1.5958022172862063,1.5651289458200028,0.0,0.0,0.0
uchjaf,30,linear,10.0,0.8117081436788016,0.7670906876732375,0.7523164175503964,1.0,1.0,1.0,1.3729036924473415,1.6180196651582446,1.6955223587347725,0.0,0.0,0.0
uchjaf,30,nearest,10.0,0.8058279150031589,0.6225774966944634,0.6513134920574934,1.0,1.0,1.0,1.08061297389485,1.6787763348227718,1.5993538962929343,0.0,0.0,0.0
ucovla,30,linear,10.0,0.815294736733728,0.7644554937718735,0.746863706793608,1.0,1.0,1.0,1.3737536251820015,1.659170351904539,1.752926887656657,0.0,0.0,0.0
ucovla,30,nearest,10.0,0.8248436250654133,0.6080341336704937,0.6460262943904936,1.0,1.0,1.0,1.035740909573915,1.7857877870129581,1.6777655041047599,0.0,0.0,0.0
ucvepn,30,linear,10.0,0.8195910084171348,0.7617264332069904,0.7400202333223862,1.0,1.0,1.0,1.4026069160547117,1.745251741724035,1.8666349052563018,0.0,0.0,0.0
ucvepn,30,nearest,10.0,0.8330737601803091,0.638726200803787,0.6855012176637819,1.0,1.0,1.0,0.9818682594064315,1.6479764887218142,1.513637035581084,0.0,0.0,0.0
udguic,30,linear,10.0,0.8058198047213658,0.7595002835727696,0.7498688309855884,1.0,1.0,1.0,1.3551873020516294,1.5947930680266589,1.6424037139740204,0.0,0.0,0.0
udguic,30,nearest,10.0,0.8238232376089681,0.6827549431788934,0.6903316856845464,1.0,1.0,1.0,1.0164511788419532,1.5317996213431684,1.509170353540523,0.0,0.0,0.0
udthon,30,linear,10.0,0.8337063361243655,0.7902850558160586,0.7859989503625648,1.0,1.0,1.0,1.1762940555945347,1.4057181574113546,1.427428592372387,0.0,0.0,0.0
udthon,30,nearest,10.0,0.8178527411251035,0.6523248859793046,0.6861453848795013,1.0,1.0,1.0,1.0082595219783663,1.553907151587117,1.4576835233842076,0.0,0.0,0.0
udtiog,30,linear,10.0,0.8126062650401878,0.7699824815494196,0.7564948128414799,1.0,1.0,1.0,1.3442632171701505,1.5737717170210075,1.6432103978292778,0.0,0.0,0.0
udtiog,30,nearest,10.0,0.8460799677958805,0.6248037468476217,0.6346866023276548,1.0,1.0,1.0,1.0165445703694829,1.9223408220532514,1.8900561519989938,0.0,0.0,0.0
udveoy,30,linear,10.0,0.826758441078056,0.7881776411080558,0.7724690947792632,1.0,1.0,1.0,1.2861311355275018,1.5043269160286064,1.5893719857152622,0.0,0.0,0.0
udveoy,30,nearest,10.0,0.8149331822316738,0.6681564113673061,0.6769735330995559,1.0,1.0,1.0,1.0155879041850016,1.5019708751999978,1.4779814683280017,0.0,0.0,0.0
udwadl,30,linear,10.0,0.8583050223234859,0.8245770033384235,0.8149308161803741,1.0,1.0,1.0,1.0788447365200002,1.2768250630031348,1.3312760379044026,0.0,0.0,0.0
udwadl,30,nearest,10.0,0.801793902211939,0.6284751222460557,0.6362024858928894,1.0,1.0,1.0,1.103104561369544,1.6732256519187725,1.6639889401674313,0.0,0.0,0.0
udwebi,30,linear,10.0,0.9028535337121085,0.8692384692541855,0.8879276925573749,1.0,1.0,1.0,0.6541772152555562,0.8210460548180353,0.7302798078479309,0.0,0.0,0.0
udwiul,30,linear,10.0,0.823309872153267,0.7837241817609321,0.776094771833771,1.0,1.0,1.0,1.2328769348256472,1.4388868388457536,1.4769972759949688,0.0,0.0,0.0
udwiul,30,nearest,10.0,0.8506436510388027,0.7072291357887134,0.7256088634838823,1.0,1.0,1.0,0.8406944088838219,1.3180328725587969,1.2602954835778395,0.0,0.0,0.0
ufdoyn,30,linear,10.0,0.8087885227572051,0.739421001809636,0.7299186830637103,1.0,1.0,1.0,1.4115654532388093,1.791875707057852,1.8410009289758515,0.0,0.0,0.0
ugatna,30,linear,10.0,0.8128423954761383,0.7583412328380581,0.7343721736974518,1.0,1.0,1.0,1.4441177930595146,1.7644229552914912,1.8976319466188498,0.0,0.0,0.0
ugatna,30,nearest,10.0,0.8165948805964968,0.6498322123011471,0.6574093954742151,1.0,1.0,1.0,1.0705340426519745,1.6805781562883224,1.658937361002605,0.0,0.0,0.0
ugdifb,30,linear,10.0,0.8571936647342359,0.828140418801266,0.8248348983172815,1.0,1.0,1.0,0.9924494958736753,1.1444119267991488,1.1611356481730628,0.0,0.0,0.0
ugdifb,30,nearest,10.0,0.8310624610742452,0.5507325798388487,0.6273132906059982,1.0,1.0,1.0,1.0475293551642824,2.0357274479823007,1.81806444486938,0.0,0.0,0.0
uggdye,30,linear,10.0,0.8302459103281524,0.7877497810690031,0.7790217746800285,1.0,1.0,1.0,1.2210528103806846,1.4508419572628988,1.496023470344689,0.0,0.0,0.0
uggdye,30,nearest,10.0,0.8187685915994564,0.6586122158967448,0.6784905454631489,1.0,1.0,1.0,1.0389726558501262,1.6049553157385892,1.5457110379804904,0.0,0.0,0.0
ugifma,30,linear,10.0,0.7964467660052361,0.7419489935850542,0.7315827306879243,1.0,1.0,1.0,1.4331563860716503,1.7165008605344974,1.7677555264868776,0.0,0.0,0.0
ugifma,30,nearest,10.0,0.8111001079980872,0.5940988117394448,0.6391384374766126,1.0,1.0,1.0,1.0688595008088624,1.7843848665143478,1.6581833107369786,0.0,0.0,0.0
ugthfu,30,linear,10.0,0.8581752554157105,0.8180503193864757,0.821628918404979,1.0,1.0,1.0,1.014472009873332,1.2301727361305068,1.2116138264264391,0.0,0.0,0.0
ugthfu,30,nearest,10.0,0.822945938453372,0.6651535180424443,0.6816974324091931,1.0,1.0,1.0,1.0268750976206813,1.5862948934906755,1.5368666550346224,0.0,0.0,0.0
ujhuki,30,linear,10.0,0.8373316117788437,0.7929107661760608,0.7742224409588716,1.0,1.0,1.0,1.2913286938231652,1.564238887141782,1.6736879424440092,0.0,0.0,0.0
ujhuki,30,nearest,10.0,0.829774699846358,0.6503255133958359,0.6832201397011105,1.0,1.0,1.0,1.0087282550988803,1.6509175312144013,1.5531219679350519,0.0,0.0,0.0
ujkiwe,30,linear,10.0,0.8236485816590069,0.7825615772156913,0.7717951353983175,1.0,1.0,1.0,1.2821055769576541,1.5076758328365911,1.5643279537587853,0.0,0.0,0.0
ujkiwe,30,nearest,10.0,0.8516108563628466,0.7665895106323786,0.7542733300937843,1.0,1.0,1.0,0.902572699173214,1.2507303179378224,1.2958878719249107,0.0,0.0,0.0
ujnaww,30,linear,10.0,0.8322547325508542,0.7819847504719108,0.7825939262105553,1.0,1.0,1.0,1.2097585398827215,1.480757794253446,1.4776100500110936,0.0,0.0,0.0
ujnaww,30,nearest,10.0,0.8158922706727492,0.7102096744012791,0.7134190052019795,1.0,1.0,1.0,0.9834839463454728,1.401932933984442,1.3816208175959934,0.0,0.0,0.0
ujtosh,30,linear,10.0,0.8298446249093783,0.7803036144463327,0.7802532478230059,1.0,1.0,1.0,1.1685262131057443,1.4187018810182999,1.4189450668227122,0.0,0.0,0.0
ujtosh,30,nearest,10.0,0.8200170364499092,0.7243137826290845,0.7268090734629868,1.0,1.0,1.0,0.9651765755050232,1.2831254906041358,1.2765014183068815,0.0,0.0,0.0
ujtrud,30,linear,10.0,0.8208518253516508,0.7753972714121068,0.7623956015153663,1.0,1.0,1.0,1.2979608788445576,1.5454811167510791,1.6130098988323203,0.0,0.0,0.0
ujtrud,30,nearest,10.0,0.8369108177166328,0.6713664401076644,0.6949773815946988,1.0,1.0,1.0,0.9750842612747662,1.6076937489040266,1.5320540109595282,0.0,0.0,0.0
ukgoaf,30,linear,10.0,0.8357839424563841,0.788011473544763,0.7677859342360636,1.0,1.0,1.0,1.3155280026222793,1.6117618062323786,1.731017360347571,0.0,0.0,0.0
ukgoaf,30,nearest,10.0,0.8253019065897532,0.6508894570848064,0.6401231058991659,1.0,1.0,1.0,1.0432150958992572,1.6818038565397093,1.7142551395054286,0.0,0.0,0.0
uklsdr,30,linear,10.0,0.8269083470798079,0.7791693112516315,0.7543963502097909,1.0,1.0,1.0,1.3722342392436149,1.6643186525878975,1.8081312147525974,0.0,0.0,0.0
uklsdr,30,nearest,10.0,0.8255334624162322,0.6540822760731423,0.6729139319489627,1.0,1.0,1.0,1.0043518760741013,1.612768583002314,1.5540134525508353,0.0,0.0,0.0
uljior,30,linear,10.0,0.865444994850983,0.8224183727864247,0.8233411393296493,1.0,1.0,1.0,1.016781316780492,1.2646712613470459,1.2595610888714908,0.0,0.0,0.0
uljior,30,nearest,10.0,0.8336695323120057,0.7046848574532759,0.7542608806816009,1.0,1.0,1.0,0.9345669486877841,1.3616865717225222,1.2340045989959707,0.0,0.0,0.0
umhenw,30,linear,10.0,0.8281640099296768,0.7788314982020773,0.7660927728569866,1.0,1.0,1.0,1.2977562854963125,1.580716128904693,1.6503201343923117,0.0,0.0,0.0
umhenw,30,nearest,10.0,0.8519139099509867,0.6131342149453768,0.6118910326620188,1.0,1.0,1.0,0.9878269367894651,1.9627806620284838,1.966815476113807,0.0,0.0,0.0
umsmth,30,linear,10.0,0.8018259906378592,0.7526272502431716,0.7442973978463331,1.0,1.0,1.0,1.3765808563910806,1.628841901314966,1.6696177096378053,0.0,0.0,0.0
umsmth,30,nearest,10.0,0.8061775959609051,0.6070574229199774,0.6483116035029862,1.0,1.0,1.0,1.1328513698745715,1.826367055643364,1.706250744518384,0.0,0.0,0.0
umvohu,30,linear,10.0,0.8056172199133724,0.7612837925548096,0.74913906332172,1.0,1.0,1.0,1.3562760041910507,1.585896927618388,1.645981820850019,0.0,0.0,0.0
umvohu,30,nearest,10.0,0.8202245444043084,0.6554641044388033,0.6731656153096413,1.0,1.0,1.0,0.9984763729124607,1.5390480493972902,1.4962641566346202,0.0,0.0,0.0
unquek,30,linear,10.0,0.8306591317516658,0.7760857001407138,0.7636485607066973,1.0,1.0,1.0,1.3009355293404472,1.6197719753962656,1.6887938364450807,0.0,0.0,0.0
unquek,30,nearest,10.0,0.8185142145875505,0.6414706729015583,0.6359340803234387,1.0,1.0,1.0,1.0693050860405164,1.702337353628979,1.7178404419378654,0.0,0.0,0.0
unwrai,30,linear,10.0,0.7955155419179847,0.6545650203476362,0.6667106536912192,1.0,1.0,1.0,1.3442602214308006,1.9662298333256312,1.9181198797003105,0.0,0.0,0.0
upchim,30,linear,10.0,0.7998702769685593,0.7577091814595709,0.7606120963168241,1.0,1.0,1.0,1.2840226281284224,1.47902544342877,1.4660677117733578,0.0,0.0,0.0
upchim,30,nearest,10.0,0.8234988845089881,0.7165677139705837,0.7074007109852666,1.0,1.0,1.0,0.9721884981714258,1.3457545582147832,1.372713013238713,0.0,0.0,0.0
upsjav,30,linear,10.0,0.8575701523215808,0.8279144116670786,0.8265959524426596,1.0,1.0,1.0,1.0420590952335211,1.2079519655391315,1.2151106959337767,0.0,0.0,0.0
upsjav,30,nearest,10.0,0.8551068011293009,0.732863023147174,0.7229661138245416,1.0,1.0,1.0,0.874116558897169,1.3444348521983056,1.3788378564614567,0.0,0.0,0.0
upthin,30,linear,10.0,0.8777231988198486,0.849787654121638,0.8489723550730857,1.0,1.0,1.0,0.879144620807335,1.0320708139885306,1.036394225188505,0.0,0.0,0.0
urfhod,30,linear,10.0,0.7654825662024598,0.6911191679533474,0.6796232904303952,1.0,1.0,1.0,1.5971004874462458,1.9604294611822006,2.0131119639469133,0.0,0.0,0.0
urfhod,30,nearest,10.0,0.8113329795941168,0.5907007821156166,0.6273160789496679,1.0,1.0,1.0,1.1057561990430156,1.8733577025440322,1.7787026009206102,0.0,0.0,0.0
usadri,30,linear,10.0,0.8800037338507212,0.8462271812888854,0.8414300063152489,1.0,1.0,1.0,0.9444690096209385,1.1511683532621972,1.1794395734617995,0.0,0.0,0.0
usbekh,30,linear,10.0,0.8024139578913809,0.7456373281015293,0.7285935974500692,1.0,1.0,1.0,1.469354017774039,1.786568824627411,1.8768160068403066,0.0,0.0,0.0
usbekh,30,nearest,10.0,0.8107025082089635,0.6236367214401543,0.6454050241970564,1.0,1.0,1.0,1.0730485012579989,1.701405182894368,1.6438275448117454,0.0,0.0,0.0
ushfeo,30,linear,10.0,0.8025738798017616,0.746188166638111,0.7309438708466515,1.0,1.0,1.0,1.447313827484271,1.7564794142952527,1.8357329647008953,0.0,0.0,0.0
uthiss,30,linear,10.0,0.8127354415767625,0.7370868942812,0.7146020937357463,1.0,1.0,1.0,1.4765930902667148,1.9274384815621923,2.05278984859249,0.0,0.0,0.0
uthomo,30,linear,10.0,0.8226770691101506,0.7852630511619033,0.7803364860004727,1.0,1.0,1.0,1.2061542482744452,1.3946510571292274,1.418543155266968,0.0,0.0,0.0
uthomo,30,nearest,10.0,0.8198153993721212,0.6438045830553806,0.6252385576788496,1.0,1.0,1.0,1.0764029353321707,1.7194958840679684,1.7774863609610052,0.0,0.0,0.0
uthsyi,30,linear,10.0,0.8446198671001568,0.7777554262132883,0.7655759610928872,1.0,1.0,1.0,1.1981167225479807,1.586647549647193,1.6531160566068774,0.0,0.0,0.0
utjanr,30,linear,10.0,0.8219935412337618,0.7697244340082824,0.7570829913014993,1.0,1.0,1.0,1.3534302090308203,1.655232177453822,1.7247288733733497,0.0,0.0,0.0
utkibe,30,linear,10.0,0.8651604545586424,0.8131899308348796,0.7968716747412574,1.0,1.0,1.0,1.1217144558352854,1.4583296872649485,1.5584202767433308,0.0,0.0,0.0
utlurv,30,linear,10.0,0.8290146486536073,0.793915699264611,0.7829352504335273,1.0,1.0,1.0,1.227954931803581,1.4185282776274748,1.4758449780204839,0.0,0.0,0.0
utlurv,30,nearest,10.0,0.8461045309661485,0.7022240566434951,0.696885113953219,1.0,1.0,1.0,0.9272944065670787,1.4741071009302065,1.4912950219131413,0.0,0.0,0.0
utthwa,30,linear,10.0,0.888723718030765,0.8292385213128691,0.8144036568694979,1.0,1.0,1.0,0.8887063364120922,1.2501814173724544,1.334225770967038,0.0,0.0,0.0
utthwa,30,nearest,10.0,0.8433353829889211,0.7153625770584098,0.7015922328569619,1.0,1.0,1.0,0.9395994457634511,1.4309677773606992,1.4761513828421307,0.0,0.0,0.0
uttorh,30,linear,10.0,0.8445838429317902,0.8006111224525184,0.7862097829341752,1.0,1.0,1.0,1.1803909844322955,1.4355058139519719,1.51509532183913,0.0,0.0,0.0
utvoho,30,linear,10.0,0.860219353518194,0.838523187499282,0.8374456206213453,1.0,1.0,1.0,0.9449917856372041,1.0552423873616728,1.060582545655302,0.0,0.0,0.0
utvoho,30,nearest,10.0,0.8249056054518845,0.731258661823683,0.7288332216476968,1.0,1.0,1.0,0.9488686317742788,1.3197731884169848,1.321579964193893,0.0,0.0,0.0
utwoab,30,linear,10.0,0.8013201467977864,0.7581804446521639,0.7502707593952889,1.0,1.0,1.0,1.3792801173051756,1.6013602402428027,1.6404312794277605,0.0,0.0,0.0
utwoab,30,nearest,10.0,0.8371516418112684,0.6280170372917551,0.650475440430154,1.0,1.0,1.0,1.0192025722809932,1.8159001967102673,1.7452136245732173,0.0,0.0,0.0
uvburk,30,linear,10.0,0.9190865589471999,0.8768366401774723,0.8883371872936059,1.0,1.0,1.0,0.6853041233171843,0.9644612224031307,0.8912010846425452,0.0,0.0,0.0
uvigch,30,linear,10.0,0.8289021516095789,0.7870116406696697,0.7686221231118991,1.0,1.0,1.0,1.2933473137483247,1.5353067681348893,1.6366054157671184,0.0,0.0,0.0
uvigch,30,nearest,10.0,0.8284276894262164,0.6643596811477875,0.6621772000289272,1.0,1.0,1.0,1.0172263355249307,1.6144433539601553,1.6217588572842883,0.0,0.0,0.0
uvjeah,30,linear,10.0,0.8219350116262758,0.7570024762239289,0.7350135290466672,1.0,1.0,1.0,1.3880855652167834,1.771979718093069,1.8941240676342164,0.0,0.0,0.0
uvjova,30,linear,10.0,0.8697194573462066,0.8280495308565865,0.8302154441473921,1.0,1.0,1.0,0.9711866219589843,1.2072173272917468,1.1954160047820181,0.0,0.0,0.0
uvjova,30,nearest,10.0,0.8259009293972516,0.6029408383400455,0.6697144939795292,1.0,1.0,1.0,1.014496473583897,1.7477990262652858,1.5652364130397174,0.0,0.0,0.0
uvreoi,30,linear,10.0,0.8258196339295714,0.7646565943136174,0.7411732307805047,1.0,1.0,1.0,1.3476825552641098,1.7066713261762858,1.836178656082715,0.0,0.0,0.0
uvreoi,30,nearest,10.0,0.8400502243305275,0.7303392088501763,0.7105911276881097,1.0,0.9999999999980904,1.0,0.9540889398509603,1.3802990539490572,1.4467741675463963,0.0,0.1738327868027775,0.0
