scenario_subdir,user_id,method,sample_interval_min,interpolation_method,codebook_size,tolerance_km,num_points,predictability,entropy_rate_bits,actual_distortion_km,reconstruction_rmse_km
tol_7p5km_int_15min,abboip,direct_ctw,15,linear,,7.5,2014.0,0.954421270550484,0.4359715278891778,2.2627649589725523,2.431551890985799
tol_7p5km_int_15min,abboip,direct_ctw,15,nearest,,7.5,221.0,0.9444161156039068,0.4275439761960251,2.2374371908546062,2.406310511425457
tol_7p5km_int_15min,abboip,markov_order_1,15,linear,,7.5,2014.0,0.9431677930397432,0.525043602898591,2.2627649589725523,2.431551890985799
tol_7p5km_int_15min,abboip,markov_order_1,15,nearest,,7.5,221.0,0.9087941643718606,0.5984493347679013,2.2374371908546062,2.406310511425457
tol_7p5km_int_15min,abboip,markov_order_2,15,linear,,7.5,2014.0,0.939377272180567,0.5542427219819256,2.2627649589725523,2.431551890985799
tol_7p5km_int_15min,abboip,markov_order_2,15,nearest,,7.5,221.0,0.9059686833225016,0.6024174375416459,2.2374371908546062,2.406310511425457
tol_7p5km_int_15min,abboip,vq_ctw,15,linear,256.0,7.5,2014.0,1.0,0.0,4.922406909599054,4.922406909599054
tol_7p5km_int_15min,abboip,vq_ctw,15,nearest,256.0,7.5,221.0,1.0,0.0,6.296374215761097,6.296374215761097
tol_7p5km_int_15min,abboip,vq_ctw,15,linear,512.0,7.5,2014.0,1.0,0.0,4.654655305073046,4.654655305073046
tol_7p5km_int_15min,abboip,vq_ctw,15,nearest,512.0,7.5,221.0,1.0,0.0,6.48724758593608,6.48724758593608
tol_7p5km_int_15min,abboip,vq_ctw,15,linear,1024.0,7.5,2014.0,1.0,0.0,4.613630464080698,4.613630464080698
tol_7p5km_int_15min,abboip,vq_ctw,15,nearest,1024.0,7.5,221.0,1.0,0.0,6.658830772361975,6.658830772361975
tol_7p5km_int_15min,abcoij,direct_ctw,15,linear,,7.5,1147.0,0.9952745666222752,0.048032228081829,2.0553602069984453,2.2577907241101425
tol_7p5km_int_15min,abcoij,markov_order_1,15,linear,,7.5,1147.0,0.994924464960524,0.051066237016369,2.0553602069984453,2.2577907241101425
tol_7p5km_int_15min,abcoij,markov_order_2,15,linear,,7.5,1147.0,0.9944233249833933,0.0553487443910578,2.0553602069984453,2.2577907241101425
tol_7p5km_int_15min,abcoij,vq_ctw,15,linear,256.0,7.5,1147.0,1.0,0.0,4.1043070738475,4.1043070738475
tol_7p5km_int_15min,abcoij,vq_ctw,15,linear,512.0,7.5,1147.0,1.0,0.0,3.703410294564583,3.703410294564583
tol_7p5km_int_15min,abcoij,vq_ctw,15,linear,1024.0,7.5,1147.0,1.0,0.0,3.6514370858785887,3.6514370858785887
tol_7p5km_int_15min,abdrem,direct_ctw,15,linear,,7.5,2006.0,0.9024424718801264,0.930198638781091,2.268178549993394,2.4695258779293434
tol_7p5km_int_15min,abdrem,markov_order_1,15,linear,,7.5,2006.0,0.862211524682792,1.2408157003708429,2.268178549993394,2.4695258779293434
tol_7p5km_int_15min,abdrem,markov_order_2,15,linear,,7.5,2006.0,0.8531144509899817,1.308122163080085,2.268178549993394,2.4695258779293434
tol_7p5km_int_15min,abdrem,vq_ctw,15,linear,256.0,7.5,2006.0,1.0,0.0,7.928938055092122,7.928938055092122
tol_7p5km_int_15min,abdrem,vq_ctw,15,linear,512.0,7.5,2006.0,1.0,0.0,7.965962913651924,7.965962913651924
tol_7p5km_int_15min,abdrem,vq_ctw,15,linear,1024.0,7.5,2006.0,1.0,0.0,7.977469292787504,7.977469292787504
tol_7p5km_int_15min,abgibo,direct_ctw,15,linear,,7.5,2015.0,0.9254323799387424,0.7152716423762825,2.1926269417406385,2.4059226392092614
tol_7p5km_int_15min,abgibo,direct_ctw,15,nearest,,7.5,153.0,0.939493932098766,0.4567440672020477,2.1634929494600947,2.321476195911369
tol_7p5km_int_15min,abgibo,markov_order_1,15,linear,,7.5,2015.0,0.9014959689221698,0.9035074580511626,2.1926269417406385,2.4059226392092614
tol_7p5km_int_15min,abgibo,markov_order_1,15,nearest,,7.5,153.0,0.8940087975539941,0.6762243967944417,2.1634929494600947,2.321476195911369
tol_7p5km_int_15min,abgibo,markov_order_2,15,linear,,7.5,2015.0,0.8876260139506008,1.0081594562843228,2.1926269417406385,2.4059226392092614
tol_7p5km_int_15min,abgibo,markov_order_2,15,nearest,,7.5,153.0,0.8810017069581223,0.7344527607600168,2.1634929494600947,2.321476195911369
tol_7p5km_int_15min,abgibo,vq_ctw,15,linear,256.0,7.5,2015.0,1.0,0.0,6.410290909026308,6.410290909026308
tol_7p5km_int_15min,abgibo,vq_ctw,15,nearest,256.0,7.5,153.0,1.0,0.0,6.366909880964213,6.366909880964213
tol_7p5km_int_15min,abgibo,vq_ctw,15,linear,512.0,7.5,2015.0,1.0,0.0,6.276501972418495,6.276501972418495
tol_7p5km_int_15min,abgibo,vq_ctw,15,nearest,512.0,7.5,153.0,1.0,0.0,6.355542618030543,6.355542618030543
tol_7p5km_int_15min,abgibo,vq_ctw,15,linear,1024.0,7.5,2015.0,1.0,0.0,6.277035176847549,6.277035176847549
tol_7p5km_int_15min,abgibo,vq_ctw,15,nearest,1024.0,7.5,153.0,1.0,0.0,6.732477779223963,6.732477779223963
tol_7p5km_int_15min,abjool,direct_ctw,15,linear,,7.5,2015.0,0.983583648513501,0.1796683151752967,2.1843025274739576,2.3055487213391377
tol_7p5km_int_15min,abjool,direct_ctw,15,nearest,,7.5,73.0,0.94115214138071,0.4933553549437487,2.338514793862356,2.482128790363098
tol_7p5km_int_15min,abjool,markov_order_1,15,linear,,7.5,2015.0,0.9770450324421752,0.2400176149391909,2.1843025274739576,2.3055487213391377
tol_7p5km_int_15min,abjool,markov_order_1,15,nearest,,7.5,73.0,0.9268499683106872,0.584985558577571,2.338514793862356,2.482128790363098
tol_7p5km_int_15min,abjool,markov_order_2,15,linear,,7.5,2015.0,0.9744970224409886,0.262739150010821,2.1843025274739576,2.3055487213391377
tol_7p5km_int_15min,abjool,markov_order_2,15,nearest,,7.5,73.0,0.9158263933060212,0.6027438864463803,2.338514793862356,2.482128790363098
tol_7p5km_int_15min,abjool,vq_ctw,15,linear,256.0,7.5,2015.0,1.0,0.0,4.113301689191358,4.113301689191358
tol_7p5km_int_15min,abjool,vq_ctw,15,nearest,256.0,7.5,73.0,1.0,0.0,6.104216759886289,6.104216759886289
tol_7p5km_int_15min,abjool,vq_ctw,15,linear,512.0,7.5,2015.0,1.0,0.0,3.8247995140166537,3.8247995140166537
tol_7p5km_int_15min,abjool,vq_ctw,15,nearest,512.0,7.5,73.0,1.0,0.0,6.236776185821619,6.236776185821619
tol_7p5km_int_15min,abjool,vq_ctw,15,linear,1024.0,7.5,2015.0,1.0,0.0,3.8188528146966223,3.8188528146966223
tol_7p5km_int_15min,abjool,vq_ctw,15,nearest,1024.0,7.5,73.0,1.0,0.0,6.860787969550804,6.860787969550804
tol_7p5km_int_15min,abmuya,direct_ctw,15,linear,,7.5,1986.0,0.9508698184208776,0.4913919281313764,2.145579722058433,2.33998734941908
tol_7p5km_int_15min,abmuya,direct_ctw,15,nearest,,7.5,298.0,0.9720060732488452,0.3332846323040321,2.17290511030517,2.381468772258049
tol_7p5km_int_15min,abmuya,markov_order_1,15,linear,,7.5,1986.0,0.9341815297366748,0.6297136674078386,2.145579722058433,2.33998734941908
tol_7p5km_int_15min,abmuya,markov_order_1,15,nearest,,7.5,298.0,0.955943032773628,0.4100382425526336,2.17290511030517,2.381468772258049
tol_7p5km_int_15min,abmuya,markov_order_2,15,linear,,7.5,1986.0,0.9262151819266936,0.6933242561717825,2.145579722058433,2.33998734941908
tol_7p5km_int_15min,abmuya,markov_order_2,15,nearest,,7.5,298.0,0.9500524919061288,0.4326886261382489,2.17290511030517,2.381468772258049
tol_7p5km_int_15min,abmuya,vq_ctw,15,linear,256.0,7.5,1986.0,1.0,0.0,5.687313632217228,5.687313632217228
tol_7p5km_int_15min,abmuya,vq_ctw,15,nearest,256.0,7.5,298.0,1.0,0.0,6.478417944127113,6.478417944127113
tol_7p5km_int_15min,abmuya,vq_ctw,15,linear,512.0,7.5,1986.0,1.0,0.0,5.453972059332882,5.453972059332882
tol_7p5km_int_15min,abmuya,vq_ctw,15,nearest,512.0,7.5,298.0,1.0,0.0,6.597853904363606,6.597853904363606
tol_7p5km_int_15min,abmuya,vq_ctw,15,linear,1024.0,7.5,1986.0,1.0,0.0,5.442475005141948,5.442475005141948
tol_7p5km_int_15min,abmuya,vq_ctw,15,nearest,1024.0,7.5,298.0,1.0,0.0,6.847092810923231,6.847092810923231
tol_7p5km_int_15min,abniar,direct_ctw,15,linear,,7.5,2015.0,0.9343297090372698,0.64661784609195,2.2497787643958143,2.4563021008427186
tol_7p5km_int_15min,abniar,direct_ctw,15,nearest,,7.5,185.0,0.93388961078209,0.4419350721560534,2.0667563896232397,2.2765178029838937
tol_7p5km_int_15min,abniar,markov_order_1,15,linear,,7.5,2015.0,0.911641249548752,0.8306639656920682,2.2497787643958143,2.4563021008427186
tol_7p5km_int_15min,abniar,markov_order_1,15,nearest,,7.5,185.0,0.9015668295636304,0.5881497859749409,2.0667563896232397,2.2765178029838937
tol_7p5km_int_15min,abniar,markov_order_2,15,linear,,7.5,2015.0,0.897685517032301,0.9391155899868152,2.2497787643958143,2.4563021008427186
tol_7p5km_int_15min,abniar,markov_order_2,15,nearest,,7.5,185.0,0.9061106480056402,0.5656962916509619,2.0667563896232397,2.2765178029838937
tol_7p5km_int_15min,abniar,vq_ctw,15,linear,256.0,7.5,2015.0,1.0,0.0,6.805825752508485,6.805825752508485
tol_7p5km_int_15min,abniar,vq_ctw,15,nearest,256.0,7.5,185.0,1.0,0.0,5.937594753343767,5.937594753343767
tol_7p5km_int_15min,abniar,vq_ctw,15,linear,512.0,7.5,2015.0,1.0,0.0,6.665291694073162,6.665291694073162
tol_7p5km_int_15min,abniar,vq_ctw,15,nearest,512.0,7.5,185.0,1.0,0.0,5.632777976793268,5.632777976793268
tol_7p5km_int_15min,abniar,vq_ctw,15,linear,1024.0,7.5,2015.0,1.0,0.0,6.6573726173015135,6.6573726173015135
tol_7p5km_int_15min,abniar,vq_ctw,15,nearest,1024.0,7.5,185.0,1.0,0.0,6.1311217656087615,6.1311217656087615
tol_7p5km_int_15min,abnovk,direct_ctw,15,linear,,7.5,1990.0,0.9429931890181488,0.5434739046064152,2.375633658740244,2.5738957520690158
tol_7p5km_int_15min,abnovk,direct_ctw,15,nearest,,7.5,156.0,0.9640238655236144,0.3994837856690955,2.2568595997332928,2.435528809879865
tol_7p5km_int_15min,abnovk,markov_order_1,15,linear,,7.5,1990.0,0.926837980280708,0.6702624878092904,2.375633658740244,2.5738957520690158
tol_7p5km_int_15min,abnovk,markov_order_1,15,nearest,,7.5,156.0,0.9531857653108368,0.4619539542561883,2.2568595997332928,2.435528809879865
tol_7p5km_int_15min,abnovk,markov_order_2,15,linear,,7.5,1990.0,0.9216645568513492,0.7096284639147334,2.375633658740244,2.5738957520690158
tol_7p5km_int_15min,abnovk,markov_order_2,15,nearest,,7.5,156.0,0.9457677531613746,0.4943645673334144,2.2568595997332928,2.435528809879865
tol_7p5km_int_15min,abnovk,vq_ctw,15,linear,256.0,7.5,1990.0,1.0,0.0,5.4080314457440455,5.4080314457440455
tol_7p5km_int_15min,abnovk,vq_ctw,15,nearest,256.0,7.5,156.0,1.0,0.0,6.218907185191843,6.218907185191843
tol_7p5km_int_15min,abnovk,vq_ctw,15,linear,512.0,7.5,1990.0,1.0,0.0,5.275968156348288,5.275968156348288
tol_7p5km_int_15min,abnovk,vq_ctw,15,nearest,512.0,7.5,156.0,1.0,0.0,6.413403321626794,6.413403321626794
tol_7p5km_int_15min,abnovk,vq_ctw,15,linear,1024.0,7.5,1990.0,1.0,0.0,5.271587753836932,5.271587753836932
tol_7p5km_int_15min,abnovk,vq_ctw,15,nearest,1024.0,7.5,156.0,1.0,0.0,6.742321246546687,6.742321246546687
tol_7p5km_int_15min,abtyff,direct_ctw,15,linear,,7.5,2013.0,0.9492261933619486,0.492770209185342,2.046181945708747,2.261056218157988
tol_7p5km_int_15min,abtyff,direct_ctw,15,nearest,,7.5,34.0,0.8710811155025876,0.7587973469028128,2.5257121085978955,2.704910945769117
tol_7p5km_int_15min,abtyff,markov_order_1,15,linear,,7.5,2013.0,0.936787992904137,0.5929136097106139,2.046181945708747,2.261056218157988
tol_7p5km_int_15min,abtyff,markov_order_1,15,nearest,,7.5,34.0,0.802330038742489,1.0305429451670982,2.5257121085978955,2.704910945769117
tol_7p5km_int_15min,abtyff,markov_order_2,15,linear,,7.5,2013.0,0.9300236008994528,0.6457411672458016,2.046181945708747,2.261056218157988
tol_7p5km_int_15min,abtyff,markov_order_2,15,nearest,,7.5,34.0,0.7992812633741249,1.0414949119049042,2.5257121085978955,2.704910945769117
tol_7p5km_int_15min,abtyff,vq_ctw,15,linear,256.0,7.5,2013.0,1.0,0.0,5.000476814423004,5.000476814423004
tol_7p5km_int_15min,abtyff,vq_ctw,15,nearest,256.0,7.5,34.0,1.0,0.0,6.750058262185035,6.750058262185035
tol_7p5km_int_15min,abtyff,vq_ctw,15,linear,512.0,7.5,2013.0,1.0,0.0,4.672711568586903,4.672711568586903
tol_7p5km_int_15min,abtyff,vq_ctw,15,nearest,512.0,7.5,34.0,1.0,0.0,7.798244822312972,7.798244822312972
tol_7p5km_int_15min,abtyff,vq_ctw,15,linear,1024.0,7.5,2013.0,1.0,0.0,4.639105043765445,4.639105043765445
tol_7p5km_int_15min,abtyff,vq_ctw,15,nearest,1024.0,7.5,34.0,1.0,0.0,8.769801078332492,8.769801078332492
tol_7p5km_int_15min,abwecn,direct_ctw,15,linear,,7.5,2015.0,0.9384069891230282,0.6084062061632987,2.1753359580702103,2.387611589265158
tol_7p5km_int_15min,abwecn,direct_ctw,15,nearest,,7.5,36.0,0.9541474561838198,0.3143630405521208,2.356071223484625,2.4553959860411023
tol_7p5km_int_15min,abwecn,markov_order_1,15,linear,,7.5,2015.0,0.9147857813214504,0.8002974445241573,2.1753359580702103,2.387611589265158
tol_7p5km_int_15min,abwecn,markov_order_1,15,nearest,,7.5,36.0,0.9278749727519052,0.44592928707418,2.356071223484625,2.4553959860411023
tol_7p5km_int_15min,abwecn,markov_order_2,15,linear,,7.5,2015.0,0.9068550523944444,0.8622545512791951,2.1753359580702103,2.387611589265158
tol_7p5km_int_15min,abwecn,markov_order_2,15,nearest,,7.5,36.0,0.9139787293962304,0.5090692857994584,2.356071223484625,2.4553959860411023
tol_7p5km_int_15min,abwecn,vq_ctw,15,linear,256.0,7.5,2015.0,1.0,0.0,7.359914237512681,7.359914237512681
tol_7p5km_int_15min,abwecn,vq_ctw,15,nearest,256.0,7.5,36.0,1.0,0.0,7.359285763080051,7.359285763080051
tol_7p5km_int_15min,abwecn,vq_ctw,15,linear,512.0,7.5,2015.0,1.0,0.0,7.22470275043043,7.22470275043043
tol_7p5km_int_15min,abwecn,vq_ctw,15,nearest,512.0,7.5,36.0,1.0,0.0,6.923905386984627,6.923905386984627
tol_7p5km_int_15min,abwecn,vq_ctw,15,linear,1024.0,7.5,2015.0,1.0,0.0,7.220504283359858,7.220504283359858
tol_7p5km_int_15min,abwecn,vq_ctw,15,nearest,1024.0,7.5,36.0,1.0,0.0,6.577168827832397,6.577168827832397
tol_7p5km_int_15min,abyalw,direct_ctw,15,linear,,7.5,2014.0,0.96796598497801,0.3109066537253525,2.0245010270462838,2.159073752780882
tol_7p5km_int_15min,abyalw,direct_ctw,15,nearest,,7.5,187.0,0.9642066331686848,0.407116871227348,2.43392469680568,2.5868776820712216
tol_7p5km_int_15min,abyalw,markov_order_1,15,linear,,7.5,2014.0,0.960409953752776,0.3719246859813515,2.0245010270462838,2.159073752780882
tol_7p5km_int_15min,abyalw,markov_order_1,15,nearest,,7.5,187.0,0.9387469601959992,0.557731356177006,2.43392469680568,2.5868776820712216
tol_7p5km_int_15min,abyalw,markov_order_2,15,linear,,7.5,2014.0,0.9588141538542831,0.3845194989109689,2.0245010270462838,2.159073752780882
tol_7p5km_int_15min,abyalw,markov_order_2,15,nearest,,7.5,187.0,0.9382024883062908,0.5562507726980098,2.43392469680568,2.5868776820712216
tol_7p5km_int_15min,abyalw,vq_ctw,15,linear,256.0,7.5,2014.0,1.0,0.0,4.739222635091056,4.739222635091056
tol_7p5km_int_15min,abyalw,vq_ctw,15,nearest,256.0,7.5,187.0,1.0,0.0,7.033944264315705,7.033944264315705
tol_7p5km_int_15min,abyalw,vq_ctw,15,linear,512.0,7.5,2014.0,1.0,0.0,4.343436861071782,4.343436861071782
tol_7p5km_int_15min,abyalw,vq_ctw,15,nearest,512.0,7.5,187.0,1.0,0.0,6.990401435249451,6.990401435249451
tol_7p5km_int_15min,abyalw,vq_ctw,15,linear,1024.0,7.5,2014.0,1.0,0.0,4.3174234978105535,4.3174234978105535
tol_7p5km_int_15min,abyalw,vq_ctw,15,nearest,1024.0,7.5,187.0,1.0,0.0,7.500216999010378,7.500216999010378
tol_7p5km_int_15min,acdiyi,direct_ctw,15,linear,,7.5,2014.0,0.937680728412522,0.5913112848841708,2.5244567319078834,2.7924799893703183
tol_7p5km_int_15min,acdiyi,direct_ctw,15,nearest,,7.5,99.0,0.9792474892058556,0.2080696773227747,1.878377839298896,2.049871075453199
tol_7p5km_int_15min,acdiyi,markov_order_1,15,linear,,7.5,2014.0,0.9140142547977026,0.7743904219492692,2.5244567319078834,2.7924799893703183
tol_7p5km_int_15min,acdiyi,markov_order_1,15,nearest,,7.5,99.0,0.9782833967561846,0.228634576743577,1.878377839298896,2.049871075453199
tol_7p5km_int_15min,acdiyi,markov_order_2,15,linear,,7.5,2014.0,0.903124455710998,0.8549875108516426,2.5244567319078834,2.7924799893703183
tol_7p5km_int_15min,acdiyi,markov_order_2,15,nearest,,7.5,99.0,0.9782776374767856,0.2277818341240877,1.878377839298896,2.049871075453199
tol_7p5km_int_15min,acdiyi,vq_ctw,15,linear,256.0,7.5,2014.0,1.0,0.0,9.428798807486396,9.428798807486396
tol_7p5km_int_15min,acdiyi,vq_ctw,15,nearest,256.0,7.5,99.0,1.0,0.0,6.105746935065048,6.105746935065048
tol_7p5km_int_15min,acdiyi,vq_ctw,15,linear,512.0,7.5,2014.0,1.0,0.0,9.191463303297716,9.191463303297716
tol_7p5km_int_15min,acdiyi,vq_ctw,15,nearest,512.0,7.5,99.0,1.0,0.0,5.957377723340411,5.957377723340411
tol_7p5km_int_15min,acdiyi,vq_ctw,15,linear,1024.0,7.5,2014.0,1.0,0.0,9.197351221580211,9.197351221580211
tol_7p5km_int_15min,acdiyi,vq_ctw,15,nearest,1024.0,7.5,99.0,1.0,0.0,6.665845469160311,6.665845469160311
tol_7p5km_int_15min,acduou,direct_ctw,15,linear,,7.5,2015.0,0.9537807892766088,0.4664498276214613,2.2630831101855304,2.4614913877438087
tol_7p5km_int_15min,acduou,direct_ctw,15,nearest,,7.5,109.0,0.950768608034796,0.4362087086562066,2.187287614070226,2.3886515595019726
tol_7p5km_int_15min,acduou,markov_order_1,15,linear,,7.5,2015.0,0.9372544898497276,0.6047868856898391,2.2630831101855304,2.4614913877438087
tol_7p5km_int_15min,acduou,markov_order_1,15,nearest,,7.5,109.0,0.9176604126557122,0.5934716422536752,2.187287614070226,2.3886515595019726
tol_7p5km_int_15min,acduou,markov_order_2,15,linear,,7.5,2015.0,0.9311380117133484,0.654183126285177,2.2630831101855304,2.4614913877438087
tol_7p5km_int_15min,acduou,markov_order_2,15,nearest,,7.5,109.0,0.9054321711009572,0.6481356104033658,2.187287614070226,2.3886515595019726
tol_7p5km_int_15min,acduou,vq_ctw,15,linear,256.0,7.5,2015.0,1.0,0.0,5.984779643031217,5.984779643031217
tol_7p5km_int_15min,acduou,vq_ctw,15,nearest,256.0,7.5,109.0,1.0,0.0,5.310653138223636,5.310653138223636
tol_7p5km_int_15min,acduou,vq_ctw,15,linear,512.0,7.5,2015.0,1.0,0.0,5.839727394195142,5.839727394195142
tol_7p5km_int_15min,acduou,vq_ctw,15,nearest,512.0,7.5,109.0,1.0,0.0,5.547126801833612,5.547126801833612
tol_7p5km_int_15min,acduou,vq_ctw,15,linear,1024.0,7.5,2015.0,1.0,0.0,5.832651615044409,5.832651615044409
tol_7p5km_int_15min,acduou,vq_ctw,15,nearest,1024.0,7.5,109.0,1.0,0.0,5.669928965845333,5.669928965845333
tol_7p5km_int_15min,acgerl,direct_ctw,15,linear,,7.5,1373.0,0.9604204728229776,0.3986791132761241,2.0621618239159534,2.2626328898937302
tol_7p5km_int_15min,acgerl,direct_ctw,15,nearest,,7.5,33.0,0.9999999999980904,0.2241735699292273,1.922554733292733,2.0984171577941124
tol_7p5km_int_15min,acgerl,markov_order_1,15,linear,,7.5,1373.0,0.9458715556529746,0.5201957139352662,2.0621618239159534,2.2626328898937302
tol_7p5km_int_15min,acgerl,markov_order_1,15,nearest,,7.5,33.0,0.9999999999980904,0.2718803977297802,1.922554733292733,2.0984171577941124
tol_7p5km_int_15min,acgerl,markov_order_2,15,linear,,7.5,1373.0,0.9394897315933426,0.5715082464044218,2.0621618239159534,2.2626328898937302
tol_7p5km_int_15min,acgerl,markov_order_2,15,nearest,,7.5,33.0,0.9999999999980904,0.2693303639886024,1.922554733292733,2.0984171577941124
tol_7p5km_int_15min,acgerl,vq_ctw,15,linear,256.0,7.5,1373.0,1.0,0.0,5.7105595976366,5.7105595976366
tol_7p5km_int_15min,acgerl,vq_ctw,15,nearest,256.0,7.5,33.0,1.0,0.0,6.04740221352148,6.04740221352148
tol_7p5km_int_15min,acgerl,vq_ctw,15,linear,512.0,7.5,1373.0,1.0,0.0,5.477609542472136,5.477609542472136
tol_7p5km_int_15min,acgerl,vq_ctw,15,nearest,512.0,7.5,33.0,1.0,0.0,5.164872098818098,5.164872098818098
tol_7p5km_int_15min,acgerl,vq_ctw,15,linear,1024.0,7.5,1373.0,1.0,0.0,5.4525530605366725,5.4525530605366725
tol_7p5km_int_15min,acgerl,vq_ctw,15,nearest,1024.0,7.5,33.0,1.0,0.0,5.876066466181489,5.876066466181489
tol_7p5km_int_15min,acitva,direct_ctw,15,linear,,7.5,2015.0,0.9150779806651254,0.7863159647948638,2.3645008662676865,2.573169407067547
tol_7p5km_int_15min,acitva,direct_ctw,15,nearest,,7.5,32.0,0.9999999999980904,0.3288801090031438,2.186421420151088,2.3628939431426224
tol_7p5km_int_15min,acitva,markov_order_1,15,linear,,7.5,2015.0,0.889161873666257,0.9814732480223286,2.3645008662676865,2.573169407067547
tol_7p5km_int_15min,acitva,markov_order_1,15,nearest,,7.5,32.0,0.9999999999980904,0.3720406484767564,2.186421420151088,2.3628939431426224
tol_7p5km_int_15min,acitva,markov_order_2,15,linear,,7.5,2015.0,0.8781659705847855,1.0611677642397188,2.3645008662676865,2.573169407067547
tol_7p5km_int_15min,acitva,markov_order_2,15,nearest,,7.5,32.0,0.9999999999980904,0.4009634804859123,2.186421420151088,2.3628939431426224
tol_7p5km_int_15min,acitva,vq_ctw,15,linear,256.0,7.5,2015.0,1.0,0.0,7.621269501693524,7.621269501693524
tol_7p5km_int_15min,acitva,vq_ctw,15,nearest,256.0,7.5,32.0,1.0,0.0,6.412500263236414,6.412500263236414
tol_7p5km_int_15min,acitva,vq_ctw,15,linear,512.0,7.5,2015.0,1.0,0.0,7.79280774707881,7.79280774707881
tol_7p5km_int_15min,acitva,vq_ctw,15,nearest,512.0,7.5,32.0,1.0,0.0,6.2896140668214375,6.2896140668214375
tol_7p5km_int_15min,acitva,vq_ctw,15,linear,1024.0,7.5,2015.0,1.0,0.0,7.821929962538141,7.821929962538141
tol_7p5km_int_15min,acitva,vq_ctw,15,nearest,1024.0,7.5,32.0,1.0,0.0,6.295791248742182,6.295791248742182
tol_7p5km_int_15min,ackgri,direct_ctw,15,linear,,7.5,1183.0,0.9215343958049496,0.7611324222828425,2.3123217223753563,2.511017572447777
tol_7p5km_int_15min,ackgri,markov_order_1,15,linear,,7.5,1183.0,0.8799344547143525,1.0871163694560453,2.3123217223753563,2.511017572447777
tol_7p5km_int_15min,ackgri,markov_order_2,15,linear,,7.5,1183.0,0.8624746002307828,1.2163693648326697,2.3123217223753563,2.511017572447777
tol_7p5km_int_15min,ackgri,vq_ctw,15,linear,256.0,7.5,1183.0,1.0,0.0,9.059655302092557,9.059655302092557
tol_7p5km_int_15min,ackgri,vq_ctw,15,linear,512.0,7.5,1183.0,1.0,0.0,9.199225877244784,9.199225877244784
tol_7p5km_int_15min,ackgri,vq_ctw,15,linear,1024.0,7.5,1183.0,1.0,0.0,9.21681399949074,9.21681399949074
tol_7p5km_int_15min,acpegh,direct_ctw,15,linear,,7.5,2014.0,0.9443414039842746,0.5463981387666841,2.098462174092867,2.29127156375027
tol_7p5km_int_15min,acpegh,direct_ctw,15,nearest,,7.5,573.0,0.9505564962563986,0.3731657082665777,2.1863019558773726,2.3606873489706177
tol_7p5km_int_15min,acpegh,markov_order_1,15,linear,,7.5,2014.0,0.9273353714079896,0.6844638281948345,2.098462174092867,2.29127156375027
tol_7p5km_int_15min,acpegh,markov_order_1,15,nearest,,7.5,573.0,0.921551852481474,0.522314830437412,2.1863019558773726,2.3606873489706177
tol_7p5km_int_15min,acpegh,markov_order_2,15,linear,,7.5,2014.0,0.9186934985910552,0.7521502059612377,2.098462174092867,2.29127156375027
tol_7p5km_int_15min,acpegh,markov_order_2,15,nearest,,7.5,573.0,0.9147219656442722,0.5477239238859111,2.1863019558773726,2.3606873489706177
tol_7p5km_int_15min,acpegh,vq_ctw,15,linear,256.0,7.5,2014.0,1.0,0.0,5.763146175142495,5.763146175142495
tol_7p5km_int_15min,acpegh,vq_ctw,15,nearest,256.0,7.5,573.0,1.0,0.0,6.093754281303682,6.093754281303682
tol_7p5km_int_15min,acpegh,vq_ctw,15,linear,512.0,7.5,2014.0,1.0,0.0,5.540092243414737,5.540092243414737
tol_7p5km_int_15min,acpegh,vq_ctw,15,nearest,512.0,7.5,573.0,1.0,0.0,6.076183398790782,6.076183398790782
tol_7p5km_int_15min,acpegh,vq_ctw,15,linear,1024.0,7.5,2014.0,1.0,0.0,5.523859280422241,5.523859280422241
tol_7p5km_int_15min,acpegh,vq_ctw,15,nearest,1024.0,7.5,573.0,1.0,0.0,6.61154948319485,6.61154948319485
tol_7p5km_int_15min,acvebr,direct_ctw,15,linear,,7.5,1988.0,0.9419966064733928,0.5565543288380103,2.246834513495373,2.4454866757099194
tol_7p5km_int_15min,acvebr,direct_ctw,15,nearest,,7.5,252.0,0.9400092787702152,0.4244196194319065,2.2723787220111893,2.414084473691088
tol_7p5km_int_15min,acvebr,markov_order_1,15,linear,,7.5,1988.0,0.920933290034622,0.7220643565235132,2.246834513495373,2.4454866757099194
tol_7p5km_int_15min,acvebr,markov_order_1,15,nearest,,7.5,252.0,0.8999463535444769,0.6208753476005139,2.2723787220111893,2.414084473691088
tol_7p5km_int_15min,acvebr,markov_order_2,15,linear,,7.5,1988.0,0.9162007266414408,0.7579531073980224,2.246834513495373,2.4454866757099194
tol_7p5km_int_15min,acvebr,markov_order_2,15,nearest,,7.5,252.0,0.8928231642796953,0.6532494906025355,2.2723787220111893,2.414084473691088
tol_7p5km_int_15min,acvebr,vq_ctw,15,linear,256.0,7.5,1988.0,1.0,0.0,5.657608827950934,5.657608827950934
tol_7p5km_int_15min,acvebr,vq_ctw,15,nearest,256.0,7.5,252.0,1.0,0.0,6.325977483807811,6.325977483807811
tol_7p5km_int_15min,acvebr,vq_ctw,15,linear,512.0,7.5,1988.0,1.0,0.0,5.501925792362137,5.501925792362137
tol_7p5km_int_15min,acvebr,vq_ctw,15,nearest,512.0,7.5,252.0,1.0,0.0,6.273468597485469,6.273468597485469
tol_7p5km_int_15min,acvebr,vq_ctw,15,linear,1024.0,7.5,1988.0,1.0,0.0,5.485541586413948,5.485541586413948
tol_7p5km_int_15min,acvebr,vq_ctw,15,nearest,1024.0,7.5,252.0,1.0,0.0,6.545937600828828,6.545937600828828
tol_7p5km_int_15min,adkavy,direct_ctw,15,linear,,7.5,2015.0,0.9155413219405876,0.8399913836256525,2.579016477406985,2.7814622267313798
tol_7p5km_int_15min,adkavy,direct_ctw,15,nearest,,7.5,33.0,0.953850230899663,0.3159604029873341,2.070244193459133,2.2782881155418235
tol_7p5km_int_15min,adkavy,markov_order_1,15,linear,,7.5,2015.0,0.8701540762551176,1.2062450975123664,2.579016477406985,2.7814622267313798
tol_7p5km_int_15min,adkavy,markov_order_1,15,nearest,,7.5,33.0,0.929085123759302,0.4402434286148652,2.070244193459133,2.2782881155418235
tol_7p5km_int_15min,adkavy,markov_order_2,15,linear,,7.5,2015.0,0.8517148476086973,1.346957969933965,2.579016477406985,2.7814622267313798
tol_7p5km_int_15min,adkavy,markov_order_2,15,nearest,,7.5,33.0,0.92404564728992,0.4637155060200456,2.070244193459133,2.2782881155418235
tol_7p5km_int_15min,adkavy,vq_ctw,15,linear,256.0,7.5,2015.0,1.0,0.0,9.82797812396073,9.82797812396073
tol_7p5km_int_15min,adkavy,vq_ctw,15,nearest,256.0,7.5,33.0,1.0,0.0,7.296212323503069,7.296212323503069
tol_7p5km_int_15min,adkavy,vq_ctw,15,linear,512.0,7.5,2015.0,1.0,0.0,9.863138632168168,9.863138632168168
tol_7p5km_int_15min,adkavy,vq_ctw,15,nearest,512.0,7.5,33.0,1.0,0.0,7.859946182760757,7.859946182760757
tol_7p5km_int_15min,adkavy,vq_ctw,15,linear,1024.0,7.5,2015.0,1.0,0.0,9.888051570549525,9.888051570549525
tol_7p5km_int_15min,adkavy,vq_ctw,15,nearest,1024.0,7.5,33.0,1.0,0.0,8.176093476918206,8.176093476918206
tol_7p5km_int_15min,adners,direct_ctw,15,linear,,7.5,2015.0,0.9153684107869472,0.7568185930990444,2.297678950501543,2.5153244167705533
tol_7p5km_int_15min,adners,direct_ctw,15,nearest,,7.5,66.0,0.955116632082673,0.3863662785552685,2.057870654661493,2.278470057273666
tol_7p5km_int_15min,adners,markov_order_1,15,linear,,7.5,2015.0,0.8948649522200246,0.9056052908398152,2.297678950501543,2.5153244167705533
tol_7p5km_int_15min,adners,markov_order_1,15,nearest,,7.5,66.0,0.9377384076841055,0.4821048732357278,2.057870654661493,2.278470057273666
tol_7p5km_int_15min,adners,markov_order_2,15,linear,,7.5,2015.0,0.884389255427918,0.9790540502805084,2.297678950501543,2.5153244167705533
tol_7p5km_int_15min,adners,markov_order_2,15,nearest,,7.5,66.0,0.9223310991995676,0.5575657028988378,2.057870654661493,2.278470057273666
tol_7p5km_int_15min,adners,vq_ctw,15,linear,256.0,7.5,2015.0,1.0,0.0,6.114974838495149,6.114974838495149
tol_7p5km_int_15min,adners,vq_ctw,15,nearest,256.0,7.5,66.0,1.0,0.0,6.309931522155098,6.309931522155098
tol_7p5km_int_15min,adners,vq_ctw,15,linear,512.0,7.5,2015.0,1.0,0.0,5.998951979343048,5.998951979343048
tol_7p5km_int_15min,adners,vq_ctw,15,nearest,512.0,7.5,66.0,1.0,0.0,6.312065321833482,6.312065321833482
tol_7p5km_int_15min,adners,vq_ctw,15,linear,1024.0,7.5,2015.0,1.0,0.0,5.984562524790652,5.984562524790652
tol_7p5km_int_15min,adners,vq_ctw,15,nearest,1024.0,7.5,66.0,1.0,0.0,5.875571107653336,5.875571107653336
tol_7p5km_int_15min,adpaif,direct_ctw,15,linear,,7.5,1983.0,0.9416945442490292,0.5590025414315248,2.197588740503386,2.413628564561583
tol_7p5km_int_15min,adpaif,direct_ctw,15,nearest,,7.5,110.0,0.9564742360585248,0.3893730027259005,2.2480697651331822,2.3997505165612942
tol_7p5km_int_15min,adpaif,markov_order_1,15,linear,,7.5,1983.0,0.9238896792367703,0.6994212386993529,2.197588740503386,2.413628564561583
tol_7p5km_int_15min,adpaif,markov_order_1,15,nearest,,7.5,110.0,0.9291026760135058,0.5308639508933105,2.2480697651331822,2.3997505165612942
tol_7p5km_int_15min,adpaif,markov_order_2,15,linear,,7.5,1983.0,0.9158596197949788,0.7605233186897488,2.197588740503386,2.413628564561583
tol_7p5km_int_15min,adpaif,markov_order_2,15,nearest,,7.5,110.0,0.9242803210214364,0.5601930072143353,2.2480697651331822,2.3997505165612942
tol_7p5km_int_15min,adpaif,vq_ctw,15,linear,256.0,7.5,1983.0,1.0,0.0,5.893719030078413,5.893719030078413
tol_7p5km_int_15min,adpaif,vq_ctw,15,nearest,256.0,7.5,110.0,1.0,0.0,6.2799087967875575,6.2799087967875575
tol_7p5km_int_15min,adpaif,vq_ctw,15,linear,512.0,7.5,1983.0,1.0,0.0,5.680515202760058,5.680515202760058
tol_7p5km_int_15min,adpaif,vq_ctw,15,nearest,512.0,7.5,110.0,1.0,0.0,6.123314349191347,6.123314349191347
tol_7p5km_int_15min,adpaif,vq_ctw,15,linear,1024.0,7.5,1983.0,1.0,0.0,5.666384779940588,5.666384779940588
tol_7p5km_int_15min,adpaif,vq_ctw,15,nearest,1024.0,7.5,110.0,1.0,0.0,6.45620321424454,6.45620321424454
tol_7p5km_int_15min,aducri,direct_ctw,15,linear,,7.5,2015.0,0.910453425064677,0.8699700889556089,2.5464168517336745,2.760191417778416
tol_7p5km_int_15min,aducri,direct_ctw,15,nearest,,7.5,218.0,0.9392685815241266,0.4347279134670788,2.2647150137418515,2.40037069597493
tol_7p5km_int_15min,aducri,markov_order_1,15,linear,,7.5,2015.0,0.873140003007556,1.1650468489893384,2.5464168517336745,2.760191417778416
tol_7p5km_int_15min,aducri,markov_order_1,15,nearest,,7.5,218.0,0.9209875502399456,0.5308083830359324,2.2647150137418515,2.40037069597493
tol_7p5km_int_15min,aducri,markov_order_2,15,linear,,7.5,2015.0,0.8523571774414678,1.3211559213001465,2.5464168517336745,2.760191417778416
tol_7p5km_int_15min,aducri,markov_order_2,15,nearest,,7.5,218.0,0.909971061208824,0.582660842542785,2.2647150137418515,2.40037069597493
tol_7p5km_int_15min,aducri,vq_ctw,15,linear,256.0,7.5,2015.0,1.0,0.0,8.263527602268683,8.263527602268683
tol_7p5km_int_15min,aducri,vq_ctw,15,nearest,256.0,7.5,218.0,1.0,0.0,6.618315955889146,6.618315955889146
tol_7p5km_int_15min,aducri,vq_ctw,15,linear,512.0,7.5,2015.0,1.0,0.0,8.242848446636708,8.242848446636708
tol_7p5km_int_15min,aducri,vq_ctw,15,nearest,512.0,7.5,218.0,1.0,0.0,6.9309908776738745,6.9309908776738745
tol_7p5km_int_15min,aducri,vq_ctw,15,linear,1024.0,7.5,2015.0,1.0,0.0,8.237979049530024,8.237979049530024
tol_7p5km_int_15min,aducri,vq_ctw,15,nearest,1024.0,7.5,218.0,1.0,0.0,6.574891220577457,6.574891220577457
tol_7p5km_int_15min,afmorc,direct_ctw,15,linear,,7.5,2015.0,0.94900507561307,0.521287084832406,2.216921562936547,2.4102919060843586
tol_7p5km_int_15min,afmorc,markov_order_1,15,linear,,7.5,2015.0,0.926103781966106,0.7145722916013313,2.216921562936547,2.4102919060843586
tol_7p5km_int_15min,afmorc,markov_order_2,15,linear,,7.5,2015.0,0.9156926932910991,0.7985466435147919,2.216921562936547,2.4102919060843586
tol_7p5km_int_15min,afmorc,vq_ctw,15,linear,256.0,7.5,2015.0,1.0,0.0,6.883992469608371,6.883992469608371
tol_7p5km_int_15min,afmorc,vq_ctw,15,linear,512.0,7.5,2015.0,1.0,0.0,6.76440275926559,6.76440275926559
tol_7p5km_int_15min,afmorc,vq_ctw,15,linear,1024.0,7.5,2015.0,1.0,0.0,6.766454429970255,6.766454429970255
tol_7p5km_int_15min,afpans,direct_ctw,15,linear,,7.5,2015.0,0.9533894517508116,0.4389175466766081,2.0925738559199414,2.2737297620590198
tol_7p5km_int_15min,afpans,direct_ctw,15,nearest,,7.5,113.0,0.9077703637833922,0.5557854355287926,2.1032290535605287,2.29413347054671
tol_7p5km_int_15min,afpans,markov_order_1,15,linear,,7.5,2015.0,0.9452838143033848,0.5022582776114523,2.0925738559199414,2.2737297620590198
tol_7p5km_int_15min,afpans,markov_order_1,15,nearest,,7.5,113.0,0.8645816039290833,0.736192531191518,2.1032290535605287,2.29413347054671
tol_7p5km_int_15min,afpans,markov_order_2,15,linear,,7.5,2015.0,0.9413374531714268,0.5324157212053003,2.0925738559199414,2.2737297620590198
tol_7p5km_int_15min,afpans,markov_order_2,15,nearest,,7.5,113.0,0.8496124399958018,0.7918843513597098,2.1032290535605287,2.29413347054671
tol_7p5km_int_15min,afpans,vq_ctw,15,linear,256.0,7.5,2015.0,1.0,0.0,4.829828807351946,4.829828807351946
tol_7p5km_int_15min,afpans,vq_ctw,15,nearest,256.0,7.5,113.0,1.0,0.0,5.476992806791237,5.476992806791237
tol_7p5km_int_15min,afpans,vq_ctw,15,linear,512.0,7.5,2015.0,1.0,0.0,4.459659065870708,4.459659065870708
tol_7p5km_int_15min,afpans,vq_ctw,15,nearest,512.0,7.5,113.0,1.0,0.0,5.456624932930126,5.456624932930126
tol_7p5km_int_15min,afpans,vq_ctw,15,linear,1024.0,7.5,2015.0,1.0,0.0,4.43229874843057,4.43229874843057
tol_7p5km_int_15min,afpans,vq_ctw,15,nearest,1024.0,7.5,113.0,1.0,0.0,5.799665976614277,5.799665976614277
tol_7p5km_int_15min,afsfat,direct_ctw,15,linear,,7.5,2005.0,0.9003154202065341,0.8914478062224002,2.565161230030098,2.7898830211392744
tol_7p5km_int_15min,afsfat,markov_order_1,15,linear,,7.5,2005.0,0.8740887945161171,1.0809787297920044,2.565161230030098,2.7898830211392744
tol_7p5km_int_15min,afsfat,markov_order_2,15,linear,,7.5,2005.0,0.8633606871291712,1.1558032460955372,2.565161230030098,2.7898830211392744
tol_7p5km_int_15min,afsfat,vq_ctw,15,linear,256.0,7.5,2005.0,1.0,0.0,6.192103445949105,6.192103445949105
tol_7p5km_int_15min,afsfat,vq_ctw,15,linear,512.0,7.5,2005.0,1.0,0.0,6.146914311619282,6.146914311619282
tol_7p5km_int_15min,afsfat,vq_ctw,15,linear,1024.0,7.5,2005.0,1.0,0.0,6.133061786614679,6.133061786614679
tol_7p5km_int_15min,afweka,direct_ctw,15,linear,,7.5,2014.0,0.9430879189740388,0.5688586030676683,2.189364553932327,2.387962598483212
tol_7p5km_int_15min,afweka,direct_ctw,15,nearest,,7.5,229.0,0.9220245357808632,0.5240538001463995,2.2734152130573024,2.488348992681684
tol_7p5km_int_15min,afweka,markov_order_1,15,linear,,7.5,2014.0,0.9216822439912656,0.7454764611651301,2.189364553932327,2.387962598483212
tol_7p5km_int_15min,afweka,markov_order_1,15,nearest,,7.5,229.0,0.8805383244466052,0.7027397544590296,2.2734152130573024,2.488348992681684
tol_7p5km_int_15min,afweka,markov_order_2,15,linear,,7.5,2014.0,0.9123556316181688,0.8194018301678426,2.189364553932327,2.387962598483212
tol_7p5km_int_15min,afweka,markov_order_2,15,nearest,,7.5,229.0,0.8800058536332923,0.7105866392073825,2.2734152130573024,2.488348992681684
tol_7p5km_int_15min,afweka,vq_ctw,15,linear,256.0,7.5,2014.0,1.0,0.0,6.2482533398423445,6.2482533398423445
tol_7p5km_int_15min,afweka,vq_ctw,15,nearest,256.0,7.5,229.0,1.0,0.0,6.237343972789983,6.237343972789983
tol_7p5km_int_15min,afweka,vq_ctw,15,linear,512.0,7.5,2014.0,1.0,0.0,6.053585567490004,6.053585567490004
tol_7p5km_int_15min,afweka,vq_ctw,15,nearest,512.0,7.5,229.0,1.0,0.0,6.51728950410372,6.51728950410372
tol_7p5km_int_15min,afweka,vq_ctw,15,linear,1024.0,7.5,2014.0,1.0,0.0,6.042578864018946,6.042578864018946
tol_7p5km_int_15min,afweka,vq_ctw,15,nearest,1024.0,7.5,229.0,1.0,0.0,6.648933702583766,6.648933702583766
tol_7p5km_int_15min,agcowk,direct_ctw,15,linear,,7.5,2015.0,0.9528489533249778,0.4627734532569602,2.209911139835551,2.398082154652713
tol_7p5km_int_15min,agcowk,direct_ctw,15,nearest,,7.5,226.0,0.9239532126705912,0.4680832632505692,2.148601811526705,2.351287974127823
tol_7p5km_int_15min,agcowk,markov_order_1,15,linear,,7.5,2015.0,0.9389633182718486,0.5756932132753568,2.209911139835551,2.398082154652713
tol_7p5km_int_15min,agcowk,markov_order_1,15,nearest,,7.5,226.0,0.8995942031633177,0.5760554082861385,2.148601811526705,2.351287974127823
tol_7p5km_int_15min,agcowk,markov_order_2,15,linear,,7.5,2015.0,0.9312754388366116,0.636044080443783,2.209911139835551,2.398082154652713
tol_7p5km_int_15min,agcowk,markov_order_2,15,nearest,,7.5,226.0,0.8862237635445145,0.6313935086527355,2.148601811526705,2.351287974127823
tol_7p5km_int_15min,agcowk,vq_ctw,15,linear,256.0,7.5,2015.0,1.0,0.0,5.129639130851453,5.129639130851453
tol_7p5km_int_15min,agcowk,vq_ctw,15,nearest,256.0,7.5,226.0,1.0,0.0,5.934137925159239,5.934137925159239
tol_7p5km_int_15min,agcowk,vq_ctw,15,linear,512.0,7.5,2015.0,1.0,0.0,4.852787016861192,4.852787016861192
tol_7p5km_int_15min,agcowk,vq_ctw,15,nearest,512.0,7.5,226.0,1.0,0.0,6.165345346490242,6.165345346490242
tol_7p5km_int_15min,agcowk,vq_ctw,15,linear,1024.0,7.5,2015.0,1.0,0.0,4.840266143864509,4.840266143864509
tol_7p5km_int_15min,agcowk,vq_ctw,15,nearest,1024.0,7.5,226.0,1.0,0.0,6.1591282511373775,6.1591282511373775
tol_7p5km_int_15min,agdrea,direct_ctw,15,linear,,7.5,2015.0,0.8895681970744984,1.0140464453238474,2.370712836970568,2.5767843953303444
tol_7p5km_int_15min,agdrea,direct_ctw,15,nearest,,7.5,76.0,0.9596253177290642,0.5780121408516014,2.089162011223769,2.2765655908284246
tol_7p5km_int_15min,agdrea,markov_order_1,15,linear,,7.5,2015.0,0.8480421942651761,1.320388302457575,2.370712836970568,2.5767843953303444
tol_7p5km_int_15min,agdrea,markov_order_1,15,nearest,,7.5,76.0,0.952251100400494,0.6481856093180247,2.089162011223769,2.2765655908284246
tol_7p5km_int_15min,agdrea,markov_order_2,15,linear,,7.5,2015.0,0.8364475167175079,1.4022551009148922,2.370712836970568,2.5767843953303444
tol_7p5km_int_15min,agdrea,markov_order_2,15,nearest,,7.5,76.0,0.9468156804660404,0.6678679162505707,2.089162011223769,2.2765655908284246
tol_7p5km_int_15min,agdrea,vq_ctw,15,linear,256.0,7.5,2015.0,1.0,0.0,9.687488002154396,9.687488002154396
tol_7p5km_int_15min,agdrea,vq_ctw,15,nearest,256.0,7.5,76.0,1.0,0.0,6.016177379842711,6.016177379842711
tol_7p5km_int_15min,agdrea,vq_ctw,15,linear,512.0,7.5,2015.0,1.0,0.0,9.858411738862374,9.858411738862374
tol_7p5km_int_15min,agdrea,vq_ctw,15,nearest,512.0,7.5,76.0,1.0,0.0,6.195350981477756,6.195350981477756
tol_7p5km_int_15min,agdrea,vq_ctw,15,linear,1024.0,7.5,2015.0,1.0,0.0,9.891930998623614,9.891930998623614
tol_7p5km_int_15min,agdrea,vq_ctw,15,nearest,1024.0,7.5,76.0,1.0,0.0,5.885962059642551,5.885962059642551
tol_7p5km_int_15min,aggjuo,direct_ctw,15,linear,,7.5,2016.0,0.9107499441880432,0.7539197384369236,2.386914328798352,2.6146103270114684
tol_7p5km_int_15min,aggjuo,direct_ctw,15,nearest,,7.5,136.0,0.90228867962977,0.6229226620312681,2.1001895456629605,2.2634019815408144
tol_7p5km_int_15min,aggjuo,markov_order_1,15,linear,,7.5,2016.0,0.891554147528167,0.8839846237027617,2.386914328798352,2.6146103270114684
tol_7p5km_int_15min,aggjuo,markov_order_1,15,nearest,,7.5,136.0,0.8548682349524039,0.8258890021145954,2.1001895456629605,2.2634019815408144
tol_7p5km_int_15min,aggjuo,markov_order_2,15,linear,,7.5,2016.0,0.8880143303241737,0.9073408634083784,2.386914328798352,2.6146103270114684
tol_7p5km_int_15min,aggjuo,markov_order_2,15,nearest,,7.5,136.0,0.8350462590171487,0.9094492509923828,2.1001895456629605,2.2634019815408144
tol_7p5km_int_15min,aggjuo,vq_ctw,15,linear,256.0,7.5,2016.0,1.0,0.0,5.85424656547605,5.85424656547605
tol_7p5km_int_15min,aggjuo,vq_ctw,15,nearest,256.0,7.5,136.0,1.0,0.0,6.269736887625235,6.269736887625235
tol_7p5km_int_15min,aggjuo,vq_ctw,15,linear,512.0,7.5,2016.0,1.0,0.0,5.55984404731117,5.55984404731117
tol_7p5km_int_15min,aggjuo,vq_ctw,15,nearest,512.0,7.5,136.0,1.0,0.0,6.5528776352217735,6.5528776352217735
tol_7p5km_int_15min,aggjuo,vq_ctw,15,linear,1024.0,7.5,2016.0,1.0,0.0,5.518781952641266,5.518781952641266
tol_7p5km_int_15min,aggjuo,vq_ctw,15,nearest,1024.0,7.5,136.0,1.0,0.0,7.067362419056461,7.067362419056461
tol_7p5km_int_15min,agivle,direct_ctw,15,linear,,7.5,2015.0,0.9357014613333756,0.6174128205400358,2.2227991575665875,2.4114975368522824
tol_7p5km_int_15min,agivle,direct_ctw,15,nearest,,7.5,305.0,0.976194170061546,0.2953618842104868,2.20027731877611,2.353041570374349
tol_7p5km_int_15min,agivle,markov_order_1,15,linear,,7.5,2015.0,0.9170075150023722,0.7651826706943353,2.2227991575665875,2.4114975368522824
tol_7p5km_int_15min,agivle,markov_order_1,15,nearest,,7.5,305.0,0.9635034974507156,0.3827481370166024,2.20027731877611,2.353041570374349
tol_7p5km_int_15min,agivle,markov_order_2,15,linear,,7.5,2015.0,0.9084121910847006,0.830806000856349,2.2227991575665875,2.4114975368522824
tol_7p5km_int_15min,agivle,markov_order_2,15,nearest,,7.5,305.0,0.958329494939532,0.4074792897219345,2.20027731877611,2.353041570374349
tol_7p5km_int_15min,agivle,vq_ctw,15,linear,256.0,7.5,2015.0,1.0,0.0,5.888593176573651,5.888593176573651
tol_7p5km_int_15min,agivle,vq_ctw,15,nearest,256.0,7.5,305.0,1.0,0.0,6.027978071968496,6.027978071968496
tol_7p5km_int_15min,agivle,vq_ctw,15,linear,512.0,7.5,2015.0,1.0,0.0,5.712964179714785,5.712964179714785
tol_7p5km_int_15min,agivle,vq_ctw,15,nearest,512.0,7.5,305.0,1.0,0.0,5.806120948804831,5.806120948804831
tol_7p5km_int_15min,agivle,vq_ctw,15,linear,1024.0,7.5,2015.0,1.0,0.0,5.696480159081764,5.696480159081764
tol_7p5km_int_15min,agivle,vq_ctw,15,nearest,1024.0,7.5,305.0,1.0,0.0,6.24290557637317,6.24290557637317
tol_7p5km_int_15min,agjitf,direct_ctw,15,linear,,7.5,2015.0,0.9476910111252578,0.522201252724569,2.142273454544726,2.32542192055117
tol_7p5km_int_15min,agjitf,direct_ctw,15,nearest,,7.5,227.0,0.9649561091142166,0.3343356684103644,2.321698673292202,2.4677462569206363
tol_7p5km_int_15min,agjitf,markov_order_1,15,linear,,7.5,2015.0,0.9331727192321044,0.6427932532861144,2.142273454544726,2.32542192055117
tol_7p5km_int_15min,agjitf,markov_order_1,15,nearest,,7.5,227.0,0.940666351736313,0.464938276060071,2.321698673292202,2.4677462569206363
tol_7p5km_int_15min,agjitf,markov_order_2,15,linear,,7.5,2015.0,0.9267823827677252,0.694259315004844,2.142273454544726,2.32542192055117
tol_7p5km_int_15min,agjitf,markov_order_2,15,nearest,,7.5,227.0,0.9359881921128912,0.4946097048157398,2.321698673292202,2.4677462569206363
tol_7p5km_int_15min,agjitf,vq_ctw,15,linear,256.0,7.5,2015.0,1.0,0.0,5.600783885859943,5.600783885859943
tol_7p5km_int_15min,agjitf,vq_ctw,15,nearest,256.0,7.5,227.0,1.0,0.0,5.795630570390027,5.795630570390027
tol_7p5km_int_15min,agjitf,vq_ctw,15,linear,512.0,7.5,2015.0,1.0,0.0,5.366004058210052,5.366004058210052
tol_7p5km_int_15min,agjitf,vq_ctw,15,nearest,512.0,7.5,227.0,1.0,0.0,5.612494417851661,5.612494417851661
tol_7p5km_int_15min,agjitf,vq_ctw,15,linear,1024.0,7.5,2015.0,1.0,0.0,5.342618889474283,5.342618889474283
tol_7p5km_int_15min,agjitf,vq_ctw,15,nearest,1024.0,7.5,227.0,1.0,0.0,6.320515794387557,6.320515794387557
tol_7p5km_int_15min,agsuec,direct_ctw,15,linear,,7.5,2013.0,0.9241246330194076,0.7441239531946258,2.3662963060100046,2.560596664179915
tol_7p5km_int_15min,agsuec,direct_ctw,15,nearest,,7.5,147.0,0.9308310431309954,0.4480472077219187,2.2386967817192347,2.423964098634088
tol_7p5km_int_15min,agsuec,markov_order_1,15,linear,,7.5,2013.0,0.8907852708936304,1.0109000415230498,2.3662963060100046,2.560596664179915
tol_7p5km_int_15min,agsuec,markov_order_1,15,nearest,,7.5,147.0,0.8908854827988159,0.6375205146198527,2.2386967817192347,2.423964098634088
tol_7p5km_int_15min,agsuec,markov_order_2,15,linear,,7.5,2013.0,0.8750274975310961,1.1309129570771486,2.3662963060100046,2.560596664179915
tol_7p5km_int_15min,agsuec,markov_order_2,15,nearest,,7.5,147.0,0.886337305865425,0.657425071464624,2.2386967817192347,2.423964098634088
tol_7p5km_int_15min,agsuec,vq_ctw,15,linear,256.0,7.5,2013.0,1.0,0.0,7.058563375909049,7.058563375909049
tol_7p5km_int_15min,agsuec,vq_ctw,15,nearest,256.0,7.5,147.0,1.0,0.0,6.503956676828016,6.503956676828016
tol_7p5km_int_15min,agsuec,vq_ctw,15,linear,512.0,7.5,2013.0,1.0,0.0,6.98844617773748,6.98844617773748
tol_7p5km_int_15min,agsuec,vq_ctw,15,nearest,512.0,7.5,147.0,1.0,0.0,6.57133524941893,6.57133524941893
tol_7p5km_int_15min,agsuec,vq_ctw,15,linear,1024.0,7.5,2013.0,1.0,0.0,6.993334585539115,6.993334585539115
tol_7p5km_int_15min,agsuec,vq_ctw,15,nearest,1024.0,7.5,147.0,1.0,0.0,7.433505895464965,7.433505895464965
tol_7p5km_int_15min,agvexp,direct_ctw,15,linear,,7.5,2012.0,0.8662050804989073,1.1890790286146553,2.5205409419116864,2.7272985936656178
tol_7p5km_int_15min,agvexp,markov_order_1,15,linear,,7.5,2012.0,0.8175635027867444,1.5325871382570724,2.5205409419116864,2.7272985936656178
tol_7p5km_int_15min,agvexp,markov_order_2,15,linear,,7.5,2012.0,0.8031710330681866,1.6295859296870954,2.5205409419116864,2.7272985936656178
tol_7p5km_int_15min,agvexp,vq_ctw,15,linear,256.0,7.5,2012.0,1.0,0.0,8.257444822847145,8.257444822847145
tol_7p5km_int_15min,agvexp,vq_ctw,15,linear,512.0,7.5,2012.0,1.0,0.0,8.416309237365885,8.416309237365885
tol_7p5km_int_15min,agvexp,vq_ctw,15,linear,1024.0,7.5,2012.0,1.0,0.0,8.435977162583914,8.435977162583914
tol_7p5km_int_15min,agyamk,direct_ctw,15,linear,,7.5,2008.0,0.9332856169485668,0.6671279176290593,2.724208480572732,2.9485793891041983
tol_7p5km_int_15min,agyamk,markov_order_1,15,linear,,7.5,2008.0,0.9052284111668168,0.897667475914808,2.724208480572732,2.9485793891041983
tol_7p5km_int_15min,agyamk,markov_order_2,15,linear,,7.5,2008.0,0.892468382312597,0.9978712673391156,2.724208480572732,2.9485793891041983
tol_7p5km_int_15min,agyamk,vq_ctw,15,linear,256.0,7.5,2008.0,1.0,0.0,10.86426988236689,10.86426988236689
tol_7p5km_int_15min,agyamk,vq_ctw,15,linear,512.0,7.5,2008.0,1.0,0.0,11.20614085444813,11.20614085444813
tol_7p5km_int_15min,agyamk,vq_ctw,15,linear,1024.0,7.5,2008.0,1.0,0.0,11.247240893789504,11.247240893789504
tol_7p5km_int_15min,aichas,direct_ctw,15,linear,,7.5,2015.0,0.9234741036771708,0.749523443408753,2.305955942648376,2.5010387031303147
tol_7p5km_int_15min,aichas,markov_order_1,15,linear,,7.5,2015.0,0.8877678468117185,1.034152779605771,2.305955942648376,2.5010387031303147
tol_7p5km_int_15min,aichas,markov_order_2,15,linear,,7.5,2015.0,0.8781371125652808,1.1075012332807084,2.305955942648376,2.5010387031303147
tol_7p5km_int_15min,aichas,vq_ctw,15,linear,256.0,7.5,2015.0,1.0,0.0,8.232968132385496,8.232968132385496
tol_7p5km_int_15min,aichas,vq_ctw,15,linear,512.0,7.5,2015.0,1.0,0.0,8.346214273424,8.346214273424
tol_7p5km_int_15min,aichas,vq_ctw,15,linear,1024.0,7.5,2015.0,1.0,0.0,8.360577434442417,8.360577434442417
tol_7p5km_int_15min,ailbcu,direct_ctw,15,linear,,7.5,2011.0,0.9274546760853446,0.698862214393654,2.5720273273593257,2.7627485345129914
tol_7p5km_int_15min,ailbcu,direct_ctw,15,nearest,,7.5,106.0,0.9822571051430046,0.2502025290828413,2.2079660678582878,2.3556810740164105
tol_7p5km_int_15min,ailbcu,markov_order_1,15,linear,,7.5,2011.0,0.901520825281402,0.9033172148888132,2.5720273273593257,2.7627485345129914
tol_7p5km_int_15min,ailbcu,markov_order_1,15,nearest,,7.5,106.0,0.982824330259651,0.2718027420747779,2.2079660678582878,2.3556810740164105
tol_7p5km_int_15min,ailbcu,markov_order_2,15,linear,,7.5,2011.0,0.8911504540293571,0.981843166549274,2.5720273273593257,2.7627485345129914
tol_7p5km_int_15min,ailbcu,markov_order_2,15,nearest,,7.5,106.0,0.9816267768856288,0.2839931950796969,2.2079660678582878,2.3556810740164105
tol_7p5km_int_15min,ailbcu,vq_ctw,15,linear,256.0,7.5,2011.0,1.0,0.0,6.988481999558252,6.988481999558252
tol_7p5km_int_15min,ailbcu,vq_ctw,15,nearest,256.0,7.5,106.0,1.0,0.0,5.69691743809121,5.69691743809121
tol_7p5km_int_15min,ailbcu,vq_ctw,15,linear,512.0,7.5,2011.0,1.0,0.0,6.991935597575969,6.991935597575969
tol_7p5km_int_15min,ailbcu,vq_ctw,15,nearest,512.0,7.5,106.0,1.0,0.0,5.842532461578059,5.842532461578059
tol_7p5km_int_15min,ailbcu,vq_ctw,15,linear,1024.0,7.5,2011.0,1.0,0.0,6.986862371214726,6.986862371214726
tol_7p5km_int_15min,ailbcu,vq_ctw,15,nearest,1024.0,7.5,106.0,1.0,0.0,5.345082232210907,5.345082232210907
tol_7p5km_int_15min,aimidd,direct_ctw,15,linear,,7.5,2015.0,0.935033541666638,0.6322055651309215,2.2575829690584843,2.477799041165854
tol_7p5km_int_15min,aimidd,direct_ctw,15,nearest,,7.5,125.0,0.958091083639011,0.3401929882187475,2.3043494190097547,2.4719244933254547
tol_7p5km_int_15min,aimidd,markov_order_1,15,linear,,7.5,2015.0,0.9087477286221668,0.8414449224584974,2.2575829690584843,2.477799041165854
tol_7p5km_int_15min,aimidd,markov_order_1,15,nearest,,7.5,125.0,0.9505111722063316,0.3831431383383915,2.3043494190097547,2.4719244933254547
tol_7p5km_int_15min,aimidd,markov_order_2,15,linear,,7.5,2015.0,0.8962956165042929,0.9361319817815946,2.2575829690584843,2.477799041165854
tol_7p5km_int_15min,aimidd,markov_order_2,15,nearest,,7.5,125.0,0.9452258762824032,0.4108451928556098,2.3043494190097547,2.4719244933254547
tol_7p5km_int_15min,aimidd,vq_ctw,15,linear,256.0,7.5,2015.0,1.0,0.0,7.951194274016212,7.951194274016212
tol_7p5km_int_15min,aimidd,vq_ctw,15,nearest,256.0,7.5,125.0,1.0,0.0,6.872365846724427,6.872365846724427
tol_7p5km_int_15min,aimidd,vq_ctw,15,linear,512.0,7.5,2015.0,1.0,0.0,7.69590036693129,7.69590036693129
tol_7p5km_int_15min,aimidd,vq_ctw,15,nearest,512.0,7.5,125.0,1.0,0.0,6.642676941195609,6.642676941195609
tol_7p5km_int_15min,aimidd,vq_ctw,15,linear,1024.0,7.5,2015.0,1.0,0.0,7.688168147755023,7.688168147755023
tol_7p5km_int_15min,aimidd,vq_ctw,15,nearest,1024.0,7.5,125.0,1.0,0.0,7.246956057742798,7.246956057742798
tol_7p5km_int_15min,ainpli,direct_ctw,15,linear,,7.5,2014.0,0.9267396519854278,0.7138704458073596,2.2883677369006508,2.4994029458793543
tol_7p5km_int_15min,ainpli,direct_ctw,15,nearest,,7.5,337.0,0.9409776323695658,0.4219206616652358,2.162955097565229,2.3751936630544583
tol_7p5km_int_15min,ainpli,markov_order_1,15,linear,,7.5,2014.0,0.9017416590059988,0.913961034911225,2.2883677369006508,2.4994029458793543
tol_7p5km_int_15min,ainpli,markov_order_1,15,nearest,,7.5,337.0,0.9128107629928864,0.5593742528457653,2.162955097565229,2.3751936630544583
tol_7p5km_int_15min,ainpli,markov_order_2,15,linear,,7.5,2014.0,0.891056944091488,0.9962194673096728,2.2883677369006508,2.4994029458793543
tol_7p5km_int_15min,ainpli,markov_order_2,15,nearest,,7.5,337.0,0.9043688051013956,0.6002654121980633,2.162955097565229,2.3751936630544583
tol_7p5km_int_15min,ainpli,vq_ctw,15,linear,256.0,7.5,2014.0,1.0,0.0,6.82325068716653,6.82325068716653
tol_7p5km_int_15min,ainpli,vq_ctw,15,nearest,256.0,7.5,337.0,1.0,0.0,6.382938543573473,6.382938543573473
tol_7p5km_int_15min,ainpli,vq_ctw,15,linear,512.0,7.5,2014.0,1.0,0.0,6.7848990154973885,6.7848990154973885
tol_7p5km_int_15min,ainpli,vq_ctw,15,nearest,512.0,7.5,337.0,1.0,0.0,6.587769618276954,6.587769618276954
tol_7p5km_int_15min,ainpli,vq_ctw,15,linear,1024.0,7.5,2014.0,1.0,0.0,6.793755878912691,6.793755878912691
tol_7p5km_int_15min,ainpli,vq_ctw,15,nearest,1024.0,7.5,337.0,1.0,0.0,7.097994068705344,7.097994068705344
tol_7p5km_int_15min,aitpyg,direct_ctw,15,linear,,7.5,2015.0,0.9345062001366792,0.6270906939270375,2.192261579838992,2.3927615705675738
tol_7p5km_int_15min,aitpyg,direct_ctw,15,nearest,,7.5,78.0,0.9494956285362032,0.3141434511734963,2.233979179226828,2.3694178264977293
tol_7p5km_int_15min,aitpyg,markov_order_1,15,linear,,7.5,2015.0,0.9150231191880152,0.7804528632394678,2.192261579838992,2.3927615705675738
tol_7p5km_int_15min,aitpyg,markov_order_1,15,nearest,,7.5,78.0,0.9147953575858904,0.4608611203322352,2.233979179226828,2.3694178264977293
tol_7p5km_int_15min,aitpyg,markov_order_2,15,linear,,7.5,2015.0,0.9063426209896592,0.8464110228485852,2.192261579838992,2.3927615705675738
tol_7p5km_int_15min,aitpyg,markov_order_2,15,nearest,,7.5,78.0,0.9131750866875068,0.4670287157173061,2.233979179226828,2.3694178264977293
tol_7p5km_int_15min,aitpyg,vq_ctw,15,linear,256.0,7.5,2015.0,1.0,0.0,6.52824590122724,6.52824590122724
tol_7p5km_int_15min,aitpyg,vq_ctw,15,nearest,256.0,7.5,78.0,1.0,0.0,6.318633190474281,6.318633190474281
tol_7p5km_int_15min,aitpyg,vq_ctw,15,linear,512.0,7.5,2015.0,1.0,0.0,6.373832371312821,6.373832371312821
tol_7p5km_int_15min,aitpyg,vq_ctw,15,nearest,512.0,7.5,78.0,1.0,0.0,6.2142069066620085,6.2142069066620085
tol_7p5km_int_15min,aitpyg,vq_ctw,15,linear,1024.0,7.5,2015.0,1.0,0.0,6.36902226885261,6.36902226885261
tol_7p5km_int_15min,aitpyg,vq_ctw,15,nearest,1024.0,7.5,78.0,1.0,0.0,6.056145951022932,6.056145951022932
tol_7p5km_int_15min,aivtyt,direct_ctw,15,linear,,7.5,1649.0,0.9360360840210352,0.6146973116248983,2.231421459262245,2.412800399703948
tol_7p5km_int_15min,aivtyt,direct_ctw,15,nearest,,7.5,139.0,0.9557204840742612,0.3395977650046609,2.128687790064576,2.279402109939288
tol_7p5km_int_15min,aivtyt,markov_order_1,15,linear,,7.5,1649.0,0.9178893455819715,0.7583730040986704,2.231421459262245,2.412800399703948
tol_7p5km_int_15min,aivtyt,markov_order_1,15,nearest,,7.5,139.0,0.9425621931871582,0.4127903782640136,2.128687790064576,2.279402109939288
tol_7p5km_int_15min,aivtyt,markov_order_2,15,linear,,7.5,1649.0,0.9077809564761112,0.8355734543218193,2.231421459262245,2.412800399703948
tol_7p5km_int_15min,aivtyt,markov_order_2,15,nearest,,7.5,139.0,0.9340524317215674,0.449705166798358,2.128687790064576,2.279402109939288
tol_7p5km_int_15min,aivtyt,vq_ctw,15,linear,256.0,7.5,1649.0,1.0,0.0,6.642259957495559,6.642259957495559
tol_7p5km_int_15min,aivtyt,vq_ctw,15,nearest,256.0,7.5,139.0,1.0,0.0,6.50137004655934,6.50137004655934
tol_7p5km_int_15min,aivtyt,vq_ctw,15,linear,512.0,7.5,1649.0,1.0,0.0,6.4932766676691385,6.4932766676691385
tol_7p5km_int_15min,aivtyt,vq_ctw,15,nearest,512.0,7.5,139.0,1.0,0.0,6.176769766578954,6.176769766578954
tol_7p5km_int_15min,aivtyt,vq_ctw,15,linear,1024.0,7.5,1649.0,1.0,0.0,6.501402960270401,6.501402960270401
tol_7p5km_int_15min,aivtyt,vq_ctw,15,nearest,1024.0,7.5,139.0,1.0,0.0,5.763736856920656,5.763736856920656
tol_7p5km_int_15min,aiwalb,direct_ctw,15,linear,,7.5,2015.0,0.906023876988099,0.8623771221432345,2.421583446059601,2.6421647390237517
tol_7p5km_int_15min,aiwalb,direct_ctw,15,nearest,,7.5,154.0,0.9380578870287432,0.4234396892545206,2.3562646451468123,2.574426204898024
tol_7p5km_int_15min,aiwalb,markov_order_1,15,linear,,7.5,2015.0,0.878377447718929,1.06821178296585,2.421583446059601,2.6421647390237517
tol_7p5km_int_15min,aiwalb,markov_order_1,15,nearest,,7.5,154.0,0.9132843486220904,0.5503665131220334,2.3562646451468123,2.574426204898024
tol_7p5km_int_15min,aiwalb,markov_order_2,15,linear,,7.5,2015.0,0.8662349973448678,1.1552123931341145,2.421583446059601,2.6421647390237517
tol_7p5km_int_15min,aiwalb,markov_order_2,15,nearest,,7.5,154.0,0.9053593973650172,0.5892728481351431,2.3562646451468123,2.574426204898024
tol_7p5km_int_15min,aiwalb,vq_ctw,15,linear,256.0,7.5,2015.0,1.0,0.0,7.1217163617291135,7.1217163617291135
tol_7p5km_int_15min,aiwalb,vq_ctw,15,nearest,256.0,7.5,154.0,1.0,0.0,5.947396156289684,5.947396156289684
tol_7p5km_int_15min,aiwalb,vq_ctw,15,linear,512.0,7.5,2015.0,1.0,0.0,7.1766439634650006,7.1766439634650006
tol_7p5km_int_15min,aiwalb,vq_ctw,15,nearest,512.0,7.5,154.0,1.0,0.0,6.400762122739515,6.400762122739515
tol_7p5km_int_15min,aiwalb,vq_ctw,15,linear,1024.0,7.5,2015.0,1.0,0.0,7.186528015757307,7.186528015757307
tol_7p5km_int_15min,aiwalb,vq_ctw,15,nearest,1024.0,7.5,154.0,1.0,0.0,6.600166168269455,6.600166168269455
tol_7p5km_int_15min,ajixdo,direct_ctw,15,linear,,7.5,1634.0,0.9418931899699858,0.5129100074508642,2.262954725388906,2.4569913432740567
tol_7p5km_int_15min,ajixdo,direct_ctw,15,nearest,,7.5,214.0,0.9371310720068684,0.4425498976163095,2.3052083142715034,2.470847870003619
tol_7p5km_int_15min,ajixdo,markov_order_1,15,linear,,7.5,1634.0,0.9302388004426156,0.5967735506755993,2.262954725388906,2.4569913432740567
tol_7p5km_int_15min,ajixdo,markov_order_1,15,nearest,,7.5,214.0,0.9112654653453398,0.560419343140606,2.3052083142715034,2.470847870003619
tol_7p5km_int_15min,ajixdo,markov_order_2,15,linear,,7.5,1634.0,0.9263613980720604,0.6239799303518972,2.262954725388906,2.4569913432740567
tol_7p5km_int_15min,ajixdo,markov_order_2,15,nearest,,7.5,214.0,0.9073729406242076,0.5809949330163278,2.3052083142715034,2.470847870003619
tol_7p5km_int_15min,ajixdo,vq_ctw,15,linear,256.0,7.5,1634.0,1.0,0.0,5.351283490780787,5.351283490780787
tol_7p5km_int_15min,ajixdo,vq_ctw,15,nearest,256.0,7.5,214.0,1.0,0.0,6.725600100920159,6.725600100920159
tol_7p5km_int_15min,ajixdo,vq_ctw,15,linear,512.0,7.5,1634.0,1.0,0.0,5.148806835119259,5.148806835119259
tol_7p5km_int_15min,ajixdo,vq_ctw,15,nearest,512.0,7.5,214.0,1.0,0.0,6.638712706264778,6.638712706264778
tol_7p5km_int_15min,ajixdo,vq_ctw,15,linear,1024.0,7.5,1634.0,1.0,0.0,5.143061156285148,5.143061156285148
tol_7p5km_int_15min,ajixdo,vq_ctw,15,nearest,1024.0,7.5,214.0,1.0,0.0,6.900991106277009,6.900991106277009
tol_7p5km_int_15min,ajsips,direct_ctw,15,linear,,7.5,2014.0,0.9362055781521492,0.6309047549300217,2.250541375557992,2.4514337043894336
tol_7p5km_int_15min,ajsips,direct_ctw,15,nearest,,7.5,225.0,0.9483289819804168,0.4265048146574483,2.0547454214326923,2.236472512067419
tol_7p5km_int_15min,ajsips,markov_order_1,15,linear,,7.5,2014.0,0.9126257278249728,0.8228871492911346,2.250541375557992,2.4514337043894336
tol_7p5km_int_15min,ajsips,markov_order_1,15,nearest,,7.5,225.0,0.9173983341581232,0.584928908226368,2.0547454214326923,2.236472512067419
tol_7p5km_int_15min,ajsips,markov_order_2,15,linear,,7.5,2014.0,0.9020367451877208,0.9056486650922186,2.250541375557992,2.4514337043894336
tol_7p5km_int_15min,ajsips,markov_order_2,15,nearest,,7.5,225.0,0.9029496552976852,0.6491700597776254,2.0547454214326923,2.236472512067419
tol_7p5km_int_15min,ajsips,vq_ctw,15,linear,256.0,7.5,2014.0,1.0,0.0,6.387322073621387,6.387322073621387
tol_7p5km_int_15min,ajsips,vq_ctw,15,nearest,256.0,7.5,225.0,1.0,0.0,6.28038374984286,6.28038374984286
tol_7p5km_int_15min,ajsips,vq_ctw,15,linear,512.0,7.5,2014.0,1.0,0.0,6.263552515589471,6.263552515589471
tol_7p5km_int_15min,ajsips,vq_ctw,15,nearest,512.0,7.5,225.0,1.0,0.0,6.28886723998711,6.28886723998711
tol_7p5km_int_15min,ajsips,vq_ctw,15,linear,1024.0,7.5,2014.0,1.0,0.0,6.254797048226422,6.254797048226422
tol_7p5km_int_15min,ajsips,vq_ctw,15,nearest,1024.0,7.5,225.0,1.0,0.0,6.514992953640051,6.514992953640051
tol_7p5km_int_15min,ajsned,direct_ctw,15,linear,,7.5,2014.0,0.9248279185258668,0.738276781562118,2.2207152017594,2.4138693903049937
tol_7p5km_int_15min,ajsned,direct_ctw,15,nearest,,7.5,223.0,0.8923821717902902,0.6660963278217609,2.4476749991405176,2.645574410875601
tol_7p5km_int_15min,ajsned,markov_order_1,15,linear,,7.5,2014.0,0.8949890225477533,0.9782794448970952,2.2207152017594,2.4138693903049937
tol_7p5km_int_15min,ajsned,markov_order_1,15,nearest,,7.5,223.0,0.8291608425006767,0.9299885814258192,2.4476749991405176,2.645574410875601
tol_7p5km_int_15min,ajsned,markov_order_2,15,linear,,7.5,2014.0,0.8818998445341641,1.0789977132674295,2.2207152017594,2.4138693903049937
tol_7p5km_int_15min,ajsned,markov_order_2,15,nearest,,7.5,223.0,0.8218147757330386,0.9617212299522866,2.4476749991405176,2.645574410875601
tol_7p5km_int_15min,ajsned,vq_ctw,15,linear,256.0,7.5,2014.0,1.0,0.0,7.159444121114943,7.159444121114943
tol_7p5km_int_15min,ajsned,vq_ctw,15,nearest,256.0,7.5,223.0,1.0,0.0,6.770692158913055,6.770692158913055
tol_7p5km_int_15min,ajsned,vq_ctw,15,linear,512.0,7.5,2014.0,1.0,0.0,7.0848469425971,7.0848469425971
tol_7p5km_int_15min,ajsned,vq_ctw,15,nearest,512.0,7.5,223.0,1.0,0.0,7.14946676130549,7.14946676130549
tol_7p5km_int_15min,ajsned,vq_ctw,15,linear,1024.0,7.5,2014.0,1.0,0.0,7.081512516337379,7.081512516337379
tol_7p5km_int_15min,ajsned,vq_ctw,15,nearest,1024.0,7.5,223.0,1.0,0.0,8.125971326440173,8.125971326440173
tol_7p5km_int_15min,ajthof,direct_ctw,15,linear,,7.5,1984.0,0.9502481405497836,0.4843493753636009,2.2600488381535637,2.450185765548301
tol_7p5km_int_15min,ajthof,direct_ctw,15,nearest,,7.5,132.0,0.9409908600180532,0.4335539629987179,2.260965178152397,2.4489234144241063
tol_7p5km_int_15min,ajthof,markov_order_1,15,linear,,7.5,1984.0,0.9333141132365628,0.6201760555551837,2.2600488381535637,2.450185765548301
tol_7p5km_int_15min,ajthof,markov_order_1,15,nearest,,7.5,132.0,0.9096068241040448,0.5812190976965912,2.260965178152397,2.4489234144241063
tol_7p5km_int_15min,ajthof,markov_order_2,15,linear,,7.5,1984.0,0.930288335336676,0.6436933761453677,2.2600488381535637,2.450185765548301
tol_7p5km_int_15min,ajthof,markov_order_2,15,nearest,,7.5,132.0,0.901500796709387,0.6247085980779492,2.260965178152397,2.4489234144241063
tol_7p5km_int_15min,ajthof,vq_ctw,15,linear,256.0,7.5,1984.0,1.0,0.0,5.285055572610967,5.285055572610967
tol_7p5km_int_15min,ajthof,vq_ctw,15,nearest,256.0,7.5,132.0,1.0,0.0,5.711900505357822,5.711900505357822
tol_7p5km_int_15min,ajthof,vq_ctw,15,linear,512.0,7.5,1984.0,1.0,0.0,5.064223996711963,5.064223996711963
tol_7p5km_int_15min,ajthof,vq_ctw,15,nearest,512.0,7.5,132.0,1.0,0.0,5.668921540583915,5.668921540583915
tol_7p5km_int_15min,ajthof,vq_ctw,15,linear,1024.0,7.5,1984.0,1.0,0.0,5.040331835892085,5.040331835892085
tol_7p5km_int_15min,ajthof,vq_ctw,15,nearest,1024.0,7.5,132.0,1.0,0.0,5.917846935044974,5.917846935044974
tol_7p5km_int_15min,ajtreo,direct_ctw,15,linear,,7.5,2010.0,0.913718398310348,0.8142351364596908,2.425131767170825,2.6214181132058134
tol_7p5km_int_15min,ajtreo,direct_ctw,15,nearest,,7.5,32.0,0.9999999999980904,0.2021677063765118,1.6223344855275117,1.8303599241152304
tol_7p5km_int_15min,ajtreo,markov_order_1,15,linear,,7.5,2010.0,0.8806083631926986,1.067685078260315,2.425131767170825,2.6214181132058134
tol_7p5km_int_15min,ajtreo,markov_order_1,15,nearest,,7.5,32.0,0.9999999999980904,0.2350043621959392,1.6223344855275117,1.8303599241152304
tol_7p5km_int_15min,ajtreo,markov_order_2,15,linear,,7.5,2010.0,0.8705899217304114,1.1412126067978463,2.425131767170825,2.6214181132058134
tol_7p5km_int_15min,ajtreo,markov_order_2,15,nearest,,7.5,32.0,0.9999999999980904,0.2588092927641838,1.6223344855275117,1.8303599241152304
tol_7p5km_int_15min,ajtreo,vq_ctw,15,linear,256.0,7.5,2010.0,1.0,0.0,9.380090920692918,9.380090920692918
tol_7p5km_int_15min,ajtreo,vq_ctw,15,nearest,256.0,7.5,32.0,1.0,0.0,5.802205742504119,5.802205742504119
tol_7p5km_int_15min,ajtreo,vq_ctw,15,linear,512.0,7.5,2010.0,1.0,0.0,9.643205467371502,9.643205467371502
tol_7p5km_int_15min,ajtreo,vq_ctw,15,nearest,512.0,7.5,32.0,1.0,0.0,6.00720646335149,6.00720646335149
tol_7p5km_int_15min,ajtreo,vq_ctw,15,linear,1024.0,7.5,2010.0,1.0,0.0,9.679002111029352,9.679002111029352
tol_7p5km_int_15min,ajtreo,vq_ctw,15,nearest,1024.0,7.5,32.0,1.0,0.0,5.453645282398388,5.453645282398388
tol_7p5km_int_15min,akgicj,direct_ctw,15,linear,,7.5,2015.0,0.9407813720454494,0.5993381153880295,2.1649413128506763,2.3754561343935223
tol_7p5km_int_15min,akgicj,direct_ctw,15,nearest,,7.5,386.0,0.9426330867200085,0.442281749676584,2.246105666340295,2.4278311830954835
tol_7p5km_int_15min,akgicj,markov_order_1,15,linear,,7.5,2015.0,0.9188285903938586,0.7832416881966572,2.1649413128506763,2.3754561343935223
tol_7p5km_int_15min,akgicj,markov_order_1,15,nearest,,7.5,386.0,0.9039134607269312,0.6422204182933184,2.246105666340295,2.4278311830954835
tol_7p5km_int_15min,akgicj,markov_order_2,15,linear,,7.5,2015.0,0.9072129718543732,0.8765943815082234,2.1649413128506763,2.3754561343935223
tol_7p5km_int_15min,akgicj,markov_order_2,15,nearest,,7.5,386.0,0.8977190031919766,0.6655822990263619,2.246105666340295,2.4278311830954835
tol_7p5km_int_15min,akgicj,vq_ctw,15,linear,256.0,7.5,2015.0,1.0,0.0,6.336894140683982,6.336894140683982
tol_7p5km_int_15min,akgicj,vq_ctw,15,nearest,256.0,7.5,386.0,1.0,0.0,6.4936883624441855,6.4936883624441855
tol_7p5km_int_15min,akgicj,vq_ctw,15,linear,512.0,7.5,2015.0,1.0,0.0,6.109862666654773,6.109862666654773
tol_7p5km_int_15min,akgicj,vq_ctw,15,nearest,512.0,7.5,386.0,1.0,0.0,6.456382109800019,6.456382109800019
tol_7p5km_int_15min,akgicj,vq_ctw,15,linear,1024.0,7.5,2015.0,1.0,0.0,6.097225029779868,6.097225029779868
tol_7p5km_int_15min,akgicj,vq_ctw,15,nearest,1024.0,7.5,386.0,1.0,0.0,6.909666015868616,6.909666015868616
tol_7p5km_int_15min,akvutv,direct_ctw,15,linear,,7.5,2015.0,0.9430394188375664,0.552780843314179,2.1436021999323494,2.3488598007883965
tol_7p5km_int_15min,akvutv,direct_ctw,15,nearest,,7.5,154.0,0.9648446598387952,0.3281694891978626,2.1755935404925264,2.347302705983365
tol_7p5km_int_15min,akvutv,markov_order_1,15,linear,,7.5,2015.0,0.9284243853899696,0.6702411609155735,2.1436021999323494,2.3488598007883965
tol_7p5km_int_15min,akvutv,markov_order_1,15,nearest,,7.5,154.0,0.9434454518989378,0.4525166863876698,2.1755935404925264,2.347302705983365
tol_7p5km_int_15min,akvutv,markov_order_2,15,linear,,7.5,2015.0,0.9200447619651424,0.7354287951740077,2.1436021999323494,2.3488598007883965
tol_7p5km_int_15min,akvutv,markov_order_2,15,nearest,,7.5,154.0,0.9389206696722782,0.4741333136127081,2.1755935404925264,2.347302705983365
tol_7p5km_int_15min,akvutv,vq_ctw,15,linear,256.0,7.5,2015.0,1.0,0.0,5.6242542302289165,5.6242542302289165
tol_7p5km_int_15min,akvutv,vq_ctw,15,nearest,256.0,7.5,154.0,1.0,0.0,6.02172804670582,6.02172804670582
tol_7p5km_int_15min,akvutv,vq_ctw,15,linear,512.0,7.5,2015.0,1.0,0.0,5.398249555261364,5.398249555261364
tol_7p5km_int_15min,akvutv,vq_ctw,15,nearest,512.0,7.5,154.0,1.0,0.0,6.193697188715309,6.193697188715309
tol_7p5km_int_15min,akvutv,vq_ctw,15,linear,1024.0,7.5,2015.0,1.0,0.0,5.376159221376788,5.376159221376788
tol_7p5km_int_15min,akvutv,vq_ctw,15,nearest,1024.0,7.5,154.0,1.0,0.0,6.513184270839128,6.513184270839128
tol_7p5km_int_15min,akyeer,direct_ctw,15,linear,,7.5,1979.0,0.934349795104067,0.6332127343917957,2.2476536671087595,2.455925486800826
tol_7p5km_int_15min,akyeer,direct_ctw,15,nearest,,7.5,177.0,0.9249441765215582,0.4955713158381521,2.25901367525028,2.414100424391604
tol_7p5km_int_15min,akyeer,markov_order_1,15,linear,,7.5,1979.0,0.905889315879092,0.8567835209008562,2.2476536671087595,2.455925486800826
tol_7p5km_int_15min,akyeer,markov_order_1,15,nearest,,7.5,177.0,0.8891826495143538,0.6604696255429336,2.25901367525028,2.414100424391604
tol_7p5km_int_15min,akyeer,markov_order_2,15,linear,,7.5,1979.0,0.8942650142699977,0.9438948143534772,2.2476536671087595,2.455925486800826
tol_7p5km_int_15min,akyeer,markov_order_2,15,nearest,,7.5,177.0,0.8861979951231752,0.6695387170103019,2.25901367525028,2.414100424391604
tol_7p5km_int_15min,akyeer,vq_ctw,15,linear,256.0,7.5,1979.0,1.0,0.0,8.79361149367712,8.79361149367712
tol_7p5km_int_15min,akyeer,vq_ctw,15,nearest,256.0,7.5,177.0,1.0,0.0,7.032257259733807,7.032257259733807
tol_7p5km_int_15min,akyeer,vq_ctw,15,linear,512.0,7.5,1979.0,1.0,0.0,8.533226510834645,8.533226510834645
tol_7p5km_int_15min,akyeer,vq_ctw,15,nearest,512.0,7.5,177.0,1.0,0.0,6.526520911158842,6.526520911158842
tol_7p5km_int_15min,akyeer,vq_ctw,15,linear,1024.0,7.5,1979.0,1.0,0.0,8.515840580162546,8.515840580162546
tol_7p5km_int_15min,akyeer,vq_ctw,15,nearest,1024.0,7.5,177.0,1.0,0.0,7.06287719135757,7.06287719135757
tol_7p5km_int_15min,aldhid,direct_ctw,15,linear,,7.5,2012.0,0.970817811742531,0.3119613819203942,2.389849066178216,2.579201921561458
tol_7p5km_int_15min,aldhid,direct_ctw,15,nearest,,7.5,291.0,0.929110184699641,0.4643523783258912,2.110947346710704,2.296067361127877
tol_7p5km_int_15min,aldhid,markov_order_1,15,linear,,7.5,2012.0,0.9569034489095386,0.436023311653171,2.389849066178216,2.579201921561458
tol_7p5km_int_15min,aldhid,markov_order_1,15,nearest,,7.5,291.0,0.8932529790648944,0.6239369975539647,2.110947346710704,2.296067361127877
tol_7p5km_int_15min,aldhid,markov_order_2,15,linear,,7.5,2012.0,0.9501005071497368,0.4940469992295583,2.389849066178216,2.579201921561458
tol_7p5km_int_15min,aldhid,markov_order_2,15,nearest,,7.5,291.0,0.8857056339315672,0.6515455888767914,2.110947346710704,2.296067361127877
tol_7p5km_int_15min,aldhid,vq_ctw,15,linear,256.0,7.5,2012.0,1.0,0.0,8.061092372115644,8.061092372115644
tol_7p5km_int_15min,aldhid,vq_ctw,15,nearest,256.0,7.5,291.0,1.0,0.0,5.836138742227597,5.836138742227597
tol_7p5km_int_15min,aldhid,vq_ctw,15,linear,512.0,7.5,2012.0,1.0,0.0,7.967892768977095,7.967892768977095
tol_7p5km_int_15min,aldhid,vq_ctw,15,nearest,512.0,7.5,291.0,1.0,0.0,5.761712847524056,5.761712847524056
tol_7p5km_int_15min,aldhid,vq_ctw,15,linear,1024.0,7.5,2012.0,1.0,0.0,7.98661156251915,7.98661156251915
tol_7p5km_int_15min,aldhid,vq_ctw,15,nearest,1024.0,7.5,291.0,1.0,0.0,6.28919422291666,6.28919422291666
tol_7p5km_int_15min,alnihi,direct_ctw,15,linear,,7.5,2015.0,0.947195085637774,0.4935960128677167,2.2190213632016182,2.400801041373497
tol_7p5km_int_15min,alnihi,direct_ctw,15,nearest,,7.5,108.0,0.9999999999980906,0.2416846786525038,2.243385369559714,2.378468168755319
tol_7p5km_int_15min,alnihi,markov_order_1,15,linear,,7.5,2015.0,0.9356813167387754,0.5823625166882718,2.2190213632016182,2.400801041373497
tol_7p5km_int_15min,alnihi,markov_order_1,15,nearest,,7.5,108.0,0.9999999999980906,0.2723636551130046,2.243385369559714,2.378468168755319
tol_7p5km_int_15min,alnihi,markov_order_2,15,linear,,7.5,2015.0,0.9304051257486694,0.621941616021477,2.2190213632016182,2.400801041373497
tol_7p5km_int_15min,alnihi,markov_order_2,15,nearest,,7.5,108.0,0.9999999999980906,0.293091124440186,2.243385369559714,2.378468168755319
tol_7p5km_int_15min,alnihi,vq_ctw,15,linear,256.0,7.5,2015.0,1.0,0.0,4.978091102479899,4.978091102479899
tol_7p5km_int_15min,alnihi,vq_ctw,15,nearest,256.0,7.5,108.0,1.0,0.0,5.868016368862437,5.868016368862437
tol_7p5km_int_15min,alnihi,vq_ctw,15,linear,512.0,7.5,2015.0,1.0,0.0,4.66556008096385,4.66556008096385
tol_7p5km_int_15min,alnihi,vq_ctw,15,nearest,512.0,7.5,108.0,1.0,0.0,5.610892268359375,5.610892268359375
tol_7p5km_int_15min,alnihi,vq_ctw,15,linear,1024.0,7.5,2015.0,1.0,0.0,4.652702074320701,4.652702074320701
tol_7p5km_int_15min,alnihi,vq_ctw,15,nearest,1024.0,7.5,108.0,1.0,0.0,5.506150251850818,5.506150251850818
tol_7p5km_int_15min,alshet,direct_ctw,15,linear,,7.5,2013.0,0.9172015671202484,0.7865075325926097,2.361183244681661,2.588150208861521
tol_7p5km_int_15min,alshet,direct_ctw,15,nearest,,7.5,54.0,0.8823962798043423,0.7088308672854239,1.993502232876037,2.223581043013624
tol_7p5km_int_15min,alshet,markov_order_1,15,linear,,7.5,2013.0,0.8829092176157773,1.050607595109981,2.361183244681661,2.588150208861521
tol_7p5km_int_15min,alshet,markov_order_1,15,nearest,,7.5,54.0,0.8453155540621452,0.8666090748083233,1.993502232876037,2.223581043013624
tol_7p5km_int_15min,alshet,markov_order_2,15,linear,,7.5,2013.0,0.8670025334278698,1.1672240940288854,2.361183244681661,2.588150208861521
tol_7p5km_int_15min,alshet,markov_order_2,15,nearest,,7.5,54.0,0.8449957761324561,0.8678988547362684,1.993502232876037,2.223581043013624
tol_7p5km_int_15min,alshet,vq_ctw,15,linear,256.0,7.5,2013.0,1.0,0.0,8.894674910640408,8.894674910640408
tol_7p5km_int_15min,alshet,vq_ctw,15,nearest,256.0,7.5,54.0,1.0,0.0,6.7455133520871735,6.7455133520871735
tol_7p5km_int_15min,alshet,vq_ctw,15,linear,512.0,7.5,2013.0,1.0,0.0,8.72956648907106,8.72956648907106
tol_7p5km_int_15min,alshet,vq_ctw,15,nearest,512.0,7.5,54.0,1.0,0.0,6.889708996566767,6.889708996566767
tol_7p5km_int_15min,alshet,vq_ctw,15,linear,1024.0,7.5,2013.0,1.0,0.0,8.732667855091899,8.732667855091899
tol_7p5km_int_15min,alshet,vq_ctw,15,nearest,1024.0,7.5,54.0,1.0,0.0,8.131756540833727,8.131756540833727
tol_7p5km_int_15min,amciuc,direct_ctw,15,linear,,7.5,1980.0,0.9359888726894872,0.6286192175034279,2.280008445921783,2.467699229635198
tol_7p5km_int_15min,amciuc,direct_ctw,15,nearest,,7.5,249.0,0.9427354476779052,0.3855805138940904,2.238376366397147,2.42171425503814
tol_7p5km_int_15min,amciuc,markov_order_1,15,linear,,7.5,1980.0,0.9129353338786058,0.8148543358341483,2.280008445921783,2.467699229635198
tol_7p5km_int_15min,amciuc,markov_order_1,15,nearest,,7.5,249.0,0.9173026058657396,0.5009380325411249,2.238376366397147,2.42171425503814
tol_7p5km_int_15min,amciuc,markov_order_2,15,linear,,7.5,1980.0,0.9041683098467832,0.8829962172905509,2.280008445921783,2.467699229635198
tol_7p5km_int_15min,amciuc,markov_order_2,15,nearest,,7.5,249.0,0.9126974822213364,0.5213000996649746,2.238376366397147,2.42171425503814
tol_7p5km_int_15min,amciuc,vq_ctw,15,linear,256.0,7.5,1980.0,1.0,0.0,6.939491879553338,6.939491879553338
tol_7p5km_int_15min,amciuc,vq_ctw,15,nearest,256.0,7.5,249.0,1.0,0.0,6.300505523541464,6.300505523541464
tol_7p5km_int_15min,amciuc,vq_ctw,15,linear,512.0,7.5,1980.0,1.0,0.0,6.89069084430125,6.89069084430125
tol_7p5km_int_15min,amciuc,vq_ctw,15,nearest,512.0,7.5,249.0,1.0,0.0,6.038025158701825,6.038025158701825
tol_7p5km_int_15min,amciuc,vq_ctw,15,linear,1024.0,7.5,1980.0,1.0,0.0,6.894909035163548,6.894909035163548
tol_7p5km_int_15min,amciuc,vq_ctw,15,nearest,1024.0,7.5,249.0,1.0,0.0,6.70049128796476,6.70049128796476
tol_7p5km_int_15min,amknyw,direct_ctw,15,linear,,7.5,2015.0,0.9200280403593536,0.7417954681163802,2.293105225495784,2.4790816032181056
tol_7p5km_int_15min,amknyw,direct_ctw,15,nearest,,7.5,176.0,0.9264004798367088,0.4954298617663948,2.085730805068702,2.2416526403466164
tol_7p5km_int_15min,amknyw,markov_order_1,15,linear,,7.5,2015.0,0.8952736244529031,0.9286713071783708,2.293105225495784,2.4790816032181056
tol_7p5km_int_15min,amknyw,markov_order_1,15,nearest,,7.5,176.0,0.9073851992787784,0.60051436965619,2.085730805068702,2.2416526403466164
tol_7p5km_int_15min,amknyw,markov_order_2,15,linear,,7.5,2015.0,0.8833159285415214,1.0154190937681125,2.293105225495784,2.4790816032181056
tol_7p5km_int_15min,amknyw,markov_order_2,15,nearest,,7.5,176.0,0.8963090121978667,0.6546986586159584,2.085730805068702,2.2416526403466164
tol_7p5km_int_15min,amknyw,vq_ctw,15,linear,256.0,7.5,2015.0,1.0,0.0,7.132723687612391,7.132723687612391
tol_7p5km_int_15min,amknyw,vq_ctw,15,nearest,256.0,7.5,176.0,1.0,0.0,6.16560900003237,6.16560900003237
tol_7p5km_int_15min,amknyw,vq_ctw,15,linear,512.0,7.5,2015.0,1.0,0.0,6.952030652968515,6.952030652968515
tol_7p5km_int_15min,amknyw,vq_ctw,15,nearest,512.0,7.5,176.0,1.0,0.0,6.539562120063226,6.539562120063226
tol_7p5km_int_15min,amknyw,vq_ctw,15,linear,1024.0,7.5,2015.0,1.0,0.0,6.925108109329212,6.925108109329212
tol_7p5km_int_15min,amknyw,vq_ctw,15,nearest,1024.0,7.5,176.0,1.0,0.0,6.712810526953854,6.712810526953854
tol_7p5km_int_15min,amnurg,direct_ctw,15,linear,,7.5,1685.0,0.9614057650896806,0.4079176134523394,2.136558102412222,2.311104173424583
tol_7p5km_int_15min,amnurg,markov_order_1,15,linear,,7.5,1685.0,0.9407973619809408,0.5882816403993051,2.136558102412222,2.311104173424583
tol_7p5km_int_15min,amnurg,markov_order_2,15,linear,,7.5,1685.0,0.9307137301648736,0.6722318698457427,2.136558102412222,2.311104173424583
tol_7p5km_int_15min,amnurg,vq_ctw,15,linear,256.0,7.5,1685.0,1.0,0.0,6.928771155151466,6.928771155151466
tol_7p5km_int_15min,amnurg,vq_ctw,15,linear,512.0,7.5,1685.0,1.0,0.0,6.764925922811499,6.764925922811499
tol_7p5km_int_15min,amnurg,vq_ctw,15,linear,1024.0,7.5,1685.0,1.0,0.0,6.329238228542982,6.329238228542982
tol_7p5km_int_15min,amvefa,direct_ctw,15,linear,,7.5,2015.0,0.9510243374670684,0.5035740510744804,2.520274116022843,2.716024704888944
tol_7p5km_int_15min,amvefa,direct_ctw,15,nearest,,7.5,97.0,0.9805508808249636,0.4623672640087616,2.2678308297253635,2.4187409757417844
tol_7p5km_int_15min,amvefa,markov_order_1,15,linear,,7.5,2015.0,0.934217690620285,0.6475535207635578,2.520274116022843,2.716024704888944
tol_7p5km_int_15min,amvefa,markov_order_1,15,nearest,,7.5,97.0,0.9730682550711798,0.5338367899517615,2.2678308297253635,2.4187409757417844
tol_7p5km_int_15min,amvefa,markov_order_2,15,linear,,7.5,2015.0,0.9262594000456944,0.7133004553538901,2.520274116022843,2.716024704888944
tol_7p5km_int_15min,amvefa,markov_order_2,15,nearest,,7.5,97.0,0.98195479783588,0.4942272390003507,2.2678308297253635,2.4187409757417844
tol_7p5km_int_15min,amvefa,vq_ctw,15,linear,256.0,7.5,2015.0,1.0,0.0,5.578376347625095,5.578376347625095
tol_7p5km_int_15min,amvefa,vq_ctw,15,nearest,256.0,7.5,97.0,1.0,0.0,5.475143161747155,5.475143161747155
tol_7p5km_int_15min,amvefa,vq_ctw,15,linear,512.0,7.5,2015.0,1.0,0.0,5.492829579660295,5.492829579660295
tol_7p5km_int_15min,amvefa,vq_ctw,15,nearest,512.0,7.5,97.0,1.0,0.0,5.688948661996194,5.688948661996194
tol_7p5km_int_15min,amvefa,vq_ctw,15,linear,1024.0,7.5,2015.0,1.0,0.0,5.490710986554546,5.490710986554546
tol_7p5km_int_15min,amvefa,vq_ctw,15,nearest,1024.0,7.5,97.0,1.0,0.0,6.481728771431247,6.481728771431247
tol_7p5km_int_15min,amwibs,direct_ctw,15,linear,,7.5,2015.0,0.931807388143216,0.6435004215188207,2.229001948871529,2.407703608951956
tol_7p5km_int_15min,amwibs,direct_ctw,15,nearest,,7.5,261.0,0.9354795892520796,0.4759164844454924,2.366936583587069,2.5266015241068245
tol_7p5km_int_15min,amwibs,markov_order_1,15,linear,,7.5,2015.0,0.910495148417883,0.8080434315421877,2.229001948871529,2.407703608951956
tol_7p5km_int_15min,amwibs,markov_order_1,15,nearest,,7.5,261.0,0.8958540995422039,0.6610334149250691,2.366936583587069,2.5266015241068245
tol_7p5km_int_15min,amwibs,markov_order_2,15,linear,,7.5,2015.0,0.9022378012006044,0.869522562323275,2.229001948871529,2.407703608951956
tol_7p5km_int_15min,amwibs,markov_order_2,15,nearest,,7.5,261.0,0.8887177517239512,0.6915951689371111,2.366936583587069,2.5266015241068245
tol_7p5km_int_15min,amwibs,vq_ctw,15,linear,256.0,7.5,2015.0,1.0,0.0,5.750433521928314,5.750433521928314
tol_7p5km_int_15min,amwibs,vq_ctw,15,nearest,256.0,7.5,261.0,1.0,0.0,6.078718315034105,6.078718315034105
tol_7p5km_int_15min,amwibs,vq_ctw,15,linear,512.0,7.5,2015.0,1.0,0.0,5.526519282557323,5.526519282557323
tol_7p5km_int_15min,amwibs,vq_ctw,15,nearest,512.0,7.5,261.0,1.0,0.0,6.006573629130922,6.006573629130922
tol_7p5km_int_15min,amwibs,vq_ctw,15,linear,1024.0,7.5,2015.0,1.0,0.0,5.511915423738886,5.511915423738886
tol_7p5km_int_15min,amwibs,vq_ctw,15,nearest,1024.0,7.5,261.0,1.0,0.0,5.801150978066738,5.801150978066738
tol_7p5km_int_15min,ancedv,direct_ctw,15,linear,,7.5,692.0,0.9602729771277042,0.3962483283558082,2.15657222215548,2.3489324552644493
tol_7p5km_int_15min,ancedv,direct_ctw,15,nearest,,7.5,35.0,0.9999999999980904,0.4846873016036932,2.32473088833974,2.4907165222579595
tol_7p5km_int_15min,ancedv,markov_order_1,15,linear,,7.5,692.0,0.9361761442551512,0.5917936125083224,2.15657222215548,2.3489324552644493
tol_7p5km_int_15min,ancedv,markov_order_1,15,nearest,,7.5,35.0,0.9999999999980904,0.5159196208038037,2.32473088833974,2.4907165222579595
tol_7p5km_int_15min,ancedv,markov_order_2,15,linear,,7.5,692.0,0.9250460512112708,0.676981487456326,2.15657222215548,2.3489324552644493
tol_7p5km_int_15min,ancedv,markov_order_2,15,nearest,,7.5,35.0,0.9999999999980904,0.5431465180712023,2.32473088833974,2.4907165222579595
tol_7p5km_int_15min,ancedv,vq_ctw,15,linear,256.0,7.5,692.0,1.0,0.0,5.714899215376934,5.714899215376934
tol_7p5km_int_15min,ancedv,vq_ctw,15,nearest,256.0,7.5,35.0,1.0,0.0,6.116682574990327,6.116682574990327
tol_7p5km_int_15min,ancedv,vq_ctw,15,linear,512.0,7.5,692.0,1.0,0.0,5.495601130398665,5.495601130398665
tol_7p5km_int_15min,ancedv,vq_ctw,15,nearest,512.0,7.5,35.0,1.0,0.0,6.302653252759577,6.302653252759577
tol_7p5km_int_15min,ancedv,vq_ctw,15,linear,1024.0,7.5,692.0,1.0,0.0,5.482965521907016,5.482965521907016
tol_7p5km_int_15min,ancedv,vq_ctw,15,nearest,1024.0,7.5,35.0,1.0,0.0,5.70288069737407,5.70288069737407
tol_7p5km_int_15min,ancorj,direct_ctw,15,linear,,7.5,2010.0,0.8778459576416655,1.109698773386915,2.66133005657899,2.8412701723344598
tol_7p5km_int_15min,ancorj,markov_order_1,15,linear,,7.5,2010.0,0.8405115357302304,1.3827503052143166,2.66133005657899,2.8412701723344598
tol_7p5km_int_15min,ancorj,markov_order_2,15,linear,,7.5,2010.0,0.8253638950111821,1.489067609807032,2.66133005657899,2.8412701723344598
tol_7p5km_int_15min,ancorj,vq_ctw,15,linear,256.0,7.5,2010.0,1.0,0.0,8.713745554111755,8.713745554111755
tol_7p5km_int_15min,ancorj,vq_ctw,15,linear,512.0,7.5,2010.0,1.0,0.0,8.838907257114009,8.838907257114009
tol_7p5km_int_15min,ancorj,vq_ctw,15,linear,1024.0,7.5,2010.0,1.0,0.0,8.844079648401552,8.844079648401552
tol_7p5km_int_15min,ancycl,direct_ctw,15,linear,,7.5,2012.0,0.928651376655632,0.7022691602764584,2.466706806941646,2.672044344869078
tol_7p5km_int_15min,ancycl,direct_ctw,15,nearest,,7.5,84.0,0.882957640088678,0.7308153608269866,2.247907242999131,2.4645155342288048
tol_7p5km_int_15min,ancycl,markov_order_1,15,linear,,7.5,2012.0,0.8956158728098035,0.9674857285489684,2.466706806941646,2.672044344869078
tol_7p5km_int_15min,ancycl,markov_order_1,15,nearest,,7.5,84.0,0.7928659610619034,1.1079260643425914,2.247907242999131,2.4645155342288048
tol_7p5km_int_15min,ancycl,markov_order_2,15,linear,,7.5,2012.0,0.8854937142743005,1.0451111305116496,2.466706806941646,2.672044344869078
tol_7p5km_int_15min,ancycl,markov_order_2,15,nearest,,7.5,84.0,0.7920922607585067,1.1081161669320356,2.247907242999131,2.4645155342288048
tol_7p5km_int_15min,ancycl,vq_ctw,15,linear,256.0,7.5,2012.0,1.0,0.0,8.755051312843591,8.755051312843591
tol_7p5km_int_15min,ancycl,vq_ctw,15,nearest,256.0,7.5,84.0,1.0,0.0,7.9143505503285345,7.9143505503285345
tol_7p5km_int_15min,ancycl,vq_ctw,15,linear,512.0,7.5,2012.0,1.0,0.0,8.87287344102854,8.87287344102854
tol_7p5km_int_15min,ancycl,vq_ctw,15,nearest,512.0,7.5,84.0,1.0,0.0,8.433126099889982,8.433126099889982
tol_7p5km_int_15min,ancycl,vq_ctw,15,linear,1024.0,7.5,2012.0,1.0,0.0,8.894098927240412,8.894098927240412
tol_7p5km_int_15min,ancycl,vq_ctw,15,nearest,1024.0,7.5,84.0,1.0,0.0,9.735930453348114,9.735930453348114
tol_7p5km_int_15min,andyol,direct_ctw,15,linear,,7.5,2015.0,0.9489343600862528,0.5116086116309402,2.193787979250049,2.3848909244341017
tol_7p5km_int_15min,andyol,direct_ctw,15,nearest,,7.5,261.0,0.9367082162134234,0.4474963420439989,2.2807866697123047,2.4574860910509453
tol_7p5km_int_15min,andyol,markov_order_1,15,linear,,7.5,2015.0,0.9328316576129948,0.6455632276640609,2.193787979250049,2.3848909244341017
tol_7p5km_int_15min,andyol,markov_order_1,15,nearest,,7.5,261.0,0.9050331632929628,0.6101805469248027,2.2807866697123047,2.4574860910509453
tol_7p5km_int_15min,andyol,markov_order_2,15,linear,,7.5,2015.0,0.9236757742174344,0.7189608685903229,2.193787979250049,2.3848909244341017
tol_7p5km_int_15min,andyol,markov_order_2,15,nearest,,7.5,261.0,0.8939524193591194,0.6603281663998534,2.2807866697123047,2.4574860910509453
tol_7p5km_int_15min,andyol,vq_ctw,15,linear,256.0,7.5,2015.0,1.0,0.0,6.423752299180504,6.423752299180504
tol_7p5km_int_15min,andyol,vq_ctw,15,nearest,256.0,7.5,261.0,1.0,0.0,6.106683306362906,6.106683306362906
tol_7p5km_int_15min,andyol,vq_ctw,15,linear,512.0,7.5,2015.0,1.0,0.0,6.219279846546081,6.219279846546081
tol_7p5km_int_15min,andyol,vq_ctw,15,nearest,512.0,7.5,261.0,1.0,0.0,6.1194161031196375,6.1194161031196375
tol_7p5km_int_15min,andyol,vq_ctw,15,linear,1024.0,7.5,2015.0,1.0,0.0,6.201395346151789,6.201395346151789
tol_7p5km_int_15min,andyol,vq_ctw,15,nearest,1024.0,7.5,261.0,1.0,0.0,6.887299558929584,6.887299558929584
tol_7p5km_int_15min,aniajc,direct_ctw,15,linear,,7.5,2015.0,0.9417156660338412,0.5483068943500289,2.204500534751405,2.399120590229764
tol_7p5km_int_15min,aniajc,direct_ctw,15,nearest,,7.5,192.0,0.9212096894722784,0.4976243452078437,2.242886017324911,2.404788665719415
tol_7p5km_int_15min,aniajc,markov_order_1,15,linear,,7.5,2015.0,0.9289813819914858,0.6471754585255128,2.204500534751405,2.399120590229764
tol_7p5km_int_15min,aniajc,markov_order_1,15,nearest,,7.5,192.0,0.8872399275815918,0.6458869298628187,2.242886017324911,2.404788665719415
tol_7p5km_int_15min,aniajc,markov_order_2,15,linear,,7.5,2015.0,0.9230247386577228,0.6921645397970734,2.204500534751405,2.399120590229764
tol_7p5km_int_15min,aniajc,markov_order_2,15,nearest,,7.5,192.0,0.8712567159971497,0.7072387239876621,2.242886017324911,2.404788665719415
tol_7p5km_int_15min,aniajc,vq_ctw,15,linear,256.0,7.5,2015.0,1.0,0.0,4.894881781639974,4.894881781639974
tol_7p5km_int_15min,aniajc,vq_ctw,15,nearest,256.0,7.5,192.0,1.0,0.0,5.683688808758844,5.683688808758844
tol_7p5km_int_15min,aniajc,vq_ctw,15,linear,512.0,7.5,2015.0,1.0,0.0,4.653625318172116,4.653625318172116
tol_7p5km_int_15min,aniajc,vq_ctw,15,nearest,512.0,7.5,192.0,1.0,0.0,5.817033250932883,5.817033250932883
tol_7p5km_int_15min,aniajc,vq_ctw,15,linear,1024.0,7.5,2015.0,1.0,0.0,4.632799145323883,4.632799145323883
tol_7p5km_int_15min,aniajc,vq_ctw,15,nearest,1024.0,7.5,192.0,1.0,0.0,6.02904261146238,6.02904261146238
tol_7p5km_int_15min,anidgi,direct_ctw,15,linear,,7.5,2015.0,0.9077157392594958,0.8428947097318799,2.394701272073883,2.602224069498428
tol_7p5km_int_15min,anidgi,direct_ctw,15,nearest,,7.5,151.0,0.9173016490665435,0.5486422615762822,2.1750718453487066,2.331810234176177
tol_7p5km_int_15min,anidgi,markov_order_1,15,linear,,7.5,2015.0,0.8798923273272199,1.048767012812342,2.394701272073883,2.602224069498428
tol_7p5km_int_15min,anidgi,markov_order_1,15,nearest,,7.5,151.0,0.8797118397177596,0.7273752635437307,2.1750718453487066,2.331810234176177
tol_7p5km_int_15min,anidgi,markov_order_2,15,linear,,7.5,2015.0,0.8717267549356462,1.1070712056311849,2.394701272073883,2.602224069498428
tol_7p5km_int_15min,anidgi,markov_order_2,15,nearest,,7.5,151.0,0.8757957206130998,0.7480263677745084,2.1750718453487066,2.331810234176177
tol_7p5km_int_15min,anidgi,vq_ctw,15,linear,256.0,7.5,2015.0,1.0,0.0,7.753301640150853,7.753301640150853
tol_7p5km_int_15min,anidgi,vq_ctw,15,nearest,256.0,7.5,151.0,1.0,0.0,6.184327845462724,6.184327845462724
tol_7p5km_int_15min,anidgi,vq_ctw,15,linear,512.0,7.5,2015.0,1.0,0.0,7.853663908216239,7.853663908216239
tol_7p5km_int_15min,anidgi,vq_ctw,15,nearest,512.0,7.5,151.0,1.0,0.0,6.795787857803715,6.795787857803715
tol_7p5km_int_15min,anidgi,vq_ctw,15,linear,1024.0,7.5,2015.0,1.0,0.0,7.863520914699634,7.863520914699634
tol_7p5km_int_15min,anidgi,vq_ctw,15,nearest,1024.0,7.5,151.0,1.0,0.0,6.64274086458987,6.64274086458987
tol_7p5km_int_15min,ankped,direct_ctw,15,linear,,7.5,2015.0,0.95357878453706,0.4523580875800667,2.1420244202402965,2.32897322090607
tol_7p5km_int_15min,ankped,direct_ctw,15,nearest,,7.5,226.0,0.974470148312132,0.2850658232380158,2.1415769699833174,2.288494227892514
tol_7p5km_int_15min,ankped,markov_order_1,15,linear,,7.5,2015.0,0.94377121847267,0.5319687055143097,2.1420244202402965,2.32897322090607
tol_7p5km_int_15min,ankped,markov_order_1,15,nearest,,7.5,226.0,0.9577868096168144,0.3857386337742162,2.1415769699833174,2.288494227892514
tol_7p5km_int_15min,ankped,markov_order_2,15,linear,,7.5,2015.0,0.9386534504292608,0.5724414454994261,2.1420244202402965,2.32897322090607
tol_7p5km_int_15min,ankped,markov_order_2,15,nearest,,7.5,226.0,0.949677295215938,0.4025990325868643,2.1415769699833174,2.288494227892514
tol_7p5km_int_15min,ankped,vq_ctw,15,linear,256.0,7.5,2015.0,1.0,0.0,4.94164356973578,4.94164356973578
tol_7p5km_int_15min,ankped,vq_ctw,15,nearest,256.0,7.5,226.0,1.0,0.0,6.089600689594287,6.089600689594287
tol_7p5km_int_15min,ankped,vq_ctw,15,linear,512.0,7.5,2015.0,1.0,0.0,4.59450051281667,4.59450051281667
tol_7p5km_int_15min,ankped,vq_ctw,15,nearest,512.0,7.5,226.0,1.0,0.0,6.111871639885568,6.111871639885568
tol_7p5km_int_15min,ankped,vq_ctw,15,linear,1024.0,7.5,2015.0,1.0,0.0,4.572752276907578,4.572752276907578
tol_7p5km_int_15min,ankped,vq_ctw,15,nearest,1024.0,7.5,226.0,1.0,0.0,6.3735092794941055,6.3735092794941055
tol_7p5km_int_15min,ansyut,direct_ctw,15,linear,,7.5,2004.0,0.9326646724066892,0.6469184411774732,2.3260407143303627,2.5268365753655453
tol_7p5km_int_15min,ansyut,direct_ctw,15,nearest,,7.5,32.0,0.8924961587755542,0.5998444133505728,2.349642047077172,2.536621653196036
tol_7p5km_int_15min,ansyut,markov_order_1,15,linear,,7.5,2004.0,0.9120793929024276,0.8094772659446043,2.3260407143303627,2.5268365753655453
tol_7p5km_int_15min,ansyut,markov_order_1,15,nearest,,7.5,32.0,0.8558639266986734,0.7391052272833503,2.349642047077172,2.536621653196036
tol_7p5km_int_15min,ansyut,markov_order_2,15,linear,,7.5,2004.0,0.9027375362048718,0.8806186248560413,2.3260407143303627,2.5268365753655453
tol_7p5km_int_15min,ansyut,markov_order_2,15,nearest,,7.5,32.0,0.8383569581194532,0.7998688249616291,2.349642047077172,2.536621653196036
tol_7p5km_int_15min,ansyut,vq_ctw,15,linear,256.0,7.5,2004.0,1.0,0.0,5.785813721175728,5.785813721175728
tol_7p5km_int_15min,ansyut,vq_ctw,15,nearest,256.0,7.5,32.0,1.0,0.0,5.2148620376552,5.2148620376552
tol_7p5km_int_15min,ansyut,vq_ctw,15,linear,512.0,7.5,2004.0,1.0,0.0,5.646027627348998,5.646027627348998
tol_7p5km_int_15min,ansyut,vq_ctw,15,nearest,512.0,7.5,32.0,1.0,0.0,5.484370402798805,5.484370402798805
tol_7p5km_int_15min,ansyut,vq_ctw,15,linear,1024.0,7.5,2004.0,1.0,0.0,5.639811459781924,5.639811459781924
tol_7p5km_int_15min,ansyut,vq_ctw,15,nearest,1024.0,7.5,32.0,1.0,0.0,6.248127179883322,6.248127179883322
tol_7p5km_int_15min,anucks,direct_ctw,15,linear,,7.5,2015.0,0.9270713602591611,0.6919512600130409,2.2313241905752808,2.423982325680761
tol_7p5km_int_15min,anucks,direct_ctw,15,nearest,,7.5,69.0,0.8511114636322791,0.8471676148283892,2.3921747825048363,2.6314719024124527
tol_7p5km_int_15min,anucks,markov_order_1,15,linear,,7.5,2015.0,0.9054717643294756,0.8599507765633929,2.2313241905752808,2.423982325680761
tol_7p5km_int_15min,anucks,markov_order_1,15,nearest,,7.5,69.0,0.744425401220156,1.252944149595393,2.3921747825048363,2.6314719024124527
tol_7p5km_int_15min,anucks,markov_order_2,15,linear,,7.5,2015.0,0.898596313461097,0.9116888894761954,2.2313241905752808,2.423982325680761
tol_7p5km_int_15min,anucks,markov_order_2,15,nearest,,7.5,69.0,0.7429563736958308,1.2528138763284122,2.3921747825048363,2.6314719024124527
tol_7p5km_int_15min,anucks,vq_ctw,15,linear,256.0,7.5,2015.0,1.0,0.0,5.955115588737494,5.955115588737494
tol_7p5km_int_15min,anucks,vq_ctw,15,nearest,256.0,7.5,69.0,1.0,0.0,7.679839745943012,7.679839745943012
tol_7p5km_int_15min,anucks,vq_ctw,15,linear,512.0,7.5,2015.0,1.0,0.0,5.8553933920665,5.8553933920665
tol_7p5km_int_15min,anucks,vq_ctw,15,nearest,512.0,7.5,69.0,1.0,0.0,7.854435403100451,7.854435403100451
tol_7p5km_int_15min,anucks,vq_ctw,15,linear,1024.0,7.5,2015.0,1.0,0.0,5.86451394111771,5.86451394111771
tol_7p5km_int_15min,anucks,vq_ctw,15,nearest,1024.0,7.5,69.0,1.0,0.0,9.861850076429546,9.861850076429546
tol_7p5km_int_15min,anupwr,direct_ctw,15,linear,,7.5,2015.0,0.9182525899369288,0.7616129963559499,2.61460204583277,2.801067893259074
tol_7p5km_int_15min,anupwr,markov_order_1,15,linear,,7.5,2015.0,0.8938063617089338,0.9472882391651314,2.61460204583277,2.801067893259074
tol_7p5km_int_15min,anupwr,markov_order_2,15,linear,,7.5,2015.0,0.8787145821835722,1.0572313616344746,2.61460204583277,2.801067893259074
tol_7p5km_int_15min,anupwr,vq_ctw,15,linear,256.0,7.5,2015.0,1.0,0.0,7.7390179040349025,7.7390179040349025
tol_7p5km_int_15min,anupwr,vq_ctw,15,linear,512.0,7.5,2015.0,1.0,0.0,7.831747378106391,7.831747378106391
tol_7p5km_int_15min,anupwr,vq_ctw,15,linear,1024.0,7.5,2015.0,1.0,0.0,7.826000755349018,7.826000755349018
tol_7p5km_int_15min,apigcy,direct_ctw,15,linear,,7.5,2015.0,0.9447644411693744,0.5291762795190253,2.1936156015343777,2.384917315815793
tol_7p5km_int_15min,apigcy,direct_ctw,15,nearest,,7.5,377.0,0.9312845851326532,0.4638022963254091,2.190457101322385,2.339452687167279
tol_7p5km_int_15min,apigcy,markov_order_1,15,linear,,7.5,2015.0,0.9304677572791238,0.6423046139611278,2.1936156015343777,2.384917315815793
tol_7p5km_int_15min,apigcy,markov_order_1,15,nearest,,7.5,377.0,0.9055948162354968,0.588165011138922,2.190457101322385,2.339452687167279
tol_7p5km_int_15min,apigcy,markov_order_2,15,linear,,7.5,2015.0,0.923485401987881,0.6958358762216663,2.1936156015343777,2.384917315815793
tol_7p5km_int_15min,apigcy,markov_order_2,15,nearest,,7.5,377.0,0.8938646235156179,0.640975853982536,2.190457101322385,2.339452687167279
tol_7p5km_int_15min,apigcy,vq_ctw,15,linear,256.0,7.5,2015.0,1.0,0.0,5.325981033201893,5.325981033201893
tol_7p5km_int_15min,apigcy,vq_ctw,15,nearest,256.0,7.5,377.0,1.0,0.0,5.882660533479928,5.882660533479928
tol_7p5km_int_15min,apigcy,vq_ctw,15,linear,512.0,7.5,2015.0,1.0,0.0,5.119350063750849,5.119350063750849
tol_7p5km_int_15min,apigcy,vq_ctw,15,nearest,512.0,7.5,377.0,1.0,0.0,5.801129781949448,5.801129781949448
tol_7p5km_int_15min,apigcy,vq_ctw,15,linear,1024.0,7.5,2015.0,1.0,0.0,5.105901604933699,5.105901604933699
tol_7p5km_int_15min,apigcy,vq_ctw,15,nearest,1024.0,7.5,377.0,1.0,0.0,6.412630583124567,6.412630583124567
tol_7p5km_int_15min,appsri,direct_ctw,15,linear,,7.5,2014.0,0.9585389782723648,0.4068081052259784,2.112069266989546,2.3249130320596594
tol_7p5km_int_15min,appsri,direct_ctw,15,nearest,,7.5,225.0,0.9773391464709528,0.3192079536632498,1.9877845577651008,2.1498389016450314
tol_7p5km_int_15min,appsri,markov_order_1,15,linear,,7.5,2014.0,0.9479735423365264,0.4930268115231625,2.112069266989546,2.3249130320596594
tol_7p5km_int_15min,appsri,markov_order_1,15,nearest,,7.5,225.0,0.9673169465940042,0.3873677328019992,1.9877845577651008,2.1498389016450314
tol_7p5km_int_15min,appsri,markov_order_2,15,linear,,7.5,2014.0,0.942717127675702,0.5346593732484054,2.112069266989546,2.3249130320596594
tol_7p5km_int_15min,appsri,markov_order_2,15,nearest,,7.5,225.0,0.9648904746758084,0.4092181622043018,1.9877845577651008,2.1498389016450314
tol_7p5km_int_15min,appsri,vq_ctw,15,linear,256.0,7.5,2014.0,1.0,0.0,4.764977551864712,4.764977551864712
tol_7p5km_int_15min,appsri,vq_ctw,15,nearest,256.0,7.5,225.0,1.0,0.0,5.609023172285683,5.609023172285683
tol_7p5km_int_15min,appsri,vq_ctw,15,linear,512.0,7.5,2014.0,1.0,0.0,4.4554269429157936,4.4554269429157936
tol_7p5km_int_15min,appsri,vq_ctw,15,nearest,512.0,7.5,225.0,1.0,0.0,5.258344390698639,5.258344390698639
tol_7p5km_int_15min,appsri,vq_ctw,15,linear,1024.0,7.5,2014.0,1.0,0.0,4.436293296882146,4.436293296882146
tol_7p5km_int_15min,appsri,vq_ctw,15,nearest,1024.0,7.5,225.0,1.0,0.0,6.098482609049837,6.098482609049837
tol_7p5km_int_15min,apssky,direct_ctw,15,linear,,7.5,2015.0,0.9375698413341867,0.5680361827435011,2.1761334999501845,2.3637068297949986
tol_7p5km_int_15min,apssky,direct_ctw,15,nearest,,7.5,326.0,0.9214042984916342,0.5380041804596594,2.157333250682513,2.3524464404613616
tol_7p5km_int_15min,apssky,markov_order_1,15,linear,,7.5,2015.0,0.9254303246553394,0.6586904958158689,2.1761334999501845,2.3637068297949986
tol_7p5km_int_15min,apssky,markov_order_1,15,nearest,,7.5,326.0,0.8779191587273594,0.7098100864646152,2.157333250682513,2.3524464404613616
tol_7p5km_int_15min,apssky,markov_order_2,15,linear,,7.5,2015.0,0.9225759819374352,0.6795397861970128,2.1761334999501845,2.3637068297949986
tol_7p5km_int_15min,apssky,markov_order_2,15,nearest,,7.5,326.0,0.8786783747453303,0.7014945426178553,2.157333250682513,2.3524464404613616
tol_7p5km_int_15min,apssky,vq_ctw,15,linear,256.0,7.5,2015.0,1.0,0.0,5.206893117779503,5.206893117779503
tol_7p5km_int_15min,apssky,vq_ctw,15,nearest,256.0,7.5,326.0,1.0,0.0,5.941257261143166,5.941257261143166
tol_7p5km_int_15min,apssky,vq_ctw,15,linear,512.0,7.5,2015.0,1.0,0.0,4.966132380189428,4.966132380189428
tol_7p5km_int_15min,apssky,vq_ctw,15,nearest,512.0,7.5,326.0,1.0,0.0,6.190080546859155,6.190080546859155
tol_7p5km_int_15min,apssky,vq_ctw,15,linear,1024.0,7.5,2015.0,1.0,0.0,4.938564614311909,4.938564614311909
tol_7p5km_int_15min,apssky,vq_ctw,15,nearest,1024.0,7.5,326.0,1.0,0.0,6.658220319949277,6.658220319949277
tol_7p5km_int_15min,aquawa,direct_ctw,15,linear,,7.5,2015.0,0.9554862184149884,0.4611242075713632,2.2323925518238865,2.422602102844908
tol_7p5km_int_15min,aquawa,direct_ctw,15,nearest,,7.5,320.0,0.9430862580183892,0.4318531527291472,2.151819568238212,2.319906847293377
tol_7p5km_int_15min,aquawa,markov_order_1,15,linear,,7.5,2015.0,0.938020656859441,0.6116452137371754,2.2323925518238865,2.422602102844908
tol_7p5km_int_15min,aquawa,markov_order_1,15,nearest,,7.5,320.0,0.9131515175904876,0.5733634778879323,2.151819568238212,2.319906847293377
tol_7p5km_int_15min,aquawa,markov_order_2,15,linear,,7.5,2015.0,0.92943746133738,0.6826882530914326,2.2323925518238865,2.422602102844908
tol_7p5km_int_15min,aquawa,markov_order_2,15,nearest,,7.5,320.0,0.9087733591517926,0.5959592946685958,2.151819568238212,2.319906847293377
tol_7p5km_int_15min,aquawa,vq_ctw,15,linear,256.0,7.5,2015.0,1.0,0.0,5.603172549691161,5.603172549691161
tol_7p5km_int_15min,aquawa,vq_ctw,15,nearest,256.0,7.5,320.0,1.0,0.0,6.611100234785641,6.611100234785641
tol_7p5km_int_15min,aquawa,vq_ctw,15,linear,512.0,7.5,2015.0,1.0,0.0,5.35535636132841,5.35535636132841
tol_7p5km_int_15min,aquawa,vq_ctw,15,nearest,512.0,7.5,320.0,1.0,0.0,6.397592242230974,6.397592242230974
tol_7p5km_int_15min,aquawa,vq_ctw,15,linear,1024.0,7.5,2015.0,1.0,0.0,5.337104479855823,5.337104479855823
tol_7p5km_int_15min,aquawa,vq_ctw,15,nearest,1024.0,7.5,320.0,1.0,0.0,6.694420790986408,6.694420790986408
tol_7p5km_int_15min,arcksy,direct_ctw,15,linear,,7.5,2015.0,0.944922568421154,0.5172852940254288,2.125743528959489,2.315096566192397
tol_7p5km_int_15min,arcksy,direct_ctw,15,nearest,,7.5,355.0,0.9689306918408146,0.2984073464866413,2.2152537852727034,2.379804193494444
tol_7p5km_int_15min,arcksy,markov_order_1,15,linear,,7.5,2015.0,0.9307413455090252,0.6268432641495729,2.125743528959489,2.315096566192397
tol_7p5km_int_15min,arcksy,markov_order_1,15,nearest,,7.5,355.0,0.9551675220428948,0.3723548289999225,2.2152537852727034,2.379804193494444
tol_7p5km_int_15min,arcksy,markov_order_2,15,linear,,7.5,2015.0,0.9262177406336038,0.6607976065476177,2.125743528959489,2.315096566192397
tol_7p5km_int_15min,arcksy,markov_order_2,15,nearest,,7.5,355.0,0.9548271072643691,0.3779498002709979,2.2152537852727034,2.379804193494444
tol_7p5km_int_15min,arcksy,vq_ctw,15,linear,256.0,7.5,2015.0,1.0,0.0,5.529182586512852,5.529182586512852
tol_7p5km_int_15min,arcksy,vq_ctw,15,nearest,256.0,7.5,355.0,1.0,0.0,6.302827907610825,6.302827907610825
tol_7p5km_int_15min,arcksy,vq_ctw,15,linear,512.0,7.5,2015.0,1.0,0.0,5.263425577095044,5.263425577095044
tol_7p5km_int_15min,arcksy,vq_ctw,15,nearest,512.0,7.5,355.0,1.0,0.0,6.066404345607253,6.066404345607253
tol_7p5km_int_15min,arcksy,vq_ctw,15,linear,1024.0,7.5,2015.0,1.0,0.0,5.246186381279907,5.246186381279907
tol_7p5km_int_15min,arcksy,vq_ctw,15,nearest,1024.0,7.5,355.0,1.0,0.0,6.87559363330258,6.87559363330258
tol_7p5km_int_15min,arcuim,direct_ctw,15,linear,,7.5,2013.0,0.9392812509604792,0.6122606400656941,2.305683372153896,2.521424390893347
tol_7p5km_int_15min,arcuim,markov_order_1,15,linear,,7.5,2013.0,0.917652157541926,0.7928099457397845,2.305683372153896,2.521424390893347
tol_7p5km_int_15min,arcuim,markov_order_2,15,linear,,7.5,2013.0,0.9097567211129888,0.856358138738809,2.305683372153896,2.521424390893347
tol_7p5km_int_15min,arcuim,vq_ctw,15,linear,256.0,7.5,2013.0,1.0,0.0,6.293067841368297,6.293067841368297
tol_7p5km_int_15min,arcuim,vq_ctw,15,linear,512.0,7.5,2013.0,1.0,0.0,6.215891511783528,6.215891511783528
tol_7p5km_int_15min,arcuim,vq_ctw,15,linear,1024.0,7.5,2013.0,1.0,0.0,6.221801804514831,6.221801804514831
tol_7p5km_int_15min,arcurb,direct_ctw,15,linear,,7.5,2015.0,0.9349111740294064,0.5951391214710908,2.224128790988004,2.429605817915842
tol_7p5km_int_15min,arcurb,direct_ctw,15,nearest,,7.5,141.0,0.9790419024318304,0.2543766834025287,2.201580008438366,2.356151962102653
tol_7p5km_int_15min,arcurb,markov_order_1,15,linear,,7.5,2015.0,0.9199443504031264,0.7071755161236267,2.224128790988004,2.429605817915842
tol_7p5km_int_15min,arcurb,markov_order_1,15,nearest,,7.5,141.0,0.9657864726507556,0.3518671700489704,2.201580008438366,2.356151962102653
tol_7p5km_int_15min,arcurb,markov_order_2,15,linear,,7.5,2015.0,0.9119749283991896,0.7649858713433384,2.224128790988004,2.429605817915842
tol_7p5km_int_15min,arcurb,markov_order_2,15,nearest,,7.5,141.0,0.962329695425286,0.3655093247668642,2.201580008438366,2.356151962102653
tol_7p5km_int_15min,arcurb,vq_ctw,15,linear,256.0,7.5,2015.0,1.0,0.0,5.395917643866599,5.395917643866599
tol_7p5km_int_15min,arcurb,vq_ctw,15,nearest,256.0,7.5,141.0,1.0,0.0,5.981310885137852,5.981310885137852
tol_7p5km_int_15min,arcurb,vq_ctw,15,linear,512.0,7.5,2015.0,1.0,0.0,5.162933237679659,5.162933237679659
tol_7p5km_int_15min,arcurb,vq_ctw,15,nearest,512.0,7.5,141.0,1.0,0.0,5.50527123553381,5.50527123553381
tol_7p5km_int_15min,arcurb,vq_ctw,15,linear,1024.0,7.5,2015.0,1.0,0.0,5.140298096718194,5.140298096718194
tol_7p5km_int_15min,arcurb,vq_ctw,15,nearest,1024.0,7.5,141.0,1.0,0.0,5.55990240806068,5.55990240806068
tol_7p5km_int_15min,arhilb,direct_ctw,15,linear,,7.5,2015.0,0.9315992697657302,0.6649553265863678,2.2309307779118592,2.421308242358857
tol_7p5km_int_15min,arhilb,direct_ctw,15,nearest,,7.5,175.0,0.9355390046449528,0.4201371582247243,2.3457864544219067,2.499512242758186
tol_7p5km_int_15min,arhilb,markov_order_1,15,linear,,7.5,2015.0,0.9110371505513252,0.8297221802292333,2.2309307779118592,2.421308242358857
tol_7p5km_int_15min,arhilb,markov_order_1,15,nearest,,7.5,175.0,0.9154195492577758,0.5085354076399653,2.3457864544219067,2.499512242758186
tol_7p5km_int_15min,arhilb,markov_order_2,15,linear,,7.5,2015.0,0.9002052801071112,0.9133722622938242,2.2309307779118592,2.421308242358857
tol_7p5km_int_15min,arhilb,markov_order_2,15,nearest,,7.5,175.0,0.9179371824474176,0.499634116635636,2.3457864544219067,2.499512242758186
tol_7p5km_int_15min,arhilb,vq_ctw,15,linear,256.0,7.5,2015.0,1.0,0.0,6.230885124045721,6.230885124045721
tol_7p5km_int_15min,arhilb,vq_ctw,15,nearest,256.0,7.5,175.0,1.0,0.0,6.367581221398068,6.367581221398068
tol_7p5km_int_15min,arhilb,vq_ctw,15,linear,512.0,7.5,2015.0,1.0,0.0,6.079333197535366,6.079333197535366
tol_7p5km_int_15min,arhilb,vq_ctw,15,nearest,512.0,7.5,175.0,1.0,0.0,6.269658393076419,6.269658393076419
tol_7p5km_int_15min,arhilb,vq_ctw,15,linear,1024.0,7.5,2015.0,1.0,0.0,6.0831858691105065,6.0831858691105065
tol_7p5km_int_15min,arhilb,vq_ctw,15,nearest,1024.0,7.5,175.0,1.0,0.0,7.063068846171257,7.063068846171257
tol_7p5km_int_15min,arlwra,direct_ctw,15,linear,,7.5,2014.0,0.9183099654902254,0.8049549512617197,2.352203059787325,2.554429857172732
tol_7p5km_int_15min,arlwra,direct_ctw,15,nearest,,7.5,136.0,0.957380298555852,0.3757479020995303,2.2965870434363733,2.4560465678657417
tol_7p5km_int_15min,arlwra,markov_order_1,15,linear,,7.5,2014.0,0.8841703076606384,1.0799518785275644,2.352203059787325,2.554429857172732
tol_7p5km_int_15min,arlwra,markov_order_1,15,nearest,,7.5,136.0,0.946940029926538,0.4409338452665844,2.2965870434363733,2.4560465678657417
tol_7p5km_int_15min,arlwra,markov_order_2,15,linear,,7.5,2014.0,0.8668041032789855,1.213201384290031,2.352203059787325,2.554429857172732
tol_7p5km_int_15min,arlwra,markov_order_2,15,nearest,,7.5,136.0,0.9429159668414736,0.4465796717857526,2.2965870434363733,2.4560465678657417
tol_7p5km_int_15min,arlwra,vq_ctw,15,linear,256.0,7.5,2014.0,1.0,0.0,8.062385499126387,8.062385499126387
tol_7p5km_int_15min,arlwra,vq_ctw,15,nearest,256.0,7.5,136.0,1.0,0.0,6.895175444299453,6.895175444299453
tol_7p5km_int_15min,arlwra,vq_ctw,15,linear,512.0,7.5,2014.0,1.0,0.0,7.987102244328198,7.987102244328198
tol_7p5km_int_15min,arlwra,vq_ctw,15,nearest,512.0,7.5,136.0,1.0,0.0,6.534642665648806,6.534642665648806
tol_7p5km_int_15min,arlwra,vq_ctw,15,linear,1024.0,7.5,2014.0,1.0,0.0,7.999786076069686,7.999786076069686
tol_7p5km_int_15min,arlwra,vq_ctw,15,nearest,1024.0,7.5,136.0,1.0,0.0,6.867917619073428,6.867917619073428
tol_7p5km_int_15min,arphau,direct_ctw,15,linear,,7.5,2015.0,0.944877788801952,0.5117459817918135,2.209103780400892,2.415063889434021
tol_7p5km_int_15min,arphau,direct_ctw,15,nearest,,7.5,150.0,0.9194416291574552,0.5075344564940026,2.1308897208156568,2.32153764493742
tol_7p5km_int_15min,arphau,markov_order_1,15,linear,,7.5,2015.0,0.933056707289368,0.6021312817779116,2.209103780400892,2.415063889434021
tol_7p5km_int_15min,arphau,markov_order_1,15,nearest,,7.5,150.0,0.8665390794746001,0.7292496801621318,2.1308897208156568,2.32153764493742
tol_7p5km_int_15min,arphau,markov_order_2,15,linear,,7.5,2015.0,0.9277727378058074,0.6414535494508943,2.209103780400892,2.415063889434021
tol_7p5km_int_15min,arphau,markov_order_2,15,nearest,,7.5,150.0,0.8532612981516012,0.7699249268589979,2.1308897208156568,2.32153764493742
tol_7p5km_int_15min,arphau,vq_ctw,15,linear,256.0,7.5,2015.0,1.0,0.0,4.864944571887943,4.864944571887943
tol_7p5km_int_15min,arphau,vq_ctw,15,nearest,256.0,7.5,150.0,1.0,0.0,6.766165398706598,6.766165398706598
tol_7p5km_int_15min,arphau,vq_ctw,15,linear,512.0,7.5,2015.0,1.0,0.0,4.541266157560956,4.541266157560956
tol_7p5km_int_15min,arphau,vq_ctw,15,nearest,512.0,7.5,150.0,1.0,0.0,6.691810379645136,6.691810379645136
tol_7p5km_int_15min,arphau,vq_ctw,15,linear,1024.0,7.5,2015.0,1.0,0.0,4.502767294787134,4.502767294787134
tol_7p5km_int_15min,arphau,vq_ctw,15,nearest,1024.0,7.5,150.0,1.0,0.0,6.222015450404332,6.222015450404332
tol_7p5km_int_15min,artgag,direct_ctw,15,linear,,7.5,1800.0,0.9289261231597782,0.6868675240035571,2.2206845433405893,2.421143492572124
tol_7p5km_int_15min,artgag,direct_ctw,15,nearest,,7.5,663.0,0.9373806676478548,0.4873280067859156,2.3515429937332097,2.50933163649235
tol_7p5km_int_15min,artgag,markov_order_1,15,linear,,7.5,1800.0,0.9048116665208998,0.8780405598437562,2.2206845433405893,2.421143492572124
tol_7p5km_int_15min,artgag,markov_order_1,15,nearest,,7.5,663.0,0.9054633165765256,0.6414981920787378,2.3515429937332097,2.50933163649235
tol_7p5km_int_15min,artgag,markov_order_2,15,linear,,7.5,1800.0,0.8929491225272941,0.9683419898273168,2.2206845433405893,2.421143492572124
tol_7p5km_int_15min,artgag,markov_order_2,15,nearest,,7.5,663.0,0.8940221486307689,0.6928389738947842,2.3515429937332097,2.50933163649235
tol_7p5km_int_15min,artgag,vq_ctw,15,linear,256.0,7.5,1800.0,1.0,0.0,6.601619607351113,6.601619607351113
tol_7p5km_int_15min,artgag,vq_ctw,15,nearest,256.0,7.5,663.0,1.0,0.0,6.65806602959568,6.65806602959568
tol_7p5km_int_15min,artgag,vq_ctw,15,linear,512.0,7.5,1800.0,1.0,0.0,6.436804733878098,6.436804733878098
tol_7p5km_int_15min,artgag,vq_ctw,15,nearest,512.0,7.5,663.0,1.0,0.0,6.497895725183429,6.497895725183429
tol_7p5km_int_15min,artgag,vq_ctw,15,linear,1024.0,7.5,1800.0,1.0,0.0,6.423466738089401,6.423466738089401
tol_7p5km_int_15min,artgag,vq_ctw,15,nearest,1024.0,7.5,663.0,1.0,0.0,7.046219361102389,7.046219361102389
tol_7p5km_int_15min,ascley,direct_ctw,15,linear,,7.5,1990.0,0.9396846451700486,0.5752322617816096,2.190306720341572,2.3773796306946715
tol_7p5km_int_15min,ascley,direct_ctw,15,nearest,,7.5,220.0,0.9499078719128488,0.3440388849860101,2.1578100147770907,2.325841303420231
tol_7p5km_int_15min,ascley,markov_order_1,15,linear,,7.5,1990.0,0.9214123378906818,0.7184072230019982,2.190306720341572,2.3773796306946715
tol_7p5km_int_15min,ascley,markov_order_1,15,nearest,,7.5,220.0,0.926768010272348,0.4493148874831025,2.1578100147770907,2.325841303420231
tol_7p5km_int_15min,ascley,markov_order_2,15,linear,,7.5,1990.0,0.9139792782944728,0.7746526473863531,2.190306720341572,2.3773796306946715
tol_7p5km_int_15min,ascley,markov_order_2,15,nearest,,7.5,220.0,0.919757243916004,0.4817840435288584,2.1578100147770907,2.325841303420231
tol_7p5km_int_15min,ascley,vq_ctw,15,linear,256.0,7.5,1990.0,1.0,0.0,5.484397029560762,5.484397029560762
tol_7p5km_int_15min,ascley,vq_ctw,15,nearest,256.0,7.5,220.0,1.0,0.0,6.002277477592903,6.002277477592903
tol_7p5km_int_15min,ascley,vq_ctw,15,linear,512.0,7.5,1990.0,1.0,0.0,5.199124937980926,5.199124937980926
tol_7p5km_int_15min,ascley,vq_ctw,15,nearest,512.0,7.5,220.0,1.0,0.0,5.628858724686973,5.628858724686973
tol_7p5km_int_15min,ascley,vq_ctw,15,linear,1024.0,7.5,1990.0,1.0,0.0,5.172728591963878,5.172728591963878
tol_7p5km_int_15min,ascley,vq_ctw,15,nearest,1024.0,7.5,220.0,1.0,0.0,6.218141452229691,6.218141452229691
tol_7p5km_int_15min,ashgat,direct_ctw,15,linear,,7.5,961.0,0.9390294146424226,0.5694911986686225,2.1375541564351144,2.3543232504376905
tol_7p5km_int_15min,ashgat,direct_ctw,15,nearest,,7.5,169.0,0.9290539241920868,0.4653189740009331,2.227393379407513,2.4132532039379493
tol_7p5km_int_15min,ashgat,markov_order_1,15,linear,,7.5,961.0,0.9161392626693532,0.7432734727870358,2.1375541564351144,2.3543232504376905
tol_7p5km_int_15min,ashgat,markov_order_1,15,nearest,,7.5,169.0,0.9001389353983095,0.6134901803608127,2.227393379407513,2.4132532039379493
tol_7p5km_int_15min,ashgat,markov_order_2,15,linear,,7.5,961.0,0.9031917274979728,0.8370149517962979,2.1375541564351144,2.3543232504376905
tol_7p5km_int_15min,ashgat,markov_order_2,15,nearest,,7.5,169.0,0.8881340254154865,0.6220938769670895,2.227393379407513,2.4132532039379493
tol_7p5km_int_15min,ashgat,vq_ctw,15,linear,256.0,7.5,961.0,1.0,0.0,5.744558350939968,5.744558350939968
tol_7p5km_int_15min,ashgat,vq_ctw,15,nearest,256.0,7.5,169.0,1.0,0.0,6.663341602982057,6.663341602982057
tol_7p5km_int_15min,ashgat,vq_ctw,15,linear,512.0,7.5,961.0,1.0,0.0,5.497104977410158,5.497104977410158
tol_7p5km_int_15min,ashgat,vq_ctw,15,nearest,512.0,7.5,169.0,1.0,0.0,6.627768442723133,6.627768442723133
tol_7p5km_int_15min,ashgat,vq_ctw,15,linear,1024.0,7.5,961.0,1.0,0.0,5.490279190385396,5.490279190385396
tol_7p5km_int_15min,ashgat,vq_ctw,15,nearest,1024.0,7.5,169.0,1.0,0.0,7.024140449812154,7.024140449812154
tol_7p5km_int_15min,asigno,direct_ctw,15,linear,,7.5,2015.0,0.925163938604842,0.7174433689806631,2.221585687718678,2.4234698359725204
tol_7p5km_int_15min,asigno,direct_ctw,15,nearest,,7.5,139.0,0.9166082844250352,0.5146143273780323,2.2182997563945808,2.3831155877988235
tol_7p5km_int_15min,asigno,markov_order_1,15,linear,,7.5,2015.0,0.9020047826044136,0.8996111472802358,2.221585687718678,2.4234698359725204
tol_7p5km_int_15min,asigno,markov_order_1,15,nearest,,7.5,139.0,0.8691539911761057,0.7208408357589872,2.2182997563945808,2.3831155877988235
tol_7p5km_int_15min,asigno,markov_order_2,15,linear,,7.5,2015.0,0.8897698249922023,0.9921737730741348,2.221585687718678,2.4234698359725204
tol_7p5km_int_15min,asigno,markov_order_2,15,nearest,,7.5,139.0,0.8486921812910682,0.8012855386677841,2.2182997563945808,2.3831155877988235
tol_7p5km_int_15min,asigno,vq_ctw,15,linear,256.0,7.5,2015.0,1.0,0.0,5.949734330457092,5.949734330457092
tol_7p5km_int_15min,asigno,vq_ctw,15,nearest,256.0,7.5,139.0,1.0,0.0,6.819384805663425,6.819384805663425
tol_7p5km_int_15min,asigno,vq_ctw,15,linear,512.0,7.5,2015.0,1.0,0.0,5.737376890336893,5.737376890336893
tol_7p5km_int_15min,asigno,vq_ctw,15,nearest,512.0,7.5,139.0,1.0,0.0,6.9742609646020695,6.9742609646020695
tol_7p5km_int_15min,asigno,vq_ctw,15,linear,1024.0,7.5,2015.0,1.0,0.0,5.714955013962488,5.714955013962488
tol_7p5km_int_15min,asigno,vq_ctw,15,nearest,1024.0,7.5,139.0,1.0,0.0,6.976615889141441,6.976615889141441
tol_7p5km_int_15min,askmec,direct_ctw,15,linear,,7.5,2015.0,0.9000407558625014,0.9210382210919266,2.3224976726239928,2.544864822274532
tol_7p5km_int_15min,askmec,direct_ctw,15,nearest,,7.5,170.0,0.933053849477256,0.4535813560102139,2.0883420638785,2.246295089149086
tol_7p5km_int_15min,askmec,markov_order_1,15,linear,,7.5,2015.0,0.8676875798548203,1.1622695018389326,2.3224976726239928,2.544864822274532
tol_7p5km_int_15min,askmec,markov_order_1,15,nearest,,7.5,170.0,0.9106613194866464,0.5664122184899355,2.0883420638785,2.246295089149086
tol_7p5km_int_15min,askmec,markov_order_2,15,linear,,7.5,2015.0,0.8569687498377017,1.2391333827185225,2.3224976726239928,2.544864822274532
tol_7p5km_int_15min,askmec,markov_order_2,15,nearest,,7.5,170.0,0.9031882672723508,0.6020454495006976,2.0883420638785,2.246295089149086
tol_7p5km_int_15min,askmec,vq_ctw,15,linear,256.0,7.5,2015.0,1.0,0.0,7.610975813842645,7.610975813842645
tol_7p5km_int_15min,askmec,vq_ctw,15,nearest,256.0,7.5,170.0,1.0,0.0,6.366619658711855,6.366619658711855
tol_7p5km_int_15min,askmec,vq_ctw,15,linear,512.0,7.5,2015.0,1.0,0.0,7.7175863678464305,7.7175863678464305
tol_7p5km_int_15min,askmec,vq_ctw,15,nearest,512.0,7.5,170.0,1.0,0.0,6.457378968293701,6.457378968293701
tol_7p5km_int_15min,askmec,vq_ctw,15,linear,1024.0,7.5,2015.0,1.0,0.0,7.732269308729469,7.732269308729469
tol_7p5km_int_15min,askmec,vq_ctw,15,nearest,1024.0,7.5,170.0,1.0,0.0,6.966201044830967,6.966201044830967
tol_7p5km_int_15min,aslagn,direct_ctw,15,linear,,7.5,2008.0,0.9016876478118472,0.888521850580944,2.429302525296196,2.6183019585405627
tol_7p5km_int_15min,aslagn,direct_ctw,15,nearest,,7.5,34.0,0.8755809144342257,0.6663504671077471,2.553579149650521,2.6713585349500377
tol_7p5km_int_15min,aslagn,markov_order_1,15,linear,,7.5,2008.0,0.871625717874106,1.1077871473180636,2.429302525296196,2.6183019585405627
tol_7p5km_int_15min,aslagn,markov_order_1,15,nearest,,7.5,34.0,0.8056512755568546,0.9048292501697224,2.553579149650521,2.6713585349500377
tol_7p5km_int_15min,aslagn,markov_order_2,15,linear,,7.5,2008.0,0.868969376634767,1.1265628464766029,2.429302525296196,2.6183019585405627
tol_7p5km_int_15min,aslagn,markov_order_2,15,nearest,,7.5,34.0,0.8516777949982739,0.7539478517894643,2.553579149650521,2.6713585349500377
tol_7p5km_int_15min,aslagn,vq_ctw,15,linear,256.0,7.5,2008.0,1.0,0.0,7.099942667823668,7.099942667823668
tol_7p5km_int_15min,aslagn,vq_ctw,15,nearest,256.0,7.5,34.0,1.0,0.0,4.788893038565841,4.788893038565841
tol_7p5km_int_15min,aslagn,vq_ctw,15,linear,512.0,7.5,2008.0,1.0,0.0,7.235453317250808,7.235453317250808
tol_7p5km_int_15min,aslagn,vq_ctw,15,nearest,512.0,7.5,34.0,1.0,0.0,5.405396388584426,5.405396388584426
tol_7p5km_int_15min,aslagn,vq_ctw,15,linear,1024.0,7.5,2008.0,1.0,0.0,7.255985469415576,7.255985469415576
tol_7p5km_int_15min,aslagn,vq_ctw,15,nearest,1024.0,7.5,34.0,1.0,0.0,6.408976928163481,6.408976928163481
tol_7p5km_int_15min,aswift,direct_ctw,15,linear,,7.5,2015.0,0.9464066305945548,0.550349437015517,1.9048680090966712,2.1168647241580656
tol_7p5km_int_15min,aswift,direct_ctw,15,nearest,,7.5,94.0,0.9999999999980906,0.2206545865791978,1.859176299918841,2.00033078239077
tol_7p5km_int_15min,aswift,markov_order_1,15,linear,,7.5,2015.0,0.9229905277307532,0.7491741264009383,1.9048680090966712,2.1168647241580656
tol_7p5km_int_15min,aswift,markov_order_1,15,nearest,,7.5,94.0,0.9999999999980906,0.259706362627829,1.859176299918841,2.00033078239077
tol_7p5km_int_15min,aswift,markov_order_2,15,linear,,7.5,2015.0,0.9124361541463196,0.8349194566775128,1.9048680090966712,2.1168647241580656
tol_7p5km_int_15min,aswift,markov_order_2,15,nearest,,7.5,94.0,0.9999999999980906,0.252129347177644,1.859176299918841,2.00033078239077
tol_7p5km_int_15min,aswift,vq_ctw,15,linear,256.0,7.5,2015.0,1.0,0.0,6.84221121502321,6.84221121502321
tol_7p5km_int_15min,aswift,vq_ctw,15,nearest,256.0,7.5,94.0,1.0,0.0,5.859223344567859,5.859223344567859
tol_7p5km_int_15min,aswift,vq_ctw,15,linear,512.0,7.5,2015.0,1.0,0.0,6.631701588691721,6.631701588691721
tol_7p5km_int_15min,aswift,vq_ctw,15,nearest,512.0,7.5,94.0,1.0,0.0,5.17642648591838,5.17642648591838
tol_7p5km_int_15min,aswift,vq_ctw,15,linear,1024.0,7.5,2015.0,1.0,0.0,6.626768353014313,6.626768353014313
tol_7p5km_int_15min,aswift,vq_ctw,15,nearest,1024.0,7.5,94.0,1.0,0.0,5.77860178726462,5.77860178726462
tol_7p5km_int_15min,atcila,direct_ctw,15,linear,,7.5,2015.0,0.936556982981565,0.627951852247263,2.2494079282368284,2.4373894727253003
tol_7p5km_int_15min,atcila,direct_ctw,15,nearest,,7.5,235.0,0.9354660284926836,0.4817197973420298,2.2374821407019145,2.402961704107276
tol_7p5km_int_15min,atcila,markov_order_1,15,linear,,7.5,2015.0,0.9149252817433876,0.8046533553772569,2.2494079282368284,2.4373894727253003
tol_7p5km_int_15min,atcila,markov_order_1,15,nearest,,7.5,235.0,0.9032805160118076,0.6351375612547491,2.2374821407019145,2.402961704107276
tol_7p5km_int_15min,atcila,markov_order_2,15,linear,,7.5,2015.0,0.9064823117651996,0.8711367261936717,2.2494079282368284,2.4373894727253003
tol_7p5km_int_15min,atcila,markov_order_2,15,nearest,,7.5,235.0,0.8977007614873902,0.6522267661155137,2.2374821407019145,2.402961704107276
tol_7p5km_int_15min,atcila,vq_ctw,15,linear,256.0,7.5,2015.0,1.0,0.0,6.9267036697248665,6.9267036697248665
tol_7p5km_int_15min,atcila,vq_ctw,15,nearest,256.0,7.5,235.0,1.0,0.0,6.068307391823044,6.068307391823044
tol_7p5km_int_15min,atcila,vq_ctw,15,linear,512.0,7.5,2015.0,1.0,0.0,6.833284571714024,6.833284571714024
tol_7p5km_int_15min,atcila,vq_ctw,15,nearest,512.0,7.5,235.0,1.0,0.0,6.281811676749264,6.281811676749264
tol_7p5km_int_15min,atcila,vq_ctw,15,linear,1024.0,7.5,2015.0,1.0,0.0,6.832965749840389,6.832965749840389
tol_7p5km_int_15min,atcila,vq_ctw,15,nearest,1024.0,7.5,235.0,1.0,0.0,7.243449131340466,7.243449131340466
tol_7p5km_int_15min,atfrav,direct_ctw,15,linear,,7.5,1505.0,0.966997413924194,0.3234032693636693,2.2716953452451967,2.4685564409119185
tol_7p5km_int_15min,atfrav,direct_ctw,15,nearest,,7.5,101.0,0.9740012268028018,0.3476324963946821,2.118760594024226,2.299275954660517
tol_7p5km_int_15min,atfrav,markov_order_1,15,linear,,7.5,1505.0,0.957123419967497,0.4036578035983356,2.2716953452451967,2.4685564409119185
tol_7p5km_int_15min,atfrav,markov_order_1,15,nearest,,7.5,101.0,0.9471518258303598,0.501359537361673,2.118760594024226,2.299275954660517
tol_7p5km_int_15min,atfrav,markov_order_2,15,linear,,7.5,1505.0,0.9535084418885188,0.4321364918842552,2.2716953452451967,2.4685564409119185
tol_7p5km_int_15min,atfrav,markov_order_2,15,nearest,,7.5,101.0,0.9404486425149556,0.4800240343419549,2.118760594024226,2.299275954660517
tol_7p5km_int_15min,atfrav,vq_ctw,15,linear,256.0,7.5,1505.0,1.0,0.0,4.518054460414692,4.518054460414692
tol_7p5km_int_15min,atfrav,vq_ctw,15,nearest,256.0,7.5,101.0,1.0,0.0,7.189622387049181,7.189622387049181
tol_7p5km_int_15min,atfrav,vq_ctw,15,linear,512.0,7.5,1505.0,1.0,0.0,4.239918089482554,4.239918089482554
tol_7p5km_int_15min,atfrav,vq_ctw,15,nearest,512.0,7.5,101.0,1.0,0.0,6.988648268464598,6.988648268464598
tol_7p5km_int_15min,atfrav,vq_ctw,15,linear,1024.0,7.5,1505.0,1.0,0.0,4.219732876476957,4.219732876476957
tol_7p5km_int_15min,atfrav,vq_ctw,15,nearest,1024.0,7.5,101.0,1.0,0.0,7.835893898752272,7.835893898752272
tol_7p5km_int_15min,atfrim,direct_ctw,15,linear,,7.5,2013.0,0.8976952715885322,0.9513475697018235,2.3465786676342986,2.558484131131763
tol_7p5km_int_15min,atfrim,direct_ctw,15,nearest,,7.5,112.0,0.9065668116501054,0.5541350807434325,2.374908490814499,2.5780874413176336
tol_7p5km_int_15min,atfrim,markov_order_1,15,linear,,7.5,2013.0,0.8578349462179296,1.250074993716222,2.3465786676342986,2.558484131131763
tol_7p5km_int_15min,atfrim,markov_order_1,15,nearest,,7.5,112.0,0.8654009873480878,0.7169418721508924,2.374908490814499,2.5780874413176336
tol_7p5km_int_15min,atfrim,markov_order_2,15,linear,,7.5,2013.0,0.8457817047012572,1.3364642695280775,2.3465786676342986,2.558484131131763
tol_7p5km_int_15min,atfrim,markov_order_2,15,nearest,,7.5,112.0,0.8635354854315669,0.7346208782978806,2.374908490814499,2.5780874413176336
tol_7p5km_int_15min,atfrim,vq_ctw,15,linear,256.0,7.5,2013.0,1.0,0.0,9.12665448801228,9.12665448801228
tol_7p5km_int_15min,atfrim,vq_ctw,15,nearest,256.0,7.5,112.0,1.0,0.0,7.545452869713563,7.545452869713563
tol_7p5km_int_15min,atfrim,vq_ctw,15,linear,512.0,7.5,2013.0,1.0,0.0,9.254987905464532,9.254987905464532
tol_7p5km_int_15min,atfrim,vq_ctw,15,nearest,512.0,7.5,112.0,1.0,0.0,8.347407501278637,8.347407501278637
tol_7p5km_int_15min,atfrim,vq_ctw,15,linear,1024.0,7.5,2013.0,1.0,0.0,9.112241971061032,9.112241971061032
tol_7p5km_int_15min,atfrim,vq_ctw,15,nearest,1024.0,7.5,112.0,1.0,0.0,9.044781750446903,9.044781750446903
tol_7p5km_int_15min,atidfi,direct_ctw,15,linear,,7.5,2015.0,0.9335603819336452,0.6347249638100905,2.1420104394172808,2.353336889587724
tol_7p5km_int_15min,atidfi,direct_ctw,15,nearest,,7.5,254.0,0.9360324987625214,0.4444458529668271,2.109005745514727,2.28436933078564
tol_7p5km_int_15min,atidfi,markov_order_1,15,linear,,7.5,2015.0,0.912980870473886,0.7960919613946004,2.1420104394172808,2.353336889587724
tol_7p5km_int_15min,atidfi,markov_order_1,15,nearest,,7.5,254.0,0.9088459230465518,0.5721025378348364,2.109005745514727,2.28436933078564
tol_7p5km_int_15min,atidfi,markov_order_2,15,linear,,7.5,2015.0,0.904846674834616,0.857645379923118,2.1420104394172808,2.353336889587724
tol_7p5km_int_15min,atidfi,markov_order_2,15,nearest,,7.5,254.0,0.9005762855406264,0.59936715571684,2.109005745514727,2.28436933078564
tol_7p5km_int_15min,atidfi,vq_ctw,15,linear,256.0,7.5,2015.0,1.0,0.0,5.908276265850219,5.908276265850219
tol_7p5km_int_15min,atidfi,vq_ctw,15,nearest,256.0,7.5,254.0,1.0,0.0,6.042246067161782,6.042246067161782
tol_7p5km_int_15min,atidfi,vq_ctw,15,linear,512.0,7.5,2015.0,1.0,0.0,5.709928608713611,5.709928608713611
tol_7p5km_int_15min,atidfi,vq_ctw,15,nearest,512.0,7.5,254.0,1.0,0.0,6.131508369997154,6.131508369997154
tol_7p5km_int_15min,atidfi,vq_ctw,15,linear,1024.0,7.5,2015.0,1.0,0.0,5.690434327720215,5.690434327720215
tol_7p5km_int_15min,atidfi,vq_ctw,15,nearest,1024.0,7.5,254.0,1.0,0.0,6.587584113021247,6.587584113021247
tol_7p5km_int_15min,atnokv,direct_ctw,15,linear,,7.5,2012.0,0.8740051099440985,1.1454424676227468,2.538839129411335,2.748006039706827
tol_7p5km_int_15min,atnokv,markov_order_1,15,linear,,7.5,2012.0,0.8222429035807103,1.5203607397818997,2.538839129411335,2.748006039706827
tol_7p5km_int_15min,atnokv,markov_order_2,15,linear,,7.5,2012.0,0.8015559923072368,1.66238410552824,2.538839129411335,2.748006039706827
tol_7p5km_int_15min,atnokv,vq_ctw,15,linear,256.0,7.5,2012.0,1.0,0.0,13.684654584573575,13.684654584573575
tol_7p5km_int_15min,atnokv,vq_ctw,15,linear,512.0,7.5,2012.0,1.0,0.0,13.936330002057176,13.936330002057176
tol_7p5km_int_15min,atnokv,vq_ctw,15,linear,1024.0,7.5,2012.0,1.0,0.0,13.503194837118125,13.503194837118125
tol_7p5km_int_15min,atsfiv,direct_ctw,15,linear,,7.5,333.0,0.9006858287021885,0.8640744755516503,2.387495599202429,2.597921891621961
tol_7p5km_int_15min,atsfiv,markov_order_1,15,linear,,7.5,333.0,0.8356522000388048,1.302001348077426,2.387495599202429,2.597921891621961
tol_7p5km_int_15min,atsfiv,markov_order_2,15,linear,,7.5,333.0,0.8102570196491048,1.4599054064547754,2.387495599202429,2.597921891621961
tol_7p5km_int_15min,atsfiv,vq_ctw,15,linear,256.0,7.5,333.0,1.0,0.0,9.858461316509477,9.858461316509477
tol_7p5km_int_15min,atsfiv,vq_ctw,15,linear,512.0,7.5,333.0,1.0,0.0,10.063830743782509,10.063830743782509
tol_7p5km_int_15min,atsfiv,vq_ctw,15,linear,1024.0,7.5,333.0,1.0,0.0,10.091507181240368,10.091507181240368
tol_7p5km_int_15min,atzumb,direct_ctw,15,linear,,7.5,2015.0,0.94869107489559,0.4923897269622035,2.0581350048164984,2.265824483167314
tol_7p5km_int_15min,atzumb,direct_ctw,15,nearest,,7.5,201.0,0.937390284224436,0.4133715179150285,2.221889892752455,2.3966001420174328
tol_7p5km_int_15min,atzumb,markov_order_1,15,linear,,7.5,2015.0,0.9360073677953926,0.5931066034450124,2.0581350048164984,2.265824483167314
tol_7p5km_int_15min,atzumb,markov_order_1,15,nearest,,7.5,201.0,0.9012093259362938,0.5665043413635952,2.221889892752455,2.3966001420174328
tol_7p5km_int_15min,atzumb,markov_order_2,15,linear,,7.5,2015.0,0.929496444106058,0.6432496987364213,2.0581350048164984,2.265824483167314
tol_7p5km_int_15min,atzumb,markov_order_2,15,nearest,,7.5,201.0,0.8898263186893804,0.6146784211819917,2.221889892752455,2.3966001420174328
tol_7p5km_int_15min,atzumb,vq_ctw,15,linear,256.0,7.5,2015.0,1.0,0.0,5.12683279713708,5.12683279713708
tol_7p5km_int_15min,atzumb,vq_ctw,15,nearest,256.0,7.5,201.0,1.0,0.0,6.309490340861649,6.309490340861649
tol_7p5km_int_15min,atzumb,vq_ctw,15,linear,512.0,7.5,2015.0,1.0,0.0,4.883196548617385,4.883196548617385
tol_7p5km_int_15min,atzumb,vq_ctw,15,nearest,512.0,7.5,201.0,1.0,0.0,6.089958839084868,6.089958839084868
tol_7p5km_int_15min,atzumb,vq_ctw,15,linear,1024.0,7.5,2015.0,1.0,0.0,4.868065499213791,4.868065499213791
tol_7p5km_int_15min,atzumb,vq_ctw,15,nearest,1024.0,7.5,201.0,1.0,0.0,6.339731611027823,6.339731611027823
tol_7p5km_int_15min,aucjun,direct_ctw,15,linear,,7.5,1643.0,0.979641752753146,0.2079814177819124,2.521822973268469,2.7130397336098677
tol_7p5km_int_15min,aucjun,markov_order_1,15,linear,,7.5,1643.0,0.971485210232425,0.2772777705918781,2.521822973268469,2.7130397336098677
tol_7p5km_int_15min,aucjun,markov_order_2,15,linear,,7.5,1643.0,0.970277197818146,0.2872188678708392,2.521822973268469,2.7130397336098677
tol_7p5km_int_15min,aucjun,vq_ctw,15,linear,256.0,7.5,1643.0,1.0,0.0,5.768450667446182,5.768450667446182
tol_7p5km_int_15min,aucjun,vq_ctw,15,linear,512.0,7.5,1643.0,1.0,0.0,5.82913977453406,5.82913977453406
tol_7p5km_int_15min,aucjun,vq_ctw,15,linear,1024.0,7.5,1643.0,1.0,0.0,5.851135818958132,5.851135818958132
tol_7p5km_int_15min,auctji,direct_ctw,15,linear,,7.5,2015.0,0.9056522565361846,0.8776057493767664,2.543983167054445,2.75720351968258
tol_7p5km_int_15min,auctji,direct_ctw,15,nearest,,7.5,111.0,0.9453461473921492,0.3678733381681657,2.2036959016121003,2.361793387309002
tol_7p5km_int_15min,auctji,markov_order_1,15,linear,,7.5,2015.0,0.8729688401210114,1.123872868131952,2.543983167054445,2.75720351968258
tol_7p5km_int_15min,auctji,markov_order_1,15,nearest,,7.5,111.0,0.930999011238584,0.4429255058793858,2.2036959016121003,2.361793387309002
tol_7p5km_int_15min,auctji,markov_order_2,15,linear,,7.5,2015.0,0.8666437421626996,1.1698167040350624,2.543983167054445,2.75720351968258
tol_7p5km_int_15min,auctji,markov_order_2,15,nearest,,7.5,111.0,0.9299956461023812,0.4384720977507393,2.2036959016121003,2.361793387309002
tol_7p5km_int_15min,auctji,vq_ctw,15,linear,256.0,7.5,2015.0,1.0,0.0,7.997860935457867,7.997860935457867
tol_7p5km_int_15min,auctji,vq_ctw,15,nearest,256.0,7.5,111.0,1.0,0.0,6.144180001539522,6.144180001539522
tol_7p5km_int_15min,auctji,vq_ctw,15,linear,512.0,7.5,2015.0,1.0,0.0,8.127199388809887,8.127199388809887
tol_7p5km_int_15min,auctji,vq_ctw,15,nearest,512.0,7.5,111.0,1.0,0.0,6.216806772419303,6.216806772419303
tol_7p5km_int_15min,auctji,vq_ctw,15,linear,1024.0,7.5,2015.0,1.0,0.0,8.135995394107148,8.135995394107148
tol_7p5km_int_15min,auctji,vq_ctw,15,nearest,1024.0,7.5,111.0,1.0,0.0,6.8385418750499385,6.8385418750499385
tol_7p5km_int_15min,aupcli,direct_ctw,15,linear,,7.5,545.0,0.912443681531925,0.7522569744374638,2.499411744555551,2.722181570899148
tol_7p5km_int_15min,aupcli,markov_order_1,15,linear,,7.5,545.0,0.8632359412724337,1.0817881822470363,2.499411744555551,2.722181570899148
tol_7p5km_int_15min,aupcli,markov_order_2,15,linear,,7.5,545.0,0.8568567900503834,1.1221045888963792,2.499411744555551,2.722181570899148
tol_7p5km_int_15min,aupcli,vq_ctw,15,linear,256.0,7.5,545.0,1.0,0.0,10.03540150426968,10.03540150426968
tol_7p5km_int_15min,aupcli,vq_ctw,15,linear,512.0,7.5,545.0,1.0,0.0,10.280682580009612,10.280682580009612
tol_7p5km_int_15min,aupcli,vq_ctw,15,linear,1024.0,7.5,545.0,1.0,0.0,10.309729348412514,10.309729348412514
tol_7p5km_int_15min,aurjye,direct_ctw,15,linear,,7.5,2015.0,0.9559266335845654,0.4478868507795148,2.2304472844489016,2.392842000156525
tol_7p5km_int_15min,aurjye,direct_ctw,15,nearest,,7.5,125.0,0.9232398607416884,0.5518541686059378,2.5334314788467247,2.678643765652347
tol_7p5km_int_15min,aurjye,markov_order_1,15,linear,,7.5,2015.0,0.9364048220732368,0.6117018267747736,2.2304472844489016,2.392842000156525
tol_7p5km_int_15min,aurjye,markov_order_1,15,nearest,,7.5,125.0,0.8907068383417616,0.7072679581272561,2.5334314788467247,2.678643765652347
tol_7p5km_int_15min,aurjye,markov_order_2,15,linear,,7.5,2015.0,0.9303490004086176,0.6604922955731166,2.2304472844489016,2.392842000156525
tol_7p5km_int_15min,aurjye,markov_order_2,15,nearest,,7.5,125.0,0.8829498779348776,0.7222158415626094,2.5334314788467247,2.678643765652347
tol_7p5km_int_15min,aurjye,vq_ctw,15,linear,256.0,7.5,2015.0,1.0,0.0,6.049828579342074,6.049828579342074
tol_7p5km_int_15min,aurjye,vq_ctw,15,nearest,256.0,7.5,125.0,1.0,0.0,7.355595406864978,7.355595406864978
tol_7p5km_int_15min,aurjye,vq_ctw,15,linear,512.0,7.5,2015.0,1.0,0.0,5.804485076208856,5.804485076208856
tol_7p5km_int_15min,aurjye,vq_ctw,15,nearest,512.0,7.5,125.0,1.0,0.0,7.472261095568176,7.472261095568176
tol_7p5km_int_15min,aurjye,vq_ctw,15,linear,1024.0,7.5,2015.0,1.0,0.0,5.802178519636437,5.802178519636437
tol_7p5km_int_15min,aurjye,vq_ctw,15,nearest,1024.0,7.5,125.0,1.0,0.0,8.77688004810119,8.77688004810119
tol_7p5km_int_15min,avdyab,direct_ctw,15,linear,,7.5,2015.0,0.9403480491010048,0.5531778909040268,2.2975363119971206,2.496614156262728
tol_7p5km_int_15min,avdyab,direct_ctw,15,nearest,,7.5,67.0,0.935639125064322,0.4756600721045468,2.0336323125683404,2.2500033236763737
tol_7p5km_int_15min,avdyab,markov_order_1,15,linear,,7.5,2015.0,0.9254363095670344,0.6666185949892816,2.2975363119971206,2.496614156262728
tol_7p5km_int_15min,avdyab,markov_order_1,15,nearest,,7.5,67.0,0.9088052582937116,0.6057673054192442,2.0336323125683404,2.2500033236763737
tol_7p5km_int_15min,avdyab,markov_order_2,15,linear,,7.5,2015.0,0.9211643169974868,0.6982187271403958,2.2975363119971206,2.496614156262728
tol_7p5km_int_15min,avdyab,markov_order_2,15,nearest,,7.5,67.0,0.8915415611053777,0.6804657481803797,2.0336323125683404,2.2500033236763737
tol_7p5km_int_15min,avdyab,vq_ctw,15,linear,256.0,7.5,2015.0,1.0,0.0,5.301975877443635,5.301975877443635
tol_7p5km_int_15min,avdyab,vq_ctw,15,nearest,256.0,7.5,67.0,1.0,0.0,5.952387545192184,5.952387545192184
tol_7p5km_int_15min,avdyab,vq_ctw,15,linear,512.0,7.5,2015.0,1.0,0.0,5.144376087672916,5.144376087672916
tol_7p5km_int_15min,avdyab,vq_ctw,15,nearest,512.0,7.5,67.0,1.0,0.0,5.6562546511641765,5.6562546511641765
tol_7p5km_int_15min,avdyab,vq_ctw,15,linear,1024.0,7.5,2015.0,1.0,0.0,5.125828501561037,5.125828501561037
tol_7p5km_int_15min,avdyab,vq_ctw,15,nearest,1024.0,7.5,67.0,1.0,0.0,5.831964535140878,5.831964535140878
tol_7p5km_int_15min,avglyb,direct_ctw,15,linear,,7.5,2015.0,0.9244873931739372,0.7323892270395711,2.30848161910618,2.512131845334423
tol_7p5km_int_15min,avglyb,markov_order_1,15,linear,,7.5,2015.0,0.8993168623411492,0.9327857664673412,2.30848161910618,2.512131845334423
tol_7p5km_int_15min,avglyb,markov_order_2,15,linear,,7.5,2015.0,0.8937874300746753,0.975365799789509,2.30848161910618,2.512131845334423
tol_7p5km_int_15min,avglyb,vq_ctw,15,linear,256.0,7.5,2015.0,1.0,0.0,7.800522587460516,7.800522587460516
tol_7p5km_int_15min,avglyb,vq_ctw,15,linear,512.0,7.5,2015.0,1.0,0.0,7.921806515730583,7.921806515730583
tol_7p5km_int_15min,avglyb,vq_ctw,15,linear,1024.0,7.5,2015.0,1.0,0.0,7.943501583990272,7.943501583990272
tol_7p5km_int_15min,aviltl,direct_ctw,15,linear,,7.5,2013.0,0.948125631722191,0.4969738860095361,2.166100557172376,2.3472518061101444
tol_7p5km_int_15min,aviltl,direct_ctw,15,nearest,,7.5,178.0,0.9470674329323028,0.3880267580249753,2.145284644514573,2.301619681986652
tol_7p5km_int_15min,aviltl,markov_order_1,15,linear,,7.5,2013.0,0.9340858442583752,0.6080070660560768,2.166100557172376,2.3472518061101444
tol_7p5km_int_15min,aviltl,markov_order_1,15,nearest,,7.5,178.0,0.9194667017207416,0.5267197386869396,2.145284644514573,2.301619681986652
tol_7p5km_int_15min,aviltl,markov_order_2,15,linear,,7.5,2013.0,0.9291815451570584,0.6456505230840606,2.166100557172376,2.3472518061101444
tol_7p5km_int_15min,aviltl,markov_order_2,15,nearest,,7.5,178.0,0.9135392383080916,0.5565538489909067,2.145284644514573,2.301619681986652
tol_7p5km_int_15min,aviltl,vq_ctw,15,linear,256.0,7.5,2013.0,1.0,0.0,5.393297942524442,5.393297942524442
tol_7p5km_int_15min,aviltl,vq_ctw,15,nearest,256.0,7.5,178.0,1.0,0.0,6.110304423630483,6.110304423630483
tol_7p5km_int_15min,aviltl,vq_ctw,15,linear,512.0,7.5,2013.0,1.0,0.0,5.1738738378029625,5.1738738378029625
tol_7p5km_int_15min,aviltl,vq_ctw,15,nearest,512.0,7.5,178.0,1.0,0.0,5.981664186380344,5.981664186380344
tol_7p5km_int_15min,aviltl,vq_ctw,15,linear,1024.0,7.5,2013.0,1.0,0.0,5.160944275674001,5.160944275674001
tol_7p5km_int_15min,aviltl,vq_ctw,15,nearest,1024.0,7.5,178.0,1.0,0.0,6.703193064465703,6.703193064465703
tol_7p5km_int_15min,avpavi,direct_ctw,15,linear,,7.5,2015.0,0.9531382856648666,0.4644586346740247,2.1388129493529515,2.366773756783181
tol_7p5km_int_15min,avpavi,direct_ctw,15,nearest,,7.5,319.0,0.9427232309678176,0.4385203580708667,2.22370224784946,2.39304768389886
tol_7p5km_int_15min,avpavi,markov_order_1,15,linear,,7.5,2015.0,0.9395255682457296,0.5765123567713959,2.1388129493529515,2.366773756783181
tol_7p5km_int_15min,avpavi,markov_order_1,15,nearest,,7.5,319.0,0.9101696582937112,0.5750232807512454,2.22370224784946,2.39304768389886
tol_7p5km_int_15min,avpavi,markov_order_2,15,linear,,7.5,2015.0,0.9317465070044368,0.6383555833499222,2.1388129493529515,2.366773756783181
tol_7p5km_int_15min,avpavi,markov_order_2,15,nearest,,7.5,319.0,0.8976777457997475,0.6266380470707519,2.22370224784946,2.39304768389886
tol_7p5km_int_15min,avpavi,vq_ctw,15,linear,256.0,7.5,2015.0,1.0,0.0,4.746445850765059,4.746445850765059
tol_7p5km_int_15min,avpavi,vq_ctw,15,nearest,256.0,7.5,319.0,1.0,0.0,6.538327098445159,6.538327098445159
tol_7p5km_int_15min,avpavi,vq_ctw,15,linear,512.0,7.5,2015.0,1.0,0.0,4.436142982595873,4.436142982595873
tol_7p5km_int_15min,avpavi,vq_ctw,15,nearest,512.0,7.5,319.0,1.0,0.0,6.3377392712172105,6.3377392712172105
tol_7p5km_int_15min,avpavi,vq_ctw,15,linear,1024.0,7.5,2015.0,1.0,0.0,4.412906123915222,4.412906123915222
tol_7p5km_int_15min,avpavi,vq_ctw,15,nearest,1024.0,7.5,319.0,1.0,0.0,6.680330979016953,6.680330979016953
tol_7p5km_int_15min,awnbeb,direct_ctw,15,linear,,7.5,1976.0,0.9390624880316268,0.6105515116076643,2.1260032521410817,2.3362645497450623
tol_7p5km_int_15min,awnbeb,direct_ctw,15,nearest,,7.5,38.0,0.9999999999980904,0.292292167118031,2.1496122717221704,2.327142467386227
tol_7p5km_int_15min,awnbeb,markov_order_1,15,linear,,7.5,1976.0,0.9182999867471882,0.7827326453605191,2.1260032521410817,2.3362645497450623
tol_7p5km_int_15min,awnbeb,markov_order_1,15,nearest,,7.5,38.0,0.9999999999980904,0.3271552441315516,2.1496122717221704,2.327142467386227
tol_7p5km_int_15min,awnbeb,markov_order_2,15,linear,,7.5,1976.0,0.9053341953686946,0.8858939984185286,2.1260032521410817,2.3362645497450623
tol_7p5km_int_15min,awnbeb,markov_order_2,15,nearest,,7.5,38.0,0.9999999999980904,0.3517540723354908,2.1496122717221704,2.327142467386227
tol_7p5km_int_15min,awnbeb,vq_ctw,15,linear,256.0,7.5,1976.0,1.0,0.0,6.764015261740022,6.764015261740022
tol_7p5km_int_15min,awnbeb,vq_ctw,15,nearest,256.0,7.5,38.0,1.0,0.0,5.592815193192246,5.592815193192246
tol_7p5km_int_15min,awnbeb,vq_ctw,15,linear,512.0,7.5,1976.0,1.0,0.0,6.6293002783087935,6.6293002783087935
tol_7p5km_int_15min,awnbeb,vq_ctw,15,nearest,512.0,7.5,38.0,1.0,0.0,5.6689171868414325,5.6689171868414325
tol_7p5km_int_15min,awnbeb,vq_ctw,15,linear,1024.0,7.5,1976.0,1.0,0.0,6.621743679499731,6.621743679499731
tol_7p5km_int_15min,awnbeb,vq_ctw,15,nearest,1024.0,7.5,38.0,1.0,0.0,5.257542426100933,5.257542426100933
tol_7p5km_int_15min,awrenb,direct_ctw,15,linear,,7.5,2013.0,0.9418266520069924,0.5416372889573386,2.090576033598494,2.2810247716915035
tol_7p5km_int_15min,awrenb,direct_ctw,15,nearest,,7.5,531.0,0.9356079848714218,0.4348917527945065,2.160790233014562,2.342382223600412
tol_7p5km_int_15min,awrenb,markov_order_1,15,linear,,7.5,2013.0,0.9306062951209724,0.6278634561855801,2.090576033598494,2.2810247716915035
tol_7p5km_int_15min,awrenb,markov_order_1,15,nearest,,7.5,531.0,0.9067385356774365,0.5733487897128625,2.160790233014562,2.342382223600412
tol_7p5km_int_15min,awrenb,markov_order_2,15,linear,,7.5,2013.0,0.9242613250090173,0.6753472254000359,2.090576033598494,2.2810247716915035
tol_7p5km_int_15min,awrenb,markov_order_2,15,nearest,,7.5,531.0,0.8968513738364694,0.6187871761627194,2.160790233014562,2.342382223600412
tol_7p5km_int_15min,awrenb,vq_ctw,15,linear,256.0,7.5,2013.0,1.0,0.0,5.0643790607796255,5.0643790607796255
tol_7p5km_int_15min,awrenb,vq_ctw,15,nearest,256.0,7.5,531.0,1.0,0.0,6.355041745701725,6.355041745701725
tol_7p5km_int_15min,awrenb,vq_ctw,15,linear,512.0,7.5,2013.0,1.0,0.0,4.774291803359445,4.774291803359445
tol_7p5km_int_15min,awrenb,vq_ctw,15,nearest,512.0,7.5,531.0,1.0,0.0,6.0472425492809405,6.0472425492809405
tol_7p5km_int_15min,awrenb,vq_ctw,15,linear,1024.0,7.5,2013.0,1.0,0.0,4.74911958290028,4.74911958290028
tol_7p5km_int_15min,awrenb,vq_ctw,15,nearest,1024.0,7.5,531.0,1.0,0.0,6.653828776554867,6.653828776554867
tol_7p5km_int_15min,awribi,direct_ctw,15,linear,,7.5,1930.0,0.9534827217567023,0.4485219968952852,2.110308793597656,2.288446926038552
tol_7p5km_int_15min,awribi,direct_ctw,15,nearest,,7.5,324.0,0.961910089444484,0.3729033627712761,2.19096105431874,2.35452288894
tol_7p5km_int_15min,awribi,markov_order_1,15,linear,,7.5,1930.0,0.9407714297404078,0.5498791777387222,2.110308793597656,2.288446926038552
tol_7p5km_int_15min,awribi,markov_order_1,15,nearest,,7.5,324.0,0.9409923732243808,0.4814432557302406,2.19096105431874,2.35452288894
tol_7p5km_int_15min,awribi,markov_order_2,15,linear,,7.5,1930.0,0.9368212060644868,0.5804804788773767,2.110308793597656,2.288446926038552
tol_7p5km_int_15min,awribi,markov_order_2,15,nearest,,7.5,324.0,0.9344274626070216,0.515504288861937,2.19096105431874,2.35452288894
tol_7p5km_int_15min,awribi,vq_ctw,15,linear,256.0,7.5,1930.0,1.0,0.0,5.292400033950027,5.292400033950027
tol_7p5km_int_15min,awribi,vq_ctw,15,nearest,256.0,7.5,324.0,1.0,0.0,6.195637220168975,6.195637220168975
tol_7p5km_int_15min,awribi,vq_ctw,15,linear,512.0,7.5,1930.0,1.0,0.0,5.084951946909213,5.084951946909213
tol_7p5km_int_15min,awribi,vq_ctw,15,nearest,512.0,7.5,324.0,1.0,0.0,6.124630362279962,6.124630362279962
tol_7p5km_int_15min,awribi,vq_ctw,15,linear,1024.0,7.5,1930.0,1.0,0.0,5.074727021942067,5.074727021942067
tol_7p5km_int_15min,awribi,vq_ctw,15,nearest,1024.0,7.5,324.0,1.0,0.0,6.915073334676865,6.915073334676865
tol_7p5km_int_15min,aydwah,direct_ctw,15,linear,,7.5,1937.0,0.9468785239432848,0.5017639344481261,2.1375038363759624,2.3258071055979785
tol_7p5km_int_15min,aydwah,direct_ctw,15,nearest,,7.5,273.0,0.942706702453004,0.4634059183051657,2.1405921553949394,2.3069958207232184
tol_7p5km_int_15min,aydwah,markov_order_1,15,linear,,7.5,1937.0,0.935041555784704,0.5941412775497222,2.1375038363759624,2.3258071055979785
tol_7p5km_int_15min,aydwah,markov_order_1,15,nearest,,7.5,273.0,0.9094154237976976,0.6285692068290814,2.1405921553949394,2.3069958207232184
tol_7p5km_int_15min,aydwah,markov_order_2,15,linear,,7.5,1937.0,0.9292651104615798,0.6379729793987664,2.1375038363759624,2.3258071055979785
tol_7p5km_int_15min,aydwah,markov_order_2,15,nearest,,7.5,273.0,0.8967281739444543,0.687972448929835,2.1405921553949394,2.3069958207232184
tol_7p5km_int_15min,aydwah,vq_ctw,15,linear,256.0,7.5,1937.0,1.0,0.0,5.191278827788354,5.191278827788354
tol_7p5km_int_15min,aydwah,vq_ctw,15,nearest,256.0,7.5,273.0,1.0,0.0,5.471827413614171,5.471827413614171
tol_7p5km_int_15min,aydwah,vq_ctw,15,linear,512.0,7.5,1937.0,1.0,0.0,4.92206134140646,4.92206134140646
tol_7p5km_int_15min,aydwah,vq_ctw,15,nearest,512.0,7.5,273.0,1.0,0.0,5.66984659228352,5.66984659228352
tol_7p5km_int_15min,aydwah,vq_ctw,15,linear,1024.0,7.5,1937.0,1.0,0.0,4.902301803348618,4.902301803348618
tol_7p5km_int_15min,aydwah,vq_ctw,15,nearest,1024.0,7.5,273.0,1.0,0.0,6.245449968019309,6.245449968019309
tol_7p5km_int_15min,ayfsdu,direct_ctw,15,linear,,7.5,2015.0,0.9418024736505944,0.5717733478537025,2.288615369632606,2.46670545692719
tol_7p5km_int_15min,ayfsdu,direct_ctw,15,nearest,,7.5,370.0,0.941833011898154,0.4671793128331839,2.274356015151748,2.4364966464150792
tol_7p5km_int_15min,ayfsdu,markov_order_1,15,linear,,7.5,2015.0,0.9228761807308457,0.7252864096754079,2.288615369632606,2.46670545692719
tol_7p5km_int_15min,ayfsdu,markov_order_1,15,nearest,,7.5,370.0,0.909643545777578,0.6325506759510877,2.274356015151748,2.4364966464150792
tol_7p5km_int_15min,ayfsdu,markov_order_2,15,linear,,7.5,2015.0,0.9162812728892136,0.776975011865268,2.288615369632606,2.46670545692719
tol_7p5km_int_15min,ayfsdu,markov_order_2,15,nearest,,7.5,370.0,0.9015712369052804,0.6722620163501802,2.274356015151748,2.4364966464150792
tol_7p5km_int_15min,ayfsdu,vq_ctw,15,linear,256.0,7.5,2015.0,1.0,0.0,6.2265928164788695,6.2265928164788695
tol_7p5km_int_15min,ayfsdu,vq_ctw,15,nearest,256.0,7.5,370.0,1.0,0.0,6.60333946804971,6.60333946804971
tol_7p5km_int_15min,ayfsdu,vq_ctw,15,linear,512.0,7.5,2015.0,1.0,0.0,6.068898658620999,6.068898658620999
tol_7p5km_int_15min,ayfsdu,vq_ctw,15,nearest,512.0,7.5,370.0,1.0,0.0,6.522559793381358,6.522559793381358
tol_7p5km_int_15min,ayfsdu,vq_ctw,15,linear,1024.0,7.5,2015.0,1.0,0.0,6.061292675573745,6.061292675573745
tol_7p5km_int_15min,ayfsdu,vq_ctw,15,nearest,1024.0,7.5,370.0,1.0,0.0,6.95486823287204,6.95486823287204
tol_7p5km_int_15min,aygpha,direct_ctw,15,linear,,7.5,1857.0,0.9509421254033518,0.4740450653160864,2.2925388835704545,2.491281787149812
tol_7p5km_int_15min,aygpha,direct_ctw,15,nearest,,7.5,364.0,0.9523106401931034,0.3438286021663492,2.29127849884158,2.4551558896054124
tol_7p5km_int_15min,aygpha,markov_order_1,15,linear,,7.5,1857.0,0.93609786298388,0.5924026845585416,2.2925388835704545,2.491281787149812
tol_7p5km_int_15min,aygpha,markov_order_1,15,nearest,,7.5,364.0,0.9305267625881464,0.4554498960236686,2.29127849884158,2.4551558896054124
tol_7p5km_int_15min,aygpha,markov_order_2,15,linear,,7.5,1857.0,0.9310885821751544,0.6310774518623089,2.2925388835704545,2.491281787149812
tol_7p5km_int_15min,aygpha,markov_order_2,15,nearest,,7.5,364.0,0.9222360528945148,0.4935943296558389,2.29127849884158,2.4551558896054124
tol_7p5km_int_15min,aygpha,vq_ctw,15,linear,256.0,7.5,1857.0,1.0,0.0,5.80910159817392,5.80910159817392
tol_7p5km_int_15min,aygpha,vq_ctw,15,nearest,256.0,7.5,364.0,1.0,0.0,6.323389243593593,6.323389243593593
tol_7p5km_int_15min,aygpha,vq_ctw,15,linear,512.0,7.5,1857.0,1.0,0.0,5.593027537058647,5.593027537058647
tol_7p5km_int_15min,aygpha,vq_ctw,15,nearest,512.0,7.5,364.0,1.0,0.0,6.146450236596209,6.146450236596209
tol_7p5km_int_15min,aygpha,vq_ctw,15,linear,1024.0,7.5,1857.0,1.0,0.0,5.5730077848977295,5.5730077848977295
tol_7p5km_int_15min,aygpha,vq_ctw,15,nearest,1024.0,7.5,364.0,1.0,0.0,6.422249378224064,6.422249378224064
tol_7p5km_int_15min,aypudb,direct_ctw,15,linear,,7.5,2013.0,0.947938926808106,0.5200927727890511,2.29391930122786,2.474525906426563
tol_7p5km_int_15min,aypudb,direct_ctw,15,nearest,,7.5,263.0,0.9519162272430212,0.3203517591307453,2.2232247570890573,2.3989893875867945
tol_7p5km_int_15min,aypudb,markov_order_1,15,linear,,7.5,2013.0,0.930677681083628,0.6629956517077109,2.29391930122786,2.474525906426563
tol_7p5km_int_15min,aypudb,markov_order_1,15,nearest,,7.5,263.0,0.9302781450890582,0.4281575680668527,2.2232247570890573,2.3989893875867945
tol_7p5km_int_15min,aypudb,markov_order_2,15,linear,,7.5,2013.0,0.9223179826795525,0.7296945957078442,2.29391930122786,2.474525906426563
tol_7p5km_int_15min,aypudb,markov_order_2,15,nearest,,7.5,263.0,0.928713277212437,0.4343023600466685,2.2232247570890573,2.3989893875867945
tol_7p5km_int_15min,aypudb,vq_ctw,15,linear,256.0,7.5,2013.0,1.0,0.0,6.364419487583514,6.364419487583514
tol_7p5km_int_15min,aypudb,vq_ctw,15,nearest,256.0,7.5,263.0,1.0,0.0,6.315020731042513,6.315020731042513
tol_7p5km_int_15min,aypudb,vq_ctw,15,linear,512.0,7.5,2013.0,1.0,0.0,6.208572417227726,6.208572417227726
tol_7p5km_int_15min,aypudb,vq_ctw,15,nearest,512.0,7.5,263.0,1.0,0.0,6.243683291052212,6.243683291052212
tol_7p5km_int_15min,aypudb,vq_ctw,15,linear,1024.0,7.5,2013.0,1.0,0.0,6.203755718999498,6.203755718999498
tol_7p5km_int_15min,aypudb,vq_ctw,15,nearest,1024.0,7.5,263.0,1.0,0.0,6.59296074364377,6.59296074364377
tol_7p5km_int_15min,ayquas,direct_ctw,15,linear,,7.5,1852.0,0.9412270905150124,0.5627865294490612,2.197415629084594,2.3812142397471074
tol_7p5km_int_15min,ayquas,direct_ctw,15,nearest,,7.5,198.0,0.9123720587174188,0.5553501131327261,2.261867660283278,2.4447702386692094
tol_7p5km_int_15min,ayquas,markov_order_1,15,linear,,7.5,1852.0,0.924903614998644,0.6916144772438113,2.197415629084594,2.3812142397471074
tol_7p5km_int_15min,ayquas,markov_order_1,15,nearest,,7.5,198.0,0.8576770584253841,0.7795078814392101,2.261867660283278,2.4447702386692094
tol_7p5km_int_15min,ayquas,markov_order_2,15,linear,,7.5,1852.0,0.915898285659828,0.7602320844148922,2.197415629084594,2.3812142397471074
tol_7p5km_int_15min,ayquas,markov_order_2,15,nearest,,7.5,198.0,0.8488538921124346,0.8159721870005263,2.261867660283278,2.4447702386692094
tol_7p5km_int_15min,ayquas,vq_ctw,15,linear,256.0,7.5,1852.0,1.0,0.0,5.555670842987821,5.555670842987821
tol_7p5km_int_15min,ayquas,vq_ctw,15,nearest,256.0,7.5,198.0,1.0,0.0,6.356136862245124,6.356136862245124
tol_7p5km_int_15min,ayquas,vq_ctw,15,linear,512.0,7.5,1852.0,1.0,0.0,5.349528629268799,5.349528629268799
tol_7p5km_int_15min,ayquas,vq_ctw,15,nearest,512.0,7.5,198.0,1.0,0.0,6.554771135128058,6.554771135128058
tol_7p5km_int_15min,ayquas,vq_ctw,15,linear,1024.0,7.5,1852.0,1.0,0.0,5.3341279431315005,5.3341279431315005
tol_7p5km_int_15min,ayquas,vq_ctw,15,nearest,1024.0,7.5,198.0,1.0,0.0,6.65493474913304,6.65493474913304
tol_7p5km_int_15min,ayquex,direct_ctw,15,linear,,7.5,2014.0,0.9516006177282242,0.492143792336307,2.0290444341212104,2.21966841808477
tol_7p5km_int_15min,ayquex,direct_ctw,15,nearest,,7.5,219.0,0.9636296947205234,0.3311686266853534,2.2047220834885315,2.379564140348569
tol_7p5km_int_15min,ayquex,markov_order_1,15,linear,,7.5,2014.0,0.93568924491323,0.6267977315135628,2.0290444341212104,2.21966841808477
tol_7p5km_int_15min,ayquex,markov_order_1,15,nearest,,7.5,219.0,0.9315164715977772,0.5015339836888679,2.2047220834885315,2.379564140348569
tol_7p5km_int_15min,ayquex,markov_order_2,15,linear,,7.5,2014.0,0.9278664620060764,0.6906690200032751,2.0290444341212104,2.21966841808477
tol_7p5km_int_15min,ayquex,markov_order_2,15,nearest,,7.5,219.0,0.9256735658152933,0.5345044789367579,2.2047220834885315,2.379564140348569
tol_7p5km_int_15min,ayquex,vq_ctw,15,linear,256.0,7.5,2014.0,1.0,0.0,5.67015353264066,5.67015353264066
tol_7p5km_int_15min,ayquex,vq_ctw,15,nearest,256.0,7.5,219.0,1.0,0.0,6.41457431997137,6.41457431997137
tol_7p5km_int_15min,ayquex,vq_ctw,15,linear,512.0,7.5,2014.0,1.0,0.0,5.412758156784597,5.412758156784597
tol_7p5km_int_15min,ayquex,vq_ctw,15,nearest,512.0,7.5,219.0,1.0,0.0,6.070778900605202,6.070778900605202
tol_7p5km_int_15min,ayquex,vq_ctw,15,linear,1024.0,7.5,2014.0,1.0,0.0,5.385444197101678,5.385444197101678
tol_7p5km_int_15min,ayquex,vq_ctw,15,nearest,1024.0,7.5,219.0,1.0,0.0,6.506704449746288,6.506704449746288
tol_7p5km_int_15min,ayshek,direct_ctw,15,linear,,7.5,2015.0,0.9327138442304644,0.6557715241906658,2.2192270001445933,2.4241085170876158
tol_7p5km_int_15min,ayshek,direct_ctw,15,nearest,,7.5,208.0,0.9172943274780416,0.5525627354588832,2.242050793666375,2.382633992703205
tol_7p5km_int_15min,ayshek,markov_order_1,15,linear,,7.5,2015.0,0.9075064320923992,0.8572074473947481,2.2192270001445933,2.4241085170876158
tol_7p5km_int_15min,ayshek,markov_order_1,15,nearest,,7.5,208.0,0.8705321394938914,0.7587901279299879,2.242050793666375,2.382633992703205
tol_7p5km_int_15min,ayshek,markov_order_2,15,linear,,7.5,2015.0,0.9001979624291562,0.9134281151934892,2.2192270001445933,2.4241085170876158
tol_7p5km_int_15min,ayshek,markov_order_2,15,nearest,,7.5,208.0,0.8618277541474478,0.7965233039416814,2.242050793666375,2.382633992703205
tol_7p5km_int_15min,ayshek,vq_ctw,15,linear,256.0,7.5,2015.0,1.0,0.0,6.614073460869704,6.614073460869704
tol_7p5km_int_15min,ayshek,vq_ctw,15,nearest,256.0,7.5,208.0,1.0,0.0,7.091572090603711,7.091572090603711
tol_7p5km_int_15min,ayshek,vq_ctw,15,linear,512.0,7.5,2015.0,1.0,0.0,6.559796003304158,6.559796003304158
tol_7p5km_int_15min,ayshek,vq_ctw,15,nearest,512.0,7.5,208.0,1.0,0.0,7.273428782270401,7.273428782270401
tol_7p5km_int_15min,ayshek,vq_ctw,15,linear,1024.0,7.5,2015.0,1.0,0.0,6.55836588206408,6.55836588206408
tol_7p5km_int_15min,ayshek,vq_ctw,15,nearest,1024.0,7.5,208.0,1.0,0.0,7.9524126426899135,7.9524126426899135
tol_7p5km_int_15min,ayshow,direct_ctw,15,linear,,7.5,2015.0,0.995757779483856,0.0505060013023628,3.389997438154469,3.422151542834865
tol_7p5km_int_15min,ayshow,markov_order_1,15,linear,,7.5,2015.0,0.9930481236359954,0.0777985389818523,3.389997438154469,3.422151542834865
tol_7p5km_int_15min,ayshow,markov_order_2,15,linear,,7.5,2015.0,0.9927128728731228,0.0810534201115969,3.389997438154469,3.422151542834865
tol_7p5km_int_15min,ayshow,vq_ctw,15,linear,256.0,7.5,2015.0,1.0,0.0,1.9421915158623864,1.9421915158623864
tol_7p5km_int_15min,ayshow,vq_ctw,15,linear,512.0,7.5,2015.0,1.0,0.0,1.7960440746206128,1.7960440746206128
tol_7p5km_int_15min,ayshow,vq_ctw,15,linear,1024.0,7.5,2015.0,1.0,0.0,1.8619212339409796,1.8619212339409796
tol_7p5km_int_15min,aysmsl,direct_ctw,15,linear,,7.5,2015.0,0.9445493242810904,0.5756856641573347,2.1279660229566884,2.330336910561012
tol_7p5km_int_15min,aysmsl,direct_ctw,15,nearest,,7.5,68.0,0.9999999999980904,0.3688264508971358,2.107581978662183,2.2706632517915035
tol_7p5km_int_15min,aysmsl,markov_order_1,15,linear,,7.5,2015.0,0.917272506455522,0.8094179386766333,2.1279660229566884,2.330336910561012
tol_7p5km_int_15min,aysmsl,markov_order_1,15,nearest,,7.5,68.0,0.9999999999980904,0.4286017939351449,2.107581978662183,2.2706632517915035
tol_7p5km_int_15min,aysmsl,markov_order_2,15,linear,,7.5,2015.0,0.9040101783458444,0.9176103142514284,2.1279660229566884,2.330336910561012
tol_7p5km_int_15min,aysmsl,markov_order_2,15,nearest,,7.5,68.0,0.9999999999980904,0.4136000164968174,2.107581978662183,2.2706632517915035
tol_7p5km_int_15min,aysmsl,vq_ctw,15,linear,256.0,7.5,2015.0,1.0,0.0,6.934533928540812,6.934533928540812
tol_7p5km_int_15min,aysmsl,vq_ctw,15,nearest,256.0,7.5,68.0,1.0,0.0,5.912434871826811,5.912434871826811
tol_7p5km_int_15min,aysmsl,vq_ctw,15,linear,512.0,7.5,2015.0,1.0,0.0,6.773602115166337,6.773602115166337
tol_7p5km_int_15min,aysmsl,vq_ctw,15,nearest,512.0,7.5,68.0,1.0,0.0,5.875258359458574,5.875258359458574
tol_7p5km_int_15min,aysmsl,vq_ctw,15,linear,1024.0,7.5,2015.0,1.0,0.0,6.764884071216716,6.764884071216716
tol_7p5km_int_15min,aysmsl,vq_ctw,15,nearest,1024.0,7.5,68.0,1.0,0.0,5.555443557759852,5.555443557759852
tol_7p5km_int_15min,eacder,direct_ctw,15,linear,,7.5,2013.0,0.9034899997924302,0.8678013902740462,2.4207240885437837,2.603425194535537
tol_7p5km_int_15min,eacder,direct_ctw,15,nearest,,7.5,44.0,0.94507862944649,0.4167884134019701,2.340112724065052,2.5915409471737667
tol_7p5km_int_15min,eacder,markov_order_1,15,linear,,7.5,2013.0,0.8755844018880217,1.0704300064746854,2.4207240885437837,2.603425194535537
tol_7p5km_int_15min,eacder,markov_order_1,15,nearest,,7.5,44.0,0.8995997135926893,0.6710637615317074,2.340112724065052,2.5915409471737667
tol_7p5km_int_15min,eacder,markov_order_2,15,linear,,7.5,2013.0,0.8715315175351708,1.0989477836125825,2.4207240885437837,2.603425194535537
tol_7p5km_int_15min,eacder,markov_order_2,15,nearest,,7.5,44.0,0.9118733282949454,0.6064391303174077,2.340112724065052,2.5915409471737667
tol_7p5km_int_15min,eacder,vq_ctw,15,linear,256.0,7.5,2013.0,1.0,0.0,7.074751751187255,7.074751751187255
tol_7p5km_int_15min,eacder,vq_ctw,15,nearest,256.0,7.5,44.0,1.0,0.0,9.553348999591805,9.553348999591805
tol_7p5km_int_15min,eacder,vq_ctw,15,linear,512.0,7.5,2013.0,1.0,0.0,7.107213708355989,7.107213708355989
tol_7p5km_int_15min,eacder,vq_ctw,15,nearest,512.0,7.5,44.0,1.0,0.0,9.47916809892469,9.47916809892469
tol_7p5km_int_15min,eacder,vq_ctw,15,linear,1024.0,7.5,2013.0,1.0,0.0,7.126233161487502,7.126233161487502
tol_7p5km_int_15min,eacder,vq_ctw,15,nearest,1024.0,7.5,44.0,1.0,0.0,10.036385620888469,10.036385620888469
tol_7p5km_int_15min,eadect,direct_ctw,15,linear,,7.5,2015.0,0.8961392272023012,0.9442758406920608,2.5039068029840337,2.720665223689038
tol_7p5km_int_15min,eadect,direct_ctw,15,nearest,,7.5,83.0,0.9403860437501732,0.420879610457248,2.143134924907767,2.322779684787474
tol_7p5km_int_15min,eadect,markov_order_1,15,linear,,7.5,2015.0,0.8601477610929651,1.2075132039329466,2.5039068029840337,2.720665223689038
tol_7p5km_int_15min,eadect,markov_order_1,15,nearest,,7.5,83.0,0.9128243747160436,0.5714288724876417,2.143134924907767,2.322779684787474
tol_7p5km_int_15min,eadect,markov_order_2,15,linear,,7.5,2015.0,0.8555305467154706,1.2400769223323618,2.5039068029840337,2.720665223689038
tol_7p5km_int_15min,eadect,markov_order_2,15,nearest,,7.5,83.0,0.9024133543133632,0.6229604630455213,2.143134924907767,2.322779684787474
tol_7p5km_int_15min,eadect,vq_ctw,15,linear,256.0,7.5,2015.0,1.0,0.0,8.039823238460437,8.039823238460437
tol_7p5km_int_15min,eadect,vq_ctw,15,nearest,256.0,7.5,83.0,1.0,0.0,7.911140260871063,7.911140260871063
tol_7p5km_int_15min,eadect,vq_ctw,15,linear,512.0,7.5,2015.0,1.0,0.0,8.205139639373447,8.205139639373447
tol_7p5km_int_15min,eadect,vq_ctw,15,nearest,512.0,7.5,83.0,1.0,0.0,7.987945352899464,7.987945352899464
tol_7p5km_int_15min,eadect,vq_ctw,15,linear,1024.0,7.5,2015.0,1.0,0.0,8.22166889995135,8.22166889995135
tol_7p5km_int_15min,eadect,vq_ctw,15,nearest,1024.0,7.5,83.0,1.0,0.0,8.440623417009201,8.440623417009201
tol_7p5km_int_15min,eagbac,direct_ctw,15,linear,,7.5,1817.0,0.9335131710968624,0.6447055105695928,2.407660746601481,2.5892994886620437
tol_7p5km_int_15min,eagbac,direct_ctw,15,nearest,,7.5,68.0,0.9156412163433588,0.65435744717304,2.416711185521647,2.574491184676269
tol_7p5km_int_15min,eagbac,markov_order_1,15,linear,,7.5,1817.0,0.9054088992698858,0.8670855761844467,2.407660746601481,2.5892994886620437
tol_7p5km_int_15min,eagbac,markov_order_1,15,nearest,,7.5,68.0,0.8498111489467445,0.9251770295259492,2.416711185521647,2.574491184676269
tol_7p5km_int_15min,eagbac,markov_order_2,15,linear,,7.5,1817.0,0.8984415337610006,0.9199934576717927,2.407660746601481,2.5892994886620437
tol_7p5km_int_15min,eagbac,markov_order_2,15,nearest,,7.5,68.0,0.8496990373923664,0.8774147701069914,2.416711185521647,2.574491184676269
tol_7p5km_int_15min,eagbac,vq_ctw,15,linear,256.0,7.5,1817.0,1.0,0.0,6.761939932711246,6.761939932711246
tol_7p5km_int_15min,eagbac,vq_ctw,15,nearest,256.0,7.5,68.0,1.0,0.0,7.0603744178180685,7.0603744178180685
tol_7p5km_int_15min,eagbac,vq_ctw,15,linear,512.0,7.5,1817.0,1.0,0.0,6.867967389883029,6.867967389883029
tol_7p5km_int_15min,eagbac,vq_ctw,15,nearest,512.0,7.5,68.0,1.0,0.0,7.556672445388453,7.556672445388453
tol_7p5km_int_15min,eagbac,vq_ctw,15,linear,1024.0,7.5,1817.0,1.0,0.0,6.878517508150425,6.878517508150425
tol_7p5km_int_15min,eagbac,vq_ctw,15,nearest,1024.0,7.5,68.0,1.0,0.0,8.622272795965893,8.622272795965893
tol_7p5km_int_15min,eapceo,direct_ctw,15,linear,,7.5,2015.0,0.8996328127096797,0.8716272194585424,2.43671108438713,2.6454226371583056
tol_7p5km_int_15min,eapceo,direct_ctw,15,nearest,,7.5,398.0,0.9242388971452736,0.5260103430334252,2.3363964895363925,2.5143398185955705
tol_7p5km_int_15min,eapceo,markov_order_1,15,linear,,7.5,2015.0,0.8737842676920792,1.0518306436710216,2.43671108438713,2.6454226371583056
tol_7p5km_int_15min,eapceo,markov_order_1,15,nearest,,7.5,398.0,0.8901648279548011,0.7000237809538756,2.3363964895363925,2.5143398185955705
tol_7p5km_int_15min,eapceo,markov_order_2,15,linear,,7.5,2015.0,0.8697951531495953,1.0788190982669623,2.43671108438713,2.6454226371583056
tol_7p5km_int_15min,eapceo,markov_order_2,15,nearest,,7.5,398.0,0.8800618577105116,0.7454251299853096,2.3363964895363925,2.5143398185955705
tol_7p5km_int_15min,eapceo,vq_ctw,15,linear,256.0,7.5,2015.0,1.0,0.0,6.383101345889836,6.383101345889836
tol_7p5km_int_15min,eapceo,vq_ctw,15,nearest,256.0,7.5,398.0,1.0,0.0,6.58798620645852,6.58798620645852
tol_7p5km_int_15min,eapceo,vq_ctw,15,linear,512.0,7.5,2015.0,1.0,0.0,6.310659017366341,6.310659017366341
tol_7p5km_int_15min,eapceo,vq_ctw,15,nearest,512.0,7.5,398.0,1.0,0.0,6.897873075233711,6.897873075233711
tol_7p5km_int_15min,eapceo,vq_ctw,15,linear,1024.0,7.5,2015.0,1.0,0.0,6.291799956503502,6.291799956503502
tol_7p5km_int_15min,eapceo,vq_ctw,15,nearest,1024.0,7.5,398.0,1.0,0.0,6.887286740145442,6.887286740145442
tol_7p5km_int_15min,easnsv,direct_ctw,15,linear,,7.5,2014.0,0.8958874896335414,0.9592499618788392,2.408048870632812,2.621566095333712
tol_7p5km_int_15min,easnsv,direct_ctw,15,nearest,,7.5,34.0,0.9583643741780106,0.2913774860155854,2.2514799780992765,2.4101955317604635
tol_7p5km_int_15min,easnsv,markov_order_1,15,linear,,7.5,2014.0,0.8568472622420953,1.2487863003184785,2.408048870632812,2.621566095333712
tol_7p5km_int_15min,easnsv,markov_order_1,15,nearest,,7.5,34.0,0.9315171398039191,0.4287191662355478,2.2514799780992765,2.4101955317604635
tol_7p5km_int_15min,easnsv,markov_order_2,15,linear,,7.5,2014.0,0.8441419984439955,1.338910940202244,2.408048870632812,2.621566095333712
tol_7p5km_int_15min,easnsv,markov_order_2,15,nearest,,7.5,34.0,0.9583632007406704,0.291383968963794,2.2514799780992765,2.4101955317604635
tol_7p5km_int_15min,easnsv,vq_ctw,15,linear,256.0,7.5,2014.0,1.0,0.0,10.221424790966534,10.221424790966534
tol_7p5km_int_15min,easnsv,vq_ctw,15,nearest,256.0,7.5,34.0,1.0,0.0,6.325318455877761,6.325318455877761
tol_7p5km_int_15min,easnsv,vq_ctw,15,linear,512.0,7.5,2014.0,1.0,0.0,10.452503294197228,10.452503294197228
tol_7p5km_int_15min,easnsv,vq_ctw,15,nearest,512.0,7.5,34.0,1.0,0.0,7.178385387143646,7.178385387143646
tol_7p5km_int_15min,easnsv,vq_ctw,15,linear,1024.0,7.5,2014.0,1.0,0.0,10.479093537476771,10.479093537476771
tol_7p5km_int_15min,easnsv,vq_ctw,15,nearest,1024.0,7.5,34.0,1.0,0.0,6.614264508070374,6.614264508070374
tol_7p5km_int_15min,eavcai,direct_ctw,15,linear,,7.5,2014.0,0.9552197475559288,0.454018950289296,2.176281560857478,2.361166258718029
tol_7p5km_int_15min,eavcai,direct_ctw,15,nearest,,7.5,155.0,0.9486796640870216,0.3850238275400846,2.1793576664183503,2.3688245390948346
tol_7p5km_int_15min,eavcai,markov_order_1,15,linear,,7.5,2014.0,0.940558029919913,0.5777309346203447,2.176281560857478,2.361166258718029
tol_7p5km_int_15min,eavcai,markov_order_1,15,nearest,,7.5,155.0,0.9251666533190744,0.5098362268797402,2.1793576664183503,2.3688245390948346
tol_7p5km_int_15min,eavcai,markov_order_2,15,linear,,7.5,2014.0,0.9335190370029948,0.6350582069786244,2.176281560857478,2.361166258718029
tol_7p5km_int_15min,eavcai,markov_order_2,15,nearest,,7.5,155.0,0.9146518657687256,0.5629199546493413,2.1793576664183503,2.3688245390948346
tol_7p5km_int_15min,eavcai,vq_ctw,15,linear,256.0,7.5,2014.0,1.0,0.0,5.147956478356561,5.147956478356561
tol_7p5km_int_15min,eavcai,vq_ctw,15,nearest,256.0,7.5,155.0,1.0,0.0,5.939089661600035,5.939089661600035
tol_7p5km_int_15min,eavcai,vq_ctw,15,linear,512.0,7.5,2014.0,1.0,0.0,4.889602822437084,4.889602822437084
tol_7p5km_int_15min,eavcai,vq_ctw,15,nearest,512.0,7.5,155.0,1.0,0.0,6.0962952338549234,6.0962952338549234
tol_7p5km_int_15min,eavcai,vq_ctw,15,linear,1024.0,7.5,2014.0,1.0,0.0,4.869083176207768,4.869083176207768
tol_7p5km_int_15min,eavcai,vq_ctw,15,nearest,1024.0,7.5,155.0,1.0,0.0,6.374957654233207,6.374957654233207
tol_7p5km_int_15min,eavfli,direct_ctw,15,linear,,7.5,2009.0,0.9416441614730764,0.5642228083997375,2.14892051659286,2.34541136218095
tol_7p5km_int_15min,eavfli,direct_ctw,15,nearest,,7.5,265.0,0.9579011670779224,0.3393963503881767,2.1893731819315625,2.339042978942598
tol_7p5km_int_15min,eavfli,markov_order_1,15,linear,,7.5,2009.0,0.9284337403360567,0.6701675629466706,2.14892051659286,2.34541136218095
tol_7p5km_int_15min,eavfli,markov_order_1,15,nearest,,7.5,265.0,0.9460095862059592,0.3917140274385823,2.1893731819315625,2.339042978942598
tol_7p5km_int_15min,eavfli,markov_order_2,15,linear,,7.5,2009.0,0.9205062513929764,0.7318758350931349,2.14892051659286,2.34541136218095
tol_7p5km_int_15min,eavfli,markov_order_2,15,nearest,,7.5,265.0,0.9386081769719964,0.4236714986688943,2.1893731819315625,2.339042978942598
tol_7p5km_int_15min,eavfli,vq_ctw,15,linear,256.0,7.5,2009.0,1.0,0.0,5.708364666437441,5.708364666437441
tol_7p5km_int_15min,eavfli,vq_ctw,15,nearest,256.0,7.5,265.0,1.0,0.0,5.903491329744593,5.903491329744593
tol_7p5km_int_15min,eavfli,vq_ctw,15,linear,512.0,7.5,2009.0,1.0,0.0,5.443067188996229,5.443067188996229
tol_7p5km_int_15min,eavfli,vq_ctw,15,nearest,512.0,7.5,265.0,1.0,0.0,5.584442932356115,5.584442932356115
tol_7p5km_int_15min,eavfli,vq_ctw,15,linear,1024.0,7.5,2009.0,1.0,0.0,5.4161080353560624,5.4161080353560624
tol_7p5km_int_15min,eavfli,vq_ctw,15,nearest,1024.0,7.5,265.0,1.0,0.0,6.018670564270264,6.018670564270264
tol_7p5km_int_15min,ebcicy,direct_ctw,15,linear,,7.5,2015.0,0.9301003593710032,0.6073620446237381,2.2194643545904253,2.39926020209794
tol_7p5km_int_15min,ebcicy,direct_ctw,15,nearest,,7.5,222.0,0.9495293257021492,0.4369405756901994,2.3140406405441127,2.479551096367725
tol_7p5km_int_15min,ebcicy,markov_order_1,15,linear,,7.5,2015.0,0.9160084139430956,0.7066530972289965,2.2194643545904253,2.39926020209794
tol_7p5km_int_15min,ebcicy,markov_order_1,15,nearest,,7.5,222.0,0.9116664540002636,0.6340977477906518,2.3140406405441127,2.479551096367725
tol_7p5km_int_15min,ebcicy,markov_order_2,15,linear,,7.5,2015.0,0.9117277790784052,0.7360479820182083,2.2194643545904253,2.39926020209794
tol_7p5km_int_15min,ebcicy,markov_order_2,15,nearest,,7.5,222.0,0.9153333674678572,0.6254074993889804,2.3140406405441127,2.479551096367725
tol_7p5km_int_15min,ebcicy,vq_ctw,15,linear,256.0,7.5,2015.0,1.0,0.0,5.667754449874668,5.667754449874668
tol_7p5km_int_15min,ebcicy,vq_ctw,15,nearest,256.0,7.5,222.0,1.0,0.0,6.097383189201971,6.097383189201971
tol_7p5km_int_15min,ebcicy,vq_ctw,15,linear,512.0,7.5,2015.0,1.0,0.0,5.510232812978845,5.510232812978845
tol_7p5km_int_15min,ebcicy,vq_ctw,15,nearest,512.0,7.5,222.0,1.0,0.0,6.010158264365959,6.010158264365959
tol_7p5km_int_15min,ebcicy,vq_ctw,15,linear,1024.0,7.5,2015.0,1.0,0.0,5.499631609283443,5.499631609283443
tol_7p5km_int_15min,ebcicy,vq_ctw,15,nearest,1024.0,7.5,222.0,1.0,0.0,6.350841429337338,6.350841429337338
tol_7p5km_int_15min,ebdafy,direct_ctw,15,linear,,7.5,2015.0,0.9114490903149046,0.7935629102995176,2.2836325933462542,2.491507611538501
tol_7p5km_int_15min,ebdafy,direct_ctw,15,nearest,,7.5,192.0,0.9073881348526242,0.6046718161410034,2.35159048372426,2.5145853704332155
tol_7p5km_int_15min,ebdafy,markov_order_1,15,linear,,7.5,2015.0,0.8845731321481747,0.9878741136511532,2.2836325933462542,2.491507611538501
tol_7p5km_int_15min,ebdafy,markov_order_1,15,nearest,,7.5,192.0,0.8412235064113244,0.8948053308871691,2.35159048372426,2.5145853704332155
tol_7p5km_int_15min,ebdafy,markov_order_2,15,linear,,7.5,2015.0,0.873476913663743,1.0649834545961137,2.2836325933462542,2.491507611538501
tol_7p5km_int_15min,ebdafy,markov_order_2,15,nearest,,7.5,192.0,0.8311269110571979,0.9362079154451431,2.35159048372426,2.5145853704332155
tol_7p5km_int_15min,ebdafy,vq_ctw,15,linear,256.0,7.5,2015.0,1.0,0.0,7.243604206661971,7.243604206661971
tol_7p5km_int_15min,ebdafy,vq_ctw,15,nearest,256.0,7.5,192.0,1.0,0.0,7.507376972151907,7.507376972151907
tol_7p5km_int_15min,ebdafy,vq_ctw,15,linear,512.0,7.5,2015.0,1.0,0.0,6.954224317421023,6.954224317421023
tol_7p5km_int_15min,ebdafy,vq_ctw,15,nearest,512.0,7.5,192.0,1.0,0.0,7.297324579798635,7.297324579798635
tol_7p5km_int_15min,ebdafy,vq_ctw,15,linear,1024.0,7.5,2015.0,1.0,0.0,6.942678168637412,6.942678168637412
tol_7p5km_int_15min,ebdafy,vq_ctw,15,nearest,1024.0,7.5,192.0,1.0,0.0,8.150808454278202,8.150808454278202
tol_7p5km_int_15min,ebenfr,direct_ctw,15,linear,,7.5,2015.0,0.9194178275348146,0.782998840543689,2.511474827491252,2.687247618126585
tol_7p5km_int_15min,ebenfr,direct_ctw,15,nearest,,7.5,78.0,0.9545518317178372,0.4111773358990277,1.9669146694629165,2.2084785837355843
tol_7p5km_int_15min,ebenfr,markov_order_1,15,linear,,7.5,2015.0,0.8889688070331837,1.024913963149822,2.511474827491252,2.687247618126585
tol_7p5km_int_15min,ebenfr,markov_order_1,15,nearest,,7.5,78.0,0.9389163072384588,0.4969294894214752,1.9669146694629165,2.2084785837355843
tol_7p5km_int_15min,ebenfr,markov_order_2,15,linear,,7.5,2015.0,0.8801313044088275,1.0924188947960545,2.511474827491252,2.687247618126585
tol_7p5km_int_15min,ebenfr,markov_order_2,15,nearest,,7.5,78.0,0.9297907173215288,0.5452811042496725,1.9669146694629165,2.2084785837355843
tol_7p5km_int_15min,ebenfr,vq_ctw,15,linear,256.0,7.5,2015.0,1.0,0.0,7.622214590267454,7.622214590267454
tol_7p5km_int_15min,ebenfr,vq_ctw,15,nearest,256.0,7.5,78.0,1.0,0.0,5.633192105077922,5.633192105077922
tol_7p5km_int_15min,ebenfr,vq_ctw,15,linear,512.0,7.5,2015.0,1.0,0.0,7.719399181665054,7.719399181665054
tol_7p5km_int_15min,ebenfr,vq_ctw,15,nearest,512.0,7.5,78.0,1.0,0.0,5.422128083245814,5.422128083245814
tol_7p5km_int_15min,ebenfr,vq_ctw,15,linear,1024.0,7.5,2015.0,1.0,0.0,7.742768174461152,7.742768174461152
tol_7p5km_int_15min,ebenfr,vq_ctw,15,nearest,1024.0,7.5,78.0,1.0,0.0,5.9249902387135664,5.9249902387135664
tol_7p5km_int_15min,ebrulr,direct_ctw,15,linear,,7.5,2015.0,0.9498726066076512,0.4724312662000948,2.151774409764338,2.346958774832995
tol_7p5km_int_15min,ebrulr,direct_ctw,15,nearest,,7.5,125.0,0.9332319340504668,0.4229767346619868,2.3628496165761583,2.513597391837221
tol_7p5km_int_15min,ebrulr,markov_order_1,15,linear,,7.5,2015.0,0.9405928427868558,0.5449196497871164,2.151774409764338,2.346958774832995
tol_7p5km_int_15min,ebrulr,markov_order_1,15,nearest,,7.5,125.0,0.9002203488666256,0.5690920388117622,2.3628496165761583,2.513597391837221
tol_7p5km_int_15min,ebrulr,markov_order_2,15,linear,,7.5,2015.0,0.9365996179686044,0.5754071165632552,2.151774409764338,2.346958774832995
tol_7p5km_int_15min,ebrulr,markov_order_2,15,nearest,,7.5,125.0,0.8872302265304559,0.6218415211724255,2.3628496165761583,2.513597391837221
tol_7p5km_int_15min,ebrulr,vq_ctw,15,linear,256.0,7.5,2015.0,1.0,0.0,4.26918034625364,4.26918034625364
tol_7p5km_int_15min,ebrulr,vq_ctw,15,nearest,256.0,7.5,125.0,1.0,0.0,5.704744961481142,5.704744961481142
tol_7p5km_int_15min,ebrulr,vq_ctw,15,linear,512.0,7.5,2015.0,1.0,0.0,3.9115455971578377,3.9115455971578377
tol_7p5km_int_15min,ebrulr,vq_ctw,15,nearest,512.0,7.5,125.0,1.0,0.0,5.88884493027464,5.88884493027464
tol_7p5km_int_15min,ebrulr,vq_ctw,15,linear,1024.0,7.5,2015.0,1.0,0.0,3.880521347767714,3.880521347767714
tol_7p5km_int_15min,ebrulr,vq_ctw,15,nearest,1024.0,7.5,125.0,1.0,0.0,6.0080967498591376,6.0080967498591376
tol_7p5km_int_15min,ebstic,direct_ctw,15,linear,,7.5,2015.0,0.9659928652390364,0.3161269208559462,1.9846563538077453,2.1732254511607345
tol_7p5km_int_15min,ebstic,direct_ctw,15,nearest,,7.5,38.0,0.9999999999980904,0.257775051168492,1.904911804451515,2.103255349205224
tol_7p5km_int_15min,ebstic,markov_order_1,15,linear,,7.5,2015.0,0.9587068069076772,0.372069914360777,1.9846563538077453,2.1732254511607345
tol_7p5km_int_15min,ebstic,markov_order_1,15,nearest,,7.5,38.0,0.9999999999980904,0.3271552441315516,1.904911804451515,2.103255349205224
tol_7p5km_int_15min,ebstic,markov_order_2,15,linear,,7.5,2015.0,0.958999697365462,0.3698607988981435,1.9846563538077453,2.1732254511607345
tol_7p5km_int_15min,ebstic,markov_order_2,15,nearest,,7.5,38.0,0.9999999999980904,0.3517540723354908,1.904911804451515,2.103255349205224
tol_7p5km_int_15min,ebstic,vq_ctw,15,linear,256.0,7.5,2015.0,1.0,0.0,5.602387169395869,5.602387169395869
tol_7p5km_int_15min,ebstic,vq_ctw,15,nearest,256.0,7.5,38.0,1.0,0.0,4.99394676240999,4.99394676240999
tol_7p5km_int_15min,ebstic,vq_ctw,15,linear,512.0,7.5,2015.0,1.0,0.0,5.247999366400408,5.247999366400408
tol_7p5km_int_15min,ebstic,vq_ctw,15,nearest,512.0,7.5,38.0,1.0,0.0,5.172454916719311,5.172454916719311
tol_7p5km_int_15min,ebstic,vq_ctw,15,linear,1024.0,7.5,2015.0,1.0,0.0,5.212391480338504,5.212391480338504
tol_7p5km_int_15min,ebstic,vq_ctw,15,nearest,1024.0,7.5,38.0,1.0,0.0,5.311622827704294,5.311622827704294
tol_7p5km_int_15min,eccest,direct_ctw,15,linear,,7.5,2014.0,0.9277954548006704,0.6861600963524748,2.2526843268217607,2.4549507843573384
tol_7p5km_int_15min,eccest,direct_ctw,15,nearest,,7.5,176.0,0.9346184693990618,0.4959164999333731,2.2250522117496554,2.418445907151048
tol_7p5km_int_15min,eccest,markov_order_1,15,linear,,7.5,2014.0,0.906522198317458,0.851977286315132,2.2526843268217607,2.4549507843573384
tol_7p5km_int_15min,eccest,markov_order_1,15,nearest,,7.5,176.0,0.8935087337851683,0.6947678193703498,2.2250522117496554,2.418445907151048
tol_7p5km_int_15min,eccest,markov_order_2,15,linear,,7.5,2014.0,0.8977901098834311,0.917705686693584,2.2526843268217607,2.4549507843573384
tol_7p5km_int_15min,eccest,markov_order_2,15,nearest,,7.5,176.0,0.8770558646902438,0.7617443277942734,2.2250522117496554,2.418445907151048
tol_7p5km_int_15min,eccest,vq_ctw,15,linear,256.0,7.5,2014.0,1.0,0.0,6.9825283655969255,6.9825283655969255
tol_7p5km_int_15min,eccest,vq_ctw,15,nearest,256.0,7.5,176.0,1.0,0.0,5.521503005407388,5.521503005407388
tol_7p5km_int_15min,eccest,vq_ctw,15,linear,512.0,7.5,2014.0,1.0,0.0,6.927853209275145,6.927853209275145
tol_7p5km_int_15min,eccest,vq_ctw,15,nearest,512.0,7.5,176.0,1.0,0.0,5.795780583747441,5.795780583747441
tol_7p5km_int_15min,eccest,vq_ctw,15,linear,1024.0,7.5,2014.0,1.0,0.0,6.928859545113404,6.928859545113404
tol_7p5km_int_15min,eccest,vq_ctw,15,nearest,1024.0,7.5,176.0,1.0,0.0,5.909009754603943,5.909009754603943
tol_7p5km_int_15min,ecdiwo,direct_ctw,15,linear,,7.5,2015.0,0.9309522320682412,0.6607795060616635,2.262412600894623,2.4690157695248063
tol_7p5km_int_15min,ecdiwo,direct_ctw,15,nearest,,7.5,72.0,0.8873730736668558,0.652181153636175,2.3673397217580825,2.504837838957868
tol_7p5km_int_15min,ecdiwo,markov_order_1,15,linear,,7.5,2015.0,0.9073909354329808,0.845368811350037,2.262412600894623,2.4690157695248063
tol_7p5km_int_15min,ecdiwo,markov_order_1,15,nearest,,7.5,72.0,0.8045024187314157,0.9929216270050516,2.3673397217580825,2.504837838957868
tol_7p5km_int_15min,ecdiwo,markov_order_2,15,linear,,7.5,2015.0,0.9008703515856892,0.8946617697920035,2.262412600894623,2.4690157695248063
tol_7p5km_int_15min,ecdiwo,markov_order_2,15,nearest,,7.5,72.0,0.8013564576679867,1.0068980629458162,2.3673397217580825,2.504837838957868
tol_7p5km_int_15min,ecdiwo,vq_ctw,15,linear,256.0,7.5,2015.0,1.0,0.0,6.174620488508485,6.174620488508485
tol_7p5km_int_15min,ecdiwo,vq_ctw,15,nearest,256.0,7.5,72.0,1.0,0.0,6.320262607331881,6.320262607331881
tol_7p5km_int_15min,ecdiwo,vq_ctw,15,linear,512.0,7.5,2015.0,1.0,0.0,6.041531698319779,6.041531698319779
tol_7p5km_int_15min,ecdiwo,vq_ctw,15,nearest,512.0,7.5,72.0,1.0,0.0,6.090081468251912,6.090081468251912
tol_7p5km_int_15min,ecdiwo,vq_ctw,15,linear,1024.0,7.5,2015.0,1.0,0.0,6.041208337521365,6.041208337521365
tol_7p5km_int_15min,ecdiwo,vq_ctw,15,nearest,1024.0,7.5,72.0,1.0,0.0,6.6710251271567245,6.6710251271567245
tol_7p5km_int_15min,ecfesy,direct_ctw,15,linear,,7.5,2015.0,0.9315279667198876,0.6457187765978153,2.149657927812275,2.3482624843397573
tol_7p5km_int_15min,ecfesy,direct_ctw,15,nearest,,7.5,222.0,0.9501096895769532,0.4667982089845397,2.244404941285677,2.4096339914147693
tol_7p5km_int_15min,ecfesy,markov_order_1,15,linear,,7.5,2015.0,0.9108522525922096,0.8053581141966081,2.149657927812275,2.3482624843397573
tol_7p5km_int_15min,ecfesy,markov_order_1,15,nearest,,7.5,222.0,0.9261699573435996,0.5997976940012174,2.244404941285677,2.4096339914147693
tol_7p5km_int_15min,ecfesy,markov_order_2,15,linear,,7.5,2015.0,0.9029538491732764,0.8642367300768421,2.149657927812275,2.3482624843397573
tol_7p5km_int_15min,ecfesy,markov_order_2,15,nearest,,7.5,222.0,0.9216441854634294,0.6253759423437814,2.244404941285677,2.4096339914147693
tol_7p5km_int_15min,ecfesy,vq_ctw,15,linear,256.0,7.5,2015.0,1.0,0.0,5.8147667699964245,5.8147667699964245
tol_7p5km_int_15min,ecfesy,vq_ctw,15,nearest,256.0,7.5,222.0,1.0,0.0,6.012381278289753,6.012381278289753
tol_7p5km_int_15min,ecfesy,vq_ctw,15,linear,512.0,7.5,2015.0,1.0,0.0,5.590144087362403,5.590144087362403
tol_7p5km_int_15min,ecfesy,vq_ctw,15,nearest,512.0,7.5,222.0,1.0,0.0,6.156283631363904,6.156283631363904
tol_7p5km_int_15min,ecfesy,vq_ctw,15,linear,1024.0,7.5,2015.0,1.0,0.0,5.582375357654743,5.582375357654743
tol_7p5km_int_15min,ecfesy,vq_ctw,15,nearest,1024.0,7.5,222.0,1.0,0.0,6.550694751382058,6.550694751382058
tol_7p5km_int_15min,ecforj,direct_ctw,15,linear,,7.5,2013.0,0.9289429368791904,0.6819612553631197,2.2393735273298185,2.455281234450416
tol_7p5km_int_15min,ecforj,direct_ctw,15,nearest,,7.5,117.0,0.9362679660929328,0.4849945498634643,2.527693538116204,2.695974118395436
tol_7p5km_int_15min,ecforj,markov_order_1,15,linear,,7.5,2013.0,0.9086981127030423,0.8418273536337805,2.2393735273298185,2.455281234450416
tol_7p5km_int_15min,ecforj,markov_order_1,15,nearest,,7.5,117.0,0.884422785721328,0.7327913654819358,2.527693538116204,2.695974118395436
tol_7p5km_int_15min,ecforj,markov_order_2,15,linear,,7.5,2013.0,0.8966268171490154,0.9336458612170732,2.2393735273298185,2.455281234450416
tol_7p5km_int_15min,ecforj,markov_order_2,15,nearest,,7.5,117.0,0.867918970754804,0.7955039734657233,2.527693538116204,2.695974118395436
tol_7p5km_int_15min,ecforj,vq_ctw,15,linear,256.0,7.5,2013.0,1.0,0.0,5.612504643903481,5.612504643903481
tol_7p5km_int_15min,ecforj,vq_ctw,15,nearest,256.0,7.5,117.0,1.0,0.0,6.329873938036175,6.329873938036175
tol_7p5km_int_15min,ecforj,vq_ctw,15,linear,512.0,7.5,2013.0,1.0,0.0,5.40605134543882,5.40605134543882
tol_7p5km_int_15min,ecforj,vq_ctw,15,nearest,512.0,7.5,117.0,1.0,0.0,6.824276412918329,6.824276412918329
tol_7p5km_int_15min,ecforj,vq_ctw,15,linear,1024.0,7.5,2013.0,1.0,0.0,5.389321763993261,5.389321763993261
tol_7p5km_int_15min,ecforj,vq_ctw,15,nearest,1024.0,7.5,117.0,1.0,0.0,7.318776083925618,7.318776083925618
tol_7p5km_int_15min,ecgojt,direct_ctw,15,linear,,7.5,2015.0,0.9225782124258974,0.7158719485998991,2.221736023647746,2.434939563843436
tol_7p5km_int_15min,ecgojt,direct_ctw,15,nearest,,7.5,223.0,0.9039526113958398,0.5737970383158066,2.2756761957316005,2.465234449439841
tol_7p5km_int_15min,ecgojt,markov_order_1,15,linear,,7.5,2015.0,0.901120440015,0.8777541365119,2.221736023647746,2.434939563843436
tol_7p5km_int_15min,ecgojt,markov_order_1,15,nearest,,7.5,223.0,0.8571418042529243,0.769939244343944,2.2756761957316005,2.465234449439841
tol_7p5km_int_15min,ecgojt,markov_order_2,15,linear,,7.5,2015.0,0.894504172697573,0.9260883924093204,2.221736023647746,2.434939563843436
tol_7p5km_int_15min,ecgojt,markov_order_2,15,nearest,,7.5,223.0,0.839487475908263,0.8363315921172689,2.2756761957316005,2.465234449439841
tol_7p5km_int_15min,ecgojt,vq_ctw,15,linear,256.0,7.5,2015.0,1.0,0.0,5.784672420033424,5.784672420033424
tol_7p5km_int_15min,ecgojt,vq_ctw,15,nearest,256.0,7.5,223.0,1.0,0.0,7.3127976473085425,7.3127976473085425
tol_7p5km_int_15min,ecgojt,vq_ctw,15,linear,512.0,7.5,2015.0,1.0,0.0,5.647331519955236,5.647331519955236
tol_7p5km_int_15min,ecgojt,vq_ctw,15,nearest,512.0,7.5,223.0,1.0,0.0,7.554753475137053,7.554753475137053
tol_7p5km_int_15min,ecgojt,vq_ctw,15,linear,1024.0,7.5,2015.0,1.0,0.0,5.63817970339835,5.63817970339835
tol_7p5km_int_15min,ecgojt,vq_ctw,15,nearest,1024.0,7.5,223.0,1.0,0.0,8.765378486731956,8.765378486731956
tol_7p5km_int_15min,ecjeod,direct_ctw,15,linear,,7.5,2015.0,0.938432955153108,0.5680419384610843,2.2540246035002496,2.4290459245475167
tol_7p5km_int_15min,ecjeod,direct_ctw,15,nearest,,7.5,40.0,0.9999999999980906,0.1704678133626309,1.8823624787669213,2.1239272569167764
tol_7p5km_int_15min,ecjeod,markov_order_1,15,linear,,7.5,2015.0,0.9218550498763508,0.6931343996798978,2.2540246035002496,2.4290459245475167
tol_7p5km_int_15min,ecjeod,markov_order_1,15,nearest,,7.5,40.0,0.9999999999980906,0.1960233874109809,1.8823624787669213,2.1239272569167764
tol_7p5km_int_15min,ecjeod,markov_order_2,15,linear,,7.5,2015.0,0.9185545163628188,0.7173439376690128,2.2540246035002496,2.4290459245475167
tol_7p5km_int_15min,ecjeod,markov_order_2,15,nearest,,7.5,40.0,0.9999999999980906,0.2144194851297489,1.8823624787669213,2.1239272569167764
tol_7p5km_int_15min,ecjeod,vq_ctw,15,linear,256.0,7.5,2015.0,1.0,0.0,5.64197680476876,5.64197680476876
tol_7p5km_int_15min,ecjeod,vq_ctw,15,nearest,256.0,7.5,40.0,1.0,0.0,5.892291119255403,5.892291119255403
tol_7p5km_int_15min,ecjeod,vq_ctw,15,linear,512.0,7.5,2015.0,1.0,0.0,5.455993761248531,5.455993761248531
tol_7p5km_int_15min,ecjeod,vq_ctw,15,nearest,512.0,7.5,40.0,1.0,0.0,5.315512756561999,5.315512756561999
tol_7p5km_int_15min,ecjeod,vq_ctw,15,linear,1024.0,7.5,2015.0,1.0,0.0,5.447669133628317,5.447669133628317
tol_7p5km_int_15min,ecjeod,vq_ctw,15,nearest,1024.0,7.5,40.0,1.0,0.0,5.582012051014756,5.582012051014756
tol_7p5km_int_15min,eckeck,direct_ctw,15,linear,,7.5,1707.0,0.950699479987642,0.4539699313843913,2.1684979753472917,2.347897154203447
tol_7p5km_int_15min,eckeck,direct_ctw,15,nearest,,7.5,112.0,0.9209851803765196,0.5245494270784963,2.2373877931926103,2.375641973695788
tol_7p5km_int_15min,eckeck,markov_order_1,15,linear,,7.5,1707.0,0.9406649112634397,0.5300654778003325,2.1684979753472917,2.347897154203447
tol_7p5km_int_15min,eckeck,markov_order_1,15,nearest,,7.5,112.0,0.8816887686540115,0.711210125390015,2.2373877931926103,2.375641973695788
tol_7p5km_int_15min,eckeck,markov_order_2,15,linear,,7.5,1707.0,0.9371189641815716,0.5563095914019522,2.1684979753472917,2.347897154203447
tol_7p5km_int_15min,eckeck,markov_order_2,15,nearest,,7.5,112.0,0.874992011647169,0.7424453306949383,2.2373877931926103,2.375641973695788
tol_7p5km_int_15min,eckeck,vq_ctw,15,linear,256.0,7.5,1707.0,1.0,0.0,4.963310755361712,4.963310755361712
tol_7p5km_int_15min,eckeck,vq_ctw,15,nearest,256.0,7.5,112.0,1.0,0.0,7.310971474268155,7.310971474268155
tol_7p5km_int_15min,eckeck,vq_ctw,15,linear,512.0,7.5,1707.0,1.0,0.0,4.623492007951088,4.623492007951088
tol_7p5km_int_15min,eckeck,vq_ctw,15,nearest,512.0,7.5,112.0,1.0,0.0,6.926339957235951,6.926339957235951
tol_7p5km_int_15min,eckeck,vq_ctw,15,linear,1024.0,7.5,1707.0,1.0,0.0,4.593986427295383,4.593986427295383
tol_7p5km_int_15min,eckeck,vq_ctw,15,nearest,1024.0,7.5,112.0,1.0,0.0,7.751070078621175,7.751070078621175
tol_7p5km_int_15min,ecnopl,direct_ctw,15,linear,,7.5,2013.0,0.9530611832733518,0.4726408164238246,2.114985616793487,2.307701094818943
tol_7p5km_int_15min,ecnopl,direct_ctw,15,nearest,,7.5,238.0,0.9602932199611266,0.357285167082524,1.9650201079223084,2.1477587739921624
tol_7p5km_int_15min,ecnopl,markov_order_1,15,linear,,7.5,2013.0,0.939003025093402,0.5905006178226926,2.114985616793487,2.307701094818943
tol_7p5km_int_15min,ecnopl,markov_order_1,15,nearest,,7.5,238.0,0.9346523308900052,0.5031534133388493,1.9650201079223084,2.1477587739921624
tol_7p5km_int_15min,ecnopl,markov_order_2,15,linear,,7.5,2013.0,0.9306184726875044,0.6583390809230422,2.114985616793487,2.307701094818943
tol_7p5km_int_15min,ecnopl,markov_order_2,15,nearest,,7.5,238.0,0.9248336738888682,0.5570613274122952,1.9650201079223084,2.1477587739921624
tol_7p5km_int_15min,ecnopl,vq_ctw,15,linear,256.0,7.5,2013.0,1.0,0.0,5.191790598813222,5.191790598813222
tol_7p5km_int_15min,ecnopl,vq_ctw,15,nearest,256.0,7.5,238.0,1.0,0.0,5.862912081322161,5.862912081322161
tol_7p5km_int_15min,ecnopl,vq_ctw,15,linear,512.0,7.5,2013.0,1.0,0.0,4.908674339690517,4.908674339690517
tol_7p5km_int_15min,ecnopl,vq_ctw,15,nearest,512.0,7.5,238.0,1.0,0.0,5.743549793563263,5.743549793563263
tol_7p5km_int_15min,ecnopl,vq_ctw,15,linear,1024.0,7.5,2013.0,1.0,0.0,4.892541576865736,4.892541576865736
tol_7p5km_int_15min,ecnopl,vq_ctw,15,nearest,1024.0,7.5,238.0,1.0,0.0,5.898677483962802,5.898677483962802
tol_7p5km_int_15min,eddreb,direct_ctw,15,linear,,7.5,2012.0,0.9611703668333448,0.4047190084120022,2.1253098093397145,2.310655223309823
tol_7p5km_int_15min,eddreb,direct_ctw,15,nearest,,7.5,279.0,0.959409143158882,0.3719481850715317,2.2166276207130537,2.3679871216085377
tol_7p5km_int_15min,eddreb,markov_order_1,15,linear,,7.5,2012.0,0.946826063721362,0.5295435256487631,2.1253098093397145,2.310655223309823
tol_7p5km_int_15min,eddreb,markov_order_1,15,nearest,,7.5,279.0,0.9465052846876316,0.4259412875852904,2.2166276207130537,2.3679871216085377
tol_7p5km_int_15min,eddreb,markov_order_2,15,linear,,7.5,2012.0,0.9412365911403228,0.5764876573042071,2.1253098093397145,2.310655223309823
tol_7p5km_int_15min,eddreb,markov_order_2,15,nearest,,7.5,279.0,0.947361699404592,0.417339774355617,2.2166276207130537,2.3679871216085377
tol_7p5km_int_15min,eddreb,vq_ctw,15,linear,256.0,7.5,2012.0,1.0,0.0,6.235004077809093,6.235004077809093
tol_7p5km_int_15min,eddreb,vq_ctw,15,nearest,256.0,7.5,279.0,1.0,0.0,6.20874597429771,6.20874597429771
tol_7p5km_int_15min,eddreb,vq_ctw,15,linear,512.0,7.5,2012.0,1.0,0.0,6.055698433433844,6.055698433433844
tol_7p5km_int_15min,eddreb,vq_ctw,15,nearest,512.0,7.5,279.0,1.0,0.0,6.252120140456365,6.252120140456365
tol_7p5km_int_15min,eddreb,vq_ctw,15,linear,1024.0,7.5,2012.0,1.0,0.0,6.04177266608898,6.04177266608898
tol_7p5km_int_15min,eddreb,vq_ctw,15,nearest,1024.0,7.5,279.0,1.0,0.0,6.46518505533096,6.46518505533096
tol_7p5km_int_15min,edeejd,direct_ctw,15,linear,,7.5,2015.0,0.935911576728396,0.5998187363829545,2.1360282663107544,2.306998252911713
tol_7p5km_int_15min,edeejd,direct_ctw,15,nearest,,7.5,189.0,0.905816366622662,0.6038233010642241,2.286203300880429,2.483760762673973
tol_7p5km_int_15min,edeejd,markov_order_1,15,linear,,7.5,2015.0,0.9209250966078564,0.7152107512209203,2.1360282663107544,2.306998252911713
tol_7p5km_int_15min,edeejd,markov_order_1,15,nearest,,7.5,189.0,0.8480897937415759,0.8689146020500159,2.286203300880429,2.483760762673973
tol_7p5km_int_15min,edeejd,markov_order_2,15,linear,,7.5,2015.0,0.9140508824194415,0.7665984395676839,2.1360282663107544,2.306998252911713
tol_7p5km_int_15min,edeejd,markov_order_2,15,nearest,,7.5,189.0,0.8463714995224213,0.8743990579167914,2.286203300880429,2.483760762673973
tol_7p5km_int_15min,edeejd,vq_ctw,15,linear,256.0,7.5,2015.0,1.0,0.0,5.85854537176782,5.85854537176782
tol_7p5km_int_15min,edeejd,vq_ctw,15,nearest,256.0,7.5,189.0,1.0,0.0,6.94089148232427,6.94089148232427
tol_7p5km_int_15min,edeejd,vq_ctw,15,linear,512.0,7.5,2015.0,1.0,0.0,5.628461037897346,5.628461037897346
tol_7p5km_int_15min,edeejd,vq_ctw,15,nearest,512.0,7.5,189.0,1.0,0.0,7.135389871965418,7.135389871965418
tol_7p5km_int_15min,edeejd,vq_ctw,15,linear,1024.0,7.5,2015.0,1.0,0.0,5.617516360783234,5.617516360783234
tol_7p5km_int_15min,edeejd,vq_ctw,15,nearest,1024.0,7.5,189.0,1.0,0.0,7.759031087826279,7.759031087826279
tol_7p5km_int_15min,edglev,direct_ctw,15,linear,,7.5,2015.0,0.9406811790240964,0.5720899718408716,2.141904589962005,2.348806163202709
tol_7p5km_int_15min,edglev,direct_ctw,15,nearest,,7.5,225.0,0.979715351671777,0.2247128807156677,2.1004115873161204,2.2653191801335653
tol_7p5km_int_15min,edglev,markov_order_1,15,linear,,7.5,2015.0,0.9239471611500156,0.705250706594242,2.141904589962005,2.348806163202709
tol_7p5km_int_15min,edglev,markov_order_1,15,nearest,,7.5,225.0,0.9702415251143464,0.2733487235969522,2.1004115873161204,2.2653191801335653
tol_7p5km_int_15min,edglev,markov_order_2,15,linear,,7.5,2015.0,0.9163123329772902,0.7640127544247205,2.141904589962005,2.348806163202709
tol_7p5km_int_15min,edglev,markov_order_2,15,nearest,,7.5,225.0,0.9656822875267792,0.2980205534301647,2.1004115873161204,2.2653191801335653
tol_7p5km_int_15min,edglev,vq_ctw,15,linear,256.0,7.5,2015.0,1.0,0.0,5.8637732211083975,5.8637732211083975
tol_7p5km_int_15min,edglev,vq_ctw,15,nearest,256.0,7.5,225.0,1.0,0.0,6.17426007999043,6.17426007999043
tol_7p5km_int_15min,edglev,vq_ctw,15,linear,512.0,7.5,2015.0,1.0,0.0,5.655438665296031,5.655438665296031
tol_7p5km_int_15min,edglev,vq_ctw,15,nearest,512.0,7.5,225.0,1.0,0.0,6.17671402060185,6.17671402060185
tol_7p5km_int_15min,edglev,vq_ctw,15,linear,1024.0,7.5,2015.0,1.0,0.0,5.652500585398249,5.652500585398249
tol_7p5km_int_15min,edglev,vq_ctw,15,nearest,1024.0,7.5,225.0,1.0,0.0,6.213035947253725,6.213035947253725
tol_7p5km_int_15min,edgrat,direct_ctw,15,linear,,7.5,2015.0,0.9495092452843996,0.5168760584675587,2.0853123644347997,2.284336865975101
tol_7p5km_int_15min,edgrat,direct_ctw,15,nearest,,7.5,363.0,0.943317555591323,0.4263085883697341,2.2566452539977435,2.427165575111243
tol_7p5km_int_15min,edgrat,markov_order_1,15,linear,,7.5,2015.0,0.9281524750395496,0.6977874639444537,2.0853123644347997,2.284336865975101
tol_7p5km_int_15min,edgrat,markov_order_1,15,nearest,,7.5,363.0,0.918739606192828,0.5516134896395782,2.2566452539977435,2.427165575111243
tol_7p5km_int_15min,edgrat,markov_order_2,15,linear,,7.5,2015.0,0.9195369418294626,0.7677883352581604,2.0853123644347997,2.284336865975101
tol_7p5km_int_15min,edgrat,markov_order_2,15,nearest,,7.5,363.0,0.905165115438728,0.6129982339351412,2.2566452539977435,2.427165575111243
tol_7p5km_int_15min,edgrat,vq_ctw,15,linear,256.0,7.5,2015.0,1.0,0.0,6.233003154677951,6.233003154677951
tol_7p5km_int_15min,edgrat,vq_ctw,15,nearest,256.0,7.5,363.0,1.0,0.0,6.462420649849865,6.462420649849865
tol_7p5km_int_15min,edgrat,vq_ctw,15,linear,512.0,7.5,2015.0,1.0,0.0,6.051861749642619,6.051861749642619
tol_7p5km_int_15min,edgrat,vq_ctw,15,nearest,512.0,7.5,363.0,1.0,0.0,6.346725601575016,6.346725601575016
tol_7p5km_int_15min,edgrat,vq_ctw,15,linear,1024.0,7.5,2015.0,1.0,0.0,6.038914223413786,6.038914223413786
tol_7p5km_int_15min,edgrat,vq_ctw,15,nearest,1024.0,7.5,363.0,0.9999999999997684,0.0191890892079993,6.67289255314262,6.67289255314262
tol_7p5km_int_15min,edjiye,direct_ctw,15,linear,,7.5,2015.0,0.9191253192103236,0.742495062033656,2.243865463991802,2.453693004619092
tol_7p5km_int_15min,edjiye,direct_ctw,15,nearest,,7.5,259.0,0.9235091226448556,0.5031862348236659,2.3353798408128146,2.521041424916349
tol_7p5km_int_15min,edjiye,markov_order_1,15,linear,,7.5,2015.0,0.8971637357309434,0.9067419066653032,2.243865463991802,2.453693004619092
tol_7p5km_int_15min,edjiye,markov_order_1,15,nearest,,7.5,259.0,0.868092073727509,0.765877311821666,2.3353798408128146,2.521041424916349
tol_7p5km_int_15min,edjiye,markov_order_2,15,linear,,7.5,2015.0,0.8890836889614951,0.9651863556356176,2.243865463991802,2.453693004619092
tol_7p5km_int_15min,edjiye,markov_order_2,15,nearest,,7.5,259.0,0.8746300038855453,0.7404922667864645,2.3353798408128146,2.521041424916349
tol_7p5km_int_15min,edjiye,vq_ctw,15,linear,256.0,7.5,2015.0,1.0,0.0,6.260559698196334,6.260559698196334
tol_7p5km_int_15min,edjiye,vq_ctw,15,nearest,256.0,7.5,259.0,1.0,0.0,7.216173799794835,7.216173799794835
tol_7p5km_int_15min,edjiye,vq_ctw,15,linear,512.0,7.5,2015.0,1.0,0.0,6.129683650100903,6.129683650100903
tol_7p5km_int_15min,edjiye,vq_ctw,15,nearest,512.0,7.5,259.0,1.0,0.0,7.504477396453661,7.504477396453661
tol_7p5km_int_15min,edjiye,vq_ctw,15,linear,1024.0,7.5,2015.0,1.0,0.0,6.119718970550122,6.119718970550122
tol_7p5km_int_15min,edjiye,vq_ctw,15,nearest,1024.0,7.5,259.0,1.0,0.0,8.335457411749875,8.335457411749875
tol_7p5km_int_15min,edlyxy,direct_ctw,15,linear,,7.5,2015.0,0.951014765391854,0.4937812295828735,2.141280328640254,2.3301527333273704
tol_7p5km_int_15min,edlyxy,direct_ctw,15,nearest,,7.5,117.0,0.9272721552397892,0.4485225696781225,2.182507876868723,2.3525206716950966
tol_7p5km_int_15min,edlyxy,markov_order_1,15,linear,,7.5,2015.0,0.9364880443600124,0.615725227856113,2.141280328640254,2.3301527333273704
tol_7p5km_int_15min,edlyxy,markov_order_1,15,nearest,,7.5,117.0,0.900156986097399,0.5675545678120981,2.182507876868723,2.3525206716950966
tol_7p5km_int_15min,edlyxy,markov_order_2,15,linear,,7.5,2015.0,0.9271477573775524,0.691340780712317,2.141280328640254,2.3301527333273704
tol_7p5km_int_15min,edlyxy,markov_order_2,15,nearest,,7.5,117.0,0.8910851384257502,0.6050211090308897,2.182507876868723,2.3525206716950966
tol_7p5km_int_15min,edlyxy,vq_ctw,15,linear,256.0,7.5,2015.0,1.0,0.0,6.107913454655507,6.107913454655507
tol_7p5km_int_15min,edlyxy,vq_ctw,15,nearest,256.0,7.5,117.0,1.0,0.0,6.2113453027530445,6.2113453027530445
tol_7p5km_int_15min,edlyxy,vq_ctw,15,linear,512.0,7.5,2015.0,1.0,0.0,5.903398562181713,5.903398562181713
tol_7p5km_int_15min,edlyxy,vq_ctw,15,nearest,512.0,7.5,117.0,1.0,0.0,6.16371199862494,6.16371199862494
tol_7p5km_int_15min,edlyxy,vq_ctw,15,linear,1024.0,7.5,2015.0,1.0,0.0,5.889514211251967,5.889514211251967
tol_7p5km_int_15min,edlyxy,vq_ctw,15,nearest,1024.0,7.5,117.0,1.0,0.0,6.256558899569909,6.256558899569909
tol_7p5km_int_15min,edmugr,direct_ctw,15,linear,,7.5,2001.0,0.9379592388568534,0.6271121260203734,2.275381932092795,2.4736430073970888
tol_7p5km_int_15min,edmugr,direct_ctw,15,nearest,,7.5,274.0,0.9225831385306807,0.4979354524908366,2.22013101071634,2.376998106354903
tol_7p5km_int_15min,edmugr,markov_order_1,15,linear,,7.5,2001.0,0.9144295878350828,0.8237275566880397,2.275381932092795,2.4736430073970888
tol_7p5km_int_15min,edmugr,markov_order_1,15,nearest,,7.5,274.0,0.8714175604761375,0.7184876926573506,2.22013101071634,2.376998106354903
tol_7p5km_int_15min,edmugr,markov_order_2,15,linear,,7.5,2001.0,0.902841465226733,0.9166109326173222,2.275381932092795,2.4736430073970888
tol_7p5km_int_15min,edmugr,markov_order_2,15,nearest,,7.5,274.0,0.864038507968953,0.7457248127348344,2.22013101071634,2.376998106354903
tol_7p5km_int_15min,edmugr,vq_ctw,15,linear,256.0,7.5,2001.0,1.0,0.0,6.83217539125413,6.83217539125413
tol_7p5km_int_15min,edmugr,vq_ctw,15,nearest,256.0,7.5,274.0,1.0,0.0,6.04413417624228,6.04413417624228
tol_7p5km_int_15min,edmugr,vq_ctw,15,linear,512.0,7.5,2001.0,1.0,0.0,6.6971923165524085,6.6971923165524085
tol_7p5km_int_15min,edmugr,vq_ctw,15,nearest,512.0,7.5,274.0,1.0,0.0,6.076495529905221,6.076495529905221
tol_7p5km_int_15min,edmugr,vq_ctw,15,linear,1024.0,7.5,2001.0,1.0,0.0,6.693819277891944,6.693819277891944
tol_7p5km_int_15min,edmugr,vq_ctw,15,nearest,1024.0,7.5,274.0,1.0,0.0,6.905731810130916,6.905731810130916
tol_7p5km_int_15min,ednill,direct_ctw,15,linear,,7.5,2014.0,0.9372041648012224,0.6225056376152517,2.173422406002458,2.36926351722114
tol_7p5km_int_15min,ednill,direct_ctw,15,nearest,,7.5,355.0,0.933944322793006,0.4231434355075841,2.2873819970360354,2.45687748705141
tol_7p5km_int_15min,ednill,markov_order_1,15,linear,,7.5,2014.0,0.915674791059324,0.798689226320895,2.173422406002458,2.36926351722114
tol_7p5km_int_15min,ednill,markov_order_1,15,nearest,,7.5,355.0,0.8974836686753507,0.5960380147667002,2.2873819970360354,2.45687748705141
tol_7p5km_int_15min,ednill,markov_order_2,15,linear,,7.5,2014.0,0.9069665425332506,0.8673574713804764,2.173422406002458,2.36926351722114
tol_7p5km_int_15min,ednill,markov_order_2,15,nearest,,7.5,355.0,0.8863641769214273,0.6423661353712136,2.2873819970360354,2.45687748705141
tol_7p5km_int_15min,ednill,vq_ctw,15,linear,256.0,7.5,2014.0,1.0,0.0,6.008434456923538,6.008434456923538
tol_7p5km_int_15min,ednill,vq_ctw,15,nearest,256.0,7.5,355.0,1.0,0.0,6.460731890364267,6.460731890364267
tol_7p5km_int_15min,ednill,vq_ctw,15,linear,512.0,7.5,2014.0,1.0,0.0,5.790801277503766,5.790801277503766
tol_7p5km_int_15min,ednill,vq_ctw,15,nearest,512.0,7.5,355.0,1.0,0.0,6.508894421928791,6.508894421928791
tol_7p5km_int_15min,ednill,vq_ctw,15,linear,1024.0,7.5,2014.0,1.0,0.0,5.78232085130634,5.78232085130634
tol_7p5km_int_15min,ednill,vq_ctw,15,nearest,1024.0,7.5,355.0,1.0,0.0,7.16567393741262,7.16567393741262
tol_7p5km_int_15min,edodbl,direct_ctw,15,linear,,7.5,2015.0,0.930663748643431,0.6407867805130583,2.279646075818933,2.459283830118713
tol_7p5km_int_15min,edodbl,direct_ctw,15,nearest,,7.5,189.0,0.9214519013540038,0.5049182010621331,2.295217041965143,2.479223780222831
tol_7p5km_int_15min,edodbl,markov_order_1,15,linear,,7.5,2015.0,0.9148172250998758,0.7609138818557424,2.279646075818933,2.459283830118713
tol_7p5km_int_15min,edodbl,markov_order_1,15,nearest,,7.5,189.0,0.8759099130647343,0.7112001099038299,2.295217041965143,2.479223780222831
tol_7p5km_int_15min,edodbl,markov_order_2,15,linear,,7.5,2015.0,0.9096038105773,0.7993756227348031,2.279646075818933,2.459283830118713
tol_7p5km_int_15min,edodbl,markov_order_2,15,nearest,,7.5,189.0,0.8768877718256266,0.7102796193111743,2.295217041965143,2.479223780222831
tol_7p5km_int_15min,edodbl,vq_ctw,15,linear,256.0,7.5,2015.0,1.0,0.0,5.707059574252736,5.707059574252736
tol_7p5km_int_15min,edodbl,vq_ctw,15,nearest,256.0,7.5,189.0,1.0,0.0,6.5396127290440695,6.5396127290440695
tol_7p5km_int_15min,edodbl,vq_ctw,15,linear,512.0,7.5,2015.0,1.0,0.0,5.571784917645584,5.571784917645584
tol_7p5km_int_15min,edodbl,vq_ctw,15,nearest,512.0,7.5,189.0,1.0,0.0,6.426906380897249,6.426906380897249
tol_7p5km_int_15min,edodbl,vq_ctw,15,linear,1024.0,7.5,2015.0,1.0,0.0,5.567445892153281,5.567445892153281
tol_7p5km_int_15min,edodbl,vq_ctw,15,nearest,1024.0,7.5,189.0,1.0,0.0,7.308283194993361,7.308283194993361
tol_7p5km_int_15min,edombo,direct_ctw,15,linear,,7.5,246.0,0.9425468028630593,0.5417143384259246,2.221524137408557,2.4017287741377045
tol_7p5km_int_15min,edombo,markov_order_1,15,linear,,7.5,246.0,0.8811444894228424,0.9904175700251128,2.221524137408557,2.4017287741377045
tol_7p5km_int_15min,edombo,markov_order_2,15,linear,,7.5,246.0,0.8623863050008396,1.115596664169256,2.221524137408557,2.4017287741377045
tol_7p5km_int_15min,edombo,vq_ctw,15,linear,256.0,7.5,246.0,1.0,0.0,9.542660371323755,9.542660371323755
tol_7p5km_int_15min,edombo,vq_ctw,15,linear,512.0,7.5,246.0,1.0,0.0,9.569301318251908,9.569301318251908
tol_7p5km_int_15min,edombo,vq_ctw,15,linear,1024.0,7.5,246.0,1.0,0.0,9.583125665045536,9.583125665045536
tol_7p5km_int_15min,edrafs,direct_ctw,15,linear,,7.5,286.0,0.9180354770206404,0.6209389810475162,2.1368848098641218,2.336417131816097
tol_7p5km_int_15min,edrafs,markov_order_1,15,linear,,7.5,286.0,0.8853627165946387,0.8100799449398216,2.1368848098641218,2.336417131816097
tol_7p5km_int_15min,edrafs,markov_order_2,15,linear,,7.5,286.0,0.8794801333271294,0.8423926981390153,2.1368848098641218,2.336417131816097
tol_7p5km_int_15min,edrafs,vq_ctw,15,linear,256.0,7.5,286.0,1.0,0.0,5.698002905835193,5.698002905835193
tol_7p5km_int_15min,edrafs,vq_ctw,15,linear,512.0,7.5,286.0,1.0,0.0,5.544022108536905,5.544022108536905
tol_7p5km_int_15min,edrafs,vq_ctw,15,linear,1024.0,7.5,286.0,1.0,0.0,5.526761674729657,5.526761674729657
tol_7p5km_int_15min,eedigk,direct_ctw,15,linear,,7.5,2015.0,0.9386294285641592,0.5599598197022375,2.2255399150730657,2.4016458562286003
tol_7p5km_int_15min,eedigk,direct_ctw,15,nearest,,7.5,364.0,0.9323073046344704,0.4684096780353574,2.376270069196346,2.5332249308801456
tol_7p5km_int_15min,eedigk,markov_order_1,15,linear,,7.5,2015.0,0.925721651902735,0.6565530417749812,2.2255399150730657,2.4016458562286003
tol_7p5km_int_15min,eedigk,markov_order_1,15,nearest,,7.5,364.0,0.8968021077240311,0.6170324675841475,2.376270069196346,2.5332249308801456
tol_7p5km_int_15min,eedigk,markov_order_2,15,linear,,7.5,2015.0,0.921528319507227,0.6871507579406827,2.2255399150730657,2.4016458562286003
tol_7p5km_int_15min,eedigk,markov_order_2,15,nearest,,7.5,364.0,0.8861021392570685,0.6533256490823363,2.376270069196346,2.5332249308801456
tol_7p5km_int_15min,eedigk,vq_ctw,15,linear,256.0,7.5,2015.0,1.0,0.0,5.525710872297434,5.525710872297434
tol_7p5km_int_15min,eedigk,vq_ctw,15,nearest,256.0,7.5,364.0,1.0,0.0,6.884537207947647,6.884537207947647
tol_7p5km_int_15min,eedigk,vq_ctw,15,linear,512.0,7.5,2015.0,1.0,0.0,5.318779599906418,5.318779599906418
tol_7p5km_int_15min,eedigk,vq_ctw,15,nearest,512.0,7.5,364.0,1.0,0.0,6.826141181118819,6.826141181118819
tol_7p5km_int_15min,eedigk,vq_ctw,15,linear,1024.0,7.5,2015.0,1.0,0.0,5.296768851327824,5.296768851327824
tol_7p5km_int_15min,eedigk,vq_ctw,15,nearest,1024.0,7.5,364.0,1.0,0.0,7.484422503466675,7.484422503466675
tol_7p5km_int_15min,eefayb,direct_ctw,15,linear,,7.5,2013.0,0.9356292739821964,0.6316129509294133,2.185074402740663,2.366647085892088
tol_7p5km_int_15min,eefayb,direct_ctw,15,nearest,,7.5,44.0,0.9510839422573626,0.3593045998531869,2.5595926088496537,2.7196802084434104
tol_7p5km_int_15min,eefayb,markov_order_1,15,linear,,7.5,2013.0,0.9112513243590872,0.8280478605914656,2.185074402740663,2.366647085892088
tol_7p5km_int_15min,eefayb,markov_order_1,15,nearest,,7.5,44.0,0.9288620114085068,0.4829071671197382,2.5595926088496537,2.7196802084434104
tol_7p5km_int_15min,eefayb,markov_order_2,15,linear,,7.5,2013.0,0.9019874563374431,0.8997438949511283,2.185074402740663,2.366647085892088
tol_7p5km_int_15min,eefayb,markov_order_2,15,nearest,,7.5,44.0,0.9254681026205294,0.5007428902515414,2.5595926088496537,2.7196802084434104
tol_7p5km_int_15min,eefayb,vq_ctw,15,linear,256.0,7.5,2013.0,1.0,0.0,6.3881644383019145,6.3881644383019145
tol_7p5km_int_15min,eefayb,vq_ctw,15,nearest,256.0,7.5,44.0,1.0,0.0,9.632475154813974,9.632475154813974
tol_7p5km_int_15min,eefayb,vq_ctw,15,linear,512.0,7.5,2013.0,1.0,0.0,6.24538656672311,6.24538656672311
tol_7p5km_int_15min,eefayb,vq_ctw,15,nearest,512.0,7.5,44.0,1.0,0.0,9.359083970373977,9.359083970373977
tol_7p5km_int_15min,eefayb,vq_ctw,15,linear,1024.0,7.5,2013.0,1.0,0.0,6.242225341300227,6.242225341300227
tol_7p5km_int_15min,eefayb,vq_ctw,15,nearest,1024.0,7.5,44.0,1.0,0.0,10.263186950552374,10.263186950552374
tol_7p5km_int_15min,eegcef,direct_ctw,15,linear,,7.5,1924.0,0.9531475559042552,0.4285132772026931,2.12775382217224,2.3156749619789214
tol_7p5km_int_15min,eegcef,direct_ctw,15,nearest,,7.5,198.0,0.9596364231908864,0.3096123416067557,2.0581752944375618,2.2378870536376367
tol_7p5km_int_15min,eegcef,markov_order_1,15,linear,,7.5,1924.0,0.9439277109331886,0.4979200102967683,2.12775382217224,2.3156749619789214
tol_7p5km_int_15min,eegcef,markov_order_1,15,nearest,,7.5,198.0,0.9256378539677992,0.4813475657693279,2.0581752944375618,2.2378870536376367
tol_7p5km_int_15min,eegcef,markov_order_2,15,linear,,7.5,1924.0,0.9407605412989422,0.5212076490860054,2.12775382217224,2.3156749619789214
tol_7p5km_int_15min,eegcef,markov_order_2,15,nearest,,7.5,198.0,0.9293625230635134,0.4667974915686989,2.0581752944375618,2.2378870536376367
tol_7p5km_int_15min,eegcef,vq_ctw,15,linear,256.0,7.5,1924.0,1.0,0.0,4.8491560086099685,4.8491560086099685
tol_7p5km_int_15min,eegcef,vq_ctw,15,nearest,256.0,7.5,198.0,1.0,0.0,5.752886097949606,5.752886097949606
tol_7p5km_int_15min,eegcef,vq_ctw,15,linear,512.0,7.5,1924.0,1.0,0.0,4.501958586385397,4.501958586385397
tol_7p5km_int_15min,eegcef,vq_ctw,15,nearest,512.0,7.5,198.0,1.0,0.0,5.4614039386696245,5.4614039386696245
tol_7p5km_int_15min,eegcef,vq_ctw,15,linear,1024.0,7.5,1924.0,1.0,0.0,4.46789750724246,4.46789750724246
tol_7p5km_int_15min,eegcef,vq_ctw,15,nearest,1024.0,7.5,198.0,1.0,0.0,5.70389865243751,5.70389865243751
tol_7p5km_int_15min,eemafb,direct_ctw,15,linear,,7.5,2013.0,0.93104462866818,0.6695149170468712,2.3084034747483417,2.52529638713217
tol_7p5km_int_15min,eemafb,markov_order_1,15,linear,,7.5,2013.0,0.9048755612449072,0.8775480129566023,2.3084034747483417,2.52529638713217
tol_7p5km_int_15min,eemafb,markov_order_2,15,linear,,7.5,2013.0,0.8974770307823983,0.9341367456974872,2.3084034747483417,2.52529638713217
tol_7p5km_int_15min,eemafb,vq_ctw,15,linear,256.0,7.5,2013.0,1.0,0.0,7.331259230065613,7.331259230065613
tol_7p5km_int_15min,eemafb,vq_ctw,15,linear,512.0,7.5,2013.0,1.0,0.0,7.383396589798982,7.383396589798982
tol_7p5km_int_15min,eemafb,vq_ctw,15,linear,1024.0,7.5,2013.0,1.0,0.0,7.387888137509577,7.387888137509577
tol_7p5km_int_15min,eenjou,direct_ctw,15,linear,,7.5,2015.0,0.963642037589107,0.3556787443859751,2.091448121216671,2.2424422833395905
tol_7p5km_int_15min,eenjou,direct_ctw,15,nearest,,7.5,116.0,0.9834469293866548,0.1798378915420917,2.158952719678058,2.3407246761535574
tol_7p5km_int_15min,eenjou,markov_order_1,15,linear,,7.5,2015.0,0.9535779781863336,0.4374202010779988,2.091448121216671,2.2424422833395905
tol_7p5km_int_15min,eenjou,markov_order_1,15,nearest,,7.5,116.0,0.9783083438540352,0.2183912314559322,2.158952719678058,2.3407246761535574
tol_7p5km_int_15min,eenjou,markov_order_2,15,linear,,7.5,2015.0,0.9504177301705654,0.4623703907589465,2.091448121216671,2.2424422833395905
tol_7p5km_int_15min,eenjou,markov_order_2,15,nearest,,7.5,116.0,0.977336364422534,0.2302633673728198,2.158952719678058,2.3407246761535574
tol_7p5km_int_15min,eenjou,vq_ctw,15,linear,256.0,7.5,2015.0,1.0,0.0,5.119361415673164,5.119361415673164
tol_7p5km_int_15min,eenjou,vq_ctw,15,nearest,256.0,7.5,116.0,1.0,0.0,6.286030480195356,6.286030480195356
tol_7p5km_int_15min,eenjou,vq_ctw,15,linear,512.0,7.5,2015.0,1.0,0.0,4.750769082348496,4.750769082348496
tol_7p5km_int_15min,eenjou,vq_ctw,15,nearest,512.0,7.5,116.0,1.0,0.0,5.767710726247469,5.767710726247469
tol_7p5km_int_15min,eenjou,vq_ctw,15,linear,1024.0,7.5,2015.0,1.0,0.0,4.718874045503656,4.718874045503656
tol_7p5km_int_15min,eenjou,vq_ctw,15,nearest,1024.0,7.5,116.0,1.0,0.0,6.690393671050543,6.690393671050543
tol_7p5km_int_15min,eersdo,direct_ctw,15,linear,,7.5,2015.0,0.9333317409610092,0.5748325605396795,2.273866847779202,2.450175090508381
tol_7p5km_int_15min,eersdo,direct_ctw,15,nearest,,7.5,151.0,0.9654235674880592,0.473570637760864,2.5688564873546422,2.714662311197449
tol_7p5km_int_15min,eersdo,markov_order_1,15,linear,,7.5,2015.0,0.9203894527737024,0.6652659539678093,2.273866847779202,2.450175090508381
tol_7p5km_int_15min,eersdo,markov_order_1,15,nearest,,7.5,151.0,0.94670941680516,0.5988898655036378,2.5688564873546422,2.714662311197449
tol_7p5km_int_15min,eersdo,markov_order_2,15,linear,,7.5,2015.0,0.9181471608163344,0.6805836177120732,2.273866847779202,2.450175090508381
tol_7p5km_int_15min,eersdo,markov_order_2,15,nearest,,7.5,151.0,0.9405143873793984,0.601593918052585,2.5688564873546422,2.714662311197449
tol_7p5km_int_15min,eersdo,vq_ctw,15,linear,256.0,7.5,2015.0,1.0,0.0,5.189302740190071,5.189302740190071
tol_7p5km_int_15min,eersdo,vq_ctw,15,nearest,256.0,7.5,151.0,1.0,0.0,7.267437178881863,7.267437178881863
tol_7p5km_int_15min,eersdo,vq_ctw,15,linear,512.0,7.5,2015.0,1.0,0.0,4.909351704795345,4.909351704795345
tol_7p5km_int_15min,eersdo,vq_ctw,15,nearest,512.0,7.5,151.0,1.0,0.0,7.302570352881451,7.302570352881451
tol_7p5km_int_15min,eersdo,vq_ctw,15,linear,1024.0,7.5,2015.0,1.0,0.0,4.8874861665808,4.8874861665808
tol_7p5km_int_15min,eersdo,vq_ctw,15,nearest,1024.0,7.5,151.0,1.0,0.0,8.270773783835363,8.270773783835363
tol_7p5km_int_15min,eesbaj,direct_ctw,15,linear,,7.5,2015.0,0.932275552738292,0.6637295060461702,2.236631675712368,2.4575312102019407
tol_7p5km_int_15min,eesbaj,direct_ctw,15,nearest,,7.5,461.0,0.9365478256759012,0.4804900287937487,2.230810474858808,2.4059095006817106
tol_7p5km_int_15min,eesbaj,markov_order_1,15,linear,,7.5,2015.0,0.906991058450426,0.8671660265939855,2.236631675712368,2.4575312102019407
tol_7p5km_int_15min,eesbaj,markov_order_1,15,nearest,,7.5,461.0,0.9013659971969804,0.6352871361035558,2.230810474858808,2.4059095006817106
tol_7p5km_int_15min,eesbaj,markov_order_2,15,linear,,7.5,2015.0,0.8943502083412866,0.964566712665,2.236631675712368,2.4575312102019407
tol_7p5km_int_15min,eesbaj,markov_order_2,15,nearest,,7.5,461.0,0.8914219672772381,0.6785561974998042,2.230810474858808,2.4059095006817106
tol_7p5km_int_15min,eesbaj,vq_ctw,15,linear,256.0,7.5,2015.0,1.0,0.0,7.302708893308337,7.302708893308337
tol_7p5km_int_15min,eesbaj,vq_ctw,15,nearest,256.0,7.5,461.0,1.0,0.0,6.192204337595485,6.192204337595485
tol_7p5km_int_15min,eesbaj,vq_ctw,15,linear,512.0,7.5,2015.0,1.0,0.0,7.199365110353289,7.199365110353289
tol_7p5km_int_15min,eesbaj,vq_ctw,15,nearest,512.0,7.5,461.0,1.0,0.0,6.212635236225501,6.212635236225501
tol_7p5km_int_15min,eesbaj,vq_ctw,15,linear,1024.0,7.5,2015.0,1.0,0.0,7.198611668010932,7.198611668010932
tol_7p5km_int_15min,eesbaj,vq_ctw,15,nearest,1024.0,7.5,461.0,1.0,0.0,6.29429630887751,6.29429630887751
tol_7p5km_int_15min,efcati,direct_ctw,15,linear,,7.5,1980.0,0.9325038299275992,0.6659770112087738,2.2917716039640514,2.501736574977377
tol_7p5km_int_15min,efcati,direct_ctw,15,nearest,,7.5,216.0,0.9442971291862507,0.3920507912430516,2.113233489194061,2.2898563434788484
tol_7p5km_int_15min,efcati,markov_order_1,15,linear,,7.5,1980.0,0.9059422999263071,0.8811218214053718,2.2917716039640514,2.501736574977377
tol_7p5km_int_15min,efcati,markov_order_1,15,nearest,,7.5,216.0,0.9154267455102124,0.5502673510016173,2.113233489194061,2.2898563434788484
tol_7p5km_int_15min,efcati,markov_order_2,15,linear,,7.5,1980.0,0.8898949799760363,1.0050600370536418,2.2917716039640514,2.501736574977377
tol_7p5km_int_15min,efcati,markov_order_2,15,nearest,,7.5,216.0,0.9066201461634376,0.5925854639954471,2.113233489194061,2.2898563434788484
tol_7p5km_int_15min,efcati,vq_ctw,15,linear,256.0,7.5,1980.0,1.0,0.0,7.958776178737823,7.958776178737823
tol_7p5km_int_15min,efcati,vq_ctw,15,nearest,256.0,7.5,216.0,1.0,0.0,7.073128044068175,7.073128044068175
tol_7p5km_int_15min,efcati,vq_ctw,15,linear,512.0,7.5,1980.0,1.0,0.0,7.663400775056247,7.663400775056247
tol_7p5km_int_15min,efcati,vq_ctw,15,nearest,512.0,7.5,216.0,1.0,0.0,6.390623235465887,6.390623235465887
tol_7p5km_int_15min,efcati,vq_ctw,15,linear,1024.0,7.5,1980.0,1.0,0.0,7.65257338393031,7.65257338393031
tol_7p5km_int_15min,efcati,vq_ctw,15,nearest,1024.0,7.5,216.0,1.0,0.0,7.094510567392126,7.094510567392126
tol_7p5km_int_15min,effneo,direct_ctw,15,linear,,7.5,2015.0,0.9223867025858192,0.710954620821635,2.2765454292740603,2.4571700012795983
tol_7p5km_int_15min,effneo,direct_ctw,15,nearest,,7.5,170.0,0.9084372453249848,0.5487365276088002,2.347157974313597,2.508681484984097
tol_7p5km_int_15min,effneo,markov_order_1,15,linear,,7.5,2015.0,0.9020085139774128,0.8631327849102881,2.2765454292740603,2.4571700012795983
tol_7p5km_int_15min,effneo,markov_order_1,15,nearest,,7.5,170.0,0.8753627474145196,0.6861931233039712,2.347157974313597,2.508681484984097
tol_7p5km_int_15min,effneo,markov_order_2,15,linear,,7.5,2015.0,0.8980248036087912,0.8920455556106366,2.2765454292740603,2.4571700012795983
tol_7p5km_int_15min,effneo,markov_order_2,15,nearest,,7.5,170.0,0.8627040045568315,0.7392818507103561,2.347157974313597,2.508681484984097
tol_7p5km_int_15min,effneo,vq_ctw,15,linear,256.0,7.5,2015.0,1.0,0.0,5.855509182088664,5.855509182088664
tol_7p5km_int_15min,effneo,vq_ctw,15,nearest,256.0,7.5,170.0,1.0,0.0,6.249163079322636,6.249163079322636
tol_7p5km_int_15min,effneo,vq_ctw,15,linear,512.0,7.5,2015.0,1.0,0.0,5.662755618104694,5.662755618104694
tol_7p5km_int_15min,effneo,vq_ctw,15,nearest,512.0,7.5,170.0,1.0,0.0,6.165559362227055,6.165559362227055
tol_7p5km_int_15min,effneo,vq_ctw,15,linear,1024.0,7.5,2015.0,1.0,0.0,5.658825788384344,5.658825788384344
tol_7p5km_int_15min,effneo,vq_ctw,15,nearest,1024.0,7.5,170.0,1.0,0.0,6.669046941162664,6.669046941162664
tol_7p5km_int_15min,efghak,direct_ctw,15,linear,,7.5,2014.0,0.9484510306492792,0.4777419031426502,2.25698847519209,2.4455972831369577
tol_7p5km_int_15min,efghak,direct_ctw,15,nearest,,7.5,69.0,0.9242160098696336,0.48726416350794,2.203633955095786,2.410166330294807
tol_7p5km_int_15min,efghak,markov_order_1,15,linear,,7.5,2014.0,0.9374314566949016,0.5618636814053456,2.25698847519209,2.4455972831369577
tol_7p5km_int_15min,efghak,markov_order_1,15,nearest,,7.5,69.0,0.8965609071201448,0.6086114135146434,2.203633955095786,2.410166330294807
tol_7p5km_int_15min,efghak,markov_order_2,15,linear,,7.5,2014.0,0.933616506109544,0.5902626011513489,2.25698847519209,2.4455972831369577
tol_7p5km_int_15min,efghak,markov_order_2,15,nearest,,7.5,69.0,0.8873754374479443,0.6472185139249442,2.203633955095786,2.410166330294807
tol_7p5km_int_15min,efghak,vq_ctw,15,linear,256.0,7.5,2014.0,1.0,0.0,5.472427766374616,5.472427766374616
tol_7p5km_int_15min,efghak,vq_ctw,15,nearest,256.0,7.5,69.0,1.0,0.0,8.755502340537111,8.755502340537111
tol_7p5km_int_15min,efghak,vq_ctw,15,linear,512.0,7.5,2014.0,1.0,0.0,5.293949500854389,5.293949500854389
tol_7p5km_int_15min,efghak,vq_ctw,15,nearest,512.0,7.5,69.0,1.0,0.0,8.470202422106329,8.470202422106329
tol_7p5km_int_15min,efghak,vq_ctw,15,linear,1024.0,7.5,2014.0,1.0,0.0,5.283069714679225,5.283069714679225
tol_7p5km_int_15min,efghak,vq_ctw,15,nearest,1024.0,7.5,69.0,1.0,0.0,9.401922267146109,9.401922267146109
tol_7p5km_int_15min,efgoak,direct_ctw,15,linear,,7.5,2015.0,0.9494746275004324,0.475590618671756,1.934077934096485,2.1377769021079573
tol_7p5km_int_15min,efgoak,direct_ctw,15,nearest,,7.5,285.0,0.9653718062938808,0.31633758514873,2.1268433463776555,2.296762428538757
tol_7p5km_int_15min,efgoak,markov_order_1,15,linear,,7.5,2015.0,0.9395086508293694,0.5532369028856139,1.934077934096485,2.1377769021079573
tol_7p5km_int_15min,efgoak,markov_order_1,15,nearest,,7.5,285.0,0.9530620270236227,0.39087011877048,2.1268433463776555,2.296762428538757
tol_7p5km_int_15min,efgoak,markov_order_2,15,linear,,7.5,2015.0,0.934090283261908,0.5943656257068699,1.934077934096485,2.1377769021079573
tol_7p5km_int_15min,efgoak,markov_order_2,15,nearest,,7.5,285.0,0.949517818407906,0.4118137887314408,2.1268433463776555,2.296762428538757
tol_7p5km_int_15min,efgoak,vq_ctw,15,linear,256.0,7.5,2015.0,1.0,0.0,5.556784361470253,5.556784361470253
tol_7p5km_int_15min,efgoak,vq_ctw,15,nearest,256.0,7.5,285.0,1.0,0.0,6.209203924400749,6.209203924400749
tol_7p5km_int_15min,efgoak,vq_ctw,15,linear,512.0,7.5,2015.0,1.0,0.0,5.233988107075952,5.233988107075952
tol_7p5km_int_15min,efgoak,vq_ctw,15,nearest,512.0,7.5,285.0,1.0,0.0,5.953219721262284,5.953219721262284
tol_7p5km_int_15min,efgoak,vq_ctw,15,linear,1024.0,7.5,2015.0,1.0,0.0,5.205837001195724,5.205837001195724
tol_7p5km_int_15min,efgoak,vq_ctw,15,nearest,1024.0,7.5,285.0,1.0,0.0,6.289656340321708,6.289656340321708
tol_7p5km_int_15min,efmymo,direct_ctw,15,linear,,7.5,323.0,0.9600138129016964,0.3750600921423436,2.272612240649651,2.466152133070837
tol_7p5km_int_15min,efmymo,direct_ctw,15,nearest,,7.5,34.0,0.9648126561068948,0.2549607818175056,2.040151841231809,2.256149831655196
tol_7p5km_int_15min,efmymo,markov_order_1,15,linear,,7.5,323.0,0.9376214881477042,0.5440321749748978,2.272612240649651,2.466152133070837
tol_7p5km_int_15min,efmymo,markov_order_1,15,nearest,,7.5,34.0,0.923327790688808,0.4670157820034389,2.040151841231809,2.256149831655196
tol_7p5km_int_15min,efmymo,markov_order_2,15,linear,,7.5,323.0,0.9259349744234562,0.6269523026565088,2.272612240649651,2.466152133070837
tol_7p5km_int_15min,efmymo,markov_order_2,15,nearest,,7.5,34.0,0.9429906960567914,0.3724660561024124,2.040151841231809,2.256149831655196
tol_7p5km_int_15min,efmymo,vq_ctw,15,linear,256.0,7.5,323.0,1.0,0.0,5.060320231855167,5.060320231855167
tol_7p5km_int_15min,efmymo,vq_ctw,15,nearest,256.0,7.5,34.0,1.0,0.0,5.757358776419429,5.757358776419429
tol_7p5km_int_15min,efmymo,vq_ctw,15,linear,512.0,7.5,323.0,1.0,0.0,4.780519223932515,4.780519223932515
tol_7p5km_int_15min,efmymo,vq_ctw,15,nearest,512.0,7.5,34.0,1.0,0.0,5.2651126284022975,5.2651126284022975
tol_7p5km_int_15min,efmymo,vq_ctw,15,linear,1024.0,7.5,323.0,1.0,0.0,4.778676686893267,4.778676686893267
tol_7p5km_int_15min,efmymo,vq_ctw,15,nearest,1024.0,7.5,34.0,1.0,0.0,5.934608156787554,5.934608156787554
tol_7p5km_int_15min,efonve,direct_ctw,15,linear,,7.5,2006.0,0.9313257330205048,0.6910982609569356,2.120481229539001,2.332790964341392
tol_7p5km_int_15min,efonve,direct_ctw,15,nearest,,7.5,528.0,0.941641793547695,0.4837303381353325,2.2572888578292734,2.441849855736685
tol_7p5km_int_15min,efonve,markov_order_1,15,linear,,7.5,2006.0,0.907823859713156,0.8868155011819974,2.120481229539001,2.332790964341392
tol_7p5km_int_15min,efonve,markov_order_1,15,nearest,,7.5,528.0,0.9219437079589292,0.5882483776086371,2.2572888578292734,2.441849855736685
tol_7p5km_int_15min,efonve,markov_order_2,15,linear,,7.5,2006.0,0.8943650766151521,0.994432084281524,2.120481229539001,2.332790964341392
tol_7p5km_int_15min,efonve,markov_order_2,15,nearest,,7.5,528.0,0.913272417477658,0.6249891666383784,2.2572888578292734,2.441849855736685
tol_7p5km_int_15min,efonve,vq_ctw,15,linear,256.0,7.5,2006.0,1.0,0.0,7.225599482524006,7.225599482524006
tol_7p5km_int_15min,efonve,vq_ctw,15,nearest,256.0,7.5,528.0,1.0,0.0,6.389057317068591,6.389057317068591
tol_7p5km_int_15min,efonve,vq_ctw,15,linear,512.0,7.5,2006.0,1.0,0.0,7.04738122851483,7.04738122851483
tol_7p5km_int_15min,efonve,vq_ctw,15,nearest,512.0,7.5,528.0,1.0,0.0,6.405175950112269,6.405175950112269
tol_7p5km_int_15min,efonve,vq_ctw,15,linear,1024.0,7.5,2006.0,1.0,0.0,7.030035761786998,7.030035761786998
tol_7p5km_int_15min,efonve,vq_ctw,15,nearest,1024.0,7.5,528.0,1.0,0.0,6.359686590868321,6.359686590868321
tol_7p5km_int_15min,efsphe,direct_ctw,15,linear,,7.5,1981.0,0.8864990698631574,1.016535974433493,2.4134646338233865,2.617287860026274
tol_7p5km_int_15min,efsphe,markov_order_1,15,linear,,7.5,1981.0,0.8514542655022771,1.2686185527412843,2.4134646338233865,2.617287860026274
tol_7p5km_int_15min,efsphe,markov_order_2,15,linear,,7.5,1981.0,0.8419626418319677,1.3343503413979436,2.4134646338233865,2.617287860026274
tol_7p5km_int_15min,efsphe,vq_ctw,15,linear,256.0,7.5,1981.0,1.0,0.0,9.226738006705554,9.226738006705554
tol_7p5km_int_15min,efsphe,vq_ctw,15,linear,512.0,7.5,1981.0,1.0,0.0,9.414056801695308,9.414056801695308
tol_7p5km_int_15min,efsphe,vq_ctw,15,linear,1024.0,7.5,1981.0,1.0,0.0,9.294716720737766,9.294716720737766
tol_7p5km_int_15min,eggfri,direct_ctw,15,linear,,7.5,2015.0,0.9338145814245272,0.6326752224016533,2.288935602778079,2.482555931584526
tol_7p5km_int_15min,eggfri,direct_ctw,15,nearest,,7.5,269.0,0.9417255819213546,0.4071369737666646,2.3133361571158515,2.477905533645981
tol_7p5km_int_15min,eggfri,markov_order_1,15,linear,,7.5,2015.0,0.9095242256290472,0.8223904305423086,2.288935602778079,2.482555931584526
tol_7p5km_int_15min,eggfri,markov_order_1,15,nearest,,7.5,269.0,0.9131659977506156,0.5415760989898712,2.3133361571158515,2.477905533645981
tol_7p5km_int_15min,eggfri,markov_order_2,15,linear,,7.5,2015.0,0.9040254868151456,0.8637964169664606,2.288935602778079,2.482555931584526
tol_7p5km_int_15min,eggfri,markov_order_2,15,nearest,,7.5,269.0,0.91076030502909,0.5542581256087779,2.3133361571158515,2.477905533645981
tol_7p5km_int_15min,eggfri,vq_ctw,15,linear,256.0,7.5,2015.0,1.0,0.0,6.675270136892574,6.675270136892574
tol_7p5km_int_15min,eggfri,vq_ctw,15,nearest,256.0,7.5,269.0,1.0,0.0,6.854219106482903,6.854219106482903
tol_7p5km_int_15min,eggfri,vq_ctw,15,linear,512.0,7.5,2015.0,1.0,0.0,6.599220221505645,6.599220221505645
tol_7p5km_int_15min,eggfri,vq_ctw,15,nearest,512.0,7.5,269.0,1.0,0.0,6.912144745598407,6.912144745598407
tol_7p5km_int_15min,eggfri,vq_ctw,15,linear,1024.0,7.5,2015.0,1.0,0.0,6.592822863947699,6.592822863947699
tol_7p5km_int_15min,eggfri,vq_ctw,15,nearest,1024.0,7.5,269.0,1.0,0.0,7.358956626293865,7.358956626293865
tol_7p5km_int_15min,eghanw,direct_ctw,15,linear,,7.5,1809.0,0.9199655854163908,0.7482034254652581,2.2509256966688813,2.4768298653989294
tol_7p5km_int_15min,eghanw,direct_ctw,15,nearest,,7.5,32.0,0.9010143443002728,0.7216461348416776,2.743086268056089,2.8910120521475204
tol_7p5km_int_15min,eghanw,markov_order_1,15,linear,,7.5,1809.0,0.8904497368486239,0.972026284008918,2.2509256966688813,2.4768298653989294
tol_7p5km_int_15min,eghanw,markov_order_1,15,nearest,,7.5,32.0,0.708408656762496,1.62452071514642,2.743086268056089,2.8910120521475204
tol_7p5km_int_15min,eghanw,markov_order_2,15,linear,,7.5,1809.0,0.8809029293180741,1.0414888174335324,2.2509256966688813,2.4768298653989294
tol_7p5km_int_15min,eghanw,markov_order_2,15,nearest,,7.5,32.0,0.7124926880638057,1.6086750909976644,2.743086268056089,2.8910120521475204
tol_7p5km_int_15min,eghanw,vq_ctw,15,linear,256.0,7.5,1809.0,1.0,0.0,7.47706602308371,7.47706602308371
tol_7p5km_int_15min,eghanw,vq_ctw,15,nearest,256.0,7.5,32.0,1.0,0.0,16.032842545852485,16.032842545852485
tol_7p5km_int_15min,eghanw,vq_ctw,15,linear,512.0,7.5,1809.0,1.0,0.0,7.444370910730522,7.444370910730522
tol_7p5km_int_15min,eghanw,vq_ctw,15,nearest,512.0,7.5,32.0,1.0,0.0,16.19693675455387,16.19693675455387
tol_7p5km_int_15min,eghanw,vq_ctw,15,linear,1024.0,7.5,1809.0,1.0,0.0,7.446489175077468,7.446489175077468
tol_7p5km_int_15min,eghanw,vq_ctw,15,nearest,1024.0,7.5,32.0,1.0,0.0,20.777518719006185,20.777518719006185
tol_7p5km_int_15min,egloha,direct_ctw,15,linear,,7.5,2014.0,0.9317344911969944,0.6261231509304367,2.270512728360718,2.4520820284618194
tol_7p5km_int_15min,egloha,direct_ctw,15,nearest,,7.5,32.0,0.911050489055102,0.5219031787951054,2.30168535086071,2.467243541877678
tol_7p5km_int_15min,egloha,markov_order_1,15,linear,,7.5,2014.0,0.9164582487129194,0.7409259305594139,2.270512728360718,2.4520820284618194
tol_7p5km_int_15min,egloha,markov_order_1,15,nearest,,7.5,32.0,0.8589140515534479,0.7281617109881858,2.30168535086071,2.467243541877678
tol_7p5km_int_15min,egloha,markov_order_2,15,linear,,7.5,2014.0,0.9117250771952008,0.7755658369397826,2.270512728360718,2.4520820284618194
tol_7p5km_int_15min,egloha,markov_order_2,15,nearest,,7.5,32.0,0.8762817385133281,0.6636735428636092,2.30168535086071,2.467243541877678
tol_7p5km_int_15min,egloha,vq_ctw,15,linear,256.0,7.5,2014.0,1.0,0.0,6.449596484078215,6.449596484078215
tol_7p5km_int_15min,egloha,vq_ctw,15,nearest,256.0,7.5,32.0,1.0,0.0,7.040083528532499,7.040083528532499
tol_7p5km_int_15min,egloha,vq_ctw,15,linear,512.0,7.5,2014.0,1.0,0.0,6.365871176362699,6.365871176362699
tol_7p5km_int_15min,egloha,vq_ctw,15,nearest,512.0,7.5,32.0,1.0,0.0,6.897278149346001,6.897278149346001
tol_7p5km_int_15min,egloha,vq_ctw,15,linear,1024.0,7.5,2014.0,1.0,0.0,6.364066172148472,6.364066172148472
tol_7p5km_int_15min,egloha,vq_ctw,15,nearest,1024.0,7.5,32.0,1.0,0.0,7.910452377992892,7.910452377992892
tol_7p5km_int_15min,egnata,direct_ctw,15,linear,,7.5,2015.0,0.9346970359902516,0.5967770989509109,2.168212694811901,2.385667835641736
tol_7p5km_int_15min,egnata,direct_ctw,15,nearest,,7.5,45.0,0.867227756301138,0.8732799530731827,2.390652817974235,2.5433648536177977
tol_7p5km_int_15min,egnata,markov_order_1,15,linear,,7.5,2015.0,0.9231990247199696,0.6832142536187502,2.168212694811901,2.385667835641736
tol_7p5km_int_15min,egnata,markov_order_1,15,nearest,,7.5,45.0,0.7543040855084117,1.3748730118885195,2.390652817974235,2.5433648536177977
tol_7p5km_int_15min,egnata,markov_order_2,15,linear,,7.5,2015.0,0.9162906792326654,0.7338273144486297,2.168212694811901,2.385667835641736
tol_7p5km_int_15min,egnata,markov_order_2,15,nearest,,7.5,45.0,0.7277226522560334,1.4769219627356496,2.390652817974235,2.5433648536177977
tol_7p5km_int_15min,egnata,vq_ctw,15,linear,256.0,7.5,2015.0,1.0,0.0,5.038350668612451,5.038350668612451
tol_7p5km_int_15min,egnata,vq_ctw,15,nearest,256.0,7.5,45.0,1.0,0.0,6.6222481860523725,6.6222481860523725
tol_7p5km_int_15min,egnata,vq_ctw,15,linear,512.0,7.5,2015.0,1.0,0.0,4.757429486472301,4.757429486472301
tol_7p5km_int_15min,egnata,vq_ctw,15,nearest,512.0,7.5,45.0,1.0,0.0,7.243199760201949,7.243199760201949
tol_7p5km_int_15min,egnata,vq_ctw,15,linear,1024.0,7.5,2015.0,1.0,0.0,4.724650666276036,4.724650666276036
tol_7p5km_int_15min,egnata,vq_ctw,15,nearest,1024.0,7.5,45.0,1.0,0.0,7.146034462177061,7.146034462177061
tol_7p5km_int_15min,egreos,direct_ctw,15,linear,,7.5,2015.0,0.907624797821976,0.9062246427178,2.4722918796301525,2.6800774395382647
tol_7p5km_int_15min,egreos,markov_order_1,15,linear,,7.5,2015.0,0.8621029371854128,1.268190115403043,2.4722918796301525,2.6800774395382647
tol_7p5km_int_15min,egreos,markov_order_2,15,linear,,7.5,2015.0,0.8446961659058088,1.3994746861256993,2.4722918796301525,2.6800774395382647
tol_7p5km_int_15min,egreos,vq_ctw,15,linear,256.0,7.5,2015.0,1.0,0.0,9.615038931574883,9.615038931574883
tol_7p5km_int_15min,egreos,vq_ctw,15,linear,512.0,7.5,2015.0,1.0,0.0,9.791639848767073,9.791639848767073
tol_7p5km_int_15min,egreos,vq_ctw,15,linear,1024.0,7.5,2015.0,1.0,0.0,9.816074522085309,9.816074522085309
tol_7p5km_int_15min,egteir,direct_ctw,15,linear,,7.5,1636.0,0.9381433369262928,0.602111557913674,2.329108707773705,2.53248219308607
tol_7p5km_int_15min,egteir,direct_ctw,15,nearest,,7.5,152.0,0.93827172682414,0.444815146447787,2.389964004389153,2.578268504947797
tol_7p5km_int_15min,egteir,markov_order_1,15,linear,,7.5,1636.0,0.9138498432576762,0.7958220695516004,2.329108707773705,2.53248219308607
tol_7p5km_int_15min,egteir,markov_order_1,15,nearest,,7.5,152.0,0.907473104905246,0.5903836736334813,2.389964004389153,2.578268504947797
tol_7p5km_int_15min,egteir,markov_order_2,15,linear,,7.5,1636.0,0.905091482621273,0.8628327716395083,2.329108707773705,2.53248219308607
tol_7p5km_int_15min,egteir,markov_order_2,15,nearest,,7.5,152.0,0.8993198656819191,0.6272557140554782,2.389964004389153,2.578268504947797
tol_7p5km_int_15min,egteir,vq_ctw,15,linear,256.0,7.5,1636.0,1.0,0.0,6.659615010841728,6.659615010841728
tol_7p5km_int_15min,egteir,vq_ctw,15,nearest,256.0,7.5,152.0,1.0,0.0,6.607969303902097,6.607969303902097
tol_7p5km_int_15min,egteir,vq_ctw,15,linear,512.0,7.5,1636.0,1.0,0.0,6.612519420314027,6.612519420314027
tol_7p5km_int_15min,egteir,vq_ctw,15,nearest,512.0,7.5,152.0,1.0,0.0,6.718815087702952,6.718815087702952
tol_7p5km_int_15min,egteir,vq_ctw,15,linear,1024.0,7.5,1636.0,1.0,0.0,6.606550645799116,6.606550645799116
tol_7p5km_int_15min,egteir,vq_ctw,15,nearest,1024.0,7.5,152.0,1.0,0.0,7.001877819158952,7.001877819158952
tol_7p5km_int_15min,egwicj,direct_ctw,15,linear,,7.5,2015.0,0.9022886552694356,0.8908776998844309,2.7647980047735694,3.007583692416554
tol_7p5km_int_15min,egwicj,markov_order_1,15,linear,,7.5,2015.0,0.8654332106809273,1.1608909606689195,2.7647980047735694,3.007583692416554
tol_7p5km_int_15min,egwicj,markov_order_2,15,linear,,7.5,2015.0,0.8552702673470947,1.2321916966194304,2.7647980047735694,3.007583692416554
tol_7p5km_int_15min,egwicj,vq_ctw,15,linear,256.0,7.5,2015.0,1.0,0.0,9.017583426080888,9.017583426080888
tol_7p5km_int_15min,egwicj,vq_ctw,15,linear,512.0,7.5,2015.0,1.0,0.0,9.110369044092993,9.110369044092993
tol_7p5km_int_15min,egwicj,vq_ctw,15,linear,1024.0,7.5,2015.0,1.0,0.0,9.1144947955963,9.1144947955963
tol_7p5km_int_15min,eiboid,direct_ctw,15,linear,,7.5,2015.0,0.9223501398219662,0.740117945364049,2.4162485264424984,2.621982501918336
tol_7p5km_int_15min,eiboid,direct_ctw,15,nearest,,7.5,117.0,0.9305582290044436,0.5469789800691979,2.237044055336317,2.4059520537887757
tol_7p5km_int_15min,eiboid,markov_order_1,15,linear,,7.5,2015.0,0.8934985097140586,0.9642084746591644,2.4162485264424984,2.621982501918336
tol_7p5km_int_15min,eiboid,markov_order_1,15,nearest,,7.5,117.0,0.9053961490688156,0.6662277042105207,2.237044055336317,2.4059520537887757
tol_7p5km_int_15min,eiboid,markov_order_2,15,linear,,7.5,2015.0,0.8853243145560125,1.0252484882228443,2.4162485264424984,2.621982501918336
tol_7p5km_int_15min,eiboid,markov_order_2,15,nearest,,7.5,117.0,0.8961059089936575,0.6873165672323047,2.237044055336317,2.4059520537887757
tol_7p5km_int_15min,eiboid,vq_ctw,15,linear,256.0,7.5,2015.0,1.0,0.0,7.203933753165993,7.203933753165993
tol_7p5km_int_15min,eiboid,vq_ctw,15,nearest,256.0,7.5,117.0,1.0,0.0,5.640197554354456,5.640197554354456
tol_7p5km_int_15min,eiboid,vq_ctw,15,linear,512.0,7.5,2015.0,1.0,0.0,7.207770581043933,7.207770581043933
tol_7p5km_int_15min,eiboid,vq_ctw,15,nearest,512.0,7.5,117.0,1.0,0.0,5.852723384216816,5.852723384216816
tol_7p5km_int_15min,eiboid,vq_ctw,15,linear,1024.0,7.5,2015.0,1.0,0.0,7.218518703437784,7.218518703437784
tol_7p5km_int_15min,eiboid,vq_ctw,15,nearest,1024.0,7.5,117.0,1.0,0.0,5.701257640260048,5.701257640260048
tol_7p5km_int_15min,eicmyn,direct_ctw,15,linear,,7.5,2003.0,0.9443072704007344,0.5328747827883038,2.299679522705936,2.5028643412090723
tol_7p5km_int_15min,eicmyn,direct_ctw,15,nearest,,7.5,36.0,0.9063466742219192,0.6358546443953675,1.9617827518989164,2.129413038608438
tol_7p5km_int_15min,eicmyn,markov_order_1,15,linear,,7.5,2003.0,0.9294045809356756,0.6505233963454171,2.299679522705936,2.5028643412090723
tol_7p5km_int_15min,eicmyn,markov_order_1,15,nearest,,7.5,36.0,0.8280287578811827,1.00613682558354,1.9617827518989164,2.129413038608438
tol_7p5km_int_15min,eicmyn,markov_order_2,15,linear,,7.5,2003.0,0.9221780566431986,0.7057455606312434,2.299679522705936,2.5028643412090723
tol_7p5km_int_15min,eicmyn,markov_order_2,15,nearest,,7.5,36.0,0.8424780443303888,0.9433921002287604,1.9617827518989164,2.129413038608438
tol_7p5km_int_15min,eicmyn,vq_ctw,15,linear,256.0,7.5,2003.0,1.0,0.0,6.2269974847386935,6.2269974847386935
tol_7p5km_int_15min,eicmyn,vq_ctw,15,nearest,256.0,7.5,36.0,1.0,0.0,7.660790867951454,7.660790867951454
tol_7p5km_int_15min,eicmyn,vq_ctw,15,linear,512.0,7.5,2003.0,1.0,0.0,6.213445337086549,6.213445337086549
tol_7p5km_int_15min,eicmyn,vq_ctw,15,nearest,512.0,7.5,36.0,1.0,0.0,7.723818809670734,7.723818809670734
tol_7p5km_int_15min,eicmyn,vq_ctw,15,linear,1024.0,7.5,2003.0,1.0,0.0,6.186532349493507,6.186532349493507
tol_7p5km_int_15min,eicmyn,vq_ctw,15,nearest,1024.0,7.5,36.0,1.0,0.0,8.368847195300908,8.368847195300908
tol_7p5km_int_15min,eifvid,direct_ctw,15,linear,,7.5,2015.0,0.9513233418101732,0.4911256936155456,2.1263646539267573,2.321651009194168
tol_7p5km_int_15min,eifvid,direct_ctw,15,nearest,,7.5,190.0,0.9405148049646028,0.4992663498296902,2.2248837960589216,2.4094629362799456
tol_7p5km_int_15min,eifvid,markov_order_1,15,linear,,7.5,2015.0,0.9347630383409014,0.629841542108828,2.1263646539267573,2.321651009194168
tol_7p5km_int_15min,eifvid,markov_order_1,15,nearest,,7.5,190.0,0.8983374119142333,0.7065248634725267,2.2248837960589216,2.4094629362799456
tol_7p5km_int_15min,eifvid,markov_order_2,15,linear,,7.5,2015.0,0.926753961567612,0.6944862183490536,2.1263646539267573,2.321651009194168
tol_7p5km_int_15min,eifvid,markov_order_2,15,nearest,,7.5,190.0,0.890359953938011,0.7265850950704118,2.2248837960589216,2.4094629362799456
tol_7p5km_int_15min,eifvid,vq_ctw,15,linear,256.0,7.5,2015.0,1.0,0.0,5.714257753252694,5.714257753252694
tol_7p5km_int_15min,eifvid,vq_ctw,15,nearest,256.0,7.5,190.0,1.0,0.0,6.537471905553617,6.537471905553617
tol_7p5km_int_15min,eifvid,vq_ctw,15,linear,512.0,7.5,2015.0,1.0,0.0,5.480864322277591,5.480864322277591
tol_7p5km_int_15min,eifvid,vq_ctw,15,nearest,512.0,7.5,190.0,1.0,0.0,6.454957733569922,6.454957733569922
tol_7p5km_int_15min,eifvid,vq_ctw,15,linear,1024.0,7.5,2015.0,1.0,0.0,5.471140475293538,5.471140475293538
tol_7p5km_int_15min,eifvid,vq_ctw,15,nearest,1024.0,7.5,190.0,1.0,0.0,6.291298862373168,6.291298862373168
tol_7p5km_int_15min,eincuf,direct_ctw,15,linear,,7.5,1892.0,0.9909307366169018,0.0980015031513028,2.143181682006993,2.266234273207693
tol_7p5km_int_15min,eincuf,direct_ctw,15,nearest,,7.5,39.0,0.8964768645811347,0.6441454909034326,2.505710550095037,2.698478544863053
tol_7p5km_int_15min,eincuf,markov_order_1,15,linear,,7.5,1892.0,0.9877686743265508,0.126864211581771,2.143181682006993,2.266234273207693
tol_7p5km_int_15min,eincuf,markov_order_1,15,nearest,,7.5,39.0,0.8404583765070596,0.886079334530614,2.505710550095037,2.698478544863053
tol_7p5km_int_15min,eincuf,markov_order_2,15,linear,,7.5,1892.0,0.9866360621517104,0.1368933005719638,2.143181682006993,2.266234273207693
tol_7p5km_int_15min,eincuf,markov_order_2,15,nearest,,7.5,39.0,0.811932561802054,0.99549097641664,2.505710550095037,2.698478544863053
tol_7p5km_int_15min,eincuf,vq_ctw,15,linear,256.0,7.5,1892.0,1.0,0.0,3.483503142789242,3.483503142789242
tol_7p5km_int_15min,eincuf,vq_ctw,15,nearest,256.0,7.5,39.0,1.0,0.0,5.9043536295483365,5.9043536295483365
tol_7p5km_int_15min,eincuf,vq_ctw,15,linear,512.0,7.5,1892.0,1.0,0.0,3.117536812047193,3.117536812047193
tol_7p5km_int_15min,eincuf,vq_ctw,15,nearest,512.0,7.5,39.0,1.0,0.0,6.312641699305315,6.312641699305315
tol_7p5km_int_15min,eincuf,vq_ctw,15,linear,1024.0,7.5,1892.0,1.0,0.0,3.099718708496942,3.099718708496942
tol_7p5km_int_15min,eincuf,vq_ctw,15,nearest,1024.0,7.5,39.0,1.0,0.0,5.982536123033592,5.982536123033592
tol_7p5km_int_15min,eitpem,direct_ctw,15,linear,,7.5,1779.0,0.9567594907412018,0.4005993119237587,2.4967806059303,2.6779741496129343
tol_7p5km_int_15min,eitpem,markov_order_1,15,linear,,7.5,1779.0,0.9416186825247032,0.514924095955303,2.4967806059303,2.6779741496129343
tol_7p5km_int_15min,eitpem,markov_order_2,15,linear,,7.5,1779.0,0.942568455618154,0.5079470447809534,2.4967806059303,2.6779741496129343
tol_7p5km_int_15min,eitpem,vq_ctw,15,linear,256.0,7.5,1779.0,1.0,0.0,6.295047068734273,6.295047068734273
tol_7p5km_int_15min,eitpem,vq_ctw,15,linear,512.0,7.5,1779.0,1.0,0.0,6.37915814119048,6.37915814119048
tol_7p5km_int_15min,eitpem,vq_ctw,15,linear,1024.0,7.5,1779.0,1.0,0.0,6.398298865226534,6.398298865226534
tol_7p5km_int_15min,ejcrur,direct_ctw,15,linear,,7.5,2015.0,0.943230838543082,0.5415605326622868,2.488777449151245,2.673992697304689
tol_7p5km_int_15min,ejcrur,direct_ctw,15,nearest,,7.5,191.0,0.9421339315260238,0.3970331040626358,2.213044796405145,2.4138480118649737
tol_7p5km_int_15min,ejcrur,markov_order_1,15,linear,,7.5,2015.0,0.9235341473532286,0.6954657147759382,2.488777449151245,2.673992697304689
tol_7p5km_int_15min,ejcrur,markov_order_1,15,nearest,,7.5,191.0,0.9110341353811628,0.536695871472272,2.213044796405145,2.4138480118649737
tol_7p5km_int_15min,ejcrur,markov_order_2,15,linear,,7.5,2015.0,0.9208812541028916,0.7155413832440671,2.488777449151245,2.673992697304689
tol_7p5km_int_15min,ejcrur,markov_order_2,15,nearest,,7.5,191.0,0.9036119749154492,0.570994864630535,2.213044796405145,2.4138480118649737
tol_7p5km_int_15min,ejcrur,vq_ctw,15,linear,256.0,7.5,2015.0,1.0,0.0,6.1151858644318855,6.1151858644318855
tol_7p5km_int_15min,ejcrur,vq_ctw,15,nearest,256.0,7.5,191.0,1.0,0.0,6.730989456252259,6.730989456252259
tol_7p5km_int_15min,ejcrur,vq_ctw,15,linear,512.0,7.5,2015.0,1.0,0.0,6.146518432018572,6.146518432018572
tol_7p5km_int_15min,ejcrur,vq_ctw,15,nearest,512.0,7.5,191.0,1.0,0.0,6.569238771967625,6.569238771967625
tol_7p5km_int_15min,ejcrur,vq_ctw,15,linear,1024.0,7.5,2015.0,1.0,0.0,6.165955759216405,6.165955759216405
tol_7p5km_int_15min,ejcrur,vq_ctw,15,nearest,1024.0,7.5,191.0,1.0,0.0,6.64754933222011,6.64754933222011
tol_7p5km_int_15min,ejesba,direct_ctw,15,linear,,7.5,2015.0,0.9699728706609372,0.319738769163859,2.078916771837065,2.258539743977938
tol_7p5km_int_15min,ejesba,direct_ctw,15,nearest,,7.5,107.0,0.9608557331339276,0.3167973490798473,2.145114084296321,2.3159340034367
tol_7p5km_int_15min,ejesba,markov_order_1,15,linear,,7.5,2015.0,0.9589953872336908,0.4178656523156239,2.078916771837065,2.258539743977938
tol_7p5km_int_15min,ejesba,markov_order_1,15,nearest,,7.5,107.0,0.9391375471343164,0.4287090243578637,2.145114084296321,2.3159340034367
tol_7p5km_int_15min,ejesba,markov_order_2,15,linear,,7.5,2015.0,0.9536615282404476,0.4638625141501846,2.078916771837065,2.258539743977938
tol_7p5km_int_15min,ejesba,markov_order_2,15,nearest,,7.5,107.0,0.9427470734919332,0.4190231468633784,2.145114084296321,2.3159340034367
tol_7p5km_int_15min,ejesba,vq_ctw,15,linear,256.0,7.5,2015.0,1.0,0.0,5.401288142476812,5.401288142476812
tol_7p5km_int_15min,ejesba,vq_ctw,15,nearest,256.0,7.5,107.0,1.0,0.0,5.75846494414472,5.75846494414472
tol_7p5km_int_15min,ejesba,vq_ctw,15,linear,512.0,7.5,2015.0,1.0,0.0,5.130693796751218,5.130693796751218
tol_7p5km_int_15min,ejesba,vq_ctw,15,nearest,512.0,7.5,107.0,1.0,0.0,5.690071901676128,5.690071901676128
tol_7p5km_int_15min,ejesba,vq_ctw,15,linear,1024.0,7.5,2015.0,1.0,0.0,5.110278233476411,5.110278233476411
tol_7p5km_int_15min,ejesba,vq_ctw,15,nearest,1024.0,7.5,107.0,1.0,0.0,5.852449577390451,5.852449577390451
tol_7p5km_int_15min,ejkipu,direct_ctw,15,linear,,7.5,2012.0,0.9149611405437896,0.7809286124122513,2.4033260127660805,2.598599177833941
tol_7p5km_int_15min,ejkipu,markov_order_1,15,linear,,7.5,2012.0,0.8878510831265404,0.9827643765890328,2.4033260127660805,2.598599177833941
tol_7p5km_int_15min,ejkipu,markov_order_2,15,linear,,7.5,2012.0,0.8818647456638794,1.0258068484259155,2.4033260127660805,2.598599177833941
tol_7p5km_int_15min,ejkipu,vq_ctw,15,linear,256.0,7.5,2012.0,1.0,0.0,7.370637411558184,7.370637411558184
tol_7p5km_int_15min,ejkipu,vq_ctw,15,linear,512.0,7.5,2012.0,1.0,0.0,7.428796853192624,7.428796853192624
tol_7p5km_int_15min,ejkipu,vq_ctw,15,linear,1024.0,7.5,2012.0,1.0,0.0,7.441207202241698,7.441207202241698
tol_7p5km_int_15min,ejnoax,direct_ctw,15,linear,,7.5,2014.0,0.9319715665470084,0.6573251741468611,2.3526931816698573,2.5363546852789183
tol_7p5km_int_15min,ejnoax,markov_order_1,15,linear,,7.5,2014.0,0.905962759278834,0.8628453438836832,2.3526931816698573,2.5363546852789183
tol_7p5km_int_15min,ejnoax,markov_order_2,15,linear,,7.5,2014.0,0.8957893432808575,0.9399289762009772,2.3526931816698573,2.5363546852789183
tol_7p5km_int_15min,ejnoax,vq_ctw,15,linear,256.0,7.5,2014.0,1.0,0.0,8.203408372616682,8.203408372616682
tol_7p5km_int_15min,ejnoax,vq_ctw,15,linear,512.0,7.5,2014.0,1.0,0.0,8.292684038964639,8.292684038964639
tol_7p5km_int_15min,ejnoax,vq_ctw,15,linear,1024.0,7.5,2014.0,1.0,0.0,8.304689093344708,8.304689093344708
tol_7p5km_int_15min,ejshig,direct_ctw,15,linear,,7.5,2015.0,0.941163171198268,0.5727447379359865,2.091256890449242,2.284541401749534
tol_7p5km_int_15min,ejshig,direct_ctw,15,nearest,,7.5,472.0,0.926575376111414,0.4722660502729482,2.283680322749284,2.462974570823637
tol_7p5km_int_15min,ejshig,markov_order_1,15,linear,,7.5,2015.0,0.9241697860116505,0.7094347569567219,2.091256890449242,2.284541401749534
tol_7p5km_int_15min,ejshig,markov_order_1,15,nearest,,7.5,472.0,0.8910124321653589,0.6357630663811155,2.283680322749284,2.462974570823637
tol_7p5km_int_15min,ejshig,markov_order_2,15,linear,,7.5,2015.0,0.9163400518292152,0.770327141476679,2.091256890449242,2.284541401749534
tol_7p5km_int_15min,ejshig,markov_order_2,15,nearest,,7.5,472.0,0.8805318155079087,0.6736003902883153,2.283680322749284,2.462974570823637
tol_7p5km_int_15min,ejshig,vq_ctw,15,linear,256.0,7.5,2015.0,1.0,0.0,5.804878098245379,5.804878098245379
tol_7p5km_int_15min,ejshig,vq_ctw,15,nearest,256.0,7.5,472.0,1.0,0.0,6.935732409844091,6.935732409844091
tol_7p5km_int_15min,ejshig,vq_ctw,15,linear,512.0,7.5,2015.0,1.0,0.0,5.565839236643235,5.565839236643235
tol_7p5km_int_15min,ejshig,vq_ctw,15,nearest,512.0,7.5,472.0,1.0,0.0,6.861538492364226,6.861538492364226
tol_7p5km_int_15min,ejshig,vq_ctw,15,linear,1024.0,7.5,2015.0,1.0,0.0,5.534464963228082,5.534464963228082
tol_7p5km_int_15min,ejshig,vq_ctw,15,nearest,1024.0,7.5,472.0,1.0,0.0,7.615387556657243,7.615387556657243
tol_7p5km_int_15min,ejtobu,direct_ctw,15,linear,,7.5,2015.0,0.9330492269646564,0.6336197965653542,2.215043458273449,2.404174947666797
tol_7p5km_int_15min,ejtobu,direct_ctw,15,nearest,,7.5,307.0,0.961237727916318,0.3009746577621049,2.2435245688656,2.4081211130962177
tol_7p5km_int_15min,ejtobu,markov_order_1,15,linear,,7.5,2015.0,0.914477619865546,0.7779667241154531,2.215043458273449,2.404174947666797
tol_7p5km_int_15min,ejtobu,markov_order_1,15,nearest,,7.5,307.0,0.9441908338203095,0.392434700903608,2.2435245688656,2.4081211130962177
tol_7p5km_int_15min,ejtobu,markov_order_2,15,linear,,7.5,2015.0,0.9057136002803488,0.8437849117097685,2.215043458273449,2.404174947666797
tol_7p5km_int_15min,ejtobu,markov_order_2,15,nearest,,7.5,307.0,0.93781168641598,0.419670504654773,2.2435245688656,2.4081211130962177
tol_7p5km_int_15min,ejtobu,vq_ctw,15,linear,256.0,7.5,2015.0,1.0,0.0,5.557844035027251,5.557844035027251
tol_7p5km_int_15min,ejtobu,vq_ctw,15,nearest,256.0,7.5,307.0,1.0,0.0,5.919492304513158,5.919492304513158
tol_7p5km_int_15min,ejtobu,vq_ctw,15,linear,512.0,7.5,2015.0,1.0,0.0,5.333916467089782,5.333916467089782
tol_7p5km_int_15min,ejtobu,vq_ctw,15,nearest,512.0,7.5,307.0,1.0,0.0,5.704623295580854,5.704623295580854
tol_7p5km_int_15min,ejtobu,vq_ctw,15,linear,1024.0,7.5,2015.0,1.0,0.0,5.314060991618463,5.314060991618463
tol_7p5km_int_15min,ejtobu,vq_ctw,15,nearest,1024.0,7.5,307.0,1.0,0.0,6.304784243162881,6.304784243162881
tol_7p5km_int_15min,ekenuc,direct_ctw,15,linear,,7.5,2015.0,0.9322664252531916,0.6398522280324769,2.1128191302886834,2.3156333288396387
tol_7p5km_int_15min,ekenuc,direct_ctw,15,nearest,,7.5,168.0,0.9559207987318628,0.3542174683574328,2.171921665393877,2.3448573073212904
tol_7p5km_int_15min,ekenuc,markov_order_1,15,linear,,7.5,2015.0,0.9155783456800112,0.7696026484547177,2.1128191302886834,2.3156333288396387
tol_7p5km_int_15min,ekenuc,markov_order_1,15,nearest,,7.5,168.0,0.9359709684670338,0.4573068763574739,2.171921665393877,2.3448573073212904
tol_7p5km_int_15min,ekenuc,markov_order_2,15,linear,,7.5,2015.0,0.9085853487477848,0.8223664346603646,2.1128191302886834,2.3156333288396387
tol_7p5km_int_15min,ekenuc,markov_order_2,15,nearest,,7.5,168.0,0.9244600928751012,0.5126721054057174,2.171921665393877,2.3448573073212904
tol_7p5km_int_15min,ekenuc,vq_ctw,15,linear,256.0,7.5,2015.0,1.0,0.0,5.659691011567707,5.659691011567707
tol_7p5km_int_15min,ekenuc,vq_ctw,15,nearest,256.0,7.5,168.0,1.0,0.0,6.3968707922837655,6.3968707922837655
tol_7p5km_int_15min,ekenuc,vq_ctw,15,linear,512.0,7.5,2015.0,1.0,0.0,5.452670846297504,5.452670846297504
tol_7p5km_int_15min,ekenuc,vq_ctw,15,nearest,512.0,7.5,168.0,1.0,0.0,6.0048822623628935,6.0048822623628935
tol_7p5km_int_15min,ekenuc,vq_ctw,15,linear,1024.0,7.5,2015.0,1.0,0.0,5.42882569423872,5.42882569423872
tol_7p5km_int_15min,ekenuc,vq_ctw,15,nearest,1024.0,7.5,168.0,1.0,0.0,6.630424954414901,6.630424954414901
tol_7p5km_int_15min,ekfrab,direct_ctw,15,linear,,7.5,1993.0,0.9067425414533368,0.900293289727459,2.239170881955517,2.458759374219742
tol_7p5km_int_15min,ekfrab,direct_ctw,15,nearest,,7.5,64.0,0.967004835400506,0.4615143336686702,2.2164434803858337,2.425639920782211
tol_7p5km_int_15min,ekfrab,markov_order_1,15,linear,,7.5,1993.0,0.8636927564504733,1.236663504996469,2.239170881955517,2.458759374219742
tol_7p5km_int_15min,ekfrab,markov_order_1,15,nearest,,7.5,64.0,0.9632415391520056,0.5012599988229215,2.2164434803858337,2.425639920782211
tol_7p5km_int_15min,ekfrab,markov_order_2,15,linear,,7.5,1993.0,0.8518089342971746,1.325204252003657,2.239170881955517,2.458759374219742
tol_7p5km_int_15min,ekfrab,markov_order_2,15,nearest,,7.5,64.0,0.9647906282029708,0.4579067194044198,2.2164434803858337,2.425639920782211
tol_7p5km_int_15min,ekfrab,vq_ctw,15,linear,256.0,7.5,1993.0,1.0,0.0,9.01780353055392,9.01780353055392
tol_7p5km_int_15min,ekfrab,vq_ctw,15,nearest,256.0,7.5,64.0,1.0,0.0,6.965476548879858,6.965476548879858
tol_7p5km_int_15min,ekfrab,vq_ctw,15,linear,512.0,7.5,1993.0,1.0,0.0,9.09055740315577,9.09055740315577
tol_7p5km_int_15min,ekfrab,vq_ctw,15,nearest,512.0,7.5,64.0,1.0,0.0,7.255910393026907,7.255910393026907
tol_7p5km_int_15min,ekfrab,vq_ctw,15,linear,1024.0,7.5,1993.0,1.0,0.0,9.117028190051212,9.117028190051212
tol_7p5km_int_15min,ekfrab,vq_ctw,15,nearest,1024.0,7.5,64.0,1.0,0.0,6.77966519870501,6.77966519870501
tol_7p5km_int_15min,ektamy,direct_ctw,15,linear,,7.5,2014.0,0.945058417476522,0.503992149617774,2.1511081567745607,2.348332258127612
tol_7p5km_int_15min,ektamy,direct_ctw,15,nearest,,7.5,397.0,0.9362175856630206,0.4333398595320956,2.224265415028936,2.399983312283084
tol_7p5km_int_15min,ektamy,markov_order_1,15,linear,,7.5,2014.0,0.9323673669123757,0.5994867961843448,2.1511081567745607,2.348332258127612
tol_7p5km_int_15min,ektamy,markov_order_1,15,nearest,,7.5,397.0,0.8987074103441076,0.6088686849043867,2.224265415028936,2.399983312283084
tol_7p5km_int_15min,ektamy,markov_order_2,15,linear,,7.5,2014.0,0.9294583108849616,0.620831194954307,2.1511081567745607,2.348332258127612
tol_7p5km_int_15min,ektamy,markov_order_2,15,nearest,,7.5,397.0,0.8952042530500609,0.6265826247430251,2.224265415028936,2.399983312283084
tol_7p5km_int_15min,ektamy,vq_ctw,15,linear,256.0,7.5,2014.0,1.0,0.0,4.869043544347761,4.869043544347761
tol_7p5km_int_15min,ektamy,vq_ctw,15,nearest,256.0,7.5,397.0,1.0,0.0,6.331943328070368,6.331943328070368
tol_7p5km_int_15min,ektamy,vq_ctw,15,linear,512.0,7.5,2014.0,1.0,0.0,4.535973651832589,4.535973651832589
tol_7p5km_int_15min,ektamy,vq_ctw,15,nearest,512.0,7.5,397.0,1.0,0.0,6.104105848092976,6.104105848092976
tol_7p5km_int_15min,ektamy,vq_ctw,15,linear,1024.0,7.5,2014.0,1.0,0.0,4.520645722951268,4.520645722951268
tol_7p5km_int_15min,ektamy,vq_ctw,15,nearest,1024.0,7.5,397.0,1.0,0.0,6.8090181623622605,6.8090181623622605
tol_7p5km_int_15min,ektuyo,direct_ctw,15,linear,,7.5,2014.0,0.9692105556887036,0.3241862721649887,2.149814692412781,2.3390961907949763
tol_7p5km_int_15min,ektuyo,direct_ctw,15,nearest,,7.5,108.0,0.986025426826824,0.1689523859452293,2.293451464303005,2.4697197564313464
tol_7p5km_int_15min,ektuyo,markov_order_1,15,linear,,7.5,2014.0,0.957139943114266,0.4304440610564299,2.149814692412781,2.3390961907949763
tol_7p5km_int_15min,ektuyo,markov_order_1,15,nearest,,7.5,108.0,0.9709385624727654,0.2570509284504221,2.293451464303005,2.4697197564313464
tol_7p5km_int_15min,ektuyo,markov_order_2,15,linear,,7.5,2014.0,0.9523455116277594,0.4711345304905165,2.149814692412781,2.3390961907949763
tol_7p5km_int_15min,ektuyo,markov_order_2,15,nearest,,7.5,108.0,0.9772005196029926,0.2274714041028559,2.293451464303005,2.4697197564313464
tol_7p5km_int_15min,ektuyo,vq_ctw,15,linear,256.0,7.5,2014.0,1.0,0.0,4.955285374356136,4.955285374356136
tol_7p5km_int_15min,ektuyo,vq_ctw,15,nearest,256.0,7.5,108.0,1.0,0.0,6.1959436953126,6.1959436953126
tol_7p5km_int_15min,ektuyo,vq_ctw,15,linear,512.0,7.5,2014.0,1.0,0.0,4.681077690161901,4.681077690161901
tol_7p5km_int_15min,ektuyo,vq_ctw,15,nearest,512.0,7.5,108.0,1.0,0.0,5.55328820550395,5.55328820550395
tol_7p5km_int_15min,ektuyo,vq_ctw,15,linear,1024.0,7.5,2014.0,1.0,0.0,4.668668431152929,4.668668431152929
tol_7p5km_int_15min,ektuyo,vq_ctw,15,nearest,1024.0,7.5,108.0,1.0,0.0,5.871988211817979,5.871988211817979
tol_7p5km_int_15min,ekyosj,direct_ctw,15,linear,,7.5,2013.0,0.9246669881968648,0.7055265643148734,2.182352775659735,2.361226351097315
tol_7p5km_int_15min,ekyosj,direct_ctw,15,nearest,,7.5,270.0,0.9327497864136436,0.4476376620395156,2.2258731368476705,2.419023338778089
tol_7p5km_int_15min,ekyosj,markov_order_1,15,linear,,7.5,2013.0,0.9066251022733066,0.8442853730748843,2.182352775659735,2.361226351097315
tol_7p5km_int_15min,ekyosj,markov_order_1,15,nearest,,7.5,270.0,0.9123951332517684,0.5441335738671139,2.2258731368476705,2.419023338778089
tol_7p5km_int_15min,ekyosj,markov_order_2,15,linear,,7.5,2013.0,0.8977746797601187,0.910256010533812,2.182352775659735,2.361226351097315
tol_7p5km_int_15min,ekyosj,markov_order_2,15,nearest,,7.5,270.0,0.9040260395230592,0.5812819688611455,2.2258731368476705,2.419023338778089
tol_7p5km_int_15min,ekyosj,vq_ctw,15,linear,256.0,7.5,2013.0,1.0,0.0,6.653215253799214,6.653215253799214
tol_7p5km_int_15min,ekyosj,vq_ctw,15,nearest,256.0,7.5,270.0,1.0,0.0,6.513709652022355,6.513709652022355
tol_7p5km_int_15min,ekyosj,vq_ctw,15,linear,512.0,7.5,2013.0,1.0,0.0,6.542120807418006,6.542120807418006
tol_7p5km_int_15min,ekyosj,vq_ctw,15,nearest,512.0,7.5,270.0,1.0,0.0,6.546652291618301,6.546652291618301
tol_7p5km_int_15min,ekyosj,vq_ctw,15,linear,1024.0,7.5,2013.0,1.0,0.0,6.536668163645,6.536668163645
tol_7p5km_int_15min,ekyosj,vq_ctw,15,nearest,1024.0,7.5,270.0,1.0,0.0,7.38442833714153,7.38442833714153
tol_7p5km_int_15min,elafle,direct_ctw,15,linear,,7.5,2015.0,0.9480233409549462,0.5330460850551093,2.122439582018468,2.3176438434159783
tol_7p5km_int_15min,elafle,direct_ctw,15,nearest,,7.5,159.0,0.9652632304082592,0.3664977626269412,2.2313290414539093,2.4056015965436397
tol_7p5km_int_15min,elafle,markov_order_1,15,linear,,7.5,2015.0,0.930191125865398,0.6852810717041586,2.122439582018468,2.3176438434159783
tol_7p5km_int_15min,elafle,markov_order_1,15,nearest,,7.5,159.0,0.9199796167784996,0.5922759696212841,2.2313290414539093,2.4056015965436397
tol_7p5km_int_15min,elafle,markov_order_2,15,linear,,7.5,2015.0,0.921512571075321,0.7566889172668839,2.122439582018468,2.3176438434159783
tol_7p5km_int_15min,elafle,markov_order_2,15,nearest,,7.5,159.0,0.92330019066911,0.5883116708638685,2.2313290414539093,2.4056015965436397
tol_7p5km_int_15min,elafle,vq_ctw,15,linear,256.0,7.5,2015.0,1.0,0.0,6.517894468555214,6.517894468555214
tol_7p5km_int_15min,elafle,vq_ctw,15,nearest,256.0,7.5,159.0,1.0,0.0,6.363417376863162,6.363417376863162
tol_7p5km_int_15min,elafle,vq_ctw,15,linear,512.0,7.5,2015.0,1.0,0.0,6.392667140976124,6.392667140976124
tol_7p5km_int_15min,elafle,vq_ctw,15,nearest,512.0,7.5,159.0,1.0,0.0,6.3322381130566265,6.3322381130566265
tol_7p5km_int_15min,elafle,vq_ctw,15,linear,1024.0,7.5,2015.0,1.0,0.0,6.386158769888869,6.386158769888869
tol_7p5km_int_15min,elafle,vq_ctw,15,nearest,1024.0,7.5,159.0,1.0,0.0,6.530286529590289,6.530286529590289
tol_7p5km_int_15min,elbnax,direct_ctw,15,linear,,7.5,2015.0,0.9328197044224436,0.6406888773640831,2.181074510739304,2.3843967021319554
tol_7p5km_int_15min,elbnax,direct_ctw,15,nearest,,7.5,178.0,0.9632931081904068,0.3315514749319643,2.1059037177886,2.2646349340646426
tol_7p5km_int_15min,elbnax,markov_order_1,15,linear,,7.5,2015.0,0.9125098837531304,0.7996878688006345,2.181074510739304,2.3843967021319554
tol_7p5km_int_15min,elbnax,markov_order_1,15,nearest,,7.5,178.0,0.9518766795147507,0.3982352549751334,2.1059037177886,2.2646349340646426
tol_7p5km_int_15min,elbnax,markov_order_2,15,linear,,7.5,2015.0,0.90253229727306,0.8749523502769053,2.181074510739304,2.3843967021319554
tol_7p5km_int_15min,elbnax,markov_order_2,15,nearest,,7.5,178.0,0.9432926182536348,0.4380219798635344,2.1059037177886,2.2646349340646426
tol_7p5km_int_15min,elbnax,vq_ctw,15,linear,256.0,7.5,2015.0,1.0,0.0,6.085115330683781,6.085115330683781
tol_7p5km_int_15min,elbnax,vq_ctw,15,nearest,256.0,7.5,178.0,1.0,0.0,5.774738502703333,5.774738502703333
tol_7p5km_int_15min,elbnax,vq_ctw,15,linear,512.0,7.5,2015.0,1.0,0.0,5.904769025544152,5.904769025544152
tol_7p5km_int_15min,elbnax,vq_ctw,15,nearest,512.0,7.5,178.0,1.0,0.0,5.592878308650241,5.592878308650241
tol_7p5km_int_15min,elbnax,vq_ctw,15,linear,1024.0,7.5,2015.0,1.0,0.0,5.8938082788201305,5.8938082788201305
tol_7p5km_int_15min,elbnax,vq_ctw,15,nearest,1024.0,7.5,178.0,1.0,0.0,5.675616937294204,5.675616937294204
tol_7p5km_int_15min,elfyea,direct_ctw,15,linear,,7.5,2015.0,0.9480844450290666,0.4921399772524384,2.1929652891632205,2.381283624266506
tol_7p5km_int_15min,elfyea,direct_ctw,15,nearest,,7.5,171.0,0.9470813941078364,0.4131949992589219,2.048990698529941,2.201670843483196
tol_7p5km_int_15min,elfyea,markov_order_1,15,linear,,7.5,2015.0,0.93636779754801,0.5839681438238588,2.1929652891632205,2.381283624266506
tol_7p5km_int_15min,elfyea,markov_order_1,15,nearest,,7.5,171.0,0.926314087119771,0.5136931358250572,2.048990698529941,2.201670843483196
tol_7p5km_int_15min,elfyea,markov_order_2,15,linear,,7.5,2015.0,0.9317142988430084,0.6194813114936295,2.1929652891632205,2.381283624266506
tol_7p5km_int_15min,elfyea,markov_order_2,15,nearest,,7.5,171.0,0.914667410456888,0.5600487895233193,2.048990698529941,2.201670843483196
tol_7p5km_int_15min,elfyea,vq_ctw,15,linear,256.0,7.5,2015.0,1.0,0.0,5.602553137697889,5.602553137697889
tol_7p5km_int_15min,elfyea,vq_ctw,15,nearest,256.0,7.5,171.0,1.0,0.0,6.183544197239738,6.183544197239738
tol_7p5km_int_15min,elfyea,vq_ctw,15,linear,512.0,7.5,2015.0,1.0,0.0,5.384116182400067,5.384116182400067
tol_7p5km_int_15min,elfyea,vq_ctw,15,nearest,512.0,7.5,171.0,1.0,0.0,6.217224486350728,6.217224486350728
tol_7p5km_int_15min,elfyea,vq_ctw,15,linear,1024.0,7.5,2015.0,1.0,0.0,5.375019372860795,5.375019372860795
tol_7p5km_int_15min,elfyea,vq_ctw,15,nearest,1024.0,7.5,171.0,1.0,0.0,6.670533807646866,6.670533807646866
tol_7p5km_int_15min,elhuyo,direct_ctw,15,linear,,7.5,532.0,0.9591036645861007,0.3281795386626676,2.198438675106684,2.358113965687537
tol_7p5km_int_15min,elhuyo,direct_ctw,15,nearest,,7.5,86.0,0.9273103937433154,0.5085232813812642,2.1309629459320023,2.381690153468775
tol_7p5km_int_15min,elhuyo,markov_order_1,15,linear,,7.5,532.0,0.9518818069473184,0.3745851347306336,2.198438675106684,2.358113965687537
tol_7p5km_int_15min,elhuyo,markov_order_1,15,nearest,,7.5,86.0,0.861261528820501,0.8339837450679272,2.1309629459320023,2.381690153468775
tol_7p5km_int_15min,elhuyo,markov_order_2,15,linear,,7.5,532.0,0.9514068235284934,0.3775768989329089,2.198438675106684,2.358113965687537
tol_7p5km_int_15min,elhuyo,markov_order_2,15,nearest,,7.5,86.0,0.8551013882459094,0.8601309053605447,2.1309629459320023,2.381690153468775
tol_7p5km_int_15min,elhuyo,vq_ctw,15,linear,256.0,7.5,532.0,1.0,0.0,4.04608233432371,4.04608233432371
tol_7p5km_int_15min,elhuyo,vq_ctw,15,nearest,256.0,7.5,86.0,1.0,0.0,5.556426026399279,5.556426026399279
tol_7p5km_int_15min,elhuyo,vq_ctw,15,linear,512.0,7.5,532.0,1.0,0.0,3.7504309168231513,3.7504309168231513
tol_7p5km_int_15min,elhuyo,vq_ctw,15,nearest,512.0,7.5,86.0,1.0,0.0,5.892075607174785,5.892075607174785
tol_7p5km_int_15min,elhuyo,vq_ctw,15,linear,1024.0,7.5,532.0,1.0,0.0,3.7141853976588695,3.7141853976588695
tol_7p5km_int_15min,elhuyo,vq_ctw,15,nearest,1024.0,7.5,86.0,1.0,0.0,6.458931007994514,6.458931007994514
tol_7p5km_int_15min,ellimt,direct_ctw,15,linear,,7.5,2015.0,0.9456759741870154,0.5430969642416129,2.227189087254532,2.416687641842376
tol_7p5km_int_15min,ellimt,direct_ctw,15,nearest,,7.5,142.0,0.9208804157756636,0.5390394811746487,2.542328696887478,2.723123320289942
tol_7p5km_int_15min,ellimt,markov_order_1,15,linear,,7.5,2015.0,0.9260027134724288,0.7056862916719684,2.227189087254532,2.416687641842376
tol_7p5km_int_15min,ellimt,markov_order_1,15,nearest,,7.5,142.0,0.8619523463697102,0.823283769610986,2.542328696887478,2.723123320289942
tol_7p5km_int_15min,ellimt,markov_order_2,15,linear,,7.5,2015.0,0.9160034614024746,0.7850464799331145,2.227189087254532,2.416687641842376
tol_7p5km_int_15min,ellimt,markov_order_2,15,nearest,,7.5,142.0,0.8445022910261608,0.8951196387672972,2.542328696887478,2.723123320289942
tol_7p5km_int_15min,ellimt,vq_ctw,15,linear,256.0,7.5,2015.0,1.0,0.0,6.084386037729339,6.084386037729339
tol_7p5km_int_15min,ellimt,vq_ctw,15,nearest,256.0,7.5,142.0,1.0,0.0,8.124188802797773,8.124188802797773
tol_7p5km_int_15min,ellimt,vq_ctw,15,linear,512.0,7.5,2015.0,1.0,0.0,5.942688481941021,5.942688481941021
tol_7p5km_int_15min,ellimt,vq_ctw,15,nearest,512.0,7.5,142.0,1.0,0.0,8.27169377854552,8.27169377854552
tol_7p5km_int_15min,ellimt,vq_ctw,15,linear,1024.0,7.5,2015.0,1.0,0.0,5.932515461367438,5.932515461367438
tol_7p5km_int_15min,ellimt,vq_ctw,15,nearest,1024.0,7.5,142.0,1.0,0.0,9.02515342049973,9.02515342049973
tol_7p5km_int_15min,elswck,direct_ctw,15,linear,,7.5,2013.0,0.9379005710352768,0.5783387750322373,2.1640055999312344,2.358321650480155
tol_7p5km_int_15min,elswck,direct_ctw,15,nearest,,7.5,200.0,0.9634183667995716,0.3937431187462924,2.1790240677074086,2.3793186388157084
tol_7p5km_int_15min,elswck,markov_order_1,15,linear,,7.5,2013.0,0.9209775525369644,0.7074573791643439,2.1640055999312344,2.358321650480155
tol_7p5km_int_15min,elswck,markov_order_1,15,nearest,,7.5,200.0,0.9479062450309051,0.4763126876239745,2.1790240677074086,2.3793186388157084
tol_7p5km_int_15min,elswck,markov_order_2,15,linear,,7.5,2013.0,0.9166029386097616,0.7398604696754857,2.1640055999312344,2.358321650480155
tol_7p5km_int_15min,elswck,markov_order_2,15,nearest,,7.5,200.0,0.943132008266709,0.495375312396966,2.1790240677074086,2.3793186388157084
tol_7p5km_int_15min,elswck,vq_ctw,15,linear,256.0,7.5,2013.0,1.0,0.0,5.809034904140679,5.809034904140679
tol_7p5km_int_15min,elswck,vq_ctw,15,nearest,256.0,7.5,200.0,1.0,0.0,5.700283557759866,5.700283557759866
tol_7p5km_int_15min,elswck,vq_ctw,15,linear,512.0,7.5,2013.0,1.0,0.0,5.611247629397566,5.611247629397566
tol_7p5km_int_15min,elswck,vq_ctw,15,nearest,512.0,7.5,200.0,1.0,0.0,5.7610876386316905,5.7610876386316905
tol_7p5km_int_15min,elswck,vq_ctw,15,linear,1024.0,7.5,2013.0,1.0,0.0,5.595430697055813,5.595430697055813
tol_7p5km_int_15min,elswck,vq_ctw,15,nearest,1024.0,7.5,200.0,1.0,0.0,5.842696915210369,5.842696915210369
tol_7p5km_int_15min,elvgid,direct_ctw,15,linear,,7.5,379.0,0.9817070819835324,0.1831001123210455,2.288000243239779,2.435103648249908
tol_7p5km_int_15min,elvgid,direct_ctw,15,nearest,,7.5,41.0,0.8731542975867155,0.7497692934085189,2.47902612896295,2.7458339109541736
tol_7p5km_int_15min,elvgid,markov_order_1,15,linear,,7.5,379.0,0.9706315241046152,0.2736625770310719,2.288000243239779,2.435103648249908
tol_7p5km_int_15min,elvgid,markov_order_1,15,nearest,,7.5,41.0,0.7928924758447065,1.0641750363515128,2.47902612896295,2.7458339109541736
tol_7p5km_int_15min,elvgid,markov_order_2,15,linear,,7.5,379.0,0.9663668727434692,0.3067168126586529,2.288000243239779,2.435103648249908
tol_7p5km_int_15min,elvgid,markov_order_2,15,nearest,,7.5,41.0,0.7922168389771809,1.0665524284150654,2.47902612896295,2.7458339109541736
tol_7p5km_int_15min,elvgid,vq_ctw,15,linear,256.0,7.5,379.0,1.0,0.0,3.476220231942101,3.476220231942101
tol_7p5km_int_15min,elvgid,vq_ctw,15,nearest,256.0,7.5,41.0,1.0,0.0,6.9495073829994265,6.9495073829994265
tol_7p5km_int_15min,elvgid,vq_ctw,15,linear,512.0,7.5,379.0,1.0,0.0,3.080224410449322,3.080224410449322
tol_7p5km_int_15min,elvgid,vq_ctw,15,nearest,512.0,7.5,41.0,1.0,0.0,7.986022331370891,7.986022331370891
tol_7p5km_int_15min,elvgid,vq_ctw,15,linear,1024.0,7.5,379.0,1.0,0.0,3.073217880982026,3.073217880982026
tol_7p5km_int_15min,elvgid,vq_ctw,15,nearest,1024.0,7.5,41.0,1.0,0.0,7.814638608043597,7.814638608043597
tol_7p5km_int_15min,elwesn,direct_ctw,15,linear,,7.5,2015.0,0.9598682715722942,0.3867665747794435,2.142333439882516,2.347800987000633
tol_7p5km_int_15min,elwesn,direct_ctw,15,nearest,,7.5,156.0,0.9860261914528736,0.2228373655132035,2.067057078236265,2.2331018951254133
tol_7p5km_int_15min,elwesn,markov_order_1,15,linear,,7.5,2015.0,0.9488525768092704,0.4746128710718569,2.142333439882516,2.347800987000633
tol_7p5km_int_15min,elwesn,markov_order_1,15,nearest,,7.5,156.0,0.981321613758296,0.2552313550931643,2.067057078236265,2.2331018951254133
tol_7p5km_int_15min,elwesn,markov_order_2,15,linear,,7.5,2015.0,0.9445761865345252,0.5076969923610106,2.142333439882516,2.347800987000633
tol_7p5km_int_15min,elwesn,markov_order_2,15,nearest,,7.5,156.0,0.97906095343698,0.275383501008666,2.067057078236265,2.2331018951254133
tol_7p5km_int_15min,elwesn,vq_ctw,15,linear,256.0,7.5,2015.0,1.0,0.0,5.192250087749976,5.192250087749976
tol_7p5km_int_15min,elwesn,vq_ctw,15,nearest,256.0,7.5,156.0,1.0,0.0,5.905231054556507,5.905231054556507
tol_7p5km_int_15min,elwesn,vq_ctw,15,linear,512.0,7.5,2015.0,1.0,0.0,4.945782920796868,4.945782920796868
tol_7p5km_int_15min,elwesn,vq_ctw,15,nearest,512.0,7.5,156.0,1.0,0.0,5.608996461183892,5.608996461183892
tol_7p5km_int_15min,elwesn,vq_ctw,15,linear,1024.0,7.5,2015.0,1.0,0.0,4.936112444302068,4.936112444302068
tol_7p5km_int_15min,elwesn,vq_ctw,15,nearest,1024.0,7.5,156.0,1.0,0.0,5.631289415681446,5.631289415681446
tol_7p5km_int_15min,enarwe,direct_ctw,15,linear,,7.5,1988.0,0.949163766518734,0.5316592236432348,2.1790697701152832,2.383496343395928
tol_7p5km_int_15min,enarwe,direct_ctw,15,nearest,,7.5,405.0,0.9494275680749754,0.3953473063392283,2.3125573042865994,2.466501070653437
tol_7p5km_int_15min,enarwe,markov_order_1,15,linear,,7.5,1988.0,0.9266772659603356,0.7268442067766275,2.1790697701152832,2.383496343395928
tol_7p5km_int_15min,enarwe,markov_order_1,15,nearest,,7.5,405.0,0.9193607623415816,0.5337611163269568,2.3125573042865994,2.466501070653437
tol_7p5km_int_15min,enarwe,markov_order_2,15,linear,,7.5,1988.0,0.9170612854059826,0.806814478691653,2.1790697701152832,2.383496343395928
tol_7p5km_int_15min,enarwe,markov_order_2,15,nearest,,7.5,405.0,0.9215795040571092,0.5336979986283166,2.3125573042865994,2.466501070653437
tol_7p5km_int_15min,enarwe,vq_ctw,15,linear,256.0,7.5,1988.0,1.0,0.0,6.121956273348034,6.121956273348034
tol_7p5km_int_15min,enarwe,vq_ctw,15,nearest,256.0,7.5,405.0,1.0,0.0,6.555872802658298,6.555872802658298
tol_7p5km_int_15min,enarwe,vq_ctw,15,linear,512.0,7.5,1988.0,1.0,0.0,5.869844619751319,5.869844619751319
tol_7p5km_int_15min,enarwe,vq_ctw,15,nearest,512.0,7.5,405.0,1.0,0.0,6.416909769651298,6.416909769651298
tol_7p5km_int_15min,enarwe,vq_ctw,15,linear,1024.0,7.5,1988.0,1.0,0.0,5.856266468721112,5.856266468721112
tol_7p5km_int_15min,enarwe,vq_ctw,15,nearest,1024.0,7.5,405.0,1.0,0.0,6.8695560671881095,6.8695560671881095
tol_7p5km_int_15min,enekbl,direct_ctw,15,linear,,7.5,2015.0,0.9462910337015442,0.5259105491612747,2.3459596016582043,2.5375982109563697
tol_7p5km_int_15min,enekbl,direct_ctw,15,nearest,,7.5,318.0,0.953357250699497,0.41486148857201,2.2686674809321348,2.4331004726217045
tol_7p5km_int_15min,enekbl,markov_order_1,15,linear,,7.5,2015.0,0.9292108687650908,0.6640470257011226,2.3459596016582043,2.5375982109563697
tol_7p5km_int_15min,enekbl,markov_order_1,15,nearest,,7.5,318.0,0.936552761625988,0.505717056568307,2.2686674809321348,2.4331004726217045
tol_7p5km_int_15min,enekbl,markov_order_2,15,linear,,7.5,2015.0,0.9220878352053404,0.7196673907289949,2.3459596016582043,2.5375982109563697
tol_7p5km_int_15min,enekbl,markov_order_2,15,nearest,,7.5,318.0,0.9334428983707248,0.5129284621571898,2.2686674809321348,2.4331004726217045
tol_7p5km_int_15min,enekbl,vq_ctw,15,linear,256.0,7.5,2015.0,1.0,0.0,5.350527419626475,5.350527419626475
tol_7p5km_int_15min,enekbl,vq_ctw,15,nearest,256.0,7.5,318.0,1.0,0.0,6.414654913768277,6.414654913768277
tol_7p5km_int_15min,enekbl,vq_ctw,15,linear,512.0,7.5,2015.0,1.0,0.0,5.112808333894697,5.112808333894697
tol_7p5km_int_15min,enekbl,vq_ctw,15,nearest,512.0,7.5,318.0,1.0,0.0,6.2463223672497765,6.2463223672497765
tol_7p5km_int_15min,enekbl,vq_ctw,15,linear,1024.0,7.5,2015.0,1.0,0.0,5.109421464434626,5.109421464434626
tol_7p5km_int_15min,enekbl,vq_ctw,15,nearest,1024.0,7.5,318.0,1.0,0.0,6.785129147049135,6.785129147049135
tol_7p5km_int_15min,enidmo,direct_ctw,15,linear,,7.5,1990.0,0.9426805780958843,0.5759987698273598,2.2753319940101764,2.45784639415343
tol_7p5km_int_15min,enidmo,direct_ctw,15,nearest,,7.5,134.0,0.9343262918199216,0.412215199743066,2.3176408082930577,2.454920994426262
tol_7p5km_int_15min,enidmo,markov_order_1,15,linear,,7.5,1990.0,0.9169031654592648,0.7888918497348568,2.2753319940101764,2.45784639415343
tol_7p5km_int_15min,enidmo,markov_order_1,15,nearest,,7.5,134.0,0.904666052553115,0.5477830548141243,2.3176408082930577,2.454920994426262
tol_7p5km_int_15min,enidmo,markov_order_2,15,linear,,7.5,1990.0,0.911164618329254,0.8344228329784922,2.2753319940101764,2.45784639415343
tol_7p5km_int_15min,enidmo,markov_order_2,15,nearest,,7.5,134.0,0.898040634877149,0.5729913268713387,2.3176408082930577,2.454920994426262
tol_7p5km_int_15min,enidmo,vq_ctw,15,linear,256.0,7.5,1990.0,1.0,0.0,7.393993811565819,7.393993811565819
tol_7p5km_int_15min,enidmo,vq_ctw,15,nearest,256.0,7.5,134.0,1.0,0.0,7.609175248990314,7.609175248990314
tol_7p5km_int_15min,enidmo,vq_ctw,15,linear,512.0,7.5,1990.0,1.0,0.0,7.370190199645391,7.370190199645391
tol_7p5km_int_15min,enidmo,vq_ctw,15,nearest,512.0,7.5,134.0,1.0,0.0,7.2963940239273954,7.2963940239273954
tol_7p5km_int_15min,enidmo,vq_ctw,15,linear,1024.0,7.5,1990.0,1.0,0.0,7.377808100912229,7.377808100912229
tol_7p5km_int_15min,enidmo,vq_ctw,15,nearest,1024.0,7.5,134.0,1.0,0.0,8.904978601418478,8.904978601418478
tol_7p5km_int_15min,enjubp,direct_ctw,15,linear,,7.5,2014.0,0.928861537801874,0.6723489092994297,2.256478278161533,2.4585844510692594
tol_7p5km_int_15min,enjubp,direct_ctw,15,nearest,,7.5,158.0,0.9165541028524524,0.6164592011936193,2.3684020525140275,2.5596201814363018
tol_7p5km_int_15min,enjubp,markov_order_1,15,linear,,7.5,2014.0,0.911707893304169,0.8058017222189937,2.256478278161533,2.4585844510692594
tol_7p5km_int_15min,enjubp,markov_order_1,15,nearest,,7.5,158.0,0.8496302304326027,0.9209040873428864,2.3684020525140275,2.5596201814363018
tol_7p5km_int_15min,enjubp,markov_order_2,15,linear,,7.5,2014.0,0.901896629103354,0.8796904348293286,2.256478278161533,2.4585844510692594
tol_7p5km_int_15min,enjubp,markov_order_2,15,nearest,,7.5,158.0,0.8252674905632063,1.0083537244682774,2.3684020525140275,2.5596201814363018
tol_7p5km_int_15min,enjubp,vq_ctw,15,linear,256.0,7.5,2014.0,1.0,0.0,5.621133906238899,5.621133906238899
tol_7p5km_int_15min,enjubp,vq_ctw,15,nearest,256.0,7.5,158.0,1.0,0.0,6.664738408752187,6.664738408752187
tol_7p5km_int_15min,enjubp,vq_ctw,15,linear,512.0,7.5,2014.0,1.0,0.0,5.4010003902828565,5.4010003902828565
tol_7p5km_int_15min,enjubp,vq_ctw,15,nearest,512.0,7.5,158.0,1.0,0.0,6.609692043887278,6.609692043887278
tol_7p5km_int_15min,enjubp,vq_ctw,15,linear,1024.0,7.5,2014.0,1.0,0.0,5.387581781709221,5.387581781709221
tol_7p5km_int_15min,enjubp,vq_ctw,15,nearest,1024.0,7.5,158.0,1.0,0.0,7.307554843642907,7.307554843642907
tol_7p5km_int_15min,enkkan,direct_ctw,15,linear,,7.5,2015.0,0.951545438815635,0.4691020841629592,2.1293141744591964,2.300398175425183
tol_7p5km_int_15min,enkkan,direct_ctw,15,nearest,,7.5,372.0,0.9602616863637642,0.3571689192206023,2.193878905043732,2.3562206319522216
tol_7p5km_int_15min,enkkan,markov_order_1,15,linear,,7.5,2015.0,0.9391367196213052,0.5686485081627819,2.1293141744591964,2.300398175425183
tol_7p5km_int_15min,enkkan,markov_order_1,15,nearest,,7.5,372.0,0.9377234687807352,0.4652014551793158,2.193878905043732,2.3562206319522216
tol_7p5km_int_15min,enkkan,markov_order_2,15,linear,,7.5,2015.0,0.9336912166900642,0.6110564206308918,2.1293141744591964,2.300398175425183
tol_7p5km_int_15min,enkkan,markov_order_2,15,nearest,,7.5,372.0,0.9344172195475542,0.4862227681972113,2.193878905043732,2.3562206319522216
tol_7p5km_int_15min,enkkan,vq_ctw,15,linear,256.0,7.5,2015.0,1.0,0.0,5.5609862057213455,5.5609862057213455
tol_7p5km_int_15min,enkkan,vq_ctw,15,nearest,256.0,7.5,372.0,1.0,0.0,5.914894600148633,5.914894600148633
tol_7p5km_int_15min,enkkan,vq_ctw,15,linear,512.0,7.5,2015.0,1.0,0.0,5.27815346537944,5.27815346537944
tol_7p5km_int_15min,enkkan,vq_ctw,15,nearest,512.0,7.5,372.0,1.0,0.0,5.842505510812345,5.842505510812345
tol_7p5km_int_15min,enkkan,vq_ctw,15,linear,1024.0,7.5,2015.0,1.0,0.0,5.25625637203742,5.25625637203742
tol_7p5km_int_15min,enkkan,vq_ctw,15,nearest,1024.0,7.5,372.0,1.0,0.0,6.128512829129003,6.128512829129003
tol_7p5km_int_15min,enyene,direct_ctw,15,linear,,7.5,323.0,0.9634031986342788,0.3292051182588706,2.344657056521577,2.528408560508127
tol_7p5km_int_15min,enyene,markov_order_1,15,linear,,7.5,323.0,0.9403946788216048,0.4932094870358337,2.344657056521577,2.528408560508127
tol_7p5km_int_15min,enyene,markov_order_2,15,linear,,7.5,323.0,0.934465864847011,0.5330100140063334,2.344657056521577,2.528408560508127
tol_7p5km_int_15min,enyene,vq_ctw,15,linear,256.0,7.5,323.0,1.0,0.0,6.918382318887384,6.918382318887384
tol_7p5km_int_15min,enyene,vq_ctw,15,linear,512.0,7.5,323.0,1.0,0.0,6.597364772684263,6.597364772684263
tol_7p5km_int_15min,enyene,vq_ctw,15,linear,1024.0,7.5,323.0,1.0,0.0,6.598804055578022,6.598804055578022
tol_7p5km_int_15min,enyons,direct_ctw,15,linear,,7.5,2015.0,0.9399986102353364,0.5674559950654422,2.109058263112594,2.302997346600556
tol_7p5km_int_15min,enyons,direct_ctw,15,nearest,,7.5,267.0,0.9257682721194596,0.4898754071339472,2.3677883256269,2.518156941492481
tol_7p5km_int_15min,enyons,markov_order_1,15,linear,,7.5,2015.0,0.9248156956737746,0.6857164179407416,2.109058263112594,2.302997346600556
tol_7p5km_int_15min,enyons,markov_order_1,15,nearest,,7.5,267.0,0.8831199811250846,0.6769778955171609,2.3677883256269,2.518156941492481
tol_7p5km_int_15min,enyons,markov_order_2,15,linear,,7.5,2015.0,0.918952377046552,0.7300503324188472,2.109058263112594,2.302997346600556
tol_7p5km_int_15min,enyons,markov_order_2,15,nearest,,7.5,267.0,0.8856969150446965,0.6724109385977237,2.3677883256269,2.518156941492481
tol_7p5km_int_15min,enyons,vq_ctw,15,linear,256.0,7.5,2015.0,1.0,0.0,5.320698918721179,5.320698918721179
tol_7p5km_int_15min,enyons,vq_ctw,15,nearest,256.0,7.5,267.0,1.0,0.0,6.456798862040662,6.456798862040662
tol_7p5km_int_15min,enyons,vq_ctw,15,linear,512.0,7.5,2015.0,1.0,0.0,5.001767263418815,5.001767263418815
tol_7p5km_int_15min,enyons,vq_ctw,15,nearest,512.0,7.5,267.0,1.0,0.0,6.502029427273945,6.502029427273945
tol_7p5km_int_15min,enyons,vq_ctw,15,linear,1024.0,7.5,2015.0,1.0,0.0,4.98174598622511,4.98174598622511
tol_7p5km_int_15min,enyons,vq_ctw,15,nearest,1024.0,7.5,267.0,1.0,0.0,6.980160349605402,6.980160349605402
tol_7p5km_int_15min,eoccoi,direct_ctw,15,linear,,7.5,1975.0,0.9182724692501144,0.7672104497204547,2.2523654632227115,2.453403700961123
tol_7p5km_int_15min,eoccoi,direct_ctw,15,nearest,,7.5,193.0,0.9327228525228628,0.4546637946823696,2.3101506570293906,2.43519934467588
tol_7p5km_int_15min,eoccoi,markov_order_1,15,linear,,7.5,1975.0,0.8938113703908439,0.9547257450699176,2.2523654632227115,2.453403700961123
tol_7p5km_int_15min,eoccoi,markov_order_1,15,nearest,,7.5,193.0,0.8998824376975864,0.6147479767899536,2.3101506570293906,2.43519934467588
tol_7p5km_int_15min,eoccoi,markov_order_2,15,linear,,7.5,1975.0,0.8821662720285164,1.0406648955751563,2.2523654632227115,2.453403700961123
tol_7p5km_int_15min,eoccoi,markov_order_2,15,nearest,,7.5,193.0,0.8955543263294119,0.6366904486429018,2.3101506570293906,2.43519934467588
tol_7p5km_int_15min,eoccoi,vq_ctw,15,linear,256.0,7.5,1975.0,1.0,0.0,6.480051690604825,6.480051690604825
tol_7p5km_int_15min,eoccoi,vq_ctw,15,nearest,256.0,7.5,193.0,1.0,0.0,5.903541693671161,5.903541693671161
tol_7p5km_int_15min,eoccoi,vq_ctw,15,linear,512.0,7.5,1975.0,1.0,0.0,6.388263807148147,6.388263807148147
tol_7p5km_int_15min,eoccoi,vq_ctw,15,nearest,512.0,7.5,193.0,1.0,0.0,5.894242126837144,5.894242126837144
tol_7p5km_int_15min,eoccoi,vq_ctw,15,linear,1024.0,7.5,1975.0,1.0,0.0,6.396544943952261,6.396544943952261
tol_7p5km_int_15min,eoccoi,vq_ctw,15,nearest,1024.0,7.5,193.0,1.0,0.0,5.781177982928094,5.781177982928094
tol_7p5km_int_15min,eoffri,direct_ctw,15,linear,,7.5,2015.0,0.9424498793369158,0.5848965354351817,2.2431142678916736,2.4442044644198675
tol_7p5km_int_15min,eoffri,direct_ctw,15,nearest,,7.5,265.0,0.9552625941340276,0.3701873420937692,2.222920416354261,2.3917049837797832
tol_7p5km_int_15min,eoffri,markov_order_1,15,linear,,7.5,2015.0,0.9220363671766536,0.7570148619319134,2.2431142678916736,2.4442044644198675
tol_7p5km_int_15min,eoffri,markov_order_1,15,nearest,,7.5,265.0,0.9340643250445664,0.4847661947253947,2.222920416354261,2.3917049837797832
tol_7p5km_int_15min,eoffri,markov_order_2,15,linear,,7.5,2015.0,0.910243573102978,0.8524722174539994,2.2431142678916736,2.4442044644198675
tol_7p5km_int_15min,eoffri,markov_order_2,15,nearest,,7.5,265.0,0.9282135398667224,0.5147281286155896,2.222920416354261,2.3917049837797832
tol_7p5km_int_15min,eoffri,vq_ctw,15,linear,256.0,7.5,2015.0,1.0,0.0,6.6144409064230345,6.6144409064230345
tol_7p5km_int_15min,eoffri,vq_ctw,15,nearest,256.0,7.5,265.0,1.0,0.0,6.2369428079482985,6.2369428079482985
tol_7p5km_int_15min,eoffri,vq_ctw,15,linear,512.0,7.5,2015.0,1.0,0.0,6.45876941951891,6.45876941951891
tol_7p5km_int_15min,eoffri,vq_ctw,15,nearest,512.0,7.5,265.0,1.0,0.0,6.013401186714961,6.013401186714961
tol_7p5km_int_15min,eoffri,vq_ctw,15,linear,1024.0,7.5,2015.0,1.0,0.0,6.452754261737409,6.452754261737409
tol_7p5km_int_15min,eoffri,vq_ctw,15,nearest,1024.0,7.5,265.0,1.0,0.0,6.347914136890131,6.347914136890131
tol_7p5km_int_15min,eoivqu,direct_ctw,15,linear,,7.5,2015.0,0.9024136162762398,0.9144747134200528,2.5511122236810486,2.764353889882506
tol_7p5km_int_15min,eoivqu,direct_ctw,15,nearest,,7.5,34.0,0.8550290938285063,0.8870523761929289,2.348703147372577,2.546869953755212
tol_7p5km_int_15min,eoivqu,markov_order_1,15,linear,,7.5,2015.0,0.86101419967527,1.2270066082133542,2.5511122236810486,2.764353889882506
tol_7p5km_int_15min,eoivqu,markov_order_1,15,nearest,,7.5,34.0,0.764365139183991,1.2589752557071174,2.348703147372577,2.546869953755212
tol_7p5km_int_15min,eoivqu,markov_order_2,15,linear,,7.5,2015.0,0.8486692763101321,1.315918564629512,2.5511122236810486,2.764353889882506
tol_7p5km_int_15min,eoivqu,markov_order_2,15,nearest,,7.5,34.0,0.7514938195230998,1.305914241129755,2.348703147372577,2.546869953755212
tol_7p5km_int_15min,eoivqu,vq_ctw,15,linear,256.0,7.5,2015.0,1.0,0.0,9.194548893598084,9.194548893598084
tol_7p5km_int_15min,eoivqu,vq_ctw,15,nearest,256.0,7.5,34.0,1.0,0.0,8.930653383844081,8.930653383844081
tol_7p5km_int_15min,eoivqu,vq_ctw,15,linear,512.0,7.5,2015.0,1.0,0.0,9.348688396215694,9.348688396215694
tol_7p5km_int_15min,eoivqu,vq_ctw,15,nearest,512.0,7.5,34.0,1.0,0.0,9.125967418651786,9.125967418651786
tol_7p5km_int_15min,eoivqu,vq_ctw,15,linear,1024.0,7.5,2015.0,1.0,0.0,9.37179192648992,9.37179192648992
tol_7p5km_int_15min,eoivqu,vq_ctw,15,nearest,1024.0,7.5,34.0,1.0,0.0,9.323561377938608,9.323561377938608
tol_7p5km_int_15min,eokrac,direct_ctw,15,linear,,7.5,2013.0,0.9433591288389152,0.5352532075485046,2.2318773023206777,2.4075637237315206
tol_7p5km_int_15min,eokrac,direct_ctw,15,nearest,,7.5,247.0,0.9517580216650836,0.3761802355755061,2.182042827264684,2.3512422075020742
tol_7p5km_int_15min,eokrac,markov_order_1,15,linear,,7.5,2013.0,0.929083638707249,0.6463965293153389,2.2318773023206777,2.4075637237315206
tol_7p5km_int_15min,eokrac,markov_order_1,15,nearest,,7.5,247.0,0.9297461887101842,0.4906491163780201,2.182042827264684,2.3512422075020742
tol_7p5km_int_15min,eokrac,markov_order_2,15,linear,,7.5,2013.0,0.9232490840650548,0.6904835032503777,2.2318773023206777,2.4075637237315206
tol_7p5km_int_15min,eokrac,markov_order_2,15,nearest,,7.5,247.0,0.9241280719776068,0.5171767534333126,2.182042827264684,2.3512422075020742
tol_7p5km_int_15min,eokrac,vq_ctw,15,linear,256.0,7.5,2013.0,1.0,0.0,5.342746350361445,5.342746350361445
tol_7p5km_int_15min,eokrac,vq_ctw,15,nearest,256.0,7.5,247.0,1.0,0.0,5.624893728500604,5.624893728500604
tol_7p5km_int_15min,eokrac,vq_ctw,15,linear,512.0,7.5,2013.0,1.0,0.0,5.098683630064071,5.098683630064071
tol_7p5km_int_15min,eokrac,vq_ctw,15,nearest,512.0,7.5,247.0,1.0,0.0,5.589550495769172,5.589550495769172
tol_7p5km_int_15min,eokrac,vq_ctw,15,linear,1024.0,7.5,2013.0,1.0,0.0,5.078271130146549,5.078271130146549
tol_7p5km_int_15min,eokrac,vq_ctw,15,nearest,1024.0,7.5,247.0,1.0,0.0,6.2472318539107246,6.2472318539107246
tol_7p5km_int_15min,eolgug,direct_ctw,15,linear,,7.5,2015.0,0.9504124436925936,0.4561870962041766,2.194928539928657,2.4254895329126227
tol_7p5km_int_15min,eolgug,direct_ctw,15,nearest,,7.5,121.0,0.9863538727574293,0.2143415203233362,2.133376472276412,2.322846640972976
tol_7p5km_int_15min,eolgug,markov_order_1,15,linear,,7.5,2015.0,0.938313482095542,0.5475039915237435,2.194928539928657,2.4254895329126227
tol_7p5km_int_15min,eolgug,markov_order_1,15,nearest,,7.5,121.0,0.9806093429689852,0.2645651255488608,2.133376472276412,2.322846640972976
tol_7p5km_int_15min,eolgug,markov_order_2,15,linear,,7.5,2015.0,0.9345913286952456,0.5748280710601518,2.194928539928657,2.4254895329126227
tol_7p5km_int_15min,eolgug,markov_order_2,15,nearest,,7.5,121.0,0.9783415042717636,0.2804181861433407,2.133376472276412,2.322846640972976
tol_7p5km_int_15min,eolgug,vq_ctw,15,linear,256.0,7.5,2015.0,1.0,0.0,4.912542547764839,4.912542547764839
tol_7p5km_int_15min,eolgug,vq_ctw,15,nearest,256.0,7.5,121.0,1.0,0.0,5.605681936645126,5.605681936645126
tol_7p5km_int_15min,eolgug,vq_ctw,15,linear,512.0,7.5,2015.0,1.0,0.0,4.657826278446041,4.657826278446041
tol_7p5km_int_15min,eolgug,vq_ctw,15,nearest,512.0,7.5,121.0,1.0,0.0,5.451720149163186,5.451720149163186
tol_7p5km_int_15min,eolgug,vq_ctw,15,linear,1024.0,7.5,2015.0,1.0,0.0,4.6474221667399735,4.6474221667399735
tol_7p5km_int_15min,eolgug,vq_ctw,15,nearest,1024.0,7.5,121.0,1.0,0.0,6.361194856639292,6.361194856639292
tol_7p5km_int_15min,eoslui,direct_ctw,15,linear,,7.5,1985.0,0.9510180328206916,0.4685483202658914,2.072531207265108,2.2489708582598094
tol_7p5km_int_15min,eoslui,direct_ctw,15,nearest,,7.5,335.0,0.9700153890623828,0.3000788543526675,2.195372918525392,2.3452222140728254
tol_7p5km_int_15min,eoslui,markov_order_1,15,linear,,7.5,1985.0,0.9416495271425708,0.5430227697201934,2.072531207265108,2.2489708582598094
tol_7p5km_int_15min,eoslui,markov_order_1,15,nearest,,7.5,335.0,0.9552037665893768,0.3785141795583201,2.195372918525392,2.3452222140728254
tol_7p5km_int_15min,eoslui,markov_order_2,15,linear,,7.5,1985.0,0.9351494515131372,0.5933152193136023,2.072531207265108,2.2489708582598094
tol_7p5km_int_15min,eoslui,markov_order_2,15,nearest,,7.5,335.0,0.9484878799638938,0.4008173885182167,2.195372918525392,2.3452222140728254
tol_7p5km_int_15min,eoslui,vq_ctw,15,linear,256.0,7.5,1985.0,1.0,0.0,5.276672501302752,5.276672501302752
tol_7p5km_int_15min,eoslui,vq_ctw,15,nearest,256.0,7.5,335.0,1.0,0.0,6.038979009598908,6.038979009598908
tol_7p5km_int_15min,eoslui,vq_ctw,15,linear,512.0,7.5,1985.0,1.0,0.0,4.946410317925842,4.946410317925842
tol_7p5km_int_15min,eoslui,vq_ctw,15,nearest,512.0,7.5,335.0,1.0,0.0,5.759089750490927,5.759089750490927
tol_7p5km_int_15min,eoslui,vq_ctw,15,linear,1024.0,7.5,1985.0,1.0,0.0,4.924036943849062,4.924036943849062
tol_7p5km_int_15min,eoslui,vq_ctw,15,nearest,1024.0,7.5,335.0,1.0,0.0,6.036524495642655,6.036524495642655
tol_7p5km_int_15min,eovsyt,direct_ctw,15,linear,,7.5,2015.0,0.9294770366823792,0.6619476918544672,2.1844372090822715,2.4003949751039504
tol_7p5km_int_15min,eovsyt,direct_ctw,15,nearest,,7.5,79.0,0.9170289515690568,0.5440679602372172,2.457789485120064,2.6678615674089605
tol_7p5km_int_15min,eovsyt,markov_order_1,15,linear,,7.5,2015.0,0.9104963557611856,0.808034356552243,2.1844372090822715,2.4003949751039504
tol_7p5km_int_15min,eovsyt,markov_order_1,15,nearest,,7.5,79.0,0.8465730182707591,0.8615068107572292,2.457789485120064,2.6678615674089605
tol_7p5km_int_15min,eovsyt,markov_order_2,15,linear,,7.5,2015.0,0.9021198622059416,0.8703923765855244,2.1844372090822715,2.4003949751039504
tol_7p5km_int_15min,eovsyt,markov_order_2,15,nearest,,7.5,79.0,0.8427680938017383,0.8760193181402407,2.457789485120064,2.6678615674089605
tol_7p5km_int_15min,eovsyt,vq_ctw,15,linear,256.0,7.5,2015.0,1.0,0.0,5.806939295411865,5.806939295411865
tol_7p5km_int_15min,eovsyt,vq_ctw,15,nearest,256.0,7.5,79.0,1.0,0.0,6.711400002570045,6.711400002570045
tol_7p5km_int_15min,eovsyt,vq_ctw,15,linear,512.0,7.5,2015.0,1.0,0.0,5.679993947825095,5.679993947825095
tol_7p5km_int_15min,eovsyt,vq_ctw,15,nearest,512.0,7.5,79.0,1.0,0.0,7.292543725419986,7.292543725419986
tol_7p5km_int_15min,eovsyt,vq_ctw,15,linear,1024.0,7.5,2015.0,1.0,0.0,5.670489118258341,5.670489118258341
tol_7p5km_int_15min,eovsyt,vq_ctw,15,nearest,1024.0,7.5,79.0,1.0,0.0,8.715106457776484,8.715106457776484
tol_7p5km_int_15min,eoydba,direct_ctw,15,linear,,7.5,1219.0,0.9519025603358442,0.4895185972045339,2.1067404981961526,2.339078179195459
tol_7p5km_int_15min,eoydba,markov_order_1,15,linear,,7.5,1219.0,0.9240378753011714,0.7214389325931904,2.1067404981961526,2.339078179195459
tol_7p5km_int_15min,eoydba,markov_order_2,15,linear,,7.5,1219.0,0.91070321992365,0.8263379977375773,2.1067404981961526,2.339078179195459
tol_7p5km_int_15min,eoydba,vq_ctw,15,linear,256.0,7.5,1219.0,1.0,0.0,6.887966629324634,6.887966629324634
tol_7p5km_int_15min,eoydba,vq_ctw,15,linear,512.0,7.5,1219.0,1.0,0.0,6.605607999645673,6.605607999645673
tol_7p5km_int_15min,eoydba,vq_ctw,15,linear,1024.0,7.5,1219.0,1.0,0.0,6.600714634728382,6.600714634728382
tol_7p5km_int_15min,epabca,direct_ctw,15,linear,,7.5,2015.0,0.9251096446815292,0.6765024377518506,2.2410619674803764,2.419561056885837
tol_7p5km_int_15min,epabca,direct_ctw,15,nearest,,7.5,385.0,0.9455102380499392,0.401904871935438,2.151963725008444,2.318070994255462
tol_7p5km_int_15min,epabca,markov_order_1,15,linear,,7.5,2015.0,0.9062793306066912,0.8149248837131658,2.2410619674803764,2.419561056885837
tol_7p5km_int_15min,epabca,markov_order_1,15,nearest,,7.5,385.0,0.9179865958694734,0.5371260926027179,2.151963725008444,2.318070994255462
tol_7p5km_int_15min,epabca,markov_order_2,15,linear,,7.5,2015.0,0.9001211325804617,0.8588273025800921,2.2410619674803764,2.419561056885837
tol_7p5km_int_15min,epabca,markov_order_2,15,nearest,,7.5,385.0,0.9117295212670627,0.5701018716897741,2.151963725008444,2.318070994255462
tol_7p5km_int_15min,epabca,vq_ctw,15,linear,256.0,7.5,2015.0,1.0,0.0,5.740607946180535,5.740607946180535
tol_7p5km_int_15min,epabca,vq_ctw,15,nearest,256.0,7.5,385.0,1.0,0.0,6.085201446510679,6.085201446510679
tol_7p5km_int_15min,epabca,vq_ctw,15,linear,512.0,7.5,2015.0,1.0,0.0,5.556389881771899,5.556389881771899
tol_7p5km_int_15min,epabca,vq_ctw,15,nearest,512.0,7.5,385.0,1.0,0.0,6.01726855646912,6.01726855646912
tol_7p5km_int_15min,epabca,vq_ctw,15,linear,1024.0,7.5,2015.0,1.0,0.0,5.552437639173951,5.552437639173951
tol_7p5km_int_15min,epabca,vq_ctw,15,nearest,1024.0,7.5,385.0,1.0,0.0,6.476805558078693,6.476805558078693
tol_7p5km_int_15min,epemva,direct_ctw,15,linear,,7.5,2015.0,0.9514154619528266,0.4545272223332606,2.088583226890086,2.271271992869895
tol_7p5km_int_15min,epemva,direct_ctw,15,nearest,,7.5,591.0,0.9467659420583134,0.3838968065612153,2.2152008123762768,2.390987783072269
tol_7p5km_int_15min,epemva,markov_order_1,15,linear,,7.5,2015.0,0.9413036669712068,0.5326721152306538,2.088583226890086,2.271271992869895
tol_7p5km_int_15min,epemva,markov_order_1,15,nearest,,7.5,591.0,0.9203187886778084,0.5080218296144152,2.2152008123762768,2.390987783072269
tol_7p5km_int_15min,epemva,markov_order_2,15,linear,,7.5,2015.0,0.9373006063388296,0.5628435618870375,2.088583226890086,2.271271992869895
tol_7p5km_int_15min,epemva,markov_order_2,15,nearest,,7.5,591.0,0.9188564255706398,0.5135673701592929,2.2152008123762768,2.390987783072269
tol_7p5km_int_15min,epemva,vq_ctw,15,linear,256.0,7.5,2015.0,1.0,0.0,5.0422554841377485,5.0422554841377485
tol_7p5km_int_15min,epemva,vq_ctw,15,nearest,256.0,7.5,591.0,1.0,0.0,6.48702085367924,6.48702085367924
tol_7p5km_int_15min,epemva,vq_ctw,15,linear,512.0,7.5,2015.0,1.0,0.0,4.728532018243104,4.728532018243104
tol_7p5km_int_15min,epemva,vq_ctw,15,nearest,512.0,7.5,591.0,1.0,0.0,6.341373401246072,6.341373401246072
tol_7p5km_int_15min,epemva,vq_ctw,15,linear,1024.0,7.5,2015.0,1.0,0.0,4.7076107000887015,4.7076107000887015
tol_7p5km_int_15min,epemva,vq_ctw,15,nearest,1024.0,7.5,591.0,1.0,0.0,7.088263349148969,7.088263349148969
tol_7p5km_int_15min,epkiap,direct_ctw,15,linear,,7.5,2015.0,0.9333883081263112,0.6410409340161829,2.338944063088578,2.5365442745071465
tol_7p5km_int_15min,epkiap,direct_ctw,15,nearest,,7.5,241.0,0.924056072186466,0.499600823531853,2.353397142108941,2.517744503769796
tol_7p5km_int_15min,epkiap,markov_order_1,15,linear,,7.5,2015.0,0.9121557415047334,0.8088895724198909,2.338944063088578,2.5365442745071465
tol_7p5km_int_15min,epkiap,markov_order_1,15,nearest,,7.5,241.0,0.8772375292427725,0.722033730108046,2.353397142108941,2.517744503769796
tol_7p5km_int_15min,epkiap,markov_order_2,15,linear,,7.5,2015.0,0.9052336871674096,0.8617553479654273,2.338944063088578,2.5365442745071465
tol_7p5km_int_15min,epkiap,markov_order_2,15,nearest,,7.5,241.0,0.8688549770279346,0.7572590664688243,2.353397142108941,2.517744503769796
tol_7p5km_int_15min,epkiap,vq_ctw,15,linear,256.0,7.5,2015.0,1.0,0.0,6.466930548168591,6.466930548168591
tol_7p5km_int_15min,epkiap,vq_ctw,15,nearest,256.0,7.5,241.0,1.0,0.0,6.534337699698835,6.534337699698835
tol_7p5km_int_15min,epkiap,vq_ctw,15,linear,512.0,7.5,2015.0,1.0,0.0,6.339322767398855,6.339322767398855
tol_7p5km_int_15min,epkiap,vq_ctw,15,nearest,512.0,7.5,241.0,1.0,0.0,6.501040629113789,6.501040629113789
tol_7p5km_int_15min,epkiap,vq_ctw,15,linear,1024.0,7.5,2015.0,1.0,0.0,6.329912239403442,6.329912239403442
tol_7p5km_int_15min,epkiap,vq_ctw,15,nearest,1024.0,7.5,241.0,1.0,0.0,7.184144177890837,7.184144177890837
tol_7p5km_int_15min,equioc,direct_ctw,15,linear,,7.5,2015.0,0.9247802979071512,0.7344168300619738,2.206582800633937,2.39109045871826
tol_7p5km_int_15min,equioc,direct_ctw,15,nearest,,7.5,124.0,0.9425671782645096,0.3657443272053597,2.247357520861875,2.419779532645992
tol_7p5km_int_15min,equioc,markov_order_1,15,linear,,7.5,2015.0,0.8985598474383765,0.9446176965702908,2.206582800633937,2.39109045871826
tol_7p5km_int_15min,equioc,markov_order_1,15,nearest,,7.5,124.0,0.9097344171405376,0.5194791121950759,2.247357520861875,2.419779532645992
tol_7p5km_int_15min,equioc,markov_order_2,15,linear,,7.5,2015.0,0.8892920402278323,1.0161595366258207,2.206582800633937,2.39109045871826
tol_7p5km_int_15min,equioc,markov_order_2,15,nearest,,7.5,124.0,0.9066427011817708,0.5211277882820309,2.247357520861875,2.419779532645992
tol_7p5km_int_15min,equioc,vq_ctw,15,linear,256.0,7.5,2015.0,1.0,0.0,7.017740623064249,7.017740623064249
tol_7p5km_int_15min,equioc,vq_ctw,15,nearest,256.0,7.5,124.0,1.0,0.0,9.45904966052798,9.45904966052798
tol_7p5km_int_15min,equioc,vq_ctw,15,linear,512.0,7.5,2015.0,1.0,0.0,6.937672449666376,6.937672449666376
tol_7p5km_int_15min,equioc,vq_ctw,15,nearest,512.0,7.5,124.0,1.0,0.0,9.332835498324846,9.332835498324846
tol_7p5km_int_15min,equioc,vq_ctw,15,linear,1024.0,7.5,2015.0,1.0,0.0,6.943056553328043,6.943056553328043
tol_7p5km_int_15min,equioc,vq_ctw,15,nearest,1024.0,7.5,124.0,1.0,0.0,10.365513695491822,10.365513695491822
tol_7p5km_int_15min,equoaw,direct_ctw,15,linear,,7.5,2015.0,0.9580296245830984,0.415228140735943,2.0851680124952,2.3190438615746625
tol_7p5km_int_15min,equoaw,direct_ctw,15,nearest,,7.5,375.0,0.9636871604775524,0.341067978423742,2.099470323623512,2.266606301105656
tol_7p5km_int_15min,equoaw,markov_order_1,15,linear,,7.5,2015.0,0.9422922371295748,0.5437354910754807,2.0851680124952,2.3190438615746625
tol_7p5km_int_15min,equoaw,markov_order_1,15,nearest,,7.5,375.0,0.949355093468675,0.4205653516583721,2.099470323623512,2.266606301105656
tol_7p5km_int_15min,equoaw,markov_order_2,15,linear,,7.5,2015.0,0.9382333416133736,0.5757339129415169,2.0851680124952,2.3190438615746625
tol_7p5km_int_15min,equoaw,markov_order_2,15,nearest,,7.5,375.0,0.9443109715171996,0.4411646992624821,2.099470323623512,2.266606301105656
tol_7p5km_int_15min,equoaw,vq_ctw,15,linear,256.0,7.5,2015.0,1.0,0.0,5.661974818146391,5.661974818146391
tol_7p5km_int_15min,equoaw,vq_ctw,15,nearest,256.0,7.5,375.0,1.0,0.0,6.353648515246179,6.353648515246179
tol_7p5km_int_15min,equoaw,vq_ctw,15,linear,512.0,7.5,2015.0,1.0,0.0,5.354720249081445,5.354720249081445
tol_7p5km_int_15min,equoaw,vq_ctw,15,nearest,512.0,7.5,375.0,1.0,0.0,6.074502289019678,6.074502289019678
tol_7p5km_int_15min,equoaw,vq_ctw,15,linear,1024.0,7.5,2015.0,1.0,0.0,5.3376421907232565,5.3376421907232565
tol_7p5km_int_15min,equoaw,vq_ctw,15,nearest,1024.0,7.5,375.0,1.0,0.0,6.512112135392211,6.512112135392211
tol_7p5km_int_15min,erjboy,direct_ctw,15,linear,,7.5,2015.0,0.9429528469763916,0.5534922947683769,2.1388302222968227,2.326485140369364
tol_7p5km_int_15min,erjboy,direct_ctw,15,nearest,,7.5,122.0,0.9581694630181156,0.2939969687369332,2.194784830572426,2.407050032388637
tol_7p5km_int_15min,erjboy,markov_order_1,15,linear,,7.5,2015.0,0.92143051253431,0.7247473944408176,2.1388302222968227,2.326485140369364
tol_7p5km_int_15min,erjboy,markov_order_1,15,nearest,,7.5,122.0,0.9314470049099705,0.4308402740488297,2.194784830572426,2.407050032388637
tol_7p5km_int_15min,erjboy,markov_order_2,15,linear,,7.5,2015.0,0.916405130264215,0.7633053095673485,2.1388302222968227,2.326485140369364
tol_7p5km_int_15min,erjboy,markov_order_2,15,nearest,,7.5,122.0,0.926374363956872,0.4556837044051025,2.194784830572426,2.407050032388637
tol_7p5km_int_15min,erjboy,vq_ctw,15,linear,256.0,7.5,2015.0,1.0,0.0,6.415825177621999,6.415825177621999
tol_7p5km_int_15min,erjboy,vq_ctw,15,nearest,256.0,7.5,122.0,1.0,0.0,8.82514641098761,8.82514641098761
tol_7p5km_int_15min,erjboy,vq_ctw,15,linear,512.0,7.5,2015.0,1.0,0.0,6.287291615106295,6.287291615106295
tol_7p5km_int_15min,erjboy,vq_ctw,15,nearest,512.0,7.5,122.0,1.0,0.0,8.860700314813746,8.860700314813746
tol_7p5km_int_15min,erjboy,vq_ctw,15,linear,1024.0,7.5,2015.0,1.0,0.0,6.284821780582978,6.284821780582978
tol_7p5km_int_15min,erjboy,vq_ctw,15,nearest,1024.0,7.5,122.0,1.0,0.0,10.848192116502869,10.848192116502869
tol_7p5km_int_15min,erjcre,direct_ctw,15,linear,,7.5,2009.0,0.904255582077086,0.7734147677122665,2.365588277998467,2.555381741234663
tol_7p5km_int_15min,erjcre,direct_ctw,15,nearest,,7.5,125.0,0.8728613267901347,0.7503639942389828,2.1220396283961778,2.3681294099161714
tol_7p5km_int_15min,erjcre,markov_order_1,15,linear,,7.5,2009.0,0.8857389486212485,0.8922032753133844,2.365588277998467,2.555381741234663
tol_7p5km_int_15min,erjcre,markov_order_1,15,nearest,,7.5,125.0,0.809188964424502,0.9998907264092844,2.1220396283961778,2.3681294099161714
tol_7p5km_int_15min,erjcre,markov_order_2,15,linear,,7.5,2009.0,0.8854615358860904,0.8939439016035146,2.365588277998467,2.555381741234663
tol_7p5km_int_15min,erjcre,markov_order_2,15,nearest,,7.5,125.0,0.8175593806401064,0.9733609899713392,2.1220396283961778,2.3681294099161714
tol_7p5km_int_15min,erjcre,vq_ctw,15,linear,256.0,7.5,2009.0,1.0,0.0,6.3616779103561605,6.3616779103561605
tol_7p5km_int_15min,erjcre,vq_ctw,15,nearest,256.0,7.5,125.0,1.0,0.0,6.631413610393117,6.631413610393117
tol_7p5km_int_15min,erjcre,vq_ctw,15,linear,512.0,7.5,2009.0,1.0,0.0,6.111077590932333,6.111077590932333
tol_7p5km_int_15min,erjcre,vq_ctw,15,nearest,512.0,7.5,125.0,1.0,0.0,7.3455270100444,7.3455270100444
tol_7p5km_int_15min,erjcre,vq_ctw,15,linear,1024.0,7.5,2009.0,1.0,0.0,6.071196168971515,6.071196168971515
tol_7p5km_int_15min,erjcre,vq_ctw,15,nearest,1024.0,7.5,125.0,1.0,0.0,7.854635601384336,7.854635601384336
tol_7p5km_int_15min,erjtai,direct_ctw,15,linear,,7.5,2015.0,0.906010165809773,0.8415795420306297,2.4986998526664683,2.7206427540494564
tol_7p5km_int_15min,erjtai,direct_ctw,15,nearest,,7.5,107.0,0.9529176541227028,0.3229847175902662,2.142681432546909,2.3029751058580925
tol_7p5km_int_15min,erjtai,markov_order_1,15,linear,,7.5,2015.0,0.8780697539033724,1.0433239455098209,2.4986998526664683,2.7206427540494564
tol_7p5km_int_15min,erjtai,markov_order_1,15,nearest,,7.5,107.0,0.9389019582012786,0.3939147754235613,2.142681432546909,2.3029751058580925
tol_7p5km_int_15min,erjtai,markov_order_2,15,linear,,7.5,2015.0,0.8676004778237181,1.1160784292759591,2.4986998526664683,2.7206427540494564
tol_7p5km_int_15min,erjtai,markov_order_2,15,nearest,,7.5,107.0,0.9299829304887238,0.4358813056235353,2.142681432546909,2.3029751058580925
tol_7p5km_int_15min,erjtai,vq_ctw,15,linear,256.0,7.5,2015.0,1.0,0.0,7.63476256465387,7.63476256465387
tol_7p5km_int_15min,erjtai,vq_ctw,15,nearest,256.0,7.5,107.0,1.0,0.0,6.532054410484742,6.532054410484742
tol_7p5km_int_15min,erjtai,vq_ctw,15,linear,512.0,7.5,2015.0,1.0,0.0,7.703790399933515,7.703790399933515
tol_7p5km_int_15min,erjtai,vq_ctw,15,nearest,512.0,7.5,107.0,1.0,0.0,6.380729521029747,6.380729521029747
tol_7p5km_int_15min,erjtai,vq_ctw,15,linear,1024.0,7.5,2015.0,1.0,0.0,7.705052983734926,7.705052983734926
tol_7p5km_int_15min,erjtai,vq_ctw,15,nearest,1024.0,7.5,107.0,1.0,0.0,6.582569423513672,6.582569423513672
tol_7p5km_int_15min,erulgh,direct_ctw,15,linear,,7.5,2015.0,0.9428784974143364,0.574303416537834,2.181719308563961,2.393765351701441
tol_7p5km_int_15min,erulgh,direct_ctw,15,nearest,,7.5,334.0,0.952307974701136,0.3452914052613056,2.1040882370206355,2.273940042235073
tol_7p5km_int_15min,erulgh,markov_order_1,15,linear,,7.5,2015.0,0.9205943152765712,0.7592781483857869,2.181719308563961,2.393765351701441
tol_7p5km_int_15min,erulgh,markov_order_1,15,nearest,,7.5,334.0,0.927225241507575,0.4749242142325821,2.1040882370206355,2.273940042235073
tol_7p5km_int_15min,erulgh,markov_order_2,15,linear,,7.5,2015.0,0.9102549509835608,0.8415855403945515,2.181719308563961,2.393765351701441
tol_7p5km_int_15min,erulgh,markov_order_2,15,nearest,,7.5,334.0,0.9224697431055257,0.4967496814246957,2.1040882370206355,2.273940042235073
tol_7p5km_int_15min,erulgh,vq_ctw,15,linear,256.0,7.5,2015.0,1.0,0.0,6.7563126944880505,6.7563126944880505
tol_7p5km_int_15min,erulgh,vq_ctw,15,nearest,256.0,7.5,334.0,1.0,0.0,5.909424417701508,5.909424417701508
tol_7p5km_int_15min,erulgh,vq_ctw,15,linear,512.0,7.5,2015.0,1.0,0.0,6.620799820488853,6.620799820488853
tol_7p5km_int_15min,erulgh,vq_ctw,15,nearest,512.0,7.5,334.0,1.0,0.0,5.7710796347201,5.7710796347201
tol_7p5km_int_15min,erulgh,vq_ctw,15,linear,1024.0,7.5,2015.0,1.0,0.0,6.616327826674442,6.616327826674442
tol_7p5km_int_15min,erulgh,vq_ctw,15,nearest,1024.0,7.5,334.0,1.0,0.0,6.369451423094042,6.369451423094042
tol_7p5km_int_15min,erwumu,direct_ctw,15,linear,,7.5,2012.0,0.9469364794486111,0.5246807097008565,2.1398491338041,2.339315080824169
tol_7p5km_int_15min,erwumu,direct_ctw,15,nearest,,7.5,106.0,0.955376115371314,0.374048609737981,2.1648222505048547,2.3305728573738214
tol_7p5km_int_15min,erwumu,markov_order_1,15,linear,,7.5,2012.0,0.9300126714070344,0.6631774606224308,2.1398491338041,2.339315080824169
tol_7p5km_int_15min,erwumu,markov_order_1,15,nearest,,7.5,106.0,0.9373511391905892,0.4633689596229264,2.1648222505048547,2.3305728573738214
tol_7p5km_int_15min,erwumu,markov_order_2,15,linear,,7.5,2012.0,0.921276767184348,0.7320749534341552,2.1398491338041,2.339315080824169
tol_7p5km_int_15min,erwumu,markov_order_2,15,nearest,,7.5,106.0,0.941410851083512,0.4506435369590533,2.1648222505048547,2.3305728573738214
tol_7p5km_int_15min,erwumu,vq_ctw,15,linear,256.0,7.5,2012.0,1.0,0.0,5.71469635424614,5.71469635424614
tol_7p5km_int_15min,erwumu,vq_ctw,15,nearest,256.0,7.5,106.0,1.0,0.0,5.59155477803295,5.59155477803295
tol_7p5km_int_15min,erwumu,vq_ctw,15,linear,512.0,7.5,2012.0,1.0,0.0,5.524575716444938,5.524575716444938
tol_7p5km_int_15min,erwumu,vq_ctw,15,nearest,512.0,7.5,106.0,1.0,0.0,5.468905725168275,5.468905725168275
tol_7p5km_int_15min,erwumu,vq_ctw,15,linear,1024.0,7.5,2012.0,1.0,0.0,5.522089371462634,5.522089371462634
tol_7p5km_int_15min,erwumu,vq_ctw,15,nearest,1024.0,7.5,106.0,1.0,0.0,6.097972327281792,6.097972327281792
tol_7p5km_int_15min,eryeig,direct_ctw,15,linear,,7.5,2015.0,0.9260017172192084,0.6544965373451901,2.2011248585235266,2.3967358975406543
tol_7p5km_int_15min,eryeig,direct_ctw,15,nearest,,7.5,138.0,0.9273521972263506,0.5635922131274761,2.192882111228737,2.3936240854844426
tol_7p5km_int_15min,eryeig,markov_order_1,15,linear,,7.5,2015.0,0.9113073064937413,0.7602930452132037,2.2011248585235266,2.3967358975406543
tol_7p5km_int_15min,eryeig,markov_order_1,15,nearest,,7.5,138.0,0.8950126946398371,0.7317667860528552,2.192882111228737,2.3936240854844426
tol_7p5km_int_15min,eryeig,markov_order_2,15,linear,,7.5,2015.0,0.9079532389870136,0.7838784806997942,2.2011248585235266,2.3967358975406543
tol_7p5km_int_15min,eryeig,markov_order_2,15,nearest,,7.5,138.0,0.8901944484364295,0.7244048231496434,2.192882111228737,2.3936240854844426
tol_7p5km_int_15min,eryeig,vq_ctw,15,linear,256.0,7.5,2015.0,1.0,0.0,5.449385008104376,5.449385008104376
tol_7p5km_int_15min,eryeig,vq_ctw,15,nearest,256.0,7.5,138.0,1.0,0.0,6.484418986268774,6.484418986268774
tol_7p5km_int_15min,eryeig,vq_ctw,15,linear,512.0,7.5,2015.0,1.0,0.0,5.330407311047562,5.330407311047562
tol_7p5km_int_15min,eryeig,vq_ctw,15,nearest,512.0,7.5,138.0,1.0,0.0,6.675508812734045,6.675508812734045
tol_7p5km_int_15min,eryeig,vq_ctw,15,linear,1024.0,7.5,2015.0,1.0,0.0,5.311005325984134,5.311005325984134
tol_7p5km_int_15min,eryeig,vq_ctw,15,nearest,1024.0,7.5,138.0,1.0,0.0,7.473225907893499,7.473225907893499
tol_7p5km_int_15min,eshria,direct_ctw,15,linear,,7.5,2016.0,0.9581012415283046,0.401136680976894,2.1698144580017527,2.37347670225084
tol_7p5km_int_15min,eshria,direct_ctw,15,nearest,,7.5,354.0,0.9402722351695048,0.4312556314627467,2.247454497657119,2.4284056539958048
tol_7p5km_int_15min,eshria,markov_order_1,15,linear,,7.5,2016.0,0.9467985525834752,0.490569069445418,2.1698144580017527,2.37347670225084
tol_7p5km_int_15min,eshria,markov_order_1,15,nearest,,7.5,354.0,0.9106161930370552,0.5812071639894189,2.247454497657119,2.4284056539958048
tol_7p5km_int_15min,eshria,markov_order_2,15,linear,,7.5,2016.0,0.9432334702569508,0.5179790970481732,2.1698144580017527,2.37347670225084
tol_7p5km_int_15min,eshria,markov_order_2,15,nearest,,7.5,354.0,0.905442718333078,0.5929789727710898,2.247454497657119,2.4284056539958048
tol_7p5km_int_15min,eshria,vq_ctw,15,linear,256.0,7.5,2016.0,1.0,0.0,5.164487212429046,5.164487212429046
tol_7p5km_int_15min,eshria,vq_ctw,15,nearest,256.0,7.5,354.0,1.0,0.0,6.0312051216941045,6.0312051216941045
tol_7p5km_int_15min,eshria,vq_ctw,15,linear,512.0,7.5,2016.0,1.0,0.0,4.93004408572915,4.93004408572915
tol_7p5km_int_15min,eshria,vq_ctw,15,nearest,512.0,7.5,354.0,1.0,0.0,6.050365792895318,6.050365792895318
tol_7p5km_int_15min,eshria,vq_ctw,15,linear,1024.0,7.5,2016.0,1.0,0.0,4.914803496077539,4.914803496077539
tol_7p5km_int_15min,eshria,vq_ctw,15,nearest,1024.0,7.5,354.0,1.0,0.0,6.713758352603408,6.713758352603408
tol_7p5km_int_15min,eshroa,direct_ctw,15,linear,,7.5,2015.0,0.9539361791821664,0.480635864162046,2.133389980463688,2.328502535579474
tol_7p5km_int_15min,eshroa,direct_ctw,15,nearest,,7.5,150.0,0.9850919212477612,0.4002549937697903,2.314938033679399,2.4780430241560336
tol_7p5km_int_15min,eshroa,markov_order_1,15,linear,,7.5,2015.0,0.9354960954943112,0.6408181344895477,2.133389980463688,2.328502535579474
tol_7p5km_int_15min,eshroa,markov_order_1,15,nearest,,7.5,150.0,0.979256004844325,0.4584434936065298,2.314938033679399,2.4780430241560336
tol_7p5km_int_15min,eshroa,markov_order_2,15,linear,,7.5,2015.0,0.9277500044836956,0.7055281646025039,2.133389980463688,2.328502535579474
tol_7p5km_int_15min,eshroa,markov_order_2,15,nearest,,7.5,150.0,0.9775549144386332,0.4740478664573949,2.314938033679399,2.4780430241560336
tol_7p5km_int_15min,eshroa,vq_ctw,15,linear,256.0,7.5,2015.0,1.0,0.0,6.518260477691646,6.518260477691646
tol_7p5km_int_15min,eshroa,vq_ctw,15,nearest,256.0,7.5,150.0,1.0,0.0,6.589376127870509,6.589376127870509
tol_7p5km_int_15min,eshroa,vq_ctw,15,linear,512.0,7.5,2015.0,1.0,0.0,6.3317749894075614,6.3317749894075614
tol_7p5km_int_15min,eshroa,vq_ctw,15,nearest,512.0,7.5,150.0,1.0,0.0,6.486965740866101,6.486965740866101
tol_7p5km_int_15min,eshroa,vq_ctw,15,linear,1024.0,7.5,2015.0,1.0,0.0,6.315584826447823,6.315584826447823
tol_7p5km_int_15min,eshroa,vq_ctw,15,nearest,1024.0,7.5,150.0,1.0,0.0,6.901639834898372,6.901639834898372
tol_7p5km_int_15min,esnddc,direct_ctw,15,linear,,7.5,2015.0,0.9615491022841388,0.3923105811532955,2.1505850488418186,2.325368963714121
tol_7p5km_int_15min,esnddc,direct_ctw,15,nearest,,7.5,239.0,0.9423926525066052,0.4201087364477638,2.1542591420415818,2.330162035544564
tol_7p5km_int_15min,esnddc,markov_order_1,15,linear,,7.5,2015.0,0.9481487913281076,0.5061492005381791,2.1505850488418186,2.325368963714121
tol_7p5km_int_15min,esnddc,markov_order_1,15,nearest,,7.5,239.0,0.924576016702737,0.5100434475956598,2.1542591420415818,2.330162035544564
tol_7p5km_int_15min,esnddc,markov_order_2,15,linear,,7.5,2015.0,0.9428757754494892,0.5494149159860341,2.1505850488418186,2.325368963714121
tol_7p5km_int_15min,esnddc,markov_order_2,15,nearest,,7.5,239.0,0.915138646297202,0.5425696885053662,2.1542591420415818,2.330162035544564
tol_7p5km_int_15min,esnddc,vq_ctw,15,linear,256.0,7.5,2015.0,1.0,0.0,5.344186419239279,5.344186419239279
tol_7p5km_int_15min,esnddc,vq_ctw,15,nearest,256.0,7.5,239.0,1.0,0.0,6.075844789826722,6.075844789826722
tol_7p5km_int_15min,esnddc,vq_ctw,15,linear,512.0,7.5,2015.0,1.0,0.0,5.008172865828941,5.008172865828941
tol_7p5km_int_15min,esnddc,vq_ctw,15,nearest,512.0,7.5,239.0,1.0,0.0,6.255649255176333,6.255649255176333
tol_7p5km_int_15min,esnddc,vq_ctw,15,linear,1024.0,7.5,2015.0,1.0,0.0,4.98509838869956,4.98509838869956
tol_7p5km_int_15min,esnddc,vq_ctw,15,nearest,1024.0,7.5,239.0,1.0,0.0,6.47789775934195,6.47789775934195
tol_7p5km_int_15min,esudce,direct_ctw,15,linear,,7.5,2015.0,0.9455886244532122,0.5174278115286151,2.048794854412925,2.3167707289165635
tol_7p5km_int_15min,esudce,direct_ctw,15,nearest,,7.5,70.0,0.9999999999980904,0.293574618102008,2.017514148470237,2.2501667417189597
tol_7p5km_int_15min,esudce,markov_order_1,15,linear,,7.5,2015.0,0.927535779249465,0.658162853800538,2.048794854412925,2.3167707289165635
tol_7p5km_int_15min,esudce,markov_order_1,15,nearest,,7.5,70.0,0.9999999999980904,0.3557237202165761,2.017514148470237,2.2501667417189597
tol_7p5km_int_15min,esudce,markov_order_2,15,linear,,7.5,2015.0,0.920594136113391,0.7103122701599374,2.048794854412925,2.3167707289165635
tol_7p5km_int_15min,esudce,markov_order_2,15,nearest,,7.5,70.0,0.9999999999980904,0.3425125351410901,2.017514148470237,2.2501667417189597
tol_7p5km_int_15min,esudce,vq_ctw,15,linear,256.0,7.5,2015.0,1.0,0.0,8.230480539886475,8.230480539886475
tol_7p5km_int_15min,esudce,vq_ctw,15,nearest,256.0,7.5,70.0,1.0,0.0,5.547625762350165,5.547625762350165
tol_7p5km_int_15min,esudce,vq_ctw,15,linear,512.0,7.5,2015.0,1.0,0.0,8.21927760066135,8.21927760066135
tol_7p5km_int_15min,esudce,vq_ctw,15,nearest,512.0,7.5,70.0,1.0,0.0,5.79902917548606,5.79902917548606
tol_7p5km_int_15min,esudce,vq_ctw,15,linear,1024.0,7.5,2015.0,1.0,0.0,8.227240944733438,8.227240944733438
tol_7p5km_int_15min,esudce,vq_ctw,15,nearest,1024.0,7.5,70.0,1.0,0.0,5.7700653792548025,5.7700653792548025
tol_7p5km_int_15min,etalra,direct_ctw,15,linear,,7.5,2011.0,0.8830368707414507,1.088772669281907,2.444673300944184,2.658558901611346
tol_7p5km_int_15min,etalra,markov_order_1,15,linear,,7.5,2011.0,0.8373950009693163,1.4304372710868989,2.444673300944184,2.658558901611346
tol_7p5km_int_15min,etalra,markov_order_2,15,linear,,7.5,2011.0,0.8223291313472976,1.5380768763077468,2.444673300944184,2.658558901611346
tol_7p5km_int_15min,etalra,vq_ctw,15,linear,256.0,7.5,2011.0,1.0,0.0,9.454000448248305,9.454000448248305
tol_7p5km_int_15min,etalra,vq_ctw,15,linear,512.0,7.5,2011.0,1.0,0.0,9.591550655696356,9.591550655696356
tol_7p5km_int_15min,etalra,vq_ctw,15,linear,1024.0,7.5,2011.0,1.0,0.0,9.612007710881183,9.612007710881183
tol_7p5km_int_15min,etirnf,direct_ctw,15,linear,,7.5,317.0,0.9408960606079112,0.5425881406287655,2.3820523882938467,2.6077999886684795
tol_7p5km_int_15min,etirnf,markov_order_1,15,linear,,7.5,317.0,0.889126039429488,0.9128288795850245,2.3820523882938467,2.6077999886684795
tol_7p5km_int_15min,etirnf,markov_order_2,15,linear,,7.5,317.0,0.8713221531353916,1.0299656089248852,2.3820523882938467,2.6077999886684795
tol_7p5km_int_15min,etirnf,vq_ctw,15,linear,256.0,7.5,317.0,1.0,0.0,7.840704550858381,7.840704550858381
tol_7p5km_int_15min,etirnf,vq_ctw,15,linear,512.0,7.5,317.0,1.0,0.0,7.806842281207941,7.806842281207941
tol_7p5km_int_15min,etirnf,vq_ctw,15,linear,1024.0,7.5,317.0,1.0,0.0,7.8374190598587,7.8374190598587
tol_7p5km_int_15min,etnads,direct_ctw,15,linear,,7.5,2014.0,0.9477693134677024,0.50928921732205,2.125571687162384,2.3168577954647738
tol_7p5km_int_15min,etnads,direct_ctw,15,nearest,,7.5,404.0,0.9596220210656088,0.3385035564459743,2.1061223029644203,2.265023793482713
tol_7p5km_int_15min,etnads,markov_order_1,15,linear,,7.5,2014.0,0.93403773775121,0.6202899420166074,2.125571687162384,2.3168577954647738
tol_7p5km_int_15min,etnads,markov_order_1,15,nearest,,7.5,404.0,0.9353938779897628,0.4611150135905557,2.1061223029644203,2.265023793482713
tol_7p5km_int_15min,etnads,markov_order_2,15,linear,,7.5,2014.0,0.925891195976022,0.6839901066983647,2.125571687162384,2.3168577954647738
tol_7p5km_int_15min,etnads,markov_order_2,15,nearest,,7.5,404.0,0.9382255022441414,0.4535767363805115,2.1061223029644203,2.265023793482713
tol_7p5km_int_15min,etnads,vq_ctw,15,linear,256.0,7.5,2014.0,1.0,0.0,5.369317888238778,5.369317888238778
tol_7p5km_int_15min,etnads,vq_ctw,15,nearest,256.0,7.5,404.0,1.0,0.0,6.034351298154589,6.034351298154589
tol_7p5km_int_15min,etnads,vq_ctw,15,linear,512.0,7.5,2014.0,1.0,0.0,5.063659605802836,5.063659605802836
tol_7p5km_int_15min,etnads,vq_ctw,15,nearest,512.0,7.5,404.0,1.0,0.0,5.882000060035362,5.882000060035362
tol_7p5km_int_15min,etnads,vq_ctw,15,linear,1024.0,7.5,2014.0,1.0,0.0,5.034184423494378,5.034184423494378
tol_7p5km_int_15min,etnads,vq_ctw,15,nearest,1024.0,7.5,404.0,1.0,0.0,6.128527389680379,6.128527389680379
tol_7p5km_int_15min,eufdod,direct_ctw,15,linear,,7.5,2007.0,0.9243032401128102,0.6669432071940209,2.3379594665474808,2.6075824651053194
tol_7p5km_int_15min,eufdod,direct_ctw,15,nearest,,7.5,171.0,0.9113458296390226,0.5765186265966533,2.1877012301338468,2.4289549687991165
tol_7p5km_int_15min,eufdod,markov_order_1,15,linear,,7.5,2007.0,0.904830946324282,0.8056594033779004,2.3379594665474808,2.6075824651053194
tol_7p5km_int_15min,eufdod,markov_order_1,15,nearest,,7.5,171.0,0.8651542421132008,0.7870712843530957,2.1877012301338468,2.4289549687991165
tol_7p5km_int_15min,eufdod,markov_order_2,15,linear,,7.5,2007.0,0.9003946328003799,0.836327044527704,2.3379594665474808,2.6075824651053194
tol_7p5km_int_15min,eufdod,markov_order_2,15,nearest,,7.5,171.0,0.8582105872539886,0.8166661987012526,2.1877012301338468,2.4289549687991165
tol_7p5km_int_15min,eufdod,vq_ctw,15,linear,256.0,7.5,2007.0,1.0,0.0,6.200707365645751,6.200707365645751
tol_7p5km_int_15min,eufdod,vq_ctw,15,nearest,256.0,7.5,171.0,1.0,0.0,6.952438618741981,6.952438618741981
tol_7p5km_int_15min,eufdod,vq_ctw,15,linear,512.0,7.5,2007.0,1.0,0.0,6.1541914814332745,6.1541914814332745
tol_7p5km_int_15min,eufdod,vq_ctw,15,nearest,512.0,7.5,171.0,1.0,0.0,6.88811409822383,6.88811409822383
tol_7p5km_int_15min,eufdod,vq_ctw,15,linear,1024.0,7.5,2007.0,1.0,0.0,6.143337863824546,6.143337863824546
tol_7p5km_int_15min,eufdod,vq_ctw,15,nearest,1024.0,7.5,171.0,1.0,0.0,7.223017858284071,7.223017858284071
tol_7p5km_int_15min,evbacc,direct_ctw,15,linear,,7.5,1999.0,0.9324077600022512,0.627242391987309,2.1442663078031683,2.34159477397202
tol_7p5km_int_15min,evbacc,direct_ctw,15,nearest,,7.5,151.0,0.9669185101786744,0.2261748653772087,2.15654278689792,2.34089504141584
tol_7p5km_int_15min,evbacc,markov_order_1,15,linear,,7.5,1999.0,0.9178968881597768,0.7379590744408286,2.1442663078031683,2.34159477397202
tol_7p5km_int_15min,evbacc,markov_order_1,15,nearest,,7.5,151.0,0.9524276945044972,0.3011913913788346,2.15654278689792,2.34089504141584
tol_7p5km_int_15min,evbacc,markov_order_2,15,linear,,7.5,1999.0,0.9120408472655016,0.7814574087658278,2.1442663078031683,2.34159477397202
tol_7p5km_int_15min,evbacc,markov_order_2,15,nearest,,7.5,151.0,0.945935531899529,0.33187714493968,2.15654278689792,2.34089504141584
tol_7p5km_int_15min,evbacc,vq_ctw,15,linear,256.0,7.5,1999.0,1.0,0.0,5.608565907051212,5.608565907051212
tol_7p5km_int_15min,evbacc,vq_ctw,15,nearest,256.0,7.5,151.0,1.0,0.0,5.854244347756312,5.854244347756312
tol_7p5km_int_15min,evbacc,vq_ctw,15,linear,512.0,7.5,1999.0,1.0,0.0,5.455612751910625,5.455612751910625
tol_7p5km_int_15min,evbacc,vq_ctw,15,nearest,512.0,7.5,151.0,1.0,0.0,5.84717767352787,5.84717767352787
tol_7p5km_int_15min,evbacc,vq_ctw,15,linear,1024.0,7.5,1999.0,1.0,0.0,5.439554210113947,5.439554210113947
tol_7p5km_int_15min,evbacc,vq_ctw,15,nearest,1024.0,7.5,151.0,1.0,0.0,6.552271061759027,6.552271061759027
tol_7p5km_int_15min,evdyff,direct_ctw,15,linear,,7.5,2015.0,0.92732142808296,0.6950683332306096,2.359118525330124,2.54773505148215
tol_7p5km_int_15min,evdyff,direct_ctw,15,nearest,,7.5,327.0,0.920118517487849,0.5328800153197804,2.316381410899657,2.487578066627825
tol_7p5km_int_15min,evdyff,markov_order_1,15,linear,,7.5,2015.0,0.9028674304419056,0.8864766632392619,2.359118525330124,2.54773505148215
tol_7p5km_int_15min,evdyff,markov_order_1,15,nearest,,7.5,327.0,0.8817806349263879,0.6929044737675247,2.316381410899657,2.487578066627825
tol_7p5km_int_15min,evdyff,markov_order_2,15,linear,,7.5,2015.0,0.8948229408844162,0.947165906407446,2.359118525330124,2.54773505148215
tol_7p5km_int_15min,evdyff,markov_order_2,15,nearest,,7.5,327.0,0.8846662751430386,0.6857840044032659,2.316381410899657,2.487578066627825
tol_7p5km_int_15min,evdyff,vq_ctw,15,linear,256.0,7.5,2015.0,1.0,0.0,5.884277829964817,5.884277829964817
tol_7p5km_int_15min,evdyff,vq_ctw,15,nearest,256.0,7.5,327.0,1.0,0.0,6.956083625288675,6.956083625288675
tol_7p5km_int_15min,evdyff,vq_ctw,15,linear,512.0,7.5,2015.0,1.0,0.0,5.715084600164521,5.715084600164521
tol_7p5km_int_15min,evdyff,vq_ctw,15,nearest,512.0,7.5,327.0,1.0,0.0,7.096439119191065,7.096439119191065
tol_7p5km_int_15min,evdyff,vq_ctw,15,linear,1024.0,7.5,2015.0,1.0,0.0,5.70066242091558,5.70066242091558
tol_7p5km_int_15min,evdyff,vq_ctw,15,nearest,1024.0,7.5,327.0,1.0,0.0,7.278929219815962,7.278929219815962
tol_7p5km_int_15min,evfler,direct_ctw,15,linear,,7.5,1907.0,0.9241878059829716,0.7149033488021885,2.313583501111779,2.5217603154804302
tol_7p5km_int_15min,evfler,markov_order_1,15,linear,,7.5,1907.0,0.8943902858583285,0.942967412052078,2.313583501111779,2.5217603154804302
tol_7p5km_int_15min,evfler,markov_order_2,15,linear,,7.5,1907.0,0.8872197330048479,0.9956737468286798,2.313583501111779,2.5217603154804302
tol_7p5km_int_15min,evfler,vq_ctw,15,linear,256.0,7.5,1907.0,1.0,0.0,7.436923381347652,7.436923381347652
tol_7p5km_int_15min,evfler,vq_ctw,15,linear,512.0,7.5,1907.0,1.0,0.0,7.406274159709945,7.406274159709945
tol_7p5km_int_15min,evfler,vq_ctw,15,linear,1024.0,7.5,1907.0,1.0,0.0,7.409344183746313,7.409344183746313
tol_7p5km_int_15min,evijce,direct_ctw,15,linear,,7.5,2004.0,0.9427149166285984,0.5757047049720149,2.911582731071261,3.058160798825404
tol_7p5km_int_15min,evijce,markov_order_1,15,linear,,7.5,2004.0,0.9136714277256854,0.8146075078902101,2.911582731071261,3.058160798825404
tol_7p5km_int_15min,evijce,markov_order_2,15,linear,,7.5,2004.0,0.9055665348415534,0.8782731558509276,2.911582731071261,3.058160798825404
tol_7p5km_int_15min,evijce,vq_ctw,15,linear,256.0,7.5,2004.0,1.0,0.0,7.231618401351028,7.231618401351028
tol_7p5km_int_15min,evijce,vq_ctw,15,linear,512.0,7.5,2004.0,1.0,0.0,7.386009291172252,7.386009291172252
tol_7p5km_int_15min,evijce,vq_ctw,15,linear,1024.0,7.5,2004.0,1.0,0.0,7.398743974567531,7.398743974567531
tol_7p5km_int_15min,evjoko,direct_ctw,15,linear,,7.5,2015.0,0.939675750210002,0.5802783246798221,2.1474743882900027,2.3271761717404424
tol_7p5km_int_15min,evjoko,direct_ctw,15,nearest,,7.5,234.0,0.9254419018227648,0.4989904432779934,2.230774394752957,2.4014123771501907
tol_7p5km_int_15min,evjoko,markov_order_1,15,linear,,7.5,2015.0,0.9233801244691394,0.7096547975939528,2.1474743882900027,2.3271761717404424
tol_7p5km_int_15min,evjoko,markov_order_1,15,nearest,,7.5,234.0,0.8907882802382622,0.656667270451599,2.230774394752957,2.4014123771501907
tol_7p5km_int_15min,evjoko,markov_order_2,15,linear,,7.5,2015.0,0.9160611848920645,0.7659265824433894,2.1474743882900027,2.3271761717404424
tol_7p5km_int_15min,evjoko,markov_order_2,15,nearest,,7.5,234.0,0.8823403769198965,0.694774001468407,2.230774394752957,2.4014123771501907
tol_7p5km_int_15min,evjoko,vq_ctw,15,linear,256.0,7.5,2015.0,1.0,0.0,5.298154479477249,5.298154479477249
tol_7p5km_int_15min,evjoko,vq_ctw,15,nearest,256.0,7.5,234.0,1.0,0.0,6.4250010277201,6.4250010277201
tol_7p5km_int_15min,evjoko,vq_ctw,15,linear,512.0,7.5,2015.0,1.0,0.0,5.016143783882089,5.016143783882089
tol_7p5km_int_15min,evjoko,vq_ctw,15,nearest,512.0,7.5,234.0,1.0,0.0,6.61567251607739,6.61567251607739
tol_7p5km_int_15min,evjoko,vq_ctw,15,linear,1024.0,7.5,2015.0,1.0,0.0,4.998250893785035,4.998250893785035
tol_7p5km_int_15min,evjoko,vq_ctw,15,nearest,1024.0,7.5,234.0,1.0,0.0,7.087585762123744,7.087585762123744
tol_7p5km_int_15min,evmaja,direct_ctw,15,linear,,7.5,2015.0,0.972912293916088,0.2902896641975431,2.066771074877287,2.218528985452453
tol_7p5km_int_15min,evmaja,direct_ctw,15,nearest,,7.5,32.0,0.8684694887771818,0.8246817496794256,2.339711536961097,2.596660242527041
tol_7p5km_int_15min,evmaja,markov_order_1,15,linear,,7.5,2015.0,0.9611693760370924,0.3956234453845829,2.066771074877287,2.218528985452453
tol_7p5km_int_15min,evmaja,markov_order_1,15,nearest,,7.5,32.0,0.7573226192320672,1.2848191539925962,2.339711536961097,2.596660242527041
tol_7p5km_int_15min,evmaja,markov_order_2,15,linear,,7.5,2015.0,0.9569645199217076,0.431946632021886,2.066771074877287,2.218528985452453
tol_7p5km_int_15min,evmaja,markov_order_2,15,nearest,,7.5,32.0,0.7221967915534255,1.4080466497681918,2.339711536961097,2.596660242527041
tol_7p5km_int_15min,evmaja,vq_ctw,15,linear,256.0,7.5,2015.0,1.0,0.0,5.029489161695025,5.029489161695025
tol_7p5km_int_15min,evmaja,vq_ctw,15,nearest,256.0,7.5,32.0,1.0,0.0,5.788328631342678,5.788328631342678
tol_7p5km_int_15min,evmaja,vq_ctw,15,linear,512.0,7.5,2015.0,1.0,0.0,4.823454977880607,4.823454977880607
tol_7p5km_int_15min,evmaja,vq_ctw,15,nearest,512.0,7.5,32.0,1.0,0.0,6.562725471982894,6.562725471982894
tol_7p5km_int_15min,evmaja,vq_ctw,15,linear,1024.0,7.5,2015.0,1.0,0.0,4.812330354450017,4.812330354450017
tol_7p5km_int_15min,evmaja,vq_ctw,15,nearest,1024.0,7.5,32.0,1.0,0.0,8.3338796118657,8.3338796118657
tol_7p5km_int_15min,evtitd,direct_ctw,15,linear,,7.5,2015.0,0.9382775624535828,0.6208748665553391,2.134465308732055,2.329324465430908
tol_7p5km_int_15min,evtitd,direct_ctw,15,nearest,,7.5,378.0,0.9402228373620832,0.4081920342188393,2.174808312013491,2.345451831730942
tol_7p5km_int_15min,evtitd,markov_order_1,15,linear,,7.5,2015.0,0.9155357238187992,0.8099571927765518,2.134465308732055,2.329324465430908
tol_7p5km_int_15min,evtitd,markov_order_1,15,nearest,,7.5,378.0,0.9025668660322408,0.5998834928902084,2.174808312013491,2.345451831730942
tol_7p5km_int_15min,evtitd,markov_order_2,15,linear,,7.5,2015.0,0.9059207591627524,0.8868316456365575,2.134465308732055,2.329324465430908
tol_7p5km_int_15min,evtitd,markov_order_2,15,nearest,,7.5,378.0,0.8976211737230243,0.6197579739946049,2.174808312013491,2.345451831730942
tol_7p5km_int_15min,evtitd,vq_ctw,15,linear,256.0,7.5,2015.0,1.0,0.0,6.260317392773398,6.260317392773398
tol_7p5km_int_15min,evtitd,vq_ctw,15,nearest,256.0,7.5,378.0,1.0,0.0,6.3244310823006815,6.3244310823006815
tol_7p5km_int_15min,evtitd,vq_ctw,15,linear,512.0,7.5,2015.0,1.0,0.0,6.045674414312971,6.045674414312971
tol_7p5km_int_15min,evtitd,vq_ctw,15,nearest,512.0,7.5,378.0,1.0,0.0,6.198634019561469,6.198634019561469
tol_7p5km_int_15min,evtitd,vq_ctw,15,linear,1024.0,7.5,2015.0,1.0,0.0,6.033175492153936,6.033175492153936
tol_7p5km_int_15min,evtitd,vq_ctw,15,nearest,1024.0,7.5,378.0,1.0,0.0,6.597818972201185,6.597818972201185
tol_7p5km_int_15min,ewbglo,direct_ctw,15,linear,,7.5,2014.0,0.9047333240151691,0.8786443876583795,2.3595217726145523,2.599282507100261
tol_7p5km_int_15min,ewbglo,direct_ctw,15,nearest,,7.5,120.0,0.9536090726629884,0.3999395699502919,2.166230682585033,2.324621749323192
tol_7p5km_int_15min,ewbglo,markov_order_1,15,linear,,7.5,2014.0,0.8737351597221079,1.110174199130817,2.3595217726145523,2.599282507100261
tol_7p5km_int_15min,ewbglo,markov_order_1,15,nearest,,7.5,120.0,0.9470391200349016,0.4358626575104726,2.166230682585033,2.324621749323192
tol_7p5km_int_15min,ewbglo,markov_order_2,15,linear,,7.5,2014.0,0.8611283144848184,1.2005649984075617,2.3595217726145523,2.599282507100261
tol_7p5km_int_15min,ewbglo,markov_order_2,15,nearest,,7.5,120.0,0.9394182046420084,0.4772944246968744,2.166230682585033,2.324621749323192
tol_7p5km_int_15min,ewbglo,vq_ctw,15,linear,256.0,7.5,2014.0,1.0,0.0,7.776095831942786,7.776095831942786
tol_7p5km_int_15min,ewbglo,vq_ctw,15,nearest,256.0,7.5,120.0,1.0,0.0,6.228168458357593,6.228168458357593
tol_7p5km_int_15min,ewbglo,vq_ctw,15,linear,512.0,7.5,2014.0,1.0,0.0,7.913703405700712,7.913703405700712
tol_7p5km_int_15min,ewbglo,vq_ctw,15,nearest,512.0,7.5,120.0,1.0,0.0,5.940333985150968,5.940333985150968
tol_7p5km_int_15min,ewbglo,vq_ctw,15,linear,1024.0,7.5,2014.0,1.0,0.0,7.922416698587248,7.922416698587248
tol_7p5km_int_15min,ewbglo,vq_ctw,15,nearest,1024.0,7.5,120.0,1.0,0.0,5.852989766416268,5.852989766416268
tol_7p5km_int_15min,ewedkl,direct_ctw,15,linear,,7.5,2015.0,0.9710150078453482,0.2855618815939569,2.458494637057026,2.6404253562651268
tol_7p5km_int_15min,ewedkl,direct_ctw,15,nearest,,7.5,143.0,0.9071073548317158,0.5344489310657065,2.1920872541366223,2.372146344779112
tol_7p5km_int_15min,ewedkl,markov_order_1,15,linear,,7.5,2015.0,0.962179553985137,0.3578449830214883,2.458494637057026,2.6404253562651268
tol_7p5km_int_15min,ewedkl,markov_order_1,15,nearest,,7.5,143.0,0.8734836491438909,0.6678961046540436,2.1920872541366223,2.372146344779112
tol_7p5km_int_15min,ewedkl,markov_order_2,15,linear,,7.5,2015.0,0.9597290384835916,0.3773103997042246,2.458494637057026,2.6404253562651268
tol_7p5km_int_15min,ewedkl,markov_order_2,15,nearest,,7.5,143.0,0.8628268128862655,0.7097373085367805,2.1920872541366223,2.372146344779112
tol_7p5km_int_15min,ewedkl,vq_ctw,15,linear,256.0,7.5,2015.0,1.0,0.0,4.434637039378118,4.434637039378118
tol_7p5km_int_15min,ewedkl,vq_ctw,15,nearest,256.0,7.5,143.0,1.0,0.0,6.474421565455814,6.474421565455814
tol_7p5km_int_15min,ewedkl,vq_ctw,15,linear,512.0,7.5,2015.0,1.0,0.0,4.10189000593257,4.10189000593257
tol_7p5km_int_15min,ewedkl,vq_ctw,15,nearest,512.0,7.5,143.0,1.0,0.0,6.693344575345323,6.693344575345323
tol_7p5km_int_15min,ewedkl,vq_ctw,15,linear,1024.0,7.5,2015.0,1.0,0.0,4.082656885415894,4.082656885415894
tol_7p5km_int_15min,ewedkl,vq_ctw,15,nearest,1024.0,7.5,143.0,1.0,0.0,6.652734193803327,6.652734193803327
tol_7p5km_int_15min,ewufri,direct_ctw,15,linear,,7.5,2015.0,0.9485864462030928,0.510772603758362,2.130854166368028,2.321837062617553
tol_7p5km_int_15min,ewufri,direct_ctw,15,nearest,,7.5,385.0,0.9562151495728202,0.3139168735249436,2.356561955534052,2.5219806635163367
tol_7p5km_int_15min,ewufri,markov_order_1,15,linear,,7.5,2015.0,0.9319105858149216,0.6479918222694688,2.130854166368028,2.321837062617553
tol_7p5km_int_15min,ewufri,markov_order_1,15,nearest,,7.5,385.0,0.932548416868256,0.4326692476156054,2.356561955534052,2.5219806635163367
tol_7p5km_int_15min,ewufri,markov_order_2,15,linear,,7.5,2015.0,0.9238351051890896,0.7120626039630341,2.130854166368028,2.321837062617553
tol_7p5km_int_15min,ewufri,markov_order_2,15,nearest,,7.5,385.0,0.925956751958654,0.4645537329056976,2.356561955534052,2.5219806635163367
tol_7p5km_int_15min,ewufri,vq_ctw,15,linear,256.0,7.5,2015.0,1.0,0.0,5.865886376338856,5.865886376338856
tol_7p5km_int_15min,ewufri,vq_ctw,15,nearest,256.0,7.5,385.0,1.0,0.0,6.850865665604995,6.850865665604995
tol_7p5km_int_15min,ewufri,vq_ctw,15,linear,512.0,7.5,2015.0,1.0,0.0,5.594526769739878,5.594526769739878
tol_7p5km_int_15min,ewufri,vq_ctw,15,nearest,512.0,7.5,385.0,1.0,0.0,6.540764585829689,6.540764585829689
tol_7p5km_int_15min,ewufri,vq_ctw,15,linear,1024.0,7.5,2015.0,1.0,0.0,5.580974321295686,5.580974321295686
tol_7p5km_int_15min,ewufri,vq_ctw,15,nearest,1024.0,7.5,385.0,1.0,0.0,7.25943739129642,7.25943739129642
tol_7p5km_int_15min,ewvnil,direct_ctw,15,linear,,7.5,2015.0,0.9436924520405447,0.532596858124719,2.257756284997888,2.438908532995594
tol_7p5km_int_15min,ewvnil,direct_ctw,15,nearest,,7.5,70.0,0.9474101007503009,0.4955261519208174,2.1836609719885174,2.383059456413348
tol_7p5km_int_15min,ewvnil,markov_order_1,15,linear,,7.5,2015.0,0.928280213497654,0.6525103886055917,2.257756284997888,2.438908532995594
tol_7p5km_int_15min,ewvnil,markov_order_1,15,nearest,,7.5,70.0,0.8959626675969704,0.7393974417189606,2.1836609719885174,2.383059456413348
tol_7p5km_int_15min,ewvnil,markov_order_2,15,linear,,7.5,2015.0,0.9211313011174516,0.7063117605571005,2.257756284997888,2.438908532995594
tol_7p5km_int_15min,ewvnil,markov_order_2,15,nearest,,7.5,70.0,0.8732270329113888,0.8338776464576853,2.1836609719885174,2.383059456413348
tol_7p5km_int_15min,ewvnil,vq_ctw,15,linear,256.0,7.5,2015.0,1.0,0.0,5.56876925455483,5.56876925455483
tol_7p5km_int_15min,ewvnil,vq_ctw,15,nearest,256.0,7.5,70.0,1.0,0.0,5.444176020874189,5.444176020874189
tol_7p5km_int_15min,ewvnil,vq_ctw,15,linear,512.0,7.5,2015.0,1.0,0.0,5.369486897869697,5.369486897869697
tol_7p5km_int_15min,ewvnil,vq_ctw,15,nearest,512.0,7.5,70.0,1.0,0.0,5.688860677180986,5.688860677180986
tol_7p5km_int_15min,ewvnil,vq_ctw,15,linear,1024.0,7.5,2015.0,1.0,0.0,5.343832573057519,5.343832573057519
tol_7p5km_int_15min,ewvnil,vq_ctw,15,nearest,1024.0,7.5,70.0,1.0,0.0,6.154005491722224,6.154005491722224
tol_7p5km_int_15min,exskaf,direct_ctw,15,linear,,7.5,2015.0,0.9217480381767678,0.7222945320298166,1.9979820437408171,2.234083514865414
tol_7p5km_int_15min,exskaf,direct_ctw,15,nearest,,7.5,139.0,0.9444349958284558,0.4272468644429277,2.01528577452801,2.232626235705868
tol_7p5km_int_15min,exskaf,markov_order_1,15,linear,,7.5,2015.0,0.8995916804407182,0.8889837633474947,1.9979820437408171,2.234083514865414
tol_7p5km_int_15min,exskaf,markov_order_1,15,nearest,,7.5,139.0,0.9273019758311838,0.5195088950537302,2.01528577452801,2.232626235705868
tol_7p5km_int_15min,exskaf,markov_order_2,15,linear,,7.5,2015.0,0.8928218095380873,0.9382704293120672,1.9979820437408171,2.234083514865414
tol_7p5km_int_15min,exskaf,markov_order_2,15,nearest,,7.5,139.0,0.9279602132743406,0.4999149330479628,2.01528577452801,2.232626235705868
tol_7p5km_int_15min,exskaf,vq_ctw,15,linear,256.0,7.5,2015.0,1.0,0.0,6.373379043120238,6.373379043120238
tol_7p5km_int_15min,exskaf,vq_ctw,15,nearest,256.0,7.5,139.0,1.0,0.0,6.397869632899451,6.397869632899451
tol_7p5km_int_15min,exskaf,vq_ctw,15,linear,512.0,7.5,2015.0,1.0,0.0,6.2239334606062044,6.2239334606062044
tol_7p5km_int_15min,exskaf,vq_ctw,15,nearest,512.0,7.5,139.0,1.0,0.0,6.448720152151531,6.448720152151531
tol_7p5km_int_15min,exskaf,vq_ctw,15,linear,1024.0,7.5,2015.0,1.0,0.0,6.227336562610404,6.227336562610404
tol_7p5km_int_15min,exskaf,vq_ctw,15,nearest,1024.0,7.5,139.0,1.0,0.0,6.662171797749427,6.662171797749427
tol_7p5km_int_15min,eybmij,direct_ctw,15,linear,,7.5,2015.0,0.9311321510168016,0.6593263025058239,2.2019095311917014,2.408731712226984
tol_7p5km_int_15min,eybmij,direct_ctw,15,nearest,,7.5,186.0,0.9345817605741968,0.4463689070108385,2.403493366690193,2.567810301851948
tol_7p5km_int_15min,eybmij,markov_order_1,15,linear,,7.5,2015.0,0.9134828199740612,0.7986575451481301,2.2019095311917014,2.408731712226984
tol_7p5km_int_15min,eybmij,markov_order_1,15,nearest,,7.5,186.0,0.903737852474986,0.5727303379663915,2.403493366690193,2.567810301851948
tol_7p5km_int_15min,eybmij,markov_order_2,15,linear,,7.5,2015.0,0.903420868154274,0.8754649999747929,2.2019095311917014,2.408731712226984
tol_7p5km_int_15min,eybmij,markov_order_2,15,nearest,,7.5,186.0,0.8945930639077322,0.6040047266025772,2.403493366690193,2.567810301851948
tol_7p5km_int_15min,eybmij,vq_ctw,15,linear,256.0,7.5,2015.0,1.0,0.0,6.169265243594299,6.169265243594299
tol_7p5km_int_15min,eybmij,vq_ctw,15,nearest,256.0,7.5,186.0,1.0,0.0,7.080751587237325,7.080751587237325
tol_7p5km_int_15min,eybmij,vq_ctw,15,linear,512.0,7.5,2015.0,1.0,0.0,6.031514275645973,6.031514275645973
tol_7p5km_int_15min,eybmij,vq_ctw,15,nearest,512.0,7.5,186.0,1.0,0.0,6.58015280005738,6.58015280005738
tol_7p5km_int_15min,eybmij,vq_ctw,15,linear,1024.0,7.5,2015.0,1.0,0.0,6.017342854735228,6.017342854735228
tol_7p5km_int_15min,eybmij,vq_ctw,15,nearest,1024.0,7.5,186.0,1.0,0.0,7.149084748320829,7.149084748320829
tol_7p5km_int_15min,eybyay,direct_ctw,15,linear,,7.5,2013.0,0.8974721159312375,0.9124889775646854,2.37755867719521,2.6114945991860425
tol_7p5km_int_15min,eybyay,direct_ctw,15,nearest,,7.5,151.0,0.9277900379034112,0.5398813946160894,2.1414760523293648,2.327475304764364
tol_7p5km_int_15min,eybyay,markov_order_1,15,linear,,7.5,2013.0,0.8673057599509706,1.1284566338241253,2.37755867719521,2.6114945991860425
tol_7p5km_int_15min,eybyay,markov_order_1,15,nearest,,7.5,151.0,0.8964839409404273,0.7045501126281332,2.1414760523293648,2.327475304764364
tol_7p5km_int_15min,eybyay,markov_order_2,15,linear,,7.5,2013.0,0.8596294821465646,1.1814921274145531,2.37755867719521,2.6114945991860425
tol_7p5km_int_15min,eybyay,markov_order_2,15,nearest,,7.5,151.0,0.8867926141888832,0.7493032685813247,2.1414760523293648,2.327475304764364
tol_7p5km_int_15min,eybyay,vq_ctw,15,linear,256.0,7.5,2013.0,1.0,0.0,7.497451667184659,7.497451667184659
tol_7p5km_int_15min,eybyay,vq_ctw,15,nearest,256.0,7.5,151.0,1.0,0.0,5.923768473903319,5.923768473903319
tol_7p5km_int_15min,eybyay,vq_ctw,15,linear,512.0,7.5,2013.0,1.0,0.0,7.533759984942906,7.533759984942906
tol_7p5km_int_15min,eybyay,vq_ctw,15,nearest,512.0,7.5,151.0,1.0,0.0,6.698274152354814,6.698274152354814
tol_7p5km_int_15min,eybyay,vq_ctw,15,linear,1024.0,7.5,2013.0,1.0,0.0,7.529794797748309,7.529794797748309
tol_7p5km_int_15min,eybyay,vq_ctw,15,nearest,1024.0,7.5,151.0,1.0,0.0,6.393191700078338,6.393191700078338
tol_7p5km_int_15min,eydadg,direct_ctw,15,linear,,7.5,243.0,0.961130825394308,0.2986893393437347,2.4321089858787013,2.625740711739946
tol_7p5km_int_15min,eydadg,direct_ctw,15,nearest,,7.5,38.0,0.8389302085845471,0.7979324953464657,2.5693687590162244,2.7338379597849918
tol_7p5km_int_15min,eydadg,markov_order_1,15,linear,,7.5,243.0,0.9409041085737322,0.4175102136841153,2.4321089858787013,2.625740711739946
tol_7p5km_int_15min,eydadg,markov_order_1,15,nearest,,7.5,38.0,0.7729078048136215,1.1142368141991306,2.5693687590162244,2.7338379597849918
tol_7p5km_int_15min,eydadg,markov_order_2,15,linear,,7.5,243.0,0.9466543664739382,0.384993286586506,2.4321089858787013,2.625740711739946
tol_7p5km_int_15min,eydadg,markov_order_2,15,nearest,,7.5,38.0,0.7969241040403604,0.9311132905852544,2.5693687590162244,2.7338379597849918
tol_7p5km_int_15min,eydadg,vq_ctw,15,linear,256.0,7.5,243.0,1.0,0.0,6.258652658057914,6.258652658057914
tol_7p5km_int_15min,eydadg,vq_ctw,15,nearest,256.0,7.5,38.0,1.0,0.0,5.146748718769272,5.146748718769272
tol_7p5km_int_15min,eydadg,vq_ctw,15,linear,512.0,7.5,243.0,1.0,0.0,6.463171520797976,6.463171520797976
tol_7p5km_int_15min,eydadg,vq_ctw,15,nearest,512.0,7.5,38.0,1.0,0.0,6.153434777780595,6.153434777780595
tol_7p5km_int_15min,eydadg,vq_ctw,15,linear,1024.0,7.5,243.0,1.0,0.0,6.473052929525553,6.473052929525553
tol_7p5km_int_15min,eydadg,vq_ctw,15,nearest,1024.0,7.5,38.0,1.0,0.0,5.739763487834527,5.739763487834527
tol_7p5km_int_15min,eytups,direct_ctw,15,linear,,7.5,2015.0,0.8852302379665642,1.0403525016489468,2.495715969093512,2.700418465543092
tol_7p5km_int_15min,eytups,direct_ctw,15,nearest,,7.5,131.0,0.9073004401898404,0.6168426079949274,2.222385597380228,2.413329655591151
tol_7p5km_int_15min,eytups,markov_order_1,15,linear,,7.5,2015.0,0.8478277270762511,1.3129539917518354,2.495715969093512,2.700418465543092
tol_7p5km_int_15min,eytups,markov_order_1,15,nearest,,7.5,131.0,0.8706405424087392,0.7983410822767762,2.222385597380228,2.413329655591151
tol_7p5km_int_15min,eytups,markov_order_2,15,linear,,7.5,2015.0,0.83334699130434,1.4140885033996209,2.495715969093512,2.700418465543092
tol_7p5km_int_15min,eytups,markov_order_2,15,nearest,,7.5,131.0,0.8570223693535027,0.8592888731815773,2.222385597380228,2.413329655591151
tol_7p5km_int_15min,eytups,vq_ctw,15,linear,256.0,7.5,2015.0,1.0,0.0,8.369018482576651,8.369018482576651
tol_7p5km_int_15min,eytups,vq_ctw,15,nearest,256.0,7.5,131.0,1.0,0.0,6.084429955624727,6.084429955624727
tol_7p5km_int_15min,eytups,vq_ctw,15,linear,512.0,7.5,2015.0,1.0,0.0,8.507285628105093,8.507285628105093
tol_7p5km_int_15min,eytups,vq_ctw,15,nearest,512.0,7.5,131.0,1.0,0.0,6.370179139798441,6.370179139798441
tol_7p5km_int_15min,eytups,vq_ctw,15,linear,1024.0,7.5,2015.0,1.0,0.0,8.51971344401002,8.51971344401002
tol_7p5km_int_15min,eytups,vq_ctw,15,nearest,1024.0,7.5,131.0,1.0,0.0,6.691173732409046,6.691173732409046
tol_7p5km_int_15min,iacbyb,direct_ctw,15,linear,,7.5,1986.0,0.9592533384120452,0.400842196130229,2.129540899482817,2.303420010531644
tol_7p5km_int_15min,iacbyb,markov_order_1,15,linear,,7.5,1986.0,0.9491966252671884,0.4832263616270683,2.129540899482817,2.303420010531644
tol_7p5km_int_15min,iacbyb,markov_order_2,15,linear,,7.5,1986.0,0.9461611909491866,0.5074688287906107,2.129540899482817,2.303420010531644
tol_7p5km_int_15min,iacbyb,vq_ctw,15,linear,256.0,7.5,1986.0,1.0,0.0,4.780095752690731,4.780095752690731
tol_7p5km_int_15min,iacbyb,vq_ctw,15,linear,512.0,7.5,1986.0,1.0,0.0,4.59883243940017,4.59883243940017
tol_7p5km_int_15min,iacbyb,vq_ctw,15,linear,1024.0,7.5,1986.0,1.0,0.0,4.601066504335054,4.601066504335054
tol_7p5km_int_15min,iackaw,direct_ctw,15,linear,,7.5,2015.0,0.9325914785431894,0.5893726516204084,2.2125202373893287,2.3857416659049564
tol_7p5km_int_15min,iackaw,direct_ctw,15,nearest,,7.5,164.0,0.9682596467492516,0.2600223144825276,2.3389788039222084,2.493695256073771
tol_7p5km_int_15min,iackaw,markov_order_1,15,linear,,7.5,2015.0,0.9190237646099182,0.6857414589791224,2.2125202373893287,2.3857416659049564
tol_7p5km_int_15min,iackaw,markov_order_1,15,nearest,,7.5,164.0,0.9549787690681568,0.3386367085653711,2.3389788039222084,2.493695256073771
tol_7p5km_int_15min,iackaw,markov_order_2,15,linear,,7.5,2015.0,0.9177035240564524,0.6949187534524004,2.2125202373893287,2.3857416659049564
tol_7p5km_int_15min,iackaw,markov_order_2,15,nearest,,7.5,164.0,0.9491091126431652,0.3655992583938131,2.3389788039222084,2.493695256073771
tol_7p5km_int_15min,iackaw,vq_ctw,15,linear,256.0,7.5,2015.0,1.0,0.0,5.375435201635956,5.375435201635956
tol_7p5km_int_15min,iackaw,vq_ctw,15,nearest,256.0,7.5,164.0,1.0,0.0,6.943689894022757,6.943689894022757
tol_7p5km_int_15min,iackaw,vq_ctw,15,linear,512.0,7.5,2015.0,1.0,0.0,5.154168257819721,5.154168257819721
tol_7p5km_int_15min,iackaw,vq_ctw,15,nearest,512.0,7.5,164.0,1.0,0.0,6.523215153039179,6.523215153039179
tol_7p5km_int_15min,iackaw,vq_ctw,15,linear,1024.0,7.5,2015.0,1.0,0.0,5.1430741942674585,5.1430741942674585
tol_7p5km_int_15min,iackaw,vq_ctw,15,nearest,1024.0,7.5,164.0,1.0,0.0,6.991127761522473,6.991127761522473
tol_7p5km_int_15min,iafbag,direct_ctw,15,linear,,7.5,1895.0,0.9630963124500174,0.3755257328401458,2.0115398116907244,2.2185577694057965
tol_7p5km_int_15min,iafbag,direct_ctw,15,nearest,,7.5,262.0,0.9665744915747664,0.2686981296637558,2.050294838423542,2.2531390051279567
tol_7p5km_int_15min,iafbag,markov_order_1,15,linear,,7.5,1895.0,0.9515138951528634,0.4738753166534294,2.0115398116907244,2.2185577694057965
tol_7p5km_int_15min,iafbag,markov_order_1,15,nearest,,7.5,262.0,0.9561722347531488,0.3231652273379063,2.050294838423542,2.2531390051279567
tol_7p5km_int_15min,iafbag,markov_order_2,15,linear,,7.5,1895.0,0.9474368477522296,0.5074394559062081,2.0115398116907244,2.2185577694057965
tol_7p5km_int_15min,iafbag,markov_order_2,15,nearest,,7.5,262.0,0.9537177019632402,0.3360639024840436,2.050294838423542,2.2531390051279567
tol_7p5km_int_15min,iafbag,vq_ctw,15,linear,256.0,7.5,1895.0,1.0,0.0,5.185311809607109,5.185311809607109
tol_7p5km_int_15min,iafbag,vq_ctw,15,nearest,256.0,7.5,262.0,1.0,0.0,5.943031701108506,5.943031701108506
tol_7p5km_int_15min,iafbag,vq_ctw,15,linear,512.0,7.5,1895.0,1.0,0.0,4.859751603966608,4.859751603966608
tol_7p5km_int_15min,iafbag,vq_ctw,15,nearest,512.0,7.5,262.0,1.0,0.0,5.682225233119079,5.682225233119079
tol_7p5km_int_15min,iafbag,vq_ctw,15,linear,1024.0,7.5,1895.0,1.0,0.0,4.82872154352867,4.82872154352867
tol_7p5km_int_15min,iafbag,vq_ctw,15,nearest,1024.0,7.5,262.0,1.0,0.0,5.949495220505419,5.949495220505419
tol_7p5km_int_15min,iafstn,direct_ctw,15,linear,,7.5,2015.0,0.9459346152716712,0.5146491649406548,2.1759037102665726,2.353325490210632
tol_7p5km_int_15min,iafstn,direct_ctw,15,nearest,,7.5,158.0,0.92717430180537,0.4768480683243906,2.118184993406337,2.309938849556086
tol_7p5km_int_15min,iafstn,markov_order_1,15,linear,,7.5,2015.0,0.9313404006816668,0.6291470543962645,2.1759037102665726,2.353325490210632
tol_7p5km_int_15min,iafstn,markov_order_1,15,nearest,,7.5,158.0,0.882116505324657,0.6874956790878918,2.118184993406337,2.309938849556086
tol_7p5km_int_15min,iafstn,markov_order_2,15,linear,,7.5,2015.0,0.9257088903678448,0.6719841746042665,2.1759037102665726,2.353325490210632
tol_7p5km_int_15min,iafstn,markov_order_2,15,nearest,,7.5,158.0,0.8698095730835576,0.7429389113362168,2.118184993406337,2.309938849556086
tol_7p5km_int_15min,iafstn,vq_ctw,15,linear,256.0,7.5,2015.0,1.0,0.0,5.421618771613645,5.421618771613645
tol_7p5km_int_15min,iafstn,vq_ctw,15,nearest,256.0,7.5,158.0,1.0,0.0,5.734033083085284,5.734033083085284
tol_7p5km_int_15min,iafstn,vq_ctw,15,linear,512.0,7.5,2015.0,1.0,0.0,5.182644881538735,5.182644881538735
tol_7p5km_int_15min,iafstn,vq_ctw,15,nearest,512.0,7.5,158.0,1.0,0.0,5.872144481767644,5.872144481767644
tol_7p5km_int_15min,iafstn,vq_ctw,15,linear,1024.0,7.5,2015.0,1.0,0.0,5.162111187810793,5.162111187810793
tol_7p5km_int_15min,iafstn,vq_ctw,15,nearest,1024.0,7.5,158.0,1.0,0.0,6.214126680169164,6.214126680169164
tol_7p5km_int_15min,iaggri,direct_ctw,15,linear,,7.5,2015.0,0.9272234358059546,0.7333074825767437,2.290988325539015,2.521379186329972
tol_7p5km_int_15min,iaggri,direct_ctw,15,nearest,,7.5,36.0,0.8921810413586514,0.7089399411922715,2.566658773661208,2.781378450028962
tol_7p5km_int_15min,iaggri,markov_order_1,15,linear,,7.5,2015.0,0.8870722537095833,1.062808347375577,2.290988325539015,2.521379186329972
tol_7p5km_int_15min,iaggri,markov_order_1,15,nearest,,7.5,36.0,0.817004069161433,1.0525792095227955,2.566658773661208,2.781378450028962
tol_7p5km_int_15min,iaggri,markov_order_2,15,linear,,7.5,2015.0,0.8694544465099058,1.199505220293274,2.290988325539015,2.521379186329972
tol_7p5km_int_15min,iaggri,markov_order_2,15,nearest,,7.5,36.0,0.7906261077144889,1.159032036807789,2.566658773661208,2.781378450028962
tol_7p5km_int_15min,iaggri,vq_ctw,15,linear,256.0,7.5,2015.0,1.0,0.0,8.309974516222423,8.309974516222423
tol_7p5km_int_15min,iaggri,vq_ctw,15,nearest,256.0,7.5,36.0,1.0,0.0,6.345941399973064,6.345941399973064
tol_7p5km_int_15min,iaggri,vq_ctw,15,linear,512.0,7.5,2015.0,1.0,0.0,8.251158546249531,8.251158546249531
tol_7p5km_int_15min,iaggri,vq_ctw,15,nearest,512.0,7.5,36.0,1.0,0.0,6.009692697761306,6.009692697761306
tol_7p5km_int_15min,iaggri,vq_ctw,15,linear,1024.0,7.5,2015.0,1.0,0.0,8.264302961053833,8.264302961053833
tol_7p5km_int_15min,iaggri,vq_ctw,15,nearest,1024.0,7.5,36.0,1.0,0.0,6.510505650230108,6.510505650230108
tol_7p5km_int_15min,iagods,direct_ctw,15,linear,,7.5,283.0,0.9570682302282828,0.3552609102872938,2.3526158000265687,2.5310695722287653
tol_7p5km_int_15min,iagods,markov_order_1,15,linear,,7.5,283.0,0.9402195890134244,0.4653784311747949,2.3526158000265687,2.5310695722287653
tol_7p5km_int_15min,iagods,markov_order_2,15,linear,,7.5,283.0,0.934397133299212,0.5016210254640507,2.3526158000265687,2.5310695722287653
tol_7p5km_int_15min,iagods,vq_ctw,15,linear,256.0,7.5,283.0,1.0,0.0,4.280700411639848,4.280700411639848
tol_7p5km_int_15min,iagods,vq_ctw,15,linear,512.0,7.5,283.0,1.0,0.0,3.868475997971141,3.868475997971141
tol_7p5km_int_15min,iagods,vq_ctw,15,linear,1024.0,7.5,283.0,1.0,0.0,3.8305422877566873,3.8305422877566873
tol_7p5km_int_15min,iahoro,direct_ctw,15,linear,,7.5,2013.0,0.9447531529867974,0.5292676699712597,2.156844036247206,2.349244643207873
tol_7p5km_int_15min,iahoro,direct_ctw,15,nearest,,7.5,37.0,0.8992607219835209,0.6728132346471017,2.3097556016589165,2.540243066586349
tol_7p5km_int_15min,iahoro,markov_order_1,15,linear,,7.5,2013.0,0.9303075021298844,0.643545055559643,2.156844036247206,2.349244643207873
tol_7p5km_int_15min,iahoro,markov_order_1,15,nearest,,7.5,37.0,0.825541785946629,1.0167187989587871,2.3097556016589165,2.540243066586349
tol_7p5km_int_15min,iahoro,markov_order_2,15,linear,,7.5,2013.0,0.9256634991898536,0.6792481107549743,2.156844036247206,2.349244643207873
tol_7p5km_int_15min,iahoro,markov_order_2,15,nearest,,7.5,37.0,0.8400227427766842,0.954209658373885,2.3097556016589165,2.540243066586349
tol_7p5km_int_15min,iahoro,vq_ctw,15,linear,256.0,7.5,2013.0,1.0,0.0,5.228414985563119,5.228414985563119
tol_7p5km_int_15min,iahoro,vq_ctw,15,nearest,256.0,7.5,37.0,1.0,0.0,7.429081680516354,7.429081680516354
tol_7p5km_int_15min,iahoro,vq_ctw,15,linear,512.0,7.5,2013.0,1.0,0.0,5.003377250683652,5.003377250683652
tol_7p5km_int_15min,iahoro,vq_ctw,15,nearest,512.0,7.5,37.0,1.0,0.0,7.884325969118726,7.884325969118726
tol_7p5km_int_15min,iahoro,vq_ctw,15,linear,1024.0,7.5,2013.0,1.0,0.0,4.987617000364333,4.987617000364333
tol_7p5km_int_15min,iahoro,vq_ctw,15,nearest,1024.0,7.5,37.0,1.0,0.0,9.112916012805917,9.112916012805917
tol_7p5km_int_15min,iapber,direct_ctw,15,linear,,7.5,1938.0,0.9475791752474976,0.5108609496377733,2.11534034361025,2.315074681245605
tol_7p5km_int_15min,iapber,direct_ctw,15,nearest,,7.5,165.0,0.957356466673388,0.3150747479481199,2.1395023529707005,2.276854484193729
tol_7p5km_int_15min,iapber,markov_order_1,15,linear,,7.5,1938.0,0.9338627584793776,0.6216738852049901,2.11534034361025,2.315074681245605
tol_7p5km_int_15min,iapber,markov_order_1,15,nearest,,7.5,165.0,0.935158369161899,0.417858119975263,2.1395023529707005,2.276854484193729
tol_7p5km_int_15min,iapber,markov_order_2,15,linear,,7.5,1938.0,0.9262761065611472,0.6810129612236208,2.11534034361025,2.315074681245605
tol_7p5km_int_15min,iapber,markov_order_2,15,nearest,,7.5,165.0,0.9265227877572118,0.4512745907401165,2.1395023529707005,2.276854484193729
tol_7p5km_int_15min,iapber,vq_ctw,15,linear,256.0,7.5,1938.0,1.0,0.0,5.392403516529663,5.392403516529663
tol_7p5km_int_15min,iapber,vq_ctw,15,nearest,256.0,7.5,165.0,1.0,0.0,6.001380622532529,6.001380622532529
tol_7p5km_int_15min,iapber,vq_ctw,15,linear,512.0,7.5,1938.0,1.0,0.0,5.110691694169915,5.110691694169915
tol_7p5km_int_15min,iapber,vq_ctw,15,nearest,512.0,7.5,165.0,1.0,0.0,5.901264952151796,5.901264952151796
tol_7p5km_int_15min,iapber,vq_ctw,15,linear,1024.0,7.5,1938.0,1.0,0.0,5.101863542586189,5.101863542586189
tol_7p5km_int_15min,iapber,vq_ctw,15,nearest,1024.0,7.5,165.0,1.0,0.0,6.291637657355477,6.291637657355477
tol_7p5km_int_15min,iatmeu,direct_ctw,15,linear,,7.5,2013.0,0.9078812615763154,0.8955191991189164,2.493616406360557,2.7091804033290483
tol_7p5km_int_15min,iatmeu,markov_order_1,15,linear,,7.5,2013.0,0.8654728004468746,1.2298348456073322,2.493616406360557,2.7091804033290483
tol_7p5km_int_15min,iatmeu,markov_order_2,15,linear,,7.5,2013.0,0.848276081406979,1.358630319803144,2.493616406360557,2.7091804033290483
tol_7p5km_int_15min,iatmeu,vq_ctw,15,linear,256.0,7.5,2013.0,1.0,0.0,10.553021370760476,10.553021370760476
tol_7p5km_int_15min,iatmeu,vq_ctw,15,linear,512.0,7.5,2013.0,1.0,0.0,10.7778001877354,10.7778001877354
tol_7p5km_int_15min,iatmeu,vq_ctw,15,linear,1024.0,7.5,2013.0,1.0,0.0,10.65669829021348,10.65669829021348
tol_7p5km_int_15min,iatojb,direct_ctw,15,linear,,7.5,2015.0,0.9352651319632448,0.5511653113150986,2.2663496015707434,2.444405658525936
tol_7p5km_int_15min,iatojb,direct_ctw,15,nearest,,7.5,281.0,0.9463768688313068,0.4017075826854379,2.1746885009022976,2.3310946237490886
tol_7p5km_int_15min,iatojb,markov_order_1,15,linear,,7.5,2015.0,0.9238756676487064,0.6296820165840596,2.2663496015707434,2.444405658525936
tol_7p5km_int_15min,iatojb,markov_order_1,15,nearest,,7.5,281.0,0.9277380776404486,0.4995223710354106,2.1746885009022976,2.3310946237490886
tol_7p5km_int_15min,iatojb,markov_order_2,15,linear,,7.5,2015.0,0.9214151437618724,0.6462812097448675,2.2663496015707434,2.444405658525936
tol_7p5km_int_15min,iatojb,markov_order_2,15,nearest,,7.5,281.0,0.9158355210012034,0.5586556204584351,2.1746885009022976,2.3310946237490886
tol_7p5km_int_15min,iatojb,vq_ctw,15,linear,256.0,7.5,2015.0,1.0,0.0,5.262843758688605,5.262843758688605
tol_7p5km_int_15min,iatojb,vq_ctw,15,nearest,256.0,7.5,281.0,1.0,0.0,6.165339585917075,6.165339585917075
tol_7p5km_int_15min,iatojb,vq_ctw,15,linear,512.0,7.5,2015.0,1.0,0.0,5.035923416255298,5.035923416255298
tol_7p5km_int_15min,iatojb,vq_ctw,15,nearest,512.0,7.5,281.0,1.0,0.0,6.16323550835411,6.16323550835411
tol_7p5km_int_15min,iatojb,vq_ctw,15,linear,1024.0,7.5,2015.0,1.0,0.0,5.00643584183874,5.00643584183874
tol_7p5km_int_15min,iatojb,vq_ctw,15,nearest,1024.0,7.5,281.0,1.0,0.0,6.252910068707137,6.252910068707137
tol_7p5km_int_15min,iawxbe,direct_ctw,15,linear,,7.5,2015.0,0.9007808995657968,0.921431156525162,2.3342570980825124,2.553166039773279
tol_7p5km_int_15min,iawxbe,markov_order_1,15,linear,,7.5,2015.0,0.8615648243569056,1.2148460501574865,2.3342570980825124,2.553166039773279
tol_7p5km_int_15min,iawxbe,markov_order_2,15,linear,,7.5,2015.0,0.853177046315271,1.27501004039925,2.3342570980825124,2.553166039773279
tol_7p5km_int_15min,iawxbe,vq_ctw,15,linear,256.0,7.5,2015.0,1.0,0.0,9.57794258976998,9.57794258976998
tol_7p5km_int_15min,iawxbe,vq_ctw,15,linear,512.0,7.5,2015.0,1.0,0.0,9.709283271997156,9.709283271997156
tol_7p5km_int_15min,iawxbe,vq_ctw,15,linear,1024.0,7.5,2015.0,1.0,0.0,9.734859987181723,9.734859987181723
tol_7p5km_int_15min,ibflsr,direct_ctw,15,linear,,7.5,2015.0,0.9367865894155688,0.6085970261678485,2.12233284392754,2.326146929033241
tol_7p5km_int_15min,ibflsr,direct_ctw,15,nearest,,7.5,197.0,0.9512909650024532,0.4049196506073559,2.1176376422597425,2.3190447553745184
tol_7p5km_int_15min,ibflsr,markov_order_1,15,linear,,7.5,2015.0,0.9183449610128084,0.7548488304777117,2.12233284392754,2.326146929033241
tol_7p5km_int_15min,ibflsr,markov_order_1,15,nearest,,7.5,197.0,0.9202305575844762,0.5544576320157734,2.1176376422597425,2.3190447553745184
tol_7p5km_int_15min,ibflsr,markov_order_2,15,linear,,7.5,2015.0,0.9109962791690998,0.8112169501080769,2.12233284392754,2.326146929033241
tol_7p5km_int_15min,ibflsr,markov_order_2,15,nearest,,7.5,197.0,0.9097400016702556,0.6045884153105121,2.1176376422597425,2.3190447553745184
tol_7p5km_int_15min,ibflsr,vq_ctw,15,linear,256.0,7.5,2015.0,1.0,0.0,5.560537892298516,5.560537892298516
tol_7p5km_int_15min,ibflsr,vq_ctw,15,nearest,256.0,7.5,197.0,1.0,0.0,6.025319133105225,6.025319133105225
tol_7p5km_int_15min,ibflsr,vq_ctw,15,linear,512.0,7.5,2015.0,1.0,0.0,5.297278026000603,5.297278026000603
tol_7p5km_int_15min,ibflsr,vq_ctw,15,nearest,512.0,7.5,197.0,1.0,0.0,5.911835221741236,5.911835221741236
tol_7p5km_int_15min,ibflsr,vq_ctw,15,linear,1024.0,7.5,2015.0,1.0,0.0,5.277147471563614,5.277147471563614
tol_7p5km_int_15min,ibflsr,vq_ctw,15,nearest,1024.0,7.5,197.0,1.0,0.0,6.264462576608631,6.264462576608631
tol_7p5km_int_15min,ibgryk,direct_ctw,15,linear,,7.5,2014.0,0.9381611297422172,0.606317653461265,2.3114886441845868,2.5051976451861697
tol_7p5km_int_15min,ibgryk,direct_ctw,15,nearest,,7.5,100.0,0.9641325109809072,0.436865599003957,2.1712841529004634,2.365893254859053
tol_7p5km_int_15min,ibgryk,markov_order_1,15,linear,,7.5,2014.0,0.9145100224987696,0.7967331500978418,2.3114886441845868,2.5051976451861697
tol_7p5km_int_15min,ibgryk,markov_order_1,15,nearest,,7.5,100.0,0.9388597237862588,0.5772464475131023,2.1712841529004634,2.365893254859053
tol_7p5km_int_15min,ibgryk,markov_order_2,15,linear,,7.5,2014.0,0.9057877823644118,0.8641854893364312,2.3114886441845868,2.5051976451861697
tol_7p5km_int_15min,ibgryk,markov_order_2,15,nearest,,7.5,100.0,0.9236827170089132,0.6426473993727245,2.1712841529004634,2.365893254859053
tol_7p5km_int_15min,ibgryk,vq_ctw,15,linear,256.0,7.5,2014.0,1.0,0.0,6.308020456442383,6.308020456442383
tol_7p5km_int_15min,ibgryk,vq_ctw,15,nearest,256.0,7.5,100.0,1.0,0.0,6.64010168468031,6.64010168468031
tol_7p5km_int_15min,ibgryk,vq_ctw,15,linear,512.0,7.5,2014.0,1.0,0.0,6.231229490516145,6.231229490516145
tol_7p5km_int_15min,ibgryk,vq_ctw,15,nearest,512.0,7.5,100.0,1.0,0.0,6.413319453881094,6.413319453881094
tol_7p5km_int_15min,ibgryk,vq_ctw,15,linear,1024.0,7.5,2014.0,1.0,0.0,6.225699390050802,6.225699390050802
tol_7p5km_int_15min,ibgryk,vq_ctw,15,nearest,1024.0,7.5,100.0,1.0,0.0,6.392150615079669,6.392150615079669
tol_7p5km_int_15min,iblool,direct_ctw,15,linear,,7.5,2014.0,0.9348956706808564,0.6287586869560533,2.191069945183644,2.4247418789992268
tol_7p5km_int_15min,iblool,direct_ctw,15,nearest,,7.5,77.0,0.9453651014473696,0.3599999843314672,2.0769622901779425,2.284575303166831
tol_7p5km_int_15min,iblool,markov_order_1,15,linear,,7.5,2014.0,0.9133426865729152,0.7997395108096479,2.191069945183644,2.4247418789992268
tol_7p5km_int_15min,iblool,markov_order_1,15,nearest,,7.5,77.0,0.9311723371410234,0.4302096062924182,2.0769622901779425,2.284575303166831
tol_7p5km_int_15min,iblool,markov_order_2,15,linear,,7.5,2014.0,0.9073436316094596,0.8457289837089723,2.191069945183644,2.4247418789992268
tol_7p5km_int_15min,iblool,markov_order_2,15,nearest,,7.5,77.0,0.9230370041614786,0.4681709620631569,2.0769622901779425,2.284575303166831
tol_7p5km_int_15min,iblool,vq_ctw,15,linear,256.0,7.5,2014.0,1.0,0.0,6.442672882558194,6.442672882558194
tol_7p5km_int_15min,iblool,vq_ctw,15,nearest,256.0,7.5,77.0,1.0,0.0,6.103007123897975,6.103007123897975
tol_7p5km_int_15min,iblool,vq_ctw,15,linear,512.0,7.5,2014.0,1.0,0.0,6.374455849480488,6.374455849480488
tol_7p5km_int_15min,iblool,vq_ctw,15,nearest,512.0,7.5,77.0,1.0,0.0,5.691044682792887,5.691044682792887
tol_7p5km_int_15min,iblool,vq_ctw,15,linear,1024.0,7.5,2014.0,1.0,0.0,6.37719543837876,6.37719543837876
tol_7p5km_int_15min,iblool,vq_ctw,15,nearest,1024.0,7.5,77.0,1.0,0.0,5.96119901508423,5.96119901508423
tol_7p5km_int_15min,ibpijd,direct_ctw,15,linear,,7.5,2015.0,0.96155878648186,0.3773483808855133,2.3451841964475597,2.5536844574869595
tol_7p5km_int_15min,ibpijd,direct_ctw,15,nearest,,7.5,354.0,0.9500613783236406,0.3938607416114934,2.213091815345174,2.3664501143455223
tol_7p5km_int_15min,ibpijd,markov_order_1,15,linear,,7.5,2015.0,0.951562533256044,0.4589619057291721,2.3451841964475597,2.5536844574869595
tol_7p5km_int_15min,ibpijd,markov_order_1,15,nearest,,7.5,354.0,0.9342264649869272,0.4770661955843361,2.213091815345174,2.3664501143455223
tol_7p5km_int_15min,ibpijd,markov_order_2,15,linear,,7.5,2015.0,0.9481053848130748,0.4864241683540232,2.3451841964475597,2.5536844574869595
tol_7p5km_int_15min,ibpijd,markov_order_2,15,nearest,,7.5,354.0,0.9276556254214696,0.5091501234680376,2.213091815345174,2.3664501143455223
tol_7p5km_int_15min,ibpijd,vq_ctw,15,linear,256.0,7.5,2015.0,1.0,0.0,4.6980629163027166,4.6980629163027166
tol_7p5km_int_15min,ibpijd,vq_ctw,15,nearest,256.0,7.5,354.0,1.0,0.0,6.132832376543651,6.132832376543651
tol_7p5km_int_15min,ibpijd,vq_ctw,15,linear,512.0,7.5,2015.0,1.0,0.0,4.3971236317930105,4.3971236317930105
tol_7p5km_int_15min,ibpijd,vq_ctw,15,nearest,512.0,7.5,354.0,1.0,0.0,6.0214398403601415,6.0214398403601415
tol_7p5km_int_15min,ibpijd,vq_ctw,15,linear,1024.0,7.5,2015.0,1.0,0.0,4.369667413678068,4.369667413678068
tol_7p5km_int_15min,ibpijd,vq_ctw,15,nearest,1024.0,7.5,354.0,1.0,0.0,5.978433873937159,5.978433873937159
tol_7p5km_int_15min,ibwici,direct_ctw,15,linear,,7.5,2013.0,0.9211708703360943,0.7387338894986705,2.3318076395326006,2.5330972324086964
tol_7p5km_int_15min,ibwici,direct_ctw,15,nearest,,7.5,85.0,0.9501726361567988,0.4167403722530466,2.2107141490637976,2.3861943536273795
tol_7p5km_int_15min,ibwici,markov_order_1,15,linear,,7.5,2013.0,0.8965826182385426,0.9266982541240192,2.3318076395326006,2.5330972324086964
tol_7p5km_int_15min,ibwici,markov_order_1,15,nearest,,7.5,85.0,0.9198696414517252,0.5438619680125113,2.2107141490637976,2.3861943536273795
tol_7p5km_int_15min,ibwici,markov_order_2,15,linear,,7.5,2013.0,0.8899307273669752,0.9758363518582496,2.3318076395326006,2.5330972324086964
tol_7p5km_int_15min,ibwici,markov_order_2,15,nearest,,7.5,85.0,0.9022954196657584,0.6148644661863597,2.2107141490637976,2.3861943536273795
tol_7p5km_int_15min,ibwici,vq_ctw,15,linear,256.0,7.5,2013.0,1.0,0.0,7.065063129610051,7.065063129610051
tol_7p5km_int_15min,ibwici,vq_ctw,15,nearest,256.0,7.5,85.0,1.0,0.0,5.939907901423801,5.939907901423801
tol_7p5km_int_15min,ibwici,vq_ctw,15,linear,512.0,7.5,2013.0,1.0,0.0,7.11998033215453,7.11998033215453
tol_7p5km_int_15min,ibwici,vq_ctw,15,nearest,512.0,7.5,85.0,1.0,0.0,5.722148614270626,5.722148614270626
tol_7p5km_int_15min,ibwici,vq_ctw,15,linear,1024.0,7.5,2013.0,1.0,0.0,7.122941958023726,7.122941958023726
tol_7p5km_int_15min,ibwici,vq_ctw,15,nearest,1024.0,7.5,85.0,1.0,0.0,6.219350369989222,6.219350369989222
tol_7p5km_int_15min,icagpo,direct_ctw,15,linear,,7.5,2015.0,0.938383740895948,0.6086012242129434,2.2185550795084823,2.420069804267311
tol_7p5km_int_15min,icagpo,direct_ctw,15,nearest,,7.5,234.0,0.9348004010098532,0.4377600709739505,2.2291566759391315,2.4018644675209533
tol_7p5km_int_15min,icagpo,markov_order_1,15,linear,,7.5,2015.0,0.9160266288373216,0.7905006644432896,2.2185550795084823,2.420069804267311
tol_7p5km_int_15min,icagpo,markov_order_1,15,nearest,,7.5,234.0,0.9104965195034403,0.5599320361723993,2.2291566759391315,2.4018644675209533
tol_7p5km_int_15min,icagpo,markov_order_2,15,linear,,7.5,2015.0,0.9057363760067416,0.8709055386483748,2.2185550795084823,2.420069804267311
tol_7p5km_int_15min,icagpo,markov_order_2,15,nearest,,7.5,234.0,0.9035273298183266,0.5910398777585701,2.2291566759391315,2.4018644675209533
tol_7p5km_int_15min,icagpo,vq_ctw,15,linear,256.0,7.5,2015.0,1.0,0.0,7.073013885534035,7.073013885534035
tol_7p5km_int_15min,icagpo,vq_ctw,15,nearest,256.0,7.5,234.0,1.0,0.0,6.142973579906064,6.142973579906064
tol_7p5km_int_15min,icagpo,vq_ctw,15,linear,512.0,7.5,2015.0,1.0,0.0,6.980053906956708,6.980053906956708
tol_7p5km_int_15min,icagpo,vq_ctw,15,nearest,512.0,7.5,234.0,1.0,0.0,6.076481942332818,6.076481942332818
tol_7p5km_int_15min,icagpo,vq_ctw,15,linear,1024.0,7.5,2015.0,1.0,0.0,6.979925176101935,6.979925176101935
tol_7p5km_int_15min,icagpo,vq_ctw,15,nearest,1024.0,7.5,234.0,1.0,0.0,6.483004146524753,6.483004146524753
tol_7p5km_int_15min,icdahe,direct_ctw,15,linear,,7.5,312.0,0.9688537736064692,0.2624004054135205,2.2797011607192013,2.4481717481044005
tol_7p5km_int_15min,icdahe,direct_ctw,15,nearest,,7.5,42.0,0.9292210662670696,0.4396027124986948,2.349159901204742,2.550477147152258
tol_7p5km_int_15min,icdahe,markov_order_1,15,linear,,7.5,312.0,0.9612026804525028,0.3143451469783323,2.2797011607192013,2.4481717481044005
tol_7p5km_int_15min,icdahe,markov_order_1,15,nearest,,7.5,42.0,0.8954033066976359,0.5879963610166642,2.349159901204742,2.550477147152258
tol_7p5km_int_15min,icdahe,markov_order_2,15,linear,,7.5,312.0,0.9576524570575145,0.3376490330973096,2.2797011607192013,2.4481717481044005
tol_7p5km_int_15min,icdahe,markov_order_2,15,nearest,,7.5,42.0,0.8919076161975119,0.6022274458286703,2.349159901204742,2.550477147152258
tol_7p5km_int_15min,icdahe,vq_ctw,15,linear,256.0,7.5,312.0,1.0,0.0,3.733540214223399,3.733540214223399
tol_7p5km_int_15min,icdahe,vq_ctw,15,nearest,256.0,7.5,42.0,1.0,0.0,6.747038085436496,6.747038085436496
tol_7p5km_int_15min,icdahe,vq_ctw,15,linear,512.0,7.5,312.0,1.0,0.0,3.515053066779624,3.515053066779624
tol_7p5km_int_15min,icdahe,vq_ctw,15,nearest,512.0,7.5,42.0,1.0,0.0,6.890145006134951,6.890145006134951
tol_7p5km_int_15min,icdahe,vq_ctw,15,linear,1024.0,7.5,312.0,1.0,0.0,3.457608363369726,3.457608363369726
tol_7p5km_int_15min,icdahe,vq_ctw,15,nearest,1024.0,7.5,42.0,1.0,0.0,7.357549890549298,7.357549890549298
tol_7p5km_int_15min,icdapn,direct_ctw,15,linear,,7.5,2015.0,0.9157001973645365,0.7686753497796767,2.227550860746016,2.418214760308399
tol_7p5km_int_15min,icdapn,direct_ctw,15,nearest,,7.5,108.0,0.9390705678049448,0.4256191500146252,2.291251340151376,2.481499333693242
tol_7p5km_int_15min,icdapn,markov_order_1,15,linear,,7.5,2015.0,0.8912824729333257,0.9493794067441256,2.227550860746016,2.418214760308399
tol_7p5km_int_15min,icdapn,markov_order_1,15,nearest,,7.5,108.0,0.9072669449987446,0.5649571284937124,2.291251340151376,2.481499333693242
tol_7p5km_int_15min,icdapn,markov_order_2,15,linear,,7.5,2015.0,0.8853346457755402,0.9919755742818912,2.227550860746016,2.418214760308399
tol_7p5km_int_15min,icdapn,markov_order_2,15,nearest,,7.5,108.0,0.9098150658628892,0.5562450366402637,2.291251340151376,2.481499333693242
tol_7p5km_int_15min,icdapn,vq_ctw,15,linear,256.0,7.5,2015.0,1.0,0.0,6.971727838335261,6.971727838335261
tol_7p5km_int_15min,icdapn,vq_ctw,15,nearest,256.0,7.5,108.0,1.0,0.0,6.5819246420189925,6.5819246420189925
tol_7p5km_int_15min,icdapn,vq_ctw,15,linear,512.0,7.5,2015.0,1.0,0.0,6.914098276164281,6.914098276164281
tol_7p5km_int_15min,icdapn,vq_ctw,15,nearest,512.0,7.5,108.0,1.0,0.0,6.6840950341447884,6.6840950341447884
tol_7p5km_int_15min,icdapn,vq_ctw,15,linear,1024.0,7.5,2015.0,1.0,0.0,6.908640055256981,6.908640055256981
tol_7p5km_int_15min,icdapn,vq_ctw,15,nearest,1024.0,7.5,108.0,1.0,0.0,7.9246319797745635,7.9246319797745635
tol_7p5km_int_15min,icdult,direct_ctw,15,linear,,7.5,1472.0,0.9400382340527652,0.5555888502301847,2.2964751200252325,2.48338104439632
tol_7p5km_int_15min,icdult,direct_ctw,15,nearest,,7.5,40.0,0.930305247427035,0.4344782461955102,1.9463845790856256,2.11349154356348
tol_7p5km_int_15min,icdult,markov_order_1,15,linear,,7.5,1472.0,0.9205203670126824,0.7029501575646321,2.2964751200252325,2.48338104439632
tol_7p5km_int_15min,icdult,markov_order_1,15,nearest,,7.5,40.0,0.9334838256464052,0.4193022690062687,1.9463845790856256,2.11349154356348
tol_7p5km_int_15min,icdult,markov_order_2,15,linear,,7.5,1472.0,0.919680163117916,0.7091112802097056,2.2964751200252325,2.48338104439632
tol_7p5km_int_15min,icdult,markov_order_2,15,nearest,,7.5,40.0,0.930190234968044,0.4350230950124073,1.9463845790856256,2.11349154356348
tol_7p5km_int_15min,icdult,vq_ctw,15,linear,256.0,7.5,1472.0,1.0,0.0,7.17358652274575,7.17358652274575
tol_7p5km_int_15min,icdult,vq_ctw,15,nearest,256.0,7.5,40.0,1.0,0.0,6.914979044192234,6.914979044192234
tol_7p5km_int_15min,icdult,vq_ctw,15,linear,512.0,7.5,1472.0,1.0,0.0,7.232299177307012,7.232299177307012
tol_7p5km_int_15min,icdult,vq_ctw,15,nearest,512.0,7.5,40.0,1.0,0.0,6.765456975035366,6.765456975035366
tol_7p5km_int_15min,icdult,vq_ctw,15,linear,1024.0,7.5,1472.0,1.0,0.0,7.247314761539123,7.247314761539123
tol_7p5km_int_15min,icdult,vq_ctw,15,nearest,1024.0,7.5,40.0,1.0,0.0,7.112143679578163,7.112143679578163
tol_7p5km_int_15min,icedpa,direct_ctw,15,linear,,7.5,2015.0,0.9716478943291468,0.2841413773171958,2.2580816831876303,2.4246246359455923
tol_7p5km_int_15min,icedpa,direct_ctw,15,nearest,,7.5,115.0,0.93214970896504,0.4542662949931065,2.2344828184522894,2.3776078379938888
tol_7p5km_int_15min,icedpa,markov_order_1,15,linear,,7.5,2015.0,0.9619027770231552,0.3652936941339614,2.2580816831876303,2.4246246359455923
tol_7p5km_int_15min,icedpa,markov_order_1,15,nearest,,7.5,115.0,0.9070407226366634,0.5703550783244502,2.2344828184522894,2.3776078379938888
tol_7p5km_int_15min,icedpa,markov_order_2,15,linear,,7.5,2015.0,0.961071818251172,0.3720255579006443,2.2580816831876303,2.4246246359455923
tol_7p5km_int_15min,icedpa,markov_order_2,15,nearest,,7.5,115.0,0.9029443231329116,0.5900003694092175,2.2344828184522894,2.3776078379938888
tol_7p5km_int_15min,icedpa,vq_ctw,15,linear,256.0,7.5,2015.0,1.0,0.0,4.252333309084374,4.252333309084374
tol_7p5km_int_15min,icedpa,vq_ctw,15,nearest,256.0,7.5,115.0,1.0,0.0,5.888600081709525,5.888600081709525
tol_7p5km_int_15min,icedpa,vq_ctw,15,linear,512.0,7.5,2015.0,1.0,0.0,4.0020133405393485,4.0020133405393485
tol_7p5km_int_15min,icedpa,vq_ctw,15,nearest,512.0,7.5,115.0,1.0,0.0,5.676043475301367,5.676043475301367
tol_7p5km_int_15min,icedpa,vq_ctw,15,linear,1024.0,7.5,2015.0,1.0,0.0,3.980655055604185,3.980655055604185
tol_7p5km_int_15min,icedpa,vq_ctw,15,nearest,1024.0,7.5,115.0,1.0,0.0,6.255629172144287,6.255629172144287
tol_7p5km_int_15min,ichank,direct_ctw,15,linear,,7.5,1993.0,0.9442944673055744,0.4952059202534554,2.377782480666005,2.6011833451092707
tol_7p5km_int_15min,ichank,direct_ctw,15,nearest,,7.5,187.0,0.9189913949951896,0.5708023163593087,2.478766944519473,2.706026787790057
tol_7p5km_int_15min,ichank,markov_order_1,15,linear,,7.5,1993.0,0.9328085154984804,0.5785595975655831,2.377782480666005,2.6011833451092707
tol_7p5km_int_15min,ichank,markov_order_1,15,nearest,,7.5,187.0,0.8549107942269228,0.8650710246449733,2.478766944519473,2.706026787790057
tol_7p5km_int_15min,ichank,markov_order_2,15,linear,,7.5,1993.0,0.9300266671626144,0.598270506611592,2.377782480666005,2.6011833451092707
tol_7p5km_int_15min,ichank,markov_order_2,15,nearest,,7.5,187.0,0.8449532827870332,0.9048504846142016,2.478766944519473,2.706026787790057
tol_7p5km_int_15min,ichank,vq_ctw,15,linear,256.0,7.5,1993.0,1.0,0.0,4.4369586493482736,4.4369586493482736
tol_7p5km_int_15min,ichank,vq_ctw,15,nearest,256.0,7.5,187.0,1.0,0.0,6.401673640159294,6.401673640159294
tol_7p5km_int_15min,ichank,vq_ctw,15,linear,512.0,7.5,1993.0,1.0,0.0,4.166685004988687,4.166685004988687
tol_7p5km_int_15min,ichank,vq_ctw,15,nearest,512.0,7.5,187.0,1.0,0.0,6.854992010510794,6.854992010510794
tol_7p5km_int_15min,ichank,vq_ctw,15,linear,1024.0,7.5,1993.0,1.0,0.0,4.150236957173614,4.150236957173614
tol_7p5km_int_15min,ichank,vq_ctw,15,nearest,1024.0,7.5,187.0,1.0,0.0,6.916402608170264,6.916402608170264
tol_7p5km_int_15min,ichiki,direct_ctw,15,linear,,7.5,2015.0,0.9498558953919298,0.4919709521685395,2.075339784948953,2.282478774315727
tol_7p5km_int_15min,ichiki,direct_ctw,15,nearest,,7.5,79.0,0.9691199070051408,0.2362897185014263,2.189325505669203,2.373840341378867
tol_7p5km_int_15min,ichiki,markov_order_1,15,linear,,7.5,2015.0,0.9371087471654744,0.5958824266628692,2.075339784948953,2.282478774315727
tol_7p5km_int_15min,ichiki,markov_order_1,15,nearest,,7.5,79.0,0.9394073598866428,0.4063166529675506,2.189325505669203,2.373840341378867
tol_7p5km_int_15min,ichiki,markov_order_2,15,linear,,7.5,2015.0,0.9296528904224536,0.6547588590587596,2.075339784948953,2.282478774315727
tol_7p5km_int_15min,ichiki,markov_order_2,15,nearest,,7.5,79.0,0.9307055800622912,0.4494644732989336,2.189325505669203,2.373840341378867
tol_7p5km_int_15min,ichiki,vq_ctw,15,linear,256.0,7.5,2015.0,1.0,0.0,5.324223989258817,5.324223989258817
tol_7p5km_int_15min,ichiki,vq_ctw,15,nearest,256.0,7.5,79.0,1.0,0.0,6.485863923102181,6.485863923102181
tol_7p5km_int_15min,ichiki,vq_ctw,15,linear,512.0,7.5,2015.0,1.0,0.0,5.00575658102536,5.00575658102536
tol_7p5km_int_15min,ichiki,vq_ctw,15,nearest,512.0,7.5,79.0,1.0,0.0,6.084906044482117,6.084906044482117
tol_7p5km_int_15min,ichiki,vq_ctw,15,linear,1024.0,7.5,2015.0,1.0,0.0,4.982449605125144,4.982449605125144
tol_7p5km_int_15min,ichiki,vq_ctw,15,nearest,1024.0,7.5,79.0,1.0,0.0,6.321893741512437,6.321893741512437
tol_7p5km_int_15min,ickguw,direct_ctw,15,linear,,7.5,2015.0,0.9421575856386224,0.5390464919775344,2.178372042121828,2.360531767781574
tol_7p5km_int_15min,ickguw,direct_ctw,15,nearest,,7.5,352.0,0.9318849946062066,0.4841165302641111,2.2690269242460848,2.4571997911632306
tol_7p5km_int_15min,ickguw,markov_order_1,15,linear,,7.5,2015.0,0.9313911421041224,0.6219288773826567,2.178372042121828,2.360531767781574
tol_7p5km_int_15min,ickguw,markov_order_1,15,nearest,,7.5,352.0,0.8968384977779632,0.6664110455233577,2.2690269242460848,2.4571997911632306
tol_7p5km_int_15min,ickguw,markov_order_2,15,linear,,7.5,2015.0,0.9245072422773468,0.6735227430790948,2.178372042121828,2.360531767781574
tol_7p5km_int_15min,ickguw,markov_order_2,15,nearest,,7.5,352.0,0.888068768629021,0.7111109221345281,2.2690269242460848,2.4571997911632306
tol_7p5km_int_15min,ickguw,vq_ctw,15,linear,256.0,7.5,2015.0,1.0,0.0,4.829047871012504,4.829047871012504
tol_7p5km_int_15min,ickguw,vq_ctw,15,nearest,256.0,7.5,352.0,1.0,0.0,6.794169228081333,6.794169228081333
tol_7p5km_int_15min,ickguw,vq_ctw,15,linear,512.0,7.5,2015.0,1.0,0.0,4.504280068201831,4.504280068201831
tol_7p5km_int_15min,ickguw,vq_ctw,15,nearest,512.0,7.5,352.0,1.0,0.0,6.812466466728044,6.812466466728044
tol_7p5km_int_15min,ickguw,vq_ctw,15,linear,1024.0,7.5,2015.0,1.0,0.0,4.478346024973103,4.478346024973103
tol_7p5km_int_15min,ickguw,vq_ctw,15,nearest,1024.0,7.5,352.0,1.0,0.0,7.464986807557949,7.464986807557949
tol_7p5km_int_15min,ickphi,direct_ctw,15,linear,,7.5,2015.0,0.928637194475466,0.6626817326186376,2.1526276100136075,2.357927082792892
tol_7p5km_int_15min,ickphi,direct_ctw,15,nearest,,7.5,125.0,0.9420712848009896,0.3979570681472545,2.102905900682559,2.289161398837136
tol_7p5km_int_15min,ickphi,markov_order_1,15,linear,,7.5,2015.0,0.9101545907898054,0.8031933742656961,2.1526276100136075,2.357927082792892
tol_7p5km_int_15min,ickphi,markov_order_1,15,nearest,,7.5,125.0,0.925944013904103,0.4735067986369507,2.102905900682559,2.289161398837136
tol_7p5km_int_15min,ickphi,markov_order_2,15,linear,,7.5,2015.0,0.9018166505548983,0.8645311451362004,2.1526276100136075,2.357927082792892
tol_7p5km_int_15min,ickphi,markov_order_2,15,nearest,,7.5,125.0,0.9143297170761951,0.5246735496819646,2.102905900682559,2.289161398837136
tol_7p5km_int_15min,ickphi,vq_ctw,15,linear,256.0,7.5,2015.0,1.0,0.0,5.894605136860765,5.894605136860765
tol_7p5km_int_15min,ickphi,vq_ctw,15,nearest,256.0,7.5,125.0,1.0,0.0,5.678568674106201,5.678568674106201
tol_7p5km_int_15min,ickphi,vq_ctw,15,linear,512.0,7.5,2015.0,1.0,0.0,5.746374874123204,5.746374874123204
tol_7p5km_int_15min,ickphi,vq_ctw,15,nearest,512.0,7.5,125.0,1.0,0.0,5.812390877015648,5.812390877015648
tol_7p5km_int_15min,ickphi,vq_ctw,15,linear,1024.0,7.5,2015.0,1.0,0.0,5.745257380939309,5.745257380939309
tol_7p5km_int_15min,ickphi,vq_ctw,15,nearest,1024.0,7.5,125.0,1.0,0.0,5.831118793569455,5.831118793569455
tol_7p5km_int_15min,ickviy,direct_ctw,15,linear,,7.5,2015.0,0.9244286886524302,0.7373211729541765,2.290724932801277,2.492382794811116
tol_7p5km_int_15min,ickviy,direct_ctw,15,nearest,,7.5,320.0,0.904156813468494,0.6356309513293286,2.259041898041274,2.455597886658518
tol_7p5km_int_15min,ickviy,markov_order_1,15,linear,,7.5,2015.0,0.8976420615500734,0.951761373187761,2.290724932801277,2.492382794811116
tol_7p5km_int_15min,ickviy,markov_order_1,15,nearest,,7.5,320.0,0.8632175502779272,0.8277467812522211,2.259041898041274,2.455597886658518
tol_7p5km_int_15min,ickviy,markov_order_2,15,linear,,7.5,2015.0,0.8867004282357354,1.0359358535739265,2.290724932801277,2.492382794811116
tol_7p5km_int_15min,ickviy,markov_order_2,15,nearest,,7.5,320.0,0.853987071521456,0.8620860959844764,2.259041898041274,2.455597886658518
tol_7p5km_int_15min,ickviy,vq_ctw,15,linear,256.0,7.5,2015.0,1.0,0.0,7.309097753830624,7.309097753830624
tol_7p5km_int_15min,ickviy,vq_ctw,15,nearest,256.0,7.5,320.0,1.0,0.0,6.310731178049124,6.310731178049124
tol_7p5km_int_15min,ickviy,vq_ctw,15,linear,512.0,7.5,2015.0,1.0,0.0,7.310430135974522,7.310430135974522
tol_7p5km_int_15min,ickviy,vq_ctw,15,nearest,512.0,7.5,320.0,1.0,0.0,6.754251138410045,6.754251138410045
tol_7p5km_int_15min,ickviy,vq_ctw,15,linear,1024.0,7.5,2015.0,1.0,0.0,7.314597358860384,7.314597358860384
tol_7p5km_int_15min,ickviy,vq_ctw,15,nearest,1024.0,7.5,320.0,1.0,0.0,7.042823357602932,7.042823357602932
tol_7p5km_int_15min,icodmu,direct_ctw,15,linear,,7.5,2015.0,0.8744087334481963,1.121053283244235,2.63384451956187,2.8562349955044626
tol_7p5km_int_15min,icodmu,markov_order_1,15,linear,,7.5,2015.0,0.8240083945559378,1.4781441011792933,2.63384451956187,2.8562349955044626
tol_7p5km_int_15min,icodmu,markov_order_2,15,linear,,7.5,2015.0,0.8089076670287985,1.5799021322318214,2.63384451956187,2.8562349955044626
tol_7p5km_int_15min,icodmu,vq_ctw,15,linear,256.0,7.5,2015.0,1.0,0.0,9.79579111579896,9.79579111579896
tol_7p5km_int_15min,icodmu,vq_ctw,15,linear,512.0,7.5,2015.0,1.0,0.0,10.077381550181002,10.077381550181002
tol_7p5km_int_15min,icodmu,vq_ctw,15,linear,1024.0,7.5,2015.0,1.0,0.0,10.097727673866414,10.097727673866414
tol_7p5km_int_15min,ictlyp,direct_ctw,15,linear,,7.5,2014.0,0.9239528306635,0.7272227979027629,2.512270680931798,2.710308646024527
tol_7p5km_int_15min,ictlyp,direct_ctw,15,nearest,,7.5,81.0,0.9519947905294228,0.324457039832325,2.2533917134268897,2.4101479759695086
tol_7p5km_int_15min,ictlyp,markov_order_1,15,linear,,7.5,2014.0,0.8947650984183674,0.9546613618111156,2.512270680931798,2.710308646024527
tol_7p5km_int_15min,ictlyp,markov_order_1,15,nearest,,7.5,81.0,0.9559197733970868,0.3021949544962772,2.2533917134268897,2.4101479759695086
tol_7p5km_int_15min,ictlyp,markov_order_2,15,linear,,7.5,2014.0,0.8835538178092579,1.0383422934926092,2.512270680931798,2.710308646024527
tol_7p5km_int_15min,ictlyp,markov_order_2,15,nearest,,7.5,81.0,0.9564726805854312,0.2985840807936446,2.2533917134268897,2.4101479759695086
tol_7p5km_int_15min,ictlyp,vq_ctw,15,linear,256.0,7.5,2014.0,1.0,0.0,8.219915735225872,8.219915735225872
tol_7p5km_int_15min,ictlyp,vq_ctw,15,nearest,256.0,7.5,81.0,1.0,0.0,6.17287522534216,6.17287522534216
tol_7p5km_int_15min,ictlyp,vq_ctw,15,linear,512.0,7.5,2014.0,1.0,0.0,8.157656771187774,8.157656771187774
tol_7p5km_int_15min,ictlyp,vq_ctw,15,nearest,512.0,7.5,81.0,1.0,0.0,6.425970452049622,6.425970452049622
tol_7p5km_int_15min,ictlyp,vq_ctw,15,linear,1024.0,7.5,2014.0,1.0,0.0,8.178633686668752,8.178633686668752
tol_7p5km_int_15min,ictlyp,vq_ctw,15,nearest,1024.0,7.5,81.0,1.0,0.0,6.376531976438309,6.376531976438309
tol_7p5km_int_15min,ictmuo,direct_ctw,15,linear,,7.5,1766.0,0.9827090588941596,0.1807580207008465,2.513570672908781,2.669311146480943
tol_7p5km_int_15min,ictmuo,direct_ctw,15,nearest,,7.5,128.0,0.9634609439676364,0.3290510604011508,2.2722559146683445,2.438944912239334
tol_7p5km_int_15min,ictmuo,markov_order_1,15,linear,,7.5,1766.0,0.977483036548574,0.2267255137618253,2.513570672908781,2.669311146480943
tol_7p5km_int_15min,ictmuo,markov_order_1,15,nearest,,7.5,128.0,0.9414631549211716,0.4552029647992011,2.2722559146683445,2.438944912239334
tol_7p5km_int_15min,ictmuo,markov_order_2,15,linear,,7.5,1766.0,0.9759435264267752,0.2399045571222491,2.513570672908781,2.669311146480943
tol_7p5km_int_15min,ictmuo,markov_order_2,15,nearest,,7.5,128.0,0.9406312735143344,0.4692099903233874,2.2722559146683445,2.438944912239334
tol_7p5km_int_15min,ictmuo,vq_ctw,15,linear,256.0,7.5,1766.0,1.0,0.0,3.90398035870364,3.90398035870364
tol_7p5km_int_15min,ictmuo,vq_ctw,15,nearest,256.0,7.5,128.0,1.0,0.0,6.871058697694355,6.871058697694355
tol_7p5km_int_15min,ictmuo,vq_ctw,15,linear,512.0,7.5,1766.0,1.0,0.0,3.604725580299546,3.604725580299546
tol_7p5km_int_15min,ictmuo,vq_ctw,15,nearest,512.0,7.5,128.0,1.0,0.0,6.655793008368223,6.655793008368223
tol_7p5km_int_15min,ictmuo,vq_ctw,15,linear,1024.0,7.5,1766.0,1.0,0.0,3.5902472716502345,3.5902472716502345
tol_7p5km_int_15min,ictmuo,vq_ctw,15,nearest,1024.0,7.5,128.0,1.0,0.0,7.243236667788091,7.243236667788091
tol_7p5km_int_15min,icwiro,direct_ctw,15,linear,,7.5,2015.0,0.9214173044011416,0.7309790303711412,2.2623944685371984,2.4475018204681005
tol_7p5km_int_15min,icwiro,direct_ctw,15,nearest,,7.5,242.0,0.934014841894326,0.5273712107275517,2.35218781992546,2.504436330505422
tol_7p5km_int_15min,icwiro,markov_order_1,15,linear,,7.5,2015.0,0.897718499821281,0.9106707356909228,2.2623944685371984,2.4475018204681005
tol_7p5km_int_15min,icwiro,markov_order_1,15,nearest,,7.5,242.0,0.8939871415290949,0.7161587242432578,2.35218781992546,2.504436330505422
tol_7p5km_int_15min,icwiro,markov_order_2,15,linear,,7.5,2015.0,0.8867515926532629,0.9907080709378526,2.2623944685371984,2.4475018204681005
tol_7p5km_int_15min,icwiro,markov_order_2,15,nearest,,7.5,242.0,0.8884864308015166,0.7373503570697677,2.35218781992546,2.504436330505422
tol_7p5km_int_15min,icwiro,vq_ctw,15,linear,256.0,7.5,2015.0,1.0,0.0,7.578763246696129,7.578763246696129
tol_7p5km_int_15min,icwiro,vq_ctw,15,nearest,256.0,7.5,242.0,1.0,0.0,6.63675141647184,6.63675141647184
tol_7p5km_int_15min,icwiro,vq_ctw,15,linear,512.0,7.5,2015.0,1.0,0.0,7.276043548984234,7.276043548984234
tol_7p5km_int_15min,icwiro,vq_ctw,15,nearest,512.0,7.5,242.0,1.0,0.0,7.087126169554903,7.087126169554903
tol_7p5km_int_15min,icwiro,vq_ctw,15,linear,1024.0,7.5,2015.0,1.0,0.0,7.248792120187382,7.248792120187382
tol_7p5km_int_15min,icwiro,vq_ctw,15,nearest,1024.0,7.5,242.0,1.0,0.0,6.843824692198773,6.843824692198773
tol_7p5km_int_15min,idbayb,direct_ctw,15,linear,,7.5,2015.0,0.944577281755321,0.5200141779037648,2.2242191267401683,2.4069099042647046
tol_7p5km_int_15min,idbayb,direct_ctw,15,nearest,,7.5,39.0,0.9632240484925036,0.2640854968237126,2.1426409908110835,2.2871190541818165
tol_7p5km_int_15min,idbayb,markov_order_1,15,linear,,7.5,2015.0,0.9329226107211508,0.6103085781496659,2.2242191267401683,2.4069099042647046
tol_7p5km_int_15min,idbayb,markov_order_1,15,nearest,,7.5,39.0,0.9337824353124652,0.4178646658661073,2.1426409908110835,2.2871190541818165
tol_7p5km_int_15min,idbayb,markov_order_2,15,linear,,7.5,2015.0,0.9279284364593504,0.6480092182579121,2.2242191267401683,2.4069099042647046
tol_7p5km_int_15min,idbayb,markov_order_2,15,nearest,,7.5,39.0,0.9213885379713914,0.4758790553404407,2.1426409908110835,2.2871190541818165
tol_7p5km_int_15min,idbayb,vq_ctw,15,linear,256.0,7.5,2015.0,1.0,0.0,5.764065022311612,5.764065022311612
tol_7p5km_int_15min,idbayb,vq_ctw,15,nearest,256.0,7.5,39.0,1.0,0.0,5.638596209502983,5.638596209502983
tol_7p5km_int_15min,idbayb,vq_ctw,15,linear,512.0,7.5,2015.0,1.0,0.0,5.63006093917105,5.63006093917105
tol_7p5km_int_15min,idbayb,vq_ctw,15,nearest,512.0,7.5,39.0,1.0,0.0,5.281481788559797,5.281481788559797
tol_7p5km_int_15min,idbayb,vq_ctw,15,linear,1024.0,7.5,2015.0,1.0,0.0,5.62116995859875,5.62116995859875
tol_7p5km_int_15min,idbayb,vq_ctw,15,nearest,1024.0,7.5,39.0,1.0,0.0,5.6339473559960505,5.6339473559960505
tol_7p5km_int_15min,idcadg,direct_ctw,15,linear,,7.5,2014.0,0.9678734961625844,0.3160859970498318,2.736651326960749,2.9079603079462197
tol_7p5km_int_15min,idcadg,direct_ctw,15,nearest,,7.5,109.0,0.9414598568738864,0.4155721210214078,2.3030994444399733,2.501455526985701
tol_7p5km_int_15min,idcadg,markov_order_1,15,linear,,7.5,2014.0,0.9596524729558852,0.3834628359358658,2.736651326960749,2.9079603079462197
tol_7p5km_int_15min,idcadg,markov_order_1,15,nearest,,7.5,109.0,0.9253394728154052,0.4960173959745754,2.3030994444399733,2.501455526985701
tol_7p5km_int_15min,idcadg,markov_order_2,15,linear,,7.5,2014.0,0.9577991673131632,0.3982843873152801,2.736651326960749,2.9079603079462197
tol_7p5km_int_15min,idcadg,markov_order_2,15,nearest,,7.5,109.0,0.9144621356955944,0.5416671636441465,2.3030994444399733,2.501455526985701
tol_7p5km_int_15min,idcadg,vq_ctw,15,linear,256.0,7.5,2014.0,1.0,0.0,4.256994361318573,4.256994361318573
tol_7p5km_int_15min,idcadg,vq_ctw,15,nearest,256.0,7.5,109.0,1.0,0.0,5.807432418328961,5.807432418328961
tol_7p5km_int_15min,idcadg,vq_ctw,15,linear,512.0,7.5,2014.0,1.0,0.0,4.060389080348611,4.060389080348611
tol_7p5km_int_15min,idcadg,vq_ctw,15,nearest,512.0,7.5,109.0,1.0,0.0,5.757972871753467,5.757972871753467
tol_7p5km_int_15min,idcadg,vq_ctw,15,linear,1024.0,7.5,2014.0,1.0,0.0,4.063688251140042,4.063688251140042
tol_7p5km_int_15min,idcadg,vq_ctw,15,nearest,1024.0,7.5,109.0,1.0,0.0,5.690770894603771,5.690770894603771
tol_7p5km_int_15min,ideutg,direct_ctw,15,linear,,7.5,2015.0,0.946928755117385,0.5013638991173806,2.1936880254347515,2.3969956734406166
tol_7p5km_int_15min,ideutg,direct_ctw,15,nearest,,7.5,143.0,0.9567752169839558,0.3770070532736144,2.2098557449850404,2.370238991245738
tol_7p5km_int_15min,ideutg,markov_order_1,15,linear,,7.5,2015.0,0.9359812153552788,0.5869378410690971,2.1936880254347515,2.3969956734406166
tol_7p5km_int_15min,ideutg,markov_order_1,15,nearest,,7.5,143.0,0.9421813346206888,0.4543524523978967,2.2098557449850404,2.370238991245738
tol_7p5km_int_15min,ideutg,markov_order_2,15,linear,,7.5,2015.0,0.9298306822302536,0.6337146915870179,2.1936880254347515,2.3969956734406166
tol_7p5km_int_15min,ideutg,markov_order_2,15,nearest,,7.5,143.0,0.9340289609877974,0.4969282804994594,2.2098557449850404,2.370238991245738
tol_7p5km_int_15min,ideutg,vq_ctw,15,linear,256.0,7.5,2015.0,1.0,0.0,5.129454374985569,5.129454374985569
tol_7p5km_int_15min,ideutg,vq_ctw,15,nearest,256.0,7.5,143.0,1.0,0.0,5.891131537961497,5.891131537961497
tol_7p5km_int_15min,ideutg,vq_ctw,15,linear,512.0,7.5,2015.0,1.0,0.0,4.780573304602886,4.780573304602886
tol_7p5km_int_15min,ideutg,vq_ctw,15,nearest,512.0,7.5,143.0,1.0,0.0,5.755440236310784,5.755440236310784
tol_7p5km_int_15min,ideutg,vq_ctw,15,linear,1024.0,7.5,2015.0,1.0,0.0,4.738081774557839,4.738081774557839
tol_7p5km_int_15min,ideutg,vq_ctw,15,nearest,1024.0,7.5,143.0,1.0,0.0,5.926735649029162,5.926735649029162
tol_7p5km_int_15min,idholv,direct_ctw,15,linear,,7.5,2014.0,0.9484087083246904,0.4840290393024265,2.0770842811771093,2.257567315975533
tol_7p5km_int_15min,idholv,direct_ctw,15,nearest,,7.5,232.0,0.9396848780420626,0.4104899505591418,2.239131919844004,2.4123154187333533
tol_7p5km_int_15min,idholv,markov_order_1,15,linear,,7.5,2014.0,0.9374818943897826,0.5687052802603125,2.0770842811771093,2.257567315975533
tol_7p5km_int_15min,idholv,markov_order_1,15,nearest,,7.5,232.0,0.907236147295757,0.5624596891804898,2.239131919844004,2.4123154187333533
tol_7p5km_int_15min,idholv,markov_order_2,15,linear,,7.5,2014.0,0.931794204282642,0.6115835120388449,2.0770842811771093,2.257567315975533
tol_7p5km_int_15min,idholv,markov_order_2,15,nearest,,7.5,232.0,0.8988891059922429,0.5935202849651743,2.239131919844004,2.4123154187333533
tol_7p5km_int_15min,idholv,vq_ctw,15,linear,256.0,7.5,2014.0,1.0,0.0,5.201518718687634,5.201518718687634
tol_7p5km_int_15min,idholv,vq_ctw,15,nearest,256.0,7.5,232.0,1.0,0.0,6.380631591929951,6.380631591929951
tol_7p5km_int_15min,idholv,vq_ctw,15,linear,512.0,7.5,2014.0,1.0,0.0,4.899002395497702,4.899002395497702
tol_7p5km_int_15min,idholv,vq_ctw,15,nearest,512.0,7.5,232.0,1.0,0.0,6.302643887048871,6.302643887048871
tol_7p5km_int_15min,idholv,vq_ctw,15,linear,1024.0,7.5,2014.0,1.0,0.0,4.872408196253327,4.872408196253327
tol_7p5km_int_15min,idholv,vq_ctw,15,nearest,1024.0,7.5,232.0,1.0,0.0,6.407738760909343,6.407738760909343
tol_7p5km_int_15min,idjoat,direct_ctw,15,linear,,7.5,96.0,0.9325696912701904,0.5700090762792556,2.23525032014837,2.434591717901041
tol_7p5km_int_15min,idjoat,direct_ctw,15,nearest,,7.5,33.0,0.909076232695134,0.5836565005521951,2.4348799976185056,2.549781147243072
tol_7p5km_int_15min,idjoat,markov_order_1,15,linear,,7.5,96.0,0.8488690200895078,1.0917372322126624,2.23525032014837,2.434591717901041
tol_7p5km_int_15min,idjoat,markov_order_1,15,nearest,,7.5,33.0,0.851146351516243,0.842891560113257,2.4348799976185056,2.549781147243072
tol_7p5km_int_15min,idjoat,markov_order_2,15,linear,,7.5,96.0,0.828269649005304,1.206020156451349,2.23525032014837,2.434591717901041
tol_7p5km_int_15min,idjoat,markov_order_2,15,nearest,,7.5,33.0,0.836275339707991,0.902643574264864,2.4348799976185056,2.549781147243072
tol_7p5km_int_15min,idjoat,vq_ctw,15,linear,256.0,7.5,96.0,1.0,0.0,6.087496311805438,6.087496311805438
tol_7p5km_int_15min,idjoat,vq_ctw,15,nearest,256.0,7.5,33.0,1.0,0.0,7.710102410978382,7.710102410978382
tol_7p5km_int_15min,idjoat,vq_ctw,15,linear,512.0,7.5,96.0,1.0,0.0,5.710388940017599,5.710388940017599
tol_7p5km_int_15min,idjoat,vq_ctw,15,nearest,512.0,7.5,33.0,1.0,0.0,6.9301833240954736,6.9301833240954736
tol_7p5km_int_15min,idjoat,vq_ctw,15,linear,1024.0,7.5,96.0,1.0,0.0,5.711554737890391,5.711554737890391
tol_7p5km_int_15min,idjoat,vq_ctw,15,nearest,1024.0,7.5,33.0,1.0,0.0,8.18770166687448,8.18770166687448
tol_7p5km_int_15min,idjojw,direct_ctw,15,linear,,7.5,1456.0,0.992572629765088,0.0878820179319233,2.2732628267664348,2.4018412118141823
tol_7p5km_int_15min,idjojw,markov_order_1,15,linear,,7.5,1456.0,0.9879895825569536,0.1337419367851525,2.2732628267664348,2.4018412118141823
tol_7p5km_int_15min,idjojw,markov_order_2,15,linear,,7.5,1456.0,0.9861442950486262,0.1514145611075584,2.2732628267664348,2.4018412118141823
tol_7p5km_int_15min,idjojw,vq_ctw,15,linear,256.0,7.5,1456.0,1.0,0.0,3.8601865880345714,3.8601865880345714
tol_7p5km_int_15min,idjojw,vq_ctw,15,linear,512.0,7.5,1456.0,1.0,0.0,3.4795097117232974,3.4795097117232974
tol_7p5km_int_15min,idjojw,vq_ctw,15,linear,1024.0,7.5,1456.0,1.0,0.0,3.4706783862673256,3.4706783862673256
tol_7p5km_int_15min,idjokv,direct_ctw,15,linear,,7.5,2015.0,0.9480721026475428,0.5260996627408132,2.1552396967466265,2.362386720065514
tol_7p5km_int_15min,idjokv,direct_ctw,15,nearest,,7.5,228.0,0.916392951973406,0.5298099021517644,2.341038060436619,2.5269861938078666
tol_7p5km_int_15min,idjokv,markov_order_1,15,linear,,7.5,2015.0,0.9309976421346184,0.6699008653347889,2.1552396967466265,2.362386720065514
tol_7p5km_int_15min,idjokv,markov_order_1,15,nearest,,7.5,228.0,0.8698804379676489,0.750369626150974,2.341038060436619,2.5269861938078666
tol_7p5km_int_15min,idjokv,markov_order_2,15,linear,,7.5,2015.0,0.9212372774046104,0.7490414671459581,2.1552396967466265,2.362386720065514
tol_7p5km_int_15min,idjokv,markov_order_2,15,nearest,,7.5,228.0,0.8511582938794033,0.8268365746901917,2.341038060436619,2.5269861938078666
tol_7p5km_int_15min,idjokv,vq_ctw,15,linear,256.0,7.5,2015.0,1.0,0.0,5.815367678320484,5.815367678320484
tol_7p5km_int_15min,idjokv,vq_ctw,15,nearest,256.0,7.5,228.0,1.0,0.0,7.051163186184497,7.051163186184497
tol_7p5km_int_15min,idjokv,vq_ctw,15,linear,512.0,7.5,2015.0,1.0,0.0,5.5799582965550325,5.5799582965550325
tol_7p5km_int_15min,idjokv,vq_ctw,15,nearest,512.0,7.5,228.0,1.0,0.0,7.137471717720264,7.137471717720264
tol_7p5km_int_15min,idjokv,vq_ctw,15,linear,1024.0,7.5,2015.0,1.0,0.0,5.563534179731983,5.563534179731983
tol_7p5km_int_15min,idjokv,vq_ctw,15,nearest,1024.0,7.5,228.0,1.0,0.0,7.507808563626947,7.507808563626947
tol_7p5km_int_15min,idlorr,direct_ctw,15,linear,,7.5,2013.0,0.9251704296612524,0.6895566092794744,2.438065935697504,2.623513985697618
tol_7p5km_int_15min,idlorr,direct_ctw,15,nearest,,7.5,254.0,0.9036509631951856,0.6050758270678016,2.3649040903565504,2.561680971813012
tol_7p5km_int_15min,idlorr,markov_order_1,15,linear,,7.5,2013.0,0.901703797454608,0.8653533735146077,2.438065935697504,2.623513985697618
tol_7p5km_int_15min,idlorr,markov_order_1,15,nearest,,7.5,254.0,0.835293832505354,0.8719187263242809,2.3649040903565504,2.561680971813012
tol_7p5km_int_15min,idlorr,markov_order_2,15,linear,,7.5,2013.0,0.9003027685677077,0.8755438333233019,2.438065935697504,2.623513985697618
tol_7p5km_int_15min,idlorr,markov_order_2,15,nearest,,7.5,254.0,0.8344498235693774,0.87522072271722,2.3649040903565504,2.561680971813012
tol_7p5km_int_15min,idlorr,vq_ctw,15,linear,256.0,7.5,2013.0,1.0,0.0,6.656982694962942,6.656982694962942
tol_7p5km_int_15min,idlorr,vq_ctw,15,nearest,256.0,7.5,254.0,1.0,0.0,6.317746316084237,6.317746316084237
tol_7p5km_int_15min,idlorr,vq_ctw,15,linear,512.0,7.5,2013.0,1.0,0.0,6.694241779758706,6.694241779758706
tol_7p5km_int_15min,idlorr,vq_ctw,15,nearest,512.0,7.5,254.0,1.0,0.0,6.680597735100305,6.680597735100305
tol_7p5km_int_15min,idlorr,vq_ctw,15,linear,1024.0,7.5,2013.0,1.0,0.0,6.71121551861487,6.71121551861487
tol_7p5km_int_15min,idlorr,vq_ctw,15,nearest,1024.0,7.5,254.0,1.0,0.0,7.2104329527000575,7.2104329527000575
tol_7p5km_int_15min,idodly,direct_ctw,15,linear,,7.5,2012.0,0.9191686452241612,0.7544490708882616,2.3335182561415517,2.5428921184507987
tol_7p5km_int_15min,idodly,markov_order_1,15,linear,,7.5,2012.0,0.8933564719328706,0.9506137246703972,2.3335182561415517,2.5428921184507987
tol_7p5km_int_15min,idodly,markov_order_2,15,linear,,7.5,2012.0,0.8822194967644096,1.0319860251559554,2.3335182561415517,2.5428921184507987
tol_7p5km_int_15min,idodly,vq_ctw,15,linear,256.0,7.5,2012.0,1.0,0.0,7.582104611324395,7.582104611324395
tol_7p5km_int_15min,idodly,vq_ctw,15,linear,512.0,7.5,2012.0,1.0,0.0,7.497535539080476,7.497535539080476
tol_7p5km_int_15min,idodly,vq_ctw,15,linear,1024.0,7.5,2012.0,1.0,0.0,7.498079689870236,7.498079689870236
tol_7p5km_int_15min,idshyw,direct_ctw,15,linear,,7.5,1981.0,0.9538478284512184,0.4584664171692574,2.1650330491781413,2.385619197488058
tol_7p5km_int_15min,idshyw,direct_ctw,15,nearest,,7.5,247.0,0.9490810919587052,0.3964704760766117,2.25286315590612,2.409213685249024
tol_7p5km_int_15min,idshyw,markov_order_1,15,linear,,7.5,1981.0,0.937215118842722,0.5950329370833716,2.1650330491781413,2.385619197488058
tol_7p5km_int_15min,idshyw,markov_order_1,15,nearest,,7.5,247.0,0.9270132968960628,0.5234271826502801,2.25286315590612,2.409213685249024
tol_7p5km_int_15min,idshyw,markov_order_2,15,linear,,7.5,1981.0,0.9294754731227436,0.6561444237713095,2.1650330491781413,2.385619197488058
tol_7p5km_int_15min,idshyw,markov_order_2,15,nearest,,7.5,247.0,0.9208985947088228,0.5365489180847384,2.25286315590612,2.409213685249024
tol_7p5km_int_15min,idshyw,vq_ctw,15,linear,256.0,7.5,1981.0,1.0,0.0,6.409614191376754,6.409614191376754
tol_7p5km_int_15min,idshyw,vq_ctw,15,nearest,256.0,7.5,247.0,1.0,0.0,7.514955779539858,7.514955779539858
tol_7p5km_int_15min,idshyw,vq_ctw,15,linear,512.0,7.5,1981.0,1.0,0.0,6.265022343978554,6.265022343978554
tol_7p5km_int_15min,idshyw,vq_ctw,15,nearest,512.0,7.5,247.0,1.0,0.0,7.528876372286117,7.528876372286117
tol_7p5km_int_15min,idshyw,vq_ctw,15,linear,1024.0,7.5,1981.0,1.0,0.0,6.260865779853393,6.260865779853393
tol_7p5km_int_15min,idshyw,vq_ctw,15,nearest,1024.0,7.5,247.0,1.0,0.0,7.508621436231982,7.508621436231982
tol_7p5km_int_15min,idsmuk,direct_ctw,15,linear,,7.5,2015.0,0.9272413729332224,0.6852083605990956,2.1179994582732133,2.3254580724385723
tol_7p5km_int_15min,idsmuk,direct_ctw,15,nearest,,7.5,174.0,0.9066218193393196,0.5550284940629804,2.3376032721561244,2.5300242110261006
tol_7p5km_int_15min,idsmuk,markov_order_1,15,linear,,7.5,2015.0,0.9079625517616504,0.8342026457925581,2.1179994582732133,2.3254580724385723
tol_7p5km_int_15min,idsmuk,markov_order_1,15,nearest,,7.5,174.0,0.8736982815777743,0.700226721000347,2.3376032721561244,2.5300242110261006
tol_7p5km_int_15min,idsmuk,markov_order_2,15,linear,,7.5,2015.0,0.9012420439968244,0.8845626355605428,2.1179994582732133,2.3254580724385723
tol_7p5km_int_15min,idsmuk,markov_order_2,15,nearest,,7.5,174.0,0.8637701450664522,0.7416907559427017,2.3376032721561244,2.5300242110261006
tol_7p5km_int_15min,idsmuk,vq_ctw,15,linear,256.0,7.5,2015.0,1.0,0.0,6.425122398294154,6.425122398294154
tol_7p5km_int_15min,idsmuk,vq_ctw,15,nearest,256.0,7.5,174.0,1.0,0.0,7.674655396167569,7.674655396167569
tol_7p5km_int_15min,idsmuk,vq_ctw,15,linear,512.0,7.5,2015.0,1.0,0.0,6.318206785266838,6.318206785266838
tol_7p5km_int_15min,idsmuk,vq_ctw,15,nearest,512.0,7.5,174.0,1.0,0.0,8.025369586184864,8.025369586184864
tol_7p5km_int_15min,idsmuk,vq_ctw,15,linear,1024.0,7.5,2015.0,1.0,0.0,6.325035282835727,6.325035282835727
tol_7p5km_int_15min,idsmuk,vq_ctw,15,nearest,1024.0,7.5,174.0,1.0,0.0,8.782416588399537,8.782416588399537
tol_7p5km_int_15min,idtwal,direct_ctw,15,linear,,7.5,207.0,0.947662444638823,0.4315355577916379,2.1573955382999954,2.345854178105684
tol_7p5km_int_15min,idtwal,markov_order_1,15,linear,,7.5,207.0,0.9138790120187784,0.6460074245129316,2.1573955382999954,2.345854178105684
tol_7p5km_int_15min,idtwal,markov_order_2,15,linear,,7.5,207.0,0.9061068441652488,0.6920431533436473,2.1573955382999954,2.345854178105684
tol_7p5km_int_15min,idtwal,vq_ctw,15,linear,256.0,7.5,207.0,1.0,0.0,4.965298155392295,4.965298155392295
tol_7p5km_int_15min,idtwal,vq_ctw,15,linear,512.0,7.5,207.0,1.0,0.0,4.695586064853962,4.695586064853962
tol_7p5km_int_15min,idtwal,vq_ctw,15,linear,1024.0,7.5,207.0,1.0,0.0,4.672470635300931,4.672470635300931
tol_7p5km_int_15min,idvoww,direct_ctw,15,linear,,7.5,2015.0,0.9405155893755648,0.5866692259646791,2.212082419115492,2.406442737391069
tol_7p5km_int_15min,idvoww,direct_ctw,15,nearest,,7.5,198.0,0.9459412132492296,0.3841426731840694,2.2824199937411587,2.442431736927571
tol_7p5km_int_15min,idvoww,markov_order_1,15,linear,,7.5,2015.0,0.9236369720302432,0.7246432737531402,2.212082419115492,2.406442737391069
tol_7p5km_int_15min,idvoww,markov_order_1,15,nearest,,7.5,198.0,0.9223872372045124,0.5008759483204722,2.2824199937411587,2.442431736927571
tol_7p5km_int_15min,idvoww,markov_order_2,15,linear,,7.5,2015.0,0.9136912539243808,0.8031227843814472,2.212082419115492,2.406442737391069
tol_7p5km_int_15min,idvoww,markov_order_2,15,nearest,,7.5,198.0,0.9099229321676892,0.5587309742898363,2.2824199937411587,2.442431736927571
tol_7p5km_int_15min,idvoww,vq_ctw,15,linear,256.0,7.5,2015.0,1.0,0.0,5.885733761867621,5.885733761867621
tol_7p5km_int_15min,idvoww,vq_ctw,15,nearest,256.0,7.5,198.0,1.0,0.0,5.88389379585244,5.88389379585244
tol_7p5km_int_15min,idvoww,vq_ctw,15,linear,512.0,7.5,2015.0,1.0,0.0,5.688144657783001,5.688144657783001
tol_7p5km_int_15min,idvoww,vq_ctw,15,nearest,512.0,7.5,198.0,1.0,0.0,5.579390063062565,5.579390063062565
tol_7p5km_int_15min,idvoww,vq_ctw,15,linear,1024.0,7.5,2015.0,1.0,0.0,5.6823988769468645,5.6823988769468645
tol_7p5km_int_15min,idvoww,vq_ctw,15,nearest,1024.0,7.5,198.0,1.0,0.0,5.894930841266603,5.894930841266603
tol_7p5km_int_15min,ifanfa,direct_ctw,15,linear,,7.5,1984.0,0.9651904447518764,0.3467763137495031,2.1039696677303565,2.277897541713887
tol_7p5km_int_15min,ifanfa,direct_ctw,15,nearest,,7.5,106.0,0.9723526061811184,0.2864466386087199,2.049267526180292,2.2548267762952583
tol_7p5km_int_15min,ifanfa,markov_order_1,15,linear,,7.5,1984.0,0.9526376526619104,0.4503464488998873,2.1039696677303565,2.277897541713887
tol_7p5km_int_15min,ifanfa,markov_order_1,15,nearest,,7.5,106.0,0.956638632583476,0.3532780407024679,2.049267526180292,2.2548267762952583
tol_7p5km_int_15min,ifanfa,markov_order_2,15,linear,,7.5,1984.0,0.9491541407760564,0.4781313348371355,2.1039696677303565,2.277897541713887
tol_7p5km_int_15min,ifanfa,markov_order_2,15,nearest,,7.5,106.0,0.9583421762527138,0.3546643954021924,2.049267526180292,2.2548267762952583
tol_7p5km_int_15min,ifanfa,vq_ctw,15,linear,256.0,7.5,1984.0,1.0,0.0,5.833535758548031,5.833535758548031
tol_7p5km_int_15min,ifanfa,vq_ctw,15,nearest,256.0,7.5,106.0,1.0,0.0,5.887581781667192,5.887581781667192
tol_7p5km_int_15min,ifanfa,vq_ctw,15,linear,512.0,7.5,1984.0,1.0,0.0,5.771646255314237,5.771646255314237
tol_7p5km_int_15min,ifanfa,vq_ctw,15,nearest,512.0,7.5,106.0,1.0,0.0,5.680882300264664,5.680882300264664
tol_7p5km_int_15min,ifanfa,vq_ctw,15,linear,1024.0,7.5,1984.0,1.0,0.0,5.772705723453323,5.772705723453323
tol_7p5km_int_15min,ifanfa,vq_ctw,15,nearest,1024.0,7.5,106.0,1.0,0.0,6.2810304230030045,6.2810304230030045
tol_7p5km_int_15min,ifefro,direct_ctw,15,linear,,7.5,1791.0,0.935275774186305,0.6256530812940074,2.2077293407655536,2.3888151681646117
tol_7p5km_int_15min,ifefro,direct_ctw,15,nearest,,7.5,32.0,0.9625929905150612,0.2676814270147483,2.4796661398426965,2.6374122942864866
tol_7p5km_int_15min,ifefro,markov_order_1,15,linear,,7.5,1791.0,0.9085408572274004,0.8366014223995407,2.2077293407655536,2.3888151681646117
tol_7p5km_int_15min,ifefro,markov_order_1,15,nearest,,7.5,32.0,0.9181825704573208,0.4903682936917644,2.4796661398426965,2.6374122942864866
tol_7p5km_int_15min,ifefro,markov_order_2,15,linear,,7.5,1791.0,0.9030153613413074,0.8785242223318107,2.2077293407655536,2.3888151681646117
tol_7p5km_int_15min,ifefro,markov_order_2,15,nearest,,7.5,32.0,0.9388350368235796,0.3932170973263191,2.4796661398426965,2.6374122942864866
tol_7p5km_int_15min,ifefro,vq_ctw,15,linear,256.0,7.5,1791.0,1.0,0.0,6.150696549086163,6.150696549086163
tol_7p5km_int_15min,ifefro,vq_ctw,15,nearest,256.0,7.5,32.0,1.0,0.0,7.0251175310613725,7.0251175310613725
tol_7p5km_int_15min,ifefro,vq_ctw,15,linear,512.0,7.5,1791.0,1.0,0.0,6.073282298427777,6.073282298427777
tol_7p5km_int_15min,ifefro,vq_ctw,15,nearest,512.0,7.5,32.0,1.0,0.0,7.363024234080608,7.363024234080608
tol_7p5km_int_15min,ifefro,vq_ctw,15,linear,1024.0,7.5,1791.0,1.0,0.0,6.08486897756152,6.08486897756152
tol_7p5km_int_15min,ifefro,vq_ctw,15,nearest,1024.0,7.5,32.0,1.0,0.0,7.666859962956761,7.666859962956761
tol_7p5km_int_15min,ifelas,direct_ctw,15,linear,,7.5,2015.0,0.9202603009753838,0.7963074614859507,2.283484783386489,2.525356780841582
tol_7p5km_int_15min,ifelas,direct_ctw,15,nearest,,7.5,125.0,0.9591127355422052,0.3278478713884162,2.0689825360569114,2.2504015570307274
tol_7p5km_int_15min,ifelas,markov_order_1,15,linear,,7.5,2015.0,0.8682159094889269,1.215195092553592,2.283484783386489,2.525356780841582
tol_7p5km_int_15min,ifelas,markov_order_1,15,nearest,,7.5,125.0,0.9495368819949104,0.3887605234193707,2.0689825360569114,2.2504015570307274
tol_7p5km_int_15min,ifelas,markov_order_2,15,linear,,7.5,2015.0,0.8466612288022931,1.3778032684439556,2.283484783386489,2.525356780841582
tol_7p5km_int_15min,ifelas,markov_order_2,15,nearest,,7.5,125.0,0.9437054703517354,0.4235075270832352,2.0689825360569114,2.2504015570307274
tol_7p5km_int_15min,ifelas,vq_ctw,15,linear,256.0,7.5,2015.0,1.0,0.0,12.434708785269676,12.434708785269676
tol_7p5km_int_15min,ifelas,vq_ctw,15,nearest,256.0,7.5,125.0,1.0,0.0,5.431511484002078,5.431511484002078
tol_7p5km_int_15min,ifelas,vq_ctw,15,linear,512.0,7.5,2015.0,1.0,0.0,12.499904155363753,12.499904155363753
tol_7p5km_int_15min,ifelas,vq_ctw,15,nearest,512.0,7.5,125.0,1.0,0.0,5.521042345428024,5.521042345428024
tol_7p5km_int_15min,ifelas,vq_ctw,15,linear,1024.0,7.5,2015.0,1.0,0.0,11.117557179033952,11.117557179033952
tol_7p5km_int_15min,ifelas,vq_ctw,15,nearest,1024.0,7.5,125.0,1.0,0.0,6.023345146654012,6.023345146654012
tol_7p5km_int_15min,ifkald,direct_ctw,15,linear,,7.5,2015.0,0.9351333466320676,0.6513699589811293,2.102505570693346,2.31543223364044
tol_7p5km_int_15min,ifkald,direct_ctw,15,nearest,,7.5,47.0,0.8892162660478281,0.6130591538536811,1.9565931885020984,2.13995112402598
tol_7p5km_int_15min,ifkald,markov_order_1,15,linear,,7.5,2015.0,0.9084678030913907,0.8718050921506583,2.102505570693346,2.31543223364044
tol_7p5km_int_15min,ifkald,markov_order_1,15,nearest,,7.5,47.0,0.8582046686198849,0.7307167114777539,1.9565931885020984,2.13995112402598
tol_7p5km_int_15min,ifkald,markov_order_2,15,linear,,7.5,2015.0,0.8986943100745732,0.949302209768612,2.102505570693346,2.31543223364044
tol_7p5km_int_15min,ifkald,markov_order_2,15,nearest,,7.5,47.0,0.8429936145541849,0.7841059194295504,1.9565931885020984,2.13995112402598
tol_7p5km_int_15min,ifkald,vq_ctw,15,linear,256.0,7.5,2015.0,1.0,0.0,7.732303226309335,7.732303226309335
tol_7p5km_int_15min,ifkald,vq_ctw,15,nearest,256.0,7.5,47.0,1.0,0.0,5.621951124641757,5.621951124641757
tol_7p5km_int_15min,ifkald,vq_ctw,15,linear,512.0,7.5,2015.0,1.0,0.0,7.6149053822961745,7.6149053822961745
tol_7p5km_int_15min,ifkald,vq_ctw,15,nearest,512.0,7.5,47.0,1.0,0.0,5.817328078348824,5.817328078348824
tol_7p5km_int_15min,ifkald,vq_ctw,15,linear,1024.0,7.5,2015.0,1.0,0.0,7.605049047268041,7.605049047268041
tol_7p5km_int_15min,ifkald,vq_ctw,15,nearest,1024.0,7.5,47.0,1.0,0.0,5.886259834409328,5.886259834409328
tol_7p5km_int_15min,ifragc,direct_ctw,15,linear,,7.5,1987.0,0.9551279720899394,0.3988168049874111,2.503974271312776,2.6883743697889138
tol_7p5km_int_15min,ifragc,direct_ctw,15,nearest,,7.5,448.0,0.933395596761028,0.4757442848581175,2.304828168114938,2.482733963985932
tol_7p5km_int_15min,ifragc,markov_order_1,15,linear,,7.5,1987.0,0.94255036709276,0.4895854957904642,2.503974271312776,2.6883743697889138
tol_7p5km_int_15min,ifragc,markov_order_1,15,nearest,,7.5,448.0,0.8942899421406353,0.6490122376877612,2.304828168114938,2.482733963985932
tol_7p5km_int_15min,ifragc,markov_order_2,15,linear,,7.5,1987.0,0.9463136763361204,0.4629134324275717,2.503974271312776,2.6883743697889138
tol_7p5km_int_15min,ifragc,markov_order_2,15,nearest,,7.5,448.0,0.8831642469936606,0.6954300436059832,2.304828168114938,2.482733963985932
tol_7p5km_int_15min,ifragc,vq_ctw,15,linear,256.0,7.5,1987.0,1.0,0.0,5.697142716403811,5.697142716403811
tol_7p5km_int_15min,ifragc,vq_ctw,15,nearest,256.0,7.5,448.0,1.0,0.0,6.373213576489894,6.373213576489894
tol_7p5km_int_15min,ifragc,vq_ctw,15,linear,512.0,7.5,1987.0,1.0,0.0,5.657859562696802,5.657859562696802
tol_7p5km_int_15min,ifragc,vq_ctw,15,nearest,512.0,7.5,448.0,1.0,0.0,6.343501349917511,6.343501349917511
tol_7p5km_int_15min,ifragc,vq_ctw,15,linear,1024.0,7.5,1987.0,1.0,0.0,5.6618221719359365,5.6618221719359365
tol_7p5km_int_15min,ifragc,vq_ctw,15,nearest,1024.0,7.5,448.0,1.0,0.0,6.601443944584953,6.601443944584953
tol_7p5km_int_15min,igglit,direct_ctw,15,linear,,7.5,2015.0,0.9077065393786174,0.8726766701936701,2.325275186234748,2.524460963850586
tol_7p5km_int_15min,igglit,markov_order_1,15,linear,,7.5,2015.0,0.8744518368031791,1.128128967431136,2.325275186234748,2.524460963850586
tol_7p5km_int_15min,igglit,markov_order_2,15,linear,,7.5,2015.0,0.8597214632165642,1.2364011611364372,2.325275186234748,2.524460963850586
tol_7p5km_int_15min,igglit,vq_ctw,15,linear,256.0,7.5,2015.0,1.0,0.0,7.5595486454221374,7.5595486454221374
tol_7p5km_int_15min,igglit,vq_ctw,15,linear,512.0,7.5,2015.0,1.0,0.0,7.519909737709796,7.519909737709796
tol_7p5km_int_15min,igglit,vq_ctw,15,linear,1024.0,7.5,2015.0,1.0,0.0,7.532149391763209,7.532149391763209
tol_7p5km_int_15min,igsoys,direct_ctw,15,linear,,7.5,2015.0,0.9123165393967548,0.8197082719193559,2.3997505146638303,2.5970654452197253
tol_7p5km_int_15min,igsoys,direct_ctw,15,nearest,,7.5,113.0,0.9028272751310976,0.6539052842817467,2.261580614018661,2.461656045790399
tol_7p5km_int_15min,igsoys,markov_order_1,15,linear,,7.5,2015.0,0.8850701331968168,1.0271310249665666,2.3997505146638303,2.5970654452197253
tol_7p5km_int_15min,igsoys,markov_order_1,15,nearest,,7.5,113.0,0.8120235111470588,1.0654826403905766,2.261580614018661,2.461656045790399
tol_7p5km_int_15min,igsoys,markov_order_2,15,linear,,7.5,2015.0,0.870588275574105,1.1329253626944389,2.3997505146638303,2.5970654452197253
tol_7p5km_int_15min,igsoys,markov_order_2,15,nearest,,7.5,113.0,0.8210545422238124,1.0308148498927203,2.261580614018661,2.461656045790399
tol_7p5km_int_15min,igsoys,vq_ctw,15,linear,256.0,7.5,2015.0,1.0,0.0,6.660110831455404,6.660110831455404
tol_7p5km_int_15min,igsoys,vq_ctw,15,nearest,256.0,7.5,113.0,1.0,0.0,8.319385245236651,8.319385245236651
tol_7p5km_int_15min,igsoys,vq_ctw,15,linear,512.0,7.5,2015.0,1.0,0.0,6.505441799408057,6.505441799408057
tol_7p5km_int_15min,igsoys,vq_ctw,15,nearest,512.0,7.5,113.0,1.0,0.0,8.5366155068856,8.5366155068856
tol_7p5km_int_15min,igsoys,vq_ctw,15,linear,1024.0,7.5,2015.0,1.0,0.0,6.485458191631379,6.485458191631379
tol_7p5km_int_15min,igsoys,vq_ctw,15,nearest,1024.0,7.5,113.0,1.0,0.0,10.31538777833286,10.31538777833286
tol_7p5km_int_15min,igvidt,direct_ctw,15,linear,,7.5,2014.0,0.9382712411307114,0.6095447399487512,2.177678107818116,2.3676213294584394
tol_7p5km_int_15min,igvidt,direct_ctw,15,nearest,,7.5,160.0,0.937872089208226,0.424369660313095,2.2910289934931414,2.455170453579176
tol_7p5km_int_15min,igvidt,markov_order_1,15,linear,,7.5,2014.0,0.917737896989894,0.7769423467588082,2.177678107818116,2.3676213294584394
tol_7p5km_int_15min,igvidt,markov_order_1,15,nearest,,7.5,160.0,0.8892796154969996,0.6368440060339531,2.2910289934931414,2.455170453579176
tol_7p5km_int_15min,igvidt,markov_order_2,15,linear,,7.5,2014.0,0.908247366735943,0.851457574306487,2.177678107818116,2.3676213294584394
tol_7p5km_int_15min,igvidt,markov_order_2,15,nearest,,7.5,160.0,0.8850284664087038,0.6526028853908896,2.2910289934931414,2.455170453579176
tol_7p5km_int_15min,igvidt,vq_ctw,15,linear,256.0,7.5,2014.0,1.0,0.0,6.348920490839531,6.348920490839531
tol_7p5km_int_15min,igvidt,vq_ctw,15,nearest,256.0,7.5,160.0,1.0,0.0,6.104602488690231,6.104602488690231
tol_7p5km_int_15min,igvidt,vq_ctw,15,linear,512.0,7.5,2014.0,1.0,0.0,6.16796079687049,6.16796079687049
tol_7p5km_int_15min,igvidt,vq_ctw,15,nearest,512.0,7.5,160.0,1.0,0.0,6.253641166761471,6.253641166761471
tol_7p5km_int_15min,igvidt,vq_ctw,15,linear,1024.0,7.5,2014.0,1.0,0.0,6.159255489852459,6.159255489852459
tol_7p5km_int_15min,igvidt,vq_ctw,15,nearest,1024.0,7.5,160.0,1.0,0.0,6.579209148270884,6.579209148270884
tol_7p5km_int_15min,ijcoga,direct_ctw,15,linear,,7.5,2014.0,0.9534305132683611,0.4619927024849069,2.08488910637648,2.278150908484241
tol_7p5km_int_15min,ijcoga,direct_ctw,15,nearest,,7.5,622.0,0.9589622275639512,0.3264685183833657,2.1340428347982834,2.3150085467681145
tol_7p5km_int_15min,ijcoga,markov_order_1,15,linear,,7.5,2014.0,0.940062695327499,0.5721874974496324,2.08488910637648,2.278150908484241
tol_7p5km_int_15min,ijcoga,markov_order_1,15,nearest,,7.5,622.0,0.9407117757687734,0.4095890766443126,2.1340428347982834,2.3150085467681145
tol_7p5km_int_15min,ijcoga,markov_order_2,15,linear,,7.5,2014.0,0.9322312308059276,0.6345437464608157,2.08488910637648,2.278150908484241
tol_7p5km_int_15min,ijcoga,markov_order_2,15,nearest,,7.5,622.0,0.9403238751096824,0.417140318619776,2.1340428347982834,2.3150085467681145
tol_7p5km_int_15min,ijcoga,vq_ctw,15,linear,256.0,7.5,2014.0,1.0,0.0,5.655709783563779,5.655709783563779
tol_7p5km_int_15min,ijcoga,vq_ctw,15,nearest,256.0,7.5,622.0,1.0,0.0,5.856794548394755,5.856794548394755
tol_7p5km_int_15min,ijcoga,vq_ctw,15,linear,512.0,7.5,2014.0,1.0,0.0,5.3641242846278985,5.3641242846278985
tol_7p5km_int_15min,ijcoga,vq_ctw,15,nearest,512.0,7.5,622.0,1.0,0.0,5.9661681475135335,5.9661681475135335
tol_7p5km_int_15min,ijcoga,vq_ctw,15,linear,1024.0,7.5,2014.0,1.0,0.0,5.346061775349378,5.346061775349378
tol_7p5km_int_15min,ijcoga,vq_ctw,15,nearest,1024.0,7.5,622.0,1.0,0.0,6.114749493733104,6.114749493733104
tol_7p5km_int_15min,ijdeyd,direct_ctw,15,linear,,7.5,2015.0,0.9387788637969016,0.5653640158849097,2.1436605320435795,2.347604176743132
tol_7p5km_int_15min,ijdeyd,direct_ctw,15,nearest,,7.5,308.0,0.93218437485412,0.4491470332123156,2.1138138025106032,2.3143405516288023
tol_7p5km_int_15min,ijdeyd,markov_order_1,15,linear,,7.5,2015.0,0.9273682022313188,0.6522041615009826,2.1436605320435795,2.347604176743132
tol_7p5km_int_15min,ijdeyd,markov_order_1,15,nearest,,7.5,308.0,0.8990771823650432,0.5922352570429302,2.1138138025106032,2.3143405516288023
tol_7p5km_int_15min,ijdeyd,markov_order_2,15,linear,,7.5,2015.0,0.920360041490381,0.7041268774996791,2.1436605320435795,2.347604176743132
tol_7p5km_int_15min,ijdeyd,markov_order_2,15,nearest,,7.5,308.0,0.8896513616641125,0.6332441077781701,2.1138138025106032,2.3143405516288023
tol_7p5km_int_15min,ijdeyd,vq_ctw,15,linear,256.0,7.5,2015.0,1.0,0.0,5.093677180887215,5.093677180887215
tol_7p5km_int_15min,ijdeyd,vq_ctw,15,nearest,256.0,7.5,308.0,1.0,0.0,5.86984047832513,5.86984047832513
tol_7p5km_int_15min,ijdeyd,vq_ctw,15,linear,512.0,7.5,2015.0,1.0,0.0,4.785467488034655,4.785467488034655
tol_7p5km_int_15min,ijdeyd,vq_ctw,15,nearest,512.0,7.5,308.0,1.0,0.0,5.927405965022223,5.927405965022223
tol_7p5km_int_15min,ijdeyd,vq_ctw,15,linear,1024.0,7.5,2015.0,1.0,0.0,4.758369206523232,4.758369206523232
tol_7p5km_int_15min,ijdeyd,vq_ctw,15,nearest,1024.0,7.5,308.0,1.0,0.0,6.396439177669161,6.396439177669161
tol_7p5km_int_15min,ijhigo,direct_ctw,15,linear,,7.5,2015.0,0.9075730095783944,0.8439821363804837,2.370806918558274,2.5653011522375646
tol_7p5km_int_15min,ijhigo,direct_ctw,15,nearest,,7.5,250.0,0.91604838247514,0.5154533177383601,2.4842940146891768,2.6217739961382205
tol_7p5km_int_15min,ijhigo,markov_order_1,15,linear,,7.5,2015.0,0.8797465738599975,1.0498155534549958,2.370806918558274,2.5653011522375646
tol_7p5km_int_15min,ijhigo,markov_order_1,15,nearest,,7.5,250.0,0.8787893905874217,0.6672535633980936,2.4842940146891768,2.6217739961382205
tol_7p5km_int_15min,ijhigo,markov_order_2,15,linear,,7.5,2015.0,0.8743544369637464,1.0884051121184877,2.370806918558274,2.5653011522375646
tol_7p5km_int_15min,ijhigo,markov_order_2,15,nearest,,7.5,250.0,0.8688557742246965,0.707200494201568,2.4842940146891768,2.6217739961382205
tol_7p5km_int_15min,ijhigo,vq_ctw,15,linear,256.0,7.5,2015.0,1.0,0.0,6.796020585650879,6.796020585650879
tol_7p5km_int_15min,ijhigo,vq_ctw,15,nearest,256.0,7.5,250.0,1.0,0.0,6.9428879796127685,6.9428879796127685
tol_7p5km_int_15min,ijhigo,vq_ctw,15,linear,512.0,7.5,2015.0,1.0,0.0,6.786104855196427,6.786104855196427
tol_7p5km_int_15min,ijhigo,vq_ctw,15,nearest,512.0,7.5,250.0,1.0,0.0,7.138771946398229,7.138771946398229
tol_7p5km_int_15min,ijhigo,vq_ctw,15,linear,1024.0,7.5,2015.0,1.0,0.0,6.792417796749862,6.792417796749862
tol_7p5km_int_15min,ijhigo,vq_ctw,15,nearest,1024.0,7.5,250.0,1.0,0.0,7.847191735894047,7.847191735894047
tol_7p5km_int_15min,ijhipv,direct_ctw,15,linear,,7.5,2015.0,0.9491221570342644,0.4888884982756353,2.160667761450996,2.347586481418353
tol_7p5km_int_15min,ijhipv,direct_ctw,15,nearest,,7.5,364.0,0.9296495224628422,0.4457813825335176,2.265153288864807,2.434870544092845
tol_7p5km_int_15min,ijhipv,markov_order_1,15,linear,,7.5,2015.0,0.9373678380352778,0.5825031986257775,2.160667761450996,2.347586481418353
tol_7p5km_int_15min,ijhipv,markov_order_1,15,nearest,,7.5,364.0,0.8970204786491893,0.5939579268004699,2.265153288864807,2.434870544092845
tol_7p5km_int_15min,ijhipv,markov_order_2,15,linear,,7.5,2015.0,0.9328169906503246,0.6177988188722383,2.160667761450996,2.347586481418353
tol_7p5km_int_15min,ijhipv,markov_order_2,15,nearest,,7.5,364.0,0.8915306319515546,0.6180095982464882,2.265153288864807,2.434870544092845
tol_7p5km_int_15min,ijhipv,vq_ctw,15,linear,256.0,7.5,2015.0,1.0,0.0,5.307143821067114,5.307143821067114
tol_7p5km_int_15min,ijhipv,vq_ctw,15,nearest,256.0,7.5,364.0,1.0,0.0,5.814786042821956,5.814786042821956
tol_7p5km_int_15min,ijhipv,vq_ctw,15,linear,512.0,7.5,2015.0,1.0,0.0,5.0308094898033975,5.0308094898033975
tol_7p5km_int_15min,ijhipv,vq_ctw,15,nearest,512.0,7.5,364.0,1.0,0.0,6.148177322269583,6.148177322269583
tol_7p5km_int_15min,ijhipv,vq_ctw,15,linear,1024.0,7.5,2015.0,1.0,0.0,5.008866971265888,5.008866971265888
tol_7p5km_int_15min,ijhipv,vq_ctw,15,nearest,1024.0,7.5,364.0,1.0,0.0,6.608874856675073,6.608874856675073
tol_7p5km_int_15min,ijpiaw,direct_ctw,15,linear,,7.5,2015.0,0.9408250781698648,0.5918423478800587,2.2149659639408683,2.412801651768145
tol_7p5km_int_15min,ijpiaw,direct_ctw,15,nearest,,7.5,75.0,0.8920360724061337,0.7264457683510837,2.2159587000955683,2.446809181514315
tol_7p5km_int_15min,ijpiaw,markov_order_1,15,linear,,7.5,2015.0,0.920847086613389,0.7572404802964545,2.2149659639408683,2.412801651768145
tol_7p5km_int_15min,ijpiaw,markov_order_1,15,nearest,,7.5,75.0,0.8039350492827104,1.1386364156181912,2.2159587000955683,2.446809181514315
tol_7p5km_int_15min,ijpiaw,markov_order_2,15,linear,,7.5,2015.0,0.9107936896899416,0.8373452927317678,2.2149659639408683,2.412801651768145
tol_7p5km_int_15min,ijpiaw,markov_order_2,15,nearest,,7.5,75.0,0.7841944966347015,1.2197985571491166,2.2159587000955683,2.446809181514315
tol_7p5km_int_15min,ijpiaw,vq_ctw,15,linear,256.0,7.5,2015.0,1.0,0.0,6.782544913348864,6.782544913348864
tol_7p5km_int_15min,ijpiaw,vq_ctw,15,nearest,256.0,7.5,75.0,1.0,0.0,7.586204135913097,7.586204135913097
tol_7p5km_int_15min,ijpiaw,vq_ctw,15,linear,512.0,7.5,2015.0,1.0,0.0,6.671535358226332,6.671535358226332
tol_7p5km_int_15min,ijpiaw,vq_ctw,15,nearest,512.0,7.5,75.0,1.0,0.0,7.205360951262648,7.205360951262648
tol_7p5km_int_15min,ijpiaw,vq_ctw,15,linear,1024.0,7.5,2015.0,1.0,0.0,6.094454700119785,6.094454700119785
tol_7p5km_int_15min,ijpiaw,vq_ctw,15,nearest,1024.0,7.5,75.0,1.0,0.0,8.781537712419734,8.781537712419734
tol_7p5km_int_15min,ijpruk,direct_ctw,15,linear,,7.5,2015.0,0.9351663246771232,0.6056759004520178,2.226714239674816,2.4102163917250503
tol_7p5km_int_15min,ijpruk,direct_ctw,15,nearest,,7.5,107.0,0.9602802607314488,0.4417359142449997,2.2627895438142414,2.461453604861492
tol_7p5km_int_15min,ijpruk,markov_order_1,15,linear,,7.5,2015.0,0.921491457905243,0.7109361877698225,2.226714239674816,2.4102163917250503
tol_7p5km_int_15min,ijpruk,markov_order_1,15,nearest,,7.5,107.0,0.949468597157097,0.5156130268863773,2.2627895438142414,2.461453604861492
tol_7p5km_int_15min,ijpruk,markov_order_2,15,linear,,7.5,2015.0,0.915988600026217,0.7522038443466369,2.226714239674816,2.4102163917250503
tol_7p5km_int_15min,ijpruk,markov_order_2,15,nearest,,7.5,107.0,0.959610853332658,0.4623967678112357,2.2627895438142414,2.461453604861492
tol_7p5km_int_15min,ijpruk,vq_ctw,15,linear,256.0,7.5,2015.0,1.0,0.0,5.379839902697335,5.379839902697335
tol_7p5km_int_15min,ijpruk,vq_ctw,15,nearest,256.0,7.5,107.0,1.0,0.0,7.5120549711008495,7.5120549711008495
tol_7p5km_int_15min,ijpruk,vq_ctw,15,linear,512.0,7.5,2015.0,1.0,0.0,5.178098627643731,5.178098627643731
tol_7p5km_int_15min,ijpruk,vq_ctw,15,nearest,512.0,7.5,107.0,1.0,0.0,7.360909379219414,7.360909379219414
tol_7p5km_int_15min,ijpruk,vq_ctw,15,linear,1024.0,7.5,2015.0,1.0,0.0,5.171207062153639,5.171207062153639
tol_7p5km_int_15min,ijpruk,vq_ctw,15,nearest,1024.0,7.5,107.0,1.0,0.0,7.84260946128429,7.84260946128429
tol_7p5km_int_15min,ijthin,direct_ctw,15,linear,,7.5,1995.0,0.9475390293510062,0.5234929465676753,2.0774012847767813,2.279831959209252
tol_7p5km_int_15min,ijthin,direct_ctw,15,nearest,,7.5,121.0,0.9640892275108612,0.2644434828709341,2.1175611128660745,2.258588637454083
tol_7p5km_int_15min,ijthin,markov_order_1,15,linear,,7.5,1995.0,0.9274023978205698,0.6893050820554056,2.0774012847767813,2.279831959209252
tol_7p5km_int_15min,ijthin,markov_order_1,15,nearest,,7.5,121.0,0.9556976356592672,0.3100294861983376,2.1175611128660745,2.258588637454083
tol_7p5km_int_15min,ijthin,markov_order_2,15,linear,,7.5,1995.0,0.9189312590743418,0.7563070846991967,2.0774012847767813,2.279831959209252
tol_7p5km_int_15min,ijthin,markov_order_2,15,nearest,,7.5,121.0,0.9585157247965383,0.2985244427317777,2.1175611128660745,2.258588637454083
tol_7p5km_int_15min,ijthin,vq_ctw,15,linear,256.0,7.5,1995.0,1.0,0.0,6.51775203720868,6.51775203720868
tol_7p5km_int_15min,ijthin,vq_ctw,15,nearest,256.0,7.5,121.0,1.0,0.0,5.615799234677816,5.615799234677816
tol_7p5km_int_15min,ijthin,vq_ctw,15,linear,512.0,7.5,1995.0,1.0,0.0,6.36472291580036,6.36472291580036
tol_7p5km_int_15min,ijthin,vq_ctw,15,nearest,512.0,7.5,121.0,1.0,0.0,5.621731871199915,5.621731871199915
tol_7p5km_int_15min,ijthin,vq_ctw,15,linear,1024.0,7.5,1995.0,1.0,0.0,6.3548289928343245,6.3548289928343245
tol_7p5km_int_15min,ijthin,vq_ctw,15,nearest,1024.0,7.5,121.0,1.0,0.0,5.584154135992209,5.584154135992209
tol_7p5km_int_15min,ijtowh,direct_ctw,15,linear,,7.5,2015.0,0.9357732142516776,0.6118209116832907,2.176030886948148,2.383913095834048
tol_7p5km_int_15min,ijtowh,direct_ctw,15,nearest,,7.5,142.0,0.9420227409346796,0.4773311269595833,2.3459989371895085,2.511456731419286
tol_7p5km_int_15min,ijtowh,markov_order_1,15,linear,,7.5,2015.0,0.917732615692404,0.7531673236621467,2.176030886948148,2.383913095834048
tol_7p5km_int_15min,ijtowh,markov_order_1,15,nearest,,7.5,142.0,0.8935671899706218,0.701306687138137,2.3459989371895085,2.511456731419286
tol_7p5km_int_15min,ijtowh,markov_order_2,15,linear,,7.5,2015.0,0.9095949364992516,0.8148027576739356,2.176030886948148,2.383913095834048
tol_7p5km_int_15min,ijtowh,markov_order_2,15,nearest,,7.5,142.0,0.8866856172865396,0.7374797725427755,2.3459989371895085,2.511456731419286
tol_7p5km_int_15min,ijtowh,vq_ctw,15,linear,256.0,7.5,2015.0,1.0,0.0,6.019839259739134,6.019839259739134
tol_7p5km_int_15min,ijtowh,vq_ctw,15,nearest,256.0,7.5,142.0,1.0,0.0,6.819153644893015,6.819153644893015
tol_7p5km_int_15min,ijtowh,vq_ctw,15,linear,512.0,7.5,2015.0,1.0,0.0,5.8410707033257445,5.8410707033257445
tol_7p5km_int_15min,ijtowh,vq_ctw,15,nearest,512.0,7.5,142.0,1.0,0.0,6.960280303615635,6.960280303615635
tol_7p5km_int_15min,ijtowh,vq_ctw,15,linear,1024.0,7.5,2015.0,1.0,0.0,5.818408424193748,5.818408424193748
tol_7p5km_int_15min,ijtowh,vq_ctw,15,nearest,1024.0,7.5,142.0,1.0,0.0,6.915949845300967,6.915949845300967
tol_7p5km_int_15min,ikdagc,direct_ctw,15,linear,,7.5,2003.0,0.9550136815805668,0.4485846340459181,2.01198210667671,2.2258645521046545
tol_7p5km_int_15min,ikdagc,markov_order_1,15,linear,,7.5,2003.0,0.9372445017643608,0.5947982347546252,2.01198210667671,2.2258645521046545
tol_7p5km_int_15min,ikdagc,markov_order_2,15,linear,,7.5,2003.0,0.9280294548071276,0.6674116098560302,2.01198210667671,2.2258645521046545
tol_7p5km_int_15min,ikdagc,vq_ctw,15,linear,256.0,7.5,2003.0,1.0,0.0,7.0067074860286045,7.0067074860286045
tol_7p5km_int_15min,ikdagc,vq_ctw,15,linear,512.0,7.5,2003.0,1.0,0.0,6.673191548153467,6.673191548153467
tol_7p5km_int_15min,ikdagc,vq_ctw,15,linear,1024.0,7.5,2003.0,1.0,0.0,6.661920174065189,6.661920174065189
tol_7p5km_int_15min,ikkimm,direct_ctw,15,linear,,7.5,2013.0,0.932758776019044,0.6638415521798934,2.133047521020906,2.3216722563765595
tol_7p5km_int_15min,ikkimm,direct_ctw,15,nearest,,7.5,336.0,0.9656844253118464,0.3231528706802855,2.183071474296214,2.355450997529607
tol_7p5km_int_15min,ikkimm,markov_order_1,15,linear,,7.5,2013.0,0.9096259431672472,0.8520788008777275,2.133047521020906,2.3216722563765595
tol_7p5km_int_15min,ikkimm,markov_order_1,15,nearest,,7.5,336.0,0.9559920313096012,0.3875644055664113,2.183071474296214,2.355450997529607
tol_7p5km_int_15min,ikkimm,markov_order_2,15,linear,,7.5,2013.0,0.8981489927092521,0.9418188850471536,2.133047521020906,2.3216722563765595
tol_7p5km_int_15min,ikkimm,markov_order_2,15,nearest,,7.5,336.0,0.951509235792418,0.4141390886149778,2.183071474296214,2.355450997529607
tol_7p5km_int_15min,ikkimm,vq_ctw,15,linear,256.0,7.5,2013.0,1.0,0.0,6.923457513744548,6.923457513744548
tol_7p5km_int_15min,ikkimm,vq_ctw,15,nearest,256.0,7.5,336.0,1.0,0.0,6.264507142408924,6.264507142408924
tol_7p5km_int_15min,ikkimm,vq_ctw,15,linear,512.0,7.5,2013.0,1.0,0.0,6.781850190564192,6.781850190564192
tol_7p5km_int_15min,ikkimm,vq_ctw,15,nearest,512.0,7.5,336.0,1.0,0.0,6.184409189922059,6.184409189922059
tol_7p5km_int_15min,ikkimm,vq_ctw,15,linear,1024.0,7.5,2013.0,1.0,0.0,6.777152023022049,6.777152023022049
tol_7p5km_int_15min,ikkimm,vq_ctw,15,nearest,1024.0,7.5,336.0,1.0,0.0,6.441988488982133,6.441988488982133
tol_7p5km_int_15min,ikujfu,direct_ctw,15,linear,,7.5,2015.0,0.9572929951673308,0.4171696538908296,2.175753960855717,2.3311462814990818
tol_7p5km_int_15min,ikujfu,direct_ctw,15,nearest,,7.5,199.0,0.938277843644884,0.4346177876191524,2.283472263534668,2.426109428986945
tol_7p5km_int_15min,ikujfu,markov_order_1,15,linear,,7.5,2015.0,0.946081333036108,0.5081030277752856,2.175753960855717,2.3311462814990818
tol_7p5km_int_15min,ikujfu,markov_order_1,15,nearest,,7.5,199.0,0.9138177205163922,0.5573038803762349,2.283472263534668,2.426109428986945
tol_7p5km_int_15min,ikujfu,markov_order_2,15,linear,,7.5,2015.0,0.9403525182561058,0.5531430942169439,2.175753960855717,2.3311462814990818
tol_7p5km_int_15min,ikujfu,markov_order_2,15,nearest,,7.5,199.0,0.9022843976970248,0.6082484454928674,2.283472263534668,2.426109428986945
tol_7p5km_int_15min,ikujfu,vq_ctw,15,linear,256.0,7.5,2015.0,1.0,0.0,5.240273070645717,5.240273070645717
tol_7p5km_int_15min,ikujfu,vq_ctw,15,nearest,256.0,7.5,199.0,1.0,0.0,6.122340365646235,6.122340365646235
tol_7p5km_int_15min,ikujfu,vq_ctw,15,linear,512.0,7.5,2015.0,1.0,0.0,4.884914708598439,4.884914708598439
tol_7p5km_int_15min,ikujfu,vq_ctw,15,nearest,512.0,7.5,199.0,1.0,0.0,6.143667483025703,6.143667483025703
tol_7p5km_int_15min,ikujfu,vq_ctw,15,linear,1024.0,7.5,2015.0,1.0,0.0,4.850678103765393,4.850678103765393
tol_7p5km_int_15min,ikujfu,vq_ctw,15,nearest,1024.0,7.5,199.0,1.0,0.0,6.033164188831638,6.033164188831638
tol_7p5km_int_15min,ilcoby,direct_ctw,15,linear,,7.5,2015.0,0.9060363684685464,0.9012798479904286,2.2022761894544907,2.438388097434113
tol_7p5km_int_15min,ilcoby,direct_ctw,15,nearest,,7.5,182.0,0.9055008904293196,0.5793717987444675,2.25268596915211,2.436277167534532
tol_7p5km_int_15min,ilcoby,markov_order_1,15,linear,,7.5,2015.0,0.8665642416446588,1.2082590833319766,2.2022761894544907,2.438388097434113
tol_7p5km_int_15min,ilcoby,markov_order_1,15,nearest,,7.5,182.0,0.8634747987902288,0.7617008324778192,2.25268596915211,2.436277167534532
tol_7p5km_int_15min,ilcoby,markov_order_2,15,linear,,7.5,2015.0,0.8514885980978097,1.3200495351738373,2.2022761894544907,2.438388097434113
tol_7p5km_int_15min,ilcoby,markov_order_2,15,nearest,,7.5,182.0,0.8510716539003599,0.8105993272918666,2.25268596915211,2.436277167534532
tol_7p5km_int_15min,ilcoby,vq_ctw,15,linear,256.0,7.5,2015.0,1.0,0.0,8.611731011285837,8.611731011285837
tol_7p5km_int_15min,ilcoby,vq_ctw,15,nearest,256.0,7.5,182.0,1.0,0.0,6.129540946404253,6.129540946404253
tol_7p5km_int_15min,ilcoby,vq_ctw,15,linear,512.0,7.5,2015.0,1.0,0.0,8.649770039605237,8.649770039605237
tol_7p5km_int_15min,ilcoby,vq_ctw,15,nearest,512.0,7.5,182.0,1.0,0.0,6.373020207836187,6.373020207836187
tol_7p5km_int_15min,ilcoby,vq_ctw,15,linear,1024.0,7.5,2015.0,1.0,0.0,8.661596719565704,8.661596719565704
tol_7p5km_int_15min,ilcoby,vq_ctw,15,nearest,1024.0,7.5,182.0,1.0,0.0,7.530991719581147,7.530991719581147
tol_7p5km_int_15min,ilkble,direct_ctw,15,linear,,7.5,2015.0,0.9129469729951706,0.7747680568612388,2.5042376118362166,2.6905007885800454
tol_7p5km_int_15min,ilkble,direct_ctw,15,nearest,,7.5,77.0,0.9179555572672132,0.5333104631184639,2.2063850404154106,2.4138413487808847
tol_7p5km_int_15min,ilkble,markov_order_1,15,linear,,7.5,2015.0,0.8879335893426714,0.9543832273718932,2.5042376118362166,2.6905007885800454
tol_7p5km_int_15min,ilkble,markov_order_1,15,nearest,,7.5,77.0,0.8636100856056906,0.7815334981662528,2.2063850404154106,2.4138413487808847
tol_7p5km_int_15min,ilkble,markov_order_2,15,linear,,7.5,2015.0,0.8888327690357483,0.9480955952799232,2.5042376118362166,2.6905007885800454
tol_7p5km_int_15min,ilkble,markov_order_2,15,nearest,,7.5,77.0,0.8501037819229939,0.8371249336680674,2.2063850404154106,2.4138413487808847
tol_7p5km_int_15min,ilkble,vq_ctw,15,linear,256.0,7.5,2015.0,1.0,0.0,7.527232796326873,7.527232796326873
tol_7p5km_int_15min,ilkble,vq_ctw,15,nearest,256.0,7.5,77.0,1.0,0.0,7.012044718481797,7.012044718481797
tol_7p5km_int_15min,ilkble,vq_ctw,15,linear,512.0,7.5,2015.0,1.0,0.0,7.663877152467782,7.663877152467782
tol_7p5km_int_15min,ilkble,vq_ctw,15,nearest,512.0,7.5,77.0,1.0,0.0,7.016366145512671,7.016366145512671
tol_7p5km_int_15min,ilkble,vq_ctw,15,linear,1024.0,7.5,2015.0,1.0,0.0,7.6852529389570705,7.6852529389570705
tol_7p5km_int_15min,ilkble,vq_ctw,15,nearest,1024.0,7.5,77.0,1.0,0.0,8.332821970167165,8.332821970167165
tol_7p5km_int_15min,ilkedv,direct_ctw,15,linear,,7.5,2014.0,0.9505307360659656,0.5014228466298467,2.2233453489721438,2.401444872134625
tol_7p5km_int_15min,ilkedv,direct_ctw,15,nearest,,7.5,204.0,0.9699161799890144,0.3348412835789734,2.3225932884133287,2.467454917410738
tol_7p5km_int_15min,ilkedv,markov_order_1,15,linear,,7.5,2014.0,0.930765554948314,0.6671598931770469,2.2233453489721438,2.401444872134625
tol_7p5km_int_15min,ilkedv,markov_order_1,15,nearest,,7.5,204.0,0.9556168290628309,0.4183219353137078,2.3225932884133287,2.467454917410738
tol_7p5km_int_15min,ilkedv,markov_order_2,15,linear,,7.5,2014.0,0.9225477885330028,0.7333323505726764,2.2233453489721438,2.401444872134625
tol_7p5km_int_15min,ilkedv,markov_order_2,15,nearest,,7.5,204.0,0.9492330737517614,0.4501948244458005,2.3225932884133287,2.467454917410738
tol_7p5km_int_15min,ilkedv,vq_ctw,15,linear,256.0,7.5,2014.0,1.0,0.0,7.54382047580772,7.54382047580772
tol_7p5km_int_15min,ilkedv,vq_ctw,15,nearest,256.0,7.5,204.0,1.0,0.0,5.96879114873486,5.96879114873486
tol_7p5km_int_15min,ilkedv,vq_ctw,15,linear,512.0,7.5,2014.0,1.0,0.0,7.50455797295319,7.50455797295319
tol_7p5km_int_15min,ilkedv,vq_ctw,15,nearest,512.0,7.5,204.0,1.0,0.0,5.881785373617967,5.881785373617967
tol_7p5km_int_15min,ilkedv,vq_ctw,15,linear,1024.0,7.5,2014.0,1.0,0.0,7.286476649674213,7.286476649674213
tol_7p5km_int_15min,ilkedv,vq_ctw,15,nearest,1024.0,7.5,204.0,1.0,0.0,6.092311048823104,6.092311048823104
tol_7p5km_int_15min,ilyutj,direct_ctw,15,linear,,7.5,2015.0,0.908478848518918,0.823163282734123,2.288638879935574,2.5210385917328906
tol_7p5km_int_15min,ilyutj,direct_ctw,15,nearest,,7.5,158.0,0.9107031154893436,0.599895519523749,2.259122699742165,2.442415074780811
tol_7p5km_int_15min,ilyutj,markov_order_1,15,linear,,7.5,2015.0,0.8841721256896157,1.0002416523392397,2.288638879935574,2.5210385917328906
tol_7p5km_int_15min,ilyutj,markov_order_1,15,nearest,,7.5,158.0,0.8496476355682596,0.8823917431327373,2.259122699742165,2.442415074780811
tol_7p5km_int_15min,ilyutj,markov_order_2,15,linear,,7.5,2015.0,0.8753976140280197,1.0620297603237732,2.288638879935574,2.5210385917328906
tol_7p5km_int_15min,ilyutj,markov_order_2,15,nearest,,7.5,158.0,0.836855637610738,0.934300999472372,2.259122699742165,2.442415074780811
tol_7p5km_int_15min,ilyutj,vq_ctw,15,linear,256.0,7.5,2015.0,1.0,0.0,6.457227848150119,6.457227848150119
tol_7p5km_int_15min,ilyutj,vq_ctw,15,nearest,256.0,7.5,158.0,1.0,0.0,7.486319720209214,7.486319720209214
tol_7p5km_int_15min,ilyutj,vq_ctw,15,linear,512.0,7.5,2015.0,1.0,0.0,6.366815146575592,6.366815146575592
tol_7p5km_int_15min,ilyutj,vq_ctw,15,nearest,512.0,7.5,158.0,1.0,0.0,7.799110988889675,7.799110988889675
tol_7p5km_int_15min,ilyutj,vq_ctw,15,linear,1024.0,7.5,2015.0,1.0,0.0,6.352374861264191,6.352374861264191
tol_7p5km_int_15min,ilyutj,vq_ctw,15,nearest,1024.0,7.5,158.0,1.0,0.0,8.349277875427473,8.349277875427473
tol_7p5km_int_15min,imhacy,direct_ctw,15,linear,,7.5,1910.0,0.993307426279821,0.0819575403731531,1.9361823847901944,2.137329576071498
tol_7p5km_int_15min,imhacy,direct_ctw,15,nearest,,7.5,39.0,0.9999999999980904,0.1663231137216271,2.139894772985372,2.26344972159542
tol_7p5km_int_15min,imhacy,markov_order_1,15,linear,,7.5,1910.0,0.9893136591990004,0.1236196933554403,1.9361823847901944,2.137329576071498
tol_7p5km_int_15min,imhacy,markov_order_1,15,nearest,,7.5,39.0,0.9999999999980904,0.200119037789004,2.139894772985372,2.26344972159542
tol_7p5km_int_15min,imhacy,markov_order_2,15,linear,,7.5,1910.0,0.9876835199237828,0.1399398782342658,1.9361823847901944,2.137329576071498
tol_7p5km_int_15min,imhacy,markov_order_2,15,nearest,,7.5,39.0,0.9999999999980904,0.2190586546574786,2.139894772985372,2.26344972159542
tol_7p5km_int_15min,imhacy,vq_ctw,15,linear,256.0,7.5,1910.0,1.0,0.0,3.85981560327181,3.85981560327181
tol_7p5km_int_15min,imhacy,vq_ctw,15,nearest,256.0,7.5,39.0,1.0,0.0,5.736077359997971,5.736077359997971
tol_7p5km_int_15min,imhacy,vq_ctw,15,linear,512.0,7.5,1910.0,1.0,0.0,3.5705850192515403,3.5705850192515403
tol_7p5km_int_15min,imhacy,vq_ctw,15,nearest,512.0,7.5,39.0,1.0,0.0,5.198097056416602,5.198097056416602
tol_7p5km_int_15min,imhacy,vq_ctw,15,linear,1024.0,7.5,1910.0,1.0,0.0,3.5636576979962604,3.5636576979962604
tol_7p5km_int_15min,imhacy,vq_ctw,15,nearest,1024.0,7.5,39.0,1.0,0.0,6.114558126169092,6.114558126169092
tol_7p5km_int_15min,imnees,direct_ctw,15,linear,,7.5,2012.0,0.895846214872226,0.9595673572019716,2.452468570625554,2.6845044115483456
tol_7p5km_int_15min,imnees,direct_ctw,15,nearest,,7.5,154.0,0.9355693291006482,0.429846836454654,2.1605112770828137,2.3088155107274178
tol_7p5km_int_15min,imnees,markov_order_1,15,linear,,7.5,2012.0,0.8606876007099407,1.2211773374191766,2.452468570625554,2.6845044115483456
tol_7p5km_int_15min,imnees,markov_order_1,15,nearest,,7.5,154.0,0.9010518532559676,0.6013415646438953,2.1605112770828137,2.3088155107274178
tol_7p5km_int_15min,imnees,markov_order_2,15,linear,,7.5,2012.0,0.8483717878982442,1.3091096182054636,2.452468570625554,2.6845044115483456
tol_7p5km_int_15min,imnees,markov_order_2,15,nearest,,7.5,154.0,0.8857370821996386,0.6680241382211975,2.1605112770828137,2.3088155107274178
tol_7p5km_int_15min,imnees,vq_ctw,15,linear,256.0,7.5,2012.0,1.0,0.0,8.157243573118413,8.157243573118413
tol_7p5km_int_15min,imnees,vq_ctw,15,nearest,256.0,7.5,154.0,1.0,0.0,6.547753037744492,6.547753037744492
tol_7p5km_int_15min,imnees,vq_ctw,15,linear,512.0,7.5,2012.0,1.0,0.0,8.28321469591048,8.28321469591048
tol_7p5km_int_15min,imnees,vq_ctw,15,nearest,512.0,7.5,154.0,1.0,0.0,6.401027100556325,6.401027100556325
tol_7p5km_int_15min,imnees,vq_ctw,15,linear,1024.0,7.5,2012.0,1.0,0.0,8.293923091735142,8.293923091735142
tol_7p5km_int_15min,imnees,vq_ctw,15,nearest,1024.0,7.5,154.0,1.0,0.0,6.500073480956396,6.500073480956396
tol_7p5km_int_15min,imoikc,direct_ctw,15,linear,,7.5,2015.0,0.9448277131878255,0.5334894806579452,2.167703531675414,2.360738090082277
tol_7p5km_int_15min,imoikc,direct_ctw,15,nearest,,7.5,293.0,0.9247826447011986,0.4699940846780195,2.291088995407071,2.4476646298061024
tol_7p5km_int_15min,imoikc,markov_order_1,15,linear,,7.5,2015.0,0.927557619724266,0.6710782730780191,2.167703531675414,2.360738090082277
tol_7p5km_int_15min,imoikc,markov_order_1,15,nearest,,7.5,293.0,0.8831668985596265,0.6515075947573965,2.291088995407071,2.4476646298061024
tol_7p5km_int_15min,imoikc,markov_order_2,15,linear,,7.5,2015.0,0.9197627810054444,0.7309811460839301,2.167703531675414,2.360738090082277
tol_7p5km_int_15min,imoikc,markov_order_2,15,nearest,,7.5,293.0,0.8794605874367858,0.6650767385804613,2.291088995407071,2.4476646298061024
tol_7p5km_int_15min,imoikc,vq_ctw,15,linear,256.0,7.5,2015.0,1.0,0.0,5.494926475088545,5.494926475088545
tol_7p5km_int_15min,imoikc,vq_ctw,15,nearest,256.0,7.5,293.0,1.0,0.0,6.336097081121968,6.336097081121968
tol_7p5km_int_15min,imoikc,vq_ctw,15,linear,512.0,7.5,2015.0,1.0,0.0,5.25272426994318,5.25272426994318
tol_7p5km_int_15min,imoikc,vq_ctw,15,nearest,512.0,7.5,293.0,1.0,0.0,6.264871936708663,6.264871936708663
tol_7p5km_int_15min,imoikc,vq_ctw,15,linear,1024.0,7.5,2015.0,1.0,0.0,5.23689835490951,5.23689835490951
tol_7p5km_int_15min,imoikc,vq_ctw,15,nearest,1024.0,7.5,293.0,1.0,0.0,6.181678195584792,6.181678195584792
tol_7p5km_int_15min,imwryt,direct_ctw,15,linear,,7.5,2015.0,0.9120233287677312,0.7450729730427517,2.401686873155016,2.634695407504199
tol_7p5km_int_15min,imwryt,direct_ctw,15,nearest,,7.5,185.0,0.9129279099459482,0.5771981712868368,2.2169177517593184,2.396760891914113
tol_7p5km_int_15min,imwryt,markov_order_1,15,linear,,7.5,2015.0,0.8917150664775715,0.8829184533852112,2.401686873155016,2.634695407504199
tol_7p5km_int_15min,imwryt,markov_order_1,15,nearest,,7.5,185.0,0.8716808253534672,0.7712174190888654,2.2169177517593184,2.396760891914113
tol_7p5km_int_15min,imwryt,markov_order_2,15,linear,,7.5,2015.0,0.8919578661726865,0.8813090488912364,2.401686873155016,2.634695407504199
tol_7p5km_int_15min,imwryt,markov_order_2,15,nearest,,7.5,185.0,0.858721630462999,0.8310421120725248,2.2169177517593184,2.396760891914113
tol_7p5km_int_15min,imwryt,vq_ctw,15,linear,256.0,7.5,2015.0,1.0,0.0,7.029718232198956,7.029718232198956
tol_7p5km_int_15min,imwryt,vq_ctw,15,nearest,256.0,7.5,185.0,1.0,0.0,8.094815422852154,8.094815422852154
tol_7p5km_int_15min,imwryt,vq_ctw,15,linear,512.0,7.5,2015.0,1.0,0.0,7.073216131853069,7.073216131853069
tol_7p5km_int_15min,imwryt,vq_ctw,15,nearest,512.0,7.5,185.0,1.0,0.0,8.512024954252544,8.512024954252544
tol_7p5km_int_15min,imwryt,vq_ctw,15,linear,1024.0,7.5,2015.0,1.0,0.0,7.071418886398244,7.071418886398244
tol_7p5km_int_15min,imwryt,vq_ctw,15,nearest,1024.0,7.5,185.0,1.0,0.0,8.428783742700483,8.428783742700483
tol_7p5km_int_15min,imwyoj,direct_ctw,15,linear,,7.5,2015.0,0.9338577451845104,0.6217135257948729,2.30448431474499,2.504920506750543
tol_7p5km_int_15min,imwyoj,direct_ctw,15,nearest,,7.5,513.0,0.9226907104105384,0.5433066273427131,2.3110885210338776,2.488529091103678
tol_7p5km_int_15min,imwyoj,markov_order_1,15,linear,,7.5,2015.0,0.9118351679927348,0.7906848938802027,2.30448431474499,2.504920506750543
tol_7p5km_int_15min,imwyoj,markov_order_1,15,nearest,,7.5,513.0,0.8739196738865859,0.7815768958789985,2.3110885210338776,2.488529091103678
tol_7p5km_int_15min,imwyoj,markov_order_2,15,linear,,7.5,2015.0,0.9076680994177,0.8216090838336523,2.30448431474499,2.504920506750543
tol_7p5km_int_15min,imwyoj,markov_order_2,15,nearest,,7.5,513.0,0.8719172983835873,0.7895431098700427,2.3110885210338776,2.488529091103678
tol_7p5km_int_15min,imwyoj,vq_ctw,15,linear,256.0,7.5,2015.0,1.0,0.0,5.567274059443918,5.567274059443918
tol_7p5km_int_15min,imwyoj,vq_ctw,15,nearest,256.0,7.5,513.0,1.0,0.0,6.164442854271544,6.164442854271544
tol_7p5km_int_15min,imwyoj,vq_ctw,15,linear,512.0,7.5,2015.0,1.0,0.0,5.34287408710573,5.34287408710573
tol_7p5km_int_15min,imwyoj,vq_ctw,15,nearest,512.0,7.5,513.0,1.0,0.0,6.368721924740488,6.368721924740488
tol_7p5km_int_15min,imwyoj,vq_ctw,15,linear,1024.0,7.5,2015.0,1.0,0.0,5.326934166785224,5.326934166785224
tol_7p5km_int_15min,imwyoj,vq_ctw,15,nearest,1024.0,7.5,513.0,1.0,0.0,6.533712370068098,6.533712370068098
tol_7p5km_int_15min,inckki,direct_ctw,15,linear,,7.5,2014.0,0.9164504615465232,0.7629596653309788,2.303825778296777,2.505694813213607
tol_7p5km_int_15min,inckki,direct_ctw,15,nearest,,7.5,113.0,0.9411449853718148,0.3817190852787672,2.1320885554017983,2.3045041126663697
tol_7p5km_int_15min,inckki,markov_order_1,15,linear,,7.5,2014.0,0.8914425198737619,0.948226042042314,2.303825778296777,2.505694813213607
tol_7p5km_int_15min,inckki,markov_order_1,15,nearest,,7.5,113.0,0.9229775924702056,0.4684692172857832,2.1320885554017983,2.3045041126663697
tol_7p5km_int_15min,inckki,markov_order_2,15,linear,,7.5,2014.0,0.8837445878881737,1.003276855127744,2.303825778296777,2.505694813213607
tol_7p5km_int_15min,inckki,markov_order_2,15,nearest,,7.5,113.0,0.9185309246721636,0.4887754712365713,2.1320885554017983,2.3045041126663697
tol_7p5km_int_15min,inckki,vq_ctw,15,linear,256.0,7.5,2014.0,1.0,0.0,7.264733208511571,7.264733208511571
tol_7p5km_int_15min,inckki,vq_ctw,15,nearest,256.0,7.5,113.0,1.0,0.0,6.513257946767221,6.513257946767221
tol_7p5km_int_15min,inckki,vq_ctw,15,linear,512.0,7.5,2014.0,1.0,0.0,7.249620098815416,7.249620098815416
tol_7p5km_int_15min,inckki,vq_ctw,15,nearest,512.0,7.5,113.0,1.0,0.0,6.652733925217164,6.652733925217164
tol_7p5km_int_15min,inckki,vq_ctw,15,linear,1024.0,7.5,2014.0,1.0,0.0,7.255460130019545,7.255460130019545
tol_7p5km_int_15min,inckki,vq_ctw,15,nearest,1024.0,7.5,113.0,1.0,0.0,6.752347529762055,6.752347529762055
tol_7p5km_int_15min,indtwr,direct_ctw,15,linear,,7.5,2015.0,0.9464230555449996,0.5367284418282298,1.9596674089735884,2.160960054619528
tol_7p5km_int_15min,indtwr,direct_ctw,15,nearest,,7.5,121.0,0.953451799749344,0.3169797105719436,2.057066217638407,2.21961149260025
tol_7p5km_int_15min,indtwr,markov_order_1,15,linear,,7.5,2015.0,0.9276561632278204,0.6923672306334132,1.9596674089735884,2.160960054619528
tol_7p5km_int_15min,indtwr,markov_order_1,15,nearest,,7.5,121.0,0.942675089594756,0.3703072846618968,2.057066217638407,2.21961149260025
tol_7p5km_int_15min,indtwr,markov_order_2,15,linear,,7.5,2015.0,0.9186648743626205,0.7641158947606269,1.9596674089735884,2.160960054619528
tol_7p5km_int_15min,indtwr,markov_order_2,15,nearest,,7.5,121.0,0.943479380935067,0.3679617237643164,2.057066217638407,2.21961149260025
tol_7p5km_int_15min,indtwr,vq_ctw,15,linear,256.0,7.5,2015.0,1.0,0.0,6.841150094795618,6.841150094795618
tol_7p5km_int_15min,indtwr,vq_ctw,15,nearest,256.0,7.5,121.0,1.0,0.0,6.208540386016512,6.208540386016512
tol_7p5km_int_15min,indtwr,vq_ctw,15,linear,512.0,7.5,2015.0,1.0,0.0,6.678789089530431,6.678789089530431
tol_7p5km_int_15min,indtwr,vq_ctw,15,nearest,512.0,7.5,121.0,1.0,0.0,5.823891250809181,5.823891250809181
tol_7p5km_int_15min,indtwr,vq_ctw,15,linear,1024.0,7.5,2015.0,1.0,0.0,6.671343940843968,6.671343940843968
tol_7p5km_int_15min,indtwr,vq_ctw,15,nearest,1024.0,7.5,121.0,1.0,0.0,6.258278172727143,6.258278172727143
tol_7p5km_int_15min,indyep,direct_ctw,15,linear,,7.5,2011.0,0.9462031214925616,0.5124904697117079,2.2189385176457863,2.4114570637822474
tol_7p5km_int_15min,indyep,direct_ctw,15,nearest,,7.5,298.0,0.9570324917336154,0.3710911833298363,2.2769504859695697,2.431259516176598
tol_7p5km_int_15min,indyep,markov_order_1,15,linear,,7.5,2011.0,0.9341394471257856,0.6075925865722818,2.2189385176457863,2.4114570637822474
tol_7p5km_int_15min,indyep,markov_order_1,15,nearest,,7.5,298.0,0.9410915187693124,0.459639010822585,2.2769504859695697,2.431259516176598
tol_7p5km_int_15min,indyep,markov_order_2,15,linear,,7.5,2011.0,0.927523840450758,0.6582534075866621,2.2189385176457863,2.4114570637822474
tol_7p5km_int_15min,indyep,markov_order_2,15,nearest,,7.5,298.0,0.9381937426758836,0.4783659714140164,2.2769504859695697,2.431259516176598
tol_7p5km_int_15min,indyep,vq_ctw,15,linear,256.0,7.5,2011.0,1.0,0.0,5.225315794915493,5.225315794915493
tol_7p5km_int_15min,indyep,vq_ctw,15,nearest,256.0,7.5,298.0,1.0,0.0,6.093745888629333,6.093745888629333
tol_7p5km_int_15min,indyep,vq_ctw,15,linear,512.0,7.5,2011.0,1.0,0.0,4.932012411776779,4.932012411776779
tol_7p5km_int_15min,indyep,vq_ctw,15,nearest,512.0,7.5,298.0,1.0,0.0,5.916119332039968,5.916119332039968
tol_7p5km_int_15min,indyep,vq_ctw,15,linear,1024.0,7.5,2011.0,1.0,0.0,4.902948592971296,4.902948592971296
tol_7p5km_int_15min,indyep,vq_ctw,15,nearest,1024.0,7.5,298.0,1.0,0.0,5.979253142999024,5.979253142999024
tol_7p5km_int_15min,inghog,direct_ctw,15,linear,,7.5,2015.0,0.9196082484550764,0.7672151180559644,2.2577318005553275,2.4788526511676667
tol_7p5km_int_15min,inghog,direct_ctw,15,nearest,,7.5,311.0,0.9271199189009768,0.4781946646481495,2.241495399617344,2.426850210900287
tol_7p5km_int_15min,inghog,markov_order_1,15,linear,,7.5,2015.0,0.8884183248147982,1.0094150325087168,2.2577318005553275,2.4788526511676667
tol_7p5km_int_15min,inghog,markov_order_1,15,nearest,,7.5,311.0,0.9007314744778684,0.6035632806454376,2.241495399617344,2.426850210900287
tol_7p5km_int_15min,inghog,markov_order_2,15,linear,,7.5,2015.0,0.8835591023663769,1.0457706709972596,2.2577318005553275,2.4788526511676667
tol_7p5km_int_15min,inghog,markov_order_2,15,nearest,,7.5,311.0,0.8988192906628742,0.6141746609048324,2.241495399617344,2.426850210900287
tol_7p5km_int_15min,inghog,vq_ctw,15,linear,256.0,7.5,2015.0,1.0,0.0,8.199503507935212,8.199503507935212
tol_7p5km_int_15min,inghog,vq_ctw,15,nearest,256.0,7.5,311.0,1.0,0.0,7.331679768965274,7.331679768965274
tol_7p5km_int_15min,inghog,vq_ctw,15,linear,512.0,7.5,2015.0,1.0,0.0,8.359436320142354,8.359436320142354
tol_7p5km_int_15min,inghog,vq_ctw,15,nearest,512.0,7.5,311.0,1.0,0.0,7.60715391445476,7.60715391445476
tol_7p5km_int_15min,inghog,vq_ctw,15,linear,1024.0,7.5,2015.0,1.0,0.0,8.380709367421721,8.380709367421721
tol_7p5km_int_15min,inghog,vq_ctw,15,nearest,1024.0,7.5,311.0,1.0,0.0,7.454722474721395,7.454722474721395
tol_7p5km_int_15min,inghot,direct_ctw,15,linear,,7.5,2015.0,0.9195840182356528,0.745244495874407,2.4328498378422023,2.6307336634541394
tol_7p5km_int_15min,inghot,direct_ctw,15,nearest,,7.5,75.0,0.9353044395524218,0.4460916225477752,2.607557928316438,2.7396590392713454
tol_7p5km_int_15min,inghot,markov_order_1,15,linear,,7.5,2015.0,0.8915601152686021,0.9558369407648564,2.4328498378422023,2.6307336634541394
tol_7p5km_int_15min,inghot,markov_order_1,15,nearest,,7.5,75.0,0.9044974993743292,0.6061210812925256,2.607557928316438,2.7396590392713454
tol_7p5km_int_15min,inghot,markov_order_2,15,linear,,7.5,2015.0,0.8858041366321701,0.9975393971453032,2.4328498378422023,2.6307336634541394
tol_7p5km_int_15min,inghot,markov_order_2,15,nearest,,7.5,75.0,0.8944565949860521,0.6543332823911783,2.607557928316438,2.7396590392713454
tol_7p5km_int_15min,inghot,vq_ctw,15,linear,256.0,7.5,2015.0,1.0,0.0,12.595524097364606,12.595524097364606
tol_7p5km_int_15min,inghot,vq_ctw,15,nearest,256.0,7.5,75.0,1.0,0.0,7.884547097990329,7.884547097990329
tol_7p5km_int_15min,inghot,vq_ctw,15,linear,512.0,7.5,2015.0,1.0,0.0,12.784200910615166,12.784200910615166
tol_7p5km_int_15min,inghot,vq_ctw,15,nearest,512.0,7.5,75.0,1.0,0.0,7.878526455608678,7.878526455608678
tol_7p5km_int_15min,inghot,vq_ctw,15,linear,1024.0,7.5,2015.0,1.0,0.0,11.035063886677898,11.035063886677898
tol_7p5km_int_15min,inghot,vq_ctw,15,nearest,1024.0,7.5,75.0,1.0,0.0,8.976500996322443,8.976500996322443
tol_7p5km_int_15min,inhial,direct_ctw,15,linear,,7.5,1244.0,0.9816112927500772,0.1905862525096279,1.988590703263017,2.211306718171036
tol_7p5km_int_15min,inhial,markov_order_1,15,linear,,7.5,1244.0,0.9743724886638636,0.2532033108978943,1.988590703263017,2.211306718171036
tol_7p5km_int_15min,inhial,markov_order_2,15,linear,,7.5,1244.0,0.973355596622204,0.2617346571940175,1.988590703263017,2.211306718171036
tol_7p5km_int_15min,inhial,vq_ctw,15,linear,256.0,7.5,1244.0,1.0,0.0,4.404444723756118,4.404444723756118
tol_7p5km_int_15min,inhial,vq_ctw,15,linear,512.0,7.5,1244.0,1.0,0.0,4.16080272827312,4.16080272827312
tol_7p5km_int_15min,inhial,vq_ctw,15,linear,1024.0,7.5,1244.0,1.0,0.0,4.1541562220226265,4.1541562220226265
tol_7p5km_int_15min,inlica,direct_ctw,15,linear,,7.5,2015.0,0.9031281745984538,0.8705048380724053,2.291388069411663,2.5097633970222204
tol_7p5km_int_15min,inlica,direct_ctw,15,nearest,,7.5,114.0,0.9727890812314436,0.2480154651727445,2.0848299742756087,2.240769696412424
tol_7p5km_int_15min,inlica,markov_order_1,15,linear,,7.5,2015.0,0.8733157213420591,1.086419806286053,2.291388069411663,2.5097633970222204
tol_7p5km_int_15min,inlica,markov_order_1,15,nearest,,7.5,114.0,0.9656301401532664,0.2963095383579051,2.0848299742756087,2.240769696412424
tol_7p5km_int_15min,inlica,markov_order_2,15,linear,,7.5,2015.0,0.8613987139826398,1.169332167955266,2.291388069411663,2.5097633970222204
tol_7p5km_int_15min,inlica,markov_order_2,15,nearest,,7.5,114.0,0.9645843673469476,0.3030236077930605,2.0848299742756087,2.240769696412424
tol_7p5km_int_15min,inlica,vq_ctw,15,linear,256.0,7.5,2015.0,1.0,0.0,7.437070449477984,7.437070449477984
tol_7p5km_int_15min,inlica,vq_ctw,15,nearest,256.0,7.5,114.0,1.0,0.0,5.810626416316476,5.810626416316476
tol_7p5km_int_15min,inlica,vq_ctw,15,linear,512.0,7.5,2015.0,1.0,0.0,7.446083341164379,7.446083341164379
tol_7p5km_int_15min,inlica,vq_ctw,15,nearest,512.0,7.5,114.0,1.0,0.0,5.969462982608013,5.969462982608013
tol_7p5km_int_15min,inlica,vq_ctw,15,linear,1024.0,7.5,2015.0,1.0,0.0,7.454134250980501,7.454134250980501
tol_7p5km_int_15min,inlica,vq_ctw,15,nearest,1024.0,7.5,114.0,0.9999999999994306,0.0575889168296791,6.941628311174846,6.941628311174846
tol_7p5km_int_15min,inquay,direct_ctw,15,linear,,7.5,2014.0,0.9232488025145988,0.7470486055227727,2.3174347879059347,2.5206892511877084
tol_7p5km_int_15min,inquay,direct_ctw,15,nearest,,7.5,185.0,0.9602323421907988,0.427170950758357,2.301677534559848,2.44389572444385
tol_7p5km_int_15min,inquay,markov_order_1,15,linear,,7.5,2014.0,0.8923897938212914,0.9923915899916164,2.3174347879059347,2.5206892511877084
tol_7p5km_int_15min,inquay,markov_order_1,15,nearest,,7.5,185.0,0.9506453489870806,0.4909243130661711,2.301677534559848,2.44389572444385
tol_7p5km_int_15min,inquay,markov_order_2,15,linear,,7.5,2014.0,0.879687912703198,1.0889693170395862,2.3174347879059347,2.5206892511877084
tol_7p5km_int_15min,inquay,markov_order_2,15,nearest,,7.5,185.0,0.9518875136793912,0.493406885028995,2.301677534559848,2.44389572444385
tol_7p5km_int_15min,inquay,vq_ctw,15,linear,256.0,7.5,2014.0,1.0,0.0,8.259640335283763,8.259640335283763
tol_7p5km_int_15min,inquay,vq_ctw,15,nearest,256.0,7.5,185.0,1.0,0.0,6.734928213438892,6.734928213438892
tol_7p5km_int_15min,inquay,vq_ctw,15,linear,512.0,7.5,2014.0,1.0,0.0,8.24115150051424,8.24115150051424
tol_7p5km_int_15min,inquay,vq_ctw,15,nearest,512.0,7.5,185.0,1.0,0.0,6.678319818151796,6.678319818151796
tol_7p5km_int_15min,inquay,vq_ctw,15,linear,1024.0,7.5,2014.0,1.0,0.0,8.251625189952078,8.251625189952078
tol_7p5km_int_15min,inquay,vq_ctw,15,nearest,1024.0,7.5,185.0,1.0,0.0,6.7095963200666695,6.7095963200666695
tol_7p5km_int_15min,inshfo,direct_ctw,15,linear,,7.5,415.0,0.9514338025173924,0.3774071563433263,2.1226421741922525,2.2876978418572222
tol_7p5km_int_15min,inshfo,markov_order_1,15,linear,,7.5,415.0,0.9402243955401282,0.4461047167785639,2.1226421741922525,2.2876978418572222
tol_7p5km_int_15min,inshfo,markov_order_2,15,linear,,7.5,415.0,0.9382291137872348,0.4579767028045557,2.1226421741922525,2.2876978418572222
tol_7p5km_int_15min,inshfo,vq_ctw,15,linear,256.0,7.5,415.0,1.0,0.0,4.269516458860919,4.269516458860919
tol_7p5km_int_15min,inshfo,vq_ctw,15,linear,512.0,7.5,415.0,1.0,0.0,3.892230817017005,3.892230817017005
tol_7p5km_int_15min,inshfo,vq_ctw,15,linear,1024.0,7.5,415.0,1.0,0.0,3.898561731778592,3.898561731778592
tol_7p5km_int_15min,insodf,direct_ctw,15,linear,,7.5,2015.0,0.9555752257283512,0.4313650306141662,2.238315697044696,2.429344608162603
tol_7p5km_int_15min,insodf,direct_ctw,15,nearest,,7.5,308.0,0.9312194325314508,0.4669574443050996,2.2421400924918182,2.421167348383616
tol_7p5km_int_15min,insodf,markov_order_1,15,linear,,7.5,2015.0,0.9431826323261934,0.5310031887475217,2.238315697044696,2.429344608162603
tol_7p5km_int_15min,insodf,markov_order_1,15,nearest,,7.5,308.0,0.8899337121407699,0.6593233715803329,2.2421400924918182,2.421167348383616
tol_7p5km_int_15min,insodf,markov_order_2,15,linear,,7.5,2015.0,0.9395312708502692,0.5595287090412068,2.238315697044696,2.429344608162603
tol_7p5km_int_15min,insodf,markov_order_2,15,nearest,,7.5,308.0,0.882439011487004,0.6930761454281517,2.2421400924918182,2.421167348383616
tol_7p5km_int_15min,insodf,vq_ctw,15,linear,256.0,7.5,2015.0,1.0,0.0,5.393275839251992,5.393275839251992
tol_7p5km_int_15min,insodf,vq_ctw,15,nearest,256.0,7.5,308.0,1.0,0.0,6.326988650185024,6.326988650185024
tol_7p5km_int_15min,insodf,vq_ctw,15,linear,512.0,7.5,2015.0,1.0,0.0,5.2217901591651845,5.2217901591651845
tol_7p5km_int_15min,insodf,vq_ctw,15,nearest,512.0,7.5,308.0,1.0,0.0,6.123669378684732,6.123669378684732
tol_7p5km_int_15min,insodf,vq_ctw,15,linear,1024.0,7.5,2015.0,1.0,0.0,5.222581701666783,5.222581701666783
tol_7p5km_int_15min,insodf,vq_ctw,15,nearest,1024.0,7.5,308.0,1.0,0.0,6.639288571176158,6.639288571176158
tol_7p5km_int_15min,ioajdi,direct_ctw,15,linear,,7.5,2014.0,0.9421609984410932,0.5728534058472461,2.087469640545399,2.304728146014471
tol_7p5km_int_15min,ioajdi,direct_ctw,15,nearest,,7.5,307.0,0.9510551095807146,0.4072746387739431,2.1385906044704326,2.3263141947152537
tol_7p5km_int_15min,ioajdi,markov_order_1,15,linear,,7.5,2014.0,0.9234713471660768,0.7259661203828874,2.087469640545399,2.304728146014471
tol_7p5km_int_15min,ioajdi,markov_order_1,15,nearest,,7.5,307.0,0.9259279776314516,0.5356382593641944,2.1385906044704326,2.3263141947152537
tol_7p5km_int_15min,ioajdi,markov_order_2,15,linear,,7.5,2014.0,0.9139850804632166,0.8008311912706098,2.087469640545399,2.304728146014471
tol_7p5km_int_15min,ioajdi,markov_order_2,15,nearest,,7.5,307.0,0.9228022619698596,0.5485971022700267,2.1385906044704326,2.3263141947152537
tol_7p5km_int_15min,ioajdi,vq_ctw,15,linear,256.0,7.5,2014.0,1.0,0.0,5.973870662277597,5.973870662277597
tol_7p5km_int_15min,ioajdi,vq_ctw,15,nearest,256.0,7.5,307.0,1.0,0.0,6.248429930295227,6.248429930295227
tol_7p5km_int_15min,ioajdi,vq_ctw,15,linear,512.0,7.5,2014.0,1.0,0.0,5.766589159067948,5.766589159067948
tol_7p5km_int_15min,ioajdi,vq_ctw,15,nearest,512.0,7.5,307.0,1.0,0.0,6.432730488858103,6.432730488858103
tol_7p5km_int_15min,ioajdi,vq_ctw,15,linear,1024.0,7.5,2014.0,1.0,0.0,5.764600647281205,5.764600647281205
tol_7p5km_int_15min,ioajdi,vq_ctw,15,nearest,1024.0,7.5,307.0,1.0,0.0,6.213644094941769,6.213644094941769
tol_7p5km_int_15min,ioangi,direct_ctw,15,linear,,7.5,1932.0,0.9440354285461796,0.5118438617151387,2.4256352190530968,2.62333185781029
tol_7p5km_int_15min,ioangi,direct_ctw,15,nearest,,7.5,170.0,0.9484620143673556,0.4005284235389209,2.0460574056490755,2.2159985136599425
tol_7p5km_int_15min,ioangi,markov_order_1,15,linear,,7.5,1932.0,0.9274378850232644,0.6355454906059771,2.4256352190530968,2.62333185781029
tol_7p5km_int_15min,ioangi,markov_order_1,15,nearest,,7.5,170.0,0.937522054710218,0.4563745527705853,2.0460574056490755,2.2159985136599425
tol_7p5km_int_15min,ioangi,markov_order_2,15,linear,,7.5,1932.0,0.923562701586951,0.6635245124297704,2.4256352190530968,2.62333185781029
tol_7p5km_int_15min,ioangi,markov_order_2,15,nearest,,7.5,170.0,0.9322723751073544,0.4836720415824743,2.0460574056490755,2.2159985136599425
tol_7p5km_int_15min,ioangi,vq_ctw,15,linear,256.0,7.5,1932.0,1.0,0.0,10.075083428882262,10.075083428882262
tol_7p5km_int_15min,ioangi,vq_ctw,15,nearest,256.0,7.5,170.0,1.0,0.0,6.165071696908327,6.165071696908327
tol_7p5km_int_15min,ioangi,vq_ctw,15,linear,512.0,7.5,1932.0,1.0,0.0,9.737258300425909,9.737258300425909
tol_7p5km_int_15min,ioangi,vq_ctw,15,nearest,512.0,7.5,170.0,1.0,0.0,6.046090158556059,6.046090158556059
tol_7p5km_int_15min,ioangi,vq_ctw,15,linear,1024.0,7.5,1932.0,1.0,0.0,9.741102633913911,9.741102633913911
tol_7p5km_int_15min,ioangi,vq_ctw,15,nearest,1024.0,7.5,170.0,1.0,0.0,6.521269360565149,6.521269360565149
tol_7p5km_int_15min,iodjie,direct_ctw,15,linear,,7.5,2015.0,0.9380322202914948,0.5984418800409882,2.299406437921823,2.482930291871925
tol_7p5km_int_15min,iodjie,direct_ctw,15,nearest,,7.5,305.0,0.93419072542308,0.4972814248537946,2.3870538238457804,2.5418292154109627
tol_7p5km_int_15min,iodjie,markov_order_1,15,linear,,7.5,2015.0,0.9201698774550788,0.740692907406889,2.299406437921823,2.482930291871925
tol_7p5km_int_15min,iodjie,markov_order_1,15,nearest,,7.5,305.0,0.9120627065094674,0.5972883612472968,2.3870538238457804,2.5418292154109627
tol_7p5km_int_15min,iodjie,markov_order_2,15,linear,,7.5,2015.0,0.9118945454239058,0.8043798406682895,2.299406437921823,2.482930291871925
tol_7p5km_int_15min,iodjie,markov_order_2,15,nearest,,7.5,305.0,0.8995429990535666,0.6442836841023591,2.3870538238457804,2.5418292154109627
tol_7p5km_int_15min,iodjie,vq_ctw,15,linear,256.0,7.5,2015.0,1.0,0.0,5.69303508378058,5.69303508378058
tol_7p5km_int_15min,iodjie,vq_ctw,15,nearest,256.0,7.5,305.0,1.0,0.0,6.704058964729513,6.704058964729513
tol_7p5km_int_15min,iodjie,vq_ctw,15,linear,512.0,7.5,2015.0,1.0,0.0,5.501094264933723,5.501094264933723
tol_7p5km_int_15min,iodjie,vq_ctw,15,nearest,512.0,7.5,305.0,1.0,0.0,6.589088975146041,6.589088975146041
tol_7p5km_int_15min,iodjie,vq_ctw,15,linear,1024.0,7.5,2015.0,1.0,0.0,5.501942042460467,5.501942042460467
tol_7p5km_int_15min,iodjie,vq_ctw,15,nearest,1024.0,7.5,305.0,1.0,0.0,7.773967317540471,7.773967317540471
tol_7p5km_int_15min,iodlac,direct_ctw,15,linear,,7.5,1890.0,0.9516725078565348,0.4767861567149187,2.18739186366937,2.3895406420510987
tol_7p5km_int_15min,iodlac,direct_ctw,15,nearest,,7.5,218.0,0.9219936293917264,0.4544858444550076,2.376103395562037,2.5453618836700813
tol_7p5km_int_15min,iodlac,markov_order_1,15,linear,,7.5,1890.0,0.9401269793297908,0.5716693995028739,2.18739186366937,2.3895406420510987
tol_7p5km_int_15min,iodlac,markov_order_1,15,nearest,,7.5,218.0,0.889361595877203,0.5837267042370183,2.376103395562037,2.5453618836700813
tol_7p5km_int_15min,iodlac,markov_order_2,15,linear,,7.5,1890.0,0.93269981622784,0.6308537206836329,2.18739186366937,2.3895406420510987
tol_7p5km_int_15min,iodlac,markov_order_2,15,nearest,,7.5,218.0,0.8839633685479793,0.6050757901789318,2.376103395562037,2.5453618836700813
tol_7p5km_int_15min,iodlac,vq_ctw,15,linear,256.0,7.5,1890.0,1.0,0.0,5.225070540850906,5.225070540850906
tol_7p5km_int_15min,iodlac,vq_ctw,15,nearest,256.0,7.5,218.0,1.0,0.0,6.213761565572883,6.213761565572883
tol_7p5km_int_15min,iodlac,vq_ctw,15,linear,512.0,7.5,1890.0,1.0,0.0,4.916609869510375,4.916609869510375
tol_7p5km_int_15min,iodlac,vq_ctw,15,nearest,512.0,7.5,218.0,1.0,0.0,6.365080629702184,6.365080629702184
tol_7p5km_int_15min,iodlac,vq_ctw,15,linear,1024.0,7.5,1890.0,1.0,0.0,4.891159095484853,4.891159095484853
tol_7p5km_int_15min,iodlac,vq_ctw,15,nearest,1024.0,7.5,218.0,1.0,0.0,6.686198609918486,6.686198609918486
tol_7p5km_int_15min,iofpli,direct_ctw,15,linear,,7.5,2014.0,0.9371169662618184,0.6149869794983255,2.1638896917292967,2.35485845995561
tol_7p5km_int_15min,iofpli,direct_ctw,15,nearest,,7.5,181.0,0.9209444942929628,0.5489843370645748,2.4404617990824424,2.622644092065844
tol_7p5km_int_15min,iofpli,markov_order_1,15,linear,,7.5,2014.0,0.9168482844243804,0.7784169734288433,2.1638896917292967,2.35485845995561
tol_7p5km_int_15min,iofpli,markov_order_1,15,nearest,,7.5,181.0,0.8750151233353421,0.7701533743077178,2.4404617990824424,2.622644092065844
tol_7p5km_int_15min,iofpli,markov_order_2,15,linear,,7.5,2014.0,0.9073033403975428,0.852560587056024,2.1638896917292967,2.35485845995561
tol_7p5km_int_15min,iofpli,markov_order_2,15,nearest,,7.5,181.0,0.858740798387144,0.8407573964939099,2.4404617990824424,2.622644092065844
tol_7p5km_int_15min,iofpli,vq_ctw,15,linear,256.0,7.5,2014.0,1.0,0.0,6.485383058806664,6.485383058806664
tol_7p5km_int_15min,iofpli,vq_ctw,15,nearest,256.0,7.5,181.0,1.0,0.0,7.612477291145778,7.612477291145778
tol_7p5km_int_15min,iofpli,vq_ctw,15,linear,512.0,7.5,2014.0,1.0,0.0,6.312710862367629,6.312710862367629
tol_7p5km_int_15min,iofpli,vq_ctw,15,nearest,512.0,7.5,181.0,1.0,0.0,7.442095627333781,7.442095627333781
tol_7p5km_int_15min,iofpli,vq_ctw,15,linear,1024.0,7.5,2014.0,1.0,0.0,6.30430140488933,6.30430140488933
tol_7p5km_int_15min,iofpli,vq_ctw,15,nearest,1024.0,7.5,181.0,1.0,0.0,8.274917248725574,8.274917248725574
tol_7p5km_int_15min,ioivkn,direct_ctw,15,linear,,7.5,1999.0,0.8963167449247781,1.0035828690190494,2.434692045512036,2.6363510847111207
tol_7p5km_int_15min,ioivkn,direct_ctw,15,nearest,,7.5,48.0,0.900761655239984,0.6238655984367583,2.4431179158887235,2.6018096952088423
tol_7p5km_int_15min,ioivkn,markov_order_1,15,linear,,7.5,1999.0,0.8451924392713781,1.4026519451198491,2.434692045512036,2.6363510847111207
tol_7p5km_int_15min,ioivkn,markov_order_1,15,nearest,,7.5,48.0,0.8735047269430458,0.7482377740122111,2.4431179158887235,2.6018096952088423
tol_7p5km_int_15min,ioivkn,markov_order_2,15,linear,,7.5,1999.0,0.8318836493119945,1.5014227246999647,2.434692045512036,2.6363510847111207
tol_7p5km_int_15min,ioivkn,markov_order_2,15,nearest,,7.5,48.0,0.8615335589267533,0.7996725422477929,2.4431179158887235,2.6018096952088423
tol_7p5km_int_15min,ioivkn,vq_ctw,15,linear,256.0,7.5,1999.0,1.0,0.0,10.268356749422203,10.268356749422203
tol_7p5km_int_15min,ioivkn,vq_ctw,15,nearest,256.0,7.5,48.0,1.0,0.0,7.1533348942630814,7.1533348942630814
tol_7p5km_int_15min,ioivkn,vq_ctw,15,linear,512.0,7.5,1999.0,1.0,0.0,10.472151360298732,10.472151360298732
tol_7p5km_int_15min,ioivkn,vq_ctw,15,nearest,512.0,7.5,48.0,1.0,0.0,7.421577447648656,7.421577447648656
tol_7p5km_int_15min,ioivkn,vq_ctw,15,linear,1024.0,7.5,1999.0,1.0,0.0,9.893195687512073,9.893195687512073
tol_7p5km_int_15min,ioivkn,vq_ctw,15,nearest,1024.0,7.5,48.0,1.0,0.0,8.338081119994627,8.338081119994627
tol_7p5km_int_15min,iorjtw,direct_ctw,15,linear,,7.5,2015.0,0.917523316514309,0.7889988781071955,2.3377432229144945,2.5247401286954982
tol_7p5km_int_15min,iorjtw,direct_ctw,15,nearest,,7.5,183.0,0.9412454638751172,0.4218217004464407,2.29404108962758,2.471059418754066
tol_7p5km_int_15min,iorjtw,markov_order_1,15,linear,,7.5,2015.0,0.8945120475538101,0.9698127249286584,2.3377432229144945,2.5247401286954982
tol_7p5km_int_15min,iorjtw,markov_order_1,15,nearest,,7.5,183.0,0.9007266124670688,0.6196834829030589,2.29404108962758,2.471059418754066
tol_7p5km_int_15min,iorjtw,markov_order_2,15,linear,,7.5,2015.0,0.8809427845982667,1.0725176427410084,2.3377432229144945,2.5247401286954982
tol_7p5km_int_15min,iorjtw,markov_order_2,15,nearest,,7.5,183.0,0.8955133540855891,0.6413095411078404,2.29404108962758,2.471059418754066
tol_7p5km_int_15min,iorjtw,vq_ctw,15,linear,256.0,7.5,2015.0,1.0,0.0,6.116775148020485,6.116775148020485
tol_7p5km_int_15min,iorjtw,vq_ctw,15,nearest,256.0,7.5,183.0,1.0,0.0,6.358169873503086,6.358169873503086
tol_7p5km_int_15min,iorjtw,vq_ctw,15,linear,512.0,7.5,2015.0,1.0,0.0,5.982776478150608,5.982776478150608
tol_7p5km_int_15min,iorjtw,vq_ctw,15,nearest,512.0,7.5,183.0,1.0,0.0,6.147348731397184,6.147348731397184
tol_7p5km_int_15min,iorjtw,vq_ctw,15,linear,1024.0,7.5,2015.0,1.0,0.0,5.971750803264328,5.971750803264328
tol_7p5km_int_15min,iorjtw,vq_ctw,15,nearest,1024.0,7.5,183.0,1.0,0.0,6.315837326555358,6.315837326555358
tol_7p5km_int_15min,iotklo,direct_ctw,15,linear,,7.5,2015.0,0.9527493139312396,0.4753187213289448,2.18773920345438,2.387641347308883
tol_7p5km_int_15min,iotklo,direct_ctw,15,nearest,,7.5,270.0,0.9159544555802585,0.5449868630224767,2.184848862427673,2.3640820394352056
tol_7p5km_int_15min,iotklo,markov_order_1,15,linear,,7.5,2015.0,0.938926230183856,0.5911296664439899,2.18773920345438,2.387641347308883
tol_7p5km_int_15min,iotklo,markov_order_1,15,nearest,,7.5,270.0,0.8748951781631635,0.7262800180194853,2.184848862427673,2.3640820394352056
tol_7p5km_int_15min,iotklo,markov_order_2,15,linear,,7.5,2015.0,0.9322877379591312,0.6449644552496837,2.18773920345438,2.387641347308883
tol_7p5km_int_15min,iotklo,markov_order_2,15,nearest,,7.5,270.0,0.86099536059733,0.781500631813041,2.184848862427673,2.3640820394352056
tol_7p5km_int_15min,iotklo,vq_ctw,15,linear,256.0,7.5,2015.0,1.0,0.0,5.481529834611493,5.481529834611493
tol_7p5km_int_15min,iotklo,vq_ctw,15,nearest,256.0,7.5,270.0,1.0,0.0,6.202881312016723,6.202881312016723
tol_7p5km_int_15min,iotklo,vq_ctw,15,linear,512.0,7.5,2015.0,1.0,0.0,5.234605015497724,5.234605015497724
tol_7p5km_int_15min,iotklo,vq_ctw,15,nearest,512.0,7.5,270.0,1.0,0.0,6.278365054868762,6.278365054868762
tol_7p5km_int_15min,iotklo,vq_ctw,15,linear,1024.0,7.5,2015.0,1.0,0.0,5.226856924753525,5.226856924753525
tol_7p5km_int_15min,iotklo,vq_ctw,15,nearest,1024.0,7.5,270.0,1.0,0.0,7.148218768063823,7.148218768063823
tol_7p5km_int_15min,iovhar,direct_ctw,15,linear,,7.5,2015.0,0.9389157762043712,0.5864505634425279,2.128599174652347,2.317775076471506
tol_7p5km_int_15min,iovhar,direct_ctw,15,nearest,,7.5,296.0,0.937351290633404,0.4335267265697717,2.197650388761391,2.39984237667483
tol_7p5km_int_15min,iovhar,markov_order_1,15,linear,,7.5,2015.0,0.9219433647513798,0.7207846471669539,2.128599174652347,2.317775076471506
tol_7p5km_int_15min,iovhar,markov_order_1,15,nearest,,7.5,296.0,0.9126879897828823,0.5395121009726284,2.197650388761391,2.39984237667483
tol_7p5km_int_15min,iovhar,markov_order_2,15,linear,,7.5,2015.0,0.9153866032857756,0.7710612588329061,2.128599174652347,2.317775076471506
tol_7p5km_int_15min,iovhar,markov_order_2,15,nearest,,7.5,296.0,0.9008726439439672,0.5890092962588283,2.197650388761391,2.39984237667483
tol_7p5km_int_15min,iovhar,vq_ctw,15,linear,256.0,7.5,2015.0,1.0,0.0,5.372587793803567,5.372587793803567
tol_7p5km_int_15min,iovhar,vq_ctw,15,nearest,256.0,7.5,296.0,1.0,0.0,6.531952417104551,6.531952417104551
tol_7p5km_int_15min,iovhar,vq_ctw,15,linear,512.0,7.5,2015.0,1.0,0.0,5.126161641380527,5.126161641380527
tol_7p5km_int_15min,iovhar,vq_ctw,15,nearest,512.0,7.5,296.0,1.0,0.0,6.496076103161521,6.496076103161521
tol_7p5km_int_15min,iovhar,vq_ctw,15,linear,1024.0,7.5,2015.0,1.0,0.0,5.107884285820007,5.107884285820007
tol_7p5km_int_15min,iovhar,vq_ctw,15,nearest,1024.0,7.5,296.0,1.0,0.0,6.829672642193283,6.829672642193283
tol_7p5km_int_15min,iovlit,direct_ctw,15,linear,,7.5,2014.0,0.9491317505881056,0.5021906166558936,2.127772842440412,2.313771055555397
tol_7p5km_int_15min,iovlit,direct_ctw,15,nearest,,7.5,242.0,0.945768385111214,0.4451660696279335,2.2603033057117665,2.424926154932648
tol_7p5km_int_15min,iovlit,markov_order_1,15,linear,,7.5,2014.0,0.932530618737518,0.6377503717505808,2.127772842440412,2.313771055555397
tol_7p5km_int_15min,iovlit,markov_order_1,15,nearest,,7.5,242.0,0.9105593630852334,0.6170669693319806,2.2603033057117665,2.424926154932648
tol_7p5km_int_15min,iovlit,markov_order_2,15,linear,,7.5,2014.0,0.9250869721282152,0.6963779435482635,2.127772842440412,2.313771055555397
tol_7p5km_int_15min,iovlit,markov_order_2,15,nearest,,7.5,242.0,0.904080571110825,0.6234745425604888,2.2603033057117665,2.424926154932648
tol_7p5km_int_15min,iovlit,vq_ctw,15,linear,256.0,7.5,2014.0,1.0,0.0,5.525956805479738,5.525956805479738
tol_7p5km_int_15min,iovlit,vq_ctw,15,nearest,256.0,7.5,242.0,1.0,0.0,6.399169274246605,6.399169274246605
tol_7p5km_int_15min,iovlit,vq_ctw,15,linear,512.0,7.5,2014.0,1.0,0.0,5.226482305210851,5.226482305210851
tol_7p5km_int_15min,iovlit,vq_ctw,15,nearest,512.0,7.5,242.0,1.0,0.0,6.67481329918022,6.67481329918022
tol_7p5km_int_15min,iovlit,vq_ctw,15,linear,1024.0,7.5,2014.0,1.0,0.0,5.2212182563983935,5.2212182563983935
tol_7p5km_int_15min,iovlit,vq_ctw,15,nearest,1024.0,7.5,242.0,0.999999999999708,0.0276760185743184,7.184952525139875,7.184952525139875
tol_7p5km_int_15min,ioytgo,direct_ctw,15,linear,,7.5,2007.0,0.9148119327138264,0.7943739398298778,2.4706069182294987,2.693117547540748
tol_7p5km_int_15min,ioytgo,direct_ctw,15,nearest,,7.5,112.0,0.8977255655245086,0.6088409958332176,2.2313567340699474,2.3995206337211235
tol_7p5km_int_15min,ioytgo,markov_order_1,15,linear,,7.5,2007.0,0.8872430380717091,1.003440556150438,2.4706069182294987,2.693117547540748
tol_7p5km_int_15min,ioytgo,markov_order_1,15,nearest,,7.5,112.0,0.8372195214109537,0.8772637191258423,2.2313567340699474,2.3995206337211235
tol_7p5km_int_15min,ioytgo,markov_order_2,15,linear,,7.5,2007.0,0.8781511465778462,1.0698509319437228,2.4706069182294987,2.693117547540748
tol_7p5km_int_15min,ioytgo,markov_order_2,15,nearest,,7.5,112.0,0.8285128468325045,0.9031452704254092,2.2313567340699474,2.3995206337211235
tol_7p5km_int_15min,ioytgo,vq_ctw,15,linear,256.0,7.5,2007.0,1.0,0.0,7.076760823744504,7.076760823744504
tol_7p5km_int_15min,ioytgo,vq_ctw,15,nearest,256.0,7.5,112.0,1.0,0.0,6.494394584902468,6.494394584902468
tol_7p5km_int_15min,ioytgo,vq_ctw,15,linear,512.0,7.5,2007.0,1.0,0.0,7.038329481090251,7.038329481090251
tol_7p5km_int_15min,ioytgo,vq_ctw,15,nearest,512.0,7.5,112.0,1.0,0.0,6.705669705765806,6.705669705765806
tol_7p5km_int_15min,ioytgo,vq_ctw,15,linear,1024.0,7.5,2007.0,1.0,0.0,7.025709088265736,7.025709088265736
tol_7p5km_int_15min,ioytgo,vq_ctw,15,nearest,1024.0,7.5,112.0,1.0,0.0,7.132648196237544,7.132648196237544
tol_7p5km_int_15min,ipdioi,direct_ctw,15,linear,,7.5,2015.0,0.9479838785473612,0.5197102738735546,2.1859945136069245,2.380928657060008
tol_7p5km_int_15min,ipdioi,direct_ctw,15,nearest,,7.5,379.0,0.9249947082384316,0.5625283960372115,2.3640834099789045,2.528619369561488
tol_7p5km_int_15min,ipdioi,markov_order_1,15,linear,,7.5,2015.0,0.9338356404614806,0.6374015459091783,2.1859945136069245,2.380928657060008
tol_7p5km_int_15min,ipdioi,markov_order_1,15,nearest,,7.5,379.0,0.8729197456938338,0.8170572246874482,2.3640834099789045,2.528619369561488
tol_7p5km_int_15min,ipdioi,markov_order_2,15,linear,,7.5,2015.0,0.924191147437402,0.7148768522189743,2.1859945136069245,2.380928657060008
tol_7p5km_int_15min,ipdioi,markov_order_2,15,nearest,,7.5,379.0,0.8550989833059786,0.8865252870892552,2.3640834099789045,2.528619369561488
tol_7p5km_int_15min,ipdioi,vq_ctw,15,linear,256.0,7.5,2015.0,1.0,0.0,5.327854686603378,5.327854686603378
tol_7p5km_int_15min,ipdioi,vq_ctw,15,nearest,256.0,7.5,379.0,1.0,0.0,6.233032749614783,6.233032749614783
tol_7p5km_int_15min,ipdioi,vq_ctw,15,linear,512.0,7.5,2015.0,1.0,0.0,4.993042575634795,4.993042575634795
tol_7p5km_int_15min,ipdioi,vq_ctw,15,nearest,512.0,7.5,379.0,1.0,0.0,6.392006601118974,6.392006601118974
tol_7p5km_int_15min,ipdioi,vq_ctw,15,linear,1024.0,7.5,2015.0,1.0,0.0,4.967940636459447,4.967940636459447
tol_7p5km_int_15min,ipdioi,vq_ctw,15,nearest,1024.0,7.5,379.0,1.0,0.0,6.345247106254324,6.345247106254324
tol_7p5km_int_15min,ipdraw,direct_ctw,15,linear,,7.5,208.0,0.951434896064718,0.3572439362966864,2.040926919360253,2.18899096214313
tol_7p5km_int_15min,ipdraw,markov_order_1,15,linear,,7.5,208.0,0.942095760546206,0.4108447819785761,2.040926919360253,2.18899096214313
tol_7p5km_int_15min,ipdraw,markov_order_2,15,linear,,7.5,208.0,0.9377750972917396,0.4348384959893598,2.040926919360253,2.18899096214313
tol_7p5km_int_15min,ipdraw,vq_ctw,15,linear,256.0,7.5,208.0,1.0,0.0,4.879016316060366,4.879016316060366
tol_7p5km_int_15min,ipdraw,vq_ctw,15,linear,512.0,7.5,208.0,1.0,0.0,4.370772499095077,4.370772499095077
tol_7p5km_int_15min,ipdraw,vq_ctw,15,linear,1024.0,7.5,208.0,1.0,0.0,4.352010885317071,4.352010885317071
tol_7p5km_int_15min,iphesp,direct_ctw,15,linear,,7.5,2013.0,0.913083593462117,0.8483308099883112,2.3199428155872632,2.52437111550282
tol_7p5km_int_15min,iphesp,direct_ctw,15,nearest,,7.5,43.0,0.9028789913855818,0.6853103973947237,2.054461896966185,2.3280832716487465
tol_7p5km_int_15min,iphesp,markov_order_1,15,linear,,7.5,2013.0,0.8730550801839669,1.165695693657916,2.3199428155872632,2.52437111550282
tol_7p5km_int_15min,iphesp,markov_order_1,15,nearest,,7.5,43.0,0.8407376188254154,1.002337809735106,2.054461896966185,2.3280832716487465
tol_7p5km_int_15min,iphesp,markov_order_2,15,linear,,7.5,2013.0,0.8607064637755746,1.2590710040677633,2.3199428155872632,2.52437111550282
tol_7p5km_int_15min,iphesp,markov_order_2,15,nearest,,7.5,43.0,0.8219970657949416,1.088998676650574,2.054461896966185,2.3280832716487465
tol_7p5km_int_15min,iphesp,vq_ctw,15,linear,256.0,7.5,2013.0,1.0,0.0,9.499043002362878,9.499043002362878
tol_7p5km_int_15min,iphesp,vq_ctw,15,nearest,256.0,7.5,43.0,1.0,0.0,6.525480213252493,6.525480213252493
tol_7p5km_int_15min,iphesp,vq_ctw,15,linear,512.0,7.5,2013.0,1.0,0.0,9.741933848391191,9.741933848391191
tol_7p5km_int_15min,iphesp,vq_ctw,15,nearest,512.0,7.5,43.0,1.0,0.0,7.384949632161673,7.384949632161673
tol_7p5km_int_15min,iphesp,vq_ctw,15,linear,1024.0,7.5,2013.0,1.0,0.0,9.769305641836452,9.769305641836452
tol_7p5km_int_15min,iphesp,vq_ctw,15,nearest,1024.0,7.5,43.0,1.0,0.0,8.28274119644547,8.28274119644547
tol_7p5km_int_15min,iphybc,direct_ctw,15,linear,,7.5,2015.0,0.9174801696490996,0.7676410976643623,2.3844783233907845,2.586130137217296
tol_7p5km_int_15min,iphybc,direct_ctw,15,nearest,,7.5,111.0,0.9343008790082512,0.568720444982679,2.329608625668718,2.494131575852847
tol_7p5km_int_15min,iphybc,markov_order_1,15,linear,,7.5,2015.0,0.8886798588784088,0.9850027512312236,2.3844783233907845,2.586130137217296
tol_7p5km_int_15min,iphybc,markov_order_1,15,nearest,,7.5,111.0,0.905680915237918,0.682437049691448,2.329608625668718,2.494131575852847
tol_7p5km_int_15min,iphybc,markov_order_2,15,linear,,7.5,2015.0,0.8804900093229329,1.0444642928443912,2.3844783233907845,2.586130137217296
tol_7p5km_int_15min,iphybc,markov_order_2,15,nearest,,7.5,111.0,0.8947172659634313,0.7164634254781734,2.329608625668718,2.494131575852847
tol_7p5km_int_15min,iphybc,vq_ctw,15,linear,256.0,7.5,2015.0,1.0,0.0,6.91841376503317,6.91841376503317
tol_7p5km_int_15min,iphybc,vq_ctw,15,nearest,256.0,7.5,111.0,1.0,0.0,6.608820082314917,6.608820082314917
tol_7p5km_int_15min,iphybc,vq_ctw,15,linear,512.0,7.5,2015.0,1.0,0.0,6.936763415024718,6.936763415024718
tol_7p5km_int_15min,iphybc,vq_ctw,15,nearest,512.0,7.5,111.0,1.0,0.0,7.001144244694917,7.001144244694917
tol_7p5km_int_15min,iphybc,vq_ctw,15,linear,1024.0,7.5,2015.0,1.0,0.0,6.93579926134961,6.93579926134961
tol_7p5km_int_15min,iphybc,vq_ctw,15,nearest,1024.0,7.5,111.0,1.0,0.0,6.897398602066606,6.897398602066606
tol_7p5km_int_15min,ipjier,direct_ctw,15,linear,,7.5,2015.0,0.9322630748784372,0.6283686754375737,2.375377318775783,2.560451142654615
tol_7p5km_int_15min,ipjier,direct_ctw,15,nearest,,7.5,197.0,0.92350298142898,0.4822885360265895,2.2616813067338986,2.4042086277879684
tol_7p5km_int_15min,ipjier,markov_order_1,15,linear,,7.5,2015.0,0.9134742561428456,0.7708686086028436,2.375377318775783,2.560451142654615
tol_7p5km_int_15min,ipjier,markov_order_1,15,nearest,,7.5,197.0,0.9085626346658716,0.5504593726742265,2.2616813067338986,2.4042086277879684
tol_7p5km_int_15min,ipjier,markov_order_2,15,linear,,7.5,2015.0,0.907889033899758,0.8119208358957056,2.375377318775783,2.560451142654615
tol_7p5km_int_15min,ipjier,markov_order_2,15,nearest,,7.5,197.0,0.8992221272806947,0.5912867240728461,2.2616813067338986,2.4042086277879684
tol_7p5km_int_15min,ipjier,vq_ctw,15,linear,256.0,7.5,2015.0,1.0,0.0,5.783518784194457,5.783518784194457
tol_7p5km_int_15min,ipjier,vq_ctw,15,nearest,256.0,7.5,197.0,1.0,0.0,6.147925806641882,6.147925806641882
tol_7p5km_int_15min,ipjier,vq_ctw,15,linear,512.0,7.5,2015.0,1.0,0.0,5.686373997407811,5.686373997407811
tol_7p5km_int_15min,ipjier,vq_ctw,15,nearest,512.0,7.5,197.0,1.0,0.0,6.256064966713332,6.256064966713332
tol_7p5km_int_15min,ipjier,vq_ctw,15,linear,1024.0,7.5,2015.0,1.0,0.0,5.686720941445942,5.686720941445942
tol_7p5km_int_15min,ipjier,vq_ctw,15,nearest,1024.0,7.5,197.0,1.0,0.0,6.85963587259632,6.85963587259632
tol_7p5km_int_15min,ippfei,direct_ctw,15,linear,,7.5,1561.0,0.9221443108099916,0.7128103767127991,2.2868880864670693,2.478755419754528
tol_7p5km_int_15min,ippfei,direct_ctw,15,nearest,,7.5,154.0,0.9199177919896596,0.5817703843637956,2.2504843452789363,2.432592571643198
tol_7p5km_int_15min,ippfei,markov_order_1,15,linear,,7.5,1561.0,0.9011414656989636,0.8694473397487846,2.2868880864670693,2.478755419754528
tol_7p5km_int_15min,ippfei,markov_order_1,15,nearest,,7.5,154.0,0.8772550904463275,0.7689358656223142,2.2504843452789363,2.432592571643198
tol_7p5km_int_15min,ippfei,markov_order_2,15,linear,,7.5,1561.0,0.8900665258689898,0.9490642540553124,2.2868880864670693,2.478755419754528
tol_7p5km_int_15min,ippfei,markov_order_2,15,nearest,,7.5,154.0,0.8750321397730493,0.7837062558749764,2.2504843452789363,2.432592571643198
tol_7p5km_int_15min,ippfei,vq_ctw,15,linear,256.0,7.5,1561.0,1.0,0.0,5.874165495996264,5.874165495996264
tol_7p5km_int_15min,ippfei,vq_ctw,15,nearest,256.0,7.5,154.0,1.0,0.0,5.7914929209634165,5.7914929209634165
tol_7p5km_int_15min,ippfei,vq_ctw,15,linear,512.0,7.5,1561.0,1.0,0.0,5.670984445231387,5.670984445231387
tol_7p5km_int_15min,ippfei,vq_ctw,15,nearest,512.0,7.5,154.0,1.0,0.0,5.979398905979736,5.979398905979736
tol_7p5km_int_15min,ippfei,vq_ctw,15,linear,1024.0,7.5,1561.0,1.0,0.0,5.670774232171945,5.670774232171945
tol_7p5km_int_15min,ippfei,vq_ctw,15,nearest,1024.0,7.5,154.0,1.0,0.0,5.784934961994929,5.784934961994929
tol_7p5km_int_15min,irjfen,direct_ctw,15,linear,,7.5,2014.0,0.9230024592826066,0.6923314249260953,2.2081642520774505,2.392148721061369
tol_7p5km_int_15min,irjfen,direct_ctw,15,nearest,,7.5,399.0,0.931478755294684,0.5050562197322792,2.4028311642749256,2.573410535930281
tol_7p5km_int_15min,irjfen,markov_order_1,15,linear,,7.5,2014.0,0.9054688108291052,0.8207391808476547,2.2081642520774505,2.392148721061369
tol_7p5km_int_15min,irjfen,markov_order_1,15,nearest,,7.5,399.0,0.8955350575779243,0.6757837750871476,2.4028311642749256,2.573410535930281
tol_7p5km_int_15min,irjfen,markov_order_2,15,linear,,7.5,2014.0,0.9003113663339898,0.8574803932798195,2.2081642520774505,2.392148721061369
tol_7p5km_int_15min,irjfen,markov_order_2,15,nearest,,7.5,399.0,0.8883518947072314,0.7047079889227049,2.4028311642749256,2.573410535930281
tol_7p5km_int_15min,irjfen,vq_ctw,15,linear,256.0,7.5,2014.0,1.0,0.0,5.879177708235802,5.879177708235802
tol_7p5km_int_15min,irjfen,vq_ctw,15,nearest,256.0,7.5,399.0,1.0,0.0,6.786845776862965,6.786845776862965
tol_7p5km_int_15min,irjfen,vq_ctw,15,linear,512.0,7.5,2014.0,1.0,0.0,5.692081733368114,5.692081733368114
tol_7p5km_int_15min,irjfen,vq_ctw,15,nearest,512.0,7.5,399.0,1.0,0.0,6.875097184344047,6.875097184344047
tol_7p5km_int_15min,irjfen,vq_ctw,15,linear,1024.0,7.5,2014.0,1.0,0.0,5.682535499028878,5.682535499028878
tol_7p5km_int_15min,irjfen,vq_ctw,15,nearest,1024.0,7.5,399.0,1.0,0.0,7.915194143690985,7.915194143690985
tol_7p5km_int_15min,isekdy,direct_ctw,15,linear,,7.5,2015.0,0.9404805201329794,0.5869629215161866,2.1330492997493304,2.332698200855872
tol_7p5km_int_15min,isekdy,direct_ctw,15,nearest,,7.5,71.0,0.9999999999989512,0.1622427573110651,2.216242203416899,2.322064232823541
tol_7p5km_int_15min,isekdy,markov_order_1,15,linear,,7.5,2015.0,0.9195664763092986,0.7569944662539145,2.1330492997493304,2.332698200855872
tol_7p5km_int_15min,isekdy,markov_order_1,15,nearest,,7.5,71.0,0.9999999999989512,0.2033916250495368,2.216242203416899,2.322064232823541
tol_7p5km_int_15min,isekdy,markov_order_2,15,linear,,7.5,2015.0,0.9116394760486354,0.8190811238545809,2.1330492997493304,2.332698200855872
tol_7p5km_int_15min,isekdy,markov_order_2,15,nearest,,7.5,71.0,0.9999999999989512,0.2140477084672266,2.216242203416899,2.322064232823541
tol_7p5km_int_15min,isekdy,vq_ctw,15,linear,256.0,7.5,2015.0,1.0,0.0,6.700340154895081,6.700340154895081
tol_7p5km_int_15min,isekdy,vq_ctw,15,nearest,256.0,7.5,71.0,1.0,0.0,6.148056600991551,6.148056600991551
tol_7p5km_int_15min,isekdy,vq_ctw,15,linear,512.0,7.5,2015.0,1.0,0.0,6.584064158383707,6.584064158383707
tol_7p5km_int_15min,isekdy,vq_ctw,15,nearest,512.0,7.5,71.0,1.0,0.0,5.694184643523952,5.694184643523952
tol_7p5km_int_15min,isekdy,vq_ctw,15,linear,1024.0,7.5,2015.0,1.0,0.0,6.578321231986836,6.578321231986836
tol_7p5km_int_15min,isekdy,vq_ctw,15,nearest,1024.0,7.5,71.0,1.0,0.0,5.660876557713291,5.660876557713291
tol_7p5km_int_15min,isfikt,direct_ctw,15,linear,,7.5,2015.0,0.931510114342974,0.6562711226784962,2.1768079548934307,2.3754104462183525
tol_7p5km_int_15min,isfikt,direct_ctw,15,nearest,,7.5,164.0,0.9201103807826748,0.4836362801046918,2.307072580935867,2.4600621368102487
tol_7p5km_int_15min,isfikt,markov_order_1,15,linear,,7.5,2015.0,0.9093424517187484,0.8304762326388458,2.1768079548934307,2.3754104462183525
tol_7p5km_int_15min,isfikt,markov_order_1,15,nearest,,7.5,164.0,0.8815118223965905,0.6456119143189832,2.307072580935867,2.4600621368102487
tol_7p5km_int_15min,isfikt,markov_order_2,15,linear,,7.5,2015.0,0.9023383018785492,0.8836260584526358,2.1768079548934307,2.3754104462183525
tol_7p5km_int_15min,isfikt,markov_order_2,15,nearest,,7.5,164.0,0.8770620890267222,0.6659855296695761,2.307072580935867,2.4600621368102487
tol_7p5km_int_15min,isfikt,vq_ctw,15,linear,256.0,7.5,2015.0,1.0,0.0,6.306589475479226,6.306589475479226
tol_7p5km_int_15min,isfikt,vq_ctw,15,nearest,256.0,7.5,164.0,1.0,0.0,5.820151503523121,5.820151503523121
tol_7p5km_int_15min,isfikt,vq_ctw,15,linear,512.0,7.5,2015.0,1.0,0.0,6.222725723558863,6.222725723558863
tol_7p5km_int_15min,isfikt,vq_ctw,15,nearest,512.0,7.5,164.0,1.0,0.0,5.697794252516569,5.697794252516569
tol_7p5km_int_15min,isfikt,vq_ctw,15,linear,1024.0,7.5,2015.0,1.0,0.0,6.227671075827155,6.227671075827155
tol_7p5km_int_15min,isfikt,vq_ctw,15,nearest,1024.0,7.5,164.0,1.0,0.0,6.4553932338411375,6.4553932338411375
tol_7p5km_int_15min,ishvir,direct_ctw,15,linear,,7.5,2015.0,0.940333615725678,0.5532902653393524,2.170837877033846,2.3552018794787424
tol_7p5km_int_15min,ishvir,direct_ctw,15,nearest,,7.5,182.0,0.9324210047395632,0.4280230479186834,2.273858703745387,2.471939264273508
tol_7p5km_int_15min,ishvir,markov_order_1,15,linear,,7.5,2015.0,0.9296843212205704,0.6348173452894447,2.170837877033846,2.3552018794787424
tol_7p5km_int_15min,ishvir,markov_order_1,15,nearest,,7.5,182.0,0.895605704183622,0.5948905879930583,2.273858703745387,2.471939264273508
tol_7p5km_int_15min,ishvir,markov_order_2,15,linear,,7.5,2015.0,0.9233372123554264,0.6821921892561443,2.170837877033846,2.3552018794787424
tol_7p5km_int_15min,ishvir,markov_order_2,15,nearest,,7.5,182.0,0.8975441323682533,0.5854637763153744,2.273858703745387,2.471939264273508
tol_7p5km_int_15min,ishvir,vq_ctw,15,linear,256.0,7.5,2015.0,1.0,0.0,5.112698456939256,5.112698456939256
tol_7p5km_int_15min,ishvir,vq_ctw,15,nearest,256.0,7.5,182.0,1.0,0.0,5.9991481875473545,5.9991481875473545
tol_7p5km_int_15min,ishvir,vq_ctw,15,linear,512.0,7.5,2015.0,1.0,0.0,4.840457012248849,4.840457012248849
tol_7p5km_int_15min,ishvir,vq_ctw,15,nearest,512.0,7.5,182.0,1.0,0.0,6.038435468856039,6.038435468856039
tol_7p5km_int_15min,ishvir,vq_ctw,15,linear,1024.0,7.5,2015.0,1.0,0.0,4.811290607583309,4.811290607583309
tol_7p5km_int_15min,ishvir,vq_ctw,15,nearest,1024.0,7.5,182.0,1.0,0.0,6.520474938717591,6.520474938717591
tol_7p5km_int_15min,isnthl,direct_ctw,15,linear,,7.5,641.0,0.9394048664535456,0.5310955375038379,2.520794304608314,2.7056724328453705
tol_7p5km_int_15min,isnthl,direct_ctw,15,nearest,,7.5,74.0,0.9045702081544704,0.5969724193012222,2.511151613337567,2.65838722832588
tol_7p5km_int_15min,isnthl,markov_order_1,15,linear,,7.5,641.0,0.9116245797186772,0.724600600292024,2.520794304608314,2.7056724328453705
tol_7p5km_int_15min,isnthl,markov_order_1,15,nearest,,7.5,74.0,0.8535842936521411,0.8226514135092464,2.511151613337567,2.65838722832588
tol_7p5km_int_15min,isnthl,markov_order_2,15,linear,,7.5,641.0,0.9063463411285796,0.759659804184586,2.520794304608314,2.7056724328453705
tol_7p5km_int_15min,isnthl,markov_order_2,15,nearest,,7.5,74.0,0.8355967566125129,0.8908875762174104,2.511151613337567,2.65838722832588
tol_7p5km_int_15min,isnthl,vq_ctw,15,linear,256.0,7.5,641.0,1.0,0.0,5.844904515259058,5.844904515259058
tol_7p5km_int_15min,isnthl,vq_ctw,15,nearest,256.0,7.5,74.0,1.0,0.0,8.070231721981443,8.070231721981443
tol_7p5km_int_15min,isnthl,vq_ctw,15,linear,512.0,7.5,641.0,1.0,0.0,5.86457619291134,5.86457619291134
tol_7p5km_int_15min,isnthl,vq_ctw,15,nearest,512.0,7.5,74.0,1.0,0.0,8.12683329855655,8.12683329855655
tol_7p5km_int_15min,isnthl,vq_ctw,15,linear,1024.0,7.5,641.0,1.0,0.0,5.885864651489687,5.885864651489687
tol_7p5km_int_15min,isnthl,vq_ctw,15,nearest,1024.0,7.5,74.0,1.0,0.0,8.499374023957063,8.499374023957063
tol_7p5km_int_15min,ispaww,direct_ctw,15,linear,,7.5,2015.0,0.9354903739868335,0.6191244411022776,2.156287005616768,2.365878463317472
tol_7p5km_int_15min,ispaww,direct_ctw,15,nearest,,7.5,293.0,0.9681005777958674,0.2728887799788419,1.974741126821116,2.135238855610956
tol_7p5km_int_15min,ispaww,markov_order_1,15,linear,,7.5,2015.0,0.916908498037704,0.7659463757520476,2.156287005616768,2.365878463317472
tol_7p5km_int_15min,ispaww,markov_order_1,15,nearest,,7.5,293.0,0.9621593957568608,0.3191902937030362,1.974741126821116,2.135238855610956
tol_7p5km_int_15min,ispaww,markov_order_2,15,linear,,7.5,2015.0,0.907389009225066,0.8385302111406756,2.156287005616768,2.365878463317472
tol_7p5km_int_15min,ispaww,markov_order_2,15,nearest,,7.5,293.0,0.958013347378476,0.344192019842656,1.974741126821116,2.135238855610956
tol_7p5km_int_15min,ispaww,vq_ctw,15,linear,256.0,7.5,2015.0,1.0,0.0,6.184135524128342,6.184135524128342
tol_7p5km_int_15min,ispaww,vq_ctw,15,nearest,256.0,7.5,293.0,1.0,0.0,6.036206415249456,6.036206415249456
tol_7p5km_int_15min,ispaww,vq_ctw,15,linear,512.0,7.5,2015.0,1.0,0.0,5.988254703828682,5.988254703828682
tol_7p5km_int_15min,ispaww,vq_ctw,15,nearest,512.0,7.5,293.0,1.0,0.0,5.762731699594348,5.762731699594348
tol_7p5km_int_15min,ispaww,vq_ctw,15,linear,1024.0,7.5,2015.0,1.0,0.0,5.973216098570889,5.973216098570889
tol_7p5km_int_15min,ispaww,vq_ctw,15,nearest,1024.0,7.5,293.0,1.0,0.0,6.338429284381249,6.338429284381249
tol_7p5km_int_15min,isvayd,direct_ctw,15,linear,,7.5,2011.0,0.905575355659592,0.8721490006012099,2.449375933834809,2.6544897660504616
tol_7p5km_int_15min,isvayd,markov_order_1,15,linear,,7.5,2011.0,0.8666531108021389,1.161197446232331,2.449375933834809,2.6544897660504616
tol_7p5km_int_15min,isvayd,markov_order_2,15,linear,,7.5,2011.0,0.8580053507168602,1.222654304147832,2.449375933834809,2.6544897660504616
tol_7p5km_int_15min,isvayd,vq_ctw,15,linear,256.0,7.5,2011.0,1.0,0.0,9.309282118124903,9.309282118124903
tol_7p5km_int_15min,isvayd,vq_ctw,15,linear,512.0,7.5,2011.0,1.0,0.0,9.508621056059658,9.508621056059658
tol_7p5km_int_15min,isvayd,vq_ctw,15,linear,1024.0,7.5,2011.0,1.0,0.0,9.53977360054899,9.53977360054899
tol_7p5km_int_15min,itacfl,direct_ctw,15,linear,,7.5,2015.0,0.9558903741699374,0.4372658184456736,2.184755099221376,2.378239914081752
tol_7p5km_int_15min,itacfl,direct_ctw,15,nearest,,7.5,250.0,0.9473441535622408,0.467148176987578,2.306094644806997,2.493452462237493
tol_7p5km_int_15min,itacfl,markov_order_1,15,linear,,7.5,2015.0,0.9416793638074784,0.5540246268312925,2.184755099221376,2.378239914081752
tol_7p5km_int_15min,itacfl,markov_order_1,15,nearest,,7.5,250.0,0.93099535220076,0.568912522764628,2.306094644806997,2.493452462237493
tol_7p5km_int_15min,itacfl,markov_order_2,15,linear,,7.5,2015.0,0.938057069927742,0.5828815446276665,2.184755099221376,2.378239914081752
tol_7p5km_int_15min,itacfl,markov_order_2,15,nearest,,7.5,250.0,0.9194856932990638,0.6042730860830159,2.306094644806997,2.493452462237493
tol_7p5km_int_15min,itacfl,vq_ctw,15,linear,256.0,7.5,2015.0,1.0,0.0,5.439992223902362,5.439992223902362
tol_7p5km_int_15min,itacfl,vq_ctw,15,nearest,256.0,7.5,250.0,1.0,0.0,6.575394515883894,6.575394515883894
tol_7p5km_int_15min,itacfl,vq_ctw,15,linear,512.0,7.5,2015.0,1.0,0.0,5.195132947988413,5.195132947988413
tol_7p5km_int_15min,itacfl,vq_ctw,15,nearest,512.0,7.5,250.0,1.0,0.0,6.888989846283951,6.888989846283951
tol_7p5km_int_15min,itacfl,vq_ctw,15,linear,1024.0,7.5,2015.0,1.0,0.0,5.193536210967801,5.193536210967801
tol_7p5km_int_15min,itacfl,vq_ctw,15,nearest,1024.0,7.5,250.0,1.0,0.0,6.764054322281647,6.764054322281647
tol_7p5km_int_15min,itbadp,direct_ctw,15,linear,,7.5,2015.0,0.936973880393488,0.5969590814882212,2.1419183417631715,2.325689584424897
tol_7p5km_int_15min,itbadp,direct_ctw,15,nearest,,7.5,410.0,0.9273410990980948,0.5034891927241316,2.3047353986153345,2.46661912198108
tol_7p5km_int_15min,itbadp,markov_order_1,15,linear,,7.5,2015.0,0.920323696714218,0.7267115255859989,2.1419183417631715,2.325689584424897
tol_7p5km_int_15min,itbadp,markov_order_1,15,nearest,,7.5,410.0,0.8873365470387681,0.686147763758609,2.3047353986153345,2.46661912198108
tol_7p5km_int_15min,itbadp,markov_order_2,15,linear,,7.5,2015.0,0.9129249606913544,0.7825465662704265,2.1419183417631715,2.325689584424897
tol_7p5km_int_15min,itbadp,markov_order_2,15,nearest,,7.5,410.0,0.8753312770711081,0.741385908570267,2.3047353986153345,2.46661912198108
tol_7p5km_int_15min,itbadp,vq_ctw,15,linear,256.0,7.5,2015.0,1.0,0.0,5.922545875655045,5.922545875655045
tol_7p5km_int_15min,itbadp,vq_ctw,15,nearest,256.0,7.5,410.0,1.0,0.0,6.4859742512587175,6.4859742512587175
tol_7p5km_int_15min,itbadp,vq_ctw,15,linear,512.0,7.5,2015.0,1.0,0.0,5.764712574204744,5.764712574204744
tol_7p5km_int_15min,itbadp,vq_ctw,15,nearest,512.0,7.5,410.0,1.0,0.0,6.4943325400505305,6.4943325400505305
tol_7p5km_int_15min,itbadp,vq_ctw,15,linear,1024.0,7.5,2015.0,1.0,0.0,5.74553074467601,5.74553074467601
tol_7p5km_int_15min,itbadp,vq_ctw,15,nearest,1024.0,7.5,410.0,1.0,0.0,6.913693291261832,6.913693291261832
tol_7p5km_int_15min,itbejs,direct_ctw,15,linear,,7.5,1988.0,0.9693154866390324,0.3078159577900135,2.207647241792824,2.376445242697308
tol_7p5km_int_15min,itbejs,direct_ctw,15,nearest,,7.5,177.0,0.9288943680790542,0.4524913066832861,2.2091029823190973,2.406679811736885
tol_7p5km_int_15min,itbejs,markov_order_1,15,linear,,7.5,1988.0,0.9619710860269916,0.3695129025651533,2.207647241792824,2.376445242697308
tol_7p5km_int_15min,itbejs,markov_order_1,15,nearest,,7.5,177.0,0.8839787914532339,0.6542649783731079,2.2091029823190973,2.406679811736885
tol_7p5km_int_15min,itbejs,markov_order_2,15,linear,,7.5,1988.0,0.9581376306004972,0.4008418998704959,2.207647241792824,2.376445242697308
tol_7p5km_int_15min,itbejs,markov_order_2,15,nearest,,7.5,177.0,0.8840537720324556,0.6531867480916344,2.2091029823190973,2.406679811736885
tol_7p5km_int_15min,itbejs,vq_ctw,15,linear,256.0,7.5,1988.0,1.0,0.0,4.524258613180252,4.524258613180252
tol_7p5km_int_15min,itbejs,vq_ctw,15,nearest,256.0,7.5,177.0,1.0,0.0,6.165957846467603,6.165957846467603
tol_7p5km_int_15min,itbejs,vq_ctw,15,linear,512.0,7.5,1988.0,1.0,0.0,4.181679937043362,4.181679937043362
tol_7p5km_int_15min,itbejs,vq_ctw,15,nearest,512.0,7.5,177.0,1.0,0.0,6.172618270250386,6.172618270250386
tol_7p5km_int_15min,itbejs,vq_ctw,15,linear,1024.0,7.5,1988.0,1.0,0.0,4.169762673119556,4.169762673119556
tol_7p5km_int_15min,itbejs,vq_ctw,15,nearest,1024.0,7.5,177.0,1.0,0.0,6.373266014080786,6.373266014080786
tol_7p5km_int_15min,itcemr,direct_ctw,15,linear,,7.5,1939.0,0.9194895589744896,0.7576026249383142,2.1605318936737072,2.3679957674617507
tol_7p5km_int_15min,itcemr,direct_ctw,15,nearest,,7.5,107.0,0.9428086136194976,0.4430834532357069,2.195011008386403,2.3663891717750603
tol_7p5km_int_15min,itcemr,markov_order_1,15,linear,,7.5,1939.0,0.8944194484785227,0.9501832268840456,2.1605318936737072,2.3679957674617507
tol_7p5km_int_15min,itcemr,markov_order_1,15,nearest,,7.5,107.0,0.8947868630993054,0.6816133908604936,2.195011008386403,2.3663891717750603
tol_7p5km_int_15min,itcemr,markov_order_2,15,linear,,7.5,1939.0,0.8824512192506144,1.0385851814946891,2.1605318936737072,2.3679957674617507
tol_7p5km_int_15min,itcemr,markov_order_2,15,nearest,,7.5,107.0,0.8848574885959618,0.7288535960541146,2.195011008386403,2.3663891717750603
tol_7p5km_int_15min,itcemr,vq_ctw,15,linear,256.0,7.5,1939.0,1.0,0.0,6.7498088032523285,6.7498088032523285
tol_7p5km_int_15min,itcemr,vq_ctw,15,nearest,256.0,7.5,107.0,1.0,0.0,6.62660021352356,6.62660021352356
tol_7p5km_int_15min,itcemr,vq_ctw,15,linear,512.0,7.5,1939.0,1.0,0.0,6.660222475500104,6.660222475500104
tol_7p5km_int_15min,itcemr,vq_ctw,15,nearest,512.0,7.5,107.0,1.0,0.0,6.504679254263643,6.504679254263643
tol_7p5km_int_15min,itcemr,vq_ctw,15,linear,1024.0,7.5,1939.0,1.0,0.0,6.662094415912368,6.662094415912368
tol_7p5km_int_15min,itcemr,vq_ctw,15,nearest,1024.0,7.5,107.0,1.0,0.0,6.924881073016588,6.924881073016588
tol_7p5km_int_15min,ithpet,direct_ctw,15,linear,,7.5,2014.0,0.920172944111142,0.7675735752715254,2.505461648795998,2.6929776572914577
tol_7p5km_int_15min,ithpet,direct_ctw,15,nearest,,7.5,33.0,0.9190249498634137,0.5675556563939175,2.418896563835659,2.6683163111425343
tol_7p5km_int_15min,ithpet,markov_order_1,15,linear,,7.5,2014.0,0.8929113164769079,0.9820692066520592,2.505461648795998,2.6929776572914577
tol_7p5km_int_15min,ithpet,markov_order_1,15,nearest,,7.5,33.0,0.8535521315054416,0.8937749756784652,2.418896563835659,2.6683163111425343
tol_7p5km_int_15min,ithpet,markov_order_2,15,linear,,7.5,2014.0,0.8838144112661721,1.051002712469438,2.505461648795998,2.6929776572914577
tol_7p5km_int_15min,ithpet,markov_order_2,15,nearest,,7.5,33.0,0.8330840839473854,0.984432670377704,2.418896563835659,2.6683163111425343
tol_7p5km_int_15min,ithpet,vq_ctw,15,linear,256.0,7.5,2014.0,1.0,0.0,7.195991807115522,7.195991807115522
tol_7p5km_int_15min,ithpet,vq_ctw,15,nearest,256.0,7.5,33.0,1.0,0.0,5.477208272215838,5.477208272215838
tol_7p5km_int_15min,ithpet,vq_ctw,15,linear,512.0,7.5,2014.0,1.0,0.0,7.31099147397602,7.31099147397602
tol_7p5km_int_15min,ithpet,vq_ctw,15,nearest,512.0,7.5,33.0,1.0,0.0,6.885686068860033,6.885686068860033
tol_7p5km_int_15min,ithpet,vq_ctw,15,linear,1024.0,7.5,2014.0,1.0,0.0,7.337776351741548,7.337776351741548
tol_7p5km_int_15min,ithpet,vq_ctw,15,nearest,1024.0,7.5,33.0,1.0,0.0,7.591661770508824,7.591661770508824
tol_7p5km_int_15min,itmeps,direct_ctw,15,linear,,7.5,1958.0,0.9331757790342158,0.6474721026570712,2.363485116363142,2.5743936583669864
tol_7p5km_int_15min,itmeps,direct_ctw,15,nearest,,7.5,32.0,1.0,0.0,2.3487078548472238,2.4803752450702867
tol_7p5km_int_15min,itmeps,markov_order_1,15,linear,,7.5,1958.0,0.9103423862535216,0.8291306415847547,2.363485116363142,2.5743936583669864
tol_7p5km_int_15min,itmeps,markov_order_1,15,nearest,,7.5,32.0,1.0,0.0,2.3487078548472238,2.4803752450702867
tol_7p5km_int_15min,itmeps,markov_order_2,15,linear,,7.5,1958.0,0.8993006978117791,0.9135117172194868,2.363485116363142,2.5743936583669864
tol_7p5km_int_15min,itmeps,markov_order_2,15,nearest,,7.5,32.0,1.0,0.0,2.3487078548472238,2.4803752450702867
tol_7p5km_int_15min,itmeps,vq_ctw,15,linear,256.0,7.5,1958.0,1.0,0.0,6.906102657904008,6.906102657904008
tol_7p5km_int_15min,itmeps,vq_ctw,15,nearest,256.0,7.5,32.0,1.0,0.0,6.551166238771561,6.551166238771561
tol_7p5km_int_15min,itmeps,vq_ctw,15,linear,512.0,7.5,1958.0,1.0,0.0,6.831897740834428,6.831897740834428
tol_7p5km_int_15min,itmeps,vq_ctw,15,nearest,512.0,7.5,32.0,1.0,0.0,5.88291601771329,5.88291601771329
tol_7p5km_int_15min,itmeps,vq_ctw,15,linear,1024.0,7.5,1958.0,1.0,0.0,6.825613236387042,6.825613236387042
tol_7p5km_int_15min,itmeps,vq_ctw,15,nearest,1024.0,7.5,32.0,1.0,0.0,6.560698670711991,6.560698670711991
tol_7p5km_int_15min,itpivo,direct_ctw,15,linear,,7.5,2012.0,0.9463922652057756,0.5206486640699431,2.1555120707064126,2.348299336834188
tol_7p5km_int_15min,itpivo,direct_ctw,15,nearest,,7.5,77.0,0.97146140225096,0.275941517160703,2.012003293574816,2.169691117872454
tol_7p5km_int_15min,itpivo,markov_order_1,15,linear,,7.5,2012.0,0.9308012277170316,0.6457738978637776,2.1555120707064126,2.348299336834188
tol_7p5km_int_15min,itpivo,markov_order_1,15,nearest,,7.5,77.0,0.9623297660979184,0.3346912602467394,2.012003293574816,2.169691117872454
tol_7p5km_int_15min,itpivo,markov_order_2,15,linear,,7.5,2012.0,0.9225546534863232,0.70966809125139,2.1555120707064126,2.348299336834188
tol_7p5km_int_15min,itpivo,markov_order_2,15,nearest,,7.5,77.0,0.9578499056290328,0.3653378885278205,2.012003293574816,2.169691117872454
tol_7p5km_int_15min,itpivo,vq_ctw,15,linear,256.0,7.5,2012.0,1.0,0.0,5.941964278139755,5.941964278139755
tol_7p5km_int_15min,itpivo,vq_ctw,15,nearest,256.0,7.5,77.0,1.0,0.0,5.816805936781997,5.816805936781997
tol_7p5km_int_15min,itpivo,vq_ctw,15,linear,512.0,7.5,2012.0,1.0,0.0,5.704489244303633,5.704489244303633
tol_7p5km_int_15min,itpivo,vq_ctw,15,nearest,512.0,7.5,77.0,1.0,0.0,5.556366061566597,5.556366061566597
tol_7p5km_int_15min,itpivo,vq_ctw,15,linear,1024.0,7.5,2012.0,1.0,0.0,5.690655074231252,5.690655074231252
tol_7p5km_int_15min,itpivo,vq_ctw,15,nearest,1024.0,7.5,77.0,1.0,0.0,6.287978060350531,6.287978060350531
tol_7p5km_int_15min,itquir,direct_ctw,15,linear,,7.5,2015.0,0.9383563539586576,0.5859014311328337,2.131861657083059,2.327464507569549
tol_7p5km_int_15min,itquir,direct_ctw,15,nearest,,7.5,293.0,0.9427078962542876,0.395144849212093,2.127687963564347,2.3224835526291687
tol_7p5km_int_15min,itquir,markov_order_1,15,linear,,7.5,2015.0,0.921900443528168,0.7146762377786477,2.131861657083059,2.327464507569549
tol_7p5km_int_15min,itquir,markov_order_1,15,nearest,,7.5,293.0,0.9160352045000092,0.5213568137444672,2.127687963564347,2.3224835526291687
tol_7p5km_int_15min,itquir,markov_order_2,15,linear,,7.5,2015.0,0.9127853470264128,0.7835903683985577,2.131861657083059,2.327464507569549
tol_7p5km_int_15min,itquir,markov_order_2,15,nearest,,7.5,293.0,0.9097005294996614,0.5505755717572292,2.127687963564347,2.3224835526291687
tol_7p5km_int_15min,itquir,vq_ctw,15,linear,256.0,7.5,2015.0,1.0,0.0,5.760958346605153,5.760958346605153
tol_7p5km_int_15min,itquir,vq_ctw,15,nearest,256.0,7.5,293.0,1.0,0.0,5.821847563511529,5.821847563511529
tol_7p5km_int_15min,itquir,vq_ctw,15,linear,512.0,7.5,2015.0,1.0,0.0,5.509264328527151,5.509264328527151
tol_7p5km_int_15min,itquir,vq_ctw,15,nearest,512.0,7.5,293.0,1.0,0.0,5.866199198805499,5.866199198805499
tol_7p5km_int_15min,itquir,vq_ctw,15,linear,1024.0,7.5,2015.0,1.0,0.0,5.488577458000758,5.488577458000758
tol_7p5km_int_15min,itquir,vq_ctw,15,nearest,1024.0,7.5,293.0,1.0,0.0,6.456856051920081,6.456856051920081
tol_7p5km_int_15min,ivheoo,direct_ctw,15,linear,,7.5,2015.0,0.9006151003114783,0.9166164849370556,2.427237625719219,2.629137390439168
tol_7p5km_int_15min,ivheoo,direct_ctw,15,nearest,,7.5,106.0,0.9619478258274948,0.3679533425594073,2.634600850661016,2.7541076062544585
tol_7p5km_int_15min,ivheoo,markov_order_1,15,linear,,7.5,2015.0,0.8704396657114424,1.1423053652497557,2.427237625719219,2.629137390439168
tol_7p5km_int_15min,ivheoo,markov_order_1,15,nearest,,7.5,106.0,0.9354722745935956,0.4782363225236511,2.634600850661016,2.7541076062544585
tol_7p5km_int_15min,ivheoo,markov_order_2,15,linear,,7.5,2015.0,0.8586037131601292,1.2274987765656085,2.427237625719219,2.629137390439168
tol_7p5km_int_15min,ivheoo,markov_order_2,15,nearest,,7.5,106.0,0.933932837179755,0.4844224632648655,2.634600850661016,2.7541076062544585
tol_7p5km_int_15min,ivheoo,vq_ctw,15,linear,256.0,7.5,2015.0,1.0,0.0,7.65386738975124,7.65386738975124
tol_7p5km_int_15min,ivheoo,vq_ctw,15,nearest,256.0,7.5,106.0,1.0,0.0,6.253329627324673,6.253329627324673
tol_7p5km_int_15min,ivheoo,vq_ctw,15,linear,512.0,7.5,2015.0,1.0,0.0,7.694155223596503,7.694155223596503
tol_7p5km_int_15min,ivheoo,vq_ctw,15,nearest,512.0,7.5,106.0,1.0,0.0,6.54185237245706,6.54185237245706
tol_7p5km_int_15min,ivheoo,vq_ctw,15,linear,1024.0,7.5,2015.0,1.0,0.0,7.687325374821905,7.687325374821905
tol_7p5km_int_15min,ivheoo,vq_ctw,15,nearest,1024.0,7.5,106.0,1.0,0.0,6.326944100116806,6.326944100116806
tol_7p5km_int_15min,ivkock,direct_ctw,15,linear,,7.5,2015.0,0.9149977563057176,0.7869377732762995,2.449307369415187,2.6812829119525263
tol_7p5km_int_15min,ivkock,direct_ctw,15,nearest,,7.5,307.0,0.9246936489816316,0.5169231150842354,2.278377390448132,2.4381908005948425
tol_7p5km_int_15min,ivkock,markov_order_1,15,linear,,7.5,2015.0,0.8931267591243663,0.9523105280987876,2.449307369415187,2.6812829119525263
tol_7p5km_int_15min,ivkock,markov_order_1,15,nearest,,7.5,307.0,0.881696921519175,0.7056121382899988,2.278377390448132,2.4381908005948425
tol_7p5km_int_15min,ivkock,markov_order_2,15,linear,,7.5,2015.0,0.8833736597727302,1.0236356554868589,2.449307369415187,2.6812829119525263
tol_7p5km_int_15min,ivkock,markov_order_2,15,nearest,,7.5,307.0,0.88264016952066,0.6997071001074738,2.278377390448132,2.4381908005948425
tol_7p5km_int_15min,ivkock,vq_ctw,15,linear,256.0,7.5,2015.0,1.0,0.0,6.442289626121372,6.442289626121372
tol_7p5km_int_15min,ivkock,vq_ctw,15,nearest,256.0,7.5,307.0,1.0,0.0,6.481263742444791,6.481263742444791
tol_7p5km_int_15min,ivkock,vq_ctw,15,linear,512.0,7.5,2015.0,1.0,0.0,6.289322415306133,6.289322415306133
tol_7p5km_int_15min,ivkock,vq_ctw,15,nearest,512.0,7.5,307.0,1.0,0.0,6.560130939866505,6.560130939866505
tol_7p5km_int_15min,ivkock,vq_ctw,15,linear,1024.0,7.5,2015.0,1.0,0.0,6.256479480890542,6.256479480890542
tol_7p5km_int_15min,ivkock,vq_ctw,15,nearest,1024.0,7.5,307.0,1.0,0.0,7.16604271005852,7.16604271005852
tol_7p5km_int_15min,izowcu,direct_ctw,15,linear,,7.5,1987.0,0.973548440800149,0.2924554381512378,2.3329546620643824,2.483828698831542
tol_7p5km_int_15min,izowcu,direct_ctw,15,nearest,,7.5,73.0,1.0,0.0,1.9740479902075987,2.120330089692367
tol_7p5km_int_15min,izowcu,markov_order_1,15,linear,,7.5,1987.0,0.958327827872374,0.4329446042498336,2.3329546620643824,2.483828698831542
tol_7p5km_int_15min,izowcu,markov_order_1,15,nearest,,7.5,73.0,1.0,0.0,1.9740479902075987,2.120330089692367
tol_7p5km_int_15min,izowcu,markov_order_2,15,linear,,7.5,1987.0,0.9529533266604666,0.4803603592008841,2.3329546620643824,2.483828698831542
tol_7p5km_int_15min,izowcu,markov_order_2,15,nearest,,7.5,73.0,1.0,0.0,1.9740479902075987,2.120330089692367
tol_7p5km_int_15min,izowcu,vq_ctw,15,linear,256.0,7.5,1987.0,1.0,0.0,5.1565473644167845,5.1565473644167845
tol_7p5km_int_15min,izowcu,vq_ctw,15,nearest,256.0,7.5,73.0,1.0,0.0,5.670779067627992,5.670779067627992
tol_7p5km_int_15min,izowcu,vq_ctw,15,linear,512.0,7.5,1987.0,1.0,0.0,4.990700030016631,4.990700030016631
tol_7p5km_int_15min,izowcu,vq_ctw,15,nearest,512.0,7.5,73.0,1.0,0.0,5.385524854841928,5.385524854841928
tol_7p5km_int_15min,izowcu,vq_ctw,15,linear,1024.0,7.5,1987.0,1.0,0.0,4.972565157910766,4.972565157910766
tol_7p5km_int_15min,izowcu,vq_ctw,15,nearest,1024.0,7.5,73.0,1.0,0.0,5.372980025876742,5.372980025876742
tol_7p5km_int_15min,oadwow,direct_ctw,15,linear,,7.5,159.0,0.9999999999980904,0.1562187654021269,1.7845347375962477,1.9751197860024527
tol_7p5km_int_15min,oadwow,direct_ctw,15,nearest,,7.5,34.0,0.9999999999980904,0.2189738799687066,2.138833271880495,2.2555841059652986
tol_7p5km_int_15min,oadwow,markov_order_1,15,linear,,7.5,159.0,0.9999999999980904,0.1769345319608233,1.7845347375962477,1.9751197860024527
tol_7p5km_int_15min,oadwow,markov_order_1,15,nearest,,7.5,34.0,0.9999999999980904,0.2651614663183573,2.138833271880495,2.2555841059652986
tol_7p5km_int_15min,oadwow,markov_order_2,15,linear,,7.5,159.0,0.9999999999980904,0.1640900091690916,1.7845347375962477,1.9751197860024527
tol_7p5km_int_15min,oadwow,markov_order_2,15,nearest,,7.5,34.0,0.9999999999980904,0.2625972699940886,2.138833271880495,2.2555841059652986
tol_7p5km_int_15min,oadwow,vq_ctw,15,linear,256.0,7.5,159.0,1.0,0.0,4.575638724125306,4.575638724125306
tol_7p5km_int_15min,oadwow,vq_ctw,15,nearest,256.0,7.5,34.0,1.0,0.0,6.378161562675109,6.378161562675109
tol_7p5km_int_15min,oadwow,vq_ctw,15,linear,512.0,7.5,159.0,1.0,0.0,4.020970152798457,4.020970152798457
tol_7p5km_int_15min,oadwow,vq_ctw,15,nearest,512.0,7.5,34.0,1.0,0.0,5.368840525244743,5.368840525244743
tol_7p5km_int_15min,oadwow,vq_ctw,15,linear,1024.0,7.5,159.0,1.0,0.0,3.972858540083585,3.972858540083585
tol_7p5km_int_15min,oadwow,vq_ctw,15,nearest,1024.0,7.5,34.0,1.0,0.0,5.896195749886861,5.896195749886861
tol_7p5km_int_15min,oafhyn,direct_ctw,15,linear,,7.5,1997.0,0.9420406734853058,0.5609764159930947,2.1203639673343964,2.3092387915660826
tol_7p5km_int_15min,oafhyn,direct_ctw,15,nearest,,7.5,265.0,0.9376410175772188,0.3791747956233238,2.2119854744875944,2.3773840917350717
tol_7p5km_int_15min,oafhyn,markov_order_1,15,linear,,7.5,1997.0,0.9260210966450024,0.6890861806864295,2.1203639673343964,2.3092387915660826
tol_7p5km_int_15min,oafhyn,markov_order_1,15,nearest,,7.5,265.0,0.9206232207147248,0.4486484583849105,2.2119854744875944,2.3773840917350717
tol_7p5km_int_15min,oafhyn,markov_order_2,15,linear,,7.5,1997.0,0.9175515934030788,0.7545517599937069,2.1203639673343964,2.3092387915660826
tol_7p5km_int_15min,oafhyn,markov_order_2,15,nearest,,7.5,265.0,0.9206979198695204,0.4481498412565502,2.2119854744875944,2.3773840917350717
tol_7p5km_int_15min,oafhyn,vq_ctw,15,linear,256.0,7.5,1997.0,1.0,0.0,5.544276098771743,5.544276098771743
tol_7p5km_int_15min,oafhyn,vq_ctw,15,nearest,256.0,7.5,265.0,1.0,0.0,5.535586187725439,5.535586187725439
tol_7p5km_int_15min,oafhyn,vq_ctw,15,linear,512.0,7.5,1997.0,1.0,0.0,5.292596557594099,5.292596557594099
tol_7p5km_int_15min,oafhyn,vq_ctw,15,nearest,512.0,7.5,265.0,1.0,0.0,5.357386810809164,5.357386810809164
tol_7p5km_int_15min,oafhyn,vq_ctw,15,linear,1024.0,7.5,1997.0,1.0,0.0,5.2758574408112615,5.2758574408112615
tol_7p5km_int_15min,oafhyn,vq_ctw,15,nearest,1024.0,7.5,265.0,1.0,0.0,5.964631809376608,5.964631809376608
tol_7p5km_int_15min,oahudf,direct_ctw,15,linear,,7.5,1984.0,0.9475087637829492,0.5068516900229292,2.1225322125658885,2.3115487760610525
tol_7p5km_int_15min,oahudf,direct_ctw,15,nearest,,7.5,529.0,0.947048431339294,0.420406237290014,2.20476589505532,2.3835798194687
tol_7p5km_int_15min,oahudf,markov_order_1,15,linear,,7.5,1984.0,0.9310625217613524,0.6376958726537998,2.1225322125658885,2.3115487760610525
tol_7p5km_int_15min,oahudf,markov_order_1,15,nearest,,7.5,529.0,0.9163606587229434,0.5697875269960839,2.20476589505532,2.3835798194687
tol_7p5km_int_15min,oahudf,markov_order_2,15,linear,,7.5,1984.0,0.9261094977837848,0.6758393303638858,2.1225322125658885,2.3115487760610525
tol_7p5km_int_15min,oahudf,markov_order_2,15,nearest,,7.5,529.0,0.9106739875614832,0.5949710254867032,2.20476589505532,2.3835798194687
tol_7p5km_int_15min,oahudf,vq_ctw,15,linear,256.0,7.5,1984.0,1.0,0.0,5.567235249141403,5.567235249141403
tol_7p5km_int_15min,oahudf,vq_ctw,15,nearest,256.0,7.5,529.0,1.0,0.0,6.384885775098723,6.384885775098723
tol_7p5km_int_15min,oahudf,vq_ctw,15,linear,512.0,7.5,1984.0,1.0,0.0,5.346796461249777,5.346796461249777
tol_7p5km_int_15min,oahudf,vq_ctw,15,nearest,512.0,7.5,529.0,1.0,0.0,6.347364515963282,6.347364515963282
tol_7p5km_int_15min,oahudf,vq_ctw,15,linear,1024.0,7.5,1984.0,1.0,0.0,5.334462041429656,5.334462041429656
tol_7p5km_int_15min,oahudf,vq_ctw,15,nearest,1024.0,7.5,529.0,1.0,0.0,6.793090774385719,6.793090774385719
tol_7p5km_int_15min,oakpik,direct_ctw,15,linear,,7.5,1988.0,0.9553719972309396,0.4374798502239482,2.1289668578417293,2.318538445750947
tol_7p5km_int_15min,oakpik,direct_ctw,15,nearest,,7.5,238.0,0.9437679180141372,0.414038013546854,2.274692254344277,2.423436864111894
tol_7p5km_int_15min,oakpik,markov_order_1,15,linear,,7.5,1988.0,0.9426067731683604,0.5412379466705983,2.1289668578417293,2.318538445750947
tol_7p5km_int_15min,oakpik,markov_order_1,15,nearest,,7.5,238.0,0.9185677073440218,0.5385904742183908,2.274692254344277,2.423436864111894
tol_7p5km_int_15min,oakpik,markov_order_2,15,linear,,7.5,1988.0,0.9364716868140388,0.5894927911842195,2.1289668578417293,2.318538445750947
tol_7p5km_int_15min,oakpik,markov_order_2,15,nearest,,7.5,238.0,0.916304006275254,0.5533616032344231,2.274692254344277,2.423436864111894
tol_7p5km_int_15min,oakpik,vq_ctw,15,linear,256.0,7.5,1988.0,1.0,0.0,5.166912037140001,5.166912037140001
tol_7p5km_int_15min,oakpik,vq_ctw,15,nearest,256.0,7.5,238.0,1.0,0.0,6.29479748009346,6.29479748009346
tol_7p5km_int_15min,oakpik,vq_ctw,15,linear,512.0,7.5,1988.0,1.0,0.0,4.889760529041095,4.889760529041095
tol_7p5km_int_15min,oakpik,vq_ctw,15,nearest,512.0,7.5,238.0,1.0,0.0,6.134761196967729,6.134761196967729
tol_7p5km_int_15min,oakpik,vq_ctw,15,linear,1024.0,7.5,1988.0,1.0,0.0,4.878179412039808,4.878179412039808
tol_7p5km_int_15min,oakpik,vq_ctw,15,nearest,1024.0,7.5,238.0,1.0,0.0,6.37565950164209,6.37565950164209
tol_7p5km_int_15min,oapwyc,direct_ctw,15,linear,,7.5,2014.0,0.9636039632887154,0.35599523060868,2.013106540250838,2.2021058658773223
tol_7p5km_int_15min,oapwyc,direct_ctw,15,nearest,,7.5,227.0,0.9627180587692042,0.3695689231872948,2.173995238263137,2.370427512456525
tol_7p5km_int_15min,oapwyc,markov_order_1,15,linear,,7.5,2014.0,0.9546792559258394,0.4286501597278292,2.013106540250838,2.2021058658773223
tol_7p5km_int_15min,oapwyc,markov_order_1,15,nearest,,7.5,227.0,0.943251115619901,0.4767990310157984,2.173995238263137,2.370427512456525
tol_7p5km_int_15min,oapwyc,markov_order_2,15,linear,,7.5,2014.0,0.9507482988692652,0.4597751954341229,2.013106540250838,2.2021058658773223
tol_7p5km_int_15min,oapwyc,markov_order_2,15,nearest,,7.5,227.0,0.9378415817975791,0.5106523823259433,2.173995238263137,2.370427512456525
tol_7p5km_int_15min,oapwyc,vq_ctw,15,linear,256.0,7.5,2014.0,1.0,0.0,5.187717996176223,5.187717996176223
tol_7p5km_int_15min,oapwyc,vq_ctw,15,nearest,256.0,7.5,227.0,1.0,0.0,5.730014150164122,5.730014150164122
tol_7p5km_int_15min,oapwyc,vq_ctw,15,linear,512.0,7.5,2014.0,1.0,0.0,4.850049383364296,4.850049383364296
tol_7p5km_int_15min,oapwyc,vq_ctw,15,nearest,512.0,7.5,227.0,1.0,0.0,5.478439039176145,5.478439039176145
tol_7p5km_int_15min,oapwyc,vq_ctw,15,linear,1024.0,7.5,2014.0,1.0,0.0,4.824200834789293,4.824200834789293
tol_7p5km_int_15min,oapwyc,vq_ctw,15,nearest,1024.0,7.5,227.0,1.0,0.0,5.830221972690704,5.830221972690704
tol_7p5km_int_15min,oasthu,direct_ctw,15,linear,,7.5,1946.0,0.9201571247532012,0.7467004750212888,2.3276381765506238,2.54313124653656
tol_7p5km_int_15min,oasthu,markov_order_1,15,linear,,7.5,1946.0,0.8913370253859643,0.9655034302806326,2.3276381765506238,2.54313124653656
tol_7p5km_int_15min,oasthu,markov_order_2,15,linear,,7.5,1946.0,0.8833510644609823,1.0237993111374408,2.3276381765506238,2.54313124653656
tol_7p5km_int_15min,oasthu,vq_ctw,15,linear,256.0,7.5,1946.0,1.0,0.0,9.201622262230444,9.201622262230444
tol_7p5km_int_15min,oasthu,vq_ctw,15,linear,512.0,7.5,1946.0,1.0,0.0,9.15018315522786,9.15018315522786
tol_7p5km_int_15min,oasthu,vq_ctw,15,linear,1024.0,7.5,1946.0,1.0,0.0,8.8700048869398,8.8700048869398
tol_7p5km_int_15min,obacva,direct_ctw,15,linear,,7.5,2015.0,0.9411972952939592,0.5524093884166813,2.098587239886011,2.313466065195536
tol_7p5km_int_15min,obacva,direct_ctw,15,nearest,,7.5,210.0,0.9471963088102128,0.4079032474983661,2.151969069560061,2.3657162512436667
tol_7p5km_int_15min,obacva,markov_order_1,15,linear,,7.5,2015.0,0.925004620307905,0.6772935413631297,2.098587239886011,2.313466065195536
tol_7p5km_int_15min,obacva,markov_order_1,15,nearest,,7.5,210.0,0.9072780666107798,0.5931520147978475,2.151969069560061,2.3657162512436667
tol_7p5km_int_15min,obacva,markov_order_2,15,linear,,7.5,2015.0,0.9217213685906904,0.701910656705349,2.098587239886011,2.313466065195536
tol_7p5km_int_15min,obacva,markov_order_2,15,nearest,,7.5,210.0,0.8974432368372118,0.6391270161629811,2.151969069560061,2.3657162512436667
tol_7p5km_int_15min,obacva,vq_ctw,15,linear,256.0,7.5,2015.0,1.0,0.0,5.864618117216317,5.864618117216317
tol_7p5km_int_15min,obacva,vq_ctw,15,nearest,256.0,7.5,210.0,1.0,0.0,6.479730600750742,6.479730600750742
tol_7p5km_int_15min,obacva,vq_ctw,15,linear,512.0,7.5,2015.0,1.0,0.0,5.746313416349119,5.746313416349119
tol_7p5km_int_15min,obacva,vq_ctw,15,nearest,512.0,7.5,210.0,1.0,0.0,6.866385718379284,6.866385718379284
tol_7p5km_int_15min,obacva,vq_ctw,15,linear,1024.0,7.5,2015.0,1.0,0.0,5.7420157063015935,5.7420157063015935
tol_7p5km_int_15min,obacva,vq_ctw,15,nearest,1024.0,7.5,210.0,1.0,0.0,7.105074576655399,7.105074576655399
tol_7p5km_int_15min,obceoo,direct_ctw,15,linear,,7.5,2015.0,0.917333384334672,0.8045766360077683,2.239898035250078,2.4311701196430566
tol_7p5km_int_15min,obceoo,markov_order_1,15,linear,,7.5,2015.0,0.8800465386295075,1.099592290974476,2.239898035250078,2.4311701196430566
tol_7p5km_int_15min,obceoo,markov_order_2,15,linear,,7.5,2015.0,0.8643281877149992,1.2178946633338912,2.239898035250078,2.4311701196430566
tol_7p5km_int_15min,obceoo,vq_ctw,15,linear,256.0,7.5,2015.0,1.0,0.0,8.294570574092788,8.294570574092788
tol_7p5km_int_15min,obceoo,vq_ctw,15,linear,512.0,7.5,2015.0,1.0,0.0,8.23081402445917,8.23081402445917
tol_7p5km_int_15min,obceoo,vq_ctw,15,linear,1024.0,7.5,2015.0,1.0,0.0,8.237735938251888,8.237735938251888
tol_7p5km_int_15min,obheuj,direct_ctw,15,linear,,7.5,2015.0,0.9395016289772988,0.5657806141932706,2.1352894724057085,2.341542770308756
tol_7p5km_int_15min,obheuj,direct_ctw,15,nearest,,7.5,215.0,0.9549910539596288,0.4064151496120545,2.108939070827071,2.282834251062689
tol_7p5km_int_15min,obheuj,markov_order_1,15,linear,,7.5,2015.0,0.927173688977801,0.660907886396107,2.1352894724057085,2.341542770308756
tol_7p5km_int_15min,obheuj,markov_order_1,15,nearest,,7.5,215.0,0.931193858159367,0.5310702397386239,2.108939070827071,2.282834251062689
tol_7p5km_int_15min,obheuj,markov_order_2,15,linear,,7.5,2015.0,0.9195962277290868,0.7177290531649297,2.1352894724057085,2.341542770308756
tol_7p5km_int_15min,obheuj,markov_order_2,15,nearest,,7.5,215.0,0.924491501381696,0.5675158139360623,2.108939070827071,2.282834251062689
tol_7p5km_int_15min,obheuj,vq_ctw,15,linear,256.0,7.5,2015.0,1.0,0.0,5.317247737573577,5.317247737573577
tol_7p5km_int_15min,obheuj,vq_ctw,15,nearest,256.0,7.5,215.0,1.0,0.0,6.34664488271117,6.34664488271117
tol_7p5km_int_15min,obheuj,vq_ctw,15,linear,512.0,7.5,2015.0,1.0,0.0,5.028136776945312,5.028136776945312
tol_7p5km_int_15min,obheuj,vq_ctw,15,nearest,512.0,7.5,215.0,1.0,0.0,6.318389414210575,6.318389414210575
tol_7p5km_int_15min,obheuj,vq_ctw,15,linear,1024.0,7.5,2015.0,1.0,0.0,5.005137367287941,5.005137367287941
tol_7p5km_int_15min,obheuj,vq_ctw,15,nearest,1024.0,7.5,215.0,1.0,0.0,6.222128008809546,6.222128008809546
tol_7p5km_int_15min,oblyag,direct_ctw,15,linear,,7.5,2015.0,0.9543183693303954,0.4582505360142748,1.907318558207192,2.1152523308008964
tol_7p5km_int_15min,oblyag,direct_ctw,15,nearest,,7.5,344.0,0.9582267628929289,0.3995251512992172,2.1759004851103896,2.358870326808105
tol_7p5km_int_15min,oblyag,markov_order_1,15,linear,,7.5,2015.0,0.9406613180754276,0.5722519739286627,1.907318558207192,2.1152523308008964
tol_7p5km_int_15min,oblyag,markov_order_1,15,nearest,,7.5,344.0,0.9302162712420246,0.5537096968764573,2.1759004851103896,2.358870326808105
tol_7p5km_int_15min,oblyag,markov_order_2,15,linear,,7.5,2015.0,0.9328113268993986,0.6355153751882072,1.907318558207192,2.1152523308008964
tol_7p5km_int_15min,oblyag,markov_order_2,15,nearest,,7.5,344.0,0.9242880347163612,0.5828269759976781,2.1759004851103896,2.358870326808105
tol_7p5km_int_15min,oblyag,vq_ctw,15,linear,256.0,7.5,2015.0,1.0,0.0,5.5904732808848765,5.5904732808848765
tol_7p5km_int_15min,oblyag,vq_ctw,15,nearest,256.0,7.5,344.0,1.0,0.0,6.689823203044774,6.689823203044774
tol_7p5km_int_15min,oblyag,vq_ctw,15,linear,512.0,7.5,2015.0,1.0,0.0,5.214669442567612,5.214669442567612
tol_7p5km_int_15min,oblyag,vq_ctw,15,nearest,512.0,7.5,344.0,1.0,0.0,6.5851032981164455,6.5851032981164455
tol_7p5km_int_15min,oblyag,vq_ctw,15,linear,1024.0,7.5,2015.0,1.0,0.0,5.179657258510771,5.179657258510771
tol_7p5km_int_15min,oblyag,vq_ctw,15,nearest,1024.0,7.5,344.0,1.0,0.0,6.56928288382177,6.56928288382177
tol_7p5km_int_15min,obsimj,direct_ctw,15,linear,,7.5,2015.0,0.947077643329082,0.4945195397018813,2.1814620004357743,2.364799717411467
tol_7p5km_int_15min,obsimj,direct_ctw,15,nearest,,7.5,231.0,0.9544057735372145,0.360831326964387,2.1121104808790503,2.2881295665719104
tol_7p5km_int_15min,obsimj,markov_order_1,15,linear,,7.5,2015.0,0.9340131154740864,0.5949462773537928,2.1814620004357743,2.364799717411467
tol_7p5km_int_15min,obsimj,markov_order_1,15,nearest,,7.5,231.0,0.9454957814444536,0.4135351013142054,2.1121104808790503,2.2881295665719104
tol_7p5km_int_15min,obsimj,markov_order_2,15,linear,,7.5,2015.0,0.93052436216299,0.621054190055863,2.1814620004357743,2.364799717411467
tol_7p5km_int_15min,obsimj,markov_order_2,15,nearest,,7.5,231.0,0.9389550448444172,0.4493567592554871,2.1121104808790503,2.2881295665719104
tol_7p5km_int_15min,obsimj,vq_ctw,15,linear,256.0,7.5,2015.0,1.0,0.0,5.705289038207527,5.705289038207527
tol_7p5km_int_15min,obsimj,vq_ctw,15,nearest,256.0,7.5,231.0,1.0,0.0,5.780360633837906,5.780360633837906
tol_7p5km_int_15min,obsimj,vq_ctw,15,linear,512.0,7.5,2015.0,1.0,0.0,5.484288076380304,5.484288076380304
tol_7p5km_int_15min,obsimj,vq_ctw,15,nearest,512.0,7.5,231.0,1.0,0.0,5.711347608640796,5.711347608640796
tol_7p5km_int_15min,obsimj,vq_ctw,15,linear,1024.0,7.5,2015.0,1.0,0.0,5.459097654637919,5.459097654637919
tol_7p5km_int_15min,obsimj,vq_ctw,15,nearest,1024.0,7.5,231.0,1.0,0.0,5.766065219842369,5.766065219842369
tol_7p5km_int_15min,occeyd,direct_ctw,15,linear,,7.5,2015.0,0.902898367668162,0.856639382468354,2.3824443548369887,2.5739323721525595
tol_7p5km_int_15min,occeyd,direct_ctw,15,nearest,,7.5,32.0,0.9165846973183616,0.6077846890683197,2.0465243503517305,2.266294397411453
tol_7p5km_int_15min,occeyd,markov_order_1,15,linear,,7.5,2015.0,0.8791497104677239,1.025771135500979,2.3824443548369887,2.5739323721525595
tol_7p5km_int_15min,occeyd,markov_order_1,15,nearest,,7.5,32.0,0.863629504222627,0.8912964493972808,2.0465243503517305,2.266294397411453
tol_7p5km_int_15min,occeyd,markov_order_2,15,linear,,7.5,2015.0,0.8734007198356075,1.0655072365343574,2.3824443548369887,2.5739323721525595
tol_7p5km_int_15min,occeyd,markov_order_2,15,nearest,,7.5,32.0,0.8500476866895317,0.9578994450318052,2.0465243503517305,2.266294397411453
tol_7p5km_int_15min,occeyd,vq_ctw,15,linear,256.0,7.5,2015.0,1.0,0.0,6.882471662865558,6.882471662865558
tol_7p5km_int_15min,occeyd,vq_ctw,15,nearest,256.0,7.5,32.0,1.0,0.0,7.13550377302997,7.13550377302997
tol_7p5km_int_15min,occeyd,vq_ctw,15,linear,512.0,7.5,2015.0,1.0,0.0,6.928153039086591,6.928153039086591
tol_7p5km_int_15min,occeyd,vq_ctw,15,nearest,512.0,7.5,32.0,1.0,0.0,6.491882849567634,6.491882849567634
tol_7p5km_int_15min,occeyd,vq_ctw,15,linear,1024.0,7.5,2015.0,1.0,0.0,6.948629276004424,6.948629276004424
tol_7p5km_int_15min,occeyd,vq_ctw,15,nearest,1024.0,7.5,32.0,1.0,0.0,8.269015938078606,8.269015938078606
tol_7p5km_int_15min,occrok,direct_ctw,15,linear,,7.5,2015.0,0.9482984598717068,0.5170318118886136,2.1619941035438184,2.338476624972764
tol_7p5km_int_15min,occrok,direct_ctw,15,nearest,,7.5,213.0,0.95060997303646,0.3894395369437827,2.194285516590236,2.3833396291315854
tol_7p5km_int_15min,occrok,markov_order_1,15,linear,,7.5,2015.0,0.933288900093473,0.6418490621569813,2.1619941035438184,2.338476624972764
tol_7p5km_int_15min,occrok,markov_order_1,15,nearest,,7.5,213.0,0.9214353452166852,0.5180613103191248,2.194285516590236,2.3833396291315854
tol_7p5km_int_15min,occrok,markov_order_2,15,linear,,7.5,2015.0,0.9253031849503393,0.7060459596342011,2.1619941035438184,2.338476624972764
tol_7p5km_int_15min,occrok,markov_order_2,15,nearest,,7.5,213.0,0.9230765687865712,0.5191218508666697,2.194285516590236,2.3833396291315854
tol_7p5km_int_15min,occrok,vq_ctw,15,linear,256.0,7.5,2015.0,1.0,0.0,5.607297114011086,5.607297114011086
tol_7p5km_int_15min,occrok,vq_ctw,15,nearest,256.0,7.5,213.0,1.0,0.0,6.216741863073585,6.216741863073585
tol_7p5km_int_15min,occrok,vq_ctw,15,linear,512.0,7.5,2015.0,1.0,0.0,5.397448160630204,5.397448160630204
tol_7p5km_int_15min,occrok,vq_ctw,15,nearest,512.0,7.5,213.0,1.0,0.0,6.185535786903395,6.185535786903395
tol_7p5km_int_15min,occrok,vq_ctw,15,linear,1024.0,7.5,2015.0,1.0,0.0,5.384056955111376,5.384056955111376
tol_7p5km_int_15min,occrok,vq_ctw,15,nearest,1024.0,7.5,213.0,1.0,0.0,6.384447939767447,6.384447939767447
tol_7p5km_int_15min,ochotc,direct_ctw,15,linear,,7.5,2014.0,0.9516571672275012,0.4916523490980766,2.211146252549958,2.4281967467152223
tol_7p5km_int_15min,ochotc,markov_order_1,15,linear,,7.5,2014.0,0.925985714798174,0.705822920542119,2.211146252549958,2.4281967467152223
tol_7p5km_int_15min,ochotc,markov_order_2,15,linear,,7.5,2014.0,0.9149474314754912,0.7933145666144754,2.211146252549958,2.4281967467152223
tol_7p5km_int_15min,ochotc,vq_ctw,15,linear,256.0,7.5,2014.0,1.0,0.0,8.625774017101538,8.625774017101538
tol_7p5km_int_15min,ochotc,vq_ctw,15,linear,512.0,7.5,2014.0,1.0,0.0,8.493635501609129,8.493635501609129
tol_7p5km_int_15min,ochotc,vq_ctw,15,linear,1024.0,7.5,2014.0,1.0,0.0,8.502323015519496,8.502323015519496
tol_7p5km_int_15min,ochtin,direct_ctw,15,linear,,7.5,2014.0,0.9165673213129448,0.8016097969149392,2.305062462553248,2.5012058923478127
tol_7p5km_int_15min,ochtin,markov_order_1,15,linear,,7.5,2014.0,0.8834255067623934,1.0607887104856235,2.305062462553248,2.5012058923478127
tol_7p5km_int_15min,ochtin,markov_order_2,15,linear,,7.5,2014.0,0.8709868867001062,1.15384376405293,2.305062462553248,2.5012058923478127
tol_7p5km_int_15min,ochtin,vq_ctw,15,linear,256.0,7.5,2014.0,1.0,0.0,8.198489377973818,8.198489377973818
tol_7p5km_int_15min,ochtin,vq_ctw,15,linear,512.0,7.5,2014.0,1.0,0.0,8.329963638574343,8.329963638574343
tol_7p5km_int_15min,ochtin,vq_ctw,15,linear,1024.0,7.5,2014.0,1.0,0.0,8.359607443741861,8.359607443741861
tol_7p5km_int_15min,ocjeng,direct_ctw,15,linear,,7.5,2015.0,0.93480029294646,0.5959874049472423,2.150862627524773,2.338530389406338
tol_7p5km_int_15min,ocjeng,direct_ctw,15,nearest,,7.5,556.0,0.9383864605734644,0.4845409611518012,2.2303925944602048,2.395062531304952
tol_7p5km_int_15min,ocjeng,markov_order_1,15,linear,,7.5,2015.0,0.920574470247698,0.702552948708279,2.150862627524773,2.338530389406338
tol_7p5km_int_15min,ocjeng,markov_order_1,15,nearest,,7.5,556.0,0.901945794972245,0.6684456397326024,2.2303925944602048,2.395062531304952
tol_7p5km_int_15min,ocjeng,markov_order_2,15,linear,,7.5,2015.0,0.915186584809896,0.7418312899250782,2.150862627524773,2.338530389406338
tol_7p5km_int_15min,ocjeng,markov_order_2,15,nearest,,7.5,556.0,0.8906549643241425,0.7127576089423451,2.2303925944602048,2.395062531304952
tol_7p5km_int_15min,ocjeng,vq_ctw,15,linear,256.0,7.5,2015.0,1.0,0.0,5.178738594880507,5.178738594880507
tol_7p5km_int_15min,ocjeng,vq_ctw,15,nearest,256.0,7.5,556.0,1.0,0.0,6.627534874441837,6.627534874441837
tol_7p5km_int_15min,ocjeng,vq_ctw,15,linear,512.0,7.5,2015.0,1.0,0.0,4.922943604737704,4.922943604737704
tol_7p5km_int_15min,ocjeng,vq_ctw,15,nearest,512.0,7.5,556.0,1.0,0.0,6.707611435985792,6.707611435985792
tol_7p5km_int_15min,ocjeng,vq_ctw,15,linear,1024.0,7.5,2015.0,1.0,0.0,4.901593823465079,4.901593823465079
tol_7p5km_int_15min,ocjeng,vq_ctw,15,nearest,1024.0,7.5,556.0,1.0,0.0,7.443701116078549,7.443701116078549
tol_7p5km_int_15min,ockiho,direct_ctw,15,linear,,7.5,2015.0,0.9389169647174956,0.5760613873602203,2.190791372041151,2.40915897957142
tol_7p5km_int_15min,ockiho,direct_ctw,15,nearest,,7.5,253.0,0.9681505524484748,0.29309017850942,2.1090026504506083,2.2702046556624684
tol_7p5km_int_15min,ockiho,markov_order_1,15,linear,,7.5,2015.0,0.918974230705388,0.7298863564830799,2.190791372041151,2.40915897957142
tol_7p5km_int_15min,ockiho,markov_order_1,15,nearest,,7.5,253.0,0.9470883318431184,0.4034075708055008,2.1090026504506083,2.2702046556624684
tol_7p5km_int_15min,ockiho,markov_order_2,15,linear,,7.5,2015.0,0.9119684096359324,0.7819915305785625,2.190791372041151,2.40915897957142
tol_7p5km_int_15min,ockiho,markov_order_2,15,nearest,,7.5,253.0,0.941104411451276,0.4365053032461943,2.1090026504506083,2.2702046556624684
tol_7p5km_int_15min,ockiho,vq_ctw,15,linear,256.0,7.5,2015.0,1.0,0.0,7.844036157867064,7.844036157867064
tol_7p5km_int_15min,ockiho,vq_ctw,15,nearest,256.0,7.5,253.0,1.0,0.0,6.14480570839497,6.14480570839497
tol_7p5km_int_15min,ockiho,vq_ctw,15,linear,512.0,7.5,2015.0,1.0,0.0,7.46038944168755,7.46038944168755
tol_7p5km_int_15min,ockiho,vq_ctw,15,nearest,512.0,7.5,253.0,1.0,0.0,5.9662734443608345,5.9662734443608345
tol_7p5km_int_15min,ockiho,vq_ctw,15,linear,1024.0,7.5,2015.0,1.0,0.0,7.438844254771081,7.438844254771081
tol_7p5km_int_15min,ockiho,vq_ctw,15,nearest,1024.0,7.5,253.0,1.0,0.0,6.190892542997286,6.190892542997286
tol_7p5km_int_15min,ockoac,direct_ctw,15,linear,,7.5,870.0,0.943189673706934,0.5248739517322988,2.251368766818018,2.4391606259952927
tol_7p5km_int_15min,ockoac,direct_ctw,15,nearest,,7.5,40.0,0.9227279345496486,0.4697655042111647,2.0265908619544715,2.164838138302537
tol_7p5km_int_15min,ockoac,markov_order_1,15,linear,,7.5,870.0,0.919774499284428,0.6998428872474699,2.251368766818018,2.4391606259952927
tol_7p5km_int_15min,ockoac,markov_order_1,15,nearest,,7.5,40.0,0.8999146042616492,0.5693516289158926,2.0265908619544715,2.164838138302537
tol_7p5km_int_15min,ockoac,markov_order_2,15,linear,,7.5,870.0,0.9117431832119968,0.7572134079540684,2.251368766818018,2.4391606259952927
tol_7p5km_int_15min,ockoac,markov_order_2,15,nearest,,7.5,40.0,0.8902329699477758,0.6089798804337366,2.0265908619544715,2.164838138302537
tol_7p5km_int_15min,ockoac,vq_ctw,15,linear,256.0,7.5,870.0,1.0,0.0,6.53458470902415,6.53458470902415
tol_7p5km_int_15min,ockoac,vq_ctw,15,nearest,256.0,7.5,40.0,1.0,0.0,5.2366621799478095,5.2366621799478095
tol_7p5km_int_15min,ockoac,vq_ctw,15,linear,512.0,7.5,870.0,1.0,0.0,6.4047446459388935,6.4047446459388935
tol_7p5km_int_15min,ockoac,vq_ctw,15,nearest,512.0,7.5,40.0,1.0,0.0,4.759454014924375,4.759454014924375
tol_7p5km_int_15min,ockoac,vq_ctw,15,linear,1024.0,7.5,870.0,1.0,0.0,6.3848892998116735,6.3848892998116735
tol_7p5km_int_15min,ockoac,vq_ctw,15,nearest,1024.0,7.5,40.0,1.0,0.0,5.653272150506327,5.653272150506327
tol_7p5km_int_15min,ockolr,direct_ctw,15,linear,,7.5,1663.0,0.9234191040441772,0.6892088487835611,2.1761706686415305,2.394050125801654
tol_7p5km_int_15min,ockolr,direct_ctw,15,nearest,,7.5,427.0,0.9375530206243204,0.4620112027376288,2.267534718927032,2.4391859929909625
tol_7p5km_int_15min,ockolr,markov_order_1,15,linear,,7.5,1663.0,0.90597029859701,0.817143049148297,2.1761706686415305,2.394050125801654
tol_7p5km_int_15min,ockolr,markov_order_1,15,nearest,,7.5,427.0,0.8898548909656938,0.661686387854104,2.267534718927032,2.4391859929909625
tol_7p5km_int_15min,ockolr,markov_order_2,15,linear,,7.5,1663.0,0.8977625266408044,0.8754789772922505,2.1761706686415305,2.394050125801654
tol_7p5km_int_15min,ockolr,markov_order_2,15,nearest,,7.5,427.0,0.8812632413347782,0.7046446457483296,2.267534718927032,2.4391859929909625
tol_7p5km_int_15min,ockolr,vq_ctw,15,linear,256.0,7.5,1663.0,1.0,0.0,5.592566338300424,5.592566338300424
tol_7p5km_int_15min,ockolr,vq_ctw,15,nearest,256.0,7.5,427.0,1.0,0.0,6.601488576037462,6.601488576037462
tol_7p5km_int_15min,ockolr,vq_ctw,15,linear,512.0,7.5,1663.0,1.0,0.0,5.404526297907708,5.404526297907708
tol_7p5km_int_15min,ockolr,vq_ctw,15,nearest,512.0,7.5,427.0,1.0,0.0,6.954816019050019,6.954816019050019
tol_7p5km_int_15min,ockolr,vq_ctw,15,linear,1024.0,7.5,1663.0,1.0,0.0,5.386369379897983,5.386369379897983
tol_7p5km_int_15min,ockolr,vq_ctw,15,nearest,1024.0,7.5,427.0,1.0,0.0,7.129519713954009,7.129519713954009
tol_7p5km_int_15min,ocshit,direct_ctw,15,linear,,7.5,2015.0,0.9107745650972872,0.7985847714952405,2.351275964669445,2.5560304076279183
tol_7p5km_int_15min,ocshit,direct_ctw,15,nearest,,7.5,212.0,0.916538448287803,0.537931837693747,2.4635867514487253,2.648758357599544
tol_7p5km_int_15min,ocshit,markov_order_1,15,linear,,7.5,2015.0,0.8860846534654693,0.977238770546956,2.351275964669445,2.5560304076279183
tol_7p5km_int_15min,ocshit,markov_order_1,15,nearest,,7.5,212.0,0.8706989760508931,0.7346458776589303,2.4635867514487253,2.648758357599544
tol_7p5km_int_15min,ocshit,markov_order_2,15,linear,,7.5,2015.0,0.8798367052797083,1.020993070824066,2.351275964669445,2.5560304076279183
tol_7p5km_int_15min,ocshit,markov_order_2,15,nearest,,7.5,212.0,0.8558470262238956,0.7936760774425149,2.4635867514487253,2.648758357599544
tol_7p5km_int_15min,ocshit,vq_ctw,15,linear,256.0,7.5,2015.0,1.0,0.0,6.265529175213484,6.265529175213484
tol_7p5km_int_15min,ocshit,vq_ctw,15,nearest,256.0,7.5,212.0,1.0,0.0,6.867320437315841,6.867320437315841
tol_7p5km_int_15min,ocshit,vq_ctw,15,linear,512.0,7.5,2015.0,1.0,0.0,6.209501664319727,6.209501664319727
tol_7p5km_int_15min,ocshit,vq_ctw,15,nearest,512.0,7.5,212.0,1.0,0.0,7.174819213665692,7.174819213665692
tol_7p5km_int_15min,ocshit,vq_ctw,15,linear,1024.0,7.5,2015.0,1.0,0.0,6.205991779191635,6.205991779191635
tol_7p5km_int_15min,ocshit,vq_ctw,15,nearest,1024.0,7.5,212.0,1.0,0.0,8.0047712516425,8.0047712516425
tol_7p5km_int_15min,ocwyit,direct_ctw,15,linear,,7.5,2011.0,0.932716919079256,0.6362672518092938,2.283790299365657,2.5168919012241906
tol_7p5km_int_15min,ocwyit,direct_ctw,15,nearest,,7.5,166.0,0.9140584241071252,0.5298731218081273,2.1451021461547297,2.3135468287765044
tol_7p5km_int_15min,ocwyit,markov_order_1,15,linear,,7.5,2011.0,0.9078133865251432,0.828137903876638,2.283790299365657,2.5168919012241906
tol_7p5km_int_15min,ocwyit,markov_order_1,15,nearest,,7.5,166.0,0.8917395345932833,0.6327666938615143,2.1451021461547297,2.3135468287765044
tol_7p5km_int_15min,ocwyit,markov_order_2,15,linear,,7.5,2011.0,0.906779202719104,0.8358537497929178,2.283790299365657,2.5168919012241906
tol_7p5km_int_15min,ocwyit,markov_order_2,15,nearest,,7.5,166.0,0.8809114414700038,0.6796659153944501,2.1451021461547297,2.3135468287765044
tol_7p5km_int_15min,ocwyit,vq_ctw,15,linear,256.0,7.5,2011.0,1.0,0.0,7.2612027071612655,7.2612027071612655
tol_7p5km_int_15min,ocwyit,vq_ctw,15,nearest,256.0,7.5,166.0,1.0,0.0,5.639859716336482,5.639859716336482
tol_7p5km_int_15min,ocwyit,vq_ctw,15,linear,512.0,7.5,2011.0,1.0,0.0,7.2827561748481475,7.2827561748481475
tol_7p5km_int_15min,ocwyit,vq_ctw,15,nearest,512.0,7.5,166.0,1.0,0.0,5.856865997040055,5.856865997040055
tol_7p5km_int_15min,ocwyit,vq_ctw,15,linear,1024.0,7.5,2011.0,1.0,0.0,7.2924874161699,7.2924874161699
tol_7p5km_int_15min,ocwyit,vq_ctw,15,nearest,1024.0,7.5,166.0,1.0,0.0,5.99936964299139,5.99936964299139
tol_7p5km_int_15min,odklob,direct_ctw,15,linear,,7.5,2015.0,0.8959666573783845,0.9522533988124944,2.3889499203127387,2.628886710741629
tol_7p5km_int_15min,odklob,direct_ctw,15,nearest,,7.5,120.0,0.9021696985244936,0.6213889799472665,2.1999749545568847,2.3973154979464666
tol_7p5km_int_15min,odklob,markov_order_1,15,linear,,7.5,2015.0,0.8537587996972634,1.261884546044015,2.3889499203127387,2.628886710741629
tol_7p5km_int_15min,odklob,markov_order_1,15,nearest,,7.5,120.0,0.8395228718599538,0.90159809305045,2.1999749545568847,2.3973154979464666
tol_7p5km_int_15min,odklob,markov_order_2,15,linear,,7.5,2015.0,0.8449656715958931,1.3236040120683277,2.3889499203127387,2.628886710741629
tol_7p5km_int_15min,odklob,markov_order_2,15,nearest,,7.5,120.0,0.8247941477469968,0.9559202065176776,2.1999749545568847,2.3973154979464666
tol_7p5km_int_15min,odklob,vq_ctw,15,linear,256.0,7.5,2015.0,1.0,0.0,10.78586203294392,10.78586203294392
tol_7p5km_int_15min,odklob,vq_ctw,15,nearest,256.0,7.5,120.0,1.0,0.0,6.390905212337716,6.390905212337716
tol_7p5km_int_15min,odklob,vq_ctw,15,linear,512.0,7.5,2015.0,1.0,0.0,11.004872586709908,11.004872586709908
tol_7p5km_int_15min,odklob,vq_ctw,15,nearest,512.0,7.5,120.0,1.0,0.0,6.937669681326285,6.937669681326285
tol_7p5km_int_15min,odklob,vq_ctw,15,linear,1024.0,7.5,2015.0,1.0,0.0,10.867823326438248,10.867823326438248
tol_7p5km_int_15min,odklob,vq_ctw,15,nearest,1024.0,7.5,120.0,0.9925013117241466,0.0597773052609598,7.108596081323665,7.108596081323665
tol_7p5km_int_15min,odlorh,direct_ctw,15,linear,,7.5,2014.0,0.9404283792528364,0.5787979881494351,2.0327792818610964,2.2353890608936267
tol_7p5km_int_15min,odlorh,direct_ctw,15,nearest,,7.5,113.0,0.8891068105317961,0.6628604188535914,2.2232261578018595,2.425933682441469
tol_7p5km_int_15min,odlorh,markov_order_1,15,linear,,7.5,2014.0,0.925881794827604,0.6959561356122507,2.0327792818610964,2.2353890608936267
tol_7p5km_int_15min,odlorh,markov_order_1,15,nearest,,7.5,113.0,0.8335361681829142,0.9019345799448244,2.2232261578018595,2.425933682441469
tol_7p5km_int_15min,odlorh,markov_order_2,15,linear,,7.5,2014.0,0.9166524912426064,0.7679200629501797,2.0327792818610964,2.2353890608936267
tol_7p5km_int_15min,odlorh,markov_order_2,15,nearest,,7.5,113.0,0.8205653943467359,0.950040298750396,2.2232261578018595,2.425933682441469
tol_7p5km_int_15min,odlorh,vq_ctw,15,linear,256.0,7.5,2014.0,1.0,0.0,5.253018158796853,5.253018158796853
tol_7p5km_int_15min,odlorh,vq_ctw,15,nearest,256.0,7.5,113.0,1.0,0.0,7.162617996342684,7.162617996342684
tol_7p5km_int_15min,odlorh,vq_ctw,15,linear,512.0,7.5,2014.0,1.0,0.0,4.883612452782283,4.883612452782283
tol_7p5km_int_15min,odlorh,vq_ctw,15,nearest,512.0,7.5,113.0,1.0,0.0,7.189126744543255,7.189126744543255
tol_7p5km_int_15min,odlorh,vq_ctw,15,linear,1024.0,7.5,2014.0,1.0,0.0,4.855771835577761,4.855771835577761
tol_7p5km_int_15min,odlorh,vq_ctw,15,nearest,1024.0,7.5,113.0,1.0,0.0,7.411282218935709,7.411282218935709
tol_7p5km_int_15min,odocje,direct_ctw,15,linear,,7.5,2014.0,0.9177479539931312,0.7232278585827508,2.4203907766602613,2.5976682474306747
tol_7p5km_int_15min,odocje,direct_ctw,15,nearest,,7.5,196.0,0.9269569377135748,0.5137429407468964,2.213824628901248,2.3761623651227413
tol_7p5km_int_15min,odocje,markov_order_1,15,linear,,7.5,2014.0,0.8995224614910707,0.8530611805522693,2.4203907766602613,2.5976682474306747
tol_7p5km_int_15min,odocje,markov_order_1,15,nearest,,7.5,196.0,0.8788695567887498,0.7379740444519959,2.213824628901248,2.3761623651227413
tol_7p5km_int_15min,odocje,markov_order_2,15,linear,,7.5,2014.0,0.8925561105999229,0.9012345057904948,2.4203907766602613,2.5976682474306747
tol_7p5km_int_15min,odocje,markov_order_2,15,nearest,,7.5,196.0,0.8750805915713339,0.7590704442772525,2.213824628901248,2.3761623651227413
tol_7p5km_int_15min,odocje,vq_ctw,15,linear,256.0,7.5,2014.0,1.0,0.0,5.569966566303935,5.569966566303935
tol_7p5km_int_15min,odocje,vq_ctw,15,nearest,256.0,7.5,196.0,1.0,0.0,6.377572451963872,6.377572451963872
tol_7p5km_int_15min,odocje,vq_ctw,15,linear,512.0,7.5,2014.0,1.0,0.0,5.442899642818815,5.442899642818815
tol_7p5km_int_15min,odocje,vq_ctw,15,nearest,512.0,7.5,196.0,1.0,0.0,6.2913788934273045,6.2913788934273045
tol_7p5km_int_15min,odocje,vq_ctw,15,linear,1024.0,7.5,2014.0,1.0,0.0,5.438484639870579,5.438484639870579
tol_7p5km_int_15min,odocje,vq_ctw,15,nearest,1024.0,7.5,196.0,1.0,0.0,7.353936413897477,7.353936413897477
tol_7p5km_int_15min,odolfe,direct_ctw,15,linear,,7.5,2015.0,0.946354809623716,0.5209568805487824,2.337180714262295,2.5362850363497134
tol_7p5km_int_15min,odolfe,direct_ctw,15,nearest,,7.5,238.0,0.9156606266719848,0.5886584521282922,2.276514570895613,2.46060541166191
tol_7p5km_int_15min,odolfe,markov_order_1,15,linear,,7.5,2015.0,0.9300986214066636,0.6512747948871249,2.337180714262295,2.5362850363497134
tol_7p5km_int_15min,odolfe,markov_order_1,15,nearest,,7.5,238.0,0.8704617085470034,0.7960647607070808,2.276514570895613,2.46060541166191
tol_7p5km_int_15min,odolfe,markov_order_2,15,linear,,7.5,2015.0,0.9253784813036552,0.687950935072788,2.337180714262295,2.5362850363497134
tol_7p5km_int_15min,odolfe,markov_order_2,15,nearest,,7.5,238.0,0.8635937751167121,0.8231152226862603,2.276514570895613,2.46060541166191
tol_7p5km_int_15min,odolfe,vq_ctw,15,linear,256.0,7.5,2015.0,1.0,0.0,5.984527416628902,5.984527416628902
tol_7p5km_int_15min,odolfe,vq_ctw,15,nearest,256.0,7.5,238.0,1.0,0.0,6.213789043761921,6.213789043761921
tol_7p5km_int_15min,odolfe,vq_ctw,15,linear,512.0,7.5,2015.0,1.0,0.0,5.939299912939967,5.939299912939967
tol_7p5km_int_15min,odolfe,vq_ctw,15,nearest,512.0,7.5,238.0,1.0,0.0,6.297270877372782,6.297270877372782
tol_7p5km_int_15min,odolfe,vq_ctw,15,linear,1024.0,7.5,2015.0,1.0,0.0,5.9373263283477,5.9373263283477
tol_7p5km_int_15min,odolfe,vq_ctw,15,nearest,1024.0,7.5,238.0,1.0,0.0,6.3453129836887685,6.3453129836887685
tol_7p5km_int_15min,odoywu,direct_ctw,15,linear,,7.5,2015.0,0.9512168431238096,0.4617243656558101,2.470108687102855,2.6699484461283216
tol_7p5km_int_15min,odoywu,direct_ctw,15,nearest,,7.5,32.0,0.9038123985511556,0.6092464828086767,2.381378849439846,2.503845115159291
tol_7p5km_int_15min,odoywu,markov_order_1,15,linear,,7.5,2015.0,0.9399852904307704,0.5495841229202542,2.470108687102855,2.6699484461283216
tol_7p5km_int_15min,odoywu,markov_order_1,15,nearest,,7.5,32.0,0.8678566802111083,0.7727292908266763,2.381378849439846,2.503845115159291
tol_7p5km_int_15min,odoywu,markov_order_2,15,linear,,7.5,2015.0,0.9341282961532174,0.5940795449801504,2.470108687102855,2.6699484461283216
tol_7p5km_int_15min,odoywu,markov_order_2,15,nearest,,7.5,32.0,0.8451677032564848,0.8672055505849571,2.381378849439846,2.503845115159291
tol_7p5km_int_15min,odoywu,vq_ctw,15,linear,256.0,7.5,2015.0,1.0,0.0,5.298643835218622,5.298643835218622
tol_7p5km_int_15min,odoywu,vq_ctw,15,nearest,256.0,7.5,32.0,1.0,0.0,6.0304328186965215,6.0304328186965215
tol_7p5km_int_15min,odoywu,vq_ctw,15,linear,512.0,7.5,2015.0,1.0,0.0,5.182741487492105,5.182741487492105
tol_7p5km_int_15min,odoywu,vq_ctw,15,nearest,512.0,7.5,32.0,1.0,0.0,5.82913594004904,5.82913594004904
tol_7p5km_int_15min,odoywu,vq_ctw,15,linear,1024.0,7.5,2015.0,1.0,0.0,5.181382225659405,5.181382225659405
tol_7p5km_int_15min,odoywu,vq_ctw,15,nearest,1024.0,7.5,32.0,1.0,0.0,7.096713602371615,7.096713602371615
tol_7p5km_int_15min,odscix,direct_ctw,15,linear,,7.5,2015.0,0.9324352653921316,0.6580696008317206,2.2060619782462094,2.4108543584976148
tol_7p5km_int_15min,odscix,markov_order_1,15,linear,,7.5,2015.0,0.9044623899963976,0.8807318300271882,2.2060619782462094,2.4108543584976148
tol_7p5km_int_15min,odscix,markov_order_2,15,linear,,7.5,2015.0,0.8961810977481298,0.943958929718284,2.2060619782462094,2.4108543584976148
tol_7p5km_int_15min,odscix,vq_ctw,15,linear,256.0,7.5,2015.0,1.0,0.0,7.049017815113217,7.049017815113217
tol_7p5km_int_15min,odscix,vq_ctw,15,linear,512.0,7.5,2015.0,1.0,0.0,6.970509217254191,6.970509217254191
tol_7p5km_int_15min,odscix,vq_ctw,15,linear,1024.0,7.5,2015.0,1.0,0.0,6.967186585636084,6.967186585636084
tol_7p5km_int_15min,ofikco,direct_ctw,15,linear,,7.5,2015.0,0.946369756914481,0.5161432328144119,2.111115587467864,2.28832220200794
tol_7p5km_int_15min,ofikco,direct_ctw,15,nearest,,7.5,285.0,0.908333873155674,0.5433076036176178,2.2536405000434723,2.43094303247033
tol_7p5km_int_15min,ofikco,markov_order_1,15,linear,,7.5,2015.0,0.9343757277811572,0.6118750000117665,2.111115587467864,2.28832220200794
tol_7p5km_int_15min,ofikco,markov_order_1,15,nearest,,7.5,285.0,0.8694902719718188,0.7018690009716889,2.2536405000434723,2.43094303247033
tol_7p5km_int_15min,ofikco,markov_order_2,15,linear,,7.5,2015.0,0.9287063451184232,0.6559074975766873,2.111115587467864,2.28832220200794
tol_7p5km_int_15min,ofikco,markov_order_2,15,nearest,,7.5,285.0,0.8562846204242487,0.7502500729100645,2.2536405000434723,2.43094303247033
tol_7p5km_int_15min,ofikco,vq_ctw,15,linear,256.0,7.5,2015.0,1.0,0.0,5.415668089838843,5.415668089838843
tol_7p5km_int_15min,ofikco,vq_ctw,15,nearest,256.0,7.5,285.0,1.0,0.0,6.313245449325457,6.313245449325457
tol_7p5km_int_15min,ofikco,vq_ctw,15,linear,512.0,7.5,2015.0,1.0,0.0,5.12317830948634,5.12317830948634
tol_7p5km_int_15min,ofikco,vq_ctw,15,nearest,512.0,7.5,285.0,1.0,0.0,6.299329672206251,6.299329672206251
tol_7p5km_int_15min,ofikco,vq_ctw,15,linear,1024.0,7.5,2015.0,1.0,0.0,5.088920269420067,5.088920269420067
tol_7p5km_int_15min,ofikco,vq_ctw,15,nearest,1024.0,7.5,285.0,1.0,0.0,6.755488496326164,6.755488496326164
tol_7p5km_int_15min,ofjeeq,direct_ctw,15,linear,,7.5,2015.0,0.9321620016408356,0.6509941413718909,2.1135516001702954,2.2942554504448163
tol_7p5km_int_15min,ofjeeq,direct_ctw,15,nearest,,7.5,168.0,0.9391066384603748,0.432145128447472,2.23482200652627,2.399633595901836
tol_7p5km_int_15min,ofjeeq,markov_order_1,15,linear,,7.5,2015.0,0.9112529245313414,0.815832312358331,2.1135516001702954,2.2942554504448163
tol_7p5km_int_15min,ofjeeq,markov_order_1,15,nearest,,7.5,168.0,0.9021336975235976,0.5781756725935894,2.23482200652627,2.399633595901836
tol_7p5km_int_15min,ofjeeq,markov_order_2,15,linear,,7.5,2015.0,0.9014071417033096,0.8906303675786923,2.1135516001702954,2.2942554504448163
tol_7p5km_int_15min,ofjeeq,markov_order_2,15,nearest,,7.5,168.0,0.8875882396688375,0.6299401684176448,2.23482200652627,2.399633595901836
tol_7p5km_int_15min,ofjeeq,vq_ctw,15,linear,256.0,7.5,2015.0,1.0,0.0,6.040985847347954,6.040985847347954
tol_7p5km_int_15min,ofjeeq,vq_ctw,15,nearest,256.0,7.5,168.0,1.0,0.0,6.049482966719661,6.049482966719661
tol_7p5km_int_15min,ofjeeq,vq_ctw,15,linear,512.0,7.5,2015.0,1.0,0.0,5.806016710766519,5.806016710766519
tol_7p5km_int_15min,ofjeeq,vq_ctw,15,nearest,512.0,7.5,168.0,1.0,0.0,6.345737333082047,6.345737333082047
tol_7p5km_int_15min,ofjeeq,vq_ctw,15,linear,1024.0,7.5,2015.0,1.0,0.0,5.796228285340156,5.796228285340156
tol_7p5km_int_15min,ofjeeq,vq_ctw,15,nearest,1024.0,7.5,168.0,1.0,0.0,6.404504092985356,6.404504092985356
tol_7p5km_int_15min,ofodwo,direct_ctw,15,linear,,7.5,2015.0,0.946559335977343,0.4985906038176374,2.169644408992841,2.358496418945426
tol_7p5km_int_15min,ofodwo,direct_ctw,15,nearest,,7.5,180.0,0.9394963520785192,0.478591058408174,2.2889439008876526,2.495016948574857
tol_7p5km_int_15min,ofodwo,markov_order_1,15,linear,,7.5,2015.0,0.9352218084523364,0.5858353202206564,2.169644408992841,2.358496418945426
tol_7p5km_int_15min,ofodwo,markov_order_1,15,nearest,,7.5,180.0,0.9151391792553804,0.5886259208627891,2.2889439008876526,2.495016948574857
tol_7p5km_int_15min,ofodwo,markov_order_2,15,linear,,7.5,2015.0,0.930975653928774,0.6176925401914454,2.169644408992841,2.358496418945426
tol_7p5km_int_15min,ofodwo,markov_order_2,15,nearest,,7.5,180.0,0.9094042179612692,0.6189113605568491,2.2889439008876526,2.495016948574857
tol_7p5km_int_15min,ofodwo,vq_ctw,15,linear,256.0,7.5,2015.0,1.0,0.0,5.279502489247076,5.279502489247076
tol_7p5km_int_15min,ofodwo,vq_ctw,15,nearest,256.0,7.5,180.0,1.0,0.0,5.949417501801525,5.949417501801525
tol_7p5km_int_15min,ofodwo,vq_ctw,15,linear,512.0,7.5,2015.0,1.0,0.0,4.973045351877534,4.973045351877534
tol_7p5km_int_15min,ofodwo,vq_ctw,15,nearest,512.0,7.5,180.0,1.0,0.0,5.8887855160914,5.8887855160914
tol_7p5km_int_15min,ofodwo,vq_ctw,15,linear,1024.0,7.5,2015.0,1.0,0.0,4.949012450966981,4.949012450966981
tol_7p5km_int_15min,ofodwo,vq_ctw,15,nearest,1024.0,7.5,180.0,1.0,0.0,6.164911992690326,6.164911992690326
tol_7p5km_int_15min,ogawje,direct_ctw,15,linear,,7.5,1926.0,0.9422247998727722,0.549650042618701,2.215500842765711,2.422073511608605
tol_7p5km_int_15min,ogawje,direct_ctw,15,nearest,,7.5,294.0,0.934708698871084,0.4126071923596355,2.182014675583184,2.3559025959384248
tol_7p5km_int_15min,ogawje,markov_order_1,15,linear,,7.5,1926.0,0.9220364257044564,0.7068170516324439,2.215500842765711,2.422073511608605
tol_7p5km_int_15min,ogawje,markov_order_1,15,nearest,,7.5,294.0,0.9035548180785848,0.5578180808322803,2.182014675583184,2.3559025959384248
tol_7p5km_int_15min,ogawje,markov_order_2,15,linear,,7.5,1926.0,0.917044959612288,0.7443269800049931,2.215500842765711,2.422073511608605
tol_7p5km_int_15min,ogawje,markov_order_2,15,nearest,,7.5,294.0,0.8957868156434741,0.5826787962990062,2.182014675583184,2.3559025959384248
tol_7p5km_int_15min,ogawje,vq_ctw,15,linear,256.0,7.5,1926.0,1.0,0.0,6.2061677767866685,6.2061677767866685
tol_7p5km_int_15min,ogawje,vq_ctw,15,nearest,256.0,7.5,294.0,1.0,0.0,5.953838632527301,5.953838632527301
tol_7p5km_int_15min,ogawje,vq_ctw,15,linear,512.0,7.5,1926.0,1.0,0.0,6.0810815734906045,6.0810815734906045
tol_7p5km_int_15min,ogawje,vq_ctw,15,nearest,512.0,7.5,294.0,1.0,0.0,5.983573582348749,5.983573582348749
tol_7p5km_int_15min,ogawje,vq_ctw,15,linear,1024.0,7.5,1926.0,1.0,0.0,6.071563581961062,6.071563581961062
tol_7p5km_int_15min,ogawje,vq_ctw,15,nearest,1024.0,7.5,294.0,1.0,0.0,6.050510587765395,6.050510587765395
tol_7p5km_int_15min,ogdygd,direct_ctw,15,linear,,7.5,1930.0,0.9523822080946096,0.4468979988777032,2.148997311737888,2.37041749139578
tol_7p5km_int_15min,ogdygd,direct_ctw,15,nearest,,7.5,218.0,0.9289591719354549,0.4583059729219185,2.2518114153140645,2.4460402320806045
tol_7p5km_int_15min,ogdygd,markov_order_1,15,linear,,7.5,1930.0,0.9415713428743664,0.5306399785826404,2.148997311737888,2.37041749139578
tol_7p5km_int_15min,ogdygd,markov_order_1,15,nearest,,7.5,218.0,0.8837111120143907,0.6613533375544062,2.2518114153140645,2.4460402320806045
tol_7p5km_int_15min,ogdygd,markov_order_2,15,linear,,7.5,1930.0,0.9390603082129332,0.5496304154360409,2.148997311737888,2.37041749139578
tol_7p5km_int_15min,ogdygd,markov_order_2,15,nearest,,7.5,218.0,0.8762313624339619,0.6920321661140524,2.2518114153140645,2.4460402320806045
tol_7p5km_int_15min,ogdygd,vq_ctw,15,linear,256.0,7.5,1930.0,1.0,0.0,5.043554152381691,5.043554152381691
tol_7p5km_int_15min,ogdygd,vq_ctw,15,nearest,256.0,7.5,218.0,1.0,0.0,6.117886482728106,6.117886482728106
tol_7p5km_int_15min,ogdygd,vq_ctw,15,linear,512.0,7.5,1930.0,1.0,0.0,4.807155409507866,4.807155409507866
tol_7p5km_int_15min,ogdygd,vq_ctw,15,nearest,512.0,7.5,218.0,1.0,0.0,6.258991843089647,6.258991843089647
tol_7p5km_int_15min,ogdygd,vq_ctw,15,linear,1024.0,7.5,1930.0,1.0,0.0,4.78345568275597,4.78345568275597
tol_7p5km_int_15min,ogdygd,vq_ctw,15,nearest,1024.0,7.5,218.0,1.0,0.0,7.013264635230818,7.013264635230818
tol_7p5km_int_15min,oggluv,direct_ctw,15,linear,,7.5,1956.0,0.9276415165214162,0.6873922055934184,2.435545720996753,2.65208976367304
tol_7p5km_int_15min,oggluv,markov_order_1,15,linear,,7.5,1956.0,0.8963798487667449,0.9282061105293824,2.435545720996753,2.65208976367304
tol_7p5km_int_15min,oggluv,markov_order_2,15,linear,,7.5,1956.0,0.8876004922923564,0.9928940317485944,2.435545720996753,2.65208976367304
tol_7p5km_int_15min,oggluv,vq_ctw,15,linear,256.0,7.5,1956.0,1.0,0.0,8.781363272699975,8.781363272699975
tol_7p5km_int_15min,oggluv,vq_ctw,15,linear,512.0,7.5,1956.0,1.0,0.0,8.94210924657229,8.94210924657229
tol_7p5km_int_15min,oggluv,vq_ctw,15,linear,1024.0,7.5,1956.0,1.0,0.0,8.730056036084374,8.730056036084374
tol_7p5km_int_15min,ogijtr,direct_ctw,15,linear,,7.5,2015.0,0.9413974525805582,0.5319603288333791,2.180348960527234,2.3770090812817743
tol_7p5km_int_15min,ogijtr,direct_ctw,15,nearest,,7.5,305.0,0.9717657642821618,0.2990140533281104,2.1127672286240444,2.2865291580966582
tol_7p5km_int_15min,ogijtr,markov_order_1,15,linear,,7.5,2015.0,0.9285808980339948,0.6272320868629442,2.180348960527234,2.3770090812817743
tol_7p5km_int_15min,ogijtr,markov_order_1,15,nearest,,7.5,305.0,0.9543723673791916,0.3949900140041828,2.1127672286240444,2.2865291580966582
tol_7p5km_int_15min,ogijtr,markov_order_2,15,linear,,7.5,2015.0,0.9249168717352092,0.6537829692027204,2.180348960527234,2.3770090812817743
tol_7p5km_int_15min,ogijtr,markov_order_2,15,nearest,,7.5,305.0,0.952324102556876,0.4010349824347832,2.1127672286240444,2.2865291580966582
tol_7p5km_int_15min,ogijtr,vq_ctw,15,linear,256.0,7.5,2015.0,1.0,0.0,5.210797458122344,5.210797458122344
tol_7p5km_int_15min,ogijtr,vq_ctw,15,nearest,256.0,7.5,305.0,1.0,0.0,5.839949899133034,5.839949899133034
tol_7p5km_int_15min,ogijtr,vq_ctw,15,linear,512.0,7.5,2015.0,1.0,0.0,4.992593853192021,4.992593853192021
tol_7p5km_int_15min,ogijtr,vq_ctw,15,nearest,512.0,7.5,305.0,1.0,0.0,5.850373874952108,5.850373874952108
tol_7p5km_int_15min,ogijtr,vq_ctw,15,linear,1024.0,7.5,2015.0,1.0,0.0,4.989211095119698,4.989211095119698
tol_7p5km_int_15min,ogijtr,vq_ctw,15,nearest,1024.0,7.5,305.0,1.0,0.0,6.28406002763998,6.28406002763998
tol_7p5km_int_15min,ogikli,direct_ctw,15,linear,,7.5,2014.0,0.9569784704062796,0.4240586857055963,2.1075035766661534,2.290738311358618
tol_7p5km_int_15min,ogikli,direct_ctw,15,nearest,,7.5,345.0,0.9331447692370785,0.4671173799496571,2.1556307219127846,2.3273958280701783
tol_7p5km_int_15min,ogikli,markov_order_1,15,linear,,7.5,2014.0,0.9454295450405156,0.5187042481167728,2.1075035766661534,2.290738311358618
tol_7p5km_int_15min,ogikli,markov_order_1,15,nearest,,7.5,345.0,0.9040770660781504,0.6082509807540181,2.1556307219127846,2.3273958280701783
tol_7p5km_int_15min,ogikli,markov_order_2,15,linear,,7.5,2014.0,0.9407360112227532,0.5560541949205832,2.1075035766661534,2.290738311358618
tol_7p5km_int_15min,ogikli,markov_order_2,15,nearest,,7.5,345.0,0.8971749589379799,0.6330318013659392,2.1556307219127846,2.3273958280701783
tol_7p5km_int_15min,ogikli,vq_ctw,15,linear,256.0,7.5,2014.0,1.0,0.0,4.791141892459296,4.791141892459296
tol_7p5km_int_15min,ogikli,vq_ctw,15,nearest,256.0,7.5,345.0,1.0,0.0,5.852479837041628,5.852479837041628
tol_7p5km_int_15min,ogikli,vq_ctw,15,linear,512.0,7.5,2014.0,1.0,0.0,4.463571709346673,4.463571709346673
tol_7p5km_int_15min,ogikli,vq_ctw,15,nearest,512.0,7.5,345.0,1.0,0.0,5.85088295438906,5.85088295438906
tol_7p5km_int_15min,ogikli,vq_ctw,15,linear,1024.0,7.5,2014.0,1.0,0.0,4.438227110379595,4.438227110379595
tol_7p5km_int_15min,ogikli,vq_ctw,15,nearest,1024.0,7.5,345.0,1.0,0.0,6.1258889822723335,6.1258889822723335
tol_7p5km_int_15min,ogjoch,direct_ctw,15,linear,,7.5,2015.0,0.932528575634068,0.6133035126543825,2.142107607497052,2.355823943743956
tol_7p5km_int_15min,ogjoch,direct_ctw,15,nearest,,7.5,433.0,0.941056540013427,0.4265761188903885,2.1775002619337265,2.3567059924850398
tol_7p5km_int_15min,ogjoch,markov_order_1,15,linear,,7.5,2015.0,0.9172662044284902,0.7267363125739803,2.142107607497052,2.355823943743956
tol_7p5km_int_15min,ogjoch,markov_order_1,15,nearest,,7.5,433.0,0.9170029684645254,0.5394976852605875,2.1775002619337265,2.3567059924850398
tol_7p5km_int_15min,ogjoch,markov_order_2,15,linear,,7.5,2015.0,0.9095139860865852,0.782602361529337,2.142107607497052,2.355823943743956
tol_7p5km_int_15min,ogjoch,markov_order_2,15,nearest,,7.5,433.0,0.9126197542876704,0.5623345173895267,2.1775002619337265,2.3567059924850398
tol_7p5km_int_15min,ogjoch,vq_ctw,15,linear,256.0,7.5,2015.0,1.0,0.0,5.534332224822206,5.534332224822206
tol_7p5km_int_15min,ogjoch,vq_ctw,15,nearest,256.0,7.5,433.0,1.0,0.0,5.70662474788488,5.70662474788488
tol_7p5km_int_15min,ogjoch,vq_ctw,15,linear,512.0,7.5,2015.0,1.0,0.0,5.29663662669476,5.29663662669476
tol_7p5km_int_15min,ogjoch,vq_ctw,15,nearest,512.0,7.5,433.0,1.0,0.0,5.770856112501224,5.770856112501224
tol_7p5km_int_15min,ogjoch,vq_ctw,15,linear,1024.0,7.5,2015.0,1.0,0.0,5.279265679913991,5.279265679913991
tol_7p5km_int_15min,ogjoch,vq_ctw,15,nearest,1024.0,7.5,433.0,0.9999999999998236,0.0157476040057857,6.1592271110237045,6.1592271110237045
tol_7p5km_int_15min,ognoww,direct_ctw,15,linear,,7.5,2007.0,0.962520503117942,0.3869006463949492,1.7321230469627151,1.9985811241661249
tol_7p5km_int_15min,ognoww,direct_ctw,15,nearest,,7.5,71.0,0.9583407773489128,0.34351818970037,2.0706573467234635,2.218089879866657
tol_7p5km_int_15min,ognoww,markov_order_1,15,linear,,7.5,2007.0,0.9483603892722512,0.5086547988825021,1.7321230469627151,1.9985811241661249
tol_7p5km_int_15min,ognoww,markov_order_1,15,nearest,,7.5,71.0,0.9416077540023184,0.4292663298687242,2.0706573467234635,2.218089879866657
tol_7p5km_int_15min,ognoww,markov_order_2,15,linear,,7.5,2007.0,0.9428119116046456,0.5546500782065317,1.7321230469627151,1.9985811241661249
tol_7p5km_int_15min,ognoww,markov_order_2,15,nearest,,7.5,71.0,0.9351676572519284,0.4650053883882962,2.0706573467234635,2.218089879866657
tol_7p5km_int_15min,ognoww,vq_ctw,15,linear,256.0,7.5,2007.0,1.0,0.0,5.700918058029653,5.700918058029653
tol_7p5km_int_15min,ognoww,vq_ctw,15,nearest,256.0,7.5,71.0,1.0,0.0,6.792478987304129,6.792478987304129
tol_7p5km_int_15min,ognoww,vq_ctw,15,linear,512.0,7.5,2007.0,1.0,0.0,5.353191434110618,5.353191434110618
tol_7p5km_int_15min,ognoww,vq_ctw,15,nearest,512.0,7.5,71.0,1.0,0.0,6.17125259668418,6.17125259668418
tol_7p5km_int_15min,ognoww,vq_ctw,15,linear,1024.0,7.5,2007.0,1.0,0.0,5.321383901931598,5.321383901931598
tol_7p5km_int_15min,ognoww,vq_ctw,15,nearest,1024.0,7.5,71.0,1.0,0.0,6.283308377106898,6.283308377106898
tol_7p5km_int_15min,ogofvo,direct_ctw,15,linear,,7.5,930.0,0.9396884455918854,0.5518597056301947,2.144978717251894,2.3318447998686307
tol_7p5km_int_15min,ogofvo,direct_ctw,15,nearest,,7.5,269.0,0.953944822218583,0.321004529670602,2.1153419411232077,2.2917973464710766
tol_7p5km_int_15min,ogofvo,markov_order_1,15,linear,,7.5,930.0,0.9159729824451326,0.7271489839592736,2.144978717251894,2.3318447998686307
tol_7p5km_int_15min,ogofvo,markov_order_1,15,nearest,,7.5,269.0,0.93255186297328,0.4075977831492355,2.1153419411232077,2.2917973464710766
tol_7p5km_int_15min,ogofvo,markov_order_2,15,linear,,7.5,930.0,0.9090240235374044,0.7763702535664476,2.144978717251894,2.3318447998686307
tol_7p5km_int_15min,ogofvo,markov_order_2,15,nearest,,7.5,269.0,0.9435159927154776,0.3710840199576035,2.1153419411232077,2.2917973464710766
tol_7p5km_int_15min,ogofvo,vq_ctw,15,linear,256.0,7.5,930.0,1.0,0.0,5.688817091805837,5.688817091805837
tol_7p5km_int_15min,ogofvo,vq_ctw,15,nearest,256.0,7.5,269.0,1.0,0.0,6.394419791883552,6.394419791883552
tol_7p5km_int_15min,ogofvo,vq_ctw,15,linear,512.0,7.5,930.0,1.0,0.0,5.387003137994409,5.387003137994409
tol_7p5km_int_15min,ogofvo,vq_ctw,15,nearest,512.0,7.5,269.0,1.0,0.0,6.349616428343826,6.349616428343826
tol_7p5km_int_15min,ogofvo,vq_ctw,15,linear,1024.0,7.5,930.0,1.0,0.0,5.353731147577946,5.353731147577946
tol_7p5km_int_15min,ogofvo,vq_ctw,15,nearest,1024.0,7.5,269.0,1.0,0.0,6.3167295093636975,6.3167295093636975
tol_7p5km_int_15min,ogphag,direct_ctw,15,linear,,7.5,2015.0,0.93213709336037,0.6690462290837497,2.327655771104572,2.527249386684229
tol_7p5km_int_15min,ogphag,direct_ctw,15,nearest,,7.5,422.0,0.9599116406258524,0.4172810884812912,2.2619032740977247,2.4117176054140126
tol_7p5km_int_15min,ogphag,markov_order_1,15,linear,,7.5,2015.0,0.903261649581612,0.902112014016524,2.327655771104572,2.527249386684229
tol_7p5km_int_15min,ogphag,markov_order_1,15,nearest,,7.5,422.0,0.9433016921776954,0.5124532483116554,2.2619032740977247,2.4117176054140126
tol_7p5km_int_15min,ogphag,markov_order_2,15,linear,,7.5,2015.0,0.8922239717059142,0.9873201754664948,2.327655771104572,2.527249386684229
tol_7p5km_int_15min,ogphag,markov_order_2,15,nearest,,7.5,422.0,0.9378738676355656,0.5426737155708959,2.2619032740977247,2.4117176054140126
tol_7p5km_int_15min,ogphag,vq_ctw,15,linear,256.0,7.5,2015.0,1.0,0.0,7.124052302594238,7.124052302594238
tol_7p5km_int_15min,ogphag,vq_ctw,15,nearest,256.0,7.5,422.0,1.0,0.0,6.39904250371819,6.39904250371819
tol_7p5km_int_15min,ogphag,vq_ctw,15,linear,512.0,7.5,2015.0,1.0,0.0,7.020306654247818,7.020306654247818
tol_7p5km_int_15min,ogphag,vq_ctw,15,nearest,512.0,7.5,422.0,1.0,0.0,6.435740203420189,6.435740203420189
tol_7p5km_int_15min,ogphag,vq_ctw,15,linear,1024.0,7.5,2015.0,1.0,0.0,7.022333213208002,7.022333213208002
tol_7p5km_int_15min,ogphag,vq_ctw,15,nearest,1024.0,7.5,422.0,1.0,0.0,7.019050506094907,7.019050506094907
tol_7p5km_int_15min,ogshtc,direct_ctw,15,linear,,7.5,2015.0,0.9330225351723564,0.6224513949321359,2.208237172377395,2.4013859667213144
tol_7p5km_int_15min,ogshtc,direct_ctw,15,nearest,,7.5,225.0,0.9126960006698523,0.5394181755819608,2.4755376778152067,2.624616217554768
tol_7p5km_int_15min,ogshtc,markov_order_1,15,linear,,7.5,2015.0,0.9151914185195774,0.7581342539401258,2.208237172377395,2.4013859667213144
tol_7p5km_int_15min,ogshtc,markov_order_1,15,nearest,,7.5,225.0,0.8741643813789531,0.7020619358627367,2.4755376778152067,2.624616217554768
tol_7p5km_int_15min,ogshtc,markov_order_2,15,linear,,7.5,2015.0,0.9085633021014488,0.8069940254637392,2.208237172377395,2.4013859667213144
tol_7p5km_int_15min,ogshtc,markov_order_2,15,nearest,,7.5,225.0,0.8585063228944338,0.7646275307235253,2.4755376778152067,2.624616217554768
tol_7p5km_int_15min,ogshtc,vq_ctw,15,linear,256.0,7.5,2015.0,1.0,0.0,6.16520509174515,6.16520509174515
tol_7p5km_int_15min,ogshtc,vq_ctw,15,nearest,256.0,7.5,225.0,1.0,0.0,6.322280823073709,6.322280823073709
tol_7p5km_int_15min,ogshtc,vq_ctw,15,linear,512.0,7.5,2015.0,1.0,0.0,6.0278500772594645,6.0278500772594645
tol_7p5km_int_15min,ogshtc,vq_ctw,15,nearest,512.0,7.5,225.0,1.0,0.0,6.350995870266687,6.350995870266687
tol_7p5km_int_15min,ogshtc,vq_ctw,15,linear,1024.0,7.5,2015.0,1.0,0.0,6.017728908275393,6.017728908275393
tol_7p5km_int_15min,ogshtc,vq_ctw,15,nearest,1024.0,7.5,225.0,1.0,0.0,6.915305271027915,6.915305271027915
tol_7p5km_int_15min,ogurju,direct_ctw,15,linear,,7.5,2015.0,0.9446504980142184,0.5349396410021887,2.3471658365954453,2.5346769042531245
tol_7p5km_int_15min,ogurju,direct_ctw,15,nearest,,7.5,180.0,0.9224891262930556,0.5187517374297193,2.2586465128337228,2.418410023316201
tol_7p5km_int_15min,ogurju,markov_order_1,15,linear,,7.5,2015.0,0.9246219695770072,0.6937851267086241,2.3471658365954453,2.5346769042531245
tol_7p5km_int_15min,ogurju,markov_order_1,15,nearest,,7.5,180.0,0.8724073386602998,0.7518544009914838,2.2586465128337228,2.418410023316201
tol_7p5km_int_15min,ogurju,markov_order_2,15,linear,,7.5,2015.0,0.9162382689529156,0.7576700958022224,2.3471658365954453,2.5346769042531245
tol_7p5km_int_15min,ogurju,markov_order_2,15,nearest,,7.5,180.0,0.8664884884203827,0.7782113396534821,2.2586465128337228,2.418410023316201
tol_7p5km_int_15min,ogurju,vq_ctw,15,linear,256.0,7.5,2015.0,1.0,0.0,7.5704323175512656,7.5704323175512656
tol_7p5km_int_15min,ogurju,vq_ctw,15,nearest,256.0,7.5,180.0,1.0,0.0,6.614771201321499,6.614771201321499
tol_7p5km_int_15min,ogurju,vq_ctw,15,linear,512.0,7.5,2015.0,1.0,0.0,7.358051334894667,7.358051334894667
tol_7p5km_int_15min,ogurju,vq_ctw,15,nearest,512.0,7.5,180.0,1.0,0.0,7.074935707426029,7.074935707426029
tol_7p5km_int_15min,ogurju,vq_ctw,15,linear,1024.0,7.5,2015.0,1.0,0.0,7.356610906882533,7.356610906882533
tol_7p5km_int_15min,ogurju,vq_ctw,15,nearest,1024.0,7.5,180.0,1.0,0.0,7.359776852834598,7.359776852834598
tol_7p5km_int_15min,oiphye,direct_ctw,15,linear,,7.5,1954.0,0.9564080112022532,0.4403009302918962,2.171192856169454,2.362139188650943
tol_7p5km_int_15min,oiphye,direct_ctw,15,nearest,,7.5,179.0,0.9688122279745892,0.3408127407533171,2.0704734707075434,2.2369034119899456
tol_7p5km_int_15min,oiphye,markov_order_1,15,linear,,7.5,1954.0,0.941097914633274,0.5686883807686718,2.171192856169454,2.362139188650943
tol_7p5km_int_15min,oiphye,markov_order_1,15,nearest,,7.5,179.0,0.9444119219402316,0.4616038547325912,2.0704734707075434,2.2369034119899456
tol_7p5km_int_15min,oiphye,markov_order_2,15,linear,,7.5,1954.0,0.9349275951235936,0.6186067759817401,2.171192856169454,2.362139188650943
tol_7p5km_int_15min,oiphye,markov_order_2,15,nearest,,7.5,179.0,0.9442655543023544,0.4741423948368478,2.0704734707075434,2.2369034119899456
tol_7p5km_int_15min,oiphye,vq_ctw,15,linear,256.0,7.5,1954.0,1.0,0.0,5.333698836359018,5.333698836359018
tol_7p5km_int_15min,oiphye,vq_ctw,15,nearest,256.0,7.5,179.0,1.0,0.0,6.1911323871451485,6.1911323871451485
tol_7p5km_int_15min,oiphye,vq_ctw,15,linear,512.0,7.5,1954.0,1.0,0.0,5.08892231913006,5.08892231913006
tol_7p5km_int_15min,oiphye,vq_ctw,15,nearest,512.0,7.5,179.0,1.0,0.0,6.175028316058358,6.175028316058358
tol_7p5km_int_15min,oiphye,vq_ctw,15,linear,1024.0,7.5,1954.0,1.0,0.0,5.076327666078577,5.076327666078577
tol_7p5km_int_15min,oiphye,vq_ctw,15,nearest,1024.0,7.5,179.0,1.0,0.0,6.401939903719172,6.401939903719172
tol_7p5km_int_15min,oipial,direct_ctw,15,linear,,7.5,2012.0,0.9473521073223458,0.5127365770540985,2.1341359315287747,2.3338268592958684
tol_7p5km_int_15min,oipial,direct_ctw,15,nearest,,7.5,247.0,0.9586930261692116,0.359114598466775,2.0496935003577064,2.233278272653662
tol_7p5km_int_15min,oipial,markov_order_1,15,linear,,7.5,2012.0,0.9334203392927948,0.6251698737843383,2.1341359315287747,2.3338268592958684
tol_7p5km_int_15min,oipial,markov_order_1,15,nearest,,7.5,247.0,0.9269358189229115,0.5196607492567017,2.0496935003577064,2.233278272653662
tol_7p5km_int_15min,oipial,markov_order_2,15,linear,,7.5,2012.0,0.9267510679192688,0.6773349895726933,2.1341359315287747,2.3338268592958684
tol_7p5km_int_15min,oipial,markov_order_2,15,nearest,,7.5,247.0,0.9315272984898904,0.4940407120822849,2.0496935003577064,2.233278272653662
tol_7p5km_int_15min,oipial,vq_ctw,15,linear,256.0,7.5,2012.0,1.0,0.0,5.256488831817279,5.256488831817279
tol_7p5km_int_15min,oipial,vq_ctw,15,nearest,256.0,7.5,247.0,1.0,0.0,6.8156203724674445,6.8156203724674445
tol_7p5km_int_15min,oipial,vq_ctw,15,linear,512.0,7.5,2012.0,1.0,0.0,4.954365259119811,4.954365259119811
tol_7p5km_int_15min,oipial,vq_ctw,15,nearest,512.0,7.5,247.0,1.0,0.0,6.765328177290479,6.765328177290479
tol_7p5km_int_15min,oipial,vq_ctw,15,linear,1024.0,7.5,2012.0,1.0,0.0,4.92985079172953,4.92985079172953
tol_7p5km_int_15min,oipial,vq_ctw,15,nearest,1024.0,7.5,247.0,1.0,0.0,7.365442698414328,7.365442698414328
tol_7p5km_int_15min,oirzgo,direct_ctw,15,linear,,7.5,1986.0,0.9393557701542102,0.6116200624787751,2.242115116901652,2.448067357075061
tol_7p5km_int_15min,oirzgo,direct_ctw,15,nearest,,7.5,75.0,0.9444497921452264,0.5342014589006832,1.942420924850669,2.1283893269409297
tol_7p5km_int_15min,oirzgo,markov_order_1,15,linear,,7.5,1986.0,0.91442327600006,0.8189365636128071,2.242115116901652,2.448067357075061
tol_7p5km_int_15min,oirzgo,markov_order_1,15,nearest,,7.5,75.0,0.9234800766077648,0.64261312038024,1.942420924850669,2.1283893269409297
tol_7p5km_int_15min,oirzgo,markov_order_2,15,linear,,7.5,1986.0,0.9024689378849098,0.914040253807512,2.242115116901652,2.448067357075061
tol_7p5km_int_15min,oirzgo,markov_order_2,15,nearest,,7.5,75.0,0.9129956699538392,0.6988630828400432,1.942420924850669,2.1283893269409297
tol_7p5km_int_15min,oirzgo,vq_ctw,15,linear,256.0,7.5,1986.0,1.0,0.0,6.46870201203611,6.46870201203611
tol_7p5km_int_15min,oirzgo,vq_ctw,15,nearest,256.0,7.5,75.0,1.0,0.0,6.255484515093818,6.255484515093818
tol_7p5km_int_15min,oirzgo,vq_ctw,15,linear,512.0,7.5,1986.0,1.0,0.0,6.383307476298433,6.383307476298433
tol_7p5km_int_15min,oirzgo,vq_ctw,15,nearest,512.0,7.5,75.0,1.0,0.0,6.9024582787294975,6.9024582787294975
tol_7p5km_int_15min,oirzgo,vq_ctw,15,linear,1024.0,7.5,1986.0,1.0,0.0,6.383791844888344,6.383791844888344
tol_7p5km_int_15min,oirzgo,vq_ctw,15,nearest,1024.0,7.5,75.0,1.0,0.0,6.73349218508951,6.73349218508951
tol_7p5km_int_15min,oivnab,direct_ctw,15,linear,,7.5,2011.0,0.9136391367056516,0.8252521936338083,2.093404095091281,2.326898354349309
tol_7p5km_int_15min,oivnab,direct_ctw,15,nearest,,7.5,239.0,0.9452455206416924,0.433112921492068,2.148420749827025,2.3384920591375216
tol_7p5km_int_15min,oivnab,markov_order_1,15,linear,,7.5,2011.0,0.8823703759691481,1.0687637490275848,2.093404095091281,2.326898354349309
tol_7p5km_int_15min,oivnab,markov_order_1,15,nearest,,7.5,239.0,0.9128723093815276,0.5987620972146976,2.148420749827025,2.3384920591375216
tol_7p5km_int_15min,oivnab,markov_order_2,15,linear,,7.5,2011.0,0.8691407469152075,1.1674815422282634,2.093404095091281,2.326898354349309
tol_7p5km_int_15min,oivnab,markov_order_2,15,nearest,,7.5,239.0,0.9008112607026666,0.6454211808081979,2.148420749827025,2.3384920591375216
tol_7p5km_int_15min,oivnab,vq_ctw,15,linear,256.0,7.5,2011.0,1.0,0.0,7.836035563348799,7.836035563348799
tol_7p5km_int_15min,oivnab,vq_ctw,15,nearest,256.0,7.5,239.0,1.0,0.0,7.489502735887889,7.489502735887889
tol_7p5km_int_15min,oivnab,vq_ctw,15,linear,512.0,7.5,2011.0,1.0,0.0,7.760630269705867,7.760630269705867
tol_7p5km_int_15min,oivnab,vq_ctw,15,nearest,512.0,7.5,239.0,1.0,0.0,7.228637717271567,7.228637717271567
tol_7p5km_int_15min,oivnab,vq_ctw,15,linear,1024.0,7.5,2011.0,1.0,0.0,7.757467994070705,7.757467994070705
tol_7p5km_int_15min,oivnab,vq_ctw,15,nearest,1024.0,7.5,239.0,1.0,0.0,7.881452797127687,7.881452797127687
tol_7p5km_int_15min,ojachm,direct_ctw,15,linear,,7.5,2014.0,0.9314653592874048,0.6863057756497773,2.3067044431636505,2.495875400566358
tol_7p5km_int_15min,ojachm,direct_ctw,15,nearest,,7.5,140.0,0.9648761291908216,0.3967355318820214,2.3913504432593524,2.5537072593260293
tol_7p5km_int_15min,ojachm,markov_order_1,15,linear,,7.5,2014.0,0.903536112017821,0.9163600299482404,2.3067044431636505,2.495875400566358
tol_7p5km_int_15min,ojachm,markov_order_1,15,nearest,,7.5,140.0,0.9428701093852244,0.5298261511033047,2.3913504432593524,2.5537072593260293
tol_7p5km_int_15min,ojachm,markov_order_2,15,linear,,7.5,2014.0,0.8920953150656149,1.0066379626104849,2.3067044431636505,2.495875400566358
tol_7p5km_int_15min,ojachm,markov_order_2,15,nearest,,7.5,140.0,0.9498544887031878,0.4900747285701214,2.3913504432593524,2.5537072593260293
tol_7p5km_int_15min,ojachm,vq_ctw,15,linear,256.0,7.5,2014.0,1.0,0.0,7.081100916155901,7.081100916155901
tol_7p5km_int_15min,ojachm,vq_ctw,15,nearest,256.0,7.5,140.0,1.0,0.0,6.7405435091443415,6.7405435091443415
tol_7p5km_int_15min,ojachm,vq_ctw,15,linear,512.0,7.5,2014.0,1.0,0.0,7.026952913960654,7.026952913960654
tol_7p5km_int_15min,ojachm,vq_ctw,15,nearest,512.0,7.5,140.0,1.0,0.0,6.55348804678273,6.55348804678273
tol_7p5km_int_15min,ojachm,vq_ctw,15,linear,1024.0,7.5,2014.0,1.0,0.0,7.025597949729734,7.025597949729734
tol_7p5km_int_15min,ojachm,vq_ctw,15,nearest,1024.0,7.5,140.0,1.0,0.0,6.822577214447594,6.822577214447594
tol_7p5km_int_15min,ojbaso,direct_ctw,15,linear,,7.5,2014.0,0.948466813452809,0.5077639880324017,2.1175805525076616,2.29947567670246
tol_7p5km_int_15min,ojbaso,direct_ctw,15,nearest,,7.5,324.0,0.957894064843509,0.3353460101599608,2.211249302771144,2.375532165117342
tol_7p5km_int_15min,ojbaso,markov_order_1,15,linear,,7.5,2014.0,0.9328718342576832,0.6350333786637536,2.1175805525076616,2.29947567670246
tol_7p5km_int_15min,ojbaso,markov_order_1,15,nearest,,7.5,324.0,0.9404671352225956,0.4363745357783036,2.211249302771144,2.375532165117342
tol_7p5km_int_15min,ojbaso,markov_order_2,15,linear,,7.5,2014.0,0.9271004806205936,0.6806376253700523,2.1175805525076616,2.29947567670246
tol_7p5km_int_15min,ojbaso,markov_order_2,15,nearest,,7.5,324.0,0.933220885067418,0.4576566348571649,2.211249302771144,2.375532165117342
tol_7p5km_int_15min,ojbaso,vq_ctw,15,linear,256.0,7.5,2014.0,1.0,0.0,5.175557545559903,5.175557545559903
tol_7p5km_int_15min,ojbaso,vq_ctw,15,nearest,256.0,7.5,324.0,1.0,0.0,6.427339029305465,6.427339029305465
tol_7p5km_int_15min,ojbaso,vq_ctw,15,linear,512.0,7.5,2014.0,1.0,0.0,4.876043434226956,4.876043434226956
tol_7p5km_int_15min,ojbaso,vq_ctw,15,nearest,512.0,7.5,324.0,1.0,0.0,5.931242133076302,5.931242133076302
tol_7p5km_int_15min,ojbaso,vq_ctw,15,linear,1024.0,7.5,2014.0,1.0,0.0,4.854544639879573,4.854544639879573
tol_7p5km_int_15min,ojbaso,vq_ctw,15,nearest,1024.0,7.5,324.0,1.0,0.0,6.398210661542563,6.398210661542563
tol_7p5km_int_15min,ojfann,direct_ctw,15,linear,,7.5,2015.0,0.9447136550725392,0.5473856502237318,2.1203258033103243,2.3101037661652297
tol_7p5km_int_15min,ojfann,direct_ctw,15,nearest,,7.5,362.0,0.9323957351096426,0.4761795963172898,2.164207254744998,2.363419075551953
tol_7p5km_int_15min,ojfann,markov_order_1,15,linear,,7.5,2015.0,0.927583187177388,0.6878589357316188,2.1203258033103243,2.3101037661652297
tol_7p5km_int_15min,ojfann,markov_order_1,15,nearest,,7.5,362.0,0.8947121756183667,0.6503497329103106,2.164207254744998,2.363419075551953
tol_7p5km_int_15min,ojfann,markov_order_2,15,linear,,7.5,2015.0,0.9196478618096782,0.750694920771683,2.1203258033103243,2.3101037661652297
tol_7p5km_int_15min,ojfann,markov_order_2,15,nearest,,7.5,362.0,0.8869384695473217,0.6873179283882781,2.164207254744998,2.363419075551953
tol_7p5km_int_15min,ojfann,vq_ctw,15,linear,256.0,7.5,2015.0,1.0,0.0,5.568812603068794,5.568812603068794
tol_7p5km_int_15min,ojfann,vq_ctw,15,nearest,256.0,7.5,362.0,1.0,0.0,6.318202811798218,6.318202811798218
tol_7p5km_int_15min,ojfann,vq_ctw,15,linear,512.0,7.5,2015.0,1.0,0.0,5.305786097706577,5.305786097706577
tol_7p5km_int_15min,ojfann,vq_ctw,15,nearest,512.0,7.5,362.0,1.0,0.0,6.222909653398364,6.222909653398364
tol_7p5km_int_15min,ojfann,vq_ctw,15,linear,1024.0,7.5,2015.0,1.0,0.0,5.299003510994656,5.299003510994656
tol_7p5km_int_15min,ojfann,vq_ctw,15,nearest,1024.0,7.5,362.0,1.0,0.0,6.539367631421464,6.539367631421464
tol_7p5km_int_15min,ojfequ,direct_ctw,15,linear,,7.5,2015.0,0.9081195076570134,0.8979096988094264,2.3846227228191097,2.619956455248756
tol_7p5km_int_15min,ojfequ,direct_ctw,15,nearest,,7.5,52.0,0.9373259538543046,0.4006437194317834,2.212349409965958,2.378699033080438
tol_7p5km_int_15min,ojfequ,markov_order_1,15,linear,,7.5,2015.0,0.8676760996742736,1.2193357979966124,2.3846227228191097,2.619956455248756
tol_7p5km_int_15min,ojfequ,markov_order_1,15,nearest,,7.5,52.0,0.940258972375006,0.3861570643107345,2.212349409965958,2.378699033080438
tol_7p5km_int_15min,ojfequ,markov_order_2,15,linear,,7.5,2015.0,0.8522282120822868,1.33632644451015,2.3846227228191097,2.619956455248756
tol_7p5km_int_15min,ojfequ,markov_order_2,15,nearest,,7.5,52.0,0.9359184011691846,0.407520243063744,2.212349409965958,2.378699033080438
tol_7p5km_int_15min,ojfequ,vq_ctw,15,linear,256.0,7.5,2015.0,1.0,0.0,9.769441392951292,9.769441392951292
tol_7p5km_int_15min,ojfequ,vq_ctw,15,nearest,256.0,7.5,52.0,1.0,0.0,5.87471517927588,5.87471517927588
tol_7p5km_int_15min,ojfequ,vq_ctw,15,linear,512.0,7.5,2015.0,1.0,0.0,9.955921181554912,9.955921181554912
tol_7p5km_int_15min,ojfequ,vq_ctw,15,nearest,512.0,7.5,52.0,1.0,0.0,6.033568929670336,6.033568929670336
tol_7p5km_int_15min,ojfequ,vq_ctw,15,linear,1024.0,7.5,2015.0,1.0,0.0,9.989913681715088,9.989913681715088
tol_7p5km_int_15min,ojfequ,vq_ctw,15,nearest,1024.0,7.5,52.0,1.0,0.0,6.372549455539838,6.372549455539838
tol_7p5km_int_15min,ojfiez,direct_ctw,15,linear,,7.5,1980.0,0.8854414885855953,0.9912149091265304,2.661206666555208,2.8755169057279053
tol_7p5km_int_15min,ojfiez,direct_ctw,15,nearest,,7.5,65.0,0.91110154089767,0.6218204609328408,2.3804163191478795,2.572589000817749
tol_7p5km_int_15min,ojfiez,markov_order_1,15,linear,,7.5,1980.0,0.8510759852062875,1.2281430608780337,2.661206666555208,2.8755169057279053
tol_7p5km_int_15min,ojfiez,markov_order_1,15,nearest,,7.5,65.0,0.8220427256375558,1.0588777666631928,2.3804163191478795,2.572589000817749
tol_7p5km_int_15min,ojfiez,markov_order_2,15,linear,,7.5,1980.0,0.8435818844293357,1.2779230798724044,2.661206666555208,2.8755169057279053
tol_7p5km_int_15min,ojfiez,markov_order_2,15,nearest,,7.5,65.0,0.7967082538206215,1.162388347516512,2.3804163191478795,2.572589000817749
tol_7p5km_int_15min,ojfiez,vq_ctw,15,linear,256.0,7.5,1980.0,1.0,0.0,8.88301294213026,8.88301294213026
tol_7p5km_int_15min,ojfiez,vq_ctw,15,nearest,256.0,7.5,65.0,1.0,0.0,8.77156780530307,8.77156780530307
tol_7p5km_int_15min,ojfiez,vq_ctw,15,linear,512.0,7.5,1980.0,1.0,0.0,9.09618824784639,9.09618824784639
tol_7p5km_int_15min,ojfiez,vq_ctw,15,nearest,512.0,7.5,65.0,1.0,0.0,8.67250255629775,8.67250255629775
tol_7p5km_int_15min,ojfiez,vq_ctw,15,linear,1024.0,7.5,1980.0,1.0,0.0,9.11366488960989,9.11366488960989
tol_7p5km_int_15min,ojfiez,vq_ctw,15,nearest,1024.0,7.5,65.0,1.0,0.0,9.195908842031542,9.195908842031542
tol_7p5km_int_15min,ojpoot,direct_ctw,15,linear,,7.5,2016.0,0.9573230357773304,0.4388809089100582,2.224700378417498,2.390891125310402
tol_7p5km_int_15min,ojpoot,direct_ctw,15,nearest,,7.5,230.0,0.9533743893570504,0.3853825386440205,2.16024955395954,2.3415368368396607
tol_7p5km_int_15min,ojpoot,markov_order_1,15,linear,,7.5,2016.0,0.9419190329927262,0.5708012594703769,2.224700378417498,2.390891125310402
tol_7p5km_int_15min,ojpoot,markov_order_1,15,nearest,,7.5,230.0,0.932658803828568,0.5045433981900913,2.16024955395954,2.3415368368396607
tol_7p5km_int_15min,ojpoot,markov_order_2,15,linear,,7.5,2016.0,0.9339390827508812,0.6365593004124611,2.224700378417498,2.390891125310402
tol_7p5km_int_15min,ojpoot,markov_order_2,15,nearest,,7.5,230.0,0.9325397684280776,0.4970317231378399,2.16024955395954,2.3415368368396607
tol_7p5km_int_15min,ojpoot,vq_ctw,15,linear,256.0,7.5,2016.0,1.0,0.0,5.454959648203359,5.454959648203359
tol_7p5km_int_15min,ojpoot,vq_ctw,15,nearest,256.0,7.5,230.0,1.0,0.0,6.34073434591061,6.34073434591061
tol_7p5km_int_15min,ojpoot,vq_ctw,15,linear,512.0,7.5,2016.0,1.0,0.0,5.086315299210499,5.086315299210499
tol_7p5km_int_15min,ojpoot,vq_ctw,15,nearest,512.0,7.5,230.0,1.0,0.0,5.85448614705543,5.85448614705543
tol_7p5km_int_15min,ojpoot,vq_ctw,15,linear,1024.0,7.5,2016.0,1.0,0.0,5.06490806716454,5.06490806716454
tol_7p5km_int_15min,ojpoot,vq_ctw,15,nearest,1024.0,7.5,230.0,1.0,0.0,6.479143914925451,6.479143914925451
tol_7p5km_int_15min,ojroig,direct_ctw,15,linear,,7.5,2015.0,0.920880255957922,0.7410197786540279,2.198162026806928,2.3877355760674512
tol_7p5km_int_15min,ojroig,direct_ctw,15,nearest,,7.5,194.0,0.93030889391477,0.4709993562696143,2.3175286228595104,2.4922371994590966
tol_7p5km_int_15min,ojroig,markov_order_1,15,linear,,7.5,2015.0,0.898029267670722,0.915921891692488,2.198162026806928,2.3877355760674512
tol_7p5km_int_15min,ojroig,markov_order_1,15,nearest,,7.5,194.0,0.8991516575233747,0.6131794236619326,2.3175286228595104,2.4922371994590966
tol_7p5km_int_15min,ojroig,markov_order_2,15,linear,,7.5,2015.0,0.8916046772202562,0.9635335037886992,2.198162026806928,2.3877355760674512
tol_7p5km_int_15min,ojroig,markov_order_2,15,nearest,,7.5,194.0,0.8896347532393454,0.6541540926328901,2.3175286228595104,2.4922371994590966
tol_7p5km_int_15min,ojroig,vq_ctw,15,linear,256.0,7.5,2015.0,1.0,0.0,6.635620924492173,6.635620924492173
tol_7p5km_int_15min,ojroig,vq_ctw,15,nearest,256.0,7.5,194.0,1.0,0.0,7.234133481418245,7.234133481418245
tol_7p5km_int_15min,ojroig,vq_ctw,15,linear,512.0,7.5,2015.0,1.0,0.0,6.515148172838055,6.515148172838055
tol_7p5km_int_15min,ojroig,vq_ctw,15,nearest,512.0,7.5,194.0,1.0,0.0,6.87614699107466,6.87614699107466
tol_7p5km_int_15min,ojroig,vq_ctw,15,linear,1024.0,7.5,2015.0,1.0,0.0,6.516157416676237,6.516157416676237
tol_7p5km_int_15min,ojroig,vq_ctw,15,nearest,1024.0,7.5,194.0,1.0,0.0,7.549386359759505,7.549386359759505
tol_7p5km_int_15min,ojumna,direct_ctw,15,linear,,7.5,1988.0,0.9531657869802106,0.4680887357782484,2.0636629578867582,2.2583922429950127
tol_7p5km_int_15min,ojumna,direct_ctw,15,nearest,,7.5,150.0,0.9440219590142293,0.4372112287349596,2.153047944656737,2.3140891145589757
tol_7p5km_int_15min,ojumna,markov_order_1,15,linear,,7.5,1988.0,0.9399142578177204,0.5783382281760058,2.0636629578867582,2.2583922429950127
tol_7p5km_int_15min,ojumna,markov_order_1,15,nearest,,7.5,150.0,0.912512242020784,0.5924832614569461,2.153047944656737,2.3140891145589757
tol_7p5km_int_15min,ojumna,markov_order_2,15,linear,,7.5,1988.0,0.931776492244399,0.6437457941601896,2.0636629578867582,2.2583922429950127
tol_7p5km_int_15min,ojumna,markov_order_2,15,nearest,,7.5,150.0,0.8996027227007665,0.6524970932409424,2.153047944656737,2.3140891145589757
tol_7p5km_int_15min,ojumna,vq_ctw,15,linear,256.0,7.5,1988.0,1.0,0.0,5.589364874351908,5.589364874351908
tol_7p5km_int_15min,ojumna,vq_ctw,15,nearest,256.0,7.5,150.0,1.0,0.0,6.2280654770553125,6.2280654770553125
tol_7p5km_int_15min,ojumna,vq_ctw,15,linear,512.0,7.5,1988.0,1.0,0.0,5.349826948985755,5.349826948985755
tol_7p5km_int_15min,ojumna,vq_ctw,15,nearest,512.0,7.5,150.0,1.0,0.0,5.973164787544408,5.973164787544408
tol_7p5km_int_15min,ojumna,vq_ctw,15,linear,1024.0,7.5,1988.0,1.0,0.0,5.332803635320217,5.332803635320217
tol_7p5km_int_15min,ojumna,vq_ctw,15,nearest,1024.0,7.5,150.0,1.0,0.0,6.724133626442931,6.724133626442931
tol_7p5km_int_15min,ojvigh,direct_ctw,15,linear,,7.5,2014.0,0.938035506666926,0.6229485568095362,2.1850628803668206,2.3850549914117742
tol_7p5km_int_15min,ojvigh,direct_ctw,15,nearest,,7.5,270.0,0.9519552413360464,0.422603790328635,2.110748624856477,2.2672928717998824
tol_7p5km_int_15min,ojvigh,markov_order_1,15,linear,,7.5,2014.0,0.9071559740105885,0.8770465348341494,2.1850628803668206,2.3850549914117742
tol_7p5km_int_15min,ojvigh,markov_order_1,15,nearest,,7.5,270.0,0.9241315506740148,0.5711021158042101,2.110748624856477,2.2672928717998824
tol_7p5km_int_15min,ojvigh,markov_order_2,15,linear,,7.5,2014.0,0.8922504589128379,0.9934637259500562,2.1850628803668206,2.3850549914117742
tol_7p5km_int_15min,ojvigh,markov_order_2,15,nearest,,7.5,270.0,0.9228443863634376,0.5527748361268822,2.110748624856477,2.2672928717998824
tol_7p5km_int_15min,ojvigh,vq_ctw,15,linear,256.0,7.5,2014.0,1.0,0.0,7.740839558886105,7.740839558886105
tol_7p5km_int_15min,ojvigh,vq_ctw,15,nearest,256.0,7.5,270.0,1.0,0.0,5.873636866421808,5.873636866421808
tol_7p5km_int_15min,ojvigh,vq_ctw,15,linear,512.0,7.5,2014.0,1.0,0.0,7.491316934710146,7.491316934710146
tol_7p5km_int_15min,ojvigh,vq_ctw,15,nearest,512.0,7.5,270.0,1.0,0.0,5.870673805611927,5.870673805611927
tol_7p5km_int_15min,ojvigh,vq_ctw,15,linear,1024.0,7.5,2014.0,1.0,0.0,7.484033596717784,7.484033596717784
tol_7p5km_int_15min,ojvigh,vq_ctw,15,nearest,1024.0,7.5,270.0,1.0,0.0,6.34314096230304,6.34314096230304
tol_7p5km_int_15min,ojwyky,direct_ctw,15,linear,,7.5,1982.0,0.94998604466583,0.5061334028218148,2.079467740558253,2.2701932907098654
tol_7p5km_int_15min,ojwyky,direct_ctw,15,nearest,,7.5,107.0,0.9464381659312096,0.3441835253256712,2.121515919683021,2.3180932023975096
tol_7p5km_int_15min,ojwyky,markov_order_1,15,linear,,7.5,1982.0,0.9348883229823002,0.6334018541964787,2.079467740558253,2.2701932907098654
tol_7p5km_int_15min,ojwyky,markov_order_1,15,nearest,,7.5,107.0,0.911219992459213,0.5005520151508349,2.121515919683021,2.3180932023975096
tol_7p5km_int_15min,ojwyky,markov_order_2,15,linear,,7.5,1982.0,0.925691587180212,0.7081860417394822,2.079467740558253,2.2701932907098654
tol_7p5km_int_15min,ojwyky,markov_order_2,15,nearest,,7.5,107.0,0.913327391697034,0.493597552096365,2.121515919683021,2.3180932023975096
tol_7p5km_int_15min,ojwyky,vq_ctw,15,linear,256.0,7.5,1982.0,1.0,0.0,5.654512444110993,5.654512444110993
tol_7p5km_int_15min,ojwyky,vq_ctw,15,nearest,256.0,7.5,107.0,1.0,0.0,6.516843796487964,6.516843796487964
tol_7p5km_int_15min,ojwyky,vq_ctw,15,linear,512.0,7.5,1982.0,1.0,0.0,5.352876320945684,5.352876320945684
tol_7p5km_int_15min,ojwyky,vq_ctw,15,nearest,512.0,7.5,107.0,1.0,0.0,6.6254297162796,6.6254297162796
tol_7p5km_int_15min,ojwyky,vq_ctw,15,linear,1024.0,7.5,1982.0,1.0,0.0,5.328625160524936,5.328625160524936
tol_7p5km_int_15min,ojwyky,vq_ctw,15,nearest,1024.0,7.5,107.0,1.0,0.0,7.27217639333377,7.27217639333377
tol_7p5km_int_15min,okavka,direct_ctw,15,linear,,7.5,2014.0,0.9041121453184237,0.9167901337730568,2.442177327299293,2.6534246746087518
tol_7p5km_int_15min,okavka,direct_ctw,15,nearest,,7.5,188.0,0.9241816572659156,0.5126151749612347,2.141387912444347,2.3217595232440065
tol_7p5km_int_15min,okavka,markov_order_1,15,linear,,7.5,2014.0,0.866264918701922,1.210505397379013,2.442177327299293,2.6534246746087518
tol_7p5km_int_15min,okavka,markov_order_1,15,nearest,,7.5,188.0,0.9022198209471634,0.6197057392995523,2.141387912444347,2.3217595232440065
tol_7p5km_int_15min,okavka,markov_order_2,15,linear,,7.5,2014.0,0.8503227991743458,1.3285833379326892,2.442177327299293,2.6534246746087518
tol_7p5km_int_15min,okavka,markov_order_2,15,nearest,,7.5,188.0,0.8981812266845155,0.6377675267892909,2.141387912444347,2.3217595232440065
tol_7p5km_int_15min,okavka,vq_ctw,15,linear,256.0,7.5,2014.0,1.0,0.0,8.232680709227097,8.232680709227097
tol_7p5km_int_15min,okavka,vq_ctw,15,nearest,256.0,7.5,188.0,1.0,0.0,6.392944908777333,6.392944908777333
tol_7p5km_int_15min,okavka,vq_ctw,15,linear,512.0,7.5,2014.0,1.0,0.0,8.286848874642516,8.286848874642516
tol_7p5km_int_15min,okavka,vq_ctw,15,nearest,512.0,7.5,188.0,1.0,0.0,6.524737718343748,6.524737718343748
tol_7p5km_int_15min,okavka,vq_ctw,15,linear,1024.0,7.5,2014.0,1.0,0.0,8.29421845344201,8.29421845344201
tol_7p5km_int_15min,okavka,vq_ctw,15,nearest,1024.0,7.5,188.0,1.0,0.0,7.301116138245264,7.301116138245264
tol_7p5km_int_15min,okblah,direct_ctw,15,linear,,7.5,2015.0,0.9374150806097878,0.5692134702053139,2.059648209781616,2.2502260858678858
tol_7p5km_int_15min,okblah,direct_ctw,15,nearest,,7.5,569.0,0.943411795895342,0.4213506524120307,2.1271591059796,2.305624878036485
tol_7p5km_int_15min,okblah,markov_order_1,15,linear,,7.5,2015.0,0.9244157059866362,0.6661208946361198,2.059648209781616,2.2502260858678858
tol_7p5km_int_15min,okblah,markov_order_1,15,nearest,,7.5,569.0,0.9190015656907556,0.5427869001238248,2.1271591059796,2.305624878036485
tol_7p5km_int_15min,okblah,markov_order_2,15,linear,,7.5,2015.0,0.9180707921323852,0.712114755622879,2.059648209781616,2.2502260858678858
tol_7p5km_int_15min,okblah,markov_order_2,15,nearest,,7.5,569.0,0.9088932699705964,0.590270896272181,2.1271591059796,2.305624878036485
tol_7p5km_int_15min,okblah,vq_ctw,15,linear,256.0,7.5,2015.0,1.0,0.0,5.239175900745988,5.239175900745988
tol_7p5km_int_15min,okblah,vq_ctw,15,nearest,256.0,7.5,569.0,1.0,0.0,6.160716473773339,6.160716473773339
tol_7p5km_int_15min,okblah,vq_ctw,15,linear,512.0,7.5,2015.0,1.0,0.0,4.968614720356342,4.968614720356342
tol_7p5km_int_15min,okblah,vq_ctw,15,nearest,512.0,7.5,569.0,1.0,0.0,6.053168558787636,6.053168558787636
tol_7p5km_int_15min,okblah,vq_ctw,15,linear,1024.0,7.5,2015.0,1.0,0.0,4.947086281279823,4.947086281279823
tol_7p5km_int_15min,okblah,vq_ctw,15,nearest,1024.0,7.5,569.0,1.0,0.0,6.417879694230818,6.417879694230818
tol_7p5km_int_15min,okchym,direct_ctw,15,linear,,7.5,2015.0,0.9394874326526712,0.5715265380253984,2.395923134259434,2.596590944069666
tol_7p5km_int_15min,okchym,direct_ctw,15,nearest,,7.5,72.0,0.9999999999980906,0.2092955417441949,2.449382223593376,2.627921518472421
tol_7p5km_int_15min,okchym,markov_order_1,15,linear,,7.5,2015.0,0.9212118622372816,0.7130472089410794,2.395923134259434,2.596590944069666
tol_7p5km_int_15min,okchym,markov_order_1,15,nearest,,7.5,72.0,0.9999999999980906,0.2527187900467237,2.449382223593376,2.627921518472421
tol_7p5km_int_15min,okchym,markov_order_2,15,linear,,7.5,2015.0,0.9176544064967688,0.7397729596694316,2.395923134259434,2.596590944069666
tol_7p5km_int_15min,okchym,markov_order_2,15,nearest,,7.5,72.0,0.9999999999980906,0.2501384626579183,2.449382223593376,2.627921518472421
tol_7p5km_int_15min,okchym,vq_ctw,15,linear,256.0,7.5,2015.0,1.0,0.0,5.798377621176279,5.798377621176279
tol_7p5km_int_15min,okchym,vq_ctw,15,nearest,256.0,7.5,72.0,1.0,0.0,6.772003119302233,6.772003119302233
tol_7p5km_int_15min,okchym,vq_ctw,15,linear,512.0,7.5,2015.0,1.0,0.0,5.732345190623823,5.732345190623823
tol_7p5km_int_15min,okchym,vq_ctw,15,nearest,512.0,7.5,72.0,1.0,0.0,6.619226698786254,6.619226698786254
tol_7p5km_int_15min,okchym,vq_ctw,15,linear,1024.0,7.5,2015.0,1.0,0.0,5.743139538374486,5.743139538374486
tol_7p5km_int_15min,okchym,vq_ctw,15,nearest,1024.0,7.5,72.0,1.0,0.0,6.585241219212407,6.585241219212407
tol_7p5km_int_15min,okneyd,direct_ctw,15,linear,,7.5,1213.0,0.9636055176660924,0.3772717187330707,2.1357143173662982,2.3638712653840868
tol_7p5km_int_15min,okneyd,direct_ctw,15,nearest,,7.5,111.0,0.9817547747584874,0.1828065969979062,1.993506518234529,2.1473885323513
tol_7p5km_int_15min,okneyd,markov_order_1,15,linear,,7.5,1213.0,0.943834260658172,0.5462393522883604,2.1357143173662982,2.3638712653840868
tol_7p5km_int_15min,okneyd,markov_order_1,15,nearest,,7.5,111.0,0.9767343691631682,0.2171294093923363,1.993506518234529,2.1473885323513
tol_7p5km_int_15min,okneyd,markov_order_2,15,linear,,7.5,1213.0,0.9378994844437668,0.5946818484925479,2.1357143173662982,2.3638712653840868
tol_7p5km_int_15min,okneyd,markov_order_2,15,nearest,,7.5,111.0,0.972379756583872,0.2441673035127823,1.993506518234529,2.1473885323513
tol_7p5km_int_15min,okneyd,vq_ctw,15,linear,256.0,7.5,1213.0,1.0,0.0,5.702141716207211,5.702141716207211
tol_7p5km_int_15min,okneyd,vq_ctw,15,nearest,256.0,7.5,111.0,1.0,0.0,5.390505153764972,5.390505153764972
tol_7p5km_int_15min,okneyd,vq_ctw,15,linear,512.0,7.5,1213.0,1.0,0.0,5.555541293470302,5.555541293470302
tol_7p5km_int_15min,okneyd,vq_ctw,15,nearest,512.0,7.5,111.0,1.0,0.0,5.450550767256599,5.450550767256599
tol_7p5km_int_15min,okneyd,vq_ctw,15,linear,1024.0,7.5,1213.0,1.0,0.0,5.548025737191193,5.548025737191193
tol_7p5km_int_15min,okneyd,vq_ctw,15,nearest,1024.0,7.5,111.0,1.0,0.0,5.847695644528592,5.847695644528592
tol_7p5km_int_15min,oknsco,direct_ctw,15,linear,,7.5,2015.0,0.9585985957810332,0.3971035695778958,2.220151108344685,2.39252489229006
tol_7p5km_int_15min,oknsco,direct_ctw,15,nearest,,7.5,225.0,0.9733490738414136,0.2668142684013395,2.084108245944877,2.23447486283381
tol_7p5km_int_15min,oknsco,markov_order_1,15,linear,,7.5,2015.0,0.948684314934338,0.4759246262766789,2.220151108344685,2.39252489229006
tol_7p5km_int_15min,oknsco,markov_order_1,15,nearest,,7.5,225.0,0.9634761360275406,0.3276563067985125,2.084108245944877,2.23447486283381
tol_7p5km_int_15min,oknsco,markov_order_2,15,linear,,7.5,2015.0,0.9439679294291852,0.512360924972859,2.220151108344685,2.39252489229006
tol_7p5km_int_15min,oknsco,markov_order_2,15,nearest,,7.5,225.0,0.9591623440380452,0.3551326872279833,2.084108245944877,2.23447486283381
tol_7p5km_int_15min,oknsco,vq_ctw,15,linear,256.0,7.5,2015.0,1.0,0.0,4.942236819218678,4.942236819218678
tol_7p5km_int_15min,oknsco,vq_ctw,15,nearest,256.0,7.5,225.0,1.0,0.0,5.754004501899858,5.754004501899858
tol_7p5km_int_15min,oknsco,vq_ctw,15,linear,512.0,7.5,2015.0,1.0,0.0,4.640933479305799,4.640933479305799
tol_7p5km_int_15min,oknsco,vq_ctw,15,nearest,512.0,7.5,225.0,1.0,0.0,5.441998505260118,5.441998505260118
tol_7p5km_int_15min,oknsco,vq_ctw,15,linear,1024.0,7.5,2015.0,1.0,0.0,4.622044043967023,4.622044043967023
tol_7p5km_int_15min,oknsco,vq_ctw,15,nearest,1024.0,7.5,225.0,1.0,0.0,5.890010571538848,5.890010571538848
tol_7p5km_int_15min,okquak,direct_ctw,15,linear,,7.5,2015.0,0.9311178031485288,0.681617331296911,2.186626997161615,2.389105919412017
tol_7p5km_int_15min,okquak,direct_ctw,15,nearest,,7.5,158.0,0.9330613809524748,0.5074331489648966,2.246499734093119,2.438128471196699
tol_7p5km_int_15min,okquak,markov_order_1,15,linear,,7.5,2015.0,0.9043529791516548,0.8992141116201053,2.186626997161615,2.389105919412017
tol_7p5km_int_15min,okquak,markov_order_1,15,nearest,,7.5,158.0,0.8893182565922937,0.7287709884561184,2.246499734093119,2.438128471196699
tol_7p5km_int_15min,okquak,markov_order_2,15,linear,,7.5,2015.0,0.8923342212211876,0.9928192378389392,2.186626997161615,2.389105919412017
tol_7p5km_int_15min,okquak,markov_order_2,15,nearest,,7.5,158.0,0.8905401616400975,0.7348188828948942,2.246499734093119,2.438128471196699
tol_7p5km_int_15min,okquak,vq_ctw,15,linear,256.0,7.5,2015.0,1.0,0.0,6.088608259800062,6.088608259800062
tol_7p5km_int_15min,okquak,vq_ctw,15,nearest,256.0,7.5,158.0,1.0,0.0,6.5538664323785785,6.5538664323785785
tol_7p5km_int_15min,okquak,vq_ctw,15,linear,512.0,7.5,2015.0,1.0,0.0,5.895076071787891,5.895076071787891
tol_7p5km_int_15min,okquak,vq_ctw,15,nearest,512.0,7.5,158.0,1.0,0.0,6.362296237648708,6.362296237648708
tol_7p5km_int_15min,okquak,vq_ctw,15,linear,1024.0,7.5,2015.0,1.0,0.0,5.879501363345848,5.879501363345848
tol_7p5km_int_15min,okquak,vq_ctw,15,nearest,1024.0,7.5,158.0,1.0,0.0,7.540373143486818,7.540373143486818
tol_7p5km_int_15min,oksbos,direct_ctw,15,linear,,7.5,2015.0,0.923667007969078,0.7560843707538503,2.385918317405804,2.5799435403617856
tol_7p5km_int_15min,oksbos,direct_ctw,15,nearest,,7.5,102.0,0.9802345941946146,0.3123848025497061,2.0560936017221514,2.2369966209936227
tol_7p5km_int_15min,oksbos,markov_order_1,15,linear,,7.5,2015.0,0.8882404066818219,1.04246874623219,2.385918317405804,2.5799435403617856
tol_7p5km_int_15min,oksbos,markov_order_1,15,nearest,,7.5,102.0,0.9744944342832575,0.3781218731068249,2.0560936017221514,2.2369966209936227
tol_7p5km_int_15min,oksbos,markov_order_2,15,linear,,7.5,2015.0,0.8741746841107463,1.1507638656194032,2.385918317405804,2.5799435403617856
tol_7p5km_int_15min,oksbos,markov_order_2,15,nearest,,7.5,102.0,0.9695291421954294,0.3931129299511926,2.0560936017221514,2.2369966209936227
tol_7p5km_int_15min,oksbos,vq_ctw,15,linear,256.0,7.5,2015.0,1.0,0.0,8.684754301383006,8.684754301383006
tol_7p5km_int_15min,oksbos,vq_ctw,15,nearest,256.0,7.5,102.0,1.0,0.0,6.353508765404197,6.353508765404197
tol_7p5km_int_15min,oksbos,vq_ctw,15,linear,512.0,7.5,2015.0,1.0,0.0,8.71235515194951,8.71235515194951
tol_7p5km_int_15min,oksbos,vq_ctw,15,nearest,512.0,7.5,102.0,1.0,0.0,5.925721051226981,5.925721051226981
tol_7p5km_int_15min,oksbos,vq_ctw,15,linear,1024.0,7.5,2015.0,1.0,0.0,8.731812921944623,8.731812921944623
tol_7p5km_int_15min,oksbos,vq_ctw,15,nearest,1024.0,7.5,102.0,1.0,0.0,6.668925267039258,6.668925267039258
tol_7p5km_int_15min,oktuls,direct_ctw,15,linear,,7.5,2015.0,0.9569220217663272,0.4392229772502179,2.1791361861389795,2.3823356706802152
tol_7p5km_int_15min,oktuls,direct_ctw,15,nearest,,7.5,217.0,0.9555716842319526,0.3849217944450967,2.106283522538508,2.252929756800968
tol_7p5km_int_15min,oktuls,markov_order_1,15,linear,,7.5,2015.0,0.9424738962107104,0.5619118901183049,2.1791361861389795,2.3823356706802152
tol_7p5km_int_15min,oktuls,markov_order_1,15,nearest,,7.5,217.0,0.9385220709597756,0.4815863090986584,2.106283522538508,2.252929756800968
tol_7p5km_int_15min,oktuls,markov_order_2,15,linear,,7.5,2015.0,0.9352468707066172,0.6210975863505794,2.1791361861389795,2.3823356706802152
tol_7p5km_int_15min,oktuls,markov_order_2,15,nearest,,7.5,217.0,0.9351185709787202,0.496357825198941,2.106283522538508,2.252929756800968
tol_7p5km_int_15min,oktuls,vq_ctw,15,linear,256.0,7.5,2015.0,1.0,0.0,6.702155979068321,6.702155979068321
tol_7p5km_int_15min,oktuls,vq_ctw,15,nearest,256.0,7.5,217.0,1.0,0.0,5.763465981470908,5.763465981470908
tol_7p5km_int_15min,oktuls,vq_ctw,15,linear,512.0,7.5,2015.0,1.0,0.0,6.570514825524793,6.570514825524793
tol_7p5km_int_15min,oktuls,vq_ctw,15,nearest,512.0,7.5,217.0,1.0,0.0,5.86374865829877,5.86374865829877
tol_7p5km_int_15min,oktuls,vq_ctw,15,linear,1024.0,7.5,2015.0,1.0,0.0,6.561013689209714,6.561013689209714
tol_7p5km_int_15min,oktuls,vq_ctw,15,nearest,1024.0,7.5,217.0,1.0,0.0,6.3480521319025085,6.3480521319025085
tol_7p5km_int_15min,okvats,direct_ctw,15,linear,,7.5,2014.0,0.966974121211909,0.3277431065208225,1.7912086495834307,2.065598927724914
tol_7p5km_int_15min,okvats,direct_ctw,15,nearest,,7.5,223.0,0.9414629861690492,0.4042721605092959,2.244295971018912,2.390006437659033
tol_7p5km_int_15min,okvats,markov_order_1,15,linear,,7.5,2014.0,0.9582693015099653,0.3997748599949676,1.7912086495834307,2.065598927724914
tol_7p5km_int_15min,okvats,markov_order_1,15,nearest,,7.5,223.0,0.9116908549628208,0.5476297532933017,2.244295971018912,2.390006437659033
tol_7p5km_int_15min,okvats,markov_order_2,15,linear,,7.5,2014.0,0.954568124433536,0.4295369761210816,1.7912086495834307,2.065598927724914
tol_7p5km_int_15min,okvats,markov_order_2,15,nearest,,7.5,223.0,0.9136031904295682,0.5465926032843073,2.244295971018912,2.390006437659033
tol_7p5km_int_15min,okvats,vq_ctw,15,linear,256.0,7.5,2014.0,1.0,0.0,4.393720085725925,4.393720085725925
tol_7p5km_int_15min,okvats,vq_ctw,15,nearest,256.0,7.5,223.0,1.0,0.0,5.790115367929068,5.790115367929068
tol_7p5km_int_15min,okvats,vq_ctw,15,linear,512.0,7.5,2014.0,1.0,0.0,4.0347556758259,4.0347556758259
tol_7p5km_int_15min,okvats,vq_ctw,15,nearest,512.0,7.5,223.0,1.0,0.0,5.769331857870139,5.769331857870139
tol_7p5km_int_15min,okvats,vq_ctw,15,linear,1024.0,7.5,2014.0,1.0,0.0,4.007159330448563,4.007159330448563
tol_7p5km_int_15min,okvats,vq_ctw,15,nearest,1024.0,7.5,223.0,1.0,0.0,5.891956476355987,5.891956476355987
tol_7p5km_int_15min,oljnek,direct_ctw,15,linear,,7.5,1997.0,0.9100452351259248,0.7788085269697147,2.289231787718759,2.48657651277326
tol_7p5km_int_15min,oljnek,direct_ctw,15,nearest,,7.5,394.0,0.9254281692094763,0.50663311249507,2.3086098132656234,2.461273137473164
tol_7p5km_int_15min,oljnek,markov_order_1,15,linear,,7.5,1997.0,0.8883497112830319,0.929966023560245,2.289231787718759,2.48657651277326
tol_7p5km_int_15min,oljnek,markov_order_1,15,nearest,,7.5,394.0,0.8865735015404124,0.6929999502680619,2.3086098132656234,2.461273137473164
tol_7p5km_int_15min,oljnek,markov_order_2,15,linear,,7.5,1997.0,0.8782772375845236,0.9977344608778692,2.289231787718759,2.48657651277326
tol_7p5km_int_15min,oljnek,markov_order_2,15,nearest,,7.5,394.0,0.8774254123185492,0.731839562596984,2.3086098132656234,2.461273137473164
tol_7p5km_int_15min,oljnek,vq_ctw,15,linear,256.0,7.5,1997.0,1.0,0.0,7.657212177463053,7.657212177463053
tol_7p5km_int_15min,oljnek,vq_ctw,15,nearest,256.0,7.5,394.0,1.0,0.0,7.318844776473109,7.318844776473109
tol_7p5km_int_15min,oljnek,vq_ctw,15,linear,512.0,7.5,1997.0,1.0,0.0,7.294509242795653,7.294509242795653
tol_7p5km_int_15min,oljnek,vq_ctw,15,nearest,512.0,7.5,394.0,1.0,0.0,7.158746106495081,7.158746106495081
tol_7p5km_int_15min,oljnek,vq_ctw,15,linear,1024.0,7.5,1997.0,1.0,0.0,7.270967713638078,7.270967713638078
tol_7p5km_int_15min,oljnek,vq_ctw,15,nearest,1024.0,7.5,394.0,1.0,0.0,7.307649460025405,7.307649460025405
tol_7p5km_int_15min,omcuky,direct_ctw,15,linear,,7.5,1980.0,0.9410964502594924,0.553206681266208,2.232225474463073,2.422971952996015
tol_7p5km_int_15min,omcuky,direct_ctw,15,nearest,,7.5,271.0,0.942245034408116,0.4249880774485105,2.302592381067494,2.4832320829224472
tol_7p5km_int_15min,omcuky,markov_order_1,15,linear,,7.5,1980.0,0.9277807257013222,0.6563043019057289,2.232225474463073,2.422971952996015
tol_7p5km_int_15min,omcuky,markov_order_1,15,nearest,,7.5,271.0,0.9114337443931352,0.5742566050914406,2.302592381067494,2.4832320829224472
tol_7p5km_int_15min,omcuky,markov_order_2,15,linear,,7.5,1980.0,0.9220096443596704,0.6997579816143086,2.232225474463073,2.422971952996015
tol_7p5km_int_15min,omcuky,markov_order_2,15,nearest,,7.5,271.0,0.8980010804498066,0.6359043974437524,2.302592381067494,2.4832320829224472
tol_7p5km_int_15min,omcuky,vq_ctw,15,linear,256.0,7.5,1980.0,1.0,0.0,5.323639018793446,5.323639018793446
tol_7p5km_int_15min,omcuky,vq_ctw,15,nearest,256.0,7.5,271.0,1.0,0.0,6.300523413955874,6.300523413955874
tol_7p5km_int_15min,omcuky,vq_ctw,15,linear,512.0,7.5,1980.0,1.0,0.0,5.092137590545911,5.092137590545911
tol_7p5km_int_15min,omcuky,vq_ctw,15,nearest,512.0,7.5,271.0,1.0,0.0,6.144950717218958,6.144950717218958
tol_7p5km_int_15min,omcuky,vq_ctw,15,linear,1024.0,7.5,1980.0,1.0,0.0,5.073831356962977,5.073831356962977
tol_7p5km_int_15min,omcuky,vq_ctw,15,nearest,1024.0,7.5,271.0,1.0,0.0,6.825397135008362,6.825397135008362
tol_7p5km_int_15min,omdrid,direct_ctw,15,linear,,7.5,587.0,0.9337604503953536,0.5891973311322849,2.2105866180111917,2.412935890642295
tol_7p5km_int_15min,omdrid,direct_ctw,15,nearest,,7.5,174.0,0.9295291601105576,0.4712879328246507,2.3239758343136603,2.493473843616305
tol_7p5km_int_15min,omdrid,markov_order_1,15,linear,,7.5,587.0,0.9053443547737594,0.791158677144114,2.2105866180111917,2.412935890642295
tol_7p5km_int_15min,omdrid,markov_order_1,15,nearest,,7.5,174.0,0.9026690541238646,0.5863148702472893,2.3239758343136603,2.493473843616305
tol_7p5km_int_15min,omdrid,markov_order_2,15,linear,,7.5,587.0,0.8941568654546548,0.866692513276681,2.2105866180111917,2.412935890642295
tol_7p5km_int_15min,omdrid,markov_order_2,15,nearest,,7.5,174.0,0.9057723208278268,0.5762564730327784,2.3239758343136603,2.493473843616305
tol_7p5km_int_15min,omdrid,vq_ctw,15,linear,256.0,7.5,587.0,1.0,0.0,5.619863708241743,5.619863708241743
tol_7p5km_int_15min,omdrid,vq_ctw,15,nearest,256.0,7.5,174.0,1.0,0.0,7.019745167035391,7.019745167035391
tol_7p5km_int_15min,omdrid,vq_ctw,15,linear,512.0,7.5,587.0,1.0,0.0,5.351255644750971,5.351255644750971
tol_7p5km_int_15min,omdrid,vq_ctw,15,nearest,512.0,7.5,174.0,1.0,0.0,7.189578530922787,7.189578530922787
tol_7p5km_int_15min,omdrid,vq_ctw,15,linear,1024.0,7.5,587.0,1.0,0.0,5.357682564206401,5.357682564206401
tol_7p5km_int_15min,omdrid,vq_ctw,15,nearest,1024.0,7.5,174.0,1.0,0.0,7.832570512756461,7.832570512756461
tol_7p5km_int_15min,omluaj,direct_ctw,15,linear,,7.5,2013.0,0.9204869614614613,0.7185131770544824,2.25925428230134,2.463854535119618
tol_7p5km_int_15min,omluaj,direct_ctw,15,nearest,,7.5,181.0,0.9111019843584196,0.5551034380846094,2.281537944227668,2.4397482186865584
tol_7p5km_int_15min,omluaj,markov_order_1,15,linear,,7.5,2013.0,0.8977640900403688,0.8849870936161904,2.25925428230134,2.463854535119618
tol_7p5km_int_15min,omluaj,markov_order_1,15,nearest,,7.5,181.0,0.8561473299403761,0.7917516135925241,2.281537944227668,2.4397482186865584
tol_7p5km_int_15min,omluaj,markov_order_2,15,linear,,7.5,2013.0,0.8924858334350001,0.9224287655712352,2.25925428230134,2.463854535119618
tol_7p5km_int_15min,omluaj,markov_order_2,15,nearest,,7.5,181.0,0.8400317191928051,0.8535806906183165,2.281537944227668,2.4397482186865584
tol_7p5km_int_15min,omluaj,vq_ctw,15,linear,256.0,7.5,2013.0,1.0,0.0,6.827974095193722,6.827974095193722
tol_7p5km_int_15min,omluaj,vq_ctw,15,nearest,256.0,7.5,181.0,1.0,0.0,6.7730797421177815,6.7730797421177815
tol_7p5km_int_15min,omluaj,vq_ctw,15,linear,512.0,7.5,2013.0,1.0,0.0,6.769439529352287,6.769439529352287
tol_7p5km_int_15min,omluaj,vq_ctw,15,nearest,512.0,7.5,181.0,1.0,0.0,6.878704048962546,6.878704048962546
tol_7p5km_int_15min,omluaj,vq_ctw,15,linear,1024.0,7.5,2013.0,1.0,0.0,6.773228564004351,6.773228564004351
tol_7p5km_int_15min,omluaj,vq_ctw,15,nearest,1024.0,7.5,181.0,1.0,0.0,7.345942883434434,7.345942883434434
tol_7p5km_int_15min,omwyek,direct_ctw,15,linear,,7.5,2015.0,0.9604885532453294,0.4048074591227912,2.0636451144504155,2.257446097782374
tol_7p5km_int_15min,omwyek,direct_ctw,15,nearest,,7.5,198.0,0.94924678819451,0.3709631174875255,2.219766977505208,2.4053638399217623
tol_7p5km_int_15min,omwyek,markov_order_1,15,linear,,7.5,2015.0,0.9478655586708692,0.5127923464749572,2.0636451144504155,2.257446097782374
tol_7p5km_int_15min,omwyek,markov_order_1,15,nearest,,7.5,198.0,0.925204730699942,0.4645950283767336,2.219766977505208,2.4053638399217623
tol_7p5km_int_15min,omwyek,markov_order_2,15,linear,,7.5,2015.0,0.9416198230892668,0.564421941046721,2.0636451144504155,2.257446097782374
tol_7p5km_int_15min,omwyek,markov_order_2,15,nearest,,7.5,198.0,0.9208665110107148,0.4862461242784299,2.219766977505208,2.4053638399217623
tol_7p5km_int_15min,omwyek,vq_ctw,15,linear,256.0,7.5,2015.0,1.0,0.0,5.670304640603946,5.670304640603946
tol_7p5km_int_15min,omwyek,vq_ctw,15,nearest,256.0,7.5,198.0,1.0,0.0,6.026939775517924,6.026939775517924
tol_7p5km_int_15min,omwyek,vq_ctw,15,linear,512.0,7.5,2015.0,1.0,0.0,5.367950351923955,5.367950351923955
tol_7p5km_int_15min,omwyek,vq_ctw,15,nearest,512.0,7.5,198.0,1.0,0.0,5.879503168762025,5.879503168762025
tol_7p5km_int_15min,omwyek,vq_ctw,15,linear,1024.0,7.5,2015.0,1.0,0.0,5.346436656148924,5.346436656148924
tol_7p5km_int_15min,omwyek,vq_ctw,15,nearest,1024.0,7.5,198.0,1.0,0.0,6.085317528712243,6.085317528712243
tol_7p5km_int_15min,onanns,direct_ctw,15,linear,,7.5,254.0,0.931317390785854,0.4983532820292777,2.256730651185112,2.462088400307312
tol_7p5km_int_15min,onanns,direct_ctw,15,nearest,,7.5,73.0,0.9084440568854124,0.5617591876688648,2.324452582586172,2.509480453536595
tol_7p5km_int_15min,onanns,markov_order_1,15,linear,,7.5,254.0,0.9135036588405372,0.5976583335699411,2.256730651185112,2.462088400307312
tol_7p5km_int_15min,onanns,markov_order_1,15,nearest,,7.5,73.0,0.8555938323880037,0.7853772385799695,2.324452582586172,2.509480453536595
tol_7p5km_int_15min,onanns,markov_order_2,15,linear,,7.5,254.0,0.9088535804176908,0.62257772365791,2.256730651185112,2.462088400307312
tol_7p5km_int_15min,onanns,markov_order_2,15,nearest,,7.5,73.0,0.8532263504968883,0.7945224016646103,2.324452582586172,2.509480453536595
tol_7p5km_int_15min,onanns,vq_ctw,15,linear,256.0,7.5,254.0,1.0,0.0,4.750805780177749,4.750805780177749
tol_7p5km_int_15min,onanns,vq_ctw,15,nearest,256.0,7.5,73.0,1.0,0.0,6.131652842093246,6.131652842093246
tol_7p5km_int_15min,onanns,vq_ctw,15,linear,512.0,7.5,254.0,1.0,0.0,4.282228302384374,4.282228302384374
tol_7p5km_int_15min,onanns,vq_ctw,15,nearest,512.0,7.5,73.0,1.0,0.0,5.805955364839665,5.805955364839665
tol_7p5km_int_15min,onanns,vq_ctw,15,linear,1024.0,7.5,254.0,1.0,0.0,4.266223124953978,4.266223124953978
tol_7p5km_int_15min,onanns,vq_ctw,15,nearest,1024.0,7.5,73.0,1.0,0.0,5.763059427122107,5.763059427122107
tol_7p5km_int_15min,oncalk,direct_ctw,15,linear,,7.5,2015.0,0.9309865358800856,0.6382851175518194,2.3329563046659265,2.5401306121834093
tol_7p5km_int_15min,oncalk,direct_ctw,15,nearest,,7.5,347.0,0.9633725857292916,0.3741359998170441,2.2634640537893542,2.422275133113845
tol_7p5km_int_15min,oncalk,markov_order_1,15,linear,,7.5,2015.0,0.9067321332105216,0.8203559482992739,2.3329563046659265,2.5401306121834093
tol_7p5km_int_15min,oncalk,markov_order_1,15,nearest,,7.5,347.0,0.9448619703482508,0.4790077990787657,2.2634640537893542,2.422275133113845
tol_7p5km_int_15min,oncalk,markov_order_2,15,linear,,7.5,2015.0,0.8959364294124765,0.8980003032616082,2.3329563046659265,2.5401306121834093
tol_7p5km_int_15min,oncalk,markov_order_2,15,nearest,,7.5,347.0,0.9395146860221756,0.5078136392414221,2.2634640537893542,2.422275133113845
tol_7p5km_int_15min,oncalk,vq_ctw,15,linear,256.0,7.5,2015.0,1.0,0.0,7.86384949618319,7.86384949618319
tol_7p5km_int_15min,oncalk,vq_ctw,15,nearest,256.0,7.5,347.0,1.0,0.0,6.317632558898448,6.317632558898448
tol_7p5km_int_15min,oncalk,vq_ctw,15,linear,512.0,7.5,2015.0,1.0,0.0,7.597411085551814,7.597411085551814
tol_7p5km_int_15min,oncalk,vq_ctw,15,nearest,512.0,7.5,347.0,1.0,0.0,6.141372131125897,6.141372131125897
tol_7p5km_int_15min,oncalk,vq_ctw,15,linear,1024.0,7.5,2015.0,1.0,0.0,7.587196190673246,7.587196190673246
tol_7p5km_int_15min,oncalk,vq_ctw,15,nearest,1024.0,7.5,347.0,1.0,0.0,6.363832270112132,6.363832270112132
tol_7p5km_int_15min,oncixp,direct_ctw,15,linear,,7.5,2013.0,0.9191122785842512,0.7046195709275108,2.214224909005947,2.4073188120505264
tol_7p5km_int_15min,oncixp,direct_ctw,15,nearest,,7.5,74.0,0.9276792969529593,0.4673541292290836,2.543001808323147,2.737338995193156
tol_7p5km_int_15min,oncixp,markov_order_1,15,linear,,7.5,2013.0,0.9016786889688926,0.8274836605230859,2.214224909005947,2.4073188120505264
tol_7p5km_int_15min,oncixp,markov_order_1,15,nearest,,7.5,74.0,0.8931982355012177,0.6276238259009832,2.543001808323147,2.737338995193156
tol_7p5km_int_15min,oncixp,markov_order_2,15,linear,,7.5,2013.0,0.8994035094502776,0.8431348263903494,2.214224909005947,2.4073188120505264
tol_7p5km_int_15min,oncixp,markov_order_2,15,nearest,,7.5,74.0,0.8793750196853711,0.6863218841102194,2.543001808323147,2.737338995193156
tol_7p5km_int_15min,oncixp,vq_ctw,15,linear,256.0,7.5,2013.0,1.0,0.0,5.973899098252011,5.973899098252011
tol_7p5km_int_15min,oncixp,vq_ctw,15,nearest,256.0,7.5,74.0,1.0,0.0,6.881388666584889,6.881388666584889
tol_7p5km_int_15min,oncixp,vq_ctw,15,linear,512.0,7.5,2013.0,1.0,0.0,5.858314418174338,5.858314418174338
tol_7p5km_int_15min,oncixp,vq_ctw,15,nearest,512.0,7.5,74.0,1.0,0.0,7.151783416297595,7.151783416297595
tol_7p5km_int_15min,oncixp,vq_ctw,15,linear,1024.0,7.5,2013.0,1.0,0.0,5.850866625246081,5.850866625246081
tol_7p5km_int_15min,oncixp,vq_ctw,15,nearest,1024.0,7.5,74.0,1.0,0.0,8.176049344122555,8.176049344122555
tol_7p5km_int_15min,onghoj,direct_ctw,15,linear,,7.5,2015.0,0.9303817769969588,0.6548000848435266,2.389109361598287,2.584774887268241
tol_7p5km_int_15min,onghoj,direct_ctw,15,nearest,,7.5,137.0,0.9451142079413152,0.3667692554549437,2.249438794219288,2.4184017903991664
tol_7p5km_int_15min,onghoj,markov_order_1,15,linear,,7.5,2015.0,0.908625794748424,0.8220637609027013,2.389109361598287,2.584774887268241
tol_7p5km_int_15min,onghoj,markov_order_1,15,nearest,,7.5,137.0,0.9324599955348488,0.4366829052559419,2.249438794219288,2.4184017903991664
tol_7p5km_int_15min,onghoj,markov_order_2,15,linear,,7.5,2015.0,0.9064335872818504,0.8384282415590796,2.389109361598287,2.584774887268241
tol_7p5km_int_15min,onghoj,markov_order_2,15,nearest,,7.5,137.0,0.926068405031027,0.4685024176443069,2.249438794219288,2.4184017903991664
tol_7p5km_int_15min,onghoj,vq_ctw,15,linear,256.0,7.5,2015.0,1.0,0.0,7.568996870202783,7.568996870202783
tol_7p5km_int_15min,onghoj,vq_ctw,15,nearest,256.0,7.5,137.0,1.0,0.0,5.837826227355781,5.837826227355781
tol_7p5km_int_15min,onghoj,vq_ctw,15,linear,512.0,7.5,2015.0,1.0,0.0,7.678748957270471,7.678748957270471
tol_7p5km_int_15min,onghoj,vq_ctw,15,nearest,512.0,7.5,137.0,1.0,0.0,5.995186046348153,5.995186046348153
tol_7p5km_int_15min,onghoj,vq_ctw,15,linear,1024.0,7.5,2015.0,1.0,0.0,7.687657998174897,7.687657998174897
tol_7p5km_int_15min,onghoj,vq_ctw,15,nearest,1024.0,7.5,137.0,1.0,0.0,6.1312590797134,6.1312590797134
tol_7p5km_int_15min,onkawc,direct_ctw,15,linear,,7.5,2015.0,0.9513695473424444,0.4750722957747531,2.2431786523403217,2.420144560233405
tol_7p5km_int_15min,onkawc,direct_ctw,15,nearest,,7.5,181.0,0.950727214118158,0.3766532961555673,2.2689871490389475,2.417734217963263
tol_7p5km_int_15min,onkawc,markov_order_1,15,linear,,7.5,2015.0,0.9379934955495964,0.5833850457730148,2.2431786523403217,2.420144560233405
tol_7p5km_int_15min,onkawc,markov_order_1,15,nearest,,7.5,181.0,0.9297282600254122,0.4882333587748853,2.2689871490389475,2.417734217963263
tol_7p5km_int_15min,onkawc,markov_order_2,15,linear,,7.5,2015.0,0.9318618135867384,0.6314897449833227,2.2431786523403217,2.420144560233405
tol_7p5km_int_15min,onkawc,markov_order_2,15,nearest,,7.5,181.0,0.9244486770369288,0.5199561250087983,2.2689871490389475,2.417734217963263
tol_7p5km_int_15min,onkawc,vq_ctw,15,linear,256.0,7.5,2015.0,1.0,0.0,5.509587536205142,5.509587536205142
tol_7p5km_int_15min,onkawc,vq_ctw,15,nearest,256.0,7.5,181.0,1.0,0.0,5.621572026101282,5.621572026101282
tol_7p5km_int_15min,onkawc,vq_ctw,15,linear,512.0,7.5,2015.0,1.0,0.0,5.341190115380695,5.341190115380695
tol_7p5km_int_15min,onkawc,vq_ctw,15,nearest,512.0,7.5,181.0,1.0,0.0,5.762600074480269,5.762600074480269
tol_7p5km_int_15min,onkawc,vq_ctw,15,linear,1024.0,7.5,2015.0,1.0,0.0,5.331722711711944,5.331722711711944
tol_7p5km_int_15min,onkawc,vq_ctw,15,nearest,1024.0,7.5,181.0,1.0,0.0,6.006036103073108,6.006036103073108
tol_7p5km_int_15min,ononma,direct_ctw,15,linear,,7.5,2015.0,0.9317772860513748,0.6321467452984725,2.193507026038383,2.39140077507488
tol_7p5km_int_15min,ononma,direct_ctw,15,nearest,,7.5,393.0,0.9454654973268272,0.4201732672449672,2.0802950342025435,2.245051033385537
tol_7p5km_int_15min,ononma,markov_order_1,15,linear,,7.5,2015.0,0.9181219147277084,0.7362747552855088,2.193507026038383,2.39140077507488
tol_7p5km_int_15min,ononma,markov_order_1,15,nearest,,7.5,393.0,0.918299905124607,0.5547629984374584,2.0802950342025435,2.245051033385537
tol_7p5km_int_15min,ononma,markov_order_2,15,linear,,7.5,2015.0,0.910412787953735,0.793439330104275,2.193507026038383,2.39140077507488
tol_7p5km_int_15min,ononma,markov_order_2,15,nearest,,7.5,393.0,0.9162575005244749,0.5604115564024847,2.0802950342025435,2.245051033385537
tol_7p5km_int_15min,ononma,vq_ctw,15,linear,256.0,7.5,2015.0,1.0,0.0,5.836123043516947,5.836123043516947
tol_7p5km_int_15min,ononma,vq_ctw,15,nearest,256.0,7.5,393.0,1.0,0.0,5.824973233499734,5.824973233499734
tol_7p5km_int_15min,ononma,vq_ctw,15,linear,512.0,7.5,2015.0,1.0,0.0,5.712681432301069,5.712681432301069
tol_7p5km_int_15min,ononma,vq_ctw,15,nearest,512.0,7.5,393.0,1.0,0.0,5.753042174276067,5.753042174276067
tol_7p5km_int_15min,ononma,vq_ctw,15,linear,1024.0,7.5,2015.0,1.0,0.0,5.711479599633828,5.711479599633828
tol_7p5km_int_15min,ononma,vq_ctw,15,nearest,1024.0,7.5,393.0,1.0,0.0,5.898449644434075,5.898449644434075
tol_7p5km_int_15min,onvahe,direct_ctw,15,linear,,7.5,2015.0,0.9444893242171224,0.5531804654411083,2.213298663854611,2.4008035334498508
tol_7p5km_int_15min,onvahe,direct_ctw,15,nearest,,7.5,301.0,0.9354974110409116,0.504463483160765,2.3127474638829035,2.4973127095240284
tol_7p5km_int_15min,onvahe,markov_order_1,15,linear,,7.5,2015.0,0.9262527947276454,0.7036755321718103,2.213298663854611,2.4008035334498508
tol_7p5km_int_15min,onvahe,markov_order_1,15,nearest,,7.5,301.0,0.908140743997445,0.6266548002673423,2.3127474638829035,2.4973127095240284
tol_7p5km_int_15min,onvahe,markov_order_2,15,linear,,7.5,2015.0,0.9170815284297376,0.7765842840481048,2.213298663854611,2.4008035334498508
tol_7p5km_int_15min,onvahe,markov_order_2,15,nearest,,7.5,301.0,0.8983856233814963,0.6650649166773002,2.3127474638829035,2.4973127095240284
tol_7p5km_int_15min,onvahe,vq_ctw,15,linear,256.0,7.5,2015.0,1.0,0.0,6.482614025315062,6.482614025315062
tol_7p5km_int_15min,onvahe,vq_ctw,15,nearest,256.0,7.5,301.0,1.0,0.0,6.1584425366574616,6.1584425366574616
tol_7p5km_int_15min,onvahe,vq_ctw,15,linear,512.0,7.5,2015.0,1.0,0.0,6.317242814094773,6.317242814094773
tol_7p5km_int_15min,onvahe,vq_ctw,15,nearest,512.0,7.5,301.0,1.0,0.0,6.322048190313745,6.322048190313745
tol_7p5km_int_15min,onvahe,vq_ctw,15,linear,1024.0,7.5,2015.0,1.0,0.0,5.928696329660882,5.928696329660882
tol_7p5km_int_15min,onvahe,vq_ctw,15,nearest,1024.0,7.5,301.0,1.0,0.0,6.931419619818619,6.931419619818619
tol_7p5km_int_15min,onwohy,direct_ctw,15,linear,,7.5,2014.0,0.878484435931721,1.0755920224459945,2.8341207247919185,3.0340947587115563
tol_7p5km_int_15min,onwohy,markov_order_1,15,linear,,7.5,2014.0,0.8306997613101637,1.4110843524766803,2.8341207247919185,3.0340947587115563
tol_7p5km_int_15min,onwohy,markov_order_2,15,linear,,7.5,2014.0,0.8293757898493601,1.420017714890659,2.8341207247919185,3.0340947587115563
tol_7p5km_int_15min,onwohy,vq_ctw,15,linear,256.0,7.5,2014.0,1.0,0.0,11.362044491675904,11.362044491675904
tol_7p5km_int_15min,onwohy,vq_ctw,15,linear,512.0,7.5,2014.0,1.0,0.0,11.74931165018114,11.74931165018114
tol_7p5km_int_15min,onwohy,vq_ctw,15,linear,1024.0,7.5,2014.0,1.0,0.0,11.79474716701444,11.79474716701444
tol_7p5km_int_15min,onyacj,direct_ctw,15,linear,,7.5,2014.0,0.9406558564215002,0.5854942096211022,2.207360780547474,2.3974529761481547
tol_7p5km_int_15min,onyacj,direct_ctw,15,nearest,,7.5,342.0,0.9319649533669656,0.4939654345678735,2.219396972437995,2.384188935535761
tol_7p5km_int_15min,onyacj,markov_order_1,15,linear,,7.5,2014.0,0.9183487414548654,0.7666091898277866,2.207360780547474,2.3974529761481547
tol_7p5km_int_15min,onyacj,markov_order_1,15,nearest,,7.5,342.0,0.9060344556229888,0.6180275528542817,2.219396972437995,2.384188935535761
tol_7p5km_int_15min,onyacj,markov_order_2,15,linear,,7.5,2014.0,0.908671615993718,0.8420315684254338,2.207360780547474,2.3974529761481547
tol_7p5km_int_15min,onyacj,markov_order_2,15,nearest,,7.5,342.0,0.8973955379518122,0.6553432323992241,2.219396972437995,2.384188935535761
tol_7p5km_int_15min,onyacj,vq_ctw,15,linear,256.0,7.5,2014.0,1.0,0.0,6.976559612277844,6.976559612277844
tol_7p5km_int_15min,onyacj,vq_ctw,15,nearest,256.0,7.5,342.0,1.0,0.0,6.535053975056079,6.535053975056079
tol_7p5km_int_15min,onyacj,vq_ctw,15,linear,512.0,7.5,2014.0,1.0,0.0,6.854319027731035,6.854319027731035
tol_7p5km_int_15min,onyacj,vq_ctw,15,nearest,512.0,7.5,342.0,1.0,0.0,6.509328002549372,6.509328002549372
tol_7p5km_int_15min,onyacj,vq_ctw,15,linear,1024.0,7.5,2014.0,1.0,0.0,6.854841632905732,6.854841632905732
tol_7p5km_int_15min,onyacj,vq_ctw,15,nearest,1024.0,7.5,342.0,1.0,0.0,6.7136205940881695,6.7136205940881695
tol_7p5km_int_15min,onyenr,direct_ctw,15,linear,,7.5,2015.0,0.9632861232666812,0.3738725372620171,2.2979115797752545,2.5077041757361878
tol_7p5km_int_15min,onyenr,direct_ctw,15,nearest,,7.5,272.0,0.952938106681489,0.3802229566881748,2.154925929228806,2.3306341653188647
tol_7p5km_int_15min,onyenr,markov_order_1,15,linear,,7.5,2015.0,0.9507875409899575,0.479891910057244,2.2979115797752545,2.5077041757361878
tol_7p5km_int_15min,onyenr,markov_order_1,15,nearest,,7.5,272.0,0.9379586101061732,0.4597672134237429,2.154925929228806,2.3306341653188647
tol_7p5km_int_15min,onyenr,markov_order_2,15,linear,,7.5,2015.0,0.9455611178409712,0.522717344321499,2.2979115797752545,2.5077041757361878
tol_7p5km_int_15min,onyenr,markov_order_2,15,nearest,,7.5,272.0,0.9283916825519318,0.5033026088216365,2.154925929228806,2.3306341653188647
tol_7p5km_int_15min,onyenr,vq_ctw,15,linear,256.0,7.5,2015.0,1.0,0.0,4.819059199742758,4.819059199742758
tol_7p5km_int_15min,onyenr,vq_ctw,15,nearest,256.0,7.5,272.0,1.0,0.0,6.412367270168433,6.412367270168433
tol_7p5km_int_15min,onyenr,vq_ctw,15,linear,512.0,7.5,2015.0,1.0,0.0,4.499981959624686,4.499981959624686
tol_7p5km_int_15min,onyenr,vq_ctw,15,nearest,512.0,7.5,272.0,1.0,0.0,5.833045907531332,5.833045907531332
tol_7p5km_int_15min,onyenr,vq_ctw,15,linear,1024.0,7.5,2015.0,1.0,0.0,4.483763882403103,4.483763882403103
tol_7p5km_int_15min,onyenr,vq_ctw,15,nearest,1024.0,7.5,272.0,1.0,0.0,6.387724878036813,6.387724878036813
tol_7p5km_int_15min,oocsod,direct_ctw,15,linear,,7.5,2015.0,0.9463006962605672,0.5117054972436765,2.1811879464639228,2.376099334530792
tol_7p5km_int_15min,oocsod,direct_ctw,15,nearest,,7.5,197.0,0.9426623662905058,0.385393097002229,2.3393118442621184,2.46883314376928
tol_7p5km_int_15min,oocsod,markov_order_1,15,linear,,7.5,2015.0,0.9302194252077732,0.6377293364363755,2.1811879464639228,2.376099334530792
tol_7p5km_int_15min,oocsod,markov_order_1,15,nearest,,7.5,197.0,0.9116535662270135,0.5381324785146624,2.3393118442621184,2.46883314376928
tol_7p5km_int_15min,oocsod,markov_order_2,15,linear,,7.5,2015.0,0.9229026764506398,0.6930787312935377,2.1811879464639228,2.376099334530792
tol_7p5km_int_15min,oocsod,markov_order_2,15,nearest,,7.5,197.0,0.9022283516993485,0.5813816258655269,2.3393118442621184,2.46883314376928
tol_7p5km_int_15min,oocsod,vq_ctw,15,linear,256.0,7.5,2015.0,1.0,0.0,5.363109688678646,5.363109688678646
tol_7p5km_int_15min,oocsod,vq_ctw,15,nearest,256.0,7.5,197.0,1.0,0.0,6.741534975360775,6.741534975360775
tol_7p5km_int_15min,oocsod,vq_ctw,15,linear,512.0,7.5,2015.0,1.0,0.0,5.064932780238696,5.064932780238696
tol_7p5km_int_15min,oocsod,vq_ctw,15,nearest,512.0,7.5,197.0,1.0,0.0,6.438914359844432,6.438914359844432
tol_7p5km_int_15min,oocsod,vq_ctw,15,linear,1024.0,7.5,2015.0,1.0,0.0,5.050332234567546,5.050332234567546
tol_7p5km_int_15min,oocsod,vq_ctw,15,nearest,1024.0,7.5,197.0,0.9954461637124018,0.0358297006477915,7.370510643204479,7.370510643204479
tol_7p5km_int_15min,oogchy,direct_ctw,15,linear,,7.5,2015.0,0.9155492777927848,0.7826605869459314,2.2721258323081,2.472189563429695
tol_7p5km_int_15min,oogchy,direct_ctw,15,nearest,,7.5,126.0,0.943306985225322,0.3693031197223527,2.172136371228505,2.3437686408387983
tol_7p5km_int_15min,oogchy,markov_order_1,15,linear,,7.5,2015.0,0.8888786221642885,0.9835477389919394,2.2721258323081,2.472189563429695
tol_7p5km_int_15min,oogchy,markov_order_1,15,nearest,,7.5,126.0,0.91981972346695,0.4817642431063163,2.172136371228505,2.3437686408387983
tol_7p5km_int_15min,oogchy,markov_order_2,15,linear,,7.5,2015.0,0.8799133141866737,1.048616010817017,2.2721258323081,2.472189563429695
tol_7p5km_int_15min,oogchy,markov_order_2,15,nearest,,7.5,126.0,0.9178454920836122,0.4841719411343607,2.172136371228505,2.3437686408387983
tol_7p5km_int_15min,oogchy,vq_ctw,15,linear,256.0,7.5,2015.0,1.0,0.0,7.565028879094139,7.565028879094139
tol_7p5km_int_15min,oogchy,vq_ctw,15,nearest,256.0,7.5,126.0,1.0,0.0,6.486919515881522,6.486919515881522
tol_7p5km_int_15min,oogchy,vq_ctw,15,linear,512.0,7.5,2015.0,1.0,0.0,7.570306736616179,7.570306736616179
tol_7p5km_int_15min,oogchy,vq_ctw,15,nearest,512.0,7.5,126.0,1.0,0.0,6.567010101140714,6.567010101140714
tol_7p5km_int_15min,oogchy,vq_ctw,15,linear,1024.0,7.5,2015.0,1.0,0.0,7.195735028480249,7.195735028480249
tol_7p5km_int_15min,oogchy,vq_ctw,15,nearest,1024.0,7.5,126.0,1.0,0.0,7.273393897284273,7.273393897284273
tol_7p5km_int_15min,ootquo,direct_ctw,15,linear,,7.5,2015.0,0.965108998599114,0.3474679505037832,1.960376357050777,2.2341429412481792
tol_7p5km_int_15min,ootquo,markov_order_1,15,linear,,7.5,2015.0,0.9536675640110864,0.4420586128485211,1.960376357050777,2.2341429412481792
tol_7p5km_int_15min,ootquo,markov_order_2,15,linear,,7.5,2015.0,0.9480395648270268,0.4869435449973931,1.960376357050777,2.2341429412481792
tol_7p5km_int_15min,ootquo,vq_ctw,15,linear,256.0,7.5,2015.0,1.0,0.0,6.834706004795629,6.834706004795629
tol_7p5km_int_15min,ootquo,vq_ctw,15,linear,512.0,7.5,2015.0,1.0,0.0,6.564490833758683,6.564490833758683
tol_7p5km_int_15min,ootquo,vq_ctw,15,linear,1024.0,7.5,2015.0,1.0,0.0,6.552713908633976,6.552713908633976
tol_7p5km_int_15min,ootyec,direct_ctw,15,linear,,7.5,2015.0,0.9381513377002524,0.6145163773767222,2.277579217913131,2.4658604800452677
tol_7p5km_int_15min,ootyec,direct_ctw,15,nearest,,7.5,267.0,0.9383998642624702,0.421627465541886,2.2300340305860176,2.400570264577941
tol_7p5km_int_15min,ootyec,markov_order_1,15,linear,,7.5,2015.0,0.9164834671238024,0.792242510623293,2.277579217913131,2.4658604800452677
tol_7p5km_int_15min,ootyec,markov_order_1,15,nearest,,7.5,267.0,0.9135238306512486,0.5190799987268463,2.2300340305860176,2.400570264577941
tol_7p5km_int_15min,ootyec,markov_order_2,15,linear,,7.5,2015.0,0.9065944676395756,0.8702617438930964,2.277579217913131,2.4658604800452677
tol_7p5km_int_15min,ootyec,markov_order_2,15,nearest,,7.5,267.0,0.9043667356010946,0.5584575801694599,2.2300340305860176,2.400570264577941
tol_7p5km_int_15min,ootyec,vq_ctw,15,linear,256.0,7.5,2015.0,1.0,0.0,5.917240261651525,5.917240261651525
tol_7p5km_int_15min,ootyec,vq_ctw,15,nearest,256.0,7.5,267.0,1.0,0.0,6.464457621166107,6.464457621166107
tol_7p5km_int_15min,ootyec,vq_ctw,15,linear,512.0,7.5,2015.0,1.0,0.0,5.747203063728051,5.747203063728051
tol_7p5km_int_15min,ootyec,vq_ctw,15,nearest,512.0,7.5,267.0,1.0,0.0,6.642570862988923,6.642570862988923
tol_7p5km_int_15min,ootyec,vq_ctw,15,linear,1024.0,7.5,2015.0,1.0,0.0,5.7319422558586535,5.7319422558586535
tol_7p5km_int_15min,ootyec,vq_ctw,15,nearest,1024.0,7.5,267.0,1.0,0.0,6.846755400855106,6.846755400855106
tol_7p5km_int_15min,oowfmu,direct_ctw,15,linear,,7.5,178.0,0.9525302796964796,0.385770967885615,1.733171761394651,1.925822863169517
tol_7p5km_int_15min,oowfmu,markov_order_1,15,linear,,7.5,178.0,0.9246586129002629,0.5604849718156706,1.733171761394651,1.925822863169517
tol_7p5km_int_15min,oowfmu,markov_order_2,15,linear,,7.5,178.0,0.9213635062906848,0.5799447586939738,1.733171761394651,1.925822863169517
tol_7p5km_int_15min,oowfmu,vq_ctw,15,linear,256.0,7.5,178.0,1.0,0.0,5.128431996995804,5.128431996995804
tol_7p5km_int_15min,oowfmu,vq_ctw,15,linear,512.0,7.5,178.0,1.0,0.0,4.857619179958413,4.857619179958413
tol_7p5km_int_15min,oowfmu,vq_ctw,15,linear,1024.0,7.5,178.0,1.0,0.0,4.8449564015933575,4.8449564015933575
tol_7p5km_int_15min,opgove,direct_ctw,15,linear,,7.5,2015.0,0.9622564422161154,0.4049018643952777,2.0379841795395106,2.238090810983641
tol_7p5km_int_15min,opgove,direct_ctw,15,nearest,,7.5,71.0,0.9714308115844864,0.293174782361344,2.1636966866844927,2.331560041457219
tol_7p5km_int_15min,opgove,markov_order_1,15,linear,,7.5,2015.0,0.943659872805278,0.5710592817203701,2.0379841795395106,2.238090810983641
tol_7p5km_int_15min,opgove,markov_order_1,15,nearest,,7.5,71.0,0.963498023465146,0.3542595193327384,2.1636966866844927,2.331560041457219
tol_7p5km_int_15min,opgove,markov_order_2,15,linear,,7.5,2015.0,0.935233034745618,0.6430383921300838,2.0379841795395106,2.238090810983641
tol_7p5km_int_15min,opgove,markov_order_2,15,nearest,,7.5,71.0,0.9595056057051312,0.3715911222641345,2.1636966866844927,2.331560041457219
tol_7p5km_int_15min,opgove,vq_ctw,15,linear,256.0,7.5,2015.0,1.0,0.0,6.800746253732629,6.800746253732629
tol_7p5km_int_15min,opgove,vq_ctw,15,nearest,256.0,7.5,71.0,1.0,0.0,5.997406197568947,5.997406197568947
tol_7p5km_int_15min,opgove,vq_ctw,15,linear,512.0,7.5,2015.0,1.0,0.0,6.588557372746702,6.588557372746702
tol_7p5km_int_15min,opgove,vq_ctw,15,nearest,512.0,7.5,71.0,1.0,0.0,5.937825154446245,5.937825154446245
tol_7p5km_int_15min,opgove,vq_ctw,15,linear,1024.0,7.5,2015.0,1.0,0.0,6.57891310005298,6.57891310005298
tol_7p5km_int_15min,opgove,vq_ctw,15,nearest,1024.0,7.5,71.0,1.0,0.0,6.612472867506837,6.612472867506837
tol_7p5km_int_15min,ophgir,direct_ctw,15,linear,,7.5,1982.0,0.9415531654076668,0.5892248718769706,2.2047967382133726,2.392969859772312
tol_7p5km_int_15min,ophgir,direct_ctw,15,nearest,,7.5,133.0,0.962752900849552,0.3338516667997599,2.2342322522262825,2.445277206321069
tol_7p5km_int_15min,ophgir,markov_order_1,15,linear,,7.5,1982.0,0.915946029853408,0.8016892539762303,2.2047967382133726,2.392969859772312
tol_7p5km_int_15min,ophgir,markov_order_1,15,nearest,,7.5,133.0,0.938351796000324,0.4780615174501508,2.2342322522262825,2.445277206321069
tol_7p5km_int_15min,ophgir,markov_order_2,15,linear,,7.5,1982.0,0.9042328929927964,0.8945207865563037,2.2047967382133726,2.392969859772312
tol_7p5km_int_15min,ophgir,markov_order_2,15,nearest,,7.5,133.0,0.9248317418509904,0.5222230077133867,2.2342322522262825,2.445277206321069
tol_7p5km_int_15min,ophgir,vq_ctw,15,linear,256.0,7.5,1982.0,1.0,0.0,6.845210733813143,6.845210733813143
tol_7p5km_int_15min,ophgir,vq_ctw,15,nearest,256.0,7.5,133.0,1.0,0.0,6.715698485426346,6.715698485426346
tol_7p5km_int_15min,ophgir,vq_ctw,15,linear,512.0,7.5,1982.0,1.0,0.0,6.670975608865152,6.670975608865152
tol_7p5km_int_15min,ophgir,vq_ctw,15,nearest,512.0,7.5,133.0,1.0,0.0,6.863584347343847,6.863584347343847
tol_7p5km_int_15min,ophgir,vq_ctw,15,linear,1024.0,7.5,1982.0,1.0,0.0,6.66411721138895,6.66411721138895
tol_7p5km_int_15min,ophgir,vq_ctw,15,nearest,1024.0,7.5,133.0,1.0,0.0,7.893395691801399,7.893395691801399
tol_7p5km_int_15min,ophugb,direct_ctw,15,linear,,7.5,2015.0,0.9204907364028944,0.7601127654175011,2.239241948737404,2.428571758413458
tol_7p5km_int_15min,ophugb,direct_ctw,15,nearest,,7.5,96.0,0.9999999999980904,0.2319420080847302,2.01772750124456,2.1898187637152056
tol_7p5km_int_15min,ophugb,markov_order_1,15,linear,,7.5,2015.0,0.8949897206322306,0.9597000222332426,2.239241948737404,2.428571758413458
tol_7p5km_int_15min,ophugb,markov_order_1,15,nearest,,7.5,96.0,0.9999999999980904,0.25731869309134,2.01772750124456,2.1898187637152056
tol_7p5km_int_15min,ophugb,markov_order_2,15,linear,,7.5,2015.0,0.8863336582427568,1.0250533950867473,2.239241948737404,2.428571758413458
tol_7p5km_int_15min,ophugb,markov_order_2,15,nearest,,7.5,96.0,0.9999999999980904,0.2639546868690206,2.01772750124456,2.1898187637152056
tol_7p5km_int_15min,ophugb,vq_ctw,15,linear,256.0,7.5,2015.0,1.0,0.0,6.825292964558205,6.825292964558205
tol_7p5km_int_15min,ophugb,vq_ctw,15,nearest,256.0,7.5,96.0,1.0,0.0,5.55037547297118,5.55037547297118
tol_7p5km_int_15min,ophugb,vq_ctw,15,linear,512.0,7.5,2015.0,1.0,0.0,6.738571603020263,6.738571603020263
tol_7p5km_int_15min,ophugb,vq_ctw,15,nearest,512.0,7.5,96.0,1.0,0.0,5.273531149400129,5.273531149400129
tol_7p5km_int_15min,ophugb,vq_ctw,15,linear,1024.0,7.5,2015.0,1.0,0.0,6.746045048929414,6.746045048929414
tol_7p5km_int_15min,ophugb,vq_ctw,15,nearest,1024.0,7.5,96.0,1.0,0.0,5.948044163260637,5.948044163260637
tol_7p5km_int_15min,opjerm,direct_ctw,15,linear,,7.5,2014.0,0.9438524570569132,0.5818795205840662,2.272481530113168,2.4632054711679605
tol_7p5km_int_15min,opjerm,direct_ctw,15,nearest,,7.5,103.0,0.957591444633025,0.3394188673904406,2.182842271941555,2.329167917839443
tol_7p5km_int_15min,opjerm,markov_order_1,15,linear,,7.5,2014.0,0.9162687889321064,0.8177174380102991,2.272481530113168,2.4632054711679605
tol_7p5km_int_15min,opjerm,markov_order_1,15,nearest,,7.5,103.0,0.9474158313348424,0.3668829954637252,2.182842271941555,2.329167917839443
tol_7p5km_int_15min,opjerm,markov_order_2,15,linear,,7.5,2014.0,0.9055105602884472,0.9055243303697148,2.272481530113168,2.4632054711679605
tol_7p5km_int_15min,opjerm,markov_order_2,15,nearest,,7.5,103.0,0.9455193894537646,0.3689633566676997,2.182842271941555,2.329167917839443
tol_7p5km_int_15min,opjerm,vq_ctw,15,linear,256.0,7.5,2014.0,1.0,0.0,7.1421865846728885,7.1421865846728885
tol_7p5km_int_15min,opjerm,vq_ctw,15,nearest,256.0,7.5,103.0,1.0,0.0,6.578051570037959,6.578051570037959
tol_7p5km_int_15min,opjerm,vq_ctw,15,linear,512.0,7.5,2014.0,1.0,0.0,7.022495117443828,7.022495117443828
tol_7p5km_int_15min,opjerm,vq_ctw,15,nearest,512.0,7.5,103.0,1.0,0.0,6.207431388290512,6.207431388290512
tol_7p5km_int_15min,opjerm,vq_ctw,15,linear,1024.0,7.5,2014.0,1.0,0.0,7.023144818785777,7.023144818785777
tol_7p5km_int_15min,opjerm,vq_ctw,15,nearest,1024.0,7.5,103.0,1.0,0.0,6.381242515454916,6.381242515454916
tol_7p5km_int_15min,opmisa,direct_ctw,15,linear,,7.5,2014.0,0.9477306262697452,0.5050374732397249,2.079002201508176,2.2736687012277463
tol_7p5km_int_15min,opmisa,direct_ctw,15,nearest,,7.5,351.0,0.9313761524952272,0.4445364709894957,2.111260696034354,2.3110879591880327
tol_7p5km_int_15min,opmisa,markov_order_1,15,linear,,7.5,2014.0,0.9342438000303857,0.6129080140230424,2.079002201508176,2.2736687012277463
tol_7p5km_int_15min,opmisa,markov_order_1,15,nearest,,7.5,351.0,0.9038082226132492,0.5765328837831648,2.111260696034354,2.3110879591880327
tol_7p5km_int_15min,opmisa,markov_order_2,15,linear,,7.5,2014.0,0.9277039464787408,0.6636184520706628,2.079002201508176,2.2736687012277463
tol_7p5km_int_15min,opmisa,markov_order_2,15,nearest,,7.5,351.0,0.8900332939412713,0.6366820617621343,2.111260696034354,2.3110879591880327
tol_7p5km_int_15min,opmisa,vq_ctw,15,linear,256.0,7.5,2014.0,1.0,0.0,5.250903267585652,5.250903267585652
tol_7p5km_int_15min,opmisa,vq_ctw,15,nearest,256.0,7.5,351.0,1.0,0.0,6.301658717567921,6.301658717567921
tol_7p5km_int_15min,opmisa,vq_ctw,15,linear,512.0,7.5,2014.0,1.0,0.0,4.952145241909542,4.952145241909542
tol_7p5km_int_15min,opmisa,vq_ctw,15,nearest,512.0,7.5,351.0,1.0,0.0,6.293731112594021,6.293731112594021
tol_7p5km_int_15min,opmisa,vq_ctw,15,linear,1024.0,7.5,2014.0,1.0,0.0,4.935401917394346,4.935401917394346
tol_7p5km_int_15min,opmisa,vq_ctw,15,nearest,1024.0,7.5,351.0,1.0,0.0,7.132426527987555,7.132426527987555
tol_7p5km_int_15min,opnown,direct_ctw,15,linear,,7.5,2015.0,0.9671661429156052,0.3174819544595263,2.02773764248781,2.2524085170411965
tol_7p5km_int_15min,opnown,direct_ctw,15,nearest,,7.5,291.0,0.963700689935136,0.2831996268194844,2.2764800709195825,2.4218244707516936
tol_7p5km_int_15min,opnown,markov_order_1,15,linear,,7.5,2015.0,0.9589453307116772,0.3834877461013045,2.02773764248781,2.2524085170411965
tol_7p5km_int_15min,opnown,markov_order_1,15,nearest,,7.5,291.0,0.9351495769667376,0.4227908466717251,2.2764800709195825,2.4218244707516936
tol_7p5km_int_15min,opnown,markov_order_2,15,linear,,7.5,2015.0,0.9559459701695208,0.4069248644464589,2.02773764248781,2.2524085170411965
tol_7p5km_int_15min,opnown,markov_order_2,15,nearest,,7.5,291.0,0.9391308806904124,0.4041971653379077,2.2764800709195825,2.4218244707516936
tol_7p5km_int_15min,opnown,vq_ctw,15,linear,256.0,7.5,2015.0,1.0,0.0,4.617148003836879,4.617148003836879
tol_7p5km_int_15min,opnown,vq_ctw,15,nearest,256.0,7.5,291.0,1.0,0.0,5.914075364284667,5.914075364284667
tol_7p5km_int_15min,opnown,vq_ctw,15,linear,512.0,7.5,2015.0,1.0,0.0,4.260494542362267,4.260494542362267
tol_7p5km_int_15min,opnown,vq_ctw,15,nearest,512.0,7.5,291.0,1.0,0.0,5.759545456611085,5.759545456611085
tol_7p5km_int_15min,opnown,vq_ctw,15,linear,1024.0,7.5,2015.0,1.0,0.0,4.238012278939138,4.238012278939138
tol_7p5km_int_15min,opnown,vq_ctw,15,nearest,1024.0,7.5,291.0,1.0,0.0,5.87451100756905,5.87451100756905
tol_7p5km_int_15min,oquiat,direct_ctw,15,linear,,7.5,2015.0,0.9224373128955186,0.7394178959820626,2.1878971927367465,2.384422651181344
tol_7p5km_int_15min,oquiat,direct_ctw,15,nearest,,7.5,187.0,0.9395409064212626,0.544650795845681,2.2983867540179226,2.456043422170683
tol_7p5km_int_15min,oquiat,markov_order_1,15,linear,,7.5,2015.0,0.8977719665264206,0.9318976896589206,2.1878971927367465,2.384422651181344
tol_7p5km_int_15min,oquiat,markov_order_1,15,nearest,,7.5,187.0,0.9090833447964074,0.7008940672682343,2.2983867540179226,2.456043422170683
tol_7p5km_int_15min,oquiat,markov_order_2,15,linear,,7.5,2015.0,0.8889104741384879,0.9985897196699928,2.1878971927367465,2.384422651181344
tol_7p5km_int_15min,oquiat,markov_order_2,15,nearest,,7.5,187.0,0.906613360446304,0.7112908026289145,2.2983867540179226,2.456043422170683
tol_7p5km_int_15min,oquiat,vq_ctw,15,linear,256.0,7.5,2015.0,1.0,0.0,6.818747350690487,6.818747350690487
tol_7p5km_int_15min,oquiat,vq_ctw,15,nearest,256.0,7.5,187.0,1.0,0.0,6.978213326454262,6.978213326454262
tol_7p5km_int_15min,oquiat,vq_ctw,15,linear,512.0,7.5,2015.0,1.0,0.0,6.61835402798241,6.61835402798241
tol_7p5km_int_15min,oquiat,vq_ctw,15,nearest,512.0,7.5,187.0,1.0,0.0,7.088408203883451,7.088408203883451
tol_7p5km_int_15min,oquiat,vq_ctw,15,linear,1024.0,7.5,2015.0,1.0,0.0,6.600038476672868,6.600038476672868
tol_7p5km_int_15min,oquiat,vq_ctw,15,nearest,1024.0,7.5,187.0,1.0,0.0,6.8239818691572784,6.8239818691572784
tol_7p5km_int_15min,orkbat,direct_ctw,15,linear,,7.5,2015.0,0.9409691315950388,0.5648722363638453,2.214101075715268,2.410621039274834
tol_7p5km_int_15min,orkbat,direct_ctw,15,nearest,,7.5,170.0,0.9011121750849166,0.5795748287365715,2.412000083245181,2.5829408127977405
tol_7p5km_int_15min,orkbat,markov_order_1,15,linear,,7.5,2015.0,0.923106646746482,0.7054357205610453,2.214101075715268,2.410621039274834
tol_7p5km_int_15min,orkbat,markov_order_1,15,nearest,,7.5,170.0,0.8545602503924058,0.7707191764804513,2.412000083245181,2.5829408127977405
tol_7p5km_int_15min,orkbat,markov_order_2,15,linear,,7.5,2015.0,0.9159127606245288,0.7601230506057423,2.214101075715268,2.410621039274834
tol_7p5km_int_15min,orkbat,markov_order_2,15,nearest,,7.5,170.0,0.8386752724185358,0.8253769831578375,2.412000083245181,2.5829408127977405
tol_7p5km_int_15min,orkbat,vq_ctw,15,linear,256.0,7.5,2015.0,1.0,0.0,6.063063211923473,6.063063211923473
tol_7p5km_int_15min,orkbat,vq_ctw,15,nearest,256.0,7.5,170.0,1.0,0.0,5.959818216852828,5.959818216852828
tol_7p5km_int_15min,orkbat,vq_ctw,15,linear,512.0,7.5,2015.0,1.0,0.0,5.915666138535666,5.915666138535666
tol_7p5km_int_15min,orkbat,vq_ctw,15,nearest,512.0,7.5,170.0,1.0,0.0,6.192022598309362,6.192022598309362
tol_7p5km_int_15min,orkbat,vq_ctw,15,linear,1024.0,7.5,2015.0,1.0,0.0,5.909849079467445,5.909849079467445
tol_7p5km_int_15min,orkbat,vq_ctw,15,nearest,1024.0,7.5,170.0,1.0,0.0,6.128631547916968,6.128631547916968
tol_7p5km_int_15min,orocdu,direct_ctw,15,linear,,7.5,1253.0,0.9453982277764412,0.5135206268865766,2.220487250279877,2.41747698837782
tol_7p5km_int_15min,orocdu,direct_ctw,15,nearest,,7.5,70.0,0.9999999999990726,0.0937876645511917,2.1198580840851524,2.315669017384416
tol_7p5km_int_15min,orocdu,markov_order_1,15,linear,,7.5,1253.0,0.9276865528655068,0.6498212312276241,2.220487250279877,2.41747698837782
tol_7p5km_int_15min,orocdu,markov_order_1,15,nearest,,7.5,70.0,0.9999999999990726,0.1086789161493023,2.1198580840851524,2.315669017384416
tol_7p5km_int_15min,orocdu,markov_order_2,15,linear,,7.5,1253.0,0.9199334484283797,0.7072554246503497,2.220487250279877,2.41747698837782
tol_7p5km_int_15min,orocdu,markov_order_2,15,nearest,,7.5,70.0,0.9999999999990726,0.1194568405263568,2.1198580840851524,2.315669017384416
tol_7p5km_int_15min,orocdu,vq_ctw,15,linear,256.0,7.5,1253.0,1.0,0.0,5.084573319593622,5.084573319593622
tol_7p5km_int_15min,orocdu,vq_ctw,15,nearest,256.0,7.5,70.0,1.0,0.0,6.074079629611729,6.074079629611729
tol_7p5km_int_15min,orocdu,vq_ctw,15,linear,512.0,7.5,1253.0,1.0,0.0,4.856509047365593,4.856509047365593
tol_7p5km_int_15min,orocdu,vq_ctw,15,nearest,512.0,7.5,70.0,1.0,0.0,5.6841538258092665,5.6841538258092665
tol_7p5km_int_15min,orocdu,vq_ctw,15,linear,1024.0,7.5,1253.0,1.0,0.0,4.834171792452696,4.834171792452696
tol_7p5km_int_15min,orocdu,vq_ctw,15,nearest,1024.0,7.5,70.0,1.0,0.0,4.903549387134553,4.903549387134553
tol_7p5km_int_15min,orptme,direct_ctw,15,linear,,7.5,2014.0,0.923438219672852,0.7313690248831273,2.2308112819187484,2.4773901262094986
tol_7p5km_int_15min,orptme,direct_ctw,15,nearest,,7.5,116.0,0.9310427247417328,0.4758970964389524,2.2057934422834067,2.371784020511121
tol_7p5km_int_15min,orptme,markov_order_1,15,linear,,7.5,2014.0,0.8898604136185374,0.991496803321662,2.2308112819187484,2.4773901262094986
tol_7p5km_int_15min,orptme,markov_order_1,15,nearest,,7.5,116.0,0.9113708630806416,0.5766066340427286,2.2057934422834067,2.371784020511121
tol_7p5km_int_15min,orptme,markov_order_2,15,linear,,7.5,2014.0,0.8755207029454817,1.0972077681431731,2.2308112819187484,2.4773901262094986
tol_7p5km_int_15min,orptme,markov_order_2,15,nearest,,7.5,116.0,0.8977519263621109,0.6320941617057625,2.2057934422834067,2.371784020511121
tol_7p5km_int_15min,orptme,vq_ctw,15,linear,256.0,7.5,2014.0,1.0,0.0,10.283729996184746,10.283729996184746
tol_7p5km_int_15min,orptme,vq_ctw,15,nearest,256.0,7.5,116.0,1.0,0.0,6.891718656098229,6.891718656098229
tol_7p5km_int_15min,orptme,vq_ctw,15,linear,512.0,7.5,2014.0,1.0,0.0,10.223476634999376,10.223476634999376
tol_7p5km_int_15min,orptme,vq_ctw,15,nearest,512.0,7.5,116.0,1.0,0.0,6.396488078769639,6.396488078769639
tol_7p5km_int_15min,orptme,vq_ctw,15,linear,1024.0,7.5,2014.0,1.0,0.0,10.249449715148046,10.249449715148046
tol_7p5km_int_15min,orptme,vq_ctw,15,nearest,1024.0,7.5,116.0,1.0,0.0,6.988669183965054,6.988669183965054
tol_7p5km_int_15min,orrrar,direct_ctw,15,linear,,7.5,2015.0,0.9398351571135508,0.5881270613615409,2.163723524043371,2.3661500775599604
tol_7p5km_int_15min,orrrar,direct_ctw,15,nearest,,7.5,142.0,0.9553333054138592,0.3329760131268103,2.195656416160948,2.352313852515731
tol_7p5km_int_15min,orrrar,markov_order_1,15,linear,,7.5,2015.0,0.9218901146369464,0.7330692932165798,2.163723524043371,2.3661500775599604
tol_7p5km_int_15min,orrrar,markov_order_1,15,nearest,,7.5,142.0,0.9291781757297304,0.4560160271640993,2.195656416160948,2.352313852515731
tol_7p5km_int_15min,orrrar,markov_order_2,15,linear,,7.5,2015.0,0.9130090659592422,0.8023139455391567,2.163723524043371,2.3661500775599604
tol_7p5km_int_15min,orrrar,markov_order_2,15,nearest,,7.5,142.0,0.9217034227828804,0.4905119406151284,2.195656416160948,2.352313852515731
tol_7p5km_int_15min,orrrar,vq_ctw,15,linear,256.0,7.5,2015.0,1.0,0.0,5.503475564928239,5.503475564928239
tol_7p5km_int_15min,orrrar,vq_ctw,15,nearest,256.0,7.5,142.0,1.0,0.0,6.643298578912646,6.643298578912646
tol_7p5km_int_15min,orrrar,vq_ctw,15,linear,512.0,7.5,2015.0,1.0,0.0,5.282312906962651,5.282312906962651
tol_7p5km_int_15min,orrrar,vq_ctw,15,nearest,512.0,7.5,142.0,1.0,0.0,6.299539083894996,6.299539083894996
tol_7p5km_int_15min,orrrar,vq_ctw,15,linear,1024.0,7.5,2015.0,1.0,0.0,5.262443668127407,5.262443668127407
tol_7p5km_int_15min,orrrar,vq_ctw,15,nearest,1024.0,7.5,142.0,1.0,0.0,6.583010560981734,6.583010560981734
tol_7p5km_int_15min,orsyal,direct_ctw,15,linear,,7.5,2015.0,0.9429265442004416,0.5269132647576749,2.143341759780672,2.3536749860469506
tol_7p5km_int_15min,orsyal,direct_ctw,15,nearest,,7.5,68.0,0.9480284306032578,0.445096750916857,2.262726010025287,2.4183423612789854
tol_7p5km_int_15min,orsyal,markov_order_1,15,linear,,7.5,2015.0,0.9288367938125311,0.6335847465425822,2.143341759780672,2.3536749860469506
tol_7p5km_int_15min,orsyal,markov_order_1,15,nearest,,7.5,68.0,0.8935595510980735,0.6860601446934421,2.262726010025287,2.4183423612789854
tol_7p5km_int_15min,orsyal,markov_order_2,15,linear,,7.5,2015.0,0.9249774718474012,0.6620095348593057,2.143341759780672,2.3536749860469506
tol_7p5km_int_15min,orsyal,markov_order_2,15,nearest,,7.5,68.0,0.9029564556536698,0.6613489659471201,2.262726010025287,2.4183423612789854
tol_7p5km_int_15min,orsyal,vq_ctw,15,linear,256.0,7.5,2015.0,1.0,0.0,5.672401866139642,5.672401866139642
tol_7p5km_int_15min,orsyal,vq_ctw,15,nearest,256.0,7.5,68.0,1.0,0.0,5.328939801605118,5.328939801605118
tol_7p5km_int_15min,orsyal,vq_ctw,15,linear,512.0,7.5,2015.0,1.0,0.0,5.348064086609967,5.348064086609967
tol_7p5km_int_15min,orsyal,vq_ctw,15,nearest,512.0,7.5,68.0,1.0,0.0,6.060125323863255,6.060125323863255
tol_7p5km_int_15min,orsyal,vq_ctw,15,linear,1024.0,7.5,2015.0,1.0,0.0,5.30455865268101,5.30455865268101
tol_7p5km_int_15min,orsyal,vq_ctw,15,nearest,1024.0,7.5,68.0,1.0,0.0,6.184412621745382,6.184412621745382
tol_7p5km_int_15min,osacmu,direct_ctw,15,linear,,7.5,748.0,0.959412562339812,0.3951704828785255,2.2168694041889547,2.372459525330859
tol_7p5km_int_15min,osacmu,direct_ctw,15,nearest,,7.5,108.0,0.9504714356173064,0.3665302444675405,2.255008442002929,2.397379050530439
tol_7p5km_int_15min,osacmu,markov_order_1,15,linear,,7.5,748.0,0.9420065457807396,0.5340289220596494,2.2168694041889547,2.372459525330859
tol_7p5km_int_15min,osacmu,markov_order_1,15,nearest,,7.5,108.0,0.9369909066405736,0.4383345970497752,2.255008442002929,2.397379050530439
tol_7p5km_int_15min,osacmu,markov_order_2,15,linear,,7.5,748.0,0.9336766999613668,0.5974760210117164,2.2168694041889547,2.372459525330859
tol_7p5km_int_15min,osacmu,markov_order_2,15,nearest,,7.5,108.0,0.9277283206938626,0.4748455140036225,2.255008442002929,2.397379050530439
tol_7p5km_int_15min,osacmu,vq_ctw,15,linear,256.0,7.5,748.0,1.0,0.0,5.677069101111628,5.677069101111628
tol_7p5km_int_15min,osacmu,vq_ctw,15,nearest,256.0,7.5,108.0,1.0,0.0,6.128582262022957,6.128582262022957
tol_7p5km_int_15min,osacmu,vq_ctw,15,linear,512.0,7.5,748.0,1.0,0.0,5.451281577536889,5.451281577536889
tol_7p5km_int_15min,osacmu,vq_ctw,15,nearest,512.0,7.5,108.0,1.0,0.0,5.874076516356649,5.874076516356649
tol_7p5km_int_15min,osacmu,vq_ctw,15,linear,1024.0,7.5,748.0,1.0,0.0,5.42135793545481,5.42135793545481
tol_7p5km_int_15min,osacmu,vq_ctw,15,nearest,1024.0,7.5,108.0,1.0,0.0,6.4925577661015,6.4925577661015
tol_7p5km_int_15min,osckro,direct_ctw,15,linear,,7.5,2015.0,0.9340430752045408,0.6256866663621906,2.1619849490154306,2.370606854315476
tol_7p5km_int_15min,osckro,direct_ctw,15,nearest,,7.5,243.0,0.9371732088107692,0.4451859653907259,2.3339858583803617,2.5281364496083136
tol_7p5km_int_15min,osckro,markov_order_1,15,linear,,7.5,2015.0,0.9130020015573715,0.7891444723828421,2.1619849490154306,2.370606854315476
tol_7p5km_int_15min,osckro,markov_order_1,15,nearest,,7.5,243.0,0.9019883280069754,0.6189971495172764,2.3339858583803617,2.5281364496083136
tol_7p5km_int_15min,osckro,markov_order_2,15,linear,,7.5,2015.0,0.9031270437982252,0.8629569498334448,2.1619849490154306,2.370606854315476
tol_7p5km_int_15min,osckro,markov_order_2,15,nearest,,7.5,243.0,0.8965864787795996,0.6458438564208169,2.3339858583803617,2.5281364496083136
tol_7p5km_int_15min,osckro,vq_ctw,15,linear,256.0,7.5,2015.0,1.0,0.0,6.259635650189975,6.259635650189975
tol_7p5km_int_15min,osckro,vq_ctw,15,nearest,256.0,7.5,243.0,1.0,0.0,6.093641320216606,6.093641320216606
tol_7p5km_int_15min,osckro,vq_ctw,15,linear,512.0,7.5,2015.0,1.0,0.0,6.092633854299983,6.092633854299983
tol_7p5km_int_15min,osckro,vq_ctw,15,nearest,512.0,7.5,243.0,1.0,0.0,6.199565587014815,6.199565587014815
tol_7p5km_int_15min,osckro,vq_ctw,15,linear,1024.0,7.5,2015.0,1.0,0.0,6.078329136811002,6.078329136811002
tol_7p5km_int_15min,osckro,vq_ctw,15,nearest,1024.0,7.5,243.0,1.0,0.0,7.1134842671829634,7.1134842671829634
tol_7p5km_int_15min,oshyon,direct_ctw,15,linear,,7.5,2015.0,0.942137980367104,0.5646924772169315,2.12625293801914,2.3092687805133085
tol_7p5km_int_15min,oshyon,direct_ctw,15,nearest,,7.5,193.0,0.9577169390403756,0.3583360648989496,2.258292989067651,2.410131396774358
tol_7p5km_int_15min,oshyon,markov_order_1,15,linear,,7.5,2015.0,0.9264188143125124,0.6917155540941271,2.12625293801914,2.3092687805133085
tol_7p5km_int_15min,oshyon,markov_order_1,15,nearest,,7.5,193.0,0.9283294286505016,0.510587131768501,2.258292989067651,2.410131396774358
tol_7p5km_int_15min,oshyon,markov_order_2,15,linear,,7.5,2015.0,0.9181405858244768,0.7564301600434551,2.12625293801914,2.3092687805133085
tol_7p5km_int_15min,oshyon,markov_order_2,15,nearest,,7.5,193.0,0.9321287840850818,0.4957185580857395,2.258292989067651,2.410131396774358
tol_7p5km_int_15min,oshyon,vq_ctw,15,linear,256.0,7.5,2015.0,1.0,0.0,5.405340702565318,5.405340702565318
tol_7p5km_int_15min,oshyon,vq_ctw,15,nearest,256.0,7.5,193.0,1.0,0.0,5.995236592598708,5.995236592598708
tol_7p5km_int_15min,oshyon,vq_ctw,15,linear,512.0,7.5,2015.0,1.0,0.0,5.147479429810652,5.147479429810652
tol_7p5km_int_15min,oshyon,vq_ctw,15,nearest,512.0,7.5,193.0,1.0,0.0,5.638776009478177,5.638776009478177
tol_7p5km_int_15min,oshyon,vq_ctw,15,linear,1024.0,7.5,2015.0,1.0,0.0,5.1256648306990416,5.1256648306990416
tol_7p5km_int_15min,oshyon,vq_ctw,15,nearest,1024.0,7.5,193.0,1.0,0.0,6.29253396532557,6.29253396532557
tol_7p5km_int_15min,osocce,direct_ctw,15,linear,,7.5,2015.0,0.9409523584172624,0.554345429547327,2.07796642737802,2.2869761198421936
tol_7p5km_int_15min,osocce,direct_ctw,15,nearest,,7.5,201.0,0.9323786814013314,0.4409623935582686,2.168668135325727,2.3566668105442705
tol_7p5km_int_15min,osocce,markov_order_1,15,linear,,7.5,2015.0,0.926216167164114,0.668153463913664,2.07796642737802,2.2869761198421936
tol_7p5km_int_15min,osocce,markov_order_1,15,nearest,,7.5,201.0,0.8939002673960469,0.6084513922404363,2.168668135325727,2.3566668105442705
tol_7p5km_int_15min,osocce,markov_order_2,15,linear,,7.5,2015.0,0.918173102137262,0.7282726293406321,2.07796642737802,2.2869761198421936
tol_7p5km_int_15min,osocce,markov_order_2,15,nearest,,7.5,201.0,0.8897843918874235,0.6272807920283612,2.168668135325727,2.3566668105442705
tol_7p5km_int_15min,osocce,vq_ctw,15,linear,256.0,7.5,2015.0,1.0,0.0,5.363309178067791,5.363309178067791
tol_7p5km_int_15min,osocce,vq_ctw,15,nearest,256.0,7.5,201.0,1.0,0.0,6.0328018182873695,6.0328018182873695
tol_7p5km_int_15min,osocce,vq_ctw,15,linear,512.0,7.5,2015.0,1.0,0.0,5.066068568921109,5.066068568921109
tol_7p5km_int_15min,osocce,vq_ctw,15,nearest,512.0,7.5,201.0,1.0,0.0,6.229561575405464,6.229561575405464
tol_7p5km_int_15min,osocce,vq_ctw,15,linear,1024.0,7.5,2015.0,1.0,0.0,5.040858340553179,5.040858340553179
tol_7p5km_int_15min,osocce,vq_ctw,15,nearest,1024.0,7.5,201.0,1.0,0.0,6.301100279682891,6.301100279682891
tol_7p5km_int_15min,otasfi,direct_ctw,15,linear,,7.5,2015.0,0.9481523453714676,0.5103952420823459,2.064457178355816,2.2643326638272443
tol_7p5km_int_15min,otasfi,direct_ctw,15,nearest,,7.5,468.0,0.957462252352284,0.3958264362207074,2.20083234180939,2.3842290820258376
tol_7p5km_int_15min,otasfi,markov_order_1,15,linear,,7.5,2015.0,0.9306115646168592,0.6529818277245951,2.064457178355816,2.2643326638272443
tol_7p5km_int_15min,otasfi,markov_order_1,15,nearest,,7.5,468.0,0.9389718682671786,0.4888280790454988,2.20083234180939,2.3842290820258376
tol_7p5km_int_15min,otasfi,markov_order_2,15,linear,,7.5,2015.0,0.9231274201438916,0.7116154003057044,2.064457178355816,2.2643326638272443
tol_7p5km_int_15min,otasfi,markov_order_2,15,nearest,,7.5,468.0,0.932090871934423,0.5198402019808954,2.20083234180939,2.3842290820258376
tol_7p5km_int_15min,otasfi,vq_ctw,15,linear,256.0,7.5,2015.0,1.0,0.0,5.773492454091763,5.773492454091763
tol_7p5km_int_15min,otasfi,vq_ctw,15,nearest,256.0,7.5,468.0,1.0,0.0,6.087262772161517,6.087262772161517
tol_7p5km_int_15min,otasfi,vq_ctw,15,linear,512.0,7.5,2015.0,1.0,0.0,5.4423520703202986,5.4423520703202986
tol_7p5km_int_15min,otasfi,vq_ctw,15,nearest,512.0,7.5,468.0,1.0,0.0,5.954229213325214,5.954229213325214
tol_7p5km_int_15min,otasfi,vq_ctw,15,linear,1024.0,7.5,2015.0,1.0,0.0,5.422168437921399,5.422168437921399
tol_7p5km_int_15min,otasfi,vq_ctw,15,nearest,1024.0,7.5,468.0,1.0,0.0,6.119041645905968,6.119041645905968
tol_7p5km_int_15min,otfaho,direct_ctw,15,linear,,7.5,2013.0,0.9592711903669532,0.396338338368031,2.169100880779945,2.381495894326892
tol_7p5km_int_15min,otfaho,direct_ctw,15,nearest,,7.5,103.0,0.9797692838732484,0.3525014638643592,2.117379325988648,2.258404507468336
tol_7p5km_int_15min,otfaho,markov_order_1,15,linear,,7.5,2013.0,0.9452018470028823,0.5092169154705216,2.169100880779945,2.381495894326892
tol_7p5km_int_15min,otfaho,markov_order_1,15,nearest,,7.5,103.0,0.970327016837168,0.4274880351909809,2.117379325988648,2.258404507468336
tol_7p5km_int_15min,otfaho,markov_order_2,15,linear,,7.5,2013.0,0.9391728714099684,0.5558067205309063,2.169100880779945,2.381495894326892
tol_7p5km_int_15min,otfaho,markov_order_2,15,nearest,,7.5,103.0,0.9665495043834396,0.4596980111690185,2.117379325988648,2.258404507468336
tol_7p5km_int_15min,otfaho,vq_ctw,15,linear,256.0,7.5,2013.0,1.0,0.0,5.807871483109961,5.807871483109961
tol_7p5km_int_15min,otfaho,vq_ctw,15,nearest,256.0,7.5,103.0,1.0,0.0,5.678423899257345,5.678423899257345
tol_7p5km_int_15min,otfaho,vq_ctw,15,linear,512.0,7.5,2013.0,1.0,0.0,5.580877666719762,5.580877666719762
tol_7p5km_int_15min,otfaho,vq_ctw,15,nearest,512.0,7.5,103.0,1.0,0.0,5.627757075027515,5.627757075027515
tol_7p5km_int_15min,otfaho,vq_ctw,15,linear,1024.0,7.5,2013.0,1.0,0.0,5.577146642033725,5.577146642033725
tol_7p5km_int_15min,otfaho,vq_ctw,15,nearest,1024.0,7.5,103.0,1.0,0.0,5.682971158403939,5.682971158403939
tol_7p5km_int_15min,otmego,direct_ctw,15,linear,,7.5,1982.0,0.9769870352892676,0.2405392787217181,1.9042156544975584,2.1333110713819794
tol_7p5km_int_15min,otmego,direct_ctw,15,nearest,,7.5,34.0,0.935612436266676,0.4090086785654956,2.1651260489273354,2.306623098026854
tol_7p5km_int_15min,otmego,markov_order_1,15,linear,,7.5,1982.0,0.9692169569015896,0.308659762496374,1.9042156544975584,2.1333110713819794
tol_7p5km_int_15min,otmego,markov_order_1,15,nearest,,7.5,34.0,0.8680446600184866,0.6947317703396568,2.1651260489273354,2.306623098026854
tol_7p5km_int_15min,otmego,markov_order_2,15,linear,,7.5,1982.0,0.9664400250175952,0.3322534256304159,1.9042156544975584,2.1333110713819794
tol_7p5km_int_15min,otmego,markov_order_2,15,nearest,,7.5,34.0,0.8938365023924544,0.5943978307395685,2.1651260489273354,2.306623098026854
tol_7p5km_int_15min,otmego,vq_ctw,15,linear,256.0,7.5,1982.0,1.0,0.0,4.519895105379097,4.519895105379097
tol_7p5km_int_15min,otmego,vq_ctw,15,nearest,256.0,7.5,34.0,1.0,0.0,5.610577053389153,5.610577053389153
tol_7p5km_int_15min,otmego,vq_ctw,15,linear,512.0,7.5,1982.0,1.0,0.0,4.230929207861667,4.230929207861667
tol_7p5km_int_15min,otmego,vq_ctw,15,nearest,512.0,7.5,34.0,1.0,0.0,5.665340673989025,5.665340673989025
tol_7p5km_int_15min,otmego,vq_ctw,15,linear,1024.0,7.5,1982.0,1.0,0.0,4.201509427564966,4.201509427564966
tol_7p5km_int_15min,otmego,vq_ctw,15,nearest,1024.0,7.5,34.0,1.0,0.0,4.925871694704026,4.925871694704026
tol_7p5km_int_15min,otscok,direct_ctw,15,linear,,7.5,2015.0,0.9386198126731282,0.5936381429379417,2.129194259030712,2.3362605041942803
tol_7p5km_int_15min,otscok,direct_ctw,15,nearest,,7.5,569.0,0.9565483485926904,0.3776800200222547,2.1942231876345564,2.3831964347567096
tol_7p5km_int_15min,otscok,markov_order_1,15,linear,,7.5,2015.0,0.92289093145434,0.7194637192707644,2.129194259030712,2.3362605041942803
tol_7p5km_int_15min,otscok,markov_order_1,15,nearest,,7.5,569.0,0.9328744590056924,0.495836965778075,2.1942231876345564,2.3831964347567096
tol_7p5km_int_15min,otscok,markov_order_2,15,linear,,7.5,2015.0,0.9133931050301644,0.7929413120668092,2.129194259030712,2.3362605041942803
tol_7p5km_int_15min,otscok,markov_order_2,15,nearest,,7.5,569.0,0.928057292399874,0.5151730981869028,2.1942231876345564,2.3831964347567096
tol_7p5km_int_15min,otscok,vq_ctw,15,linear,256.0,7.5,2015.0,1.0,0.0,5.46169561709423,5.46169561709423
tol_7p5km_int_15min,otscok,vq_ctw,15,nearest,256.0,7.5,569.0,1.0,0.0,6.433173347568967,6.433173347568967
tol_7p5km_int_15min,otscok,vq_ctw,15,linear,512.0,7.5,2015.0,1.0,0.0,5.220837809334206,5.220837809334206
tol_7p5km_int_15min,otscok,vq_ctw,15,nearest,512.0,7.5,569.0,1.0,0.0,6.252028102166628,6.252028102166628
tol_7p5km_int_15min,otscok,vq_ctw,15,linear,1024.0,7.5,2015.0,1.0,0.0,5.201864485083213,5.201864485083213
tol_7p5km_int_15min,otscok,vq_ctw,15,nearest,1024.0,7.5,569.0,1.0,0.0,6.676805577869501,6.676805577869501
tol_7p5km_int_15min,otswra,direct_ctw,15,linear,,7.5,1652.0,0.9540156173161464,0.4339398386232006,2.130130283220319,2.315886514714233
tol_7p5km_int_15min,otswra,direct_ctw,15,nearest,,7.5,461.0,0.9624238503860768,0.3878170671971228,2.301331080876078,2.465571003989288
tol_7p5km_int_15min,otswra,markov_order_1,15,linear,,7.5,1652.0,0.9440431364919492,0.5117848087576659,2.130130283220319,2.315886514714233
tol_7p5km_int_15min,otswra,markov_order_1,15,nearest,,7.5,461.0,0.9404538694693714,0.5153098893215765,2.301331080876078,2.465571003989288
tol_7p5km_int_15min,otswra,markov_order_2,15,linear,,7.5,1652.0,0.9381202876966532,0.5566983670766738,2.130130283220319,2.315886514714233
tol_7p5km_int_15min,otswra,markov_order_2,15,nearest,,7.5,461.0,0.935950490889,0.5309448124796465,2.301331080876078,2.465571003989288
tol_7p5km_int_15min,otswra,vq_ctw,15,linear,256.0,7.5,1652.0,1.0,0.0,5.358694016591512,5.358694016591512
tol_7p5km_int_15min,otswra,vq_ctw,15,nearest,256.0,7.5,461.0,1.0,0.0,6.383580938739077,6.383580938739077
tol_7p5km_int_15min,otswra,vq_ctw,15,linear,512.0,7.5,1652.0,1.0,0.0,5.011980188200445,5.011980188200445
tol_7p5km_int_15min,otswra,vq_ctw,15,nearest,512.0,7.5,461.0,1.0,0.0,6.294940520758353,6.294940520758353
tol_7p5km_int_15min,otswra,vq_ctw,15,linear,1024.0,7.5,1652.0,1.0,0.0,4.985886562831989,4.985886562831989
tol_7p5km_int_15min,otswra,vq_ctw,15,nearest,1024.0,7.5,461.0,1.0,0.0,6.611415559228632,6.611415559228632
tol_7p5km_int_15min,otvasd,direct_ctw,15,linear,,7.5,2015.0,0.9363558320901942,0.596320851501283,2.310673343254364,2.5043410264489405
tol_7p5km_int_15min,otvasd,direct_ctw,15,nearest,,7.5,309.0,0.914780571343509,0.521536007701559,2.256567552738445,2.4357028474094453
tol_7p5km_int_15min,otvasd,markov_order_1,15,linear,,7.5,2015.0,0.920471981254264,0.718626022711732,2.310673343254364,2.5043410264489405
tol_7p5km_int_15min,otvasd,markov_order_1,15,nearest,,7.5,309.0,0.8754540663555405,0.6932384473030924,2.256567552738445,2.4357028474094453
tol_7p5km_int_15min,otvasd,markov_order_2,15,linear,,7.5,2015.0,0.9134328742503302,0.7711748256441173,2.310673343254364,2.5043410264489405
tol_7p5km_int_15min,otvasd,markov_order_2,15,nearest,,7.5,309.0,0.870574651780124,0.7083710449603535,2.256567552738445,2.4357028474094453
tol_7p5km_int_15min,otvasd,vq_ctw,15,linear,256.0,7.5,2015.0,1.0,0.0,6.293016458397994,6.293016458397994
tol_7p5km_int_15min,otvasd,vq_ctw,15,nearest,256.0,7.5,309.0,1.0,0.0,5.9677590717673565,5.9677590717673565
tol_7p5km_int_15min,otvasd,vq_ctw,15,linear,512.0,7.5,2015.0,1.0,0.0,6.142703299164279,6.142703299164279
tol_7p5km_int_15min,otvasd,vq_ctw,15,nearest,512.0,7.5,309.0,1.0,0.0,6.1473238944992215,6.1473238944992215
tol_7p5km_int_15min,otvasd,vq_ctw,15,linear,1024.0,7.5,2015.0,1.0,0.0,6.136695215870915,6.136695215870915
tol_7p5km_int_15min,otvasd,vq_ctw,15,nearest,1024.0,7.5,309.0,1.0,0.0,6.647389704764982,6.647389704764982
tol_7p5km_int_15min,ouvdan,direct_ctw,15,linear,,7.5,1984.0,0.9541458254816474,0.4559448722245889,2.258360973117211,2.4797795934777698
tol_7p5km_int_15min,ouvdan,direct_ctw,15,nearest,,7.5,259.0,0.9838245724592934,0.2830505626649473,2.078418731805262,2.2703588278859828
tol_7p5km_int_15min,ouvdan,markov_order_1,15,linear,,7.5,1984.0,0.9383608821945344,0.5858651344786374,2.258360973117211,2.4797795934777698
tol_7p5km_int_15min,ouvdan,markov_order_1,15,nearest,,7.5,259.0,0.966845914280144,0.3970536881378913,2.078418731805262,2.2703588278859828
tol_7p5km_int_15min,ouvdan,markov_order_2,15,linear,,7.5,1984.0,0.9320693557956928,0.6358173162504709,2.258360973117211,2.4797795934777698
tol_7p5km_int_15min,ouvdan,markov_order_2,15,nearest,,7.5,259.0,0.9648149303540002,0.4178347817751392,2.078418731805262,2.2703588278859828
tol_7p5km_int_15min,ouvdan,vq_ctw,15,linear,256.0,7.5,1984.0,1.0,0.0,5.6368644415306814,5.6368644415306814
tol_7p5km_int_15min,ouvdan,vq_ctw,15,nearest,256.0,7.5,259.0,1.0,0.0,6.29244526707978,6.29244526707978
tol_7p5km_int_15min,ouvdan,vq_ctw,15,linear,512.0,7.5,1984.0,1.0,0.0,5.48800593327043,5.48800593327043
tol_7p5km_int_15min,ouvdan,vq_ctw,15,nearest,512.0,7.5,259.0,1.0,0.0,5.97089431572585,5.97089431572585
tol_7p5km_int_15min,ouvdan,vq_ctw,15,linear,1024.0,7.5,1984.0,1.0,0.0,5.490949260535598,5.490949260535598
tol_7p5km_int_15min,ouvdan,vq_ctw,15,nearest,1024.0,7.5,259.0,1.0,0.0,6.690747467072192,6.690747467072192
tol_7p5km_int_15min,ovkojy,direct_ctw,15,linear,,7.5,1985.0,0.9410660063140586,0.5640891663491076,2.1686808955811068,2.3651326489289404
tol_7p5km_int_15min,ovkojy,direct_ctw,15,nearest,,7.5,178.0,0.9842021566265312,0.2387945810249553,2.1957824231297893,2.341895708571235
tol_7p5km_int_15min,ovkojy,markov_order_1,15,linear,,7.5,1985.0,0.9241715916423956,0.6972527925764461,2.1686808955811068,2.3651326489289404
tol_7p5km_int_15min,ovkojy,markov_order_1,15,nearest,,7.5,178.0,0.97215253066629,0.3285981174716981,2.1957824231297893,2.341895708571235
tol_7p5km_int_15min,ovkojy,markov_order_2,15,linear,,7.5,1985.0,0.9160574880362083,0.7590326639253776,2.1686808955811068,2.3651326489289404
tol_7p5km_int_15min,ovkojy,markov_order_2,15,nearest,,7.5,178.0,0.9707214150600936,0.3482418681002387,2.1957824231297893,2.341895708571235
tol_7p5km_int_15min,ovkojy,vq_ctw,15,linear,256.0,7.5,1985.0,1.0,0.0,5.612849516913516,5.612849516913516
tol_7p5km_int_15min,ovkojy,vq_ctw,15,nearest,256.0,7.5,178.0,1.0,0.0,6.098864451975102,6.098864451975102
tol_7p5km_int_15min,ovkojy,vq_ctw,15,linear,512.0,7.5,1985.0,1.0,0.0,5.351692253823038,5.351692253823038
tol_7p5km_int_15min,ovkojy,vq_ctw,15,nearest,512.0,7.5,178.0,1.0,0.0,5.953418991208586,5.953418991208586
tol_7p5km_int_15min,ovkojy,vq_ctw,15,linear,1024.0,7.5,1985.0,1.0,0.0,5.3292873155161,5.3292873155161
tol_7p5km_int_15min,ovkojy,vq_ctw,15,nearest,1024.0,7.5,178.0,1.0,0.0,6.221177765522314,6.221177765522314
tol_7p5km_int_15min,ovnacg,direct_ctw,15,linear,,7.5,2012.0,0.9042524932875596,0.8884884805330658,2.4131584667869803,2.610274632080442
tol_7p5km_int_15min,ovnacg,direct_ctw,15,nearest,,7.5,32.0,0.9999999999980904,0.6436193354199221,2.7695225867637854,2.9770865222172262
tol_7p5km_int_15min,ovnacg,markov_order_1,15,linear,,7.5,2012.0,0.873912903799626,1.116971324871475,2.4131584667869803,2.610274632080442
tol_7p5km_int_15min,ovnacg,markov_order_1,15,nearest,,7.5,32.0,0.9999999999980904,0.6649340698302122,2.7695225867637854,2.9770865222172262
tol_7p5km_int_15min,ovnacg,markov_order_2,15,linear,,7.5,2012.0,0.8667086159977713,1.1693480477101623,2.4131584667869803,2.610274632080442
tol_7p5km_int_15min,ovnacg,markov_order_2,15,nearest,,7.5,32.0,0.9999999999980904,0.6687183638702832,2.7695225867637854,2.9770865222172262
tol_7p5km_int_15min,ovnacg,vq_ctw,15,linear,256.0,7.5,2012.0,1.0,0.0,9.107910365666712,9.107910365666712
tol_7p5km_int_15min,ovnacg,vq_ctw,15,nearest,256.0,7.5,32.0,1.0,0.0,8.724416388637504,8.724416388637504
tol_7p5km_int_15min,ovnacg,vq_ctw,15,linear,512.0,7.5,2012.0,1.0,0.0,9.306192937692662,9.306192937692662
tol_7p5km_int_15min,ovnacg,vq_ctw,15,nearest,512.0,7.5,32.0,1.0,0.0,9.117158943661094,9.117158943661094
tol_7p5km_int_15min,ovnacg,vq_ctw,15,linear,1024.0,7.5,2012.0,1.0,0.0,9.33522050091425,9.33522050091425
tol_7p5km_int_15min,ovnacg,vq_ctw,15,nearest,1024.0,7.5,32.0,1.0,0.0,11.69744971756748,11.69744971756748
tol_7p5km_int_15min,ovyijn,direct_ctw,15,linear,,7.5,2015.0,0.9452923997296429,0.5143587615904641,2.1552098144873857,2.3515015336463643
tol_7p5km_int_15min,ovyijn,direct_ctw,15,nearest,,7.5,267.0,0.972082860678976,0.3142511241454558,2.2641762200285185,2.452234029066623
tol_7p5km_int_15min,ovyijn,markov_order_1,15,linear,,7.5,2015.0,0.9332313273471732,0.607959621914936,2.1552098144873857,2.3515015336463643
tol_7p5km_int_15min,ovyijn,markov_order_1,15,nearest,,7.5,267.0,0.961636427409608,0.3840016731564828,2.2641762200285185,2.452234029066623
tol_7p5km_int_15min,ovyijn,markov_order_2,15,linear,,7.5,2015.0,0.9287004729840712,0.6422172294098613,2.1552098144873857,2.3515015336463643
tol_7p5km_int_15min,ovyijn,markov_order_2,15,nearest,,7.5,267.0,0.9575368230897564,0.4086718897421802,2.2641762200285185,2.452234029066623
tol_7p5km_int_15min,ovyijn,vq_ctw,15,linear,256.0,7.5,2015.0,1.0,0.0,5.12027792757415,5.12027792757415
tol_7p5km_int_15min,ovyijn,vq_ctw,15,nearest,256.0,7.5,267.0,1.0,0.0,5.794307479283715,5.794307479283715
tol_7p5km_int_15min,ovyijn,vq_ctw,15,linear,512.0,7.5,2015.0,1.0,0.0,4.85862432366882,4.85862432366882
tol_7p5km_int_15min,ovyijn,vq_ctw,15,nearest,512.0,7.5,267.0,1.0,0.0,5.635577087810493,5.635577087810493
tol_7p5km_int_15min,ovyijn,vq_ctw,15,linear,1024.0,7.5,2015.0,1.0,0.0,4.840115598813344,4.840115598813344
tol_7p5km_int_15min,ovyijn,vq_ctw,15,nearest,1024.0,7.5,267.0,1.0,0.0,6.123654866770371,6.123654866770371
tol_7p5km_int_15min,owbsus,direct_ctw,15,linear,,7.5,2015.0,0.9243813029016262,0.7332589264593249,2.422408496738389,2.63682668709799
tol_7p5km_int_15min,owbsus,direct_ctw,15,nearest,,7.5,320.0,0.928224533086554,0.5329759533562586,2.2516178625256096,2.412002290223401
tol_7p5km_int_15min,owbsus,markov_order_1,15,linear,,7.5,2015.0,0.9001272327869811,0.926505037921367,2.422408496738389,2.63682668709799
tol_7p5km_int_15min,owbsus,markov_order_1,15,nearest,,7.5,320.0,0.8898213310816564,0.7320107963549287,2.2516178625256096,2.412002290223401
tol_7p5km_int_15min,owbsus,markov_order_2,15,linear,,7.5,2015.0,0.8876063148192296,1.0224149146984152,2.422408496738389,2.63682668709799
tol_7p5km_int_15min,owbsus,markov_order_2,15,nearest,,7.5,320.0,0.8861845888914168,0.7318299388340418,2.2516178625256096,2.412002290223401
tol_7p5km_int_15min,owbsus,vq_ctw,15,linear,256.0,7.5,2015.0,1.0,0.0,6.946837121651738,6.946837121651738
tol_7p5km_int_15min,owbsus,vq_ctw,15,nearest,256.0,7.5,320.0,1.0,0.0,6.137579064727172,6.137579064727172
tol_7p5km_int_15min,owbsus,vq_ctw,15,linear,512.0,7.5,2015.0,1.0,0.0,6.828534941075587,6.828534941075587
tol_7p5km_int_15min,owbsus,vq_ctw,15,nearest,512.0,7.5,320.0,1.0,0.0,6.4486168919715485,6.4486168919715485
tol_7p5km_int_15min,owbsus,vq_ctw,15,linear,1024.0,7.5,2015.0,1.0,0.0,6.803761862723981,6.803761862723981
tol_7p5km_int_15min,owbsus,vq_ctw,15,nearest,1024.0,7.5,320.0,1.0,0.0,6.680680012954952,6.680680012954952
tol_7p5km_int_15min,owgves,direct_ctw,15,linear,,7.5,2014.0,0.9491205665681376,0.4889014260793597,2.1725753171278503,2.3721719776082444
tol_7p5km_int_15min,owgves,direct_ctw,15,nearest,,7.5,478.0,0.9487701860594024,0.4187952783697024,2.166511367552251,2.337196191446406
tol_7p5km_int_15min,owgves,markov_order_1,15,linear,,7.5,2014.0,0.9335108008227022,0.6124493148836812,2.1725753171278503,2.3721719776082444
tol_7p5km_int_15min,owgves,markov_order_1,15,nearest,,7.5,478.0,0.9213518184358408,0.5564776872619206,2.166511367552251,2.337196191446406
tol_7p5km_int_15min,owgves,markov_order_2,15,linear,,7.5,2014.0,0.9280509264199815,0.6542526324453288,2.1725753171278503,2.3721719776082444
tol_7p5km_int_15min,owgves,markov_order_2,15,nearest,,7.5,478.0,0.9174367165035624,0.5686653849705499,2.166511367552251,2.337196191446406
tol_7p5km_int_15min,owgves,vq_ctw,15,linear,256.0,7.5,2014.0,1.0,0.0,5.526177111328129,5.526177111328129
tol_7p5km_int_15min,owgves,vq_ctw,15,nearest,256.0,7.5,478.0,1.0,0.0,5.988406023327987,5.988406023327987
tol_7p5km_int_15min,owgves,vq_ctw,15,linear,512.0,7.5,2014.0,1.0,0.0,5.296870971498111,5.296870971498111
tol_7p5km_int_15min,owgves,vq_ctw,15,nearest,512.0,7.5,478.0,1.0,0.0,5.840767143502405,5.840767143502405
tol_7p5km_int_15min,owgves,vq_ctw,15,linear,1024.0,7.5,2014.0,1.0,0.0,5.288470281580386,5.288470281580386
tol_7p5km_int_15min,owgves,vq_ctw,15,nearest,1024.0,7.5,478.0,1.0,0.0,6.58793227685488,6.58793227685488
tol_7p5km_int_15min,owhagm,direct_ctw,15,linear,,7.5,1673.0,0.9619246133652124,0.3856987768836552,2.1486650096547533,2.3785653280027623
tol_7p5km_int_15min,owhagm,direct_ctw,15,nearest,,7.5,33.0,0.8663001925735394,0.779407491162576,2.066359454363344,2.40934974813443
tol_7p5km_int_15min,owhagm,markov_order_1,15,linear,,7.5,1673.0,0.945165852709598,0.5259241046019323,2.1486650096547533,2.3785653280027623
tol_7p5km_int_15min,owhagm,markov_order_1,15,nearest,,7.5,33.0,0.7719049961882793,1.1361976848066508,2.066359454363344,2.40934974813443
tol_7p5km_int_15min,owhagm,markov_order_2,15,linear,,7.5,1673.0,0.937515149881654,0.587170275348671,2.1486650096547533,2.3785653280027623
tol_7p5km_int_15min,owhagm,markov_order_2,15,nearest,,7.5,33.0,0.7661191737273974,1.1554076900085422,2.066359454363344,2.40934974813443
tol_7p5km_int_15min,owhagm,vq_ctw,15,linear,256.0,7.5,1673.0,1.0,0.0,7.537141466233063,7.537141466233063
tol_7p5km_int_15min,owhagm,vq_ctw,15,nearest,256.0,7.5,33.0,1.0,0.0,8.730135234973854,8.730135234973854
tol_7p5km_int_15min,owhagm,vq_ctw,15,linear,512.0,7.5,1673.0,1.0,0.0,7.210811874270722,7.210811874270722
tol_7p5km_int_15min,owhagm,vq_ctw,15,nearest,512.0,7.5,33.0,1.0,0.0,9.083670847568774,9.083670847568774
tol_7p5km_int_15min,owhagm,vq_ctw,15,linear,1024.0,7.5,1673.0,1.0,0.0,7.175383513698016,7.175383513698016
tol_7p5km_int_15min,owhagm,vq_ctw,15,nearest,1024.0,7.5,33.0,1.0,0.0,11.228289318076776,11.228289318076776
tol_7p5km_int_15min,owufre,direct_ctw,15,linear,,7.5,2012.0,0.912953298421682,0.789512718990655,2.438482574077475,2.6413356048257586
tol_7p5km_int_15min,owufre,direct_ctw,15,nearest,,7.5,110.0,0.9172885627993398,0.5192889015383172,2.060062076772561,2.2653207986977786
tol_7p5km_int_15min,owufre,markov_order_1,15,linear,,7.5,2012.0,0.8842565766528014,0.9996418085828732,2.438482574077475,2.6413356048257586
tol_7p5km_int_15min,owufre,markov_order_1,15,nearest,,7.5,110.0,0.8869046012318194,0.6566428587817323,2.060062076772561,2.2653207986977786
tol_7p5km_int_15min,owufre,markov_order_2,15,linear,,7.5,2012.0,0.8809094093732368,1.0233399656310445,2.438482574077475,2.6413356048257586
tol_7p5km_int_15min,owufre,markov_order_2,15,nearest,,7.5,110.0,0.8796019863964678,0.6885090815663212,2.060062076772561,2.2653207986977786
tol_7p5km_int_15min,owufre,vq_ctw,15,linear,256.0,7.5,2012.0,1.0,0.0,8.396144820147002,8.396144820147002
tol_7p5km_int_15min,owufre,vq_ctw,15,nearest,256.0,7.5,110.0,1.0,0.0,6.683250031542995,6.683250031542995
tol_7p5km_int_15min,owufre,vq_ctw,15,linear,512.0,7.5,2012.0,1.0,0.0,8.611730319152663,8.611730319152663
tol_7p5km_int_15min,owufre,vq_ctw,15,nearest,512.0,7.5,110.0,1.0,0.0,7.037870061381775,7.037870061381775
tol_7p5km_int_15min,owufre,vq_ctw,15,linear,1024.0,7.5,2012.0,1.0,0.0,8.637695657526315,8.637695657526315
tol_7p5km_int_15min,owufre,vq_ctw,15,nearest,1024.0,7.5,110.0,1.0,0.0,7.139165812150685,7.139165812150685
tol_7p5km_int_15min,oxdogh,direct_ctw,15,linear,,7.5,1897.0,0.934267478397528,0.642922237808699,2.0914990262268813,2.2882769583528706
tol_7p5km_int_15min,oxdogh,direct_ctw,15,nearest,,7.5,219.0,0.9562121007854538,0.3287876260837593,2.2499071200284524,2.4126793523022068
tol_7p5km_int_15min,oxdogh,markov_order_1,15,linear,,7.5,1897.0,0.9108984244076932,0.8308062463002882,2.0914990262268813,2.2882769583528706
tol_7p5km_int_15min,oxdogh,markov_order_1,15,nearest,,7.5,219.0,0.9389508503979844,0.4236125841848857,2.2499071200284524,2.4126793523022068
tol_7p5km_int_15min,oxdogh,markov_order_2,15,linear,,7.5,1897.0,0.9006104644787403,0.9102783118785188,2.0914990262268813,2.2882769583528706
tol_7p5km_int_15min,oxdogh,markov_order_2,15,nearest,,7.5,219.0,0.9352906271291505,0.4411097049939896,2.2499071200284524,2.4126793523022068
tol_7p5km_int_15min,oxdogh,vq_ctw,15,linear,256.0,7.5,1897.0,1.0,0.0,6.79792878323955,6.79792878323955
tol_7p5km_int_15min,oxdogh,vq_ctw,15,nearest,256.0,7.5,219.0,1.0,0.0,6.687751905488608,6.687751905488608
tol_7p5km_int_15min,oxdogh,vq_ctw,15,linear,512.0,7.5,1897.0,1.0,0.0,6.605859746025597,6.605859746025597
tol_7p5km_int_15min,oxdogh,vq_ctw,15,nearest,512.0,7.5,219.0,1.0,0.0,6.496031127744676,6.496031127744676
tol_7p5km_int_15min,oxdogh,vq_ctw,15,linear,1024.0,7.5,1897.0,1.0,0.0,6.5993401211975575,6.5993401211975575
tol_7p5km_int_15min,oxdogh,vq_ctw,15,nearest,1024.0,7.5,219.0,1.0,0.0,6.478996622600229,6.478996622600229
tol_7p5km_int_15min,oyclsd,direct_ctw,15,linear,,7.5,2015.0,0.944759057309986,0.5062928056694319,2.620790668536672,2.8624806834363548
tol_7p5km_int_15min,oyclsd,direct_ctw,15,nearest,,7.5,172.0,0.9630327699803246,0.3998303000979085,2.236980050875629,2.420115836156298
tol_7p5km_int_15min,oyclsd,markov_order_1,15,linear,,7.5,2015.0,0.9252299925129271,0.6515250608148189,2.620790668536672,2.8624806834363548
tol_7p5km_int_15min,oyclsd,markov_order_1,15,nearest,,7.5,172.0,0.9477409176462928,0.4964638159276843,2.236980050875629,2.420115836156298
tol_7p5km_int_15min,oyclsd,markov_order_2,15,linear,,7.5,2015.0,0.9257441763466556,0.6478128511949803,2.620790668536672,2.8624806834363548
tol_7p5km_int_15min,oyclsd,markov_order_2,15,nearest,,7.5,172.0,0.9431039681420804,0.4960337641247505,2.236980050875629,2.420115836156298
tol_7p5km_int_15min,oyclsd,vq_ctw,15,linear,256.0,7.5,2015.0,1.0,0.0,7.662141829516007,7.662141829516007
tol_7p5km_int_15min,oyclsd,vq_ctw,15,nearest,256.0,7.5,172.0,1.0,0.0,7.129956774554712,7.129956774554712
tol_7p5km_int_15min,oyclsd,vq_ctw,15,linear,512.0,7.5,2015.0,1.0,0.0,7.795463678909197,7.795463678909197
tol_7p5km_int_15min,oyclsd,vq_ctw,15,nearest,512.0,7.5,172.0,1.0,0.0,6.940129529026715,6.940129529026715
tol_7p5km_int_15min,oyclsd,vq_ctw,15,linear,1024.0,7.5,2015.0,1.0,0.0,7.792199271319218,7.792199271319218
tol_7p5km_int_15min,oyclsd,vq_ctw,15,nearest,1024.0,7.5,172.0,1.0,0.0,7.681209268039701,7.681209268039701
tol_7p5km_int_15min,oydtes,direct_ctw,15,linear,,7.5,2015.0,0.9483397135909528,0.5045678045233333,2.111386977839413,2.3025538271191346
tol_7p5km_int_15min,oydtes,direct_ctw,15,nearest,,7.5,215.0,0.9375463442093634,0.4523460493662776,2.31610036463555,2.461669967207295
tol_7p5km_int_15min,oydtes,markov_order_1,15,linear,,7.5,2015.0,0.935157342580208,0.6114177355930789,2.111386977839413,2.3025538271191346
tol_7p5km_int_15min,oydtes,markov_order_1,15,nearest,,7.5,215.0,0.9182294777244764,0.5557448588477277,2.31610036463555,2.461669967207295
tol_7p5km_int_15min,oydtes,markov_order_2,15,linear,,7.5,2015.0,0.9266366499205668,0.6782214487640695,2.111386977839413,2.3025538271191346
tol_7p5km_int_15min,oydtes,markov_order_2,15,nearest,,7.5,215.0,0.904046289831904,0.612046012344604,2.31610036463555,2.461669967207295
tol_7p5km_int_15min,oydtes,vq_ctw,15,linear,256.0,7.5,2015.0,1.0,0.0,5.296754785034392,5.296754785034392
tol_7p5km_int_15min,oydtes,vq_ctw,15,nearest,256.0,7.5,215.0,1.0,0.0,5.92692158929732,5.92692158929732
tol_7p5km_int_15min,oydtes,vq_ctw,15,linear,512.0,7.5,2015.0,1.0,0.0,4.962051146456233,4.962051146456233
tol_7p5km_int_15min,oydtes,vq_ctw,15,nearest,512.0,7.5,215.0,1.0,0.0,5.578168182136135,5.578168182136135
tol_7p5km_int_15min,oydtes,vq_ctw,15,linear,1024.0,7.5,2015.0,1.0,0.0,4.928974601838825,4.928974601838825
tol_7p5km_int_15min,oydtes,vq_ctw,15,nearest,1024.0,7.5,215.0,1.0,0.0,6.047507209591513,6.047507209591513
tol_7p5km_int_15min,oygmeb,direct_ctw,15,linear,,7.5,2014.0,0.9411952688524524,0.6022916425310335,2.375054139473307,2.5706966881990345
tol_7p5km_int_15min,oygmeb,direct_ctw,15,nearest,,7.5,70.0,0.9999999999989634,0.1880152039215567,2.0663758328154875,2.2118593933963235
tol_7p5km_int_15min,oygmeb,markov_order_1,15,linear,,7.5,2014.0,0.91083454096142,0.8576498036876742,2.375054139473307,2.5706966881990345
tol_7p5km_int_15min,oygmeb,markov_order_1,15,nearest,,7.5,70.0,0.9999999999989634,0.1947634839010693,2.0663758328154875,2.2118593933963235
tol_7p5km_int_15min,oygmeb,markov_order_2,15,linear,,7.5,2014.0,0.9011532834693916,0.9353340914811398,2.375054139473307,2.5706966881990345
tol_7p5km_int_15min,oygmeb,markov_order_2,15,nearest,,7.5,70.0,0.9999999999989634,0.2063064794530096,2.0663758328154875,2.2118593933963235
tol_7p5km_int_15min,oygmeb,vq_ctw,15,linear,256.0,7.5,2014.0,1.0,0.0,7.288765511794733,7.288765511794733
tol_7p5km_int_15min,oygmeb,vq_ctw,15,nearest,256.0,7.5,70.0,1.0,0.0,5.73562200130662,5.73562200130662
tol_7p5km_int_15min,oygmeb,vq_ctw,15,linear,512.0,7.5,2014.0,1.0,0.0,7.274642598657469,7.274642598657469
tol_7p5km_int_15min,oygmeb,vq_ctw,15,nearest,512.0,7.5,70.0,1.0,0.0,5.465971025064554,5.465971025064554
tol_7p5km_int_15min,oygmeb,vq_ctw,15,linear,1024.0,7.5,2014.0,1.0,0.0,7.285419694570629,7.285419694570629
tol_7p5km_int_15min,oygmeb,vq_ctw,15,nearest,1024.0,7.5,70.0,1.0,0.0,5.255131887768457,5.255131887768457
tol_7p5km_int_15min,oygvar,direct_ctw,15,linear,,7.5,1983.0,0.9536332382986096,0.4519078489929375,2.597104502395459,2.7779069123903586
tol_7p5km_int_15min,oygvar,markov_order_1,15,linear,,7.5,1983.0,0.9381688253770668,0.5762391483065024,2.597104502395459,2.7779069123903586
tol_7p5km_int_15min,oygvar,markov_order_2,15,linear,,7.5,1983.0,0.9341607616507148,0.6074277550393878,2.597104502395459,2.7779069123903586
tol_7p5km_int_15min,oygvar,vq_ctw,15,linear,256.0,7.5,1983.0,1.0,0.0,5.372011973180941,5.372011973180941
tol_7p5km_int_15min,oygvar,vq_ctw,15,linear,512.0,7.5,1983.0,1.0,0.0,5.354473964862612,5.354473964862612
tol_7p5km_int_15min,oygvar,vq_ctw,15,linear,1024.0,7.5,1983.0,1.0,0.0,5.350718744965276,5.350718744965276
tol_7p5km_int_15min,ubgiho,direct_ctw,15,linear,,7.5,2015.0,0.919297176674334,0.788383649471187,2.2884032243185533,2.5078370644048618
tol_7p5km_int_15min,ubgiho,direct_ctw,15,nearest,,7.5,35.0,0.878414806618064,0.6554855479359446,2.110906982800332,2.32015490308646
tol_7p5km_int_15min,ubgiho,markov_order_1,15,linear,,7.5,2015.0,0.883358973077663,1.0742428604654228,2.2884032243185533,2.5078370644048618
tol_7p5km_int_15min,ubgiho,markov_order_1,15,nearest,,7.5,35.0,0.820354480237525,0.8589464805688664,2.110906982800332,2.32015490308646
tol_7p5km_int_15min,ubgiho,markov_order_2,15,linear,,7.5,2015.0,0.8656230386688513,1.2082683110459074,2.2884032243185533,2.5078370644048618
tol_7p5km_int_15min,ubgiho,markov_order_2,15,nearest,,7.5,35.0,0.8057132399402032,0.9046401476247492,2.110906982800332,2.32015490308646
tol_7p5km_int_15min,ubgiho,vq_ctw,15,linear,256.0,7.5,2015.0,1.0,0.0,9.263569132560647,9.263569132560647
tol_7p5km_int_15min,ubgiho,vq_ctw,15,nearest,256.0,7.5,35.0,1.0,0.0,7.694855497315904,7.694855497315904
tol_7p5km_int_15min,ubgiho,vq_ctw,15,linear,512.0,7.5,2015.0,1.0,0.0,9.0963727046422,9.0963727046422
tol_7p5km_int_15min,ubgiho,vq_ctw,15,nearest,512.0,7.5,35.0,1.0,0.0,7.792050874046606,7.792050874046606
tol_7p5km_int_15min,ubgiho,vq_ctw,15,linear,1024.0,7.5,2015.0,1.0,0.0,9.091864728008584,9.091864728008584
tol_7p5km_int_15min,ubgiho,vq_ctw,15,nearest,1024.0,7.5,35.0,1.0,0.0,7.849009084421441,7.849009084421441
tol_7p5km_int_15min,ubjajo,direct_ctw,15,linear,,7.5,2015.0,0.945858192338182,0.5377340866240349,2.1996805589991126,2.373457105693952
tol_7p5km_int_15min,ubjajo,direct_ctw,15,nearest,,7.5,69.0,0.9537141653240152,0.3908545483419258,2.1353870541887536,2.303833383611797
tol_7p5km_int_15min,ubjajo,markov_order_1,15,linear,,7.5,2015.0,0.930297767859023,0.666059491225593,2.1996805589991126,2.373457105693952
tol_7p5km_int_15min,ubjajo,markov_order_1,15,nearest,,7.5,69.0,0.9385617421015772,0.4753921157295311,2.1353870541887536,2.303833383611797
tol_7p5km_int_15min,ubjajo,markov_order_2,15,linear,,7.5,2015.0,0.9220700078431692,0.7316508804710367,2.1996805589991126,2.373457105693952
tol_7p5km_int_15min,ubjajo,markov_order_2,15,nearest,,7.5,69.0,0.9284292857109244,0.5222868659014402,2.1353870541887536,2.303833383611797
tol_7p5km_int_15min,ubjajo,vq_ctw,15,linear,256.0,7.5,2015.0,1.0,0.0,5.631167421571649,5.631167421571649
tol_7p5km_int_15min,ubjajo,vq_ctw,15,nearest,256.0,7.5,69.0,1.0,0.0,5.310401175729337,5.310401175729337
tol_7p5km_int_15min,ubjajo,vq_ctw,15,linear,512.0,7.5,2015.0,1.0,0.0,5.381800574427203,5.381800574427203
tol_7p5km_int_15min,ubjajo,vq_ctw,15,nearest,512.0,7.5,69.0,1.0,0.0,5.825117561947385,5.825117561947385
tol_7p5km_int_15min,ubjajo,vq_ctw,15,linear,1024.0,7.5,2015.0,1.0,0.0,5.366022108398573,5.366022108398573
tol_7p5km_int_15min,ubjajo,vq_ctw,15,nearest,1024.0,7.5,69.0,1.0,0.0,5.6829275996977335,5.6829275996977335
tol_7p5km_int_15min,ubjaju,direct_ctw,15,linear,,7.5,1982.0,0.9492169473078432,0.465394540248261,2.072837197573773,2.266512851365252
tol_7p5km_int_15min,ubjaju,direct_ctw,15,nearest,,7.5,33.0,0.9999999999980904,0.3705620447248979,1.808465359152153,2.149196459778141
tol_7p5km_int_15min,ubjaju,markov_order_1,15,linear,,7.5,1982.0,0.9400649163281124,0.5345284951177501,2.072837197573773,2.266512851365252
tol_7p5km_int_15min,ubjaju,markov_order_1,15,nearest,,7.5,33.0,0.9999999999980904,0.456123019354563,1.808465359152153,2.149196459778141
tol_7p5km_int_15min,ubjaju,markov_order_2,15,linear,,7.5,1982.0,0.9353962436717144,0.5689475649440705,2.072837197573773,2.266512851365252
tol_7p5km_int_15min,ubjaju,markov_order_2,15,nearest,,7.5,33.0,0.9999999999980904,0.4109145171526087,1.808465359152153,2.149196459778141
tol_7p5km_int_15min,ubjaju,vq_ctw,15,linear,256.0,7.5,1982.0,1.0,0.0,5.218743284301092,5.218743284301092
tol_7p5km_int_15min,ubjaju,vq_ctw,15,nearest,256.0,7.5,33.0,1.0,0.0,6.427149757359384,6.427149757359384
tol_7p5km_int_15min,ubjaju,vq_ctw,15,linear,512.0,7.5,1982.0,1.0,0.0,4.944236306820348,4.944236306820348
tol_7p5km_int_15min,ubjaju,vq_ctw,15,nearest,512.0,7.5,33.0,1.0,0.0,6.461536448898892,6.461536448898892
tol_7p5km_int_15min,ubjaju,vq_ctw,15,linear,1024.0,7.5,1982.0,1.0,0.0,4.920959236085871,4.920959236085871
tol_7p5km_int_15min,ubjaju,vq_ctw,15,nearest,1024.0,7.5,33.0,1.0,0.0,8.368093275949843,8.368093275949843
tol_7p5km_int_15min,ubnank,direct_ctw,15,linear,,7.5,2015.0,0.93266954296182,0.64687892201274,2.1678004454309185,2.3961306418119
tol_7p5km_int_15min,ubnank,direct_ctw,15,nearest,,7.5,100.0,0.965883632434848,0.3242532029172582,2.159011052178095,2.340953450399866
tol_7p5km_int_15min,ubnank,markov_order_1,15,linear,,7.5,2015.0,0.9099082452586104,0.8261460942639076,2.1678004454309185,2.3961306418119
tol_7p5km_int_15min,ubnank,markov_order_1,15,nearest,,7.5,100.0,0.9538228207889388,0.4039404905526809,2.159011052178095,2.340953450399866
tol_7p5km_int_15min,ubnank,markov_order_2,15,linear,,7.5,2015.0,0.9057270234908243,0.858014907954269,2.1678004454309185,2.3961306418119
tol_7p5km_int_15min,ubnank,markov_order_2,15,nearest,,7.5,100.0,0.947400941179254,0.4460938885240786,2.159011052178095,2.340953450399866
tol_7p5km_int_15min,ubnank,vq_ctw,15,linear,256.0,7.5,2015.0,1.0,0.0,7.423550065394945,7.423550065394945
tol_7p5km_int_15min,ubnank,vq_ctw,15,nearest,256.0,7.5,100.0,1.0,0.0,5.774976815844804,5.774976815844804
tol_7p5km_int_15min,ubnank,vq_ctw,15,linear,512.0,7.5,2015.0,1.0,0.0,7.379601400900078,7.379601400900078
tol_7p5km_int_15min,ubnank,vq_ctw,15,nearest,512.0,7.5,100.0,1.0,0.0,6.08681774452234,6.08681774452234
tol_7p5km_int_15min,ubnank,vq_ctw,15,linear,1024.0,7.5,2015.0,1.0,0.0,7.3757452669044765,7.3757452669044765
tol_7p5km_int_15min,ubnank,vq_ctw,15,nearest,1024.0,7.5,100.0,1.0,0.0,6.143936470553342,6.143936470553342
tol_7p5km_int_15min,ubzach,direct_ctw,15,linear,,7.5,1722.0,0.9434822370813206,0.5089830920023185,2.249932188371547,2.435980182931397
tol_7p5km_int_15min,ubzach,direct_ctw,15,nearest,,7.5,154.0,0.910943040540474,0.5543796258717403,2.348232655568021,2.527314379022297
tol_7p5km_int_15min,ubzach,markov_order_1,15,linear,,7.5,1722.0,0.9300686843917486,0.6075898861933586,2.249932188371547,2.435980182931397
tol_7p5km_int_15min,ubzach,markov_order_1,15,nearest,,7.5,154.0,0.8604329095032287,0.7772067043202543,2.348232655568021,2.527314379022297
tol_7p5km_int_15min,ubzach,markov_order_2,15,linear,,7.5,1722.0,0.9241896457088542,0.6495025969839602,2.249932188371547,2.435980182931397
tol_7p5km_int_15min,ubzach,markov_order_2,15,nearest,,7.5,154.0,0.841971656698284,0.8508237019442353,2.348232655568021,2.527314379022297
tol_7p5km_int_15min,ubzach,vq_ctw,15,linear,256.0,7.5,1722.0,1.0,0.0,4.834269197338185,4.834269197338185
tol_7p5km_int_15min,ubzach,vq_ctw,15,nearest,256.0,7.5,154.0,1.0,0.0,5.364698193229901,5.364698193229901
tol_7p5km_int_15min,ubzach,vq_ctw,15,linear,512.0,7.5,1722.0,1.0,0.0,4.5632124631948425,4.5632124631948425
tol_7p5km_int_15min,ubzach,vq_ctw,15,nearest,512.0,7.5,154.0,1.0,0.0,6.2632383966001255,6.2632383966001255
tol_7p5km_int_15min,ubzach,vq_ctw,15,linear,1024.0,7.5,1722.0,1.0,0.0,4.549599358976771,4.549599358976771
tol_7p5km_int_15min,ubzach,vq_ctw,15,nearest,1024.0,7.5,154.0,1.0,0.0,6.078265273007133,6.078265273007133
tol_7p5km_int_15min,ucbiya,direct_ctw,15,linear,,7.5,2015.0,0.925517141498007,0.7145855971821563,2.208900861425568,2.4146725953413197
tol_7p5km_int_15min,ucbiya,direct_ctw,15,nearest,,7.5,45.0,0.9472595083634736,0.3506667267263036,2.389978716460211,2.5841422025024747
tol_7p5km_int_15min,ucbiya,markov_order_1,15,linear,,7.5,2015.0,0.89918158783905,0.9211773582324054,2.208900861425568,2.4146725953413197
tol_7p5km_int_15min,ucbiya,markov_order_1,15,nearest,,7.5,45.0,0.9242804691594456,0.4626336404876105,2.389978716460211,2.5841422025024747
tol_7p5km_int_15min,ucbiya,markov_order_2,15,linear,,7.5,2015.0,0.8911621383441706,0.9817556176070956,2.208900861425568,2.4146725953413197
tol_7p5km_int_15min,ucbiya,markov_order_2,15,nearest,,7.5,45.0,0.9219500074387472,0.473320662587081,2.389978716460211,2.5841422025024747
tol_7p5km_int_15min,ucbiya,vq_ctw,15,linear,256.0,7.5,2015.0,1.0,0.0,6.538954229153539,6.538954229153539
tol_7p5km_int_15min,ucbiya,vq_ctw,15,nearest,256.0,7.5,45.0,1.0,0.0,5.928932835500087,5.928932835500087
tol_7p5km_int_15min,ucbiya,vq_ctw,15,linear,512.0,7.5,2015.0,1.0,0.0,6.42188188687069,6.42188188687069
tol_7p5km_int_15min,ucbiya,vq_ctw,15,nearest,512.0,7.5,45.0,1.0,0.0,6.28294605871175,6.28294605871175
tol_7p5km_int_15min,ucbiya,vq_ctw,15,linear,1024.0,7.5,2015.0,1.0,0.0,6.422486083571346,6.422486083571346
tol_7p5km_int_15min,ucbiya,vq_ctw,15,nearest,1024.0,7.5,45.0,1.0,0.0,7.932155206366064,7.932155206366064
tol_7p5km_int_15min,ucdewy,direct_ctw,15,linear,,7.5,1258.0,0.9802510329163342,0.1992756378897739,2.112979760508694,2.3035830265887416
tol_7p5km_int_15min,ucdewy,direct_ctw,15,nearest,,7.5,239.0,0.9502679404650068,0.4032696841098984,2.115337297337607,2.300208409292705
tol_7p5km_int_15min,ucdewy,markov_order_1,15,linear,,7.5,1258.0,0.9742542486046268,0.2498234804832052,2.112979760508694,2.3035830265887416
tol_7p5km_int_15min,ucdewy,markov_order_1,15,nearest,,7.5,239.0,0.9300099066570257,0.5040075138946785,2.115337297337607,2.300208409292705
tol_7p5km_int_15min,ucdewy,markov_order_2,15,linear,,7.5,1258.0,0.9720163150477328,0.2681281495738408,2.112979760508694,2.3035830265887416
tol_7p5km_int_15min,ucdewy,markov_order_2,15,nearest,,7.5,239.0,0.922696680770249,0.5429850907776002,2.115337297337607,2.300208409292705
tol_7p5km_int_15min,ucdewy,vq_ctw,15,linear,256.0,7.5,1258.0,1.0,0.0,3.5228603930784845,3.5228603930784845
tol_7p5km_int_15min,ucdewy,vq_ctw,15,nearest,256.0,7.5,239.0,1.0,0.0,5.750177078590443,5.750177078590443
tol_7p5km_int_15min,ucdewy,vq_ctw,15,linear,512.0,7.5,1258.0,1.0,0.0,3.099405259140256,3.099405259140256
tol_7p5km_int_15min,ucdewy,vq_ctw,15,nearest,512.0,7.5,239.0,1.0,0.0,5.792740917383473,5.792740917383473
tol_7p5km_int_15min,ucdewy,vq_ctw,15,linear,1024.0,7.5,1258.0,1.0,0.0,3.069682345381623,3.069682345381623
tol_7p5km_int_15min,ucdewy,vq_ctw,15,nearest,1024.0,7.5,239.0,1.0,0.0,6.207638580059895,6.207638580059895
tol_7p5km_int_15min,ucgewf,direct_ctw,15,linear,,7.5,2015.0,0.9365269694817836,0.6154058644085295,2.188863906003748,2.388878416277985
tol_7p5km_int_15min,ucgewf,direct_ctw,15,nearest,,7.5,470.0,0.9497647785060532,0.4193213633200123,2.186341697204332,2.369889012858802
tol_7p5km_int_15min,ucgewf,markov_order_1,15,linear,,7.5,2015.0,0.9163443641728776,0.7764844967483971,2.188863906003748,2.388878416277985
tol_7p5km_int_15min,ucgewf,markov_order_1,15,nearest,,7.5,470.0,0.9276192047619704,0.5400939870219261,2.186341697204332,2.369889012858802
tol_7p5km_int_15min,ucgewf,markov_order_2,15,linear,,7.5,2015.0,0.9074646727814106,0.8448072970517531,2.188863906003748,2.388878416277985
tol_7p5km_int_15min,ucgewf,markov_order_2,15,nearest,,7.5,470.0,0.9200959395312212,0.5749838739595703,2.186341697204332,2.369889012858802
tol_7p5km_int_15min,ucgewf,vq_ctw,15,linear,256.0,7.5,2015.0,1.0,0.0,6.314278748567915,6.314278748567915
tol_7p5km_int_15min,ucgewf,vq_ctw,15,nearest,256.0,7.5,470.0,1.0,0.0,6.536852480507342,6.536852480507342
tol_7p5km_int_15min,ucgewf,vq_ctw,15,linear,512.0,7.5,2015.0,1.0,0.0,6.140321884245173,6.140321884245173
tol_7p5km_int_15min,ucgewf,vq_ctw,15,nearest,512.0,7.5,470.0,1.0,0.0,6.339565341015997,6.339565341015997
tol_7p5km_int_15min,ucgewf,vq_ctw,15,linear,1024.0,7.5,2015.0,1.0,0.0,6.133672568884117,6.133672568884117
tol_7p5km_int_15min,ucgewf,vq_ctw,15,nearest,1024.0,7.5,470.0,1.0,0.0,6.757680830639928,6.757680830639928
tol_7p5km_int_15min,uchjaf,direct_ctw,15,linear,,7.5,2012.0,0.9482370084870256,0.5211988221849787,2.0889547308564524,2.294060159358453
tol_7p5km_int_15min,uchjaf,direct_ctw,15,nearest,,7.5,179.0,0.9743220324297688,0.2928099540741267,2.047957381517778,2.206883310358868
tol_7p5km_int_15min,uchjaf,markov_order_1,15,linear,,7.5,2012.0,0.9300791142732616,0.6727430672260492,2.0889547308564524,2.294060159358453
tol_7p5km_int_15min,uchjaf,markov_order_1,15,nearest,,7.5,179.0,0.9620406903133945,0.3718132941598665,2.047957381517778,2.206883310358868
tol_7p5km_int_15min,uchjaf,markov_order_2,15,linear,,7.5,2012.0,0.9214075851478568,0.7424027863177743,2.0889547308564524,2.294060159358453
tol_7p5km_int_15min,uchjaf,markov_order_2,15,nearest,,7.5,179.0,0.9553919195691872,0.4088172423173295,2.047957381517778,2.206883310358868
tol_7p5km_int_15min,uchjaf,vq_ctw,15,linear,256.0,7.5,2012.0,1.0,0.0,5.866067497540754,5.866067497540754
tol_7p5km_int_15min,uchjaf,vq_ctw,15,nearest,256.0,7.5,179.0,1.0,0.0,6.072994743339654,6.072994743339654
tol_7p5km_int_15min,uchjaf,vq_ctw,15,linear,512.0,7.5,2012.0,1.0,0.0,5.665868273991675,5.665868273991675
tol_7p5km_int_15min,uchjaf,vq_ctw,15,nearest,512.0,7.5,179.0,1.0,0.0,5.852128595750019,5.852128595750019
tol_7p5km_int_15min,uchjaf,vq_ctw,15,linear,1024.0,7.5,2012.0,1.0,0.0,5.664492623670424,5.664492623670424
tol_7p5km_int_15min,uchjaf,vq_ctw,15,nearest,1024.0,7.5,179.0,1.0,0.0,6.063669611001461,6.063669611001461
tol_7p5km_int_15min,ucovla,direct_ctw,15,linear,,7.5,2014.0,0.9197508454372628,0.7660685164042753,2.2653594070742167,2.454698049260411
tol_7p5km_int_15min,ucovla,direct_ctw,15,nearest,,7.5,112.0,0.9061537299883424,0.6556870582788561,2.451723520356818,2.639081384493488
tol_7p5km_int_15min,ucovla,markov_order_1,15,linear,,7.5,2014.0,0.8945280470062539,0.963213988065908,2.2653594070742167,2.454698049260411
tol_7p5km_int_15min,ucovla,markov_order_1,15,nearest,,7.5,112.0,0.8119910826552229,1.0501051708522944,2.451723520356818,2.639081384493488
tol_7p5km_int_15min,ucovla,markov_order_2,15,linear,,7.5,2014.0,0.8816662305027063,1.059842433773172,2.2653594070742167,2.454698049260411
tol_7p5km_int_15min,ucovla,markov_order_2,15,nearest,,7.5,112.0,0.8106089271918019,1.0633412890443317,2.451723520356818,2.639081384493488
tol_7p5km_int_15min,ucovla,vq_ctw,15,linear,256.0,7.5,2014.0,1.0,0.0,6.749426208055976,6.749426208055976
tol_7p5km_int_15min,ucovla,vq_ctw,15,nearest,256.0,7.5,112.0,1.0,0.0,6.77357973531701,6.77357973531701
tol_7p5km_int_15min,ucovla,vq_ctw,15,linear,512.0,7.5,2014.0,1.0,0.0,6.676480153453328,6.676480153453328
tol_7p5km_int_15min,ucovla,vq_ctw,15,nearest,512.0,7.5,112.0,1.0,0.0,7.188350470657483,7.188350470657483
tol_7p5km_int_15min,ucovla,vq_ctw,15,linear,1024.0,7.5,2014.0,1.0,0.0,6.681339215859672,6.681339215859672
tol_7p5km_int_15min,ucovla,vq_ctw,15,nearest,1024.0,7.5,112.0,1.0,0.0,7.674710935466038,7.674710935466038
tol_7p5km_int_15min,ucvepn,direct_ctw,15,linear,,7.5,1973.0,0.931000323208584,0.6865083252744499,2.268758548642877,2.4722123769617395
tol_7p5km_int_15min,ucvepn,markov_order_1,15,linear,,7.5,1973.0,0.9033370484822744,0.91268562522937,2.268758548642877,2.4722123769617395
tol_7p5km_int_15min,ucvepn,markov_order_2,15,linear,,7.5,1973.0,0.8936241190814457,0.9889002137297996,2.268758548642877,2.4722123769617395
tol_7p5km_int_15min,ucvepn,vq_ctw,15,linear,256.0,7.5,1973.0,1.0,0.0,7.001819689129645,7.001819689129645
tol_7p5km_int_15min,ucvepn,vq_ctw,15,linear,512.0,7.5,1973.0,1.0,0.0,6.97582824533982,6.97582824533982
tol_7p5km_int_15min,ucvepn,vq_ctw,15,linear,1024.0,7.5,1973.0,1.0,0.0,6.976159335081943,6.976159335081943
tol_7p5km_int_15min,udguic,direct_ctw,15,linear,,7.5,2012.0,0.927569617429126,0.6769578632084333,2.3735251320090587,2.561223715364765
tol_7p5km_int_15min,udguic,markov_order_1,15,linear,,7.5,2012.0,0.9060602724776864,0.8412067833548522,2.3735251320090587,2.561223715364765
tol_7p5km_int_15min,udguic,markov_order_2,15,linear,,7.5,2012.0,0.8983946135259647,0.8977508304011547,2.3735251320090587,2.561223715364765
tol_7p5km_int_15min,udguic,vq_ctw,15,linear,256.0,7.5,2012.0,1.0,0.0,7.051490895917639,7.051490895917639
tol_7p5km_int_15min,udguic,vq_ctw,15,linear,512.0,7.5,2012.0,1.0,0.0,6.9153891115083415,6.9153891115083415
tol_7p5km_int_15min,udguic,vq_ctw,15,linear,1024.0,7.5,2012.0,1.0,0.0,6.902925821921753,6.902925821921753
tol_7p5km_int_15min,udthon,direct_ctw,15,linear,,7.5,1989.0,0.9546202355404604,0.4519245338973658,2.236217404810428,2.4207133889296024
tol_7p5km_int_15min,udthon,direct_ctw,15,nearest,,7.5,141.0,0.9594264285820128,0.3242890901695373,2.1673744661904637,2.3388329976723075
tol_7p5km_int_15min,udthon,markov_order_1,15,linear,,7.5,1989.0,0.9401825509549162,0.5712214336726983,2.236217404810428,2.4207133889296024
tol_7p5km_int_15min,udthon,markov_order_1,15,nearest,,7.5,141.0,0.9266305439688348,0.4898917524619638,2.1673744661904637,2.3388329976723075
tol_7p5km_int_15min,udthon,markov_order_2,15,linear,,7.5,1989.0,0.9339770025681406,0.6207703888648797,2.236217404810428,2.4207133889296024
tol_7p5km_int_15min,udthon,markov_order_2,15,nearest,,7.5,141.0,0.9262731981390055,0.4925493882153539,2.1673744661904637,2.3388329976723075
tol_7p5km_int_15min,udthon,vq_ctw,15,linear,256.0,7.5,1989.0,1.0,0.0,5.400589289123902,5.400589289123902
tol_7p5km_int_15min,udthon,vq_ctw,15,nearest,256.0,7.5,141.0,1.0,0.0,6.027089935230992,6.027089935230992
tol_7p5km_int_15min,udthon,vq_ctw,15,linear,512.0,7.5,1989.0,1.0,0.0,5.164260133317379,5.164260133317379
tol_7p5km_int_15min,udthon,vq_ctw,15,nearest,512.0,7.5,141.0,1.0,0.0,5.946264515045051,5.946264515045051
tol_7p5km_int_15min,udthon,vq_ctw,15,linear,1024.0,7.5,1989.0,1.0,0.0,5.148054024708535,5.148054024708535
tol_7p5km_int_15min,udthon,vq_ctw,15,nearest,1024.0,7.5,141.0,1.0,0.0,6.484604947413541,6.484604947413541
tol_7p5km_int_15min,udtiog,direct_ctw,15,linear,,7.5,2014.0,0.9320713624174912,0.641403074812067,2.225409893681539,2.4251499904687708
tol_7p5km_int_15min,udtiog,direct_ctw,15,nearest,,7.5,111.0,0.964532591822624,0.4628318809383434,2.314929393430819,2.4921844295803868
tol_7p5km_int_15min,udtiog,markov_order_1,15,linear,,7.5,2014.0,0.91420515914714,0.7800336078042235,2.225409893681539,2.4251499904687708
tol_7p5km_int_15min,udtiog,markov_order_1,15,nearest,,7.5,111.0,0.9483049736009846,0.5688809356842457,2.314929393430819,2.4921844295803868
tol_7p5km_int_15min,udtiog,markov_order_2,15,linear,,7.5,2014.0,0.904848990902892,0.8502059980506894,2.225409893681539,2.4251499904687708
tol_7p5km_int_15min,udtiog,markov_order_2,15,nearest,,7.5,111.0,0.934823397501498,0.6432821168290191,2.314929393430819,2.4921844295803868
tol_7p5km_int_15min,udtiog,vq_ctw,15,linear,256.0,7.5,2014.0,1.0,0.0,5.753604671243208,5.753604671243208
tol_7p5km_int_15min,udtiog,vq_ctw,15,nearest,256.0,7.5,111.0,1.0,0.0,6.343965477567309,6.343965477567309
tol_7p5km_int_15min,udtiog,vq_ctw,15,linear,512.0,7.5,2014.0,1.0,0.0,5.5415498666238,5.5415498666238
tol_7p5km_int_15min,udtiog,vq_ctw,15,nearest,512.0,7.5,111.0,1.0,0.0,6.374844211944011,6.374844211944011
tol_7p5km_int_15min,udtiog,vq_ctw,15,linear,1024.0,7.5,2014.0,1.0,0.0,5.536843752671121,5.536843752671121
tol_7p5km_int_15min,udtiog,vq_ctw,15,nearest,1024.0,7.5,111.0,1.0,0.0,6.667347597714756,6.667347597714756
tol_7p5km_int_15min,udveoy,direct_ctw,15,linear,,7.5,2012.0,0.9491640246115024,0.501919767247569,2.087616192069747,2.268785078649389
tol_7p5km_int_15min,udveoy,direct_ctw,15,nearest,,7.5,37.0,0.9999999999980904,0.1810161214860831,2.2162094023600853,2.307944764221045
tol_7p5km_int_15min,udveoy,markov_order_1,15,linear,,7.5,2012.0,0.9344334845946328,0.6225640167552754,2.087616192069747,2.268785078649389
tol_7p5km_int_15min,udveoy,markov_order_1,15,nearest,,7.5,37.0,0.9999999999980904,0.2088946589334873,2.2162094023600853,2.307944764221045
tol_7p5km_int_15min,udveoy,markov_order_2,15,linear,,7.5,2012.0,0.9273714158908298,0.6785130687935608,2.087616192069747,2.268785078649389
tol_7p5km_int_15min,udveoy,markov_order_2,15,nearest,,7.5,37.0,0.9999999999980904,0.2290186497473055,2.2162094023600853,2.307944764221045
tol_7p5km_int_15min,udveoy,vq_ctw,15,linear,256.0,7.5,2012.0,1.0,0.0,5.431346776997772,5.431346776997772
tol_7p5km_int_15min,udveoy,vq_ctw,15,nearest,256.0,7.5,37.0,1.0,0.0,5.963344043194682,5.963344043194682
tol_7p5km_int_15min,udveoy,vq_ctw,15,linear,512.0,7.5,2012.0,1.0,0.0,5.108168421609406,5.108168421609406
tol_7p5km_int_15min,udveoy,vq_ctw,15,nearest,512.0,7.5,37.0,1.0,0.0,5.711610830041687,5.711610830041687
tol_7p5km_int_15min,udveoy,vq_ctw,15,linear,1024.0,7.5,2012.0,1.0,0.0,5.08656138447806,5.08656138447806
tol_7p5km_int_15min,udveoy,vq_ctw,15,nearest,1024.0,7.5,37.0,1.0,0.0,6.440028018298123,6.440028018298123
tol_7p5km_int_15min,udwadl,direct_ctw,15,linear,,7.5,2015.0,0.953831919060578,0.4456689097442745,1.9369395979276671,2.1473683444106624
tol_7p5km_int_15min,udwadl,direct_ctw,15,nearest,,7.5,228.0,0.9101420398070872,0.5635859791523198,2.38284398105565,2.54630957641517
tol_7p5km_int_15min,udwadl,markov_order_1,15,linear,,7.5,2015.0,0.9418693236357544,0.5413033857043044,1.9369395979276671,2.1473683444106624
tol_7p5km_int_15min,udwadl,markov_order_1,15,nearest,,7.5,228.0,0.8656698556473261,0.7653690650741052,2.38284398105565,2.54630957641517
tol_7p5km_int_15min,udwadl,markov_order_2,15,linear,,7.5,2015.0,0.9362523370064452,0.5848554817422231,1.9369395979276671,2.1473683444106624
tol_7p5km_int_15min,udwadl,markov_order_2,15,nearest,,7.5,228.0,0.8534061946035413,0.8191611057192306,2.38284398105565,2.54630957641517
tol_7p5km_int_15min,udwadl,vq_ctw,15,linear,256.0,7.5,2015.0,1.0,0.0,5.460213128810365,5.460213128810365
tol_7p5km_int_15min,udwadl,vq_ctw,15,nearest,256.0,7.5,228.0,1.0,0.0,6.027252778851552,6.027252778851552
tol_7p5km_int_15min,udwadl,vq_ctw,15,linear,512.0,7.5,2015.0,1.0,0.0,5.167899121934903,5.167899121934903
tol_7p5km_int_15min,udwadl,vq_ctw,15,nearest,512.0,7.5,228.0,1.0,0.0,6.14233046721244,6.14233046721244
tol_7p5km_int_15min,udwadl,vq_ctw,15,linear,1024.0,7.5,2015.0,1.0,0.0,5.141165661424978,5.141165661424978
tol_7p5km_int_15min,udwadl,vq_ctw,15,nearest,1024.0,7.5,228.0,1.0,0.0,6.626299765654608,6.626299765654608
tol_7p5km_int_15min,udwebi,direct_ctw,15,linear,,7.5,1871.0,0.9722571519077624,0.2384285675477433,2.179333497972768,2.370805184080409
tol_7p5km_int_15min,udwebi,direct_ctw,15,nearest,,7.5,32.0,0.9999999999980904,0.2021677063765117,1.86773804685901,2.058311269862544
tol_7p5km_int_15min,udwebi,markov_order_1,15,linear,,7.5,1871.0,0.9643477643248652,0.2932941804069118,2.179333497972768,2.370805184080409
tol_7p5km_int_15min,udwebi,markov_order_1,15,nearest,,7.5,32.0,0.9999999999980904,0.2350043621959392,1.86773804685901,2.058311269862544
tol_7p5km_int_15min,udwebi,markov_order_2,15,linear,,7.5,1871.0,0.9679335255050054,0.2687844960883067,2.179333497972768,2.370805184080409
tol_7p5km_int_15min,udwebi,markov_order_2,15,nearest,,7.5,32.0,0.9999999999980904,0.2588092927641839,1.86773804685901,2.058311269862544
tol_7p5km_int_15min,udwebi,vq_ctw,15,linear,256.0,7.5,1871.0,1.0,0.0,4.822238098535659,4.822238098535659
tol_7p5km_int_15min,udwebi,vq_ctw,15,nearest,256.0,7.5,32.0,1.0,0.0,5.550482745268256,5.550482745268256
tol_7p5km_int_15min,udwebi,vq_ctw,15,linear,512.0,7.5,1871.0,1.0,0.0,4.662904266493417,4.662904266493417
tol_7p5km_int_15min,udwebi,vq_ctw,15,nearest,512.0,7.5,32.0,1.0,0.0,5.254982480002687,5.254982480002687
tol_7p5km_int_15min,udwebi,vq_ctw,15,linear,1024.0,7.5,1871.0,1.0,0.0,4.656935065392408,4.656935065392408
tol_7p5km_int_15min,udwebi,vq_ctw,15,nearest,1024.0,7.5,32.0,1.0,0.0,6.153236445497293,6.153236445497293
tol_7p5km_int_15min,udwiul,direct_ctw,15,linear,,7.5,2015.0,0.9423746424136218,0.5373456349992062,2.210112523438652,2.3970232971688565
tol_7p5km_int_15min,udwiul,direct_ctw,15,nearest,,7.5,33.0,0.9588285785275648,0.2888089943483477,2.4544293040860623,2.5864512412026217
tol_7p5km_int_15min,udwiul,markov_order_1,15,linear,,7.5,2015.0,0.9285377487531674,0.6434390984603409,2.210112523438652,2.3970232971688565
tol_7p5km_int_15min,udwiul,markov_order_1,15,nearest,,7.5,33.0,0.9100126848489694,0.5264147904443565,2.4544293040860623,2.5864512412026217
tol_7p5km_int_15min,udwiul,markov_order_2,15,linear,,7.5,2015.0,0.9217037142798952,0.6942491612421247,2.210112523438652,2.3970232971688565
tol_7p5km_int_15min,udwiul,markov_order_2,15,nearest,,7.5,33.0,0.9348329124323244,0.4127907393480507,2.4544293040860623,2.5864512412026217
tol_7p5km_int_15min,udwiul,vq_ctw,15,linear,256.0,7.5,2015.0,1.0,0.0,5.487762643876419,5.487762643876419
tol_7p5km_int_15min,udwiul,vq_ctw,15,nearest,256.0,7.5,33.0,1.0,0.0,6.767665097336955,6.767665097336955
tol_7p5km_int_15min,udwiul,vq_ctw,15,linear,512.0,7.5,2015.0,1.0,0.0,5.213158152902116,5.213158152902116
tol_7p5km_int_15min,udwiul,vq_ctw,15,nearest,512.0,7.5,33.0,1.0,0.0,6.060107604619992,6.060107604619992
tol_7p5km_int_15min,udwiul,vq_ctw,15,linear,1024.0,7.5,2015.0,1.0,0.0,5.194597123305402,5.194597123305402
tol_7p5km_int_15min,udwiul,vq_ctw,15,nearest,1024.0,7.5,33.0,1.0,0.0,6.759535068304459,6.759535068304459
tol_7p5km_int_15min,ufdoyn,direct_ctw,15,linear,,7.5,2015.0,0.911023632855264,0.8238562510871207,2.292228008604479,2.517378739067126
tol_7p5km_int_15min,ufdoyn,direct_ctw,15,nearest,,7.5,211.0,0.9179404572348062,0.5346683633345123,2.4437657531887496,2.6060647653054683
tol_7p5km_int_15min,ufdoyn,markov_order_1,15,linear,,7.5,2015.0,0.8801148167396279,1.0556045172819162,2.292228008604479,2.517378739067126
tol_7p5km_int_15min,ufdoyn,markov_order_1,15,nearest,,7.5,211.0,0.8726746272366882,0.7430025707498512,2.4437657531887496,2.6060647653054683
tol_7p5km_int_15min,ufdoyn,markov_order_2,15,linear,,7.5,2015.0,0.8699132293979224,1.1290584946868654,2.292228008604479,2.517378739067126
tol_7p5km_int_15min,ufdoyn,markov_order_2,15,nearest,,7.5,211.0,0.8729061102245758,0.741448343711388,2.4437657531887496,2.6060647653054683
tol_7p5km_int_15min,ufdoyn,vq_ctw,15,linear,256.0,7.5,2015.0,1.0,0.0,8.021109728984424,8.021109728984424
tol_7p5km_int_15min,ufdoyn,vq_ctw,15,nearest,256.0,7.5,211.0,1.0,0.0,6.786859069593428,6.786859069593428
tol_7p5km_int_15min,ufdoyn,vq_ctw,15,linear,512.0,7.5,2015.0,1.0,0.0,8.111560416804975,8.111560416804975
tol_7p5km_int_15min,ufdoyn,vq_ctw,15,nearest,512.0,7.5,211.0,1.0,0.0,7.477603012314512,7.477603012314512
tol_7p5km_int_15min,ufdoyn,vq_ctw,15,linear,1024.0,7.5,2015.0,1.0,0.0,8.124178331349597,8.124178331349597
tol_7p5km_int_15min,ufdoyn,vq_ctw,15,nearest,1024.0,7.5,211.0,1.0,0.0,7.314844420876736,7.314844420876736
tol_7p5km_int_15min,ugatna,direct_ctw,15,linear,,7.5,2014.0,0.9225352051426589,0.7573012257649427,2.13552345275085,2.34270286741951
tol_7p5km_int_15min,ugatna,direct_ctw,15,nearest,,7.5,484.0,0.943234247880422,0.4211702632472215,2.159061992612569,2.339116704199653
tol_7p5km_int_15min,ugatna,markov_order_1,15,linear,,7.5,2014.0,0.8945161821603801,0.9819619943669492,2.13552345275085,2.34270286741951
tol_7p5km_int_15min,ugatna,markov_order_1,15,nearest,,7.5,484.0,0.9240235337695052,0.5186467474766885,2.159061992612569,2.339116704199653
tol_7p5km_int_15min,ugatna,markov_order_2,15,linear,,7.5,2014.0,0.8797580668462296,1.0952458535524023,2.13552345275085,2.34270286741951
tol_7p5km_int_15min,ugatna,markov_order_2,15,nearest,,7.5,484.0,0.9173497527659888,0.5507143250448984,2.159061992612569,2.339116704199653
tol_7p5km_int_15min,ugatna,vq_ctw,15,linear,256.0,7.5,2014.0,1.0,0.0,6.799335034548651,6.799335034548651
tol_7p5km_int_15min,ugatna,vq_ctw,15,nearest,256.0,7.5,484.0,1.0,0.0,6.084292655229877,6.084292655229877
tol_7p5km_int_15min,ugatna,vq_ctw,15,linear,512.0,7.5,2014.0,1.0,0.0,6.659312935964651,6.659312935964651
tol_7p5km_int_15min,ugatna,vq_ctw,15,nearest,512.0,7.5,484.0,1.0,0.0,6.165642002736061,6.165642002736061
tol_7p5km_int_15min,ugatna,vq_ctw,15,linear,1024.0,7.5,2014.0,1.0,0.0,6.650932390773585,6.650932390773585
tol_7p5km_int_15min,ugatna,vq_ctw,15,nearest,1024.0,7.5,484.0,1.0,0.0,6.39090878098042,6.39090878098042
tol_7p5km_int_15min,ugdifb,direct_ctw,15,linear,,7.5,1969.0,0.9560488453416812,0.427461285730108,2.090309323738763,2.27230714191195
tol_7p5km_int_15min,ugdifb,markov_order_1,15,linear,,7.5,1969.0,0.943939854797485,0.5250432998841802,2.090309323738763,2.27230714191195
tol_7p5km_int_15min,ugdifb,markov_order_2,15,linear,,7.5,1969.0,0.9390749126605756,0.563069708288227,2.090309323738763,2.27230714191195
tol_7p5km_int_15min,ugdifb,vq_ctw,15,linear,256.0,7.5,1969.0,1.0,0.0,5.656392132569794,5.656392132569794
tol_7p5km_int_15min,ugdifb,vq_ctw,15,linear,512.0,7.5,1969.0,1.0,0.0,5.296840026199874,5.296840026199874
tol_7p5km_int_15min,ugdifb,vq_ctw,15,linear,1024.0,7.5,1969.0,1.0,0.0,5.270767949066917,5.270767949066917
tol_7p5km_int_15min,uggdye,direct_ctw,15,linear,,7.5,2015.0,0.947320910984687,0.5034817672372123,1.9446252785066007,2.144318627729024
tol_7p5km_int_15min,uggdye,direct_ctw,15,nearest,,7.5,65.0,0.9195098147871392,0.4965424002686829,2.223120046336661,2.415482365607831
tol_7p5km_int_15min,uggdye,markov_order_1,15,linear,,7.5,2015.0,0.9341864611188112,0.6072289994939558,1.9446252785066007,2.144318627729024
tol_7p5km_int_15min,uggdye,markov_order_1,15,nearest,,7.5,65.0,0.882196430759546,0.6640539003189599,2.223120046336661,2.415482365607831
tol_7p5km_int_15min,uggdye,markov_order_2,15,linear,,7.5,2015.0,0.9290141085939982,0.6469261921206133,1.9446252785066007,2.144318627729024
tol_7p5km_int_15min,uggdye,markov_order_2,15,nearest,,7.5,65.0,0.8756503991721422,0.690924704497211,2.223120046336661,2.415482365607831
tol_7p5km_int_15min,uggdye,vq_ctw,15,linear,256.0,7.5,2015.0,1.0,0.0,5.831283879156119,5.831283879156119
tol_7p5km_int_15min,uggdye,vq_ctw,15,nearest,256.0,7.5,65.0,1.0,0.0,5.95040165728465,5.95040165728465
tol_7p5km_int_15min,uggdye,vq_ctw,15,linear,512.0,7.5,2015.0,1.0,0.0,5.577899778718612,5.577899778718612
tol_7p5km_int_15min,uggdye,vq_ctw,15,nearest,512.0,7.5,65.0,1.0,0.0,6.257484292972874,6.257484292972874
tol_7p5km_int_15min,uggdye,vq_ctw,15,linear,1024.0,7.5,2015.0,1.0,0.0,5.55068033275637,5.55068033275637
tol_7p5km_int_15min,uggdye,vq_ctw,15,nearest,1024.0,7.5,65.0,1.0,0.0,6.267135025118207,6.267135025118207
tol_7p5km_int_15min,ugifma,direct_ctw,15,linear,,7.5,2015.0,0.8998352186164272,0.8701768462429842,2.438860167509544,2.648286064856168
tol_7p5km_int_15min,ugifma,direct_ctw,15,nearest,,7.5,115.0,0.8836021107963066,0.7662227818041242,2.46612161508688,2.6619810492489453
tol_7p5km_int_15min,ugifma,markov_order_1,15,linear,,7.5,2015.0,0.8738547721579181,1.0513517882412555,2.438860167509544,2.648286064856168
tol_7p5km_int_15min,ugifma,markov_order_1,15,nearest,,7.5,115.0,0.7915419085006189,1.1749870082348572,2.46612161508688,2.6619810492489453
tol_7p5km_int_15min,ugifma,markov_order_2,15,linear,,7.5,2015.0,0.8671501270720843,1.096601982031446,2.438860167509544,2.648286064856168
tol_7p5km_int_15min,ugifma,markov_order_2,15,nearest,,7.5,115.0,0.7796074735119144,1.2236362378286747,2.46612161508688,2.6619810492489453
tol_7p5km_int_15min,ugifma,vq_ctw,15,linear,256.0,7.5,2015.0,1.0,0.0,5.835476776688705,5.835476776688705
tol_7p5km_int_15min,ugifma,vq_ctw,15,nearest,256.0,7.5,115.0,1.0,0.0,7.5323745849118815,7.5323745849118815
tol_7p5km_int_15min,ugifma,vq_ctw,15,linear,512.0,7.5,2015.0,1.0,0.0,5.716198868096365,5.716198868096365
tol_7p5km_int_15min,ugifma,vq_ctw,15,nearest,512.0,7.5,115.0,1.0,0.0,8.068753993405725,8.068753993405725
tol_7p5km_int_15min,ugifma,vq_ctw,15,linear,1024.0,7.5,2015.0,1.0,0.0,5.695268104913937,5.695268104913937
tol_7p5km_int_15min,ugifma,vq_ctw,15,nearest,1024.0,7.5,115.0,1.0,0.0,8.819905110056219,8.819905110056219
tol_7p5km_int_15min,ugthfu,direct_ctw,15,linear,,7.5,1979.0,0.9589314405447938,0.4035328075628869,1.99104630577188,2.2263665256644423
tol_7p5km_int_15min,ugthfu,direct_ctw,15,nearest,,7.5,111.0,0.9336773684532792,0.5263270161531741,2.2832012176451943,2.461143545074024
tol_7p5km_int_15min,ugthfu,markov_order_1,15,linear,,7.5,1979.0,0.9470238349304207,0.50060649575847,1.99104630577188,2.2263665256644423
tol_7p5km_int_15min,ugthfu,markov_order_1,15,nearest,,7.5,111.0,0.9044680675483078,0.6651128186825915,2.2832012176451943,2.461143545074024
tol_7p5km_int_15min,ugthfu,markov_order_2,15,linear,,7.5,1979.0,0.9407439851484296,0.5500931490280211,1.99104630577188,2.2263665256644423
tol_7p5km_int_15min,ugthfu,markov_order_2,15,nearest,,7.5,111.0,0.9022129270293034,0.6613077062784621,2.2832012176451943,2.461143545074024
tol_7p5km_int_15min,ugthfu,vq_ctw,15,linear,256.0,7.5,1979.0,1.0,0.0,5.075130460030074,5.075130460030074
tol_7p5km_int_15min,ugthfu,vq_ctw,15,nearest,256.0,7.5,111.0,1.0,0.0,5.899414003781892,5.899414003781892
tol_7p5km_int_15min,ugthfu,vq_ctw,15,linear,512.0,7.5,1979.0,1.0,0.0,4.757153689368241,4.757153689368241
tol_7p5km_int_15min,ugthfu,vq_ctw,15,nearest,512.0,7.5,111.0,1.0,0.0,6.073811454742759,6.073811454742759
tol_7p5km_int_15min,ugthfu,vq_ctw,15,linear,1024.0,7.5,1979.0,1.0,0.0,4.731659781021119,4.731659781021119
tol_7p5km_int_15min,ugthfu,vq_ctw,15,nearest,1024.0,7.5,111.0,1.0,0.0,5.838406420952111,5.838406420952111
tol_7p5km_int_15min,ujhuki,direct_ctw,15,linear,,7.5,2014.0,0.9437970490826264,0.5628171088131244,2.211881035064191,2.41421686192739
tol_7p5km_int_15min,ujhuki,direct_ctw,15,nearest,,7.5,180.0,0.9284125044035764,0.4681964483310386,2.154842445266973,2.3672335172675965
tol_7p5km_int_15min,ujhuki,markov_order_1,15,linear,,7.5,2014.0,0.9247997693883608,0.7203871476675362,2.211881035064191,2.41421686192739
tol_7p5km_int_15min,ujhuki,markov_order_1,15,nearest,,7.5,180.0,0.8947959301087786,0.6166921004325562,2.154842445266973,2.3672335172675965
tol_7p5km_int_15min,ujhuki,markov_order_2,15,linear,,7.5,2014.0,0.9150233266401188,0.798424185966109,2.211881035064191,2.41421686192739
tol_7p5km_int_15min,ujhuki,markov_order_2,15,nearest,,7.5,180.0,0.8814183568866764,0.6742595760597518,2.154842445266973,2.3672335172675965
tol_7p5km_int_15min,ujhuki,vq_ctw,15,linear,256.0,7.5,2014.0,1.0,0.0,6.2963535859684665,6.2963535859684665
tol_7p5km_int_15min,ujhuki,vq_ctw,15,nearest,256.0,7.5,180.0,1.0,0.0,5.858261986185731,5.858261986185731
tol_7p5km_int_15min,ujhuki,vq_ctw,15,linear,512.0,7.5,2014.0,1.0,0.0,6.132201146068475,6.132201146068475
tol_7p5km_int_15min,ujhuki,vq_ctw,15,nearest,512.0,7.5,180.0,1.0,0.0,5.684136273047167,5.684136273047167
tol_7p5km_int_15min,ujhuki,vq_ctw,15,linear,1024.0,7.5,2014.0,1.0,0.0,6.12514307867043,6.12514307867043
tol_7p5km_int_15min,ujhuki,vq_ctw,15,nearest,1024.0,7.5,180.0,0.9999999999996074,0.0372088694165837,5.81566118500563,5.81566118500563
tol_7p5km_int_15min,ujkiwe,direct_ctw,15,linear,,7.5,1999.0,0.9471971046578044,0.518370314643071,2.1796872155068123,2.38777030081169
tol_7p5km_int_15min,ujkiwe,direct_ctw,15,nearest,,7.5,171.0,0.9342349586337952,0.3878237228915203,2.183245083496848,2.3400883892266213
tol_7p5km_int_15min,ujkiwe,markov_order_1,15,linear,,7.5,1999.0,0.9309905936961989,0.6499800772860422,2.1796872155068123,2.38777030081169
tol_7p5km_int_15min,ujkiwe,markov_order_1,15,nearest,,7.5,171.0,0.9003221810218228,0.5188174433854424,2.183245083496848,2.3400883892266213
tol_7p5km_int_15min,ujkiwe,markov_order_2,15,linear,,7.5,1999.0,0.9227637922441048,0.7144343248171934,2.1796872155068123,2.38777030081169
tol_7p5km_int_15min,ujkiwe,markov_order_2,15,nearest,,7.5,171.0,0.893554846700979,0.5460059319454016,2.183245083496848,2.3400883892266213
tol_7p5km_int_15min,ujkiwe,vq_ctw,15,linear,256.0,7.5,1999.0,1.0,0.0,5.846365154796942,5.846365154796942
tol_7p5km_int_15min,ujkiwe,vq_ctw,15,nearest,256.0,7.5,171.0,1.0,0.0,5.727395196570417,5.727395196570417
tol_7p5km_int_15min,ujkiwe,vq_ctw,15,linear,512.0,7.5,1999.0,1.0,0.0,5.653916578400695,5.653916578400695
tol_7p5km_int_15min,ujkiwe,vq_ctw,15,nearest,512.0,7.5,171.0,1.0,0.0,5.513211664720781,5.513211664720781
tol_7p5km_int_15min,ujkiwe,vq_ctw,15,linear,1024.0,7.5,1999.0,1.0,0.0,5.649852422457916,5.649852422457916
tol_7p5km_int_15min,ujkiwe,vq_ctw,15,nearest,1024.0,7.5,171.0,1.0,0.0,5.9450901282953845,5.9450901282953845
tol_7p5km_int_15min,ujnaww,direct_ctw,15,linear,,7.5,2015.0,0.9473901677402102,0.5319915094710367,2.1634019576851298,2.3737293099616865
tol_7p5km_int_15min,ujnaww,direct_ctw,15,nearest,,7.5,195.0,0.940485229584673,0.4190662627936219,2.1768074069087717,2.349774413610035
tol_7p5km_int_15min,ujnaww,markov_order_1,15,linear,,7.5,2015.0,0.9254425738463982,0.7151891426182511,2.1634019576851298,2.3737293099616865
tol_7p5km_int_15min,ujnaww,markov_order_1,15,nearest,,7.5,195.0,0.9099533085644848,0.5606332168378008,2.1768074069087717,2.349774413610035
tol_7p5km_int_15min,ujnaww,markov_order_2,15,linear,,7.5,2015.0,0.9175518373950416,0.7784191829514744,2.1634019576851298,2.3737293099616865
tol_7p5km_int_15min,ujnaww,markov_order_2,15,nearest,,7.5,195.0,0.8967187273342432,0.6152944781935844,2.1768074069087717,2.349774413610035
tol_7p5km_int_15min,ujnaww,vq_ctw,15,linear,256.0,7.5,2015.0,1.0,0.0,6.086430188118892,6.086430188118892
tol_7p5km_int_15min,ujnaww,vq_ctw,15,nearest,256.0,7.5,195.0,1.0,0.0,6.223708339028089,6.223708339028089
tol_7p5km_int_15min,ujnaww,vq_ctw,15,linear,512.0,7.5,2015.0,1.0,0.0,5.844600615582481,5.844600615582481
tol_7p5km_int_15min,ujnaww,vq_ctw,15,nearest,512.0,7.5,195.0,1.0,0.0,6.128896181115058,6.128896181115058
tol_7p5km_int_15min,ujnaww,vq_ctw,15,linear,1024.0,7.5,2015.0,1.0,0.0,5.817902085081245,5.817902085081245
tol_7p5km_int_15min,ujnaww,vq_ctw,15,nearest,1024.0,7.5,195.0,1.0,0.0,6.444481013587853,6.444481013587853
tol_7p5km_int_15min,ujtosh,direct_ctw,15,linear,,7.5,1380.0,0.9521344654485854,0.4428473052379053,2.211429746983128,2.4020803198905383
tol_7p5km_int_15min,ujtosh,direct_ctw,15,nearest,,7.5,226.0,0.9338206906261934,0.4715831029412249,2.323480296277234,2.51542892260308
tol_7p5km_int_15min,ujtosh,markov_order_1,15,linear,,7.5,1380.0,0.937283149482972,0.5551013552186022,2.211429746983128,2.4020803198905383
tol_7p5km_int_15min,ujtosh,markov_order_1,15,nearest,,7.5,226.0,0.8932701800790076,0.6498895041336139,2.323480296277234,2.51542892260308
tol_7p5km_int_15min,ujtosh,markov_order_2,15,linear,,7.5,1380.0,0.9341094221445432,0.5783414299464971,2.211429746983128,2.4020803198905383
tol_7p5km_int_15min,ujtosh,markov_order_2,15,nearest,,7.5,226.0,0.8829645446801305,0.6890673088601429,2.323480296277234,2.51542892260308
tol_7p5km_int_15min,ujtosh,vq_ctw,15,linear,256.0,7.5,1380.0,1.0,0.0,4.926228338850709,4.926228338850709
tol_7p5km_int_15min,ujtosh,vq_ctw,15,nearest,256.0,7.5,226.0,1.0,0.0,6.346802172682272,6.346802172682272
tol_7p5km_int_15min,ujtosh,vq_ctw,15,linear,512.0,7.5,1380.0,1.0,0.0,4.62343496185264,4.62343496185264
tol_7p5km_int_15min,ujtosh,vq_ctw,15,nearest,512.0,7.5,226.0,1.0,0.0,6.476923905923592,6.476923905923592
tol_7p5km_int_15min,ujtosh,vq_ctw,15,linear,1024.0,7.5,1380.0,1.0,0.0,4.594162877011663,4.594162877011663
tol_7p5km_int_15min,ujtosh,vq_ctw,15,nearest,1024.0,7.5,226.0,1.0,0.0,6.403719380156501,6.403719380156501
tol_7p5km_int_15min,ujtrud,direct_ctw,15,linear,,7.5,2015.0,0.9466363256206184,0.5272023325744369,2.2402287161044647,2.43413113798882
tol_7p5km_int_15min,ujtrud,direct_ctw,15,nearest,,7.5,180.0,0.9467595104353942,0.3440619615173344,2.299588651445549,2.444748403241695
tol_7p5km_int_15min,ujtrud,markov_order_1,15,linear,,7.5,2015.0,0.9253647865835452,0.7000329693654682,2.2402287161044647,2.43413113798882
tol_7p5km_int_15min,ujtrud,markov_order_1,15,nearest,,7.5,180.0,0.9264721696072497,0.4295855181349282,2.299588651445549,2.444748403241695
tol_7p5km_int_15min,ujtrud,markov_order_2,15,linear,,7.5,2015.0,0.917848652126014,0.7586875733686673,2.2402287161044647,2.43413113798882
tol_7p5km_int_15min,ujtrud,markov_order_2,15,nearest,,7.5,180.0,0.9252360733943722,0.4356017603909277,2.299588651445549,2.444748403241695
tol_7p5km_int_15min,ujtrud,vq_ctw,15,linear,256.0,7.5,2015.0,1.0,0.0,6.185924136693463,6.185924136693463
tol_7p5km_int_15min,ujtrud,vq_ctw,15,nearest,256.0,7.5,180.0,1.0,0.0,6.088336354908103,6.088336354908103
tol_7p5km_int_15min,ujtrud,vq_ctw,15,linear,512.0,7.5,2015.0,1.0,0.0,5.999905247734856,5.999905247734856
tol_7p5km_int_15min,ujtrud,vq_ctw,15,nearest,512.0,7.5,180.0,1.0,0.0,5.878510553792084,5.878510553792084
tol_7p5km_int_15min,ujtrud,vq_ctw,15,linear,1024.0,7.5,2015.0,1.0,0.0,5.992282811964796,5.992282811964796
tol_7p5km_int_15min,ujtrud,vq_ctw,15,nearest,1024.0,7.5,180.0,1.0,0.0,6.5515065211840335,6.5515065211840335
tol_7p5km_int_15min,ukgoaf,direct_ctw,15,linear,,7.5,2013.0,0.9340434728065208,0.6742911791715579,1.9512631212928335,2.1939432852534617
tol_7p5km_int_15min,ukgoaf,direct_ctw,15,nearest,,7.5,145.0,0.9469314117084054,0.353233603213028,2.1637689300580814,2.324238733065513
tol_7p5km_int_15min,ukgoaf,markov_order_1,15,linear,,7.5,2013.0,0.9070439765920172,0.902385459904454,1.9512631212928335,2.1939432852534617
tol_7p5km_int_15min,ukgoaf,markov_order_1,15,nearest,,7.5,145.0,0.9264804624949868,0.4493925362890359,2.1637689300580814,2.324238733065513
tol_7p5km_int_15min,ukgoaf,markov_order_2,15,linear,,7.5,2013.0,0.8951265912611517,0.9988586030604504,1.9512631212928335,2.1939432852534617
tol_7p5km_int_15min,ukgoaf,markov_order_2,15,nearest,,7.5,145.0,0.918067984871236,0.4871429514499392,2.1637689300580814,2.324238733065513
tol_7p5km_int_15min,ukgoaf,vq_ctw,15,linear,256.0,7.5,2013.0,1.0,0.0,7.280805991719141,7.280805991719141
tol_7p5km_int_15min,ukgoaf,vq_ctw,15,nearest,256.0,7.5,145.0,1.0,0.0,6.596411157280352,6.596411157280352
tol_7p5km_int_15min,ukgoaf,vq_ctw,15,linear,512.0,7.5,2013.0,1.0,0.0,7.168932441977361,7.168932441977361
tol_7p5km_int_15min,ukgoaf,vq_ctw,15,nearest,512.0,7.5,145.0,1.0,0.0,6.462975442181641,6.462975442181641
tol_7p5km_int_15min,ukgoaf,vq_ctw,15,linear,1024.0,7.5,2013.0,1.0,0.0,7.160868441244361,7.160868441244361
tol_7p5km_int_15min,ukgoaf,vq_ctw,15,nearest,1024.0,7.5,145.0,1.0,0.0,6.058762255547426,6.058762255547426
tol_7p5km_int_15min,uklsdr,direct_ctw,15,linear,,7.5,2015.0,0.9461075428398718,0.5645157206412997,2.0596640902474164,2.270139984805099
tol_7p5km_int_15min,uklsdr,direct_ctw,15,nearest,,7.5,229.0,0.9638933140113032,0.3922563937795783,2.0590787757244597,2.2705168738727504
tol_7p5km_int_15min,uklsdr,markov_order_1,15,linear,,7.5,2015.0,0.9238115415637984,0.7587265685362815,2.0596640902474164,2.270139984805099
tol_7p5km_int_15min,uklsdr,markov_order_1,15,nearest,,7.5,229.0,0.9354634660480818,0.5460892413964654,2.0590787757244597,2.2705168738727504
tol_7p5km_int_15min,uklsdr,markov_order_2,15,linear,,7.5,2015.0,0.9116102251856272,0.86046798092469,2.0596640902474164,2.270139984805099
tol_7p5km_int_15min,uklsdr,markov_order_2,15,nearest,,7.5,229.0,0.9365980097508648,0.5510272697770187,2.0590787757244597,2.2705168738727504
tol_7p5km_int_15min,uklsdr,vq_ctw,15,linear,256.0,7.5,2015.0,1.0,0.0,6.793175710077666,6.793175710077666
tol_7p5km_int_15min,uklsdr,vq_ctw,15,nearest,256.0,7.5,229.0,1.0,0.0,5.842488125354569,5.842488125354569
tol_7p5km_int_15min,uklsdr,vq_ctw,15,linear,512.0,7.5,2015.0,1.0,0.0,6.619231150557687,6.619231150557687
tol_7p5km_int_15min,uklsdr,vq_ctw,15,nearest,512.0,7.5,229.0,1.0,0.0,5.87938959800806,5.87938959800806
tol_7p5km_int_15min,uklsdr,vq_ctw,15,linear,1024.0,7.5,2015.0,1.0,0.0,6.613206244469767,6.613206244469767
tol_7p5km_int_15min,uklsdr,vq_ctw,15,nearest,1024.0,7.5,229.0,1.0,0.0,6.213880177260684,6.213880177260684
tol_7p5km_int_15min,uljior,direct_ctw,15,linear,,7.5,2015.0,0.9647188987428108,0.3580605441571075,2.119448440139689,2.288117660776181
tol_7p5km_int_15min,uljior,direct_ctw,15,nearest,,7.5,84.0,0.9479860019406569,0.3537979860220223,2.047001270791211,2.261291324201269
tol_7p5km_int_15min,uljior,markov_order_1,15,linear,,7.5,2015.0,0.9524686697104744,0.461515904476209,2.119448440139689,2.288117660776181
tol_7p5km_int_15min,uljior,markov_order_1,15,nearest,,7.5,84.0,0.9196700907492422,0.5031785390039114,2.047001270791211,2.261291324201269
tol_7p5km_int_15min,uljior,markov_order_2,15,linear,,7.5,2015.0,0.947378349489569,0.5030178781397742,2.119448440139689,2.288117660776181
tol_7p5km_int_15min,uljior,markov_order_2,15,nearest,,7.5,84.0,0.9241104351418824,0.483404683592757,2.047001270791211,2.261291324201269
tol_7p5km_int_15min,uljior,vq_ctw,15,linear,256.0,7.5,2015.0,1.0,0.0,5.050280600013255,5.050280600013255
tol_7p5km_int_15min,uljior,vq_ctw,15,nearest,256.0,7.5,84.0,1.0,0.0,7.693392943889488,7.693392943889488
tol_7p5km_int_15min,uljior,vq_ctw,15,linear,512.0,7.5,2015.0,1.0,0.0,4.805454254996775,4.805454254996775
tol_7p5km_int_15min,uljior,vq_ctw,15,nearest,512.0,7.5,84.0,1.0,0.0,7.90035316199836,7.90035316199836
tol_7p5km_int_15min,uljior,vq_ctw,15,linear,1024.0,7.5,2015.0,1.0,0.0,4.786463189217724,4.786463189217724
tol_7p5km_int_15min,uljior,vq_ctw,15,nearest,1024.0,7.5,84.0,1.0,0.0,8.368450485808703,8.368450485808703
tol_7p5km_int_15min,umhenw,direct_ctw,15,linear,,7.5,2015.0,0.9227462761037444,0.7263128512569929,2.427689461839892,2.613589239582903
tol_7p5km_int_15min,umhenw,direct_ctw,15,nearest,,7.5,74.0,0.953990052999454,0.5330005066101503,1.91429653811012,2.1156126099554773
tol_7p5km_int_15min,umhenw,markov_order_1,15,linear,,7.5,2015.0,0.900620671075666,0.8965353333116767,2.427689461839892,2.613589239582903
tol_7p5km_int_15min,umhenw,markov_order_1,15,nearest,,7.5,74.0,0.926067732251164,0.6717155547935745,1.91429653811012,2.1156126099554773
tol_7p5km_int_15min,umhenw,markov_order_2,15,linear,,7.5,2015.0,0.8910726522436926,0.9674481778599874,2.427689461839892,2.613589239582903
tol_7p5km_int_15min,umhenw,markov_order_2,15,nearest,,7.5,74.0,0.9273085046146524,0.6708217654698756,1.91429653811012,2.1156126099554773
tol_7p5km_int_15min,umhenw,vq_ctw,15,linear,256.0,7.5,2015.0,1.0,0.0,6.711732615218008,6.711732615218008
tol_7p5km_int_15min,umhenw,vq_ctw,15,nearest,256.0,7.5,74.0,1.0,0.0,5.642157861724694,5.642157861724694
tol_7p5km_int_15min,umhenw,vq_ctw,15,linear,512.0,7.5,2015.0,1.0,0.0,6.748541939402658,6.748541939402658
tol_7p5km_int_15min,umhenw,vq_ctw,15,nearest,512.0,7.5,74.0,1.0,0.0,5.75032260853512,5.75032260853512
tol_7p5km_int_15min,umhenw,vq_ctw,15,linear,1024.0,7.5,2015.0,1.0,0.0,6.762994532386503,6.762994532386503
tol_7p5km_int_15min,umhenw,vq_ctw,15,nearest,1024.0,7.5,74.0,1.0,0.0,6.30334197982581,6.30334197982581
tol_7p5km_int_15min,umsmth,direct_ctw,15,linear,,7.5,2015.0,0.949101066099513,0.5064183421809679,2.135464051315506,2.3273328689131416
tol_7p5km_int_15min,umsmth,direct_ctw,15,nearest,,7.5,204.0,0.960829930434397,0.3558289360331579,2.271656214693283,2.4123499106735324
tol_7p5km_int_15min,umsmth,markov_order_1,15,linear,,7.5,2015.0,0.9338527846839916,0.6323670395537916,2.135464051315506,2.3273328689131416
tol_7p5km_int_15min,umsmth,markov_order_1,15,nearest,,7.5,204.0,0.943975578615868,0.4567994723694452,2.271656214693283,2.4123499106735324
tol_7p5km_int_15min,umsmth,markov_order_2,15,linear,,7.5,2015.0,0.925068085284752,0.7023700635066502,2.135464051315506,2.3273328689131416
tol_7p5km_int_15min,umsmth,markov_order_2,15,nearest,,7.5,204.0,0.9381070167422736,0.4803702094165173,2.271656214693283,2.4123499106735324
tol_7p5km_int_15min,umsmth,vq_ctw,15,linear,256.0,7.5,2015.0,1.0,0.0,5.514701701143961,5.514701701143961
tol_7p5km_int_15min,umsmth,vq_ctw,15,nearest,256.0,7.5,204.0,1.0,0.0,5.783683661911357,5.783683661911357
tol_7p5km_int_15min,umsmth,vq_ctw,15,linear,512.0,7.5,2015.0,1.0,0.0,5.199103155649541,5.199103155649541
tol_7p5km_int_15min,umsmth,vq_ctw,15,nearest,512.0,7.5,204.0,1.0,0.0,5.981871475732592,5.981871475732592
tol_7p5km_int_15min,umsmth,vq_ctw,15,linear,1024.0,7.5,2015.0,1.0,0.0,5.1799584572462845,5.1799584572462845
tol_7p5km_int_15min,umsmth,vq_ctw,15,nearest,1024.0,7.5,204.0,1.0,0.0,6.201803972968253,6.201803972968253
tol_7p5km_int_15min,umvohu,direct_ctw,15,linear,,7.5,2015.0,0.9426584294988304,0.5686626592414831,2.150725676644248,2.350061056767368
tol_7p5km_int_15min,umvohu,direct_ctw,15,nearest,,7.5,268.0,0.9187679861440357,0.4913750398100577,2.1644878476545366,2.367706666920496
tol_7p5km_int_15min,umvohu,markov_order_1,15,linear,,7.5,2015.0,0.9263627915634628,0.7027906927864436,2.150725676644248,2.350061056767368
tol_7p5km_int_15min,umvohu,markov_order_1,15,nearest,,7.5,268.0,0.8921795228340442,0.6058956323726358,2.1644878476545366,2.367706666920496
tol_7p5km_int_15min,umvohu,markov_order_2,15,linear,,7.5,2015.0,0.9174136343054508,0.7739730164543885,2.150725676644248,2.350061056767368
tol_7p5km_int_15min,umvohu,markov_order_2,15,nearest,,7.5,268.0,0.8782012040112005,0.6609129853374607,2.1644878476545366,2.367706666920496
tol_7p5km_int_15min,umvohu,vq_ctw,15,linear,256.0,7.5,2015.0,1.0,0.0,5.418272575105037,5.418272575105037
tol_7p5km_int_15min,umvohu,vq_ctw,15,nearest,256.0,7.5,268.0,1.0,0.0,5.546490303576756,5.546490303576756
tol_7p5km_int_15min,umvohu,vq_ctw,15,linear,512.0,7.5,2015.0,1.0,0.0,5.181061839976939,5.181061839976939
tol_7p5km_int_15min,umvohu,vq_ctw,15,nearest,512.0,7.5,268.0,1.0,0.0,5.447458265758041,5.447458265758041
tol_7p5km_int_15min,umvohu,vq_ctw,15,linear,1024.0,7.5,2015.0,1.0,0.0,5.164104605775771,5.164104605775771
tol_7p5km_int_15min,umvohu,vq_ctw,15,nearest,1024.0,7.5,268.0,1.0,0.0,5.951409172010559,5.951409172010559
tol_7p5km_int_15min,unquek,direct_ctw,15,linear,,7.5,2015.0,0.9445004576837368,0.5603700521794645,2.1723746959953774,2.3637577857263223
tol_7p5km_int_15min,unquek,direct_ctw,15,nearest,,7.5,214.0,0.9207368851496106,0.5443575013319161,2.387892200538115,2.5525559540999243
tol_7p5km_int_15min,unquek,markov_order_1,15,linear,,7.5,2015.0,0.9235759612338994,0.7351608697866158,2.1723746959953774,2.3637577857263223
tol_7p5km_int_15min,unquek,markov_order_1,15,nearest,,7.5,214.0,0.8706575858648834,0.7656582378456853,2.387892200538115,2.5525559540999243
tol_7p5km_int_15min,unquek,markov_order_2,15,linear,,7.5,2015.0,0.9151148451774924,0.8031459143284434,2.1723746959953774,2.3637577857263223
tol_7p5km_int_15min,unquek,markov_order_2,15,nearest,,7.5,214.0,0.8619158726645174,0.8025836245431884,2.387892200538115,2.5525559540999243
tol_7p5km_int_15min,unquek,vq_ctw,15,linear,256.0,7.5,2015.0,1.0,0.0,6.544816624481864,6.544816624481864
tol_7p5km_int_15min,unquek,vq_ctw,15,nearest,256.0,7.5,214.0,1.0,0.0,6.61517485249484,6.61517485249484
tol_7p5km_int_15min,unquek,vq_ctw,15,linear,512.0,7.5,2015.0,1.0,0.0,6.409935007688282,6.409935007688282
tol_7p5km_int_15min,unquek,vq_ctw,15,nearest,512.0,7.5,214.0,1.0,0.0,6.559145442448424,6.559145442448424
tol_7p5km_int_15min,unquek,vq_ctw,15,linear,1024.0,7.5,2015.0,1.0,0.0,6.3968435870928815,6.3968435870928815
tol_7p5km_int_15min,unquek,vq_ctw,15,nearest,1024.0,7.5,214.0,1.0,0.0,7.346123928501771,7.346123928501771
tol_7p5km_int_15min,unwrai,direct_ctw,15,linear,,7.5,509.0,0.8867717641398026,0.91549613219375,2.474843958156709,2.656741014175413
tol_7p5km_int_15min,unwrai,direct_ctw,15,nearest,,7.5,33.0,0.9337056593495128,0.4182344884020127,2.1813455630169454,2.392516170376634
tol_7p5km_int_15min,unwrai,markov_order_1,15,linear,,7.5,509.0,0.829877994837511,1.2678648077832428,2.474843958156709,2.656741014175413
tol_7p5km_int_15min,unwrai,markov_order_1,15,nearest,,7.5,33.0,0.9100126848489694,0.5264147904443568,2.1813455630169454,2.392516170376634
tol_7p5km_int_15min,unwrai,markov_order_2,15,linear,,7.5,509.0,0.8223605841333584,1.3117162860277427,2.474843958156709,2.656741014175413
tol_7p5km_int_15min,unwrai,markov_order_2,15,nearest,,7.5,33.0,0.8983229427823282,0.5759663651201125,2.1813455630169454,2.392516170376634
tol_7p5km_int_15min,unwrai,vq_ctw,15,linear,256.0,7.5,509.0,1.0,0.0,8.832620809416099,8.832620809416099
tol_7p5km_int_15min,unwrai,vq_ctw,15,nearest,256.0,7.5,33.0,1.0,0.0,6.033527191439092,6.033527191439092
tol_7p5km_int_15min,unwrai,vq_ctw,15,linear,512.0,7.5,509.0,1.0,0.0,9.032307678379746,9.032307678379746
tol_7p5km_int_15min,unwrai,vq_ctw,15,nearest,512.0,7.5,33.0,1.0,0.0,5.547654003190667,5.547654003190667
tol_7p5km_int_15min,unwrai,vq_ctw,15,linear,1024.0,7.5,509.0,1.0,0.0,9.04995707981196,9.04995707981196
tol_7p5km_int_15min,unwrai,vq_ctw,15,nearest,1024.0,7.5,33.0,1.0,0.0,5.812672715030832,5.812672715030832
tol_7p5km_int_15min,upchim,direct_ctw,15,linear,,7.5,2014.0,0.9434156115449012,0.5231213954768599,2.0093760205689226,2.220391399708167
tol_7p5km_int_15min,upchim,direct_ctw,15,nearest,,7.5,79.0,0.9492222690481564,0.6545592547205286,2.09402910050115,2.3299309328787303
tol_7p5km_int_15min,upchim,markov_order_1,15,linear,,7.5,2014.0,0.9307034522344592,0.6197207024559201,2.0093760205689226,2.220391399708167
tol_7p5km_int_15min,upchim,markov_order_1,15,nearest,,7.5,79.0,0.9224172674306946,0.8029996846121632,2.09402910050115,2.3299309328787303
tol_7p5km_int_15min,upchim,markov_order_2,15,linear,,7.5,2014.0,0.9273922482962554,0.6442613742181075,2.0093760205689226,2.220391399708167
tol_7p5km_int_15min,upchim,markov_order_2,15,nearest,,7.5,79.0,0.916732999188368,0.8303224779674339,2.09402910050115,2.3299309328787303
tol_7p5km_int_15min,upchim,vq_ctw,15,linear,256.0,7.5,2014.0,1.0,0.0,5.803116094102738,5.803116094102738
tol_7p5km_int_15min,upchim,vq_ctw,15,nearest,256.0,7.5,79.0,1.0,0.0,6.08032234679895,6.08032234679895
tol_7p5km_int_15min,upchim,vq_ctw,15,linear,512.0,7.5,2014.0,1.0,0.0,5.553824678305734,5.553824678305734
tol_7p5km_int_15min,upchim,vq_ctw,15,nearest,512.0,7.5,79.0,1.0,0.0,6.314425596752943,6.314425596752943
tol_7p5km_int_15min,upchim,vq_ctw,15,linear,1024.0,7.5,2014.0,1.0,0.0,5.533949069537028,5.533949069537028
tol_7p5km_int_15min,upchim,vq_ctw,15,nearest,1024.0,7.5,79.0,1.0,0.0,5.386095170444148,5.386095170444148
tol_7p5km_int_15min,upsjav,direct_ctw,15,linear,,7.5,2015.0,0.9659895839858794,0.3469963331402519,1.871802906109367,2.0634725006915917
tol_7p5km_int_15min,upsjav,direct_ctw,15,nearest,,7.5,245.0,0.9764813365570156,0.1873627063020362,1.9896538393629504,2.142752563684481
tol_7p5km_int_15min,upsjav,markov_order_1,15,linear,,7.5,2015.0,0.9575546620462716,0.4192230635476621,1.871802906109367,2.0634725006915917
tol_7p5km_int_15min,upsjav,markov_order_1,15,nearest,,7.5,245.0,0.9632282828033152,0.2589184894624312,1.9896538393629504,2.142752563684481
tol_7p5km_int_15min,upsjav,markov_order_2,15,linear,,7.5,2015.0,0.952654568448456,0.4599851070402949,1.871802906109367,2.0634725006915917
tol_7p5km_int_15min,upsjav,markov_order_2,15,nearest,,7.5,245.0,0.9646203508632704,0.2559528206943138,1.9896538393629504,2.142752563684481
tol_7p5km_int_15min,upsjav,vq_ctw,15,linear,256.0,7.5,2015.0,1.0,0.0,5.539555623173015,5.539555623173015
tol_7p5km_int_15min,upsjav,vq_ctw,15,nearest,256.0,7.5,245.0,1.0,0.0,6.079890157522498,6.079890157522498
tol_7p5km_int_15min,upsjav,vq_ctw,15,linear,512.0,7.5,2015.0,1.0,0.0,5.139864694321022,5.139864694321022
tol_7p5km_int_15min,upsjav,vq_ctw,15,nearest,512.0,7.5,245.0,1.0,0.0,5.818650376340006,5.818650376340006
tol_7p5km_int_15min,upsjav,vq_ctw,15,linear,1024.0,7.5,2015.0,1.0,0.0,5.105896351776467,5.105896351776467
tol_7p5km_int_15min,upsjav,vq_ctw,15,nearest,1024.0,7.5,245.0,1.0,0.0,5.786897967700752,5.786897967700752
tol_7p5km_int_15min,upthin,direct_ctw,15,linear,,7.5,2003.0,0.9715953745171308,0.288156445025383,1.9804884766738724,2.1814616522247654
tol_7p5km_int_15min,upthin,markov_order_1,15,linear,,7.5,2003.0,0.962981274816213,0.3611628049904092,1.9804884766738724,2.1814616522247654
tol_7p5km_int_15min,upthin,markov_order_2,15,linear,,7.5,2003.0,0.9597721294548948,0.3875514006942775,1.9804884766738724,2.1814616522247654
tol_7p5km_int_15min,upthin,vq_ctw,15,linear,256.0,7.5,2003.0,1.0,0.0,5.022736650287123,5.022736650287123
tol_7p5km_int_15min,upthin,vq_ctw,15,linear,512.0,7.5,2003.0,1.0,0.0,4.625574031209359,4.625574031209359
tol_7p5km_int_15min,upthin,vq_ctw,15,linear,1024.0,7.5,2003.0,1.0,0.0,4.587182267590992,4.587182267590992
tol_7p5km_int_15min,urfhod,direct_ctw,15,linear,,7.5,1862.0,0.8920757269071489,0.9520775045934312,2.275982418638819,2.484697460963336
tol_7p5km_int_15min,urfhod,direct_ctw,15,nearest,,7.5,76.0,0.863302967369467,0.8472197573335486,2.244455208257914,2.440483427007241
tol_7p5km_int_15min,urfhod,markov_order_1,15,linear,,7.5,1862.0,0.8614783327495434,1.168784060518013,2.275982418638819,2.484697460963336
tol_7p5km_int_15min,urfhod,markov_order_1,15,nearest,,7.5,76.0,0.7693920518468432,1.2288378520795182,2.244455208257914,2.440483427007241
tol_7p5km_int_15min,urfhod,markov_order_2,15,linear,,7.5,1862.0,0.8523363666892921,1.231226941060463,2.275982418638819,2.484697460963336
tol_7p5km_int_15min,urfhod,markov_order_2,15,nearest,,7.5,76.0,0.7573059025540164,1.2748069321471822,2.244455208257914,2.440483427007241
tol_7p5km_int_15min,urfhod,vq_ctw,15,linear,256.0,7.5,1862.0,1.0,0.0,6.742284055794203,6.742284055794203
tol_7p5km_int_15min,urfhod,vq_ctw,15,nearest,256.0,7.5,76.0,1.0,0.0,6.330349322896757,6.330349322896757
tol_7p5km_int_15min,urfhod,vq_ctw,15,linear,512.0,7.5,1862.0,1.0,0.0,6.73296113008412,6.73296113008412
tol_7p5km_int_15min,urfhod,vq_ctw,15,nearest,512.0,7.5,76.0,1.0,0.0,7.535937913568459,7.535937913568459
tol_7p5km_int_15min,urfhod,vq_ctw,15,linear,1024.0,7.5,1862.0,1.0,0.0,6.720951961488119,6.720951961488119
tol_7p5km_int_15min,urfhod,vq_ctw,15,nearest,1024.0,7.5,76.0,1.0,0.0,7.269208768571546,7.269208768571546
tol_7p5km_int_15min,usadri,direct_ctw,15,linear,,7.5,2010.0,0.964059255841657,0.3760342189836302,2.260164737494339,2.4856949063524074
tol_7p5km_int_15min,usadri,markov_order_1,15,linear,,7.5,2010.0,0.94637070703813,0.5294316747596317,2.260164737494339,2.4856949063524074
tol_7p5km_int_15min,usadri,markov_order_2,15,linear,,7.5,2010.0,0.940395210432172,0.5790709052522672,2.260164737494339,2.4856949063524074
tol_7p5km_int_15min,usadri,vq_ctw,15,linear,256.0,7.5,2010.0,1.0,0.0,5.527082780803716,5.527082780803716
tol_7p5km_int_15min,usadri,vq_ctw,15,linear,512.0,7.5,2010.0,1.0,0.0,5.343803851653797,5.343803851653797
tol_7p5km_int_15min,usadri,vq_ctw,15,linear,1024.0,7.5,2010.0,1.0,0.0,5.33719186853797,5.33719186853797
tol_7p5km_int_15min,usbekh,direct_ctw,15,linear,,7.5,2015.0,0.9215687277019906,0.7514161358858402,2.3502152086442227,2.5576248141377675
tol_7p5km_int_15min,usbekh,direct_ctw,15,nearest,,7.5,220.0,0.9359387380650876,0.4677942946551373,2.2565467236504144,2.4055198698766773
tol_7p5km_int_15min,usbekh,markov_order_1,15,linear,,7.5,2015.0,0.8994866007407123,0.9252995102409164,2.3502152086442227,2.5576248141377675
tol_7p5km_int_15min,usbekh,markov_order_1,15,nearest,,7.5,220.0,0.91454282613779,0.5706816185332797,2.2565467236504144,2.4055198698766773
tol_7p5km_int_15min,usbekh,markov_order_2,15,linear,,7.5,2015.0,0.8882107865057572,1.0109747227606265,2.3502152086442227,2.5576248141377675
tol_7p5km_int_15min,usbekh,markov_order_2,15,nearest,,7.5,220.0,0.9053602747858348,0.6120652352976471,2.2565467236504144,2.4055198698766773
tol_7p5km_int_15min,usbekh,vq_ctw,15,linear,256.0,7.5,2015.0,1.0,0.0,6.071766545401536,6.071766545401536
tol_7p5km_int_15min,usbekh,vq_ctw,15,nearest,256.0,7.5,220.0,1.0,0.0,6.020461296903692,6.020461296903692
tol_7p5km_int_15min,usbekh,vq_ctw,15,linear,512.0,7.5,2015.0,1.0,0.0,5.90606776970588,5.90606776970588
tol_7p5km_int_15min,usbekh,vq_ctw,15,nearest,512.0,7.5,220.0,1.0,0.0,6.489122441223546,6.489122441223546
tol_7p5km_int_15min,usbekh,vq_ctw,15,linear,1024.0,7.5,2015.0,1.0,0.0,5.880780349043379,5.880780349043379
tol_7p5km_int_15min,usbekh,vq_ctw,15,nearest,1024.0,7.5,220.0,1.0,0.0,5.998676980295548,5.998676980295548
tol_7p5km_int_15min,ushfeo,direct_ctw,15,linear,,7.5,2015.0,0.9236161696308668,0.7440229479079336,2.2734637593284663,2.46546633942893
tol_7p5km_int_15min,ushfeo,markov_order_1,15,linear,,7.5,2015.0,0.8962714334185227,0.9624051984883552,2.2734637593284663,2.46546633942893
tol_7p5km_int_15min,ushfeo,markov_order_2,15,linear,,7.5,2015.0,0.8838820338416152,1.0573332964362812,2.2734637593284663,2.46546633942893
tol_7p5km_int_15min,ushfeo,vq_ctw,15,linear,256.0,7.5,2015.0,1.0,0.0,7.136778782684444,7.136778782684444
tol_7p5km_int_15min,ushfeo,vq_ctw,15,linear,512.0,7.5,2015.0,1.0,0.0,7.040538798150338,7.040538798150338
tol_7p5km_int_15min,ushfeo,vq_ctw,15,linear,1024.0,7.5,2015.0,1.0,0.0,6.788947864964982,6.788947864964982
tol_7p5km_int_15min,uthiss,direct_ctw,15,linear,,7.5,2009.0,0.8833696042121637,1.0543428370119696,2.4123745198987034,2.619165494189278
tol_7p5km_int_15min,uthiss,markov_order_1,15,linear,,7.5,2009.0,0.8404045524359858,1.365080000150069,2.4123745198987034,2.619165494189278
tol_7p5km_int_15min,uthiss,markov_order_2,15,linear,,7.5,2009.0,0.8248766381869115,1.472225771234534,2.4123745198987034,2.619165494189278
tol_7p5km_int_15min,uthiss,vq_ctw,15,linear,256.0,7.5,2009.0,1.0,0.0,9.459413375751444,9.459413375751444
tol_7p5km_int_15min,uthiss,vq_ctw,15,linear,512.0,7.5,2009.0,1.0,0.0,9.66453198315601,9.66453198315601
tol_7p5km_int_15min,uthiss,vq_ctw,15,linear,1024.0,7.5,2009.0,1.0,0.0,9.684339438438055,9.684339438438055
tol_7p5km_int_15min,uthomo,direct_ctw,15,linear,,7.5,2015.0,0.9567284345530384,0.4261534544844521,2.125730828211151,2.338439397601676
tol_7p5km_int_15min,uthomo,direct_ctw,15,nearest,,7.5,261.0,0.9524598969652984,0.3387067086423597,2.000034876784884,2.1917458977605144
tol_7p5km_int_15min,uthomo,markov_order_1,15,linear,,7.5,2015.0,0.944957448721672,0.5224881406261946,2.125730828211151,2.338439397601676
tol_7p5km_int_15min,uthomo,markov_order_1,15,nearest,,7.5,261.0,0.9324078321075182,0.4315919562400777,2.000034876784884,2.1917458977605144
tol_7p5km_int_15min,uthomo,markov_order_2,15,linear,,7.5,2015.0,0.9382689908661962,0.5754546942840266,2.125730828211151,2.338439397601676
tol_7p5km_int_15min,uthomo,markov_order_2,15,nearest,,7.5,261.0,0.9246245105661218,0.4655876678205158,2.000034876784884,2.1917458977605144
tol_7p5km_int_15min,uthomo,vq_ctw,15,linear,256.0,7.5,2015.0,1.0,0.0,4.9631834578040745,4.9631834578040745
tol_7p5km_int_15min,uthomo,vq_ctw,15,nearest,256.0,7.5,261.0,1.0,0.0,6.022681807055003,6.022681807055003
tol_7p5km_int_15min,uthomo,vq_ctw,15,linear,512.0,7.5,2015.0,1.0,0.0,4.647353711126698,4.647353711126698
tol_7p5km_int_15min,uthomo,vq_ctw,15,nearest,512.0,7.5,261.0,1.0,0.0,5.823687662423026,5.823687662423026
tol_7p5km_int_15min,uthomo,vq_ctw,15,linear,1024.0,7.5,2015.0,1.0,0.0,4.611162065539787,4.611162065539787
tol_7p5km_int_15min,uthomo,vq_ctw,15,nearest,1024.0,7.5,261.0,1.0,0.0,6.01776378192566,6.01776378192566
tol_7p5km_int_15min,uthsyi,direct_ctw,15,linear,,7.5,1954.0,0.8977776469538414,0.938410106379564,2.8363957864596365,3.0327046858070723
tol_7p5km_int_15min,uthsyi,markov_order_1,15,linear,,7.5,1954.0,0.850806482106444,1.282704519338001,2.8363957864596365,3.0327046858070723
tol_7p5km_int_15min,uthsyi,markov_order_2,15,linear,,7.5,1954.0,0.839002032588955,1.3649759533895305,2.8363957864596365,3.0327046858070723
tol_7p5km_int_15min,uthsyi,vq_ctw,15,linear,256.0,7.5,1954.0,1.0,0.0,10.09649923104103,10.09649923104103
tol_7p5km_int_15min,uthsyi,vq_ctw,15,linear,512.0,7.5,1954.0,1.0,0.0,10.40030408653111,10.40030408653111
tol_7p5km_int_15min,uthsyi,vq_ctw,15,linear,1024.0,7.5,1954.0,1.0,0.0,10.426328310972528,10.426328310972528
tol_7p5km_int_15min,utjanr,direct_ctw,15,linear,,7.5,2015.0,0.9375478788561284,0.6156039446555037,2.2575277114992844,2.443489427213715
tol_7p5km_int_15min,utjanr,direct_ctw,15,nearest,,7.5,252.0,0.918241853066685,0.5537658429358429,2.191164446033104,2.378090465728485
tol_7p5km_int_15min,utjanr,markov_order_1,15,linear,,7.5,2015.0,0.9164809615750384,0.7869063995527784,2.2575277114992844,2.443489427213715
tol_7p5km_int_15min,utjanr,markov_order_1,15,nearest,,7.5,252.0,0.868542390706485,0.7738006883343556,2.191164446033104,2.378090465728485
tol_7p5km_int_15min,utjanr,markov_order_2,15,linear,,7.5,2015.0,0.9057696421215112,0.8706485902354402,2.2575277114992844,2.443489427213715
tol_7p5km_int_15min,utjanr,markov_order_2,15,nearest,,7.5,252.0,0.8501816609094935,0.8464151855322563,2.191164446033104,2.378090465728485
tol_7p5km_int_15min,utjanr,vq_ctw,15,linear,256.0,7.5,2015.0,1.0,0.0,5.74784914506845,5.74784914506845
tol_7p5km_int_15min,utjanr,vq_ctw,15,nearest,256.0,7.5,252.0,1.0,0.0,6.029454618471694,6.029454618471694
tol_7p5km_int_15min,utjanr,vq_ctw,15,linear,512.0,7.5,2015.0,1.0,0.0,5.568208369278461,5.568208369278461
tol_7p5km_int_15min,utjanr,vq_ctw,15,nearest,512.0,7.5,252.0,1.0,0.0,6.345343669582728,6.345343669582728
tol_7p5km_int_15min,utjanr,vq_ctw,15,linear,1024.0,7.5,2015.0,1.0,0.0,5.551883155930994,5.551883155930994
tol_7p5km_int_15min,utjanr,vq_ctw,15,nearest,1024.0,7.5,252.0,1.0,0.0,6.157355619233149,6.157355619233149
tol_7p5km_int_15min,utkibe,direct_ctw,15,linear,,7.5,2013.0,0.9282597917327242,0.7208970334984666,2.301500098731788,2.520183464009828
tol_7p5km_int_15min,utkibe,direct_ctw,15,nearest,,7.5,34.0,0.9241585305999864,0.4631955744896525,1.9414983385246127,2.148526814460622
tol_7p5km_int_15min,utkibe,markov_order_1,15,linear,,7.5,2013.0,0.8973366912388212,0.976118076144607,2.301500098731788,2.520183464009828
tol_7p5km_int_15min,utkibe,markov_order_1,15,nearest,,7.5,34.0,0.8920961784307454,0.6014645153305404,1.9414983385246127,2.148526814460622
tol_7p5km_int_15min,utkibe,markov_order_2,15,linear,,7.5,2013.0,0.8845520214519222,1.0769771864054076,2.301500098731788,2.520183464009828
tol_7p5km_int_15min,utkibe,markov_order_2,15,nearest,,7.5,34.0,0.9207823931929622,0.4786339686739958,1.9414983385246127,2.148526814460622
tol_7p5km_int_15min,utkibe,vq_ctw,15,linear,256.0,7.5,2013.0,1.0,0.0,8.97089801545898,8.97089801545898
tol_7p5km_int_15min,utkibe,vq_ctw,15,nearest,256.0,7.5,34.0,1.0,0.0,5.200601624568214,5.200601624568214
tol_7p5km_int_15min,utkibe,vq_ctw,15,linear,512.0,7.5,2013.0,1.0,0.0,9.086853715879682,9.086853715879682
tol_7p5km_int_15min,utkibe,vq_ctw,15,nearest,512.0,7.5,34.0,1.0,0.0,5.15440185254946,5.15440185254946
tol_7p5km_int_15min,utkibe,vq_ctw,15,linear,1024.0,7.5,2013.0,1.0,0.0,9.101871927265156,9.101871927265156
tol_7p5km_int_15min,utkibe,vq_ctw,15,nearest,1024.0,7.5,34.0,1.0,0.0,6.161425956153018,6.161425956153018
tol_7p5km_int_15min,utlurv,direct_ctw,15,linear,,7.5,2015.0,0.9531929398644964,0.455545595072696,2.033019631737923,2.215150700753502
tol_7p5km_int_15min,utlurv,direct_ctw,15,nearest,,7.5,333.0,0.9469083143885868,0.3825879454551955,2.0631588671447405,2.229414162768641
tol_7p5km_int_15min,utlurv,markov_order_1,15,linear,,7.5,2015.0,0.9433093760444764,0.535649444359258,2.033019631737923,2.215150700753502
tol_7p5km_int_15min,utlurv,markov_order_1,15,nearest,,7.5,333.0,0.9240236205663224,0.4959130703488694,2.0631588671447405,2.229414162768641
tol_7p5km_int_15min,utlurv,markov_order_2,15,linear,,7.5,2015.0,0.9367280111173748,0.5874955721339215,2.033019631737923,2.215150700753502
tol_7p5km_int_15min,utlurv,markov_order_2,15,nearest,,7.5,333.0,0.9172222873099426,0.523670510956883,2.0631588671447405,2.229414162768641
tol_7p5km_int_15min,utlurv,vq_ctw,15,linear,256.0,7.5,2015.0,1.0,0.0,5.234497979840297,5.234497979840297
tol_7p5km_int_15min,utlurv,vq_ctw,15,nearest,256.0,7.5,333.0,1.0,0.0,6.381062376092626,6.381062376092626
tol_7p5km_int_15min,utlurv,vq_ctw,15,linear,512.0,7.5,2015.0,1.0,0.0,4.932659232821927,4.932659232821927
tol_7p5km_int_15min,utlurv,vq_ctw,15,nearest,512.0,7.5,333.0,1.0,0.0,6.110389967376671,6.110389967376671
tol_7p5km_int_15min,utlurv,vq_ctw,15,linear,1024.0,7.5,2015.0,1.0,0.0,4.9127310630581285,4.9127310630581285
tol_7p5km_int_15min,utlurv,vq_ctw,15,nearest,1024.0,7.5,333.0,1.0,0.0,6.35063333831728,6.35063333831728
tol_7p5km_int_15min,utthwa,direct_ctw,15,linear,,7.5,696.0,0.9632962511377456,0.3800211698543758,2.287181909311768,2.5080127231365297
tol_7p5km_int_15min,utthwa,direct_ctw,15,nearest,,7.5,78.0,0.9048788006281,0.5697293601988946,2.194085134511636,2.361568674324382
tol_7p5km_int_15min,utthwa,markov_order_1,15,linear,,7.5,696.0,0.9348102334761678,0.6195472267558063,2.287181909311768,2.5080127231365297
tol_7p5km_int_15min,utthwa,markov_order_1,15,nearest,,7.5,78.0,0.8494149090846554,0.8079763636245275,2.194085134511636,2.361568674324382
tol_7p5km_int_15min,utthwa,markov_order_2,15,linear,,7.5,696.0,0.926125480850772,0.6882702214756938,2.287181909311768,2.5080127231365297
tol_7p5km_int_15min,utthwa,markov_order_2,15,nearest,,7.5,78.0,0.8547618246170499,0.7811629487486229,2.194085134511636,2.361568674324382
tol_7p5km_int_15min,utthwa,vq_ctw,15,linear,256.0,7.5,696.0,1.0,0.0,6.89323088834823,6.89323088834823
tol_7p5km_int_15min,utthwa,vq_ctw,15,nearest,256.0,7.5,78.0,1.0,0.0,6.436633509973613,6.436633509973613
tol_7p5km_int_15min,utthwa,vq_ctw,15,linear,512.0,7.5,696.0,1.0,0.0,6.785798529410333,6.785798529410333
tol_7p5km_int_15min,utthwa,vq_ctw,15,nearest,512.0,7.5,78.0,1.0,0.0,6.108131362479769,6.108131362479769
tol_7p5km_int_15min,utthwa,vq_ctw,15,linear,1024.0,7.5,696.0,1.0,0.0,6.79457373411159,6.79457373411159
tol_7p5km_int_15min,utthwa,vq_ctw,15,nearest,1024.0,7.5,78.0,1.0,0.0,6.74450197122946,6.74450197122946
tol_7p5km_int_15min,uttorh,direct_ctw,15,linear,,7.5,1803.0,0.9505660941204124,0.5044344691227663,2.1552265939689383,2.3551157573186154
tol_7p5km_int_15min,uttorh,direct_ctw,15,nearest,,7.5,151.0,0.9920726867307328,0.1804877235628344,2.1752019417203723,2.334255066856078
tol_7p5km_int_15min,uttorh,markov_order_1,15,linear,,7.5,1803.0,0.9288587498004351,0.6874177533402528,2.1552265939689383,2.3551157573186154
tol_7p5km_int_15min,uttorh,markov_order_1,15,nearest,,7.5,151.0,0.9826612069833972,0.24456798657085,2.1752019417203723,2.334255066856078
tol_7p5km_int_15min,uttorh,markov_order_2,15,linear,,7.5,1803.0,0.9207445561178926,0.7529844843034466,2.1552265939689383,2.3551157573186154
tol_7p5km_int_15min,uttorh,markov_order_2,15,nearest,,7.5,151.0,0.9870378885974388,0.228463746746518,2.1752019417203723,2.334255066856078
tol_7p5km_int_15min,uttorh,vq_ctw,15,linear,256.0,7.5,1803.0,1.0,0.0,6.111946569636739,6.111946569636739
tol_7p5km_int_15min,uttorh,vq_ctw,15,nearest,256.0,7.5,151.0,1.0,0.0,6.070355725771118,6.070355725771118
tol_7p5km_int_15min,uttorh,vq_ctw,15,linear,512.0,7.5,1803.0,1.0,0.0,5.960564237934686,5.960564237934686
tol_7p5km_int_15min,uttorh,vq_ctw,15,nearest,512.0,7.5,151.0,1.0,0.0,5.931285504206354,5.931285504206354
tol_7p5km_int_15min,uttorh,vq_ctw,15,linear,1024.0,7.5,1803.0,1.0,0.0,5.9602712356370215,5.9602712356370215
tol_7p5km_int_15min,uttorh,vq_ctw,15,nearest,1024.0,7.5,151.0,1.0,0.0,6.322012751518258,6.322012751518258
tol_7p5km_int_15min,utvoho,direct_ctw,15,linear,,7.5,2015.0,0.9623009803899398,0.3374754684941876,1.9281516528471845,2.1110406081219373
tol_7p5km_int_15min,utvoho,direct_ctw,15,nearest,,7.5,257.0,0.9741040182465528,0.2518410685769974,2.1750494674974594,2.345452234269441
tol_7p5km_int_15min,utvoho,markov_order_1,15,linear,,7.5,2015.0,0.9564628788493756,0.3805052433549241,1.9281516528471845,2.1110406081219373
tol_7p5km_int_15min,utvoho,markov_order_1,15,nearest,,7.5,257.0,0.9572328174500508,0.3453168769806569,2.1750494674974594,2.345452234269441
tol_7p5km_int_15min,utvoho,markov_order_2,15,linear,,7.5,2015.0,0.9543242754289176,0.3959636348256752,1.9281516528471845,2.1110406081219373
tol_7p5km_int_15min,utvoho,markov_order_2,15,nearest,,7.5,257.0,0.953763214013778,0.343847422595304,2.1750494674974594,2.345452234269441
tol_7p5km_int_15min,utvoho,vq_ctw,15,linear,256.0,7.5,2015.0,1.0,0.0,5.285856810925625,5.285856810925625
tol_7p5km_int_15min,utvoho,vq_ctw,15,nearest,256.0,7.5,257.0,1.0,0.0,6.025224314185437,6.025224314185437
tol_7p5km_int_15min,utvoho,vq_ctw,15,linear,512.0,7.5,2015.0,1.0,0.0,4.809966250160441,4.809966250160441
tol_7p5km_int_15min,utvoho,vq_ctw,15,nearest,512.0,7.5,257.0,1.0,0.0,5.577528206658498,5.577528206658498
tol_7p5km_int_15min,utvoho,vq_ctw,15,linear,1024.0,7.5,2015.0,1.0,0.0,4.76940364807547,4.76940364807547
tol_7p5km_int_15min,utvoho,vq_ctw,15,nearest,1024.0,7.5,257.0,1.0,0.0,6.154068622029123,6.154068622029123
tol_7p5km_int_15min,utwoab,direct_ctw,15,linear,,7.5,2014.0,0.9398066769054212,0.5792135049042825,2.2085522529380737,2.3986521398300504
tol_7p5km_int_15min,utwoab,direct_ctw,15,nearest,,7.5,338.0,0.9367465745740992,0.4787716408954408,2.2958737468676924,2.455509975698125
tol_7p5km_int_15min,utwoab,markov_order_1,15,linear,,7.5,2014.0,0.9262170559077848,0.687554200768074,2.2085522529380737,2.3986521398300504
tol_7p5km_int_15min,utwoab,markov_order_1,15,nearest,,7.5,338.0,0.8894152382578364,0.7161342797885126,2.2958737468676924,2.455509975698125
tol_7p5km_int_15min,utwoab,markov_order_2,15,linear,,7.5,2014.0,0.9170297815863552,0.7585390205293182,2.2085522529380737,2.3986521398300504
tol_7p5km_int_15min,utwoab,markov_order_2,15,nearest,,7.5,338.0,0.8797998851482285,0.7444953257397412,2.2958737468676924,2.455509975698125
tol_7p5km_int_15min,utwoab,vq_ctw,15,linear,256.0,7.5,2014.0,1.0,0.0,5.463685006248408,5.463685006248408
tol_7p5km_int_15min,utwoab,vq_ctw,15,nearest,256.0,7.5,338.0,1.0,0.0,6.353426209278195,6.353426209278195
tol_7p5km_int_15min,utwoab,vq_ctw,15,linear,512.0,7.5,2014.0,1.0,0.0,5.185826755592866,5.185826755592866
tol_7p5km_int_15min,utwoab,vq_ctw,15,nearest,512.0,7.5,338.0,1.0,0.0,6.1872380135861,6.1872380135861
tol_7p5km_int_15min,utwoab,vq_ctw,15,linear,1024.0,7.5,2014.0,1.0,0.0,5.166075909845116,5.166075909845116
tol_7p5km_int_15min,utwoab,vq_ctw,15,nearest,1024.0,7.5,338.0,1.0,0.0,6.612944627472727,6.612944627472727
tol_7p5km_int_15min,uvburk,direct_ctw,15,linear,,7.5,2015.0,0.969552975758204,0.323590539995884,2.1652467640910955,2.315845140138173
tol_7p5km_int_15min,uvburk,markov_order_1,15,linear,,7.5,2015.0,0.9576839005303496,0.4292674218757178,2.1652467640910955,2.315845140138173
tol_7p5km_int_15min,uvburk,markov_order_2,15,linear,,7.5,2015.0,0.9536332137931844,0.4641041117626545,2.1652467640910955,2.315845140138173
tol_7p5km_int_15min,uvburk,vq_ctw,15,linear,256.0,7.5,2015.0,1.0,0.0,4.7558607849494985,4.7558607849494985
tol_7p5km_int_15min,uvburk,vq_ctw,15,linear,512.0,7.5,2015.0,1.0,0.0,4.557301512208022,4.557301512208022
tol_7p5km_int_15min,uvburk,vq_ctw,15,linear,1024.0,7.5,2015.0,1.0,0.0,4.536585133383032,4.536585133383032
tol_7p5km_int_15min,uvigch,direct_ctw,15,linear,,7.5,2014.0,0.9392203570160148,0.5932173142493744,2.1057926217395293,2.3252758263276423
tol_7p5km_int_15min,uvigch,direct_ctw,15,nearest,,7.5,166.0,0.936067672831162,0.5010152616433554,2.190502441291783,2.3798568817322545
tol_7p5km_int_15min,uvigch,markov_order_1,15,linear,,7.5,2014.0,0.9169236860462509,0.7719769401981067,2.1057926217395293,2.3252758263276423
tol_7p5km_int_15min,uvigch,markov_order_1,15,nearest,,7.5,166.0,0.9054647011493908,0.6462004722292898,2.190502441291783,2.3798568817322545
tol_7p5km_int_15min,uvigch,markov_order_2,15,linear,,7.5,2014.0,0.9067269550570068,0.8504208650715618,2.1057926217395293,2.3252758263276423
tol_7p5km_int_15min,uvigch,markov_order_2,15,nearest,,7.5,166.0,0.8952007910536189,0.6915650650747422,2.190502441291783,2.3798568817322545
tol_7p5km_int_15min,uvigch,vq_ctw,15,linear,256.0,7.5,2014.0,1.0,0.0,6.653715582455261,6.653715582455261
tol_7p5km_int_15min,uvigch,vq_ctw,15,nearest,256.0,7.5,166.0,1.0,0.0,7.258249723063457,7.258249723063457
tol_7p5km_int_15min,uvigch,vq_ctw,15,linear,512.0,7.5,2014.0,1.0,0.0,6.406127882002876,6.406127882002876
tol_7p5km_int_15min,uvigch,vq_ctw,15,nearest,512.0,7.5,166.0,1.0,0.0,7.030393554959882,7.030393554959882
tol_7p5km_int_15min,uvigch,vq_ctw,15,linear,1024.0,7.5,2014.0,1.0,0.0,6.394869535023543,6.394869535023543
tol_7p5km_int_15min,uvigch,vq_ctw,15,nearest,1024.0,7.5,166.0,1.0,0.0,7.780139827206149,7.780139827206149
tol_7p5km_int_15min,uvjeah,direct_ctw,15,linear,,7.5,2015.0,0.9028805725384828,0.9215892646679084,2.27037036491243,2.5127141558714587
tol_7p5km_int_15min,uvjeah,direct_ctw,15,nearest,,7.5,40.0,0.9317980122860268,0.4273797000191309,1.925816358753644,2.072715103675862
tol_7p5km_int_15min,uvjeah,markov_order_1,15,linear,,7.5,2015.0,0.8624695213795375,1.2316765923166466,2.27037036491243,2.5127141558714587
tol_7p5km_int_15min,uvjeah,markov_order_1,15,nearest,,7.5,40.0,0.8970250778066902,0.5813304782136876,1.925816358753644,2.072715103675862
tol_7p5km_int_15min,uvjeah,markov_order_2,15,linear,,7.5,2015.0,0.8430275744751685,1.3734034094203753,2.27037036491243,2.5127141558714587
tol_7p5km_int_15min,uvjeah,markov_order_2,15,nearest,,7.5,40.0,0.9051419222952146,0.5473389371100558,1.925816358753644,2.072715103675862
tol_7p5km_int_15min,uvjeah,vq_ctw,15,linear,256.0,7.5,2015.0,1.0,0.0,8.641641167321346,8.641641167321346
tol_7p5km_int_15min,uvjeah,vq_ctw,15,nearest,256.0,7.5,40.0,1.0,0.0,6.14182071837652,6.14182071837652
tol_7p5km_int_15min,uvjeah,vq_ctw,15,linear,512.0,7.5,2015.0,1.0,0.0,8.659939155386894,8.659939155386894
tol_7p5km_int_15min,uvjeah,vq_ctw,15,nearest,512.0,7.5,40.0,1.0,0.0,6.058215190342427,6.058215190342427
tol_7p5km_int_15min,uvjeah,vq_ctw,15,linear,1024.0,7.5,2015.0,1.0,0.0,8.682513885003655,8.682513885003655
tol_7p5km_int_15min,uvjeah,vq_ctw,15,nearest,1024.0,7.5,40.0,1.0,0.0,6.246389299739893,6.246389299739893
tol_7p5km_int_15min,uvjova,direct_ctw,15,linear,,7.5,2015.0,0.9497639696919676,0.4883428732300282,2.4753094555526025,2.6538771143842648
tol_7p5km_int_15min,uvjova,direct_ctw,15,nearest,,7.5,38.0,0.9999999999980904,0.1773454975337962,2.008043316916228,2.146842512056472
tol_7p5km_int_15min,uvjova,markov_order_1,15,linear,,7.5,2015.0,0.9341344132545104,0.6137642188778661,2.4753094555526025,2.6538771143842648
tol_7p5km_int_15min,uvjova,markov_order_1,15,nearest,,7.5,38.0,0.9999999999980904,0.2044048090326837,2.008043316916228,2.146842512056472
tol_7p5km_int_15min,uvjova,markov_order_2,15,linear,,7.5,2015.0,0.93014502414649,0.6448021194610227,2.4753094555526025,2.6538771143842648
tol_7p5km_int_15min,uvjova,markov_order_2,15,nearest,,7.5,38.0,0.9999999999980904,0.2239194802561037,2.008043316916228,2.146842512056472
tol_7p5km_int_15min,uvjova,vq_ctw,15,linear,256.0,7.5,2015.0,1.0,0.0,5.881998763220798,5.881998763220798
tol_7p5km_int_15min,uvjova,vq_ctw,15,nearest,256.0,7.5,38.0,1.0,0.0,5.306020880920843,5.306020880920843
tol_7p5km_int_15min,uvjova,vq_ctw,15,linear,512.0,7.5,2015.0,1.0,0.0,5.8086916742747885,5.8086916742747885
tol_7p5km_int_15min,uvjova,vq_ctw,15,nearest,512.0,7.5,38.0,1.0,0.0,5.212536705125702,5.212536705125702
tol_7p5km_int_15min,uvjova,vq_ctw,15,linear,1024.0,7.5,2015.0,1.0,0.0,5.810547131450231,5.810547131450231
tol_7p5km_int_15min,uvjova,vq_ctw,15,nearest,1024.0,7.5,38.0,1.0,0.0,5.792022926250286,5.792022926250286
tol_7p5km_int_15min,uvreoi,direct_ctw,15,linear,,7.5,2015.0,0.9055888002904868,0.8947990564542858,2.562021817770286,2.7626002489744352
tol_7p5km_int_15min,uvreoi,direct_ctw,15,nearest,,7.5,113.0,0.93451462371293,0.4201928241373555,2.296231799912987,2.4809911805054017
tol_7p5km_int_15min,uvreoi,markov_order_1,15,linear,,7.5,2015.0,0.8600355029913846,1.2420405058708563,2.562021817770286,2.7626002489744352
tol_7p5km_int_15min,uvreoi,markov_order_1,15,nearest,,7.5,113.0,0.9161044306858296,0.5018230601379801,2.296231799912987,2.4809911805054017
tol_7p5km_int_15min,uvreoi,markov_order_2,15,linear,,7.5,2015.0,0.8437149123048986,1.3599563989290384,2.562021817770286,2.7626002489744352
tol_7p5km_int_15min,uvreoi,markov_order_2,15,nearest,,7.5,113.0,0.9192205724760076,0.4897143332608506,2.296231799912987,2.4809911805054017
tol_7p5km_int_15min,uvreoi,vq_ctw,15,linear,256.0,7.5,2015.0,1.0,0.0,10.192868462293823,10.192868462293823
tol_7p5km_int_15min,uvreoi,vq_ctw,15,nearest,256.0,7.5,113.0,1.0,0.0,8.065626969076428,8.065626969076428
tol_7p5km_int_15min,uvreoi,vq_ctw,15,linear,512.0,7.5,2015.0,1.0,0.0,10.042953034206514,10.042953034206514
tol_7p5km_int_15min,uvreoi,vq_ctw,15,nearest,512.0,7.5,113.0,1.0,0.0,8.53489042489271,8.53489042489271
tol_7p5km_int_15min,uvreoi,vq_ctw,15,linear,1024.0,7.5,2015.0,1.0,0.0,10.04662848328859,10.04662848328859
tol_7p5km_int_15min,uvreoi,vq_ctw,15,nearest,1024.0,7.5,113.0,1.0,0.0,9.606034837490006,9.606034837490006
