user_id,method,sample_interval_min,interpolation_method,codebook_size,tolerance_km,num_points,predictability,entropy_rate_bits,actual_distortion_km,reconstruction_rmse_km
abboip,direct_ctw,15,linear,,5.0,2014.0,0.8921007548334616,0.974716052785363,1.592103909639261,1.7489958745078333
abboip,direct_ctw,15,nearest,,5.0,221.0,0.8456550785049001,0.9092064181880498,1.6010385492295103,1.7839426072402933
abboip,markov_order_1,15,linear,,5.0,2014.0,0.8560640623029185,1.2363270528497068,1.592103909639261,1.7489958745078333
abboip,markov_order_1,15,nearest,,5.0,221.0,0.7221674938851368,1.3770907077004528,1.6010385492295103,1.7839426072402933
abboip,markov_order_2,15,linear,,5.0,2014.0,0.8441874666598261,1.319032356352178,1.592103909639261,1.7489958745078333
abboip,markov_order_2,15,nearest,,5.0,221.0,0.720994459877162,1.381705387330573,1.6010385492295103,1.7839426072402933
abboip,vq_ctw,15,linear,256.0,5.0,2014.0,0.9999999999980905,0.04078066613529685,3.614151514773763,3.614151514773763
abboip,vq_ctw,15,nearest,256.0,5.0,221.0,0.9847334614029646,0.179664457060727,4.093709360908628,4.093709360908628
abboip,vq_ctw,15,linear,512.0,5.0,2014.0,0.9914065273905357,0.09127083832993445,3.598800717374398,3.598800717374398
abboip,vq_ctw,15,nearest,512.0,5.0,221.0,0.999999999999421,0.05918575184041578,4.078181469018581,4.078181469018581
abboip,vq_ctw,15,linear,1024.0,5.0,2014.0,0.9977610894992771,0.026484136593906336,3.7489810194958033,3.7489810194958033
abboip,vq_ctw,15,nearest,1024.0,5.0,221.0,0.9999999999997236,0.03909995629351672,4.209174475051694,4.209174475051694
abcoij,direct_ctw,15,linear,,5.0,1147.0,0.9885112697219717,0.1171843672539904,2.122961560741805,2.206757431318134
abcoij,markov_order_1,15,linear,,5.0,1147.0,0.9834630652612184,0.15992526121938574,2.122961560741805,2.206757431318134
abcoij,markov_order_2,15,linear,,5.0,1147.0,0.9839188644245366,0.1561711000204056,2.122961560741805,2.206757431318134
abcoij,vq_ctw,15,linear,256.0,5.0,1147.0,1.0,0.0,2.880444512964951,2.880444512964951
abcoij,vq_ctw,15,linear,512.0,5.0,1147.0,1.0,0.0,3.326166266068698,3.326166266068698
abcoij,vq_ctw,15,linear,1024.0,5.0,1147.0,1.0,0.0,3.031798991404746,3.031798991404746
abdrem,direct_ctw,15,linear,,5.0,2006.0,0.836036815190947,1.5278485438334857,1.6554963932020164,1.8092681263082866
abdrem,markov_order_1,15,linear,,5.0,2006.0,0.7556509111013273,2.119806014811421,1.6554963932020164,1.8092681263082866
abdrem,markov_order_2,15,linear,,5.0,2006.0,0.7209848283669217,2.3586438113484065,1.6554963932020164,1.8092681263082866
abdrem,vq_ctw,15,linear,256.0,5.0,2006.0,0.9849071519265032,0.13684242042940098,5.686813438812646,5.686813438812646
abdrem,vq_ctw,15,linear,512.0,5.0,2006.0,0.9686504491391765,0.30049100797233425,5.3343413661975845,5.3343413661975845
abdrem,vq_ctw,15,linear,1024.0,5.0,2006.0,0.9856957241999516,0.14135006098258762,5.7149200747250175,5.7149200747250175
abgibo,direct_ctw,15,linear,,5.0,2015.0,0.8566775335923154,1.339506053013225,1.6591871082282619,1.8174135276461338
abgibo,direct_ctw,15,nearest,,5.0,153.0,0.8488120601274969,0.933635978463617,1.7614844342474536,1.9301562903178842
abgibo,markov_order_1,15,linear,,5.0,2015.0,0.7927659557602567,1.8157384331743887,1.6591871082282619,1.8174135276461338
abgibo,markov_order_1,15,nearest,,5.0,153.0,0.6784571378371834,1.6159873963704279,1.7614844342474536,1.9301562903178842
abgibo,markov_order_2,15,linear,,5.0,2015.0,0.7576176559081736,2.061659157564987,1.6591871082282619,1.8174135276461338
abgibo,markov_order_2,15,nearest,,5.0,153.0,0.6798839625416475,1.6051799086002543,1.7614844342474536,1.9301562903178842
abgibo,vq_ctw,15,linear,256.0,5.0,2015.0,0.9894353569533666,0.09507818965944767,4.771954288835697,4.771954288835697
abgibo,vq_ctw,15,nearest,256.0,5.0,153.0,0.9999999999985273,0.1661763642374934,4.8528261063343034,4.8528261063343034
abgibo,vq_ctw,15,linear,512.0,5.0,2015.0,0.9772332132988145,0.22061987621927126,4.506216285568864,4.506216285568864
abgibo,vq_ctw,15,nearest,512.0,5.0,153.0,1.0,0.0,4.709214856802724,4.709214856802724
abgibo,vq_ctw,15,linear,1024.0,5.0,2015.0,0.9896651894513736,0.1036742564054195,4.9121589733979425,4.9121589733979425
abgibo,vq_ctw,15,nearest,1024.0,5.0,153.0,0.9999999999995008,0.07375035305134131,4.733758375005238,4.733758375005238
abjool,direct_ctw,15,linear,,5.0,2015.0,0.9661113317842819,0.35748984549075935,1.7377793708881646,1.8773129130775106
abjool,direct_ctw,15,nearest,,5.0,73.0,0.824987229147327,1.0090195509564028,1.5801411258445135,1.753816515372797
abjool,markov_order_1,15,linear,,5.0,2015.0,0.943840371560349,0.5505695857333018,1.7377793708881646,1.8773129130775106
abjool,markov_order_1,15,nearest,,5.0,73.0,0.6696329008463936,1.5726847527238197,1.5801411258445135,1.753816515372797
abjool,markov_order_2,15,linear,,5.0,2015.0,0.9423373582240195,0.5630424623914911,1.7377793708881646,1.8773129130775106
abjool,markov_order_2,15,nearest,,5.0,73.0,0.6757751314048903,1.5534963667317923,1.5801411258445135,1.753816515372797
abjool,vq_ctw,15,linear,256.0,5.0,2015.0,0.9988191177243635,0.015059466413922189,2.685061740405148,2.685061740405148
abjool,vq_ctw,15,nearest,256.0,5.0,73.0,0.9371763816994023,0.4201224941750098,5.100871818930612,5.100871818930612
abjool,vq_ctw,15,linear,512.0,5.0,2015.0,0.9963255383326292,0.04603473098991796,2.6979147746596217,2.6979147746596217
abjool,vq_ctw,15,nearest,512.0,5.0,73.0,0.9999999999990321,0.09174789719157642,4.179381318407268,4.179381318407268
abjool,vq_ctw,15,linear,1024.0,5.0,2015.0,0.9988478663571214,0.015212011981158713,2.6274902475323065,2.6274902475323065
abjool,vq_ctw,15,nearest,1024.0,5.0,73.0,1.0,0.0,4.96635006237091,4.96635006237091
abmuya,direct_ctw,15,linear,,5.0,1986.0,0.8799400862764419,1.1243334424129139,1.717616484425871,1.8649200576306701
abmuya,direct_ctw,15,nearest,,5.0,298.0,0.8331320401302388,0.9514166322775327,1.6848665388520543,1.8440198301965725
abmuya,markov_order_1,15,linear,,5.0,1986.0,0.8343431128589734,1.468369220836287,1.717616484425871,1.8649200576306701
abmuya,markov_order_1,15,nearest,,5.0,298.0,0.7023472559592084,1.4518882904164645,1.6848665388520543,1.8440198301965725
abmuya,markov_order_2,15,linear,,5.0,1986.0,0.8127615730330147,1.6232745083633606,1.717616484425871,1.8649200576306701
abmuya,markov_order_2,15,nearest,,5.0,298.0,0.702782948867242,1.4485516402681318,1.6848665388520543,1.8440198301965725
abmuya,vq_ctw,15,linear,256.0,5.0,1986.0,0.99479445713124,0.05218384516151422,4.376383630760233,4.376383630760233
abmuya,vq_ctw,15,nearest,256.0,5.0,298.0,0.9858796614279963,0.16083394126896058,4.163263543035608,4.163263543035608
abmuya,vq_ctw,15,linear,512.0,5.0,1986.0,0.9859139582831008,0.1432133282878545,4.148088063323755,4.148088063323755
abmuya,vq_ctw,15,nearest,512.0,5.0,298.0,0.9999999999994169,0.07310703716432009,4.415647991934002,4.415647991934002
abmuya,vq_ctw,15,linear,1024.0,5.0,1986.0,0.9958143499378909,0.04572808718676624,4.355511002271496,4.355511002271496
abmuya,vq_ctw,15,nearest,1024.0,5.0,298.0,0.9868709747251598,0.09467526127917966,4.650802759655281,4.650802759655281
abniar,direct_ctw,15,linear,,5.0,2015.0,0.8630864033177218,1.2997418001677508,1.6515797089197883,1.8281809837495036
abniar,direct_ctw,15,nearest,,5.0,185.0,0.8447148037601818,0.9520131644007576,1.5652049102239753,1.778270226634416
abniar,markov_order_1,15,linear,,5.0,2015.0,0.8029477441444521,1.7574937167955191,1.6515797089197883,1.8281809837495036
abniar,markov_order_1,15,nearest,,5.0,185.0,0.7284015661201628,1.4210240266202605,1.5652049102239753,1.778270226634416
abniar,markov_order_2,15,linear,,5.0,2015.0,0.7716405209497703,1.9821122239611548,1.6515797089197883,1.8281809837495036
abniar,markov_order_2,15,nearest,,5.0,185.0,0.7142947811081596,1.4723316298613385,1.5652049102239753,1.778270226634416
abniar,vq_ctw,15,linear,256.0,5.0,2015.0,0.9941781046499394,0.0608256787487688,4.404713173284337,4.404713173284337
abniar,vq_ctw,15,nearest,256.0,5.0,185.0,0.969738810314335,0.283477050375964,4.076879298894395,4.076879298894395
abniar,vq_ctw,15,linear,512.0,5.0,2015.0,0.9862520704763762,0.14830302741792087,4.2363581711304645,4.2363581711304645
abniar,vq_ctw,15,nearest,512.0,5.0,185.0,1.0,0.0,3.9755920767714796,3.9755920767714796
abniar,vq_ctw,15,linear,1024.0,5.0,2015.0,0.9940293989192592,0.06463944487634739,4.457155545212473,4.457155545212473
abniar,vq_ctw,15,nearest,1024.0,5.0,185.0,0.9999999999995974,0.03664583073139634,4.04836678958979,4.04836678958979
abnovk,direct_ctw,15,linear,,5.0,1990.0,0.8874106756403745,1.030525707576459,1.5967440981759553,1.7465247295075796
abnovk,direct_ctw,15,nearest,,5.0,156.0,0.8281864833501053,1.0201237865440271,1.6272363837730017,1.816224279971131
abnovk,markov_order_1,15,linear,,5.0,1990.0,0.8419022446316814,1.3639225374761648,1.5967440981759553,1.7465247295075796
abnovk,markov_order_1,15,nearest,,5.0,156.0,0.6834540839522739,1.5578812392344883,1.6272363837730017,1.816224279971131
abnovk,markov_order_2,15,linear,,5.0,1990.0,0.8273416554141296,1.4655504887440607,1.5967440981759553,1.7465247295075796
abnovk,markov_order_2,15,nearest,,5.0,156.0,0.6803075879221334,1.5749662623590581,1.6272363837730017,1.816224279971131
abnovk,vq_ctw,15,linear,256.0,5.0,1990.0,0.9999999999980905,0.04390495790212019,4.351714701704575,4.351714701704575
abnovk,vq_ctw,15,nearest,256.0,5.0,156.0,0.9736461716758396,0.2415634252091226,3.9518359945617214,3.9518359945617214
abnovk,vq_ctw,15,linear,512.0,5.0,1990.0,0.9870024105757048,0.13366529887662246,4.083615958235703,4.083615958235703
abnovk,vq_ctw,15,nearest,512.0,5.0,156.0,0.9999999999995839,0.12464685316772371,4.551269566494346,4.551269566494346
abnovk,vq_ctw,15,linear,1024.0,5.0,1990.0,0.9962538549870339,0.04152725157029267,4.394050741416651,4.394050741416651
abnovk,vq_ctw,15,nearest,1024.0,5.0,156.0,0.9796933690360345,0.12960146710956746,4.478994464588269,4.478994464588269
abtyff,direct_ctw,15,linear,,5.0,2013.0,0.8815712153147259,1.0678190646030277,1.7217271923269089,1.8670589329154488
abtyff,direct_ctw,15,nearest,,5.0,34.0,0.8365867083187002,1.0648302883263734,2.1362537575322302,2.2511419462580378
abtyff,markov_order_1,15,linear,,5.0,2013.0,0.8412378350033118,1.3592585924762668,1.7217271923269089,1.8670589329154488
abtyff,markov_order_1,15,nearest,,5.0,34.0,0.5893661887383164,2.038305083263774,2.1362537575322302,2.2511419462580378
abtyff,markov_order_2,15,linear,,5.0,2013.0,0.8264915625907472,1.461197689446884,1.7217271923269089,1.8670589329154488
abtyff,markov_order_2,15,nearest,,5.0,34.0,0.5797166459959269,2.06800231467188,2.1362537575322302,2.2511419462580378
abtyff,vq_ctw,15,linear,256.0,5.0,2013.0,0.9999999999980905,0.013546138246997252,3.9703910994002607,3.9703910994002607
abtyff,vq_ctw,15,nearest,256.0,5.0,34.0,0.8853587121112947,0.695460818464651,5.171013417465015,5.171013417465015
abtyff,vq_ctw,15,linear,512.0,5.0,2013.0,0.9954183615035713,0.05135698644375867,3.9468237371430464,3.9468237371430464
abtyff,vq_ctw,15,nearest,512.0,5.0,34.0,0.9612581299143,0.2752355424134816,7.13582536589655,7.13582536589655
abtyff,vq_ctw,15,linear,1024.0,5.0,2013.0,0.9994134887519083,0.0077289428634964895,4.019829697275414,4.019829697275414
abtyff,vq_ctw,15,nearest,1024.0,5.0,34.0,0.9350361452662067,0.44980751502085675,6.637985378054462,6.637985378054462
abwecn,direct_ctw,15,linear,,5.0,2015.0,0.8869060913122204,1.079668409363496,1.4945440662984015,1.660740487727171
abwecn,direct_ctw,15,nearest,,5.0,36.0,0.8739002021604191,0.7988436044655407,1.7392706830673,1.8712463674485786
abwecn,markov_order_1,15,linear,,5.0,2015.0,0.8377487821264888,1.4581271735654344,1.4945440662984015,1.660740487727171
abwecn,markov_order_1,15,nearest,,5.0,36.0,0.7787754015292985,1.204846485067721,1.7392706830673,1.8712463674485786
abwecn,markov_order_2,15,linear,,5.0,2015.0,0.8143129991361173,1.629039714441587,1.4945440662984015,1.660740487727171
abwecn,markov_order_2,15,nearest,,5.0,36.0,0.7468983397115673,1.322360550534037,1.7392706830673,1.8712463674485786
abwecn,vq_ctw,15,linear,256.0,5.0,2015.0,0.9912183408732015,0.08652213104620378,5.072488444255453,5.072488444255453
abwecn,vq_ctw,15,nearest,256.0,5.0,36.0,0.9439253932205465,0.3677359454754907,4.371082220667411,4.371082220667411
abwecn,vq_ctw,15,linear,512.0,5.0,2015.0,0.9796116171336919,0.20478083165291394,4.813433339905273,4.813433339905273
abwecn,vq_ctw,15,nearest,512.0,5.0,36.0,1.0,0.0,3.0729931347702335,3.0729931347702335
abwecn,vq_ctw,15,linear,1024.0,5.0,2015.0,0.9928601047130688,0.07545022772681816,5.217321999990549,5.217321999990549
abwecn,vq_ctw,15,nearest,1024.0,5.0,36.0,1.0,0.0,4.16915779349703,4.16915779349703
abyalw,direct_ctw,15,linear,,5.0,2014.0,0.8993730322100617,0.8822888812976708,1.6334327861560605,1.7815992713312125
abyalw,direct_ctw,15,nearest,,5.0,187.0,0.8218083401689131,0.9301256325650691,1.5474373761029663,1.703732226971412
abyalw,markov_order_1,15,linear,,5.0,2014.0,0.8682206424120434,1.1009411917823704,1.6334327861560605,1.7815992713312125
abyalw,markov_order_1,15,nearest,,5.0,187.0,0.7423164849404386,1.264163079134078,1.5474373761029663,1.703732226971412
abyalw,markov_order_2,15,linear,,5.0,2014.0,0.8667776243521015,1.1107513052939813,1.6334327861560605,1.7815992713312125
abyalw,markov_order_2,15,nearest,,5.0,187.0,0.7387354128069777,1.275538070499099,1.5474373761029663,1.703732226971412
abyalw,vq_ctw,15,linear,256.0,5.0,2014.0,0.9999999999980905,0.006676424961649426,3.349986708493695,3.349986708493695
abyalw,vq_ctw,15,nearest,256.0,5.0,187.0,0.9820165670548424,0.2512334303309674,4.941162975073779,4.941162975073779
abyalw,vq_ctw,15,linear,512.0,5.0,2014.0,0.9973914913706778,0.03028043767066275,3.5213790006099943,3.5213790006099943
abyalw,vq_ctw,15,nearest,512.0,5.0,187.0,0.9792245387024292,0.13547129795151197,4.866982585164256,4.866982585164256
abyalw,vq_ctw,15,linear,1024.0,5.0,2014.0,0.9999999999980905,0.006237434371790093,3.4726124729619725,3.4726124729619725
abyalw,vq_ctw,15,nearest,1024.0,5.0,187.0,0.9999999999989279,0.10585895600126344,5.1028711910412,5.1028711910412
acdiyi,direct_ctw,15,linear,,5.0,2014.0,0.9030473110898254,0.9202598642868223,1.7148105432615963,1.867332188726474
acdiyi,direct_ctw,15,nearest,,5.0,99.0,0.8168378341231142,0.9766170418456763,1.7625932027876607,1.9264079962921092
acdiyi,markov_order_1,15,linear,,5.0,2014.0,0.8527878814777288,1.3027964936048737,1.7148105432615963,1.867332188726474
acdiyi,markov_order_1,15,nearest,,5.0,99.0,0.6811503564618959,1.4042772904010288,1.7625932027876607,1.9264079962921092
acdiyi,markov_order_2,15,linear,,5.0,2014.0,0.8300794728268321,1.4654759373315136,1.7148105432615963,1.867332188726474
acdiyi,markov_order_2,15,nearest,,5.0,99.0,0.6775405083960511,1.4180238004265757,1.7625932027876607,1.9264079962921092
acdiyi,vq_ctw,15,linear,256.0,5.0,2014.0,0.9955268868933765,0.04843903366793162,8.234645050079546,8.234645050079546
acdiyi,vq_ctw,15,nearest,256.0,5.0,99.0,0.9840662812151415,0.1082610393483166,3.2875150066751386,3.2875150066751386
acdiyi,vq_ctw,15,linear,512.0,5.0,2014.0,0.9842072167074868,0.15794040005299786,7.962815187764488,7.962815187764488
acdiyi,vq_ctw,15,nearest,512.0,5.0,99.0,0.9999999999993635,0.0522718098430129,3.783876350697856,3.783876350697856
acdiyi,vq_ctw,15,linear,1024.0,5.0,2014.0,0.9963862524299734,0.04024752154694233,6.314814190581237,6.314814190581237
acdiyi,vq_ctw,15,nearest,1024.0,5.0,99.0,1.0,0.0,4.267245142051293,4.267245142051293
acduou,direct_ctw,15,linear,,5.0,2015.0,0.8866670535200225,1.0765527266458272,1.645983209598113,1.8250628554503825
acduou,direct_ctw,15,nearest,,5.0,109.0,0.809741128657308,1.0353237144008776,1.7776624979983477,1.9205153937890695
acduou,markov_order_1,15,linear,,5.0,2015.0,0.8404234290349009,1.4311784698900343,1.645983209598113,1.8250628554503825
acduou,markov_order_1,15,nearest,,5.0,109.0,0.6479207732532324,1.5693216470635591,1.7776624979983477,1.9205153937890695
acduou,markov_order_2,15,linear,,5.0,2015.0,0.8215915193716616,1.5686253906409817,1.645983209598113,1.8250628554503825
acduou,markov_order_2,15,nearest,,5.0,109.0,0.658610232448029,1.5404039748938303,1.7776624979983477,1.9205153937890695
acduou,vq_ctw,15,linear,256.0,5.0,2015.0,0.9940106189450614,0.06232972671876817,4.024369955804693,4.024369955804693
acduou,vq_ctw,15,nearest,256.0,5.0,109.0,0.999999999998686,0.12296129879883541,3.677879339414039,3.677879339414039
acduou,vq_ctw,15,linear,512.0,5.0,2015.0,0.9837713195292382,0.16526622947657613,3.7739831202204837,3.7739831202204837
acduou,vq_ctw,15,nearest,512.0,5.0,109.0,1.0,0.0,3.772215237991311,3.772215237991311
acduou,vq_ctw,15,linear,1024.0,5.0,2015.0,0.9930695412903476,0.0735357543441691,4.054531020891766,4.054531020891766
acduou,vq_ctw,15,nearest,1024.0,5.0,109.0,1.0,0.0,3.823981020552274,3.823981020552274
acgerl,direct_ctw,15,linear,,5.0,1373.0,0.8974787989856177,0.9200262997655725,1.5717657740331397,1.7451250744477684
acgerl,direct_ctw,15,nearest,,5.0,33.0,0.917032323544011,0.544051277080759,1.5137442056736294,1.716285585276926
acgerl,markov_order_1,15,linear,,5.0,1373.0,0.8580956478246776,1.202504899004523,1.5717657740331397,1.7451250744477684
acgerl,markov_order_1,15,nearest,,5.0,33.0,0.8562734361614426,0.8217169678336624,1.5137442056736294,1.716285585276926
acgerl,markov_order_2,15,linear,,5.0,1373.0,0.8451536046334157,1.2910716727388616,1.5717657740331397,1.7451250744477684
acgerl,markov_order_2,15,nearest,,5.0,33.0,0.8383112267467878,0.8946050151367302,1.5137442056736294,1.716285585276926
acgerl,vq_ctw,15,linear,256.0,5.0,1373.0,0.9972753520695791,0.02986334645319329,3.888652646272521,3.888652646272521
acgerl,vq_ctw,15,nearest,256.0,5.0,33.0,1.0,0.0,2.9872799111941575,2.9872799111941575
acgerl,vq_ctw,15,linear,512.0,5.0,1373.0,0.9927526567470671,0.08228011341593189,3.760860333286952,3.760860333286952
acgerl,vq_ctw,15,nearest,512.0,5.0,33.0,1.0,0.0,3.6999221745244855,3.6999221745244855
acgerl,vq_ctw,15,linear,1024.0,5.0,1373.0,0.99822129576833,0.021631411469812116,3.9957717512209743,3.9957717512209743
acgerl,vq_ctw,15,nearest,1024.0,5.0,33.0,1.0,0.0,3.786049854470735,3.786049854470735
acitva,direct_ctw,15,linear,,5.0,2015.0,0.8668276716482008,1.2258364181419175,1.7672135897130063,1.9114699158233008
acitva,direct_ctw,15,nearest,,5.0,32.0,0.8629263180766447,0.7135971226531751,1.469674119275012,1.6918844844745506
acitva,markov_order_1,15,linear,,5.0,2015.0,0.7986406202247447,1.7222124336752849,1.7672135897130063,1.9114699158233008
acitva,markov_order_1,15,nearest,,5.0,32.0,0.8086777391138833,0.8955516076376122,1.469674119275012,1.6918844844745506
acitva,markov_order_2,15,linear,,5.0,2015.0,0.7719346292427891,1.9045041536213336,1.7672135897130063,1.9114699158233008
acitva,markov_order_2,15,nearest,,5.0,32.0,0.7857175571838267,0.9638715677650445,1.469674119275012,1.6918844844745506
acitva,vq_ctw,15,linear,256.0,5.0,2015.0,0.9999999999980905,0.15662229415693182,5.729277494109976,5.729277494109976
acitva,vq_ctw,15,nearest,256.0,5.0,32.0,0.9999999999980905,0.3119796733575135,5.027153373142871,5.027153373142871
acitva,vq_ctw,15,linear,512.0,5.0,2015.0,0.9537338293585,0.38991532924060324,5.492085940207476,5.492085940207476
acitva,vq_ctw,15,nearest,512.0,5.0,32.0,1.0,0.0,3.0985154575422778,3.0985154575422778
acitva,vq_ctw,15,linear,1024.0,5.0,2015.0,0.9807001302241978,0.1680808339672004,5.939984303800479,5.939984303800479
acitva,vq_ctw,15,nearest,1024.0,5.0,32.0,1.0,0.0,2.793614772963107,2.793614772963107
ackgri,direct_ctw,15,linear,,5.0,1183.0,0.8729517134044543,1.2299549717505256,1.644508071220357,1.7940855014146582
ackgri,markov_order_1,15,linear,,5.0,1183.0,0.7783975175547201,1.9503296368102647,1.644508071220357,1.7940855014146582
ackgri,markov_order_2,15,linear,,5.0,1183.0,0.7377151174873481,2.2353796529624277,1.644508071220357,1.7940855014146582
ackgri,vq_ctw,15,linear,256.0,5.0,1183.0,0.9813216420870425,0.1526325427726647,5.859929376443501,5.859929376443501
ackgri,vq_ctw,15,linear,512.0,5.0,1183.0,0.9580504963514546,0.38413706191126784,5.4028982235128495,5.4028982235128495
ackgri,vq_ctw,15,linear,1024.0,5.0,1183.0,0.9818263395563376,0.16740690085108312,6.0737082214708575,6.0737082214708575
acpegh,direct_ctw,15,linear,,5.0,2014.0,0.863714283709851,1.2431672617562008,1.6132348631610436,1.7845348939580616
acpegh,direct_ctw,15,nearest,,5.0,573.0,0.8383888355998079,0.9533441680505298,1.566708509182213,1.768377109771092
acpegh,markov_order_1,15,linear,,5.0,2014.0,0.8159600242500392,1.5918997266500292,1.6132348631610436,1.7845348939580616
acpegh,markov_order_1,15,nearest,,5.0,573.0,0.7101133253355025,1.4203527408194723,1.566708509182213,1.768377109771092
acpegh,markov_order_2,15,linear,,5.0,2014.0,0.7920424194011119,1.7579856453886087,1.6132348631610436,1.7845348939580616
acpegh,markov_order_2,15,nearest,,5.0,573.0,0.7083916558862546,1.4272703703009573,1.566708509182213,1.768377109771092
acpegh,vq_ctw,15,linear,256.0,5.0,2014.0,0.99489070114115,0.051356945917198894,4.245461740632947,4.245461740632947
acpegh,vq_ctw,15,nearest,256.0,5.0,573.0,0.9779689129844413,0.20774229802665334,3.798503729351246,3.798503729351246
acpegh,vq_ctw,15,linear,512.0,5.0,2014.0,0.9866792293896013,0.13947615102705513,4.007519278108106,4.007519278108106
acpegh,vq_ctw,15,nearest,512.0,5.0,573.0,0.9999999999994734,0.050439464488077235,4.068498170607431,4.068498170607431
acpegh,vq_ctw,15,linear,1024.0,5.0,2014.0,0.9953460491659923,0.05206217037370925,4.268559009250469,4.268559009250469
acpegh,vq_ctw,15,nearest,1024.0,5.0,573.0,0.9968850422350112,0.07195839085096843,4.097072861612412,4.097072861612412
acvebr,direct_ctw,15,linear,,5.0,1988.0,0.8806759468272165,1.1070887335202217,1.617909827195464,1.7805994877516698
acvebr,direct_ctw,15,nearest,,5.0,252.0,0.8401930479031268,0.9678236658057195,1.6444616898284987,1.8396781608456356
acvebr,markov_order_1,15,linear,,5.0,1988.0,0.8284920237195161,1.4943252811418881,1.617909827195464,1.7805994877516698
acvebr,markov_order_1,15,nearest,,5.0,252.0,0.6786566765648288,1.59677766162041,1.6444616898284987,1.8396781608456356
acvebr,markov_order_2,15,linear,,5.0,1988.0,0.8089663725980432,1.6316664589207484,1.617909827195464,1.7805994877516698
acvebr,markov_order_2,15,nearest,,5.0,252.0,0.679095889009835,1.5992678313861057,1.6444616898284987,1.8396781608456356
acvebr,vq_ctw,15,linear,256.0,5.0,1988.0,0.9999999999980905,0.0611478585179421,4.323890032589132,4.323890032589132
acvebr,vq_ctw,15,nearest,256.0,5.0,252.0,0.9920357791850455,0.09262904724053582,4.590872335568,4.590872335568
acvebr,vq_ctw,15,linear,512.0,5.0,1988.0,0.9853178515613151,0.14838964777501482,4.1981794268754555,4.1981794268754555
acvebr,vq_ctw,15,nearest,512.0,5.0,252.0,0.9999999999997575,0.025672089698604687,4.529937764613994,4.529937764613994
acvebr,vq_ctw,15,linear,1024.0,5.0,1988.0,0.9939104963695298,0.06322558435146886,4.4167906845722795,4.4167906845722795
acvebr,vq_ctw,15,nearest,1024.0,5.0,252.0,1.0,0.0,4.645659151430305,4.645659151430305
adkavy,direct_ctw,15,linear,,5.0,2015.0,0.8765700918731198,1.2321634412799805,1.6863238479722933,1.84751233289944
adkavy,direct_ctw,15,nearest,,5.0,33.0,0.8123628829483215,1.0717764731439152,1.6940429386665763,1.9106534263107715
adkavy,markov_order_1,15,linear,,5.0,2015.0,0.7883156306482906,1.933236350773886,1.6863238479722933,1.84751233289944
adkavy,markov_order_1,15,nearest,,5.0,33.0,0.6384469055335062,1.6670710159079156,1.6940429386665763,1.9106534263107715
adkavy,markov_order_2,15,linear,,5.0,2015.0,0.7431111698965337,2.26437143339965,1.6863238479722933,1.84751233289944
adkavy,markov_order_2,15,nearest,,5.0,33.0,0.6468362847223734,1.6431892592707653,1.6940429386665763,1.9106534263107715
adkavy,vq_ctw,15,linear,256.0,5.0,2015.0,0.9839383751959174,0.14417311701413388,7.265771843851688,7.265771843851688
adkavy,vq_ctw,15,nearest,256.0,5.0,33.0,0.9765091172293543,0.18410676202163367,4.239603706454627,4.239603706454627
adkavy,vq_ctw,15,linear,512.0,5.0,2015.0,0.95533839915788,0.41163423817133804,6.530031537743627,6.530031537743627
adkavy,vq_ctw,15,nearest,512.0,5.0,33.0,0.9999999999980905,0.18140104630996998,4.483897645644763,4.483897645644763
adkavy,vq_ctw,15,linear,1024.0,5.0,2015.0,0.9856077969879444,0.1458764099209944,6.973647573402295,6.973647573402295
adkavy,vq_ctw,15,nearest,1024.0,5.0,33.0,0.9793697432023198,0.16559503731194025,4.647449580766044,4.647449580766044
adners,direct_ctw,15,linear,,5.0,2015.0,0.8584796982460936,1.295808047742032,1.694042624660557,1.8414108444841988
adners,direct_ctw,15,nearest,,5.0,66.0,0.8164217848215048,1.0298915787264702,1.7823552642940779,1.951132888835617
adners,markov_order_1,15,linear,,5.0,2015.0,0.7998974719078802,1.7226457440740046,1.694042624660557,1.8414108444841988
adners,markov_order_1,15,nearest,,5.0,66.0,0.707689244202699,1.4371176749402814,1.7823552642940779,1.951132888835617
adners,markov_order_2,15,linear,,5.0,2015.0,0.7732971503859508,1.9057334487661788,1.694042624660557,1.8414108444841988
adners,markov_order_2,15,nearest,,5.0,66.0,0.681148222336804,1.5242718732583536,1.7823552642940779,1.951132888835617
adners,vq_ctw,15,linear,256.0,5.0,2015.0,0.9999999999980905,0.05563245976015439,4.798008222640887,4.798008222640887
adners,vq_ctw,15,nearest,256.0,5.0,66.0,0.9999999999990742,0.09802070612194515,3.4318673781369164,3.4318673781369164
adners,vq_ctw,15,linear,512.0,5.0,2015.0,0.9783366053006358,0.20667990905762249,4.462110922919259,4.462110922919259
adners,vq_ctw,15,nearest,512.0,5.0,66.0,1.0,0.0,3.8249367307929045,3.8249367307929045
adners,vq_ctw,15,linear,1024.0,5.0,2015.0,0.9951001334401656,0.05241465208176473,4.9227350482648715,4.9227350482648715
adners,vq_ctw,15,nearest,1024.0,5.0,66.0,1.0,0.0,3.849699891807692,3.849699891807692
adpaif,direct_ctw,15,linear,,5.0,1983.0,0.8686902701439878,1.2053416930702139,1.7808261151946216,1.935384004436253
adpaif,direct_ctw,15,nearest,,5.0,110.0,0.8466724956051963,0.9107792119774825,1.5141136525098542,1.7362238462570565
adpaif,markov_order_1,15,linear,,5.0,1983.0,0.8144938321777848,1.6022339489892283,1.7808261151946216,1.935384004436253
adpaif,markov_order_1,15,nearest,,5.0,110.0,0.7124571022504543,1.4181600502325233,1.5141136525098542,1.7362238462570565
adpaif,markov_order_2,15,linear,,5.0,1983.0,0.792426141589528,1.7553618065723555,1.7808261151946216,1.935384004436253
adpaif,markov_order_2,15,nearest,,5.0,110.0,0.72587626286081,1.3849401414184022,1.5141136525098542,1.7362238462570565
adpaif,vq_ctw,15,linear,256.0,5.0,1983.0,0.9941541615398031,0.06104111548162615,4.3281628094064875,4.3281628094064875
adpaif,vq_ctw,15,nearest,256.0,5.0,110.0,0.9929155346959673,0.15651174484855992,3.857163030297233,3.857163030297233
adpaif,vq_ctw,15,linear,512.0,5.0,1983.0,0.9856430025237678,0.14557067064990487,4.08833596345843,4.08833596345843
adpaif,vq_ctw,15,nearest,512.0,5.0,110.0,0.999999999999375,0.053633709196179956,3.7887933109620433,3.7887933109620433
adpaif,vq_ctw,15,linear,1024.0,5.0,1983.0,0.9941643971241441,0.06337102869418125,4.3188681852673305,4.3188681852673305
adpaif,vq_ctw,15,nearest,1024.0,5.0,110.0,0.9849268389280708,0.11205918318241632,3.98138967840933,3.98138967840933
aducri,direct_ctw,15,linear,,5.0,2015.0,0.8718288511437844,1.290011678394371,1.7451583743520578,1.8891782382518079
aducri,direct_ctw,15,nearest,,5.0,218.0,0.8808702287241066,0.8684407392394693,1.516756864220686,1.7178060792150074
aducri,markov_order_1,15,linear,,5.0,2015.0,0.7870047278987558,1.9729330477337337,1.7451583743520578,1.8891782382518079
aducri,markov_order_1,15,nearest,,5.0,218.0,0.7981204704910645,1.240812297089286,1.516756864220686,1.7178060792150074
aducri,markov_order_2,15,linear,,5.0,2015.0,0.7419252766116806,2.309018184594753,1.7451583743520578,1.8891782382518079
aducri,markov_order_2,15,nearest,,5.0,218.0,0.7806465252209663,1.3135352783112304,1.516756864220686,1.7178060792150074
aducri,vq_ctw,15,linear,256.0,5.0,2015.0,0.98565935998243,0.1310879328211768,6.340692074394131,6.340692074394131
aducri,vq_ctw,15,nearest,256.0,5.0,218.0,0.9809855484674891,0.22092059507482703,4.52460316674681,4.52460316674681
aducri,vq_ctw,15,linear,512.0,5.0,2015.0,0.9716406277138621,0.27599334009905835,6.278358258803047,6.278358258803047
aducri,vq_ctw,15,nearest,512.0,5.0,218.0,0.9999999999996146,0.0418845996674101,4.343754678474283,4.343754678474283
aducri,vq_ctw,15,linear,1024.0,5.0,2015.0,0.9905332720945091,0.1017079261218146,6.428486448816201,6.428486448816201
aducri,vq_ctw,15,nearest,1024.0,5.0,218.0,0.9999999999996146,0.031952474231668644,4.327469677634719,4.327469677634719
afmorc,direct_ctw,15,linear,,5.0,2015.0,0.885065413370424,1.1088262357518268,1.6652753703622423,1.831751278335951
afmorc,markov_order_1,15,linear,,5.0,2015.0,0.8271180480071786,1.558041918559205,1.6652753703622423,1.831751278335951
afmorc,markov_order_2,15,linear,,5.0,2015.0,0.8015476161957276,1.7448059838905976,1.6652753703622423,1.831751278335951
afmorc,vq_ctw,15,linear,256.0,5.0,2015.0,0.9922044886906566,0.07815125000247512,4.703704481449519,4.703704481449519
afmorc,vq_ctw,15,linear,512.0,5.0,2015.0,0.9842878541230085,0.16377205269743864,4.308261350120142,4.308261350120142
afmorc,vq_ctw,15,linear,1024.0,5.0,2015.0,0.9927682312690344,0.08051752989280914,4.5676585585848315,4.5676585585848315
afpans,direct_ctw,15,linear,,5.0,2015.0,0.8700540785786746,1.0649743540502168,1.6041304803702654,1.7591829043789797
afpans,direct_ctw,15,nearest,,5.0,113.0,0.8158704549095157,1.0455464173803841,1.540766927482113,1.7177078017673681
afpans,markov_order_1,15,linear,,5.0,2015.0,0.8411364915075409,1.252246107856261,1.6041304803702654,1.7591829043789797
afpans,markov_order_1,15,nearest,,5.0,113.0,0.660459790277011,1.590227318222979,1.540766927482113,1.7177078017673681
afpans,markov_order_2,15,linear,,5.0,2015.0,0.8336953140672141,1.2989154608839464,1.6041304803702654,1.7591829043789797
afpans,markov_order_2,15,nearest,,5.0,113.0,0.6500531546881849,1.6223806300542722,1.540766927482113,1.7177078017673681
afpans,vq_ctw,15,linear,256.0,5.0,2015.0,0.9999999999980905,0.017667433380532623,3.529953790441917,3.529953790441917
afpans,vq_ctw,15,nearest,256.0,5.0,113.0,0.9999999999993072,0.06068045631981871,3.770664032337646,3.770664032337646
afpans,vq_ctw,15,linear,512.0,5.0,2015.0,0.9960806469452191,0.04089857799088624,3.664272025813628,3.664272025813628
afpans,vq_ctw,15,nearest,512.0,5.0,113.0,1.0,0.0,3.917341709540185,3.917341709540185
afpans,vq_ctw,15,linear,1024.0,5.0,2015.0,0.9999999999980905,0.006234694673792598,3.688317474982439,3.688317474982439
afpans,vq_ctw,15,nearest,1024.0,5.0,113.0,1.0,0.0,4.072112862778554,4.072112862778554
afsfat,direct_ctw,15,linear,,5.0,2005.0,0.8652044139445906,1.250406987128245,1.7287120030038143,1.879486456262682
afsfat,markov_order_1,15,linear,,5.0,2005.0,0.8031268521729849,1.7087358861987763,1.7287120030038143,1.879486456262682
afsfat,markov_order_2,15,linear,,5.0,2005.0,0.7744511668273812,1.9079280587123304,1.7287120030038143,1.879486456262682
afsfat,vq_ctw,15,linear,256.0,5.0,2005.0,0.9931412108989348,0.07003186505030266,5.197257058051616,5.197257058051616
afsfat,vq_ctw,15,linear,512.0,5.0,2005.0,0.986829428277751,0.138120386667769,5.5648445481783515,5.5648445481783515
afsfat,vq_ctw,15,linear,1024.0,5.0,2005.0,0.994921730757516,0.056168059982949395,5.439123010120708,5.439123010120708
afweka,direct_ctw,15,linear,,5.0,2014.0,0.8834262360170732,1.126716984882235,1.697662198743131,1.868970122518315
afweka,direct_ctw,15,nearest,,5.0,229.0,0.8476343873661942,0.9210582751911346,1.5755237206177897,1.7739508523592158
afweka,markov_order_1,15,linear,,5.0,2014.0,0.8324027880146505,1.5252684504398972,1.697662198743131,1.868970122518315
afweka,markov_order_1,15,nearest,,5.0,229.0,0.7257423914973857,1.417678260094487,1.5755237206177897,1.7739508523592158
afweka,markov_order_2,15,linear,,5.0,2014.0,0.8087553565558856,1.7003479600183764,1.697662198743131,1.868970122518315
afweka,markov_order_2,15,nearest,,5.0,229.0,0.6988334851060967,1.5087390010350856,1.5755237206177897,1.7739508523592158
afweka,vq_ctw,15,linear,256.0,5.0,2014.0,0.9962040115487151,0.04200726049906562,4.118197358874039,4.118197358874039
afweka,vq_ctw,15,nearest,256.0,5.0,229.0,0.9783336411604057,0.2034832994226426,4.165212272434447,4.165212272434447
afweka,vq_ctw,15,linear,512.0,5.0,2014.0,0.9904441646203136,0.10650152619820208,4.080607334729152,4.080607334729152
afweka,vq_ctw,15,nearest,512.0,5.0,229.0,0.9814241348536249,0.1523626888223805,4.41172710112803,4.41172710112803
afweka,vq_ctw,15,linear,1024.0,5.0,2014.0,0.9967073966389832,0.03848023684677221,4.1629865805867565,4.1629865805867565
afweka,vq_ctw,15,nearest,1024.0,5.0,229.0,0.9911965550652954,0.08788583920719377,4.339624040828159,4.339624040828159
agcowk,direct_ctw,15,linear,,5.0,2015.0,0.899448697876434,0.9488508777035711,1.6647077472432406,1.8070818956234942
agcowk,direct_ctw,15,nearest,,5.0,226.0,0.8294669710967769,0.959692833088398,1.6532612190489482,1.840113485401708
agcowk,markov_order_1,15,linear,,5.0,2015.0,0.8572694485767118,1.2700131652266156,1.6647077472432406,1.8070818956234942
agcowk,markov_order_1,15,nearest,,5.0,226.0,0.7285044874488628,1.3099867976963147,1.6532612190489482,1.840113485401708
agcowk,markov_order_2,15,linear,,5.0,2015.0,0.8402920435758021,1.3930038016743407,1.6647077472432406,1.8070818956234942
agcowk,markov_order_2,15,nearest,,5.0,226.0,0.7296598885493267,1.3217962539688508,1.6532612190489482,1.840113485401708
agcowk,vq_ctw,15,linear,256.0,5.0,2015.0,0.9994616413013333,0.007475871667275437,4.066501260869585,4.066501260869585
agcowk,vq_ctw,15,nearest,256.0,5.0,226.0,0.9909320683908652,0.1340097291362117,3.7611264805314204,3.7611264805314204
agcowk,vq_ctw,15,linear,512.0,5.0,2015.0,0.9927586045804823,0.08061076386998807,3.830886739899741,3.830886739899741
agcowk,vq_ctw,15,nearest,512.0,5.0,226.0,0.9999999999987834,0.09270900842877364,4.041241412651276,4.041241412651276
agcowk,vq_ctw,15,linear,1024.0,5.0,2015.0,0.9989200387634836,0.013911718319244435,3.9955397862370257,3.9955397862370257
agcowk,vq_ctw,15,nearest,1024.0,5.0,226.0,1.0,0.0,3.9565676634697238,3.9565676634697238
agdrea,direct_ctw,15,linear,,5.0,2015.0,0.8455345907125231,1.4788949287988986,1.6419809697188206,1.7971530766276889
agdrea,direct_ctw,15,nearest,,5.0,76.0,0.813447640859661,0.9929198557312574,1.7095904128461772,1.9012179420827084
agdrea,markov_order_1,15,linear,,5.0,2015.0,0.7549304951966764,2.1646298748217623,1.6419809697188206,1.7971530766276889
agdrea,markov_order_1,15,nearest,,5.0,76.0,0.734311926901166,1.4113848593231149,1.7095904128461772,1.9012179420827084
agdrea,markov_order_2,15,linear,,5.0,2015.0,0.7155653093355122,2.4413410051168896,1.6419809697188206,1.7971530766276889
agdrea,markov_order_2,15,nearest,,5.0,76.0,0.7171179203290783,1.4467948326345526,1.7095904128461772,1.9012179420827084
agdrea,vq_ctw,15,linear,256.0,5.0,2015.0,0.9731181475207992,0.22111167447766159,6.258783843701503,6.258783843701503
agdrea,vq_ctw,15,nearest,256.0,5.0,76.0,0.9908982736151618,0.07506142023828033,3.238488648894096,3.238488648894096
agdrea,vq_ctw,15,linear,512.0,5.0,2015.0,0.9418846374601602,0.5129727879294353,5.781575271116457,5.781575271116457
agdrea,vq_ctw,15,nearest,512.0,5.0,76.0,0.9999999999990202,0.07125050767915969,3.7663309490284957,3.7663309490284957
agdrea,vq_ctw,15,linear,1024.0,5.0,2015.0,0.9760783954397567,0.21847051501481296,6.557653090434804,6.557653090434804
agdrea,vq_ctw,15,nearest,1024.0,5.0,76.0,1.0,0.0,4.739813139574518,4.739813139574518
aggjuo,direct_ctw,15,linear,,5.0,2016.0,0.858858066668482,1.207161809894297,1.6340960121746928,1.8072392945744267
aggjuo,direct_ctw,15,nearest,,5.0,136.0,0.852741993268373,0.9558595230881681,1.4977425690208197,1.7111202224735012
aggjuo,markov_order_1,15,linear,,5.0,2016.0,0.8068017328617546,1.5567023616526872,1.6340960121746928,1.8072392945744267
aggjuo,markov_order_1,15,nearest,,5.0,136.0,0.7040640812607935,1.5772853768204884,1.4977425690208197,1.7111202224735012
aggjuo,markov_order_2,15,linear,,5.0,2016.0,0.7914608369750196,1.6546513078923808,1.6340960121746928,1.8072392945744267
aggjuo,markov_order_2,15,nearest,,5.0,136.0,0.7007308477940138,1.589530132378032,1.4977425690208197,1.7111202224735012
aggjuo,vq_ctw,15,linear,256.0,5.0,2016.0,0.9999999999980905,0.017659739002870593,4.947878101265507,4.947878101265507
aggjuo,vq_ctw,15,nearest,256.0,5.0,136.0,0.9999999999986663,0.10279210527581886,4.552595206045106,4.552595206045106
aggjuo,vq_ctw,15,linear,512.0,5.0,2016.0,0.9942880482548508,0.05983457872453612,4.920276049094012,4.920276049094012
aggjuo,vq_ctw,15,nearest,512.0,5.0,136.0,0.9999999999991156,0.05522323318722786,4.610442242198333,4.610442242198333
aggjuo,vq_ctw,15,linear,1024.0,5.0,2016.0,0.9999999999980905,0.006670512601248477,4.976174990719419,4.976174990719419
aggjuo,vq_ctw,15,nearest,1024.0,5.0,136.0,1.0,0.0,4.834375647258,4.834375647258
agivle,direct_ctw,15,linear,,5.0,2015.0,0.863429732299847,1.2517816047948802,1.6247150784053068,1.797661354482999
agivle,direct_ctw,15,nearest,,5.0,305.0,0.8271405574748406,0.9449756797236268,1.5395429361569242,1.722482931025721
agivle,markov_order_1,15,linear,,5.0,2015.0,0.8160504463879124,1.5999635908904095,1.6247150784053068,1.797661354482999
agivle,markov_order_1,15,nearest,,5.0,305.0,0.7286515175959591,1.3648742150687427,1.5395429361569242,1.722482931025721
agivle,markov_order_2,15,linear,,5.0,2015.0,0.7902419535088135,1.7802025400708064,1.6247150784053068,1.797661354482999
agivle,markov_order_2,15,nearest,,5.0,305.0,0.7303982113443334,1.3493784990336655,1.5395429361569242,1.722482931025721
agivle,vq_ctw,15,linear,256.0,5.0,2015.0,0.9944640531311167,0.055003222147819955,4.56416833762031,4.56416833762031
agivle,vq_ctw,15,nearest,256.0,5.0,305.0,0.9801347728931536,0.26039545175071077,4.509528991275235,4.509528991275235
agivle,vq_ctw,15,linear,512.0,5.0,2015.0,0.9860153789331264,0.14543907823954658,4.293599354018321,4.293599354018321
agivle,vq_ctw,15,nearest,512.0,5.0,305.0,0.9960889251172154,0.07208584582706047,3.9097124493864954,3.9097124493864954
agivle,vq_ctw,15,linear,1024.0,5.0,2015.0,0.997711699644156,0.02794598470644406,4.7746287169084605,4.7746287169084605
agivle,vq_ctw,15,nearest,1024.0,5.0,305.0,0.9934373253186004,0.06438237025861272,3.8184897978899444,3.8184897978899444
agjitf,direct_ctw,15,linear,,5.0,2015.0,0.8664593939894931,1.2347719960031922,1.6025528078341316,1.7845693324701328
agjitf,direct_ctw,15,nearest,,5.0,227.0,0.8368828296870033,0.9376061851514287,1.5293049572060908,1.7061142169714423
agjitf,markov_order_1,15,linear,,5.0,2015.0,0.8232534155534169,1.556640733267386,1.6025528078341316,1.7845693324701328
agjitf,markov_order_1,15,nearest,,5.0,227.0,0.7205080543490309,1.3629838294503451,1.5293049572060908,1.7061142169714423
agjitf,markov_order_2,15,linear,,5.0,2015.0,0.7975629431014983,1.738960797557146,1.6025528078341316,1.7845693324701328
agjitf,markov_order_2,15,nearest,,5.0,227.0,0.7356962173504991,1.319856623979047,1.5293049572060908,1.7061142169714423
agjitf,vq_ctw,15,linear,256.0,5.0,2015.0,0.9969877687389336,0.03257870202390244,4.081547904716106,4.081547904716106
agjitf,vq_ctw,15,nearest,256.0,5.0,227.0,0.9891669643693392,0.1712407590318001,4.209228084955792,4.209228084955792
agjitf,vq_ctw,15,linear,512.0,5.0,2015.0,0.9908767742153218,0.10053511185160181,3.958342911892729,3.958342911892729
agjitf,vq_ctw,15,nearest,512.0,5.0,227.0,0.9999999999994617,0.03299738325292262,3.5833367266546983,3.5833367266546983
agjitf,vq_ctw,15,linear,1024.0,5.0,2015.0,0.9977741107130945,0.026348860183433638,4.186241679657453,4.186241679657453
agjitf,vq_ctw,15,nearest,1024.0,5.0,227.0,0.9999999999994617,0.03275500188250839,3.8822306774065156,3.8822306774065156
agsuec,direct_ctw,15,linear,,5.0,2013.0,0.8644270288343237,1.3126777141349781,1.7089148841021242,1.8615531163743924
agsuec,direct_ctw,15,nearest,,5.0,147.0,0.8404845942037028,0.9918546743630992,1.7162249522046413,1.8545072395014706
agsuec,markov_order_1,15,linear,,5.0,2013.0,0.7901164427888598,1.8871050333229058,1.7089148841021242,1.8615531163743924
agsuec,markov_order_1,15,nearest,,5.0,147.0,0.6612768486518272,1.6921884611140843,1.7162249522046413,1.8545072395014706
agsuec,markov_order_2,15,linear,,5.0,2013.0,0.7514302510239277,2.166052897354712,1.7089148841021242,1.8615531163743924
agsuec,markov_order_2,15,nearest,,5.0,147.0,0.668453591794617,1.671578581671888,1.7162249522046413,1.8545072395014706
agsuec,vq_ctw,15,linear,256.0,5.0,2013.0,0.9899892945967826,0.09673069015107204,5.327627578292584,5.327627578292584
agsuec,vq_ctw,15,nearest,256.0,5.0,147.0,0.986070998912837,0.21221027971098272,4.520202113124722,4.520202113124722
agsuec,vq_ctw,15,linear,512.0,5.0,2013.0,0.9751099536651556,0.23795461797369433,5.077867354679459,5.077867354679459
agsuec,vq_ctw,15,nearest,512.0,5.0,147.0,0.9999999999990128,0.10945170151489292,4.802096127316852,4.802096127316852
agsuec,vq_ctw,15,linear,1024.0,5.0,2013.0,0.9904771551654643,0.09665873691510282,5.468693869166459,5.468693869166459
agsuec,vq_ctw,15,nearest,1024.0,5.0,147.0,0.9938907214119521,0.10809448061313184,4.812317738378062,4.812317738378062
agvexp,direct_ctw,15,linear,,5.0,2012.0,0.8314577005214879,1.5689144286487762,1.6757607577213367,1.8317468339806613
agvexp,markov_order_1,15,linear,,5.0,2012.0,0.7372038094613148,2.2569383224852735,1.6757607577213367,1.8317468339806613
agvexp,markov_order_2,15,linear,,5.0,2012.0,0.6925489415585403,2.5585200417252856,1.6757607577213367,1.8317468339806613
agvexp,vq_ctw,15,linear,256.0,5.0,2012.0,0.9839188251198137,0.14432015204975887,6.370226596966989,6.370226596966989
agvexp,vq_ctw,15,linear,512.0,5.0,2012.0,0.9488704299719875,0.44456475891593983,6.015086211809909,6.015086211809909
agvexp,vq_ctw,15,linear,1024.0,5.0,2012.0,0.9854497600307991,0.13873597391379,6.677807102660865,6.677807102660865
agyamk,direct_ctw,15,linear,,5.0,2008.0,0.9065209126848514,0.94546614386065,1.6905441200379334,1.8106694587409944
agyamk,markov_order_1,15,linear,,5.0,2008.0,0.8496244707778089,1.4110670231791322,1.6905441200379334,1.8106694587409944
agyamk,markov_order_2,15,linear,,5.0,2008.0,0.8229248773125526,1.616017587885764,1.6905441200379334,1.8106694587409944
agyamk,vq_ctw,15,linear,256.0,5.0,2008.0,0.9790712081584811,0.17979551133091948,6.6468445318516425,6.6468445318516425
agyamk,vq_ctw,15,linear,512.0,5.0,2008.0,0.9511721505832682,0.4361773456925632,6.3965300347249165,6.3965300347249165
agyamk,vq_ctw,15,linear,1024.0,5.0,2008.0,0.9764507686476939,0.22180341949686683,6.941461961100822,6.941461961100822
aichas,direct_ctw,15,linear,,5.0,2015.0,0.8840600168179258,1.1303662011746045,1.5601429599504388,1.7312708396520247
aichas,markov_order_1,15,linear,,5.0,2015.0,0.8090879780641629,1.7124222694935536,1.5601429599504388,1.7312708396520247
aichas,markov_order_2,15,linear,,5.0,2015.0,0.7845627861091764,1.890420362496196,1.5601429599504388,1.7312708396520247
aichas,vq_ctw,15,linear,256.0,5.0,2015.0,0.9843412741892598,0.14113510389801118,5.696265655003847,5.696265655003847
aichas,vq_ctw,15,linear,512.0,5.0,2015.0,0.9671563124274805,0.3125702440014678,5.586472865772237,5.586472865772237
aichas,vq_ctw,15,linear,1024.0,5.0,2015.0,0.9883702953801967,0.12147549212007765,6.054786435211091,6.054786435211091
ailbcu,direct_ctw,15,linear,,5.0,2011.0,0.889797103532276,1.065789497241992,1.7057703839070562,1.857631421100317
ailbcu,direct_ctw,15,nearest,,5.0,106.0,0.8245909018207654,0.9725331215332707,1.7060374319827334,1.870619539834757
ailbcu,markov_order_1,15,linear,,5.0,2011.0,0.830870470933653,1.523222851988281,1.7057703839070562,1.857631421100317
ailbcu,markov_order_1,15,nearest,,5.0,106.0,0.6949315053189474,1.407429812154296,1.7060374319827334,1.870619539834757
ailbcu,markov_order_2,15,linear,,5.0,2011.0,0.8018973656283708,1.7342415727409732,1.7057703839070562,1.857631421100317
ailbcu,markov_order_2,15,nearest,,5.0,106.0,0.7268956545928021,1.3157879911644053,1.7060374319827334,1.870619539834757
ailbcu,vq_ctw,15,linear,256.0,5.0,2011.0,0.994150040844864,0.06107817847784198,5.482035167660618,5.482035167660618
ailbcu,vq_ctw,15,nearest,256.0,5.0,106.0,0.999999999998739,0.12467606760067648,3.1924826377759548,3.1924826377759548
ailbcu,vq_ctw,15,linear,512.0,5.0,2011.0,0.9839680019931037,0.16354762175773857,5.704720940096163,5.704720940096163
ailbcu,vq_ctw,15,nearest,512.0,5.0,106.0,1.0,0.0,3.5505276263325736,3.5505276263325736
ailbcu,vq_ctw,15,linear,1024.0,5.0,2011.0,0.9962862996752926,0.04492798345542438,5.979947895314241,5.979947895314241
ailbcu,vq_ctw,15,nearest,1024.0,5.0,106.0,1.0,0.0,3.625979450634718,3.625979450634718
aimidd,direct_ctw,15,linear,,5.0,2015.0,0.8818532778233569,1.1440355424815285,1.588357998336299,1.7687518784180414
aimidd,direct_ctw,15,nearest,,5.0,125.0,0.8435031810896587,0.9096665960322904,1.4590362641712775,1.6629569489709854
aimidd,markov_order_1,15,linear,,5.0,2015.0,0.8192454222874385,1.6303119222321136,1.588357998336299,1.7687518784180414
aimidd,markov_order_1,15,nearest,,5.0,125.0,0.7422635578289438,1.29148417829961,1.4590362641712775,1.6629569489709854
aimidd,markov_order_2,15,linear,,5.0,2015.0,0.789682148111172,1.8458227045803954,1.588357998336299,1.7687518784180414
aimidd,markov_order_2,15,nearest,,5.0,125.0,0.7302003054115973,1.3354706681851976,1.4590362641712775,1.6629569489709854
aimidd,vq_ctw,15,linear,256.0,5.0,2015.0,0.9938618445293413,0.06366003684118977,6.425513867783669,6.425513867783669
aimidd,vq_ctw,15,nearest,256.0,5.0,125.0,0.9692820439223724,0.328151451062279,4.930126308614487,4.930126308614487
aimidd,vq_ctw,15,linear,512.0,5.0,2015.0,0.9801158992913263,0.19661103427362314,5.966770153329204,5.966770153329204
aimidd,vq_ctw,15,nearest,512.0,5.0,125.0,0.9999999999993584,0.07242685345262177,4.809928656037338,4.809928656037338
aimidd,vq_ctw,15,linear,1024.0,5.0,2015.0,0.9938285994129856,0.06651795043508002,5.722987975833625,5.722987975833625
aimidd,vq_ctw,15,nearest,1024.0,5.0,125.0,0.9905260511787233,0.07172265615300077,4.915343898585017,4.915343898585017
ainpli,direct_ctw,15,linear,,5.0,2014.0,0.8548312666818854,1.353866561625076,1.7298997940340382,1.883852620671549
ainpli,direct_ctw,15,nearest,,5.0,337.0,0.8291743118267034,0.9974602193200683,1.8110028654158987,1.954552272914792
ainpli,markov_order_1,15,linear,,5.0,2014.0,0.7914709933678379,1.8249837008351824,1.7298997940340382,1.883852620671549
ainpli,markov_order_1,15,nearest,,5.0,337.0,0.6766088683868319,1.5769593575089118,1.8110028654158987,1.954552272914792
ainpli,markov_order_2,15,linear,,5.0,2014.0,0.7615679557488191,2.034523702022298,1.7298997940340382,1.883852620671549
ainpli,markov_order_2,15,nearest,,5.0,337.0,0.6773813333702857,1.5769663680723185,1.8110028654158987,1.954552272914792
ainpli,vq_ctw,15,linear,256.0,5.0,2014.0,0.9907425374394014,0.09050212473630358,4.915023303447208,4.915023303447208
ainpli,vq_ctw,15,nearest,256.0,5.0,337.0,0.9759949312043893,0.22358454970327746,4.161558977622818,4.161558977622818
ainpli,vq_ctw,15,linear,512.0,5.0,2014.0,0.9757026155993607,0.24195346687135508,4.58718535360274,4.58718535360274
ainpli,vq_ctw,15,nearest,512.0,5.0,337.0,0.99513341664021,0.11637730627275493,4.774389554511433,4.774389554511433
ainpli,vq_ctw,15,linear,1024.0,5.0,2014.0,0.9926193294221928,0.0819575696971294,4.942047017284078,4.942047017284078
ainpli,vq_ctw,15,nearest,1024.0,5.0,337.0,0.9891281789833686,0.1464655016997638,4.868407992723648,4.868407992723648
aitpyg,direct_ctw,15,linear,,5.0,2015.0,0.8693522706736874,1.1938960991068686,1.579070603801888,1.7522812370224323
aitpyg,direct_ctw,15,nearest,,5.0,78.0,0.8252642679317225,0.9944345147644185,1.698732935175319,1.8911391143486018
aitpyg,markov_order_1,15,linear,,5.0,2015.0,0.8180172532441253,1.5684641230175935,1.579070603801888,1.7522812370224323
aitpyg,markov_order_1,15,nearest,,5.0,78.0,0.6564381769049219,1.587205518161282,1.698732935175319,1.8911391143486018
aitpyg,markov_order_2,15,linear,,5.0,2015.0,0.7946509597235054,1.730079764609689,1.579070603801888,1.7522812370224323
aitpyg,markov_order_2,15,nearest,,5.0,78.0,0.6942934737333915,1.4840513029696327,1.698732935175319,1.8911391143486018
aitpyg,vq_ctw,15,linear,256.0,5.0,2015.0,0.9935173133407396,0.0667208715411915,4.567377011742211,4.567377011742211
aitpyg,vq_ctw,15,nearest,256.0,5.0,78.0,0.9719129831045257,0.19946627593071578,3.7626781857134994,3.7626781857134994
aitpyg,vq_ctw,15,linear,512.0,5.0,2015.0,0.9845844062792224,0.16110811078929327,4.275365920886399,4.275365920886399
aitpyg,vq_ctw,15,nearest,512.0,5.0,78.0,0.9999999999990697,0.08639908854210586,3.915564021213968,3.915564021213968
aitpyg,vq_ctw,15,linear,1024.0,5.0,2015.0,0.994991576356289,0.05549585752165105,4.653353455816763,4.653353455816763
aitpyg,vq_ctw,15,nearest,1024.0,5.0,78.0,0.9846829816594465,0.11351473303266427,4.264770450562677,4.264770450562677
aivtyt,direct_ctw,15,linear,,5.0,1649.0,0.8729395220863625,1.1393716532585507,1.4794420994474315,1.6546290465419207
aivtyt,direct_ctw,15,nearest,,5.0,139.0,0.8806125000955006,0.9123470626674046,1.566855200467135,1.74001675961838
aivtyt,markov_order_1,15,linear,,5.0,1649.0,0.8246740150491734,1.483933205899192,1.4794420994474315,1.6546290465419207
aivtyt,markov_order_1,15,nearest,,5.0,139.0,0.7804591312423533,1.310014974152176,1.566855200467135,1.74001675961838
aivtyt,markov_order_2,15,linear,,5.0,1649.0,0.8031079119822002,1.6300070945197918,1.4794420994474315,1.6546290465419207
aivtyt,markov_order_2,15,nearest,,5.0,139.0,0.7794988509251116,1.306515962597302,1.566855200467135,1.74001675961838
aivtyt,vq_ctw,15,linear,256.0,5.0,1649.0,0.9939674619517188,0.05918736555372616,5.077754080504016,5.077754080504016
aivtyt,vq_ctw,15,nearest,256.0,5.0,139.0,0.9999999999985576,0.18575002027333198,3.7017520301605082,3.7017520301605082
aivtyt,vq_ctw,15,linear,512.0,5.0,1649.0,0.976947358051758,0.21784339512494444,4.43187865302705,4.43187865302705
aivtyt,vq_ctw,15,nearest,512.0,5.0,139.0,1.0,0.0,3.3638375829210325,3.3638375829210325
aivtyt,vq_ctw,15,linear,1024.0,5.0,1649.0,0.9965257281718624,0.03889177063080117,5.154914393986058,5.154914393986058
aivtyt,vq_ctw,15,nearest,1024.0,5.0,139.0,1.0,0.0,3.4317382654404556,3.4317382654404556
aiwalb,direct_ctw,15,linear,,5.0,2015.0,0.8505582095815308,1.3687211759559756,1.7001033298621555,1.864231963381491
aiwalb,direct_ctw,15,nearest,,5.0,154.0,0.8253010126399158,1.0760405953353334,1.7506643158798811,1.9100391293540115
aiwalb,markov_order_1,15,linear,,5.0,2015.0,0.7812578611768746,1.8707065283258826,1.7001033298621555,1.864231963381491
aiwalb,markov_order_1,15,nearest,,5.0,154.0,0.671388989287636,1.6677384013215915,1.7506643158798811,1.9100391293540115
aiwalb,markov_order_2,15,linear,,5.0,2015.0,0.7495075939800256,2.0864284446916135,1.7001033298621555,1.864231963381491
aiwalb,markov_order_2,15,nearest,,5.0,154.0,0.6805906356006345,1.6429525610754603,1.7506643158798811,1.9100391293540115
aiwalb,vq_ctw,15,linear,256.0,5.0,2015.0,0.9852585715697686,0.12553783611280003,5.044945823503304,5.044945823503304
aiwalb,vq_ctw,15,nearest,256.0,5.0,154.0,0.9840042447211248,0.15889714232469412,4.7005270703248465,4.7005270703248465
aiwalb,vq_ctw,15,linear,512.0,5.0,2015.0,0.9670520538047394,0.3134092779999081,5.033796945224635,5.033796945224635
aiwalb,vq_ctw,15,nearest,512.0,5.0,154.0,0.9790033606963509,0.15651549566903258,4.771848111404079,4.771848111404079
aiwalb,vq_ctw,15,linear,1024.0,5.0,2015.0,0.9908767835285476,0.08938287201319914,5.355309337243959,5.355309337243959
aiwalb,vq_ctw,15,nearest,1024.0,5.0,154.0,1.0,0.0,5.022477917672286,5.022477917672286
ajixdo,direct_ctw,15,linear,,5.0,1634.0,0.8797527687412775,1.0408726287023216,1.6264990303455644,1.7858173843202831
ajixdo,direct_ctw,15,nearest,,5.0,214.0,0.8441434358189421,0.9017201043751766,1.4911851623978705,1.6587259372254637
ajixdo,markov_order_1,15,linear,,5.0,1634.0,0.8355282637051116,1.3435648547563543,1.6264990303455644,1.7858173843202831
ajixdo,markov_order_1,15,nearest,,5.0,214.0,0.7307148935311107,1.323955140184753,1.4911851623978705,1.6587259372254637
ajixdo,markov_order_2,15,linear,,5.0,1634.0,0.8232672675215227,1.4236249004015675,1.6264990303455644,1.7858173843202831
ajixdo,markov_order_2,15,nearest,,5.0,214.0,0.7294053184560256,1.3363319995634533,1.4911851623978705,1.6587259372254637
ajixdo,vq_ctw,15,linear,256.0,5.0,1634.0,0.9999999999980905,0.04089280072501248,4.00113079359436,4.00113079359436
ajixdo,vq_ctw,15,nearest,256.0,5.0,214.0,0.9867195685744852,0.1515586888769467,3.985264238871171,3.985264238871171
ajixdo,vq_ctw,15,linear,512.0,5.0,1634.0,0.9884948910611691,0.11362382756158453,4.089368404538775,4.089368404538775
ajixdo,vq_ctw,15,nearest,512.0,5.0,214.0,0.999999999999081,0.08245188860141722,4.179398633019019,4.179398633019019
ajixdo,vq_ctw,15,linear,1024.0,5.0,1634.0,0.9971206335020787,0.03132937583960772,4.322942557506319,4.322942557506319
ajixdo,vq_ctw,15,nearest,1024.0,5.0,214.0,0.9968284737685257,0.08089818667496096,4.611766994371866,4.611766994371866
ajsips,direct_ctw,15,linear,,5.0,2014.0,0.8649823642910609,1.2846627286111154,1.6773005350410914,1.8390021010512059
ajsips,direct_ctw,15,nearest,,5.0,225.0,0.8299711553660453,1.0053419074402705,1.6077070670600384,1.787147824236604
ajsips,markov_order_1,15,linear,,5.0,2014.0,0.8064170678838547,1.7320704512441754,1.6773005350410914,1.8390021010512059
ajsips,markov_order_1,15,nearest,,5.0,225.0,0.6773008501826241,1.5746248603397743,1.6077070670600384,1.787147824236604
ajsips,markov_order_2,15,linear,,5.0,2014.0,0.7745846873434822,1.9613437400099412,1.6773005350410914,1.8390021010512059
ajsips,markov_order_2,15,nearest,,5.0,225.0,0.6709698551845835,1.6019214742700574,1.6077070670600384,1.787147824236604
ajsips,vq_ctw,15,linear,256.0,5.0,2014.0,0.993278588254648,0.06882603403682541,4.448685691992514,4.448685691992514
ajsips,vq_ctw,15,nearest,256.0,5.0,225.0,0.9717815041944508,0.22021657960974184,4.008919347011778,4.008919347011778
ajsips,vq_ctw,15,linear,512.0,5.0,2014.0,0.9829872888503249,0.17536015155063656,4.41405574831826,4.41405574831826
ajsips,vq_ctw,15,nearest,512.0,5.0,225.0,0.9999999999993551,0.08152434791368396,4.318473515269894,4.318473515269894
ajsips,vq_ctw,15,linear,1024.0,5.0,2014.0,0.9936530298718157,0.070195911091151,4.6756671327513795,4.6756671327513795
ajsips,vq_ctw,15,nearest,1024.0,5.0,225.0,0.9902282572280952,0.07674717336645549,4.253951102324536,4.253951102324536
ajsned,direct_ctw,15,linear,,5.0,2014.0,0.8581524614121121,1.376961729251648,1.6778494881827746,1.8408635121833572
ajsned,direct_ctw,15,nearest,,5.0,223.0,0.8326195746807843,1.0121972956703658,1.6573023247135907,1.8140150940594828
ajsned,markov_order_1,15,linear,,5.0,2014.0,0.7867291833384746,1.932320145517505,1.6778494881827746,1.8408635121833572
ajsned,markov_order_1,15,nearest,,5.0,223.0,0.6350118939181586,1.7751873409207228,1.6573023247135907,1.8140150940594828
ajsned,markov_order_2,15,linear,,5.0,2014.0,0.7467669117608761,2.22296803756095,1.6778494881827746,1.8408635121833572
ajsned,markov_order_2,15,nearest,,5.0,223.0,0.6409833787547656,1.7628476294592978,1.6573023247135907,1.8140150940594828
ajsned,vq_ctw,15,linear,256.0,5.0,2014.0,0.9915585186380841,0.08365372269468324,4.819895857698942,4.819895857698942
ajsned,vq_ctw,15,nearest,256.0,5.0,223.0,0.9662288390057627,0.21566771405730317,5.316498716663088,5.316498716663088
ajsned,vq_ctw,15,linear,512.0,5.0,2014.0,0.9806880278910676,0.1954957605918408,4.590398065087794,4.590398065087794
ajsned,vq_ctw,15,nearest,512.0,5.0,223.0,0.9999999999990068,0.17132204548871904,5.850721590494284,5.850721590494284
ajsned,vq_ctw,15,linear,1024.0,5.0,2014.0,0.9926333694301472,0.07751277299884049,4.79333435629041,4.79333435629041
ajsned,vq_ctw,15,nearest,1024.0,5.0,223.0,0.9849396663272101,0.18885486353190722,6.089529179219281,6.089529179219281
ajthof,direct_ctw,15,linear,,5.0,1984.0,0.8836339144319539,1.0592116535625629,1.59175994853786,1.7597613092511655
ajthof,direct_ctw,15,nearest,,5.0,132.0,0.8059937947994209,1.0726858577885712,1.7155406111322975,1.8948100725324653
ajthof,markov_order_1,15,linear,,5.0,1984.0,0.8415793743326947,1.3662003691635969,1.59175994853786,1.7597613092511655
ajthof,markov_order_1,15,nearest,,5.0,132.0,0.6471113229447956,1.5973534030544698,1.7155406111322975,1.8948100725324653
ajthof,markov_order_2,15,linear,,5.0,1984.0,0.8272538500889643,1.466156694449599,1.59175994853786,1.7597613092511655
ajthof,markov_order_2,15,nearest,,5.0,132.0,0.6706796290722586,1.5334070489042215,1.7155406111322975,1.8948100725324653
ajthof,vq_ctw,15,linear,256.0,5.0,1984.0,0.9970355163376616,0.032130727966399694,4.057488100865298,4.057488100865298
ajthof,vq_ctw,15,nearest,256.0,5.0,132.0,0.9909457120684098,0.1250761226332998,3.443347105273447,3.443347105273447
ajthof,vq_ctw,15,linear,512.0,5.0,1984.0,0.9932052961948242,0.07626456194895473,4.074646141918391,4.074646141918391
ajthof,vq_ctw,15,nearest,512.0,5.0,132.0,0.9999999999994648,0.050739367386250595,3.6584917514276563,3.6584917514276563
ajthof,vq_ctw,15,linear,1024.0,5.0,1984.0,0.998729540237858,0.016595014486647255,4.322152261673794,4.322152261673794
ajthof,vq_ctw,15,nearest,1024.0,5.0,132.0,1.0,0.0,3.9939422435724423,3.9939422435724423
ajtreo,direct_ctw,15,linear,,5.0,2010.0,0.8727835531309941,1.2221446497560386,1.7148521620081847,1.8715744676418848
ajtreo,direct_ctw,15,nearest,,5.0,32.0,0.8734561048324202,0.8009708300473022,1.6270293614402298,1.7923095062275802
ajtreo,markov_order_1,15,linear,,5.0,2010.0,0.797813329554033,1.7949178137395305,1.7148521620081847,1.8715744676418848
ajtreo,markov_order_1,15,nearest,,5.0,32.0,0.765145862183469,1.256085926230966,1.6270293614402298,1.7923095062275802
ajtreo,markov_order_2,15,linear,,5.0,2010.0,0.7698062947596616,1.9950151428323109,1.7148521620081847,1.8715744676418848
ajtreo,markov_order_2,15,nearest,,5.0,32.0,0.7511162615259743,1.3072715701792825,1.6270293614402298,1.7923095062275802
ajtreo,vq_ctw,15,linear,256.0,5.0,2010.0,0.9814445226210785,0.16266102758893675,6.095290600606052,6.095290600606052
ajtreo,vq_ctw,15,nearest,256.0,5.0,32.0,1.0,0.0,2.0820013298189366,2.0820013298189366
ajtreo,vq_ctw,15,linear,512.0,5.0,2010.0,0.9453885849498153,0.4589855938755628,5.898658293576848,5.898658293576848
ajtreo,vq_ctw,15,nearest,512.0,5.0,32.0,1.0,0.0,2.8199449653699995,2.8199449653699995
ajtreo,vq_ctw,15,linear,1024.0,5.0,2010.0,0.9793008181140486,0.17815588339654195,6.581050675245591,6.581050675245591
ajtreo,vq_ctw,15,nearest,1024.0,5.0,32.0,1.0,0.0,3.1261627894961515,3.1261627894961515
akgicj,direct_ctw,15,linear,,5.0,2015.0,0.8734689959666673,1.216614359235448,1.5987348917391846,1.758566282308986
akgicj,direct_ctw,15,nearest,,5.0,386.0,0.8589139177438326,0.8719244873850385,1.5110335080262158,1.6816683321106323
akgicj,markov_order_1,15,linear,,5.0,2015.0,0.8158422030240267,1.6624367989999647,1.5987348917391846,1.758566282308986
akgicj,markov_order_1,15,nearest,,5.0,386.0,0.7316029838667248,1.3438369251980447,1.5110335080262158,1.6816683321106323
akgicj,markov_order_2,15,linear,,5.0,2015.0,0.7865185791446219,1.8764200354532876,1.5987348917391846,1.758566282308986
akgicj,markov_order_2,15,nearest,,5.0,386.0,0.7544727656266454,1.280210232079017,1.5110335080262158,1.6816683321106323
akgicj,vq_ctw,15,linear,256.0,5.0,2015.0,0.9961152585737264,0.042859642643153034,4.8865514554326275,4.8865514554326275
akgicj,vq_ctw,15,nearest,256.0,5.0,386.0,0.9852743424200138,0.2031510679980004,4.610633959213871,4.610633959213871
akgicj,vq_ctw,15,linear,512.0,5.0,2015.0,0.9873544556602868,0.13336138359033142,4.610978995084438,4.610978995084438
akgicj,vq_ctw,15,nearest,512.0,5.0,386.0,0.9963324286657094,0.06389310983784796,4.527818215142534,4.527818215142534
akgicj,vq_ctw,15,linear,1024.0,5.0,2015.0,0.9957179180336515,0.04979633859315626,4.7798248485772445,4.7798248485772445
akgicj,vq_ctw,15,nearest,1024.0,5.0,386.0,0.9999999999997379,0.018551998872544214,4.457603521612306,4.457603521612306
akvutv,direct_ctw,15,linear,,5.0,2015.0,0.8766408126531785,1.1319716731827982,1.5935871119912133,1.767108907400436
akvutv,direct_ctw,15,nearest,,5.0,154.0,0.848737057638655,0.9221740304325972,1.7553099240131547,1.9066072109284389
akvutv,markov_order_1,15,linear,,5.0,2015.0,0.8339584230264023,1.446789769341017,1.5935871119912133,1.767108907400436
akvutv,markov_order_1,15,nearest,,5.0,154.0,0.7089944034644348,1.5002282665713,1.7553099240131547,1.9066072109284389
akvutv,markov_order_2,15,linear,,5.0,2015.0,0.8149167947552155,1.5808324949229995,1.5935871119912133,1.767108907400436
akvutv,markov_order_2,15,nearest,,5.0,154.0,0.6973966851183226,1.5459340972521227,1.7553099240131547,1.9066072109284389
akvutv,vq_ctw,15,linear,256.0,5.0,2015.0,0.9964832499671576,0.03724834998176144,4.305627059171873,4.305627059171873
akvutv,vq_ctw,15,nearest,256.0,5.0,154.0,0.9869580498689798,0.1316865518311047,3.866646101468942,3.866646101468942
akvutv,vq_ctw,15,linear,512.0,5.0,2015.0,0.9891025385722282,0.11727874676561947,3.9462400044896744,3.9462400044896744
akvutv,vq_ctw,15,nearest,512.0,5.0,154.0,1.0,0.0,4.299485395849928,4.299485395849928
akvutv,vq_ctw,15,linear,1024.0,5.0,2015.0,0.9956005976700091,0.049572437356240354,4.258248368098042,4.258248368098042
akvutv,vq_ctw,15,nearest,1024.0,5.0,154.0,0.9999999999995041,0.04427735412016388,4.048856096058986,4.048856096058986
akyeer,direct_ctw,15,linear,,5.0,1979.0,0.8922030505483577,1.074510289027607,1.554583563611857,1.7417998435693642
akyeer,direct_ctw,15,nearest,,5.0,177.0,0.8865902086547381,0.7196471671058673,1.398881426806463,1.608459505591148
akyeer,markov_order_1,15,linear,,5.0,1979.0,0.8243477235367088,1.6176457100630721,1.554583563611857,1.7417998435693642
akyeer,markov_order_1,15,nearest,,5.0,177.0,0.8021136320470892,1.0929046835819982,1.398881426806463,1.608459505591148
akyeer,markov_order_2,15,linear,,5.0,1979.0,0.7896859757305383,1.876162534490913,1.554583563611857,1.7417998435693642
akyeer,markov_order_2,15,nearest,,5.0,177.0,0.79491693961969,1.1194928900391914,1.398881426806463,1.608459505591148
akyeer,vq_ctw,15,linear,256.0,5.0,1979.0,0.9928819246114619,0.06813311634016621,7.073197592847911,7.073197592847911
akyeer,vq_ctw,15,nearest,256.0,5.0,177.0,0.9788833561556567,0.3547631280839868,5.281167903644718,5.281167903644718
akyeer,vq_ctw,15,linear,512.0,5.0,1979.0,0.9857010422555794,0.14506635389655723,6.869436527199131,6.869436527199131
akyeer,vq_ctw,15,nearest,512.0,5.0,177.0,0.9999999999988674,0.10172522108929911,4.484640689215397,4.484640689215397
akyeer,vq_ctw,15,linear,1024.0,5.0,1979.0,0.9940907620174707,0.06596579433371924,6.182780951592254,6.182780951592254
akyeer,vq_ctw,15,nearest,1024.0,5.0,177.0,0.9876211190969783,0.13882534739399155,4.914528382857599,4.914528382857599
aldhid,direct_ctw,15,linear,,5.0,2012.0,0.9287188985609257,0.7133599399370842,1.7706612887034867,1.9125183373292285
aldhid,direct_ctw,15,nearest,,5.0,291.0,0.8361379425711745,0.9882824727934041,1.7848657060416664,1.9578207894917212
aldhid,markov_order_1,15,linear,,5.0,2012.0,0.8834615106162862,1.0795702018127755,1.7706612887034867,1.9125183373292285
aldhid,markov_order_1,15,nearest,,5.0,291.0,0.6730235819673367,1.6126921671647882,1.7848657060416664,1.9578207894917212
aldhid,markov_order_2,15,linear,,5.0,2012.0,0.8755789208218394,1.1400732810112442,1.7706612887034867,1.9125183373292285
aldhid,markov_order_2,15,nearest,,5.0,291.0,0.6971664611036992,1.532090618942888,1.7848657060416664,1.9578207894917212
aldhid,vq_ctw,15,linear,256.0,5.0,2012.0,0.9947635325214942,0.052448989788438885,5.4262290204074715,5.4262290204074715
aldhid,vq_ctw,15,nearest,256.0,5.0,291.0,0.9658384165802265,0.25297932937638384,4.451026805102703,4.451026805102703
aldhid,vq_ctw,15,linear,512.0,5.0,2012.0,0.9932333122405138,0.07599057897751042,4.253845466620877,4.253845466620877
aldhid,vq_ctw,15,nearest,512.0,5.0,291.0,0.9999999999987598,0.09650722062422555,4.126111704144566,4.126111704144566
aldhid,vq_ctw,15,linear,1024.0,5.0,2012.0,0.9967641654210707,0.0389398161730685,4.630211915600152,4.630211915600152
aldhid,vq_ctw,15,nearest,1024.0,5.0,291.0,0.9936971873452418,0.1166113769413252,4.469653969018771,4.469653969018771
alnihi,direct_ctw,15,linear,,5.0,2015.0,0.8679930538630205,1.1427330740338932,1.6185474014117596,1.7890958462788116
alnihi,direct_ctw,15,nearest,,5.0,108.0,0.794544853440854,0.9756063071713212,1.6404792949046179,1.8460147577326371
alnihi,markov_order_1,15,linear,,5.0,2015.0,0.8287056076508426,1.4130365960736042,1.6185474014117596,1.7890958462788116
alnihi,markov_order_1,15,nearest,,5.0,108.0,0.7380638925269815,1.2626914689474187,1.6404792949046179,1.8460147577326371
alnihi,markov_order_2,15,linear,,5.0,2015.0,0.8134996404108374,1.5132615842206572,1.6185474014117596,1.7890958462788116
alnihi,markov_order_2,15,nearest,,5.0,108.0,0.7516345233334526,1.2123650398886396,1.6404792949046179,1.8460147577326371
alnihi,vq_ctw,15,linear,256.0,5.0,2015.0,0.9999999999980905,0.02308650855678818,3.982659887036582,3.982659887036582
alnihi,vq_ctw,15,nearest,256.0,5.0,108.0,0.9999999999986741,0.18701371441972844,3.8793878980588565,3.8793878980588565
alnihi,vq_ctw,15,linear,512.0,5.0,2015.0,0.9915867462395171,0.08341481962946412,3.931740560081134,3.931740560081134
alnihi,vq_ctw,15,nearest,512.0,5.0,108.0,0.9999999999993635,0.06161859662338741,2.884282591969282,2.884282591969282
alnihi,vq_ctw,15,linear,1024.0,5.0,2015.0,0.9974943820551798,0.02776601517125809,3.982941238639329,3.982941238639329
alnihi,vq_ctw,15,nearest,1024.0,5.0,108.0,1.0,0.0,3.1005963101166834,3.1005963101166834
alshet,direct_ctw,15,linear,,5.0,2013.0,0.8688566785123738,1.253710634428672,1.5489327476119912,1.73785526964775
alshet,direct_ctw,15,nearest,,5.0,54.0,0.8585141701034551,0.9853178192092806,1.5260419958057314,1.708192864326546
alshet,markov_order_1,15,linear,,5.0,2013.0,0.7889751803298755,1.8587881341484134,1.5489327476119912,1.73785526964775
alshet,markov_order_1,15,nearest,,5.0,54.0,0.7201147041046316,1.641031834227604,1.5260419958057314,1.708192864326546
alshet,markov_order_2,15,linear,,5.0,2013.0,0.7522154074390031,2.117389102537522,1.5489327476119912,1.73785526964775
alshet,markov_order_2,15,nearest,,5.0,54.0,0.7061435722858247,1.6986101706193237,1.5260419958057314,1.708192864326546
alshet,vq_ctw,15,linear,256.0,5.0,2013.0,0.9910244905903893,0.08814806582920703,7.380959010707205,7.380959010707205
alshet,vq_ctw,15,nearest,256.0,5.0,54.0,0.9505992186595987,0.36214443201120006,4.978645739046711,4.978645739046711
alshet,vq_ctw,15,linear,512.0,5.0,2013.0,0.9741229279597586,0.24592022527294927,6.954807335141037,6.954807335141037
alshet,vq_ctw,15,nearest,512.0,5.0,54.0,0.9999999999980905,0.10894783797988125,4.73722028686604,4.73722028686604
alshet,vq_ctw,15,linear,1024.0,5.0,2013.0,0.9904333708390564,0.0970395398308611,6.946666804328608,6.946666804328608
alshet,vq_ctw,15,nearest,1024.0,5.0,54.0,0.9999999999980905,0.10894783797988125,5.828991761581822,5.828991761581822
amciuc,direct_ctw,15,linear,,5.0,1980.0,0.8783297457404552,1.1311656051811825,1.5872940064169827,1.7516224892203731
amciuc,direct_ctw,15,nearest,,5.0,249.0,0.8634371480916581,0.8785864385136085,1.4969791834513833,1.6839142958015942
amciuc,markov_order_1,15,linear,,5.0,1980.0,0.8251067590311187,1.526958953236335,1.5872940064169827,1.7516224892203731
amciuc,markov_order_1,15,nearest,,5.0,249.0,0.7517045858037744,1.3022428929475347,1.4969791834513833,1.6839142958015942
amciuc,markov_order_2,15,linear,,5.0,1980.0,0.8011163949552955,1.6955897692958994,1.5872940064169827,1.7516224892203731
amciuc,markov_order_2,15,nearest,,5.0,249.0,0.7615673807344985,1.2687075572336957,1.4969791834513833,1.6839142958015942
amciuc,vq_ctw,15,linear,256.0,5.0,1980.0,0.9908066011256966,0.08459056771409147,4.744246009356613,4.744246009356613
amciuc,vq_ctw,15,nearest,256.0,5.0,249.0,0.9917538069177022,0.22693893645808197,4.438305229736672,4.438305229736672
amciuc,vq_ctw,15,linear,512.0,5.0,1980.0,0.9770698156780335,0.2302777462691035,4.370581064165696,4.370581064165696
amciuc,vq_ctw,15,nearest,512.0,5.0,249.0,0.9999999999994862,0.047132034168124406,4.177326850868966,4.177326850868966
amciuc,vq_ctw,15,linear,1024.0,5.0,1980.0,0.989479565206169,0.10526474851121792,4.83892431138827,4.83892431138827
amciuc,vq_ctw,15,nearest,1024.0,5.0,249.0,0.9999999999996857,0.02753771712505825,4.610394516133393,4.610394516133393
amknyw,direct_ctw,15,linear,,5.0,2015.0,0.8544645232898078,1.3389604600927496,1.8854337681502449,2.053397891520691
amknyw,direct_ctw,15,nearest,,5.0,176.0,0.8482867106616369,0.9870736734398243,1.8021126511284071,1.9670791053676266
amknyw,markov_order_1,15,linear,,5.0,2015.0,0.7883019582071629,1.8217218934743395,1.8854337681502449,2.053397891520691
amknyw,markov_order_1,15,nearest,,5.0,176.0,0.6880597068328453,1.6570007010149923,1.8021126511284071,1.9670791053676266
amknyw,markov_order_2,15,linear,,5.0,2015.0,0.7548142793525037,2.0509313619778244,1.8854337681502449,2.053397891520691
amknyw,markov_order_2,15,nearest,,5.0,176.0,0.6967396976297295,1.6296066668809324,1.8021126511284071,1.9670791053676266
amknyw,vq_ctw,15,linear,256.0,5.0,2015.0,0.9944519602858352,0.05510585847617337,5.13680461623218,5.13680461623218
amknyw,vq_ctw,15,nearest,256.0,5.0,176.0,0.9884426686325145,0.16680509034913052,4.31621354825485,4.31621354825485
amknyw,vq_ctw,15,linear,512.0,5.0,2015.0,0.9864383491357606,0.14425787368179044,5.003805202681836,5.003805202681836
amknyw,vq_ctw,15,nearest,512.0,5.0,176.0,0.9999999999989476,0.07269473828470119,4.242215363107536,4.242215363107536
amknyw,vq_ctw,15,linear,1024.0,5.0,2015.0,0.9947368528218359,0.057940673415175704,5.250351848619458,5.250351848619458
amknyw,vq_ctw,15,nearest,1024.0,5.0,176.0,0.994985657677337,0.04195009296082294,4.351211309130284,4.351211309130284
amnurg,direct_ctw,15,linear,,5.0,1685.0,0.9096073379324473,0.9155406922538312,1.6087249877719645,1.789390907844054
amnurg,markov_order_1,15,linear,,5.0,1685.0,0.8555336334968326,1.3593802076090926,1.6087249877719645,1.789390907844054
amnurg,markov_order_2,15,linear,,5.0,1685.0,0.8296847777376343,1.5586098197159288,1.6087249877719645,1.789390907844054
amnurg,vq_ctw,15,linear,256.0,5.0,1685.0,0.9954720313243437,0.04895325790262362,4.201086117034537,4.201086117034537
amnurg,vq_ctw,15,linear,512.0,5.0,1685.0,0.9879220395222792,0.13255986375544998,4.1210885070478165,4.1210885070478165
amnurg,vq_ctw,15,linear,1024.0,5.0,1685.0,0.9930748083706165,0.0775384675408199,4.058138817264705,4.058138817264705
amvefa,direct_ctw,15,linear,,5.0,2015.0,0.8993324991016578,0.965072370820358,1.6357904531885743,1.7704535487514714
amvefa,direct_ctw,15,nearest,,5.0,97.0,0.832888952137107,0.9514213554829977,1.7587584565220167,1.9188371908639146
amvefa,markov_order_1,15,linear,,5.0,2015.0,0.8529780155797415,1.3237581609493791,1.6357904531885743,1.7704535487514714
amvefa,markov_order_1,15,nearest,,5.0,97.0,0.6443220811566697,1.604907346016444,1.7587584565220167,1.9188371908639146
amvefa,markov_order_2,15,linear,,5.0,2015.0,0.8375660108570243,1.437146575810484,1.6357904531885743,1.7704535487514714
amvefa,markov_order_2,15,nearest,,5.0,97.0,0.6979814615923571,1.4341467330289095,1.7587584565220167,1.9188371908639146
amvefa,vq_ctw,15,linear,256.0,5.0,2015.0,0.9947829329748056,0.055334471732839265,4.312855567647991,4.312855567647991
amvefa,vq_ctw,15,nearest,256.0,5.0,97.0,0.9876614584357137,0.2096399252560726,5.3309562365342185,5.3309562365342185
amvefa,vq_ctw,15,linear,512.0,5.0,2015.0,0.9875019673626667,0.13201861746051027,4.1375099916712035,4.1375099916712035
amvefa,vq_ctw,15,nearest,512.0,5.0,97.0,1.0,0.0,4.073523786303298,4.073523786303298
amvefa,vq_ctw,15,linear,1024.0,5.0,2015.0,0.9949546971464875,0.05375697231319722,4.294395598416428,4.294395598416428
amvefa,vq_ctw,15,nearest,1024.0,5.0,97.0,0.9999999999993504,0.06669065509349847,4.123523977562177,4.123523977562177
amwibs,direct_ctw,15,linear,,5.0,2015.0,0.858495967956707,1.2825090275552526,1.6553315258517836,1.8234709837924483
amwibs,direct_ctw,15,nearest,,5.0,261.0,0.8290133820953836,0.9935355749854423,1.5678343154585994,1.7611698042748718
amwibs,markov_order_1,15,linear,,5.0,2015.0,0.7996652788709444,1.7056175912521794,1.6553315258517836,1.8234709837924483
amwibs,markov_order_1,15,nearest,,5.0,261.0,0.6902903039245433,1.504464396161135,1.5678343154585994,1.7611698042748718
amwibs,markov_order_2,15,linear,,5.0,2015.0,0.7758565630059759,1.8675087733760023,1.6553315258517836,1.8234709837924483
amwibs,markov_order_2,15,nearest,,5.0,261.0,0.6928574999411823,1.5091657408857888,1.5678343154585994,1.7611698042748718
amwibs,vq_ctw,15,linear,256.0,5.0,2015.0,0.9970618331853138,0.03188334524743656,4.590317072710576,4.590317072710576
amwibs,vq_ctw,15,nearest,256.0,5.0,261.0,0.9838429564540092,0.18289976977557124,4.128604249384006,4.128604249384006
amwibs,vq_ctw,15,linear,512.0,5.0,2015.0,0.984868724291058,0.1522661746209677,4.311833440710575,4.311833440710575
amwibs,vq_ctw,15,nearest,512.0,5.0,261.0,0.9999999999997586,0.024973435519872106,3.938329813709008,3.938329813709008
amwibs,vq_ctw,15,linear,1024.0,5.0,2015.0,0.996969559461747,0.034521948514203385,4.712755829724776,4.712755829724776
amwibs,vq_ctw,15,nearest,1024.0,5.0,261.0,0.9914326545180484,0.053769497608733785,4.393555412441361,4.393555412441361
ancedv,direct_ctw,15,linear,,5.0,692.0,0.9150935218923107,0.792172002976774,1.3799744375208973,1.55675634977973
ancedv,direct_ctw,15,nearest,,5.0,35.0,0.8345041171990164,0.9782885786297542,1.7627678302197556,1.9115014906676577
ancedv,markov_order_1,15,linear,,5.0,692.0,0.8581400910618071,1.2121828459921682,1.3799744375208973,1.55675634977973
ancedv,markov_order_1,15,nearest,,5.0,35.0,0.7041803713068939,1.4677599134153207,1.7627678302197556,1.9115014906676577
ancedv,markov_order_2,15,linear,,5.0,692.0,0.8447368889167063,1.3048208742962726,1.3799744375208973,1.55675634977973
ancedv,markov_order_2,15,nearest,,5.0,35.0,0.7077387587628828,1.456146837474998,1.7627678302197556,1.9115014906676577
ancedv,vq_ctw,15,linear,256.0,5.0,692.0,0.9947584097089129,0.055559020462455914,4.115627695486798,4.115627695486798
ancedv,vq_ctw,15,nearest,256.0,5.0,35.0,0.9999999999980904,0.18887670150524327,4.714065772015299,4.714065772015299
ancedv,vq_ctw,15,linear,512.0,5.0,692.0,0.9826377043199852,0.17124360425408555,3.606685908266826,3.606685908266826
ancedv,vq_ctw,15,nearest,512.0,5.0,35.0,1.0,0.0,3.611862110128801,3.611862110128801
ancedv,vq_ctw,15,linear,1024.0,5.0,692.0,0.9948417968106804,0.05693564560044473,3.9913152574197626,3.9913152574197626
ancedv,vq_ctw,15,nearest,1024.0,5.0,35.0,1.0,0.0,3.6733741946264136,3.6733741946264136
ancorj,direct_ctw,15,linear,,5.0,2010.0,0.8352432948879712,1.5339890751364937,1.7667632948219603,1.904109406162152
ancorj,markov_order_1,15,linear,,5.0,2010.0,0.7485736629746074,2.1693016158757206,1.7667632948219603,1.904109406162152
ancorj,markov_order_2,15,linear,,5.0,2010.0,0.7045979649406491,2.4684990879157818,1.7667632948219603,1.904109406162152
ancorj,vq_ctw,15,linear,256.0,5.0,2010.0,0.979988919410011,0.17321956465748495,6.413428541256304,6.413428541256304
ancorj,vq_ctw,15,linear,512.0,5.0,2010.0,0.9526704931040555,0.41693123809224625,6.062209840103424,6.062209840103424
ancorj,vq_ctw,15,linear,1024.0,5.0,2010.0,0.9803374177999501,0.18519692809186872,6.526010200158745,6.526010200158745
ancycl,direct_ctw,15,linear,,5.0,2012.0,0.87823409965419,1.1910160651706916,1.6659701122472979,1.829692487540029
ancycl,direct_ctw,15,nearest,,5.0,84.0,0.8379850265912471,1.057884935096073,1.6297013273452419,1.7945829787184362
ancycl,markov_order_1,15,linear,,5.0,2012.0,0.8029216646385374,1.778755080850846,1.6659701122472979,1.829692487540029
ancycl,markov_order_1,15,nearest,,5.0,84.0,0.5953782963622781,2.017410744452942,1.6297013273452419,1.7945829787184362
ancycl,markov_order_2,15,linear,,5.0,2012.0,0.7771937907085799,1.9667003602393025,1.6659701122472979,1.829692487540029
ancycl,markov_order_2,15,nearest,,5.0,84.0,0.6052208722101282,1.988256900466857,1.6297013273452419,1.7945829787184362
ancycl,vq_ctw,15,linear,256.0,5.0,2012.0,0.9871416177183425,0.11957638734157121,5.716225197023144,5.716225197023144
ancycl,vq_ctw,15,nearest,256.0,5.0,84.0,0.9619645656775757,0.27723874429895146,6.368832331903452,6.368832331903452
ancycl,vq_ctw,15,linear,512.0,5.0,2012.0,0.9683449375724832,0.30296936361610444,5.543501459375607,5.543501459375607
ancycl,vq_ctw,15,nearest,512.0,5.0,84.0,0.9807116959996097,0.1371520490573684,7.765139876479639,7.765139876479639
ancycl,vq_ctw,15,linear,1024.0,5.0,2012.0,0.9853878455896234,0.1392361532492678,5.499327054903464,5.499327054903464
ancycl,vq_ctw,15,nearest,1024.0,5.0,84.0,0.957247967467078,0.3078925100901631,7.609366175119037,7.609366175119037
andyol,direct_ctw,15,linear,,5.0,2015.0,0.8729724312717552,1.1843674034850444,1.5913682044216886,1.775145652663573
andyol,direct_ctw,15,nearest,,5.0,261.0,0.8394039390883774,1.0017995308567782,1.5405474380158821,1.7237191579204967
andyol,markov_order_1,15,linear,,5.0,2015.0,0.8311193304246188,1.4995411560212957,1.5913682044216886,1.775145652663573
andyol,markov_order_1,15,nearest,,5.0,261.0,0.7247367196629803,1.4753326876910875,1.5405474380158821,1.7237191579204967
andyol,markov_order_2,15,linear,,5.0,2015.0,0.8044370125856681,1.690779750848955,1.5913682044216886,1.775145652663573
andyol,markov_order_2,15,nearest,,5.0,261.0,0.7055009686891555,1.5504622740586316,1.5405474380158821,1.7237191579204967
andyol,vq_ctw,15,linear,256.0,5.0,2015.0,0.9970529789124221,0.03369051164303453,4.366012776928414,4.366012776928414
andyol,vq_ctw,15,nearest,256.0,5.0,261.0,0.9851589935958927,0.21854092736713865,4.329096120663607,4.329096120663607
andyol,vq_ctw,15,linear,512.0,5.0,2015.0,0.9880730222929985,0.13112053921606331,4.139324199831911,4.139324199831911
andyol,vq_ctw,15,nearest,512.0,5.0,261.0,0.999999999999649,0.0443958801473918,4.35152014717024,4.35152014717024
andyol,vq_ctw,15,linear,1024.0,5.0,2015.0,0.996708786783445,0.03710002193902589,4.3413007060592745,4.3413007060592745
andyol,vq_ctw,15,nearest,1024.0,5.0,261.0,0.9965352402816247,0.028269336424001777,4.584941585671625,4.584941585671625
aniajc,direct_ctw,15,linear,,5.0,2015.0,0.8542116652817832,1.2586820347680618,1.6959628016344348,1.8552550875308362
aniajc,direct_ctw,15,nearest,,5.0,192.0,0.8365896126261698,0.9796184524762022,1.7525814913484024,1.901024978470413
aniajc,markov_order_1,15,linear,,5.0,2015.0,0.812020022450555,1.5475656264556945,1.6959628016344348,1.8552550875308362
aniajc,markov_order_1,15,nearest,,5.0,192.0,0.6718717954644992,1.60356530420927,1.7525814913484024,1.901024978470413
aniajc,markov_order_2,15,linear,,5.0,2015.0,0.7948094587185113,1.6603806162630546,1.6959628016344348,1.8552550875308362
aniajc,markov_order_2,15,nearest,,5.0,192.0,0.6779143932915535,1.5824949077067796,1.7525814913484024,1.901024978470413
aniajc,vq_ctw,15,linear,256.0,5.0,2015.0,0.9982698448865488,0.020098051352505395,3.9954592293301454,3.9954592293301454
aniajc,vq_ctw,15,nearest,256.0,5.0,192.0,0.9999999999987966,0.12946909284543706,4.156197191261566,4.156197191261566
aniajc,vq_ctw,15,linear,512.0,5.0,2015.0,0.9906779707370524,0.09490841769272787,3.7695010090143626,3.7695010090143626
aniajc,vq_ctw,15,nearest,512.0,5.0,192.0,0.9999999999992144,0.07540088156137335,4.594933665346332,4.594933665346332
aniajc,vq_ctw,15,linear,1024.0,5.0,2015.0,0.9975404005371328,0.0273219201825108,4.00115779422486,4.00115779422486
aniajc,vq_ctw,15,nearest,1024.0,5.0,192.0,1.0,0.0,4.496851773697377,4.496851773697377
anidgi,direct_ctw,15,linear,,5.0,2015.0,0.8503704343449767,1.3701473710705667,1.6575010516240227,1.81965663541644
anidgi,direct_ctw,15,nearest,,5.0,151.0,0.8460825385521985,0.9808740659553397,1.6838121405837423,1.878440454058547
anidgi,markov_order_1,15,linear,,5.0,2015.0,0.778409161633488,1.8903968630698977,1.6575010516240227,1.81965663541644
anidgi,markov_order_1,15,nearest,,5.0,151.0,0.6922688680656252,1.6423730474570106,1.6838121405837423,1.878440454058547
anidgi,markov_order_2,15,linear,,5.0,2015.0,0.744616666138847,2.1189527623997044,1.6575010516240227,1.81965663541644
anidgi,markov_order_2,15,nearest,,5.0,151.0,0.6627192174783577,1.7486594066069503,1.6838121405837423,1.878440454058547
anidgi,vq_ctw,15,linear,256.0,5.0,2015.0,0.9833883908567596,0.13857918885944967,5.882982634051064,5.882982634051064
anidgi,vq_ctw,15,nearest,256.0,5.0,151.0,0.9746023926583334,0.2948123079451997,4.373351113094865,4.373351113094865
anidgi,vq_ctw,15,linear,512.0,5.0,2015.0,0.9615100675427903,0.3507950210274379,5.3552431132768845,5.3552431132768845
anidgi,vq_ctw,15,nearest,512.0,5.0,151.0,0.9920726867316686,0.05672718983094004,5.517077668988624,5.517077668988624
anidgi,vq_ctw,15,linear,1024.0,5.0,2015.0,0.9901570657956855,0.09943595221842104,6.340936713455284,6.340936713455284
anidgi,vq_ctw,15,nearest,1024.0,5.0,151.0,1.0,0.0,5.12746459169985,5.12746459169985
ankped,direct_ctw,15,linear,,5.0,2015.0,0.8743409880836924,1.1057794345529852,1.6099931422034508,1.7873944121027758
ankped,direct_ctw,15,nearest,,5.0,226.0,0.8337257792545809,0.9398913937933204,1.6286237350706398,1.8174155274539416
ankped,markov_order_1,15,linear,,5.0,2015.0,0.839567714719354,1.350779521714187,1.6099931422034508,1.7873944121027758
ankped,markov_order_1,15,nearest,,5.0,226.0,0.7237312718538884,1.3951538962897583,1.6286237350706398,1.8174155274539416
ankped,markov_order_2,15,linear,,5.0,2015.0,0.8271856721251247,1.434756131546325,1.6099931422034508,1.7873944121027758
ankped,markov_order_2,15,nearest,,5.0,226.0,0.722131317367372,1.3715220914813038,1.6286237350706398,1.8174155274539416
ankped,vq_ctw,15,linear,256.0,5.0,2015.0,0.9999999999980905,0.012550713138214774,3.905279229654193,3.905279229654193
ankped,vq_ctw,15,nearest,256.0,5.0,226.0,0.9919656991840603,0.12380483172971195,3.6582971003678604,3.6582971003678604
ankped,vq_ctw,15,linear,512.0,5.0,2015.0,0.9929166157952896,0.07493454668667121,3.7516260595311577,3.7516260595311577
ankped,vq_ctw,15,nearest,512.0,5.0,226.0,0.9902886626987398,0.11863406840969312,4.366957092102659,4.366957092102659
ankped,vq_ctw,15,linear,1024.0,5.0,2015.0,0.9989868789261006,0.012551497802006718,3.9047883160029655,3.9047883160029655
ankped,vq_ctw,15,nearest,1024.0,5.0,226.0,0.999999999999341,0.060988765319102876,4.185313425048967,4.185313425048967
ansyut,direct_ctw,15,linear,,5.0,2004.0,0.8765218772743283,1.1674670259697524,1.6006909612586353,1.7710162652849109
ansyut,direct_ctw,15,nearest,,5.0,32.0,0.8227274842495629,1.028618857999645,1.509610353131647,1.7913039981756265
ansyut,markov_order_1,15,linear,,5.0,2004.0,0.8220682512031015,1.5807526752615555,1.6006909612586353,1.7710162652849109
ansyut,markov_order_1,15,nearest,,5.0,32.0,0.6027933813163817,1.763706337506356,1.509610353131647,1.7913039981756265
ansyut,markov_order_2,15,linear,,5.0,2004.0,0.7984878451382824,1.7501277149896675,1.6006909612586353,1.7710162652849109
ansyut,markov_order_2,15,nearest,,5.0,32.0,0.627200076472691,1.698397560231179,1.509610353131647,1.7913039981756265
ansyut,vq_ctw,15,linear,256.0,5.0,2004.0,0.9956251819666342,0.04751515423843458,4.594505864193078,4.594505864193078
ansyut,vq_ctw,15,nearest,256.0,5.0,32.0,1.0,0.0,4.252423892509093,4.252423892509093
ansyut,vq_ctw,15,linear,512.0,5.0,2004.0,0.9861333027646934,0.1412994297358289,4.406992727948831,4.406992727948831
ansyut,vq_ctw,15,nearest,512.0,5.0,32.0,1.0,0.0,4.714826089214379,4.714826089214379
ansyut,vq_ctw,15,linear,1024.0,5.0,2004.0,0.9950177871350311,0.05524323846940516,4.752182214547993,4.752182214547993
ansyut,vq_ctw,15,nearest,1024.0,5.0,32.0,1.0,0.0,4.756400294943186,4.756400294943186
anucks,direct_ctw,15,linear,,5.0,2015.0,0.8628748377952452,1.2428114999088917,1.6262265684980641,1.7749071408627253
anucks,direct_ctw,15,nearest,,5.0,69.0,0.8398288010850676,1.0258660364724175,1.868640337894887,1.9935906353873358
anucks,markov_order_1,15,linear,,5.0,2015.0,0.8034995901101253,1.669468712421188,1.6262265684980641,1.7749071408627253
anucks,markov_order_1,15,nearest,,5.0,69.0,0.6153351136445515,1.8931389140735626,1.868640337894887,1.9935906353873358
anucks,markov_order_2,15,linear,,5.0,2015.0,0.7825017280987402,1.812175511226642,1.6262265684980641,1.7749071408627253
anucks,markov_order_2,15,nearest,,5.0,69.0,0.6520848651894404,1.7810600025463361,1.868640337894887,1.9935906353873358
anucks,vq_ctw,15,linear,256.0,5.0,2015.0,0.9936683343393401,0.06538255087715365,4.768305009300904,4.768305009300904
anucks,vq_ctw,15,nearest,256.0,5.0,69.0,0.9290441053495868,0.46387612022165076,6.608055127437541,6.608055127437541
anucks,vq_ctw,15,linear,512.0,5.0,2015.0,0.9832478484303805,0.16982338838848007,4.5340443906659695,4.5340443906659695
anucks,vq_ctw,15,nearest,512.0,5.0,69.0,0.979150843147172,0.24138118716626378,7.4042816123739374,7.4042816123739374
anucks,vq_ctw,15,linear,1024.0,5.0,2015.0,0.9972903941078644,0.0324297554842075,4.88256224944654,4.88256224944654
anucks,vq_ctw,15,nearest,1024.0,5.0,69.0,0.925004398955559,0.5023830858352095,8.11914775415221,8.11914775415221
anupwr,direct_ctw,15,linear,,5.0,2015.0,0.8849179710079202,1.0904672472180794,1.7493443080288822,1.8797832956804497
anupwr,markov_order_1,15,linear,,5.0,2015.0,0.8253669991384271,1.5413591746476367,1.7493443080288822,1.8797832956804497
anupwr,markov_order_2,15,linear,,5.0,2015.0,0.798442253842353,1.7328213991064216,1.7493443080288822,1.8797832956804497
anupwr,vq_ctw,15,linear,256.0,5.0,2015.0,0.9916372324359316,0.08298718809370874,5.8694056801760315,5.8694056801760315
anupwr,vq_ctw,15,linear,512.0,5.0,2015.0,0.973006570856305,0.26464948341004246,6.280425639170055,6.280425639170055
anupwr,vq_ctw,15,linear,1024.0,5.0,2015.0,0.991715631272126,0.08576057265276259,6.375061034864073,6.375061034864073
apigcy,direct_ctw,15,linear,,5.0,2015.0,0.8708030802947038,1.1828677942134265,1.6321299702055194,1.8114506411373947
apigcy,direct_ctw,15,nearest,,5.0,377.0,0.8310657850204057,0.9875526075755177,1.5992148699820814,1.7900865416346747
apigcy,markov_order_1,15,linear,,5.0,2015.0,0.8267865993541649,1.5064705596935029,1.6321299702055194,1.8114506411373947
apigcy,markov_order_1,15,nearest,,5.0,377.0,0.680837310685517,1.5299979193617002,1.5992148699820814,1.7900865416346747
apigcy,markov_order_2,15,linear,,5.0,2015.0,0.8078198343276408,1.6396175762652918,1.6321299702055194,1.8114506411373947
apigcy,markov_order_2,15,nearest,,5.0,377.0,0.6925408320518593,1.4963146491485784,1.5992148699820814,1.7900865416346747
apigcy,vq_ctw,15,linear,256.0,5.0,2015.0,0.9964436547587942,0.03969051292949913,3.746450254085863,3.746450254085863
apigcy,vq_ctw,15,nearest,256.0,5.0,377.0,0.9816182742478916,0.19591575059020547,4.0811879693803,4.0811879693803
apigcy,vq_ctw,15,linear,512.0,5.0,2015.0,0.9897280035938121,0.10914367966548033,3.846774121161816,3.846774121161816
apigcy,vq_ctw,15,nearest,512.0,5.0,377.0,0.9999999999994378,0.05322959634976641,3.992010737725306,3.992010737725306
apigcy,vq_ctw,15,linear,1024.0,5.0,2015.0,0.9965069326998748,0.040524688361333154,3.7962601324730616,3.7962601324730616
apigcy,vq_ctw,15,nearest,1024.0,5.0,377.0,0.9915018934895716,0.08162750842589928,3.908536867811655,3.908536867811655
appsri,direct_ctw,15,linear,,5.0,2014.0,0.8937171951539624,0.9625618429287376,1.659579352031934,1.824176367849143
appsri,direct_ctw,15,nearest,,5.0,225.0,0.8241586864795261,0.9454890672209484,1.6439370404021802,1.8617486005707182
appsri,markov_order_1,15,linear,,5.0,2014.0,0.8572379344543282,1.228064623077377,1.659579352031934,1.824176367849143
appsri,markov_order_1,15,nearest,,5.0,225.0,0.71498459393426,1.314904865113428,1.6439370404021802,1.8617486005707182
appsri,markov_order_2,15,linear,,5.0,2014.0,0.8439489183358488,1.3206773561361913,1.659579352031934,1.824176367849143
appsri,markov_order_2,15,nearest,,5.0,225.0,0.7125580322275137,1.3182710051938837,1.6439370404021802,1.8617486005707182
appsri,vq_ctw,15,linear,256.0,5.0,2014.0,0.9999999999980905,0.024134751412055094,3.6552250558523713,3.6552250558523713
appsri,vq_ctw,15,nearest,256.0,5.0,225.0,0.9999999999991259,0.12129721420161603,3.7706091056598225,3.7706091056598225
appsri,vq_ctw,15,linear,512.0,5.0,2014.0,0.9931234043896581,0.0701878676299837,3.696528115850699,3.696528115850699
appsri,vq_ctw,15,nearest,512.0,5.0,225.0,1.0,0.0,3.702510154926853,3.702510154926853
appsri,vq_ctw,15,linear,1024.0,5.0,2014.0,0.9972158184090464,0.03042892138061619,3.6297389328556218,3.6297389328556218
appsri,vq_ctw,15,nearest,1024.0,5.0,225.0,0.9935998560969274,0.04490201580352952,3.847364777507456,3.847364777507456
apssky,direct_ctw,15,linear,,5.0,2015.0,0.8784877926802144,1.0674122792948146,1.5686419922127608,1.751714595251553
apssky,direct_ctw,15,nearest,,5.0,326.0,0.8245908799862205,1.003307082283522,1.6444595772910462,1.8272150555292874
apssky,markov_order_1,15,linear,,5.0,2015.0,0.8402898297347308,1.335113502229654,1.5686419922127608,1.751714595251553
apssky,markov_order_1,15,nearest,,5.0,326.0,0.6939217367814832,1.5239442130167054,1.6444595772910462,1.8272150555292874
apssky,markov_order_2,15,linear,,5.0,2015.0,0.8284851323399176,1.4145061917799235,1.5686419922127608,1.751714595251553
apssky,markov_order_2,15,nearest,,5.0,326.0,0.7012383154435116,1.4993200123521522,1.6444595772910462,1.8272150555292874
apssky,vq_ctw,15,linear,256.0,5.0,2015.0,0.9968138378452818,0.03420140801218859,4.1947354180873555,4.1947354180873555
apssky,vq_ctw,15,nearest,256.0,5.0,326.0,0.9813841163202239,0.22006156625522375,4.296002335217054,4.296002335217054
apssky,vq_ctw,15,linear,512.0,5.0,2015.0,0.9911539895974055,0.0907339925245799,4.080603683025708,4.080603683025708
apssky,vq_ctw,15,nearest,512.0,5.0,326.0,0.9999999999993441,0.061753430925519166,4.766693590878309,4.766693590878309
apssky,vq_ctw,15,linear,1024.0,5.0,2015.0,0.9983816658485958,0.019901891940071345,4.319136778629754,4.319136778629754
apssky,vq_ctw,15,nearest,1024.0,5.0,326.0,0.9929275479738938,0.09585512305657325,4.74181283752029,4.74181283752029
aquawa,direct_ctw,15,linear,,5.0,2015.0,0.8867784727473458,1.1079785436875407,1.6223548300716981,1.7838334282496406
aquawa,direct_ctw,15,nearest,,5.0,320.0,0.8253753633302809,1.0026293596110105,1.719677809768206,1.9155736228284497
aquawa,markov_order_1,15,linear,,5.0,2015.0,0.8384495044877037,1.4918653102637796,1.6223548300716981,1.7838334282496406
aquawa,markov_order_1,15,nearest,,5.0,320.0,0.6663714895087052,1.5710812311578664,1.719677809768206,1.9155736228284497
aquawa,markov_order_2,15,linear,,5.0,2015.0,0.8148740564932337,1.6696282959124265,1.6223548300716981,1.7838334282496406
aquawa,markov_order_2,15,nearest,,5.0,320.0,0.6769994154501644,1.5409800027896983,1.719677809768206,1.9155736228284497
aquawa,vq_ctw,15,linear,256.0,5.0,2015.0,0.9976256188810164,0.02788515014076782,4.2851800422390465,4.2851800422390465
aquawa,vq_ctw,15,nearest,256.0,5.0,320.0,0.993818467507096,0.15068070098560915,4.729610974316755,4.729610974316755
aquawa,vq_ctw,15,linear,512.0,5.0,2015.0,0.9884595616739952,0.12323862432627593,3.9844460574527,3.9844460574527
aquawa,vq_ctw,15,nearest,512.0,5.0,320.0,0.9999999999993257,0.08313221349463469,4.661939608806035,4.661939608806035
aquawa,vq_ctw,15,linear,1024.0,5.0,2015.0,0.996467707619475,0.0409227500431765,4.356528525294224,4.356528525294224
aquawa,vq_ctw,15,nearest,1024.0,5.0,320.0,0.9999999999997853,0.020796276360393245,4.868389834541164,4.868389834541164
arcksy,direct_ctw,15,linear,,5.0,2015.0,0.8589299175648291,1.2066589961311907,1.648975403872016,1.8132609335299514
arcksy,direct_ctw,15,nearest,,5.0,355.0,0.8322035648320507,0.9651658692468578,1.5913888304206796,1.7795989648023267
arcksy,markov_order_1,15,linear,,5.0,2015.0,0.8160356387955334,1.4967030855351777,1.648975403872016,1.8132609335299514
arcksy,markov_order_1,15,nearest,,5.0,355.0,0.7161127918646416,1.3879920782532849,1.5913888304206796,1.7795989648023267
arcksy,markov_order_2,15,linear,,5.0,2015.0,0.798095739475088,1.6125479074110343,1.648975403872016,1.8132609335299514
arcksy,markov_order_2,15,nearest,,5.0,355.0,0.7080075697616683,1.4175982076470814,1.5913888304206796,1.7795989648023267
arcksy,vq_ctw,15,linear,256.0,5.0,2015.0,0.9999999999980905,0.04114600997719595,4.235223115112763,4.235223115112763
arcksy,vq_ctw,15,nearest,256.0,5.0,355.0,0.9685545808001909,0.2962101507948524,4.432001771267881,4.432001771267881
arcksy,vq_ctw,15,linear,512.0,5.0,2015.0,0.9886422226835979,0.11238119271964137,4.116411306045448,4.116411306045448
arcksy,vq_ctw,15,nearest,512.0,5.0,355.0,0.9999999999991717,0.1103923192106147,4.035192651670332,4.035192651670332
arcksy,vq_ctw,15,linear,1024.0,5.0,2015.0,0.9965279987945069,0.03886963313086254,4.220215578177363,4.220215578177363
arcksy,vq_ctw,15,nearest,1024.0,5.0,355.0,0.9843184898873296,0.11251941601157477,4.255290567578747,4.255290567578747
arcuim,direct_ctw,15,linear,,5.0,2013.0,0.8865413434097263,1.0968337117028368,1.5424673607613604,1.6991158595986062
arcuim,markov_order_1,15,linear,,5.0,2013.0,0.834010751451629,1.5065990854822198,1.5424673607613604,1.6991158595986062
arcuim,markov_order_2,15,linear,,5.0,2013.0,0.8141375785629035,1.6536300531834576,1.5424673607613604,1.6991158595986062
arcuim,vq_ctw,15,linear,256.0,5.0,2013.0,0.9916898058280993,0.08254140606820236,4.921118814416968,4.921118814416968
arcuim,vq_ctw,15,linear,512.0,5.0,2013.0,0.9795905815253221,0.20102966164587804,4.511597206493249,4.511597206493249
arcuim,vq_ctw,15,linear,1024.0,5.0,2013.0,0.9928299578013287,0.07803329956008974,4.994926859193193,4.994926859193193
arcurb,direct_ctw,15,linear,,5.0,2015.0,0.871119255897778,1.1452739908448748,1.612704575474292,1.7962759300363824
arcurb,direct_ctw,15,nearest,,5.0,141.0,0.8324243532014796,0.934006257571273,1.5804637528761432,1.796756147467105
arcurb,markov_order_1,15,linear,,5.0,2015.0,0.8269747713632396,1.4578928366863773,1.612704575474292,1.7962759300363824
arcurb,markov_order_1,15,nearest,,5.0,141.0,0.723295943154705,1.3235783400348142,1.5804637528761432,1.796756147467105
arcurb,markov_order_2,15,linear,,5.0,2015.0,0.8069804214749865,1.5927331488804881,1.612704575474292,1.7962759300363824
arcurb,markov_order_2,15,nearest,,5.0,141.0,0.7225732436516421,1.3263090452688364,1.5804637528761432,1.796756147467105
arcurb,vq_ctw,15,linear,256.0,5.0,2015.0,0.9999999999980905,0.04343261004404128,4.268852061200738,4.268852061200738
arcurb,vq_ctw,15,nearest,256.0,5.0,141.0,0.9999999999980905,0.22674290721896032,4.292114709339547,4.292114709339547
arcurb,vq_ctw,15,linear,512.0,5.0,2015.0,0.987448137252548,0.12641590321079654,4.054445388121783,4.054445388121783
arcurb,vq_ctw,15,nearest,512.0,5.0,141.0,1.0,0.0,3.328074592094181,3.328074592094181
arcurb,vq_ctw,15,linear,1024.0,5.0,2015.0,0.9965831908038199,0.03633216947049197,4.465711107218031,4.465711107218031
arcurb,vq_ctw,15,nearest,1024.0,5.0,141.0,1.0,0.0,3.5520962948289676,3.5520962948289676
arhilb,direct_ctw,15,linear,,5.0,2015.0,0.8679019335533585,1.2407325613406361,1.6200738639468635,1.7891889494145903
arhilb,direct_ctw,15,nearest,,5.0,175.0,0.8438065944478756,0.9765028319603792,1.438452247704991,1.6631729035897127
arhilb,markov_order_1,15,linear,,5.0,2015.0,0.8134260312065733,1.651239886095567,1.6200738639468635,1.7891889494145903
arhilb,markov_order_1,15,nearest,,5.0,175.0,0.7083367116475702,1.5243340032633423,1.438452247704991,1.6631729035897127
arhilb,markov_order_2,15,linear,,5.0,2015.0,0.7832940906222365,1.8656527520649548,1.6200738639468635,1.7891889494145903
arhilb,markov_order_2,15,nearest,,5.0,175.0,0.7028234295955395,1.5437678724391461,1.438452247704991,1.6631729035897127
arhilb,vq_ctw,15,linear,256.0,5.0,2015.0,0.9935881636328436,0.06609365258850768,4.489037445880086,4.489037445880086
arhilb,vq_ctw,15,nearest,256.0,5.0,175.0,0.9932552853352299,0.11869449215956182,3.636843193498412,3.636843193498412
arhilb,vq_ctw,15,linear,512.0,5.0,2015.0,0.9842419735350042,0.16418346349027568,4.29044398310064,4.29044398310064
arhilb,vq_ctw,15,nearest,512.0,5.0,175.0,0.9999999999985378,0.12952469415128534,4.779177618550649,4.779177618550649
arhilb,vq_ctw,15,linear,1024.0,5.0,2015.0,0.9943122119720219,0.06530413041546863,4.602048676588958,4.602048676588958
arhilb,vq_ctw,15,nearest,1024.0,5.0,175.0,0.9832767802372175,0.12856962089660998,4.635960768233689,4.635960768233689
arlwra,direct_ctw,15,linear,,5.0,2014.0,0.858708518905779,1.3930346875457484,1.6610459509630568,1.8255322827522675
arlwra,direct_ctw,15,nearest,,5.0,136.0,0.8482158323689437,0.9034962787314023,1.7029932172890219,1.8802891901799028
arlwra,markov_order_1,15,linear,,5.0,2014.0,0.7813907178928104,2.003788984908042,1.6610459509630568,1.8255322827522675
arlwra,markov_order_1,15,nearest,,5.0,136.0,0.7371423184342206,1.330654740737507,1.7029932172890219,1.8802891901799028
arlwra,markov_order_2,15,linear,,5.0,2014.0,0.7346526046016916,2.3473057607042707,1.6610459509630568,1.8255322827522675
arlwra,markov_order_2,15,nearest,,5.0,136.0,0.7409681604069509,1.318407022314077,1.7029932172890219,1.8802891901799028
arlwra,vq_ctw,15,linear,256.0,5.0,2014.0,0.9879837267498505,0.11292678948658642,5.714851760076409,5.714851760076409
arlwra,vq_ctw,15,nearest,256.0,5.0,136.0,0.9779324830369196,0.2975637463834023,5.273329715185711,5.273329715185711
arlwra,vq_ctw,15,linear,512.0,5.0,2014.0,0.9738234975365758,0.25781641908921826,5.3738834419018255,5.3738834419018255
arlwra,vq_ctw,15,nearest,512.0,5.0,136.0,0.9999999999995085,0.07816750517314063,4.085198615705414,4.085198615705414
arlwra,vq_ctw,15,linear,1024.0,5.0,2014.0,0.9887661311940293,0.11790534911252701,5.567158966034155,5.567158966034155
arlwra,vq_ctw,15,nearest,1024.0,5.0,136.0,0.9999999999989891,0.09758672313052019,4.7828376347466515,4.7828376347466515
arphau,direct_ctw,15,linear,,5.0,2015.0,0.8661856120736,1.173124796716085,1.7906221467202137,1.936635488216718
arphau,direct_ctw,15,nearest,,5.0,150.0,0.8447474274785193,0.9419919932503528,1.5669617101435618,1.7567520720436043
arphau,markov_order_1,15,linear,,5.0,2015.0,0.8227540055807279,1.475798330135554,1.7906221467202137,1.936635488216718
arphau,markov_order_1,15,nearest,,5.0,150.0,0.7051253249806441,1.488478812288849,1.5669617101435618,1.7567520720436043
arphau,markov_order_2,15,linear,,5.0,2015.0,0.8094448256882238,1.564619535042343,1.7906221467202137,1.936635488216718
arphau,markov_order_2,15,nearest,,5.0,150.0,0.7008334330131629,1.507715740591216,1.5669617101435618,1.7567520720436043
arphau,vq_ctw,15,linear,256.0,5.0,2015.0,1.0,0.0,3.8957301583457093,3.8957301583457093
arphau,vq_ctw,15,nearest,256.0,5.0,150.0,0.9999999999990962,0.11837365673570001,4.901263330910963,4.901263330910963
arphau,vq_ctw,15,linear,512.0,5.0,2015.0,0.9941516807438469,0.061063429141115566,3.7747196207070215,3.7747196207070215
arphau,vq_ctw,15,nearest,512.0,5.0,150.0,0.9999999999994016,0.04711114597061383,4.41515961897389,4.41515961897389
arphau,vq_ctw,15,linear,1024.0,5.0,2015.0,1.0,0.0,3.906995511439791,3.906995511439791
arphau,vq_ctw,15,nearest,1024.0,5.0,150.0,1.0,0.0,4.547559851025572,4.547559851025572
artgag,direct_ctw,15,linear,,5.0,1800.0,0.8608889433373463,1.322245047044067,1.6061814921647288,1.7774183812530056
artgag,direct_ctw,15,nearest,,5.0,663.0,0.8304154850889046,1.0083570454450066,1.6108883938327319,1.7835697448984067
artgag,markov_order_1,15,linear,,5.0,1800.0,0.8022216852399064,1.7700243790673815,1.6061814921647288,1.7774183812530056
artgag,markov_order_1,15,nearest,,5.0,663.0,0.686773017383222,1.5598605828528134,1.6108883938327319,1.7835697448984067
artgag,markov_order_2,15,linear,,5.0,1800.0,0.7674910926429328,2.0197550051839253,1.6061814921647288,1.7774183812530056
artgag,markov_order_2,15,nearest,,5.0,663.0,0.6850290602471647,1.5760430359673105,1.6108883938327319,1.7835697448984067
artgag,vq_ctw,15,linear,256.0,5.0,1800.0,0.9936393204979271,0.06191930938494433,4.915934565424854,4.915934565424854
artgag,vq_ctw,15,nearest,256.0,5.0,663.0,0.9709741984651659,0.27047196710264804,4.557803139553291,4.557803139553291
artgag,vq_ctw,15,linear,512.0,5.0,1800.0,0.9838547971584702,0.16764752678039135,4.5658598508492405,4.5658598508492405
artgag,vq_ctw,15,nearest,512.0,5.0,663.0,0.9928945367103638,0.09420204767278477,4.685384841667746,4.685384841667746
artgag,vq_ctw,15,linear,1024.0,5.0,1800.0,0.994948679172841,0.055908871222475454,4.893659978406422,4.893659978406422
artgag,vq_ctw,15,nearest,1024.0,5.0,663.0,0.9943149345871924,0.05955763357906003,4.819299562256493,4.819299562256493
ascley,direct_ctw,15,linear,,5.0,1990.0,0.8689545656954476,1.1834046355147112,1.6907212992032272,1.853243445890395
ascley,direct_ctw,15,nearest,,5.0,220.0,0.8586753151503319,0.8610218546379581,1.6332873274468667,1.8163873140095923
ascley,markov_order_1,15,linear,,5.0,1990.0,0.8191784470684962,1.5416571445939666,1.6907212992032272,1.853243445890395
ascley,markov_order_1,15,nearest,,5.0,220.0,0.7516450024800189,1.2911611347195826,1.6332873274468667,1.8163873140095923
ascley,markov_order_2,15,linear,,5.0,1990.0,0.8003085246885708,1.670821116509857,1.6907212992032272,1.853243445890395
ascley,markov_order_2,15,nearest,,5.0,220.0,0.7491433838374734,1.2988322232070753,1.6332873274468667,1.8163873140095923
ascley,vq_ctw,15,linear,256.0,5.0,1990.0,0.9999999999980905,0.029498594674373314,4.242036799218175,4.242036799218175
ascley,vq_ctw,15,nearest,256.0,5.0,220.0,0.9908170862705592,0.1862589589240537,4.445141662251358,4.445141662251358
ascley,vq_ctw,15,linear,512.0,5.0,1990.0,0.9915200248350804,0.09245926734493413,4.176002553672759,4.176002553672759
ascley,vq_ctw,15,nearest,512.0,5.0,220.0,0.9999999999996961,0.03004856614856144,3.764547235807781,3.764547235807781
ascley,vq_ctw,15,linear,1024.0,5.0,1990.0,0.9967234006607284,0.03503967122371226,4.316464246817663,4.316464246817663
ascley,vq_ctw,15,nearest,1024.0,5.0,220.0,0.9999999999993749,0.060383235742061135,3.8339801684892407,3.8339801684892407
ashgat,direct_ctw,15,linear,,5.0,961.0,0.8645967628392084,1.1928912923076054,1.675673093094366,1.842060161693546
ashgat,direct_ctw,15,nearest,,5.0,169.0,0.8478414900201311,0.9781480591021818,1.577408389476328,1.8049644798729088
ashgat,markov_order_1,15,linear,,5.0,961.0,0.7984691505547231,1.6489906359214073,1.675673093094366,1.842060161693546
ashgat,markov_order_1,15,nearest,,5.0,169.0,0.684190604555708,1.6561624205035648,1.577408389476328,1.8049644798729088
ashgat,markov_order_2,15,linear,,5.0,961.0,0.7715412570099969,1.822789625247815,1.675673093094366,1.842060161693546
ashgat,markov_order_2,15,nearest,,5.0,169.0,0.6963065210701801,1.6207448502250514,1.577408389476328,1.8049644798729088
ashgat,vq_ctw,15,linear,256.0,5.0,961.0,0.9999999999980905,0.03597590590158833,4.351061999372641,4.351061999372641
ashgat,vq_ctw,15,nearest,256.0,5.0,169.0,0.97130342266029,0.24459586484381476,4.457121479840501,4.457121479840501
ashgat,vq_ctw,15,linear,512.0,5.0,961.0,0.9886988930947385,0.11554062216460773,4.0237052606167465,4.0237052606167465
ashgat,vq_ctw,15,nearest,512.0,5.0,169.0,0.9999999999995028,0.05490403601547112,4.588713994951445,4.588713994951445
ashgat,vq_ctw,15,linear,1024.0,5.0,961.0,0.9949551111630277,0.05375315982709935,4.329337690381796,4.329337690381796
ashgat,vq_ctw,15,nearest,1024.0,5.0,169.0,0.9887596937165343,0.13971662619791456,5.009056343284676,5.009056343284676
asigno,direct_ctw,15,linear,,5.0,2015.0,0.851825766031858,1.3652799838567118,1.6988177663918147,1.8483143181074606
asigno,direct_ctw,15,nearest,,5.0,139.0,0.8687791449017436,0.94306552947289,1.6760930022706926,1.848286874152366
asigno,markov_order_1,15,linear,,5.0,2015.0,0.7959596898575447,1.7765159845358194,1.6988177663918147,1.8483143181074606
asigno,markov_order_1,15,nearest,,5.0,139.0,0.7080304993619191,1.577939135110709,1.6760930022706926,1.848286874152366
asigno,markov_order_2,15,linear,,5.0,2015.0,0.763376060756328,2.0030919402766334,1.6988177663918147,1.8483143181074606
asigno,markov_order_2,15,nearest,,5.0,139.0,0.7054666611594145,1.5906653722479693,1.6760930022706926,1.848286874152366
asigno,vq_ctw,15,linear,256.0,5.0,2015.0,0.9968637826231382,0.03557145292492085,4.278915847954216,4.278915847954216
asigno,vq_ctw,15,nearest,256.0,5.0,139.0,0.9936069064366106,0.14428956215875707,4.143093632769042,4.143093632769042
asigno,vq_ctw,15,linear,512.0,5.0,2015.0,0.9909447059171003,0.10162906875492635,4.217726618654211,4.217726618654211
asigno,vq_ctw,15,nearest,512.0,5.0,139.0,0.9913883143631795,0.061624501183251405,5.134572930784413,5.134572930784413
asigno,vq_ctw,15,linear,1024.0,5.0,2015.0,0.9962495531061983,0.04312529390766605,4.244258024063969,4.244258024063969
asigno,vq_ctw,15,nearest,1024.0,5.0,139.0,1.0,0.0,4.970649515913791,4.970649515913791
askmec,direct_ctw,15,linear,,5.0,2015.0,0.8414691359496365,1.4503759794865692,1.6992499483924923,1.8523477199433886
askmec,direct_ctw,15,nearest,,5.0,170.0,0.8315262308305087,1.0302151152849417,1.6303806708222617,1.8185350945807999
askmec,markov_order_1,15,linear,,5.0,2015.0,0.7615564080473858,2.0251779204829843,1.6992499483924923,1.8523477199433886
askmec,markov_order_1,15,nearest,,5.0,170.0,0.6798327676040934,1.6111488919732584,1.6303806708222617,1.8185350945807999
askmec,markov_order_2,15,linear,,5.0,2015.0,0.7311741822045329,2.229584024627886,1.6992499483924923,1.8523477199433886
askmec,markov_order_2,15,nearest,,5.0,170.0,0.6723943295645476,1.646149966450088,1.6303806708222617,1.8185350945807999
askmec,vq_ctw,15,linear,256.0,5.0,2015.0,0.9881548366383199,0.11156529644515732,6.090984695171091,6.090984695171091
askmec,vq_ctw,15,nearest,256.0,5.0,170.0,0.9778359095810022,0.161090061691788,4.149990367241922,4.149990367241922
askmec,vq_ctw,15,linear,512.0,5.0,2015.0,0.9533755722504821,0.4027722287085925,5.585403150062849,5.585403150062849
askmec,vq_ctw,15,nearest,512.0,5.0,170.0,0.9999999999989216,0.06720526019664856,4.416738046929174,4.416738046929174
askmec,vq_ctw,15,linear,1024.0,5.0,2015.0,0.9879274788826724,0.11838411396029348,6.539906254776023,6.539906254776023
askmec,vq_ctw,15,nearest,1024.0,5.0,170.0,0.9999999999991688,0.07857376662377014,5.004971030374391,5.004971030374391
aslagn,direct_ctw,15,linear,,5.0,2008.0,0.8440830903702985,1.389518619962493,1.6572763888483721,1.8113937127096769
aslagn,direct_ctw,15,nearest,,5.0,34.0,0.7951625367271399,1.1411730758829959,1.858414145761561,2.0212559711088196
aslagn,markov_order_1,15,linear,,5.0,2008.0,0.7740629510366465,1.8795095305763327,1.6572763888483721,1.8113937127096769
aslagn,markov_order_1,15,nearest,,5.0,34.0,0.5305151648935251,1.9362811958735473,1.858414145761561,2.0212559711088196
aslagn,markov_order_2,15,linear,,5.0,2008.0,0.7528340332787083,2.0195716676773627,1.6572763888483721,1.8113937127096769
aslagn,markov_order_2,15,nearest,,5.0,34.0,0.6174244878345615,1.7249917587087034,1.858414145761561,2.0212559711088196
aslagn,vq_ctw,15,linear,256.0,5.0,2008.0,0.9844710433089264,0.14015337819485374,5.4611384691797324,5.4611384691797324
aslagn,vq_ctw,15,nearest,256.0,5.0,34.0,0.9999999999980905,0.1930922505465713,4.052393335907212,4.052393335907212
aslagn,vq_ctw,15,linear,512.0,5.0,2008.0,0.9596564371886318,0.3571239000397855,5.413855379444664,5.413855379444664
aslagn,vq_ctw,15,nearest,512.0,5.0,34.0,1.0,0.0,4.511418188082798,4.511418188082798
aslagn,vq_ctw,15,linear,1024.0,5.0,2008.0,0.9869276937087572,0.12667805340636515,5.917695042289103,5.917695042289103
aslagn,vq_ctw,15,nearest,1024.0,5.0,34.0,1.0,0.0,4.691338239267352,4.691338239267352
aswift,direct_ctw,15,linear,,5.0,2015.0,0.9012490858432263,1.0008721384627168,1.4783696812251323,1.6417107725582325
aswift,direct_ctw,15,nearest,,5.0,94.0,0.944288446907128,0.5879361072986513,1.3404500981109624,1.5484788571417305
aswift,markov_order_1,15,linear,,5.0,2015.0,0.853328196505775,1.3973284746370038,1.4783696812251323,1.6417107725582325
aswift,markov_order_1,15,nearest,,5.0,94.0,0.9178361703400351,0.7141717011502973,1.3404500981109624,1.5484788571417305
aswift,markov_order_2,15,linear,,5.0,2015.0,0.8275766815634412,1.5988329715636826,1.4783696812251323,1.6417107725582325
aswift,markov_order_2,15,nearest,,5.0,94.0,0.9237036782475406,0.6790350532323833,1.3404500981109624,1.5484788571417305
aswift,vq_ctw,15,linear,256.0,5.0,2015.0,0.993877498286487,0.06352031281560369,4.367325386504718,4.367325386504718
aswift,vq_ctw,15,nearest,256.0,5.0,94.0,0.9999999999980906,0.15006831922944608,3.0065247960755506,3.0065247960755506
aswift,vq_ctw,15,linear,512.0,5.0,2015.0,0.9851513062011992,0.16077243266693764,4.208801867429145,4.208801867429145
aswift,vq_ctw,15,nearest,512.0,5.0,94.0,1.0,0.0,2.93872631525899,2.93872631525899
aswift,vq_ctw,15,linear,1024.0,5.0,2015.0,0.9938551896183654,0.06626974718972037,4.379474191305864,4.379474191305864
aswift,vq_ctw,15,nearest,1024.0,5.0,94.0,1.0,0.0,2.9569987350776366,2.9569987350776366
atcila,direct_ctw,15,linear,,5.0,2015.0,0.8745383650522639,1.193486255642203,1.531505350542118,1.7101917956551318
atcila,direct_ctw,15,nearest,,5.0,235.0,0.853244008928663,0.9122143943916353,1.6435349989739867,1.831324850301434
atcila,markov_order_1,15,linear,,5.0,2015.0,0.8218271048965946,1.5972041684860327,1.531505350542118,1.7101917956551318
atcila,markov_order_1,15,nearest,,5.0,235.0,0.7109127262087799,1.4728699425332417,1.6435349989739867,1.831324850301434
atcila,markov_order_2,15,linear,,5.0,2015.0,0.7930688810878159,1.8053939534131385,1.531505350542118,1.7101917956551318
atcila,markov_order_2,15,nearest,,5.0,235.0,0.7163349399292984,1.4582943035264078,1.6435349989739867,1.831324850301434
atcila,vq_ctw,15,linear,256.0,5.0,2015.0,0.9912457694580732,0.08629157194055737,4.700828359024526,4.700828359024526
atcila,vq_ctw,15,nearest,256.0,5.0,235.0,0.9688353077732778,0.2823427799658469,4.8432642926588105,4.8432642926588105
atcila,vq_ctw,15,linear,512.0,5.0,2015.0,0.9778366560630722,0.22367676123128966,4.461424939569972,4.461424939569972
atcila,vq_ctw,15,nearest,512.0,5.0,235.0,0.9999999999986999,0.13333205891809585,5.021510922609295,5.021510922609295
atcila,vq_ctw,15,linear,1024.0,5.0,2015.0,0.9922115673825079,0.08587896534079881,4.805398283695901,4.805398283695901
atcila,vq_ctw,15,nearest,1024.0,5.0,235.0,0.992015621481721,0.13348834020732853,5.243606887453291,5.243606887453291
atfrav,direct_ctw,15,linear,,5.0,1505.0,0.9161139154449164,0.7512705141972286,1.5667004350210605,1.7320144024743973
atfrav,direct_ctw,15,nearest,,5.0,101.0,0.8638821207262021,0.8407779646452862,1.5032304858106427,1.7098154024809409
atfrav,markov_order_1,15,linear,,5.0,1505.0,0.881560572043928,0.998616062252257,1.5667004350210605,1.7320144024743973
atfrav,markov_order_1,15,nearest,,5.0,101.0,0.7504532939390951,1.3044285900414876,1.5032304858106427,1.7098154024809409
atfrav,markov_order_2,15,linear,,5.0,1505.0,0.8770027244747061,1.029904612103516,1.5667004350210605,1.7320144024743973
atfrav,markov_order_2,15,nearest,,5.0,101.0,0.7317611694424666,1.3671281547004543,1.5032304858106427,1.7098154024809409
atfrav,vq_ctw,15,linear,256.0,5.0,1505.0,0.9977596779052922,0.025188290617340934,3.340255533454057,3.340255533454057
atfrav,vq_ctw,15,nearest,256.0,5.0,101.0,0.9465115216593714,0.40457316948985905,4.667336057909275,4.667336057909275
atfrav,vq_ctw,15,linear,512.0,5.0,1505.0,0.9960475257966293,0.04350816772203346,3.566218944699143,3.566218944699143
atfrav,vq_ctw,15,nearest,512.0,5.0,101.0,0.9866969033739051,0.158656732934011,5.422872266446004,5.422872266446004
atfrav,vq_ctw,15,linear,1024.0,5.0,1505.0,0.9985257474462775,0.017466106454665214,3.6064594928577334,3.6064594928577334
atfrav,vq_ctw,15,nearest,1024.0,5.0,101.0,0.9999999999987335,0.12840314553854393,5.802139727646571,5.802139727646571
atfrim,direct_ctw,15,linear,,5.0,2013.0,0.8459205587562241,1.4454442670361562,1.69694599112411,1.850558887495783
atfrim,direct_ctw,15,nearest,,5.0,112.0,0.837315619015084,0.984062208388458,1.7707043675851153,1.9371349541637826
atfrim,markov_order_1,15,linear,,5.0,2013.0,0.7611913990107729,2.0724829035246826,1.69694599112411,1.850558887495783
atfrim,markov_order_1,15,nearest,,5.0,112.0,0.6469141445005384,1.6814902093445443,1.7707043675851153,1.9371349541637826
atfrim,markov_order_2,15,linear,,5.0,2013.0,0.7224336430367756,2.339189764029383,1.69694599112411,1.850558887495783
atfrim,markov_order_2,15,nearest,,5.0,112.0,0.6734095715189701,1.592315701862955,1.7707043675851153,1.9371349541637826
atfrim,vq_ctw,15,linear,256.0,5.0,2013.0,0.9799010633714212,0.1620946200230026,6.090285465646915,6.090285465646915
atfrim,vq_ctw,15,nearest,256.0,5.0,112.0,0.9526177087253522,0.30369475280986313,5.008095110083188,5.008095110083188
atfrim,vq_ctw,15,linear,512.0,5.0,2013.0,0.9547889758387099,0.415882148747475,5.777558617403854,5.777558617403854
atfrim,vq_ctw,15,nearest,512.0,5.0,112.0,0.971320245994395,0.23339385899699808,6.163155004071958,6.163155004071958
atfrim,vq_ctw,15,linear,1024.0,5.0,2013.0,0.9837832079492147,0.15206974157725164,6.370233614528811,6.370233614528811
atfrim,vq_ctw,15,nearest,1024.0,5.0,112.0,0.952459476214113,0.29515164229619806,6.1160242381442105,6.1160242381442105
atidfi,direct_ctw,15,linear,,5.0,2015.0,0.8682942616571292,1.2376536974489798,1.6249633078409966,1.793447679969666
atidfi,direct_ctw,15,nearest,,5.0,254.0,0.8394696207042945,0.9725426613985658,1.5142777203251097,1.6961943226698535
atidfi,markov_order_1,15,linear,,5.0,2015.0,0.8133269316161305,1.6519586629634566,1.6249633078409966,1.793447679969666
atidfi,markov_order_1,15,nearest,,5.0,254.0,0.6923435916279274,1.5519276359015532,1.5142777203251097,1.6961943226698535
atidfi,markov_order_2,15,linear,,5.0,2015.0,0.7858815015928224,1.8475560738967458,1.6249633078409966,1.793447679969666
atidfi,markov_order_2,15,nearest,,5.0,254.0,0.6782270763175826,1.6004851878635165,1.5142777203251097,1.6961943226698535
atidfi,vq_ctw,15,linear,256.0,5.0,2015.0,0.9954698153877966,0.04632402196139231,4.886651627943326,4.886651627943326
atidfi,vq_ctw,15,nearest,256.0,5.0,254.0,0.9798942641507656,0.16393642321749158,4.181787481086816,4.181787481086816
atidfi,vq_ctw,15,linear,512.0,5.0,2015.0,0.9854669761106675,0.14709809836682944,4.399319731349866,4.399319731349866
atidfi,vq_ctw,15,nearest,512.0,5.0,254.0,0.9999999999991805,0.09104575624148922,4.946418472595145,4.946418472595145
atidfi,vq_ctw,15,linear,1024.0,5.0,2015.0,0.9953818921048065,0.05171283805083621,4.7537334790019194,4.7537334790019194
atidfi,vq_ctw,15,nearest,1024.0,5.0,254.0,0.9999999999991805,0.0787210309093702,4.632452087824229,4.632452087824229
atnokv,direct_ctw,15,linear,,5.0,2012.0,0.8398047162911577,1.4986003500026777,1.6772082780371091,1.8367971116763566
atnokv,markov_order_1,15,linear,,5.0,2012.0,0.7298711303733348,2.2982701052365253,1.6772082780371091,1.8367971116763566
atnokv,markov_order_2,15,linear,,5.0,2012.0,0.68376387836142,2.6054868669039406,1.6772082780371091,1.8367971116763566
atnokv,vq_ctw,15,linear,256.0,5.0,2012.0,0.9587440233726658,0.31341063028220867,6.471527885290282,6.471527885290282
atnokv,vq_ctw,15,linear,512.0,5.0,2012.0,0.9287188788867363,0.6262266053183467,6.325670166472507,6.325670166472507
atnokv,vq_ctw,15,linear,1024.0,5.0,2012.0,0.9622727150262866,0.3072276034252114,6.37301733937786,6.37301733937786
atsfiv,direct_ctw,15,linear,,5.0,333.0,0.8566176335291091,1.2127171164553212,1.5539983599452174,1.7189600020227842
atsfiv,markov_order_1,15,linear,,5.0,333.0,0.731446371471512,2.000050991397647,1.5539983599452174,1.7189600020227842
atsfiv,markov_order_2,15,linear,,5.0,333.0,0.6823995134905989,2.274399429348698,1.5539983599452174,1.7189600020227842
atsfiv,vq_ctw,15,linear,256.0,5.0,333.0,0.9806114467200524,0.16872367736077915,5.915070633019105,5.915070633019105
atsfiv,vq_ctw,15,linear,512.0,5.0,333.0,0.9384288418796458,0.5065026060550516,5.929290215372715,5.929290215372715
atsfiv,vq_ctw,15,linear,1024.0,5.0,333.0,0.9763794098680157,0.19875059698696332,6.156261831359338,6.156261831359338
atzumb,direct_ctw,15,linear,,5.0,2015.0,0.8806120057408071,1.0887751815385884,1.6388695507296769,1.8097166419432704
atzumb,direct_ctw,15,nearest,,5.0,201.0,0.8361387978489704,0.9751555166421647,1.5423020984124998,1.7433448509444267
atzumb,markov_order_1,15,linear,,5.0,2015.0,0.8380960373026541,1.3998648603354031,1.6388695507296769,1.8097166419432704
atzumb,markov_order_1,15,nearest,,5.0,201.0,0.6855558248475451,1.5513979176033785,1.5423020984124998,1.7433448509444267
atzumb,markov_order_2,15,linear,,5.0,2015.0,0.8220048273208631,1.5123271101220332,1.6388695507296769,1.8097166419432704
atzumb,markov_order_2,15,nearest,,5.0,201.0,0.6655980425377295,1.626855868027322,1.5423020984124998,1.7433448509444267
atzumb,vq_ctw,15,linear,256.0,5.0,2015.0,0.9999999999980905,0.02502196056049852,3.8980997891059617,3.8980997891059617
atzumb,vq_ctw,15,nearest,256.0,5.0,201.0,0.9883279113741278,0.16643772313554564,4.168990351492203,4.168990351492203
atzumb,vq_ctw,15,linear,512.0,5.0,2015.0,0.9927264019778854,0.07900930336939768,3.9383579560725055,3.9383579560725055
atzumb,vq_ctw,15,nearest,512.0,5.0,201.0,0.999999999999316,0.06615694206962659,4.400161752490075,4.400161752490075
atzumb,vq_ctw,15,linear,1024.0,5.0,2015.0,0.9962774028234969,0.039122565105171675,3.920910978950405,3.920910978950405
atzumb,vq_ctw,15,nearest,1024.0,5.0,201.0,0.9943151008218925,0.04465135030190868,4.534098607019776,4.534098607019776
aucjun,direct_ctw,15,linear,,5.0,1643.0,0.9582222677408865,0.4174954113502798,1.6386299145317518,1.757605845322367
aucjun,markov_order_1,15,linear,,5.0,1643.0,0.9322461250695137,0.6285005878376041,1.6386299145317518,1.757605845322367
aucjun,markov_order_2,15,linear,,5.0,1643.0,0.9324892706054461,0.6266076718344478,1.6386299145317518,1.757605845322367
aucjun,vq_ctw,15,linear,256.0,5.0,1643.0,0.9974936278294135,0.029239417112728684,3.615029814057719,3.615029814057719
aucjun,vq_ctw,15,linear,512.0,5.0,1643.0,0.9937831352280356,0.0689433291736139,4.488097443564426,4.488097443564426
aucjun,vq_ctw,15,linear,1024.0,5.0,1643.0,0.9964374605032467,0.037666731600425975,4.404978392793745,4.404978392793745
auctji,direct_ctw,15,linear,,5.0,2015.0,0.850516575286046,1.4094112854444427,1.7300468610889836,1.8884430290810312
auctji,direct_ctw,15,nearest,,5.0,111.0,0.8403271505770679,0.9483805383261767,1.6897317441808515,1.852997026959727
auctji,markov_order_1,15,linear,,5.0,2015.0,0.7746024176298271,1.9774808395309336,1.7300468610889836,1.8884430290810312
auctji,markov_order_1,15,nearest,,5.0,111.0,0.7159074409656011,1.4142797180878837,1.6897317441808515,1.852997026959727
auctji,markov_order_2,15,linear,,5.0,2015.0,0.7306548407063863,2.283554108969985,1.7300468610889836,1.8884430290810312
auctji,markov_order_2,15,nearest,,5.0,111.0,0.7305088875003622,1.369150529946247,1.6897317441808515,1.852997026959727
auctji,vq_ctw,15,linear,256.0,5.0,2015.0,0.9900051615831421,0.09660035997215138,6.240858545264728,6.240858545264728
auctji,vq_ctw,15,nearest,256.0,5.0,111.0,0.9657136682908729,0.2798368601896601,4.36129972947277,4.36129972947277
auctji,vq_ctw,15,linear,512.0,5.0,2015.0,0.95194493536747,0.42224204059711473,5.679021090486314,5.679021090486314
auctji,vq_ctw,15,nearest,512.0,5.0,111.0,0.9999999999993291,0.04878413138392916,4.5778586227960725,4.5778586227960725
auctji,vq_ctw,15,linear,1024.0,5.0,2015.0,0.9926062233852615,0.08013929102066009,6.9910739033219125,6.9910739033219125
auctji,vq_ctw,15,nearest,1024.0,5.0,111.0,0.9870914437050332,0.13933492312911738,4.567383578282199,4.567383578282199
aupcli,direct_ctw,15,linear,,5.0,545.0,0.8605937044187222,1.185185824396669,1.756359248914712,1.895652121104994
aupcli,markov_order_1,15,linear,,5.0,545.0,0.7422034864425472,1.9375810388555346,1.756359248914712,1.895652121104994
aupcli,markov_order_2,15,linear,,5.0,545.0,0.7052001189727423,2.148945004847286,1.756359248914712,1.895652121104994
aupcli,vq_ctw,15,linear,256.0,5.0,545.0,0.9771847756046106,0.1931293361387541,6.49126835455192,6.49126835455192
aupcli,vq_ctw,15,linear,512.0,5.0,545.0,0.9504607629487595,0.4124935061552022,5.770955585970502,5.770955585970502
aupcli,vq_ctw,15,linear,1024.0,5.0,545.0,0.9794663458296288,0.1854937731468242,6.639667666374153,6.639667666374153
aurjye,direct_ctw,15,linear,,5.0,2015.0,0.9158035563296705,0.8339214194005238,1.5451057798993693,1.6925608180395486
aurjye,direct_ctw,15,nearest,,5.0,125.0,0.8400636405514271,0.9746711004385991,1.6218967319700468,1.7964492519934943
aurjye,markov_order_1,15,linear,,5.0,2015.0,0.8689760597473547,1.2093579942291066,1.5451057798993693,1.6925608180395486
aurjye,markov_order_1,15,nearest,,5.0,125.0,0.6808864193881037,1.5775974719173933,1.6218967319700468,1.7964492519934943
aurjye,markov_order_2,15,linear,,5.0,2015.0,0.853406706300323,1.3275009010812218,1.5451057798993693,1.6925608180395486
aurjye,markov_order_2,15,nearest,,5.0,125.0,0.6874083319107047,1.5615806198698274,1.6218967319700468,1.7964492519934943
aurjye,vq_ctw,15,linear,256.0,5.0,2015.0,0.9999999999980905,0.04773326890366634,4.768297196685429,4.768297196685429
aurjye,vq_ctw,15,nearest,256.0,5.0,125.0,0.929201617173225,0.4363380205652777,5.137111344849521,5.137111344849521
aurjye,vq_ctw,15,linear,512.0,5.0,2015.0,0.9880876981759926,0.12087889013683457,4.656885468559904,4.656885468559904
aurjye,vq_ctw,15,nearest,512.0,5.0,125.0,0.9735898206596307,0.27467707930024327,6.222660002161594,6.222660002161594
aurjye,vq_ctw,15,linear,1024.0,5.0,2015.0,0.9972712887673938,0.02990200753225451,4.562822546074266,4.562822546074266
aurjye,vq_ctw,15,nearest,1024.0,5.0,125.0,0.9765383050545788,0.22452458352871235,6.237142704978971,6.237142704978971
avdyab,direct_ctw,15,linear,,5.0,2015.0,0.8815582478993391,1.0679160728574437,1.6411322528601735,1.8020464795148832
avdyab,direct_ctw,15,nearest,,5.0,67.0,0.8398142615582691,0.9536092682440444,1.6741763373848757,1.8256220146979873
avdyab,markov_order_1,15,linear,,5.0,2015.0,0.8385334795159503,1.3781243640170575,1.6411322528601735,1.8020464795148832
avdyab,markov_order_1,15,nearest,,5.0,67.0,0.6741470689308446,1.5624324464185857,1.6741763373848757,1.8256220146979873
avdyab,markov_order_2,15,linear,,5.0,2015.0,0.8228639533329352,1.4859336624265251,1.6411322528601735,1.8020464795148832
avdyab,markov_order_2,15,nearest,,5.0,67.0,0.6752922677452325,1.5591076278457456,1.6741763373848757,1.8256220146979873
avdyab,vq_ctw,15,linear,256.0,5.0,2015.0,0.9999999999980905,0.03628791324495533,4.243268361801598,4.243268361801598
avdyab,vq_ctw,15,nearest,256.0,5.0,67.0,0.9999999999980904,0.28534341545143793,6.300534927764134,6.300534927764134
avdyab,vq_ctw,15,linear,512.0,5.0,2015.0,0.9872746610189356,0.12790946576734805,4.115049983575049,4.115049983575049
avdyab,vq_ctw,15,nearest,512.0,5.0,67.0,1.0,0.0,3.5814866425174774,3.5814866425174774
avdyab,vq_ctw,15,linear,1024.0,5.0,2015.0,0.9957551613469239,0.04628854672499184,4.3075015706121995,4.3075015706121995
avdyab,vq_ctw,15,nearest,1024.0,5.0,67.0,1.0,0.0,3.793997783297568,3.793997783297568
avglyb,direct_ctw,15,linear,,5.0,2015.0,0.8895811140238432,1.0847863781166351,1.5617932491412783,1.7187182612847933
avglyb,markov_order_1,15,linear,,5.0,2015.0,0.8305753753513937,1.5518641565991218,1.5617932491412783,1.7187182612847933
avglyb,markov_order_2,15,linear,,5.0,2015.0,0.8135958365158426,1.6791093276649929,1.5617932491412783,1.7187182612847933
avglyb,vq_ctw,15,linear,256.0,5.0,2015.0,0.98348660784444,0.14756200792679453,5.442636541109072,5.442636541109072
avglyb,vq_ctw,15,linear,512.0,5.0,2015.0,0.9571262773524675,0.38393757238990744,4.834534584868573,4.834534584868573
avglyb,vq_ctw,15,linear,1024.0,5.0,2015.0,0.9875838255674605,0.12851112193356382,5.784855053651095,5.784855053651095
aviltl,direct_ctw,15,linear,,5.0,2013.0,0.8791785997156387,1.0782604451182696,1.6357109880661265,1.7957882848363338
aviltl,direct_ctw,15,nearest,,5.0,178.0,0.8478835614494499,0.9296505379608532,1.5869466346985224,1.7898191779502721
aviltl,markov_order_1,15,linear,,5.0,2013.0,0.8362544880649335,1.3839081509221052,1.6357109880661265,1.7957882848363338
aviltl,markov_order_1,15,nearest,,5.0,178.0,0.708330670093931,1.4786009536323195,1.5869466346985224,1.7898191779502721
aviltl,markov_order_2,15,linear,,5.0,2013.0,0.8242912055568803,1.465428546496519,1.6357109880661265,1.7957882848363338
aviltl,markov_order_2,15,nearest,,5.0,178.0,0.6881782206672854,1.556012662681928,1.5869466346985224,1.7898191779502721
aviltl,vq_ctw,15,linear,256.0,5.0,2013.0,0.9965221073934191,0.03689263001512759,4.011941801442986,4.011941801442986
aviltl,vq_ctw,15,nearest,256.0,5.0,178.0,0.9769664802876802,0.2057335241374293,4.102879002842816,4.102879002842816
aviltl,vq_ctw,15,linear,512.0,5.0,2013.0,0.9891315964040809,0.11700812075291263,3.7944619552382948,3.7944619552382948
aviltl,vq_ctw,15,nearest,512.0,5.0,178.0,0.9999999999992278,0.07457038387985486,4.340037398599023,4.340037398599023
aviltl,vq_ctw,15,linear,1024.0,5.0,2013.0,0.997411345712777,0.031152922155630567,4.090645020263266,4.090645020263266
aviltl,vq_ctw,15,nearest,1024.0,5.0,178.0,0.9943780054145394,0.048300515586358866,4.6191893756728915,4.6191893756728915
avpavi,direct_ctw,15,linear,,5.0,2015.0,0.9027369605602092,0.9278370517107081,1.6454683044353051,1.8167390436885427
avpavi,direct_ctw,15,nearest,,5.0,319.0,0.8342046835930241,0.9395687250060691,1.6559528395719463,1.8339460495986648
avpavi,markov_order_1,15,linear,,5.0,2015.0,0.864401792524585,1.2244625032843408,1.6454683044353051,1.8167390436885427
avpavi,markov_order_1,15,nearest,,5.0,319.0,0.7160811335010859,1.3829031598891046,1.6559528395719463,1.8339460495986648
avpavi,markov_order_2,15,linear,,5.0,2015.0,0.8497060993388286,1.3330914259606466,1.6454683044353051,1.8167390436885427
avpavi,markov_order_2,15,nearest,,5.0,319.0,0.7032824845936354,1.4262273905067537,1.6559528395719463,1.8339460495986648
avpavi,vq_ctw,15,linear,256.0,5.0,2015.0,0.9999999999980905,0.023067934814164005,3.6644037815728865,3.6644037815728865
avpavi,vq_ctw,15,nearest,256.0,5.0,319.0,0.9894922263793366,0.21043871888185325,4.344039643977595,4.344039643977595
avpavi,vq_ctw,15,linear,512.0,5.0,2015.0,0.9929419475946961,0.07470317382447497,3.6914833504834705,3.6914833504834705
avpavi,vq_ctw,15,nearest,512.0,5.0,319.0,0.9958148155623182,0.05512873807062247,4.385166363206542,4.385166363206542
avpavi,vq_ctw,15,linear,1024.0,5.0,2015.0,0.9976984570957079,0.025786984919632744,3.7654631409741217,3.7654631409741217
avpavi,vq_ctw,15,nearest,1024.0,5.0,319.0,0.9893229894137995,0.07995880532944787,4.126590437045939,4.126590437045939
awnbeb,direct_ctw,15,linear,,5.0,1976.0,0.8800425975343062,1.1632615287330146,1.5962371215164848,1.7603062243249312
awnbeb,direct_ctw,15,nearest,,5.0,38.0,0.7880507832736535,1.0811236738869072,1.7365843008803523,1.9150238397149315
awnbeb,markov_order_1,15,linear,,5.0,1976.0,0.8285404876508233,1.567265146635709,1.5962371215164848,1.7603062243249312
awnbeb,markov_order_1,15,nearest,,5.0,38.0,0.6465132128211534,1.497406863654664,1.7365843008803523,1.9150238397149315
awnbeb,markov_order_2,15,linear,,5.0,1976.0,0.7960977697506213,1.8073695353998263,1.5962371215164848,1.7603062243249312
awnbeb,markov_order_2,15,nearest,,5.0,38.0,0.6644163374436524,1.4524172646625035,1.7365843008803523,1.9150238397149315
awnbeb,vq_ctw,15,linear,256.0,5.0,1976.0,0.9936270487077441,0.06574893091534946,4.76359683795308,4.76359683795308
awnbeb,vq_ctw,15,nearest,256.0,5.0,38.0,1.0,0.0,2.5919740238319324,2.5919740238319324
awnbeb,vq_ctw,15,linear,512.0,5.0,1976.0,0.9819881326101859,0.18416291329958492,4.57714385367543,4.57714385367543
awnbeb,vq_ctw,15,nearest,512.0,5.0,38.0,1.0,0.0,2.9251592609053194,2.9251592609053194
awnbeb,vq_ctw,15,linear,1024.0,5.0,1976.0,0.992584289938274,0.07488009090478123,4.7415008613423115,4.7415008613423115
awnbeb,vq_ctw,15,nearest,1024.0,5.0,38.0,1.0,0.0,3.325922658188785,3.325922658188785
awrenb,direct_ctw,15,linear,,5.0,2013.0,0.864468766055505,1.1854987216692985,1.5765123277598196,1.7468852561169708
awrenb,direct_ctw,15,nearest,,5.0,531.0,0.8334993950464242,0.946260769848955,1.5416480482874468,1.7306335397300718
awrenb,markov_order_1,15,linear,,5.0,2013.0,0.8250454935471546,1.4603316032781513,1.5765123277598196,1.7468852561169708
awrenb,markov_order_1,15,nearest,,5.0,531.0,0.7190543887346396,1.3848336877226608,1.5416480482874468,1.7306335397300718
awrenb,markov_order_2,15,linear,,5.0,2013.0,0.8080111254524334,1.5740871088839425,1.5765123277598196,1.7468852561169708
awrenb,markov_order_2,15,nearest,,5.0,531.0,0.7262102573120689,1.3642992389648205,1.5416480482874468,1.7306335397300718
awrenb,vq_ctw,15,linear,256.0,5.0,2013.0,0.9999999999980905,0.006240176614713961,4.1394955516173395,4.1394955516173395
awrenb,vq_ctw,15,nearest,256.0,5.0,531.0,0.9695809404673005,0.23714307798224346,3.8014981236493917,3.8014981236493917
awrenb,vq_ctw,15,linear,512.0,5.0,2013.0,0.9898187053030805,0.09812959272171622,3.819229534152516,3.819229534152516
awrenb,vq_ctw,15,nearest,512.0,5.0,531.0,0.9999999999993239,0.0604628931159953,4.05957350416258,4.05957350416258
awrenb,vq_ctw,15,linear,1024.0,5.0,2013.0,0.9999999999980905,0.0062401766147139595,4.271025847151137,4.271025847151137
awrenb,vq_ctw,15,nearest,1024.0,5.0,531.0,0.9927999163209261,0.08855861082055733,4.144381684096262,4.144381684096262
awribi,direct_ctw,15,linear,,5.0,1930.0,0.8812965004609956,1.038650586230717,1.5914022088615898,1.7761538005322397
awribi,direct_ctw,15,nearest,,5.0,324.0,0.8332686059460036,0.9834549606082594,1.6294597384080414,1.7885273798901555
awribi,markov_order_1,15,linear,,5.0,1930.0,0.8406936084204525,1.3211584074069382,1.5914022088615898,1.7761538005322397
awribi,markov_order_1,15,nearest,,5.0,324.0,0.7110220435101602,1.4409606205383165,1.6294597384080414,1.7885273798901555
awribi,markov_order_2,15,linear,,5.0,1930.0,0.8321317278598777,1.3783195801693735,1.5914022088615898,1.7761538005322397
awribi,markov_order_2,15,nearest,,5.0,324.0,0.6988318810229349,1.4837087449522082,1.6294597384080414,1.7885273798901555
awribi,vq_ctw,15,linear,256.0,5.0,1930.0,0.9953625865445344,0.047263630243074436,3.934289433197999,3.934289433197999
awribi,vq_ctw,15,nearest,256.0,5.0,324.0,0.9665863678065452,0.2363103822130286,4.009202917994302,4.009202917994302
awribi,vq_ctw,15,linear,512.0,5.0,1930.0,0.9872932761490378,0.13391754771698766,3.8374334164909936,3.8374334164909936
awribi,vq_ctw,15,nearest,512.0,5.0,324.0,0.999999999999122,0.08237692358285861,4.1830828872506665,4.1830828872506665
awribi,vq_ctw,15,linear,1024.0,5.0,1930.0,0.9962303954806965,0.04331782046126696,4.147364511754439,4.147364511754439
awribi,vq_ctw,15,nearest,1024.0,5.0,324.0,0.9972850058391204,0.0832322286234926,4.502128491159986,4.502128491159986
aydwah,direct_ctw,15,linear,,5.0,1937.0,0.8640216841587967,1.1970641715852455,1.6529568523417797,1.8290174217481594
aydwah,direct_ctw,15,nearest,,5.0,273.0,0.821862944601259,1.0294790650119123,1.7416511185193841,1.9079800047212259
aydwah,markov_order_1,15,linear,,5.0,1937.0,0.8240558636892159,1.4778207247838222,1.6529568523417797,1.8290174217481594
aydwah,markov_order_1,15,nearest,,5.0,273.0,0.6482374672538317,1.6402388106501535,1.7416511185193841,1.9079800047212259
aydwah,markov_order_2,15,linear,,5.0,1937.0,0.803595889097171,1.6151832397060129,1.6529568523417797,1.8290174217481594
aydwah,markov_order_2,15,nearest,,5.0,273.0,0.6683888213930357,1.5874594084457943,1.7416511185193841,1.9079800047212259
aydwah,vq_ctw,15,linear,256.0,5.0,1937.0,0.9999999999980905,0.041609561636226915,3.9916518088975446,3.9916518088975446
aydwah,vq_ctw,15,nearest,256.0,5.0,273.0,0.9928951383905091,0.1077297554946101,3.86273124981762,3.86273124981762
aydwah,vq_ctw,15,linear,512.0,5.0,1937.0,0.9876137308592003,0.12099945183668681,3.796399671526336,3.796399671526336
aydwah,vq_ctw,15,nearest,512.0,5.0,273.0,0.9999999999997412,0.02453332049445084,4.327069118193815,4.327069118193815
aydwah,vq_ctw,15,linear,1024.0,5.0,1937.0,0.997566553442908,0.027068981752901105,4.210974096871695,4.210974096871695
aydwah,vq_ctw,15,nearest,1024.0,5.0,273.0,1.0,0.0,4.529820409004984,4.529820409004984
ayfsdu,direct_ctw,15,linear,,5.0,2015.0,0.8844090526828537,1.078091581467641,1.553963018851008,1.7225984660755846
ayfsdu,direct_ctw,15,nearest,,5.0,370.0,0.8433834780423919,0.9604727483621146,1.6159417132097258,1.7821679914931756
ayfsdu,markov_order_1,15,linear,,5.0,2015.0,0.8349368515184901,1.4481594171702665,1.553963018851008,1.7225984660755846
ayfsdu,markov_order_1,15,nearest,,5.0,370.0,0.7099986395460909,1.4888817644205377,1.6159417132097258,1.7821679914931756
ayfsdu,markov_order_2,15,linear,,5.0,2015.0,0.8196049019018548,1.5572965687083964,1.553963018851008,1.7225984660755846
ayfsdu,markov_order_2,15,nearest,,5.0,370.0,0.6989119197634425,1.5260835156483468,1.6159417132097258,1.7821679914931756
ayfsdu,vq_ctw,15,linear,256.0,5.0,2015.0,0.9964709597688017,0.03942508688206456,4.599705105896947,4.599705105896947
ayfsdu,vq_ctw,15,nearest,256.0,5.0,370.0,0.9770675463727603,0.25012177889789944,4.510456116518285,4.510456116518285
ayfsdu,vq_ctw,15,linear,512.0,5.0,2015.0,0.9831816742361639,0.17649557529496482,4.144768531040003,4.144768531040003
ayfsdu,vq_ctw,15,nearest,512.0,5.0,370.0,0.9921029612118087,0.08077856873520449,4.74964700702398,4.74964700702398
ayfsdu,vq_ctw,15,linear,1024.0,5.0,2015.0,0.9962808622503041,0.04281034386754589,4.622618674337808,4.622618674337808
ayfsdu,vq_ctw,15,nearest,1024.0,5.0,370.0,0.9913644870634972,0.11492918307374443,4.858254816794184,4.858254816794184
aygpha,direct_ctw,15,linear,,5.0,1857.0,0.8862348461108474,1.0184972951634035,1.6575942644680755,1.8158537463539157
aygpha,direct_ctw,15,nearest,,5.0,364.0,0.8384888864080061,0.9276102476338202,1.6370165152417633,1.814444446997748
aygpha,markov_order_1,15,linear,,5.0,1857.0,0.8454801302570923,1.310107433596183,1.6575942644680755,1.8158537463539157
aygpha,markov_order_1,15,nearest,,5.0,364.0,0.714641342349951,1.3900320946088573,1.6370165152417633,1.814444446997748
aygpha,markov_order_2,15,linear,,5.0,1857.0,0.8341630006318748,1.3876311725636554,1.6575942644680755,1.8158537463539157
aygpha,markov_order_2,15,nearest,,5.0,364.0,0.7075669208169885,1.4175152864975273,1.6370165152417633,1.814444446997748
aygpha,vq_ctw,15,linear,256.0,5.0,1857.0,0.9973014894630128,0.03119297426196957,4.3660595346512245,4.3660595346512245
aygpha,vq_ctw,15,nearest,256.0,5.0,364.0,0.9860213669370446,0.22060154069697344,4.004035414676687,4.004035414676687
aygpha,vq_ctw,15,linear,512.0,5.0,1857.0,0.9884344941810249,0.12089782071624995,4.086702585161021,4.086702585161021
aygpha,vq_ctw,15,nearest,512.0,5.0,364.0,0.999999999999187,0.07419583924399906,3.9129309032428443,3.9129309032428443
aygpha,vq_ctw,15,linear,1024.0,5.0,1857.0,0.9971122666019318,0.033097522933810415,4.37618495016776,4.37618495016776
aygpha,vq_ctw,15,nearest,1024.0,5.0,364.0,0.9873070959910178,0.11001738322790128,3.8758489121800794,3.8758489121800794
aypudb,direct_ctw,15,linear,,5.0,2013.0,0.8802240121578179,1.1572923083726778,1.6047309051346625,1.780262009430429
aypudb,direct_ctw,15,nearest,,5.0,263.0,0.8226981956268247,1.0100397847187184,1.582380259181619,1.7584017224979926
aypudb,markov_order_1,15,linear,,5.0,2013.0,0.8286620822321104,1.5599252088011597,1.6047309051346625,1.780262009430429
aypudb,markov_order_1,15,nearest,,5.0,263.0,0.6776041690099037,1.5297813647426608,1.582380259181619,1.7584017224979926
aypudb,markov_order_2,15,linear,,5.0,2013.0,0.8033632425061413,1.7470858467783437,1.6047309051346625,1.780262009430429
aypudb,markov_order_2,15,nearest,,5.0,263.0,0.6769481093436392,1.5340905110836716,1.582380259181619,1.7584017224979926
aypudb,vq_ctw,15,linear,256.0,5.0,2013.0,0.9944022886910833,0.05552703907145131,4.237838757176713,4.237838757176713
aypudb,vq_ctw,15,nearest,256.0,5.0,263.0,0.9851441545083608,0.10893884347733125,3.6849736713771737,3.6849736713771737
aypudb,vq_ctw,15,linear,512.0,5.0,2013.0,0.9873705011258864,0.13971424902256674,4.059950688912986,4.059950688912986
aypudb,vq_ctw,15,nearest,512.0,5.0,263.0,0.9961713705848516,0.05350450202448514,4.28757355492825,4.28757355492825
aypudb,vq_ctw,15,linear,1024.0,5.0,2013.0,0.9957797500382274,0.047807423378193055,4.449183576945532,4.449183576945532
aypudb,vq_ctw,15,nearest,1024.0,5.0,263.0,0.9999999999994916,0.06151091183551851,4.334111768025602,4.334111768025602
ayquas,direct_ctw,15,linear,,5.0,1852.0,0.870798981689572,1.1953301043003772,1.768284678638183,1.9384638242620917
ayquas,direct_ctw,15,nearest,,5.0,198.0,0.8303250371799088,1.0040294422248182,1.721441153850586,1.891639286649023
ayquas,markov_order_1,15,linear,,5.0,1852.0,0.8157974819180758,1.6017602278179646,1.768284678638183,1.9384638242620917
ayquas,markov_order_1,15,nearest,,5.0,198.0,0.6609288272341773,1.6299420645044447,1.721441153850586,1.891639286649023
ayquas,markov_order_2,15,linear,,5.0,1852.0,0.7919466169836213,1.7684826416019634,1.768284678638183,1.9384638242620917
ayquas,markov_order_2,15,nearest,,5.0,198.0,0.6681605749060517,1.6072837017070343,1.721441153850586,1.891639286649023
ayquas,vq_ctw,15,linear,256.0,5.0,1852.0,0.9999999999980905,0.026958204955998447,4.346359203405036,4.346359203405036
ayquas,vq_ctw,15,nearest,256.0,5.0,198.0,0.9800516765727972,0.17636584908076086,4.0431646599756474,4.0431646599756474
ayquas,vq_ctw,15,linear,512.0,5.0,1852.0,0.9861707002991633,0.14097261180985915,4.065921516366517,4.065921516366517
ayquas,vq_ctw,15,nearest,512.0,5.0,198.0,0.9924618250621515,0.08940193014031855,4.525432070610649,4.525432070610649
ayquas,vq_ctw,15,linear,1024.0,5.0,1852.0,0.9971742708284244,0.03247547912953811,4.296507906404951,4.296507906404951
ayquas,vq_ctw,15,nearest,1024.0,5.0,198.0,0.9999999999996046,0.03463076547545209,4.748307624626451,4.748307624626451
ayquex,direct_ctw,15,linear,,5.0,2014.0,0.8658016399996955,1.2515699662617878,1.715243674895502,1.8778935489704165
ayquex,direct_ctw,15,nearest,,5.0,219.0,0.8548515289493854,0.8666998469590025,1.599050649338265,1.7996904572828043
ayquex,markov_order_1,15,linear,,5.0,2014.0,0.8228780225902392,1.5748418338169836,1.715243674895502,1.8778935489704165
ayquex,markov_order_1,15,nearest,,5.0,219.0,0.7343956223784267,1.3491644886754293,1.599050649338265,1.7996904572828043
ayquex,markov_order_2,15,linear,,5.0,2014.0,0.7968037429376157,1.7620281404317204,1.715243674895502,1.8778935489704165
ayquex,markov_order_2,15,nearest,,5.0,219.0,0.7256427373002728,1.3795793062147235,1.599050649338265,1.7996904572828043
ayquex,vq_ctw,15,linear,256.0,5.0,2014.0,0.997594685263635,0.028203469080151908,4.087694610839153,4.087694610839153
ayquex,vq_ctw,15,nearest,256.0,5.0,219.0,0.9819890968385561,0.2154296276277447,4.116722462107116,4.116722462107116
ayquex,vq_ctw,15,linear,512.0,5.0,2014.0,0.99218088862737,0.0894179471832372,3.903633385711158,3.903633385711158
ayquex,vq_ctw,15,nearest,512.0,5.0,219.0,0.9999999999989974,0.09246953838241828,4.2213339935638965,4.2213339935638965
ayquex,vq_ctw,15,linear,1024.0,5.0,2014.0,0.998007961693388,0.024726765156142697,4.175354324655535,4.175354324655535
ayquex,vq_ctw,15,nearest,1024.0,5.0,219.0,0.9873645031948097,0.09439159198423963,4.119411941107026,4.119411941107026
ayshek,direct_ctw,15,linear,,5.0,2015.0,0.88153704635548,1.1325564911824546,1.6607827162955564,1.8474937053841312
ayshek,direct_ctw,15,nearest,,5.0,208.0,0.8450088037060202,0.9353744473721929,1.5219121412088987,1.7198291863776995
ayshek,markov_order_1,15,linear,,5.0,2015.0,0.8270649515318662,1.551407893621387,1.6607827162955564,1.8474937053841312
ayshek,markov_order_1,15,nearest,,5.0,208.0,0.7128712503885055,1.4791930825513273,1.5219121412088987,1.7198291863776995
ayshek,markov_order_2,15,linear,,5.0,2015.0,0.8017456167429704,1.7353259344383705,1.6607827162955564,1.8474937053841312
ayshek,markov_order_2,15,nearest,,5.0,208.0,0.6947968528045771,1.5405409595227086,1.5219121412088987,1.7198291863776995
ayshek,vq_ctw,15,linear,256.0,5.0,2015.0,0.9906885913214146,0.09095109001677701,5.176355006247489,5.176355006247489
ayshek,vq_ctw,15,nearest,256.0,5.0,208.0,0.9713215718974654,0.29013935881542274,5.147734631823998,5.147734631823998
ayshek,vq_ctw,15,linear,512.0,5.0,2015.0,0.9734462416663144,0.2513489480453498,4.776469695762308,4.776469695762308
ayshek,vq_ctw,15,nearest,512.0,5.0,208.0,0.9999999999984026,0.20284957710371693,4.910086145679382,4.910086145679382
ayshek,vq_ctw,15,linear,1024.0,5.0,2015.0,0.9951234596073039,0.0557926255001262,5.624193027679678,5.624193027679678
ayshek,vq_ctw,15,nearest,1024.0,5.0,208.0,0.9887600063969662,0.08624473274940136,5.5507502579019965,5.5507502579019965
ayshow,direct_ctw,15,linear,,5.0,2015.0,0.9949780196465431,0.06295567564429241,1.2751923800378262,1.2970767436290886
ayshow,markov_order_1,15,linear,,5.0,2015.0,0.9892406463322224,0.12300741062009987,1.2751923800378262,1.2970767436290886
ayshow,markov_order_2,15,linear,,5.0,2015.0,0.9894769964438852,0.12064432886063423,1.2751923800378262,1.2970767436290886
ayshow,vq_ctw,15,linear,256.0,5.0,2015.0,0.9999999999980905,0.006234694673791978,2.652551937781258,2.652551937781258
ayshow,vq_ctw,15,linear,512.0,5.0,2015.0,0.9982889134397777,0.02090484769205716,2.604447286109365,2.604447286109365
ayshow,vq_ctw,15,linear,1024.0,5.0,2015.0,0.9999999999980905,0.006234694673791983,2.433749896530988,2.433749896530988
aysmsl,direct_ctw,15,linear,,5.0,2015.0,0.8692463728359034,1.2775811061103115,1.6561114450168533,1.8222214187541994
aysmsl,direct_ctw,15,nearest,,5.0,68.0,0.7921034909765255,1.0666741871663532,1.5923678643888437,1.7873725954073345
aysmsl,markov_order_1,15,linear,,5.0,2015.0,0.8075853475596192,1.7632084900630987,1.6561114450168533,1.8222214187541994
aysmsl,markov_order_1,15,nearest,,5.0,68.0,0.6761327232333377,1.4091164357097559,1.5923678643888437,1.7873725954073345
aysmsl,markov_order_2,15,linear,,5.0,2015.0,0.7751581462793138,2.0037089802791717,1.6561114450168533,1.8222214187541994
aysmsl,markov_order_2,15,nearest,,5.0,68.0,0.6653398135947592,1.4422464570401259,1.5923678643888437,1.7873725954073345
aysmsl,vq_ctw,15,linear,256.0,5.0,2015.0,0.9930152360747487,0.07113409487325917,4.487203569902169,4.487203569902169
aysmsl,vq_ctw,15,nearest,256.0,5.0,68.0,0.9999999999991014,0.09513774417718202,3.1085509813257732,3.1085509813257732
aysmsl,vq_ctw,15,linear,512.0,5.0,2015.0,0.9834704901140293,0.17388122903771353,4.246362988201467,4.246362988201467
aysmsl,vq_ctw,15,nearest,512.0,5.0,68.0,1.0,0.0,3.263450937786872,3.263450937786872
aysmsl,vq_ctw,15,linear,1024.0,5.0,2015.0,0.9931326378418049,0.07697434405351007,4.52514533183616,4.52514533183616
aysmsl,vq_ctw,15,nearest,1024.0,5.0,68.0,1.0,0.0,3.432248269423012,3.432248269423012
eacder,direct_ctw,15,linear,,5.0,2013.0,0.84601978966315,1.3896128495005016,1.6155270802465478,1.7728918773875606
eacder,direct_ctw,15,nearest,,5.0,44.0,0.8849395354619933,0.7821557624768407,1.517800547430884,1.698857858230343
eacder,markov_order_1,15,linear,,5.0,2013.0,0.774734212114159,1.895995713913741,1.6155270802465478,1.7728918773875606
eacder,markov_order_1,15,nearest,,5.0,44.0,0.8005694836022841,1.183850983523508,1.517800547430884,1.698857858230343
eacder,markov_order_2,15,linear,,5.0,2013.0,0.7540261853423011,2.034703256161736,1.6155270802465478,1.7728918773875606
eacder,markov_order_2,15,nearest,,5.0,44.0,0.7819262939732472,1.2629859805474961,1.517800547430884,1.698857858230343
eacder,vq_ctw,15,linear,256.0,5.0,2013.0,0.9862064768084845,0.11879760453522287,5.617145776925301,5.617145776925301
eacder,vq_ctw,15,nearest,256.0,5.0,44.0,0.9999999999980905,0.1508476889501872,4.651257597156647,4.651257597156647
eacder,vq_ctw,15,linear,512.0,5.0,2013.0,0.9627490644916019,0.3258349086107994,5.24317613537415,5.24317613537415
eacder,vq_ctw,15,nearest,512.0,5.0,44.0,0.9777385655897427,0.17621763996697845,6.8964960254278,6.8964960254278
eacder,vq_ctw,15,linear,1024.0,5.0,2013.0,0.9891362067709673,0.103685353866834,5.889483849767333,5.889483849767333
eacder,vq_ctw,15,nearest,1024.0,5.0,44.0,0.9757584432363309,0.20305701869435042,5.259453493326997,5.259453493326997
eadect,direct_ctw,15,linear,,5.0,2015.0,0.8513283284548628,1.3977261009403532,1.7235851988756357,1.8806411972423211
eadect,direct_ctw,15,nearest,,5.0,83.0,0.8654657629678004,0.8869905559820931,1.6590454516927702,1.832690029002354
eadect,markov_order_1,15,linear,,5.0,2015.0,0.7714197900490063,1.9920155094235423,1.7235851988756357,1.8806411972423211
eadect,markov_order_1,15,nearest,,5.0,83.0,0.7391553453760381,1.4602440804040597,1.6590454516927702,1.832690029002354
eadect,markov_order_2,15,linear,,5.0,2015.0,0.7380757634814258,2.2235781647449557,1.7235851988756357,1.8806411972423211
eadect,markov_order_2,15,nearest,,5.0,83.0,0.7235797650101948,1.5429444083717891,1.6590454516927702,1.832690029002354
eadect,vq_ctw,15,linear,256.0,5.0,2015.0,0.9878881473841167,0.10660076701498257,6.436567674177208,6.436567674177208
eadect,vq_ctw,15,nearest,256.0,5.0,83.0,0.9758534458693396,0.26310856107054137,5.490086708154448,5.490086708154448
eadect,vq_ctw,15,linear,512.0,5.0,2015.0,0.952637520705143,0.4252210162487932,5.745013832460755,5.745013832460755
eadect,vq_ctw,15,nearest,512.0,5.0,83.0,0.9765524616040273,0.24504580821896418,6.165991799696774,6.165991799696774
eadect,vq_ctw,15,linear,1024.0,5.0,2015.0,0.9879510618911145,0.11818705352041438,6.854717072144181,6.854717072144181
eadect,vq_ctw,15,nearest,1024.0,5.0,83.0,0.9769990180307262,0.24251381283420362,5.511886215588835,5.511886215588835
eagbac,direct_ctw,15,linear,,5.0,1817.0,0.901867843290453,0.9703824417170595,1.7308737036591513,1.9273083561734161
eagbac,direct_ctw,15,nearest,,5.0,68.0,0.8579955056425803,0.9221550146143782,1.4253497990178252,1.632528706181494
eagbac,markov_order_1,15,linear,,5.0,1817.0,0.8311973850061547,1.5276551849787128,1.7308737036591513,1.9273083561734161
eagbac,markov_order_1,15,nearest,,5.0,68.0,0.6706363182068088,1.7138159401212842,1.4253497990178252,1.632528706181494
eagbac,markov_order_2,15,linear,,5.0,1817.0,0.8139988360483672,1.6546429153005462,1.7308737036591513,1.9273083561734161
eagbac,markov_order_2,15,nearest,,5.0,68.0,0.676022293708305,1.6953296890551173,1.4253497990178252,1.632528706181494
eagbac,vq_ctw,15,linear,256.0,5.0,1817.0,0.9885211281934296,0.10192386725357984,5.269567694513232,5.269567694513232
eagbac,vq_ctw,15,nearest,256.0,5.0,68.0,0.9408705695831604,0.38284165858168007,5.366004591774859,5.366004591774859
eagbac,vq_ctw,15,linear,512.0,5.0,1817.0,0.9746174718593068,0.23629132093408062,5.21876212935266,5.21876212935266
eagbac,vq_ctw,15,nearest,512.0,5.0,68.0,0.9999999999990171,0.09721594930416932,6.192214141481816,6.192214141481816
eagbac,vq_ctw,15,linear,1024.0,5.0,1817.0,0.9890732433986382,0.10872969794887562,5.566324333792813,5.566324333792813
eagbac,vq_ctw,15,nearest,1024.0,5.0,68.0,1.0,0.0,6.219688781107538,6.219688781107538
eapceo,direct_ctw,15,linear,,5.0,2015.0,0.8159833354287049,1.4840924068507693,1.7366560275594225,1.9010614867004731
eapceo,direct_ctw,15,nearest,,5.0,398.0,0.8246759621448634,1.0837750742136878,1.776451927711539,1.9522696813350817
eapceo,markov_order_1,15,linear,,5.0,2015.0,0.7539580372389915,1.8683199710235616,1.7366560275594225,1.9010614867004731
eapceo,markov_order_1,15,nearest,,5.0,398.0,0.6522461401332745,1.7500392381248784,1.776451927711539,1.9522696813350817
eapceo,markov_order_2,15,linear,,5.0,2015.0,0.7400624564029131,1.9500834827938234,1.7366560275594225,1.9010614867004731
eapceo,markov_order_2,15,nearest,,5.0,398.0,0.6470504825706309,1.7724307763302627,1.776451927711539,1.9522696813350817
eapceo,vq_ctw,15,linear,256.0,5.0,2015.0,0.9999999999980905,0.04630232482531719,5.279777953724105,5.279777953724105
eapceo,vq_ctw,15,nearest,256.0,5.0,398.0,0.9815632605212102,0.18201823426594047,4.378524678712844,4.378524678712844
eapceo,vq_ctw,15,linear,512.0,5.0,2015.0,0.9811114310277317,0.1729310065461012,5.190909965450837,5.190909965450837
eapceo,vq_ctw,15,nearest,512.0,5.0,398.0,0.9999999999995394,0.050659634203616896,4.9562207219504195,4.9562207219504195
eapceo,vq_ctw,15,linear,1024.0,5.0,2015.0,0.9971753379058161,0.030812435345646372,5.5763909986636335,5.5763909986636335
eapceo,vq_ctw,15,nearest,1024.0,5.0,398.0,0.9999999999996643,0.031935664421921195,5.180780818517524,5.180780818517524
easnsv,direct_ctw,15,linear,,5.0,2014.0,0.8621698413619048,1.321751827535821,1.6663362382459097,1.808370163811403
easnsv,direct_ctw,15,nearest,,5.0,34.0,0.8474567588411773,0.9703627787353206,1.7799567264151714,1.8847960340307561
easnsv,markov_order_1,15,linear,,5.0,2014.0,0.7802900523523781,1.9443833007077354,1.6663362382459097,1.808370163811403
easnsv,markov_order_1,15,nearest,,5.0,34.0,0.6994813858760256,1.5797065387933118,1.7799567264151714,1.8847960340307561
easnsv,markov_order_2,15,linear,,5.0,2014.0,0.7488865123882102,2.1671218296908044,1.6663362382459097,1.808370163811403
easnsv,markov_order_2,15,nearest,,5.0,34.0,0.687325025791859,1.622245970771514,1.7799567264151714,1.8847960340307561
easnsv,vq_ctw,15,linear,256.0,5.0,2014.0,0.9730284978567941,0.22171774228057126,5.9920634787804214,5.9920634787804214
easnsv,vq_ctw,15,nearest,256.0,5.0,34.0,0.9999999999980905,0.17110370336159084,3.4818690230743323,3.4818690230743323
easnsv,vq_ctw,15,linear,512.0,5.0,2014.0,0.9453386911764217,0.49497423887768577,5.825159243834138,5.825159243834138
easnsv,vq_ctw,15,nearest,512.0,5.0,34.0,1.0,0.0,5.11650255584131,5.11650255584131
easnsv,vq_ctw,15,linear,1024.0,5.0,2014.0,0.9788832106559738,0.18989948176474294,6.849910297641797,6.849910297641797
easnsv,vq_ctw,15,nearest,1024.0,5.0,34.0,1.0,0.0,4.974613862172302,4.974613862172302
eavcai,direct_ctw,15,linear,,5.0,2014.0,0.8889975885387181,1.0184113850897754,1.5540353456334872,1.7241828359500764
eavcai,direct_ctw,15,nearest,,5.0,155.0,0.8307111320526094,0.9824118509457671,1.7030591557704442,1.891386486542711
eavcai,markov_order_1,15,linear,,5.0,2014.0,0.8516432036696885,1.2946604914460629,1.5540353456334872,1.7241828359500764
eavcai,markov_order_1,15,nearest,,5.0,155.0,0.7072879369407802,1.4316019094982417,1.7030591557704442,1.891386486542711
eavcai,markov_order_2,15,linear,,5.0,2014.0,0.8348291397553691,1.4135673398061037,1.5540353456334872,1.7241828359500764
eavcai,markov_order_2,15,nearest,,5.0,155.0,0.7068004264923994,1.4444467109501533,1.7030591557704442,1.891386486542711
eavcai,vq_ctw,15,linear,256.0,5.0,2014.0,0.9973848061626143,0.030348372112371434,3.8769542780569366,3.8769542780569366
eavcai,vq_ctw,15,nearest,256.0,5.0,155.0,0.9928270829262626,0.09929823176853332,3.432734158301574,3.432734158301574
eavcai,vq_ctw,15,linear,512.0,5.0,2014.0,0.9905088413642456,0.1019349433842031,3.746838826696086,3.746838826696086
eavcai,vq_ctw,15,nearest,512.0,5.0,155.0,0.9999999999995687,0.042514491226647445,3.4314569325016486,3.4314569325016486
eavcai,vq_ctw,15,linear,1024.0,5.0,2014.0,0.9966544983462043,0.037632890080936295,3.893414198477092,3.893414198477092
eavcai,vq_ctw,15,nearest,1024.0,5.0,155.0,1.0,0.0,3.958684595375351,3.958684595375351
eavfli,direct_ctw,15,linear,,5.0,2009.0,0.8629603881847306,1.220579436153312,1.6398609125019912,1.8160395260859152
eavfli,direct_ctw,15,nearest,,5.0,265.0,0.8401620394216179,0.9167696828601856,1.5492227774925196,1.7417887999523263
eavfli,markov_order_1,15,linear,,5.0,2009.0,0.8241464615851211,1.497510555061688,1.6398609125019912,1.8160395260859152
eavfli,markov_order_1,15,nearest,,5.0,265.0,0.7418336492678242,1.2788045697604082,1.5492227774925196,1.7417887999523263
eavfli,markov_order_2,15,linear,,5.0,2009.0,0.8030450190411408,1.6415711088633724,1.6398609125019912,1.8160395260859152
eavfli,markov_order_2,15,nearest,,5.0,265.0,0.7409805831317758,1.2828818220620775,1.5492227774925196,1.7417887999523263
eavfli,vq_ctw,15,linear,256.0,5.0,2009.0,0.9982913476113975,0.02087862102227742,4.1347182626583905,4.1347182626583905
eavfli,vq_ctw,15,nearest,256.0,5.0,265.0,0.9954932956899125,0.22743215994423174,4.217047293990998,4.217047293990998
eavfli,vq_ctw,15,linear,512.0,5.0,2009.0,0.9948474764522979,0.06203368867303785,4.149923320716797,4.149923320716797
eavfli,vq_ctw,15,nearest,512.0,5.0,265.0,0.999999999999366,0.05235407802606965,3.848460849861907,3.848460849861907
eavfli,vq_ctw,15,linear,1024.0,5.0,2009.0,0.99885223945503,0.014684209528287523,4.226937120515021,4.226937120515021
eavfli,vq_ctw,15,nearest,1024.0,5.0,265.0,0.9999999999992003,0.06870485861166069,3.7073839039581364,3.7073839039581364
ebcicy,direct_ctw,15,linear,,5.0,2015.0,0.8505377524991029,1.2194143241413826,1.6779919335163305,1.8449920246156604
ebcicy,direct_ctw,15,nearest,,5.0,222.0,0.8383020895419259,0.9760088357648977,1.7754129107721588,1.9181517652317523
ebcicy,markov_order_1,15,linear,,5.0,2015.0,0.8023343148518827,1.5251859695854724,1.6779919335163305,1.8449920246156604
ebcicy,markov_order_1,15,nearest,,5.0,222.0,0.6465181383413587,1.7030871491894184,1.7754129107721588,1.9181517652317523
ebcicy,markov_order_2,15,linear,,5.0,2015.0,0.7932804707082642,1.580123662785787,1.6779919335163305,1.8449920246156604
ebcicy,markov_order_2,15,nearest,,5.0,222.0,0.6671577212544222,1.644487956778308,1.7754129107721588,1.9181517652317523
ebcicy,vq_ctw,15,linear,256.0,5.0,2015.0,0.9999999999980905,0.052936261713072814,4.619706584945446,4.619706584945446
ebcicy,vq_ctw,15,nearest,256.0,5.0,222.0,0.9946103476695289,0.19275628109317855,4.454622558590056,4.454622558590056
ebcicy,vq_ctw,15,linear,512.0,5.0,2015.0,0.9785091023358725,0.18379388150876566,4.274996108895477,4.274996108895477
ebcicy,vq_ctw,15,nearest,512.0,5.0,222.0,0.9999999999997161,0.029360660678768587,4.7046916544728425,4.7046916544728425
ebcicy,vq_ctw,15,linear,1024.0,5.0,2015.0,0.9999999999980905,0.027768842026230006,4.895433517796325,4.895433517796325
ebcicy,vq_ctw,15,nearest,1024.0,5.0,222.0,0.9999999999994323,0.05872132135753716,4.865865162442101,4.865865162442101
ebdafy,direct_ctw,15,linear,,5.0,2015.0,0.861139380779792,1.2755501767632371,1.6053163832224444,1.776757274566349
ebdafy,direct_ctw,15,nearest,,5.0,192.0,0.8590622044508053,0.920484953244804,1.4519939179179435,1.658694096597871
ebdafy,markov_order_1,15,linear,,5.0,2015.0,0.8000344652967579,1.7216868325321986,1.6053163832224444,1.776757274566349
ebdafy,markov_order_1,15,nearest,,5.0,192.0,0.7010525130331714,1.5898008382140205,1.4519939179179435,1.658694096597871
ebdafy,markov_order_2,15,linear,,5.0,2015.0,0.7678237616777652,1.9426669193546977,1.6053163832224444,1.776757274566349
ebdafy,markov_order_2,15,nearest,,5.0,192.0,0.6863677594952514,1.6416768720770873,1.4519939179179435,1.658694096597871
ebdafy,vq_ctw,15,linear,256.0,5.0,2015.0,0.9999999999980905,0.03227236988193403,6.109232674035998,6.109232674035998
ebdafy,vq_ctw,15,nearest,256.0,5.0,192.0,0.9389498571702987,0.47682998304850804,5.935557122562695,5.935557122562695
ebdafy,vq_ctw,15,linear,512.0,5.0,2015.0,0.9880856648659816,0.11706101227372308,5.859667452825253,5.859667452825253
ebdafy,vq_ctw,15,nearest,512.0,5.0,192.0,0.9871320547202812,0.1550129567319963,5.283369664879485,5.283369664879485
ebdafy,vq_ctw,15,linear,1024.0,5.0,2015.0,0.9968998580724541,0.033400639167054165,5.969503884364471,5.969503884364471
ebdafy,vq_ctw,15,nearest,1024.0,5.0,192.0,0.9794773561098462,0.13939499269702246,5.411751824866646,5.411751824866646
ebenfr,direct_ctw,15,linear,,5.0,2015.0,0.8788047284316844,1.1983735325888758,1.6349139917693316,1.7857388628111743
ebenfr,direct_ctw,15,nearest,,5.0,78.0,0.8680153548119106,0.8305693931464313,1.4423021000023442,1.6062756994100977
ebenfr,markov_order_1,15,linear,,5.0,2015.0,0.8107952320127121,1.7388897198644528,1.6349139917693316,1.7857388628111743
ebenfr,markov_order_1,15,nearest,,5.0,78.0,0.7738147904473038,1.2318779798126813,1.4423021000023442,1.6062756994100977
ebenfr,markov_order_2,15,linear,,5.0,2015.0,0.7831856622937059,1.945020259572073,1.6349139917693316,1.7857388628111743
ebenfr,markov_order_2,15,nearest,,5.0,78.0,0.7641811506736826,1.2684055533614997,1.4423021000023442,1.6062756994100977
ebenfr,vq_ctw,15,linear,256.0,5.0,2015.0,0.9864404816461777,0.12505106016060177,5.317325924515624,5.317325924515624
ebenfr,vq_ctw,15,nearest,256.0,5.0,78.0,0.9999999999992166,0.09421379354157952,3.86618155701569,3.86618155701569
ebenfr,vq_ctw,15,linear,512.0,5.0,2015.0,0.9617652913720891,0.3488431371647612,5.001949585865322,5.001949585865322
ebenfr,vq_ctw,15,nearest,512.0,5.0,78.0,1.0,0.0,3.3420940562924395,3.3420940562924395
ebenfr,vq_ctw,15,linear,1024.0,5.0,2015.0,0.9871562735051418,0.12892674920613528,5.634080921269721,5.634080921269721
ebenfr,vq_ctw,15,nearest,1024.0,5.0,78.0,0.9999999999988739,0.09017670784833143,3.4537560936417697,3.4537560936417697
ebrulr,direct_ctw,15,linear,,5.0,2015.0,0.8851788391758901,0.9930845450923772,1.7727493831821834,1.9174929517341204
ebrulr,direct_ctw,15,nearest,,5.0,125.0,0.823788000337132,1.0417345063363803,1.7201164843923353,1.902878203869094
ebrulr,markov_order_1,15,linear,,5.0,2015.0,0.8565777784380915,1.1911915141902731,1.7727493831821834,1.9174929517341204
ebrulr,markov_order_1,15,nearest,,5.0,125.0,0.6578615562414386,1.6515919322910513,1.7201164843923353,1.902878203869094
ebrulr,markov_order_2,15,linear,,5.0,2015.0,0.8478398122526734,1.249716449267606,1.7727493831821834,1.9174929517341204
ebrulr,markov_order_2,15,nearest,,5.0,125.0,0.6530102868673126,1.6672760283304453,1.7201164843923353,1.902878203869094
ebrulr,vq_ctw,15,linear,256.0,5.0,2015.0,0.9999999999980905,0.0066734674027259825,3.2654498797101033,3.2654498797101033
ebrulr,vq_ctw,15,nearest,256.0,5.0,125.0,0.9999999999992056,0.05776505812747559,3.6741145563866504,3.6741145563866504
ebrulr,vq_ctw,15,linear,512.0,5.0,2015.0,0.997816279645945,0.024632616359345976,3.369903920272729,3.369903920272729
ebrulr,vq_ctw,15,nearest,512.0,5.0,125.0,1.0,0.0,3.844508855575849,3.844508855575849
ebrulr,vq_ctw,15,linear,1024.0,5.0,2015.0,1.0,0.0,3.337436611666553,3.337436611666553
ebrulr,vq_ctw,15,nearest,1024.0,5.0,125.0,1.0,0.0,4.029899501916951,4.029899501916951
ebstic,direct_ctw,15,linear,,5.0,2015.0,0.9253342754373668,0.6817617007217235,1.6804578832361101,1.8293481337501254
ebstic,direct_ctw,15,nearest,,5.0,38.0,0.7851234052208138,1.0912726946341094,1.5695174548738304,1.778909710913198
ebstic,markov_order_1,15,linear,,5.0,2015.0,0.8983630351423235,0.8807111348409995,1.6804578832361101,1.8293481337501254
ebstic,markov_order_1,15,nearest,,5.0,38.0,0.6090897679093906,1.642265466334327,1.5695174548738304,1.778909710913198
ebstic,markov_order_2,15,linear,,5.0,2015.0,0.8961818959206801,0.8962555686230445,1.6804578832361101,1.8293481337501254
ebstic,markov_order_2,15,nearest,,5.0,38.0,0.6890325860582237,1.3871587072818463,1.5695174548738304,1.778909710913198
ebstic,vq_ctw,15,linear,256.0,5.0,2015.0,0.9999999999980905,0.03660415129762083,4.061601429378705,4.061601429378705
ebstic,vq_ctw,15,nearest,256.0,5.0,38.0,1.0,0.0,2.5695471682219284,2.5695471682219284
ebstic,vq_ctw,15,linear,512.0,5.0,2015.0,0.9875063403441601,0.12189195494702829,3.732178580809988,3.732178580809988
ebstic,vq_ctw,15,nearest,512.0,5.0,38.0,1.0,0.0,3.1939731672965714,3.1939731672965714
ebstic,vq_ctw,15,linear,1024.0,5.0,2015.0,0.99731415638135,0.029493691525251626,4.229477383172165,4.229477383172165
ebstic,vq_ctw,15,nearest,1024.0,5.0,38.0,1.0,0.0,3.4091325164914594,3.4091325164914594
eccest,direct_ctw,15,linear,,5.0,2014.0,0.8598803943889003,1.272103537230009,1.642438894937217,1.8083808260997525
eccest,direct_ctw,15,nearest,,5.0,176.0,0.8206995471868009,1.0443654511284608,1.793191383458867,1.9262495093288492
eccest,markov_order_1,15,linear,,5.0,2014.0,0.8044766200467443,1.672295827898176,1.642438894937217,1.8083808260997525
eccest,markov_order_1,15,nearest,,5.0,176.0,0.6609895410735924,1.6147527555210852,1.793191383458867,1.9262495093288492
eccest,markov_order_2,15,linear,,5.0,2014.0,0.7808965654979896,1.8336436005514039,1.642438894937217,1.8083808260997525
eccest,markov_order_2,15,nearest,,5.0,176.0,0.6657321716176566,1.601529714888072,1.793191383458867,1.9262495093288492
eccest,vq_ctw,15,linear,256.0,5.0,2014.0,0.986962134104878,0.12098305146864101,4.5764445062067445,4.5764445062067445
eccest,vq_ctw,15,nearest,256.0,5.0,176.0,0.9901886302409699,0.10520799611506018,3.789890060779255,3.789890060779255
eccest,vq_ctw,15,linear,512.0,5.0,2014.0,0.9755695970370236,0.2342255206997325,4.467261946952788,4.467261946952788
eccest,vq_ctw,15,nearest,512.0,5.0,176.0,0.9999999999993165,0.0426724983719488,3.9333848255859025,3.9333848255859025
eccest,vq_ctw,15,linear,1024.0,5.0,2014.0,0.9895189715888806,0.1049275031822348,4.6388607589010915,4.6388607589010915
eccest,vq_ctw,15,nearest,1024.0,5.0,176.0,1.0,0.0,3.942054343025272,3.942054343025272
ecdiwo,direct_ctw,15,linear,,5.0,2015.0,0.8689236541969774,1.2157644247796513,1.604333264126225,1.7732042925471554
ecdiwo,direct_ctw,15,nearest,,5.0,72.0,0.8330423857495901,1.0605794704504095,1.591372867937055,1.80327613853821
ecdiwo,markov_order_1,15,linear,,5.0,2015.0,0.8102841602806781,1.6494558385332314,1.604333264126225,1.7732042925471554
ecdiwo,markov_order_1,15,nearest,,5.0,72.0,0.5940142073359451,1.974085380498995,1.591372867937055,1.80327613853821
ecdiwo,markov_order_2,15,linear,,5.0,2015.0,0.7889714813203359,1.7985867149180035,1.604333264126225,1.7732042925471554
ecdiwo,markov_order_2,15,nearest,,5.0,72.0,0.5978794196770613,1.9627012018805026,1.591372867937055,1.80327613853821
ecdiwo,vq_ctw,15,linear,256.0,5.0,2015.0,0.9940929675057427,0.06159108506497216,4.9214705043669635,4.9214705043669635
ecdiwo,vq_ctw,15,nearest,256.0,5.0,72.0,0.9742397453547645,0.18505699851597368,4.950121209307397,4.950121209307397
ecdiwo,vq_ctw,15,linear,512.0,5.0,2015.0,0.980454026545834,0.18940928013575586,4.563958241996754,4.563958241996754
ecdiwo,vq_ctw,15,nearest,512.0,5.0,72.0,0.9811513173282845,0.13308003024589393,5.9316393287500695,5.9316393287500695
ecdiwo,vq_ctw,15,linear,1024.0,5.0,2015.0,0.9953948860337829,0.0515860972843277,5.021148599194771,5.021148599194771
ecdiwo,vq_ctw,15,nearest,1024.0,5.0,72.0,1.0,0.0,5.990640687056098,5.990640687056098
ecfesy,direct_ctw,15,linear,,5.0,2015.0,0.8614591741345112,1.2602092478625415,1.6335149655278507,1.8011669449251666
ecfesy,direct_ctw,15,nearest,,5.0,222.0,0.8324046065685454,1.0029377866033806,1.5677871836487003,1.7523444614728616
ecfesy,markov_order_1,15,linear,,5.0,2015.0,0.8057562141323866,1.6633981988644275,1.6335149655278507,1.8011669449251666
ecfesy,markov_order_1,15,nearest,,5.0,222.0,0.7044781669233465,1.4926029665359695,1.5677871836487003,1.7523444614728616
ecfesy,markov_order_2,15,linear,,5.0,2015.0,0.7817369753023563,1.827975913541828,1.6335149655278507,1.8011669449251666
ecfesy,markov_order_2,15,nearest,,5.0,222.0,0.6991817433585473,1.5094848223870911,1.5677871836487003,1.7523444614728616
ecfesy,vq_ctw,15,linear,256.0,5.0,2015.0,0.9999999999980905,0.03783101573912683,4.856528224118416,4.856528224118416
ecfesy,vq_ctw,15,nearest,256.0,5.0,222.0,0.9779118845831494,0.25060836082202953,4.479200009087949,4.479200009087949
ecfesy,vq_ctw,15,linear,512.0,5.0,2015.0,0.9851848882380483,0.14087307116483602,4.3757817727926165,4.3757817727926165
ecfesy,vq_ctw,15,nearest,512.0,5.0,222.0,0.9999999999990624,0.0593318329048193,3.93578732127552,3.93578732127552
ecfesy,vq_ctw,15,linear,1024.0,5.0,2015.0,0.9975730968280058,0.027005633681132336,4.956969228466227,4.956969228466227
ecfesy,vq_ctw,15,nearest,1024.0,5.0,222.0,0.9999999999990624,0.0593318329048193,4.010470484294305,4.010470484294305
ecforj,direct_ctw,15,linear,,5.0,2013.0,0.8625081312922729,1.2587940710730467,1.7147343389028888,1.8664180185931576
ecforj,direct_ctw,15,nearest,,5.0,117.0,0.8519975239783053,0.9535483001199385,1.724544415874636,1.8655080233673262
ecforj,markov_order_1,15,linear,,5.0,2013.0,0.8080301051371158,1.6566307316043924,1.7147343389028888,1.8664180185931576
ecforj,markov_order_1,15,nearest,,5.0,117.0,0.6494163669897519,1.79267639760631,1.724544415874636,1.8655080233673262
ecforj,markov_order_2,15,linear,,5.0,2013.0,0.7819949085527513,1.8365481126421945,1.7147343389028888,1.8664180185931576
ecforj,markov_order_2,15,nearest,,5.0,117.0,0.6767821782491411,1.704096249899462,1.724544415874636,1.8655080233673262
ecforj,vq_ctw,15,linear,256.0,5.0,2013.0,0.9952822307231244,0.05072511771594307,4.119418739418852,4.119418739418852
ecforj,vq_ctw,15,nearest,256.0,5.0,117.0,0.968910259317954,0.22234422606548424,4.786095521093755,4.786095521093755
ecforj,vq_ctw,15,linear,512.0,5.0,2013.0,0.9917305068219491,0.09230452646294444,4.290315823622822,4.290315823622822
ecforj,vq_ctw,15,nearest,512.0,5.0,117.0,0.9999999999987433,0.12265566587847963,5.121156736567959,5.121156736567959
ecforj,vq_ctw,15,linear,1024.0,5.0,2013.0,0.9961983005622722,0.039838346797821673,4.232663417484656,4.232663417484656
ecforj,vq_ctw,15,nearest,1024.0,5.0,117.0,0.9910832447101169,0.1702655155763508,5.715118396300774,5.715118396300774
ecgojt,direct_ctw,15,linear,,5.0,2015.0,0.8655529974777857,1.2158436382617657,1.607054572698018,1.7630558302382338
ecgojt,direct_ctw,15,nearest,,5.0,223.0,0.8546634064750511,0.9353399526131949,1.6785744090892967,1.844724766879663
ecgojt,markov_order_1,15,linear,,5.0,2015.0,0.812613779241758,1.5968035721586946,1.607054572698018,1.7630558302382338
ecgojt,markov_order_1,15,nearest,,5.0,223.0,0.6940181245385272,1.6007877226004332,1.6785744090892967,1.844724766879663
ecgojt,markov_order_2,15,linear,,5.0,2015.0,0.7918847142712895,1.7383487418556673,1.607054572698018,1.7630558302382338
ecgojt,markov_order_2,15,nearest,,5.0,223.0,0.6731405573864365,1.6726409791325025,1.6785744090892967,1.844724766879663
ecgojt,vq_ctw,15,linear,256.0,5.0,2015.0,0.9999999999980905,0.0508694705583927,5.018591291832662,5.018591291832662
ecgojt,vq_ctw,15,nearest,256.0,5.0,223.0,0.9460927975309951,0.3629409263305149,5.025641178916746,5.025641178916746
ecgojt,vq_ctw,15,linear,512.0,5.0,2015.0,0.9826909319080538,0.16067081268955208,4.6093260229062585,4.6093260229062585
ecgojt,vq_ctw,15,nearest,512.0,5.0,223.0,0.9864137530553766,0.2104622853873938,6.608283232744035,6.608283232744035
ecgojt,vq_ctw,15,linear,1024.0,5.0,2015.0,0.9958105795803109,0.04331317096139038,5.006156647629757,5.006156647629757
ecgojt,vq_ctw,15,nearest,1024.0,5.0,223.0,0.99463861494078,0.06831317029812724,6.5726037897414695,6.5726037897414695
ecjeod,direct_ctw,15,linear,,5.0,2015.0,0.878329072874447,1.1060517560854193,1.5624324439090214,1.7306660263943987
ecjeod,direct_ctw,15,nearest,,5.0,40.0,0.8883761641328839,0.6817141856747975,1.3962871896272275,1.5935299539417418
ecjeod,markov_order_1,15,linear,,5.0,2015.0,0.8289143403519817,1.4643601227257232,1.5624324439090214,1.7306660263943987
ecjeod,markov_order_1,15,nearest,,5.0,40.0,0.8589436780886996,0.8105675331566229,1.3962871896272275,1.5935299539417418
ecjeod,markov_order_2,15,linear,,5.0,2015.0,0.8145413377781627,1.5636113320354814,1.5624324439090214,1.7306660263943987
ecjeod,markov_order_2,15,nearest,,5.0,40.0,0.8441042726037662,0.8714886691817574,1.3962871896272275,1.5935299539417418
ecjeod,vq_ctw,15,linear,256.0,5.0,2015.0,0.9999999999980905,0.05925335209321409,4.5397990248011,4.5397990248011
ecjeod,vq_ctw,15,nearest,256.0,5.0,40.0,0.9999999999980906,0.2138740343295938,4.0411815286600286,4.0411815286600286
ecjeod,vq_ctw,15,linear,512.0,5.0,2015.0,0.9821519170354256,0.17062335816222132,4.306033171633172,4.306033171633172
ecjeod,vq_ctw,15,nearest,512.0,5.0,40.0,1.0,0.0,2.595394411809699,2.595394411809699
ecjeod,vq_ctw,15,linear,1024.0,5.0,2015.0,0.9937413488795885,0.061072565133483483,4.592187485982058,4.592187485982058
ecjeod,vq_ctw,15,nearest,1024.0,5.0,40.0,1.0,0.0,2.851055309182641,2.851055309182641
eckeck,direct_ctw,15,linear,,5.0,1707.0,0.8966264446781932,0.8834683611645671,1.605717270684446,1.7571375090543264
eckeck,direct_ctw,15,nearest,,5.0,112.0,0.839785835976827,0.9885364775358225,1.6064954587941327,1.8167391735011666
eckeck,markov_order_1,15,linear,,5.0,1707.0,0.860540558117652,1.1276741680446005,1.605717270684446,1.7571375090543264
eckeck,markov_order_1,15,nearest,,5.0,112.0,0.691111181075687,1.5696055970656797,1.6064954587941327,1.8167391735011666
eckeck,markov_order_2,15,linear,,5.0,1707.0,0.856136671179426,1.1563260655198662,1.605717270684446,1.7571375090543264
eckeck,markov_order_2,15,nearest,,5.0,112.0,0.7018190190424832,1.536361887908532,1.6064954587941327,1.8167391735011666
eckeck,vq_ctw,15,linear,256.0,5.0,1707.0,1.0,0.0,3.9769252619129327,3.9769252619129327
eckeck,vq_ctw,15,nearest,256.0,5.0,112.0,0.9841880225656537,0.11727611294633866,4.296350070374606,4.296350070374606
eckeck,vq_ctw,15,linear,512.0,5.0,1707.0,0.9999999999980905,0.07024079195613943,3.7083671100378353,3.7083671100378353
eckeck,vq_ctw,15,nearest,512.0,5.0,112.0,0.9771206079632119,0.1437580822828341,4.949191740062887,4.949191740062887
eckeck,vq_ctw,15,linear,1024.0,5.0,1707.0,0.9999999999980905,0.00721927749912344,4.011654497651673,4.011654497651673
eckeck,vq_ctw,15,nearest,1024.0,5.0,112.0,0.9830294377520854,0.11416761890445969,5.160135682803927,5.160135682803927
ecnopl,direct_ctw,15,linear,,5.0,2013.0,0.8846765424815695,1.0760063499866979,1.6237685466673013,1.7914398988465448
ecnopl,direct_ctw,15,nearest,,5.0,238.0,0.8247706260053136,0.9832072890080064,1.7520002819926244,1.9314034612816506
ecnopl,markov_order_1,15,linear,,5.0,2013.0,0.8445068749563165,1.378800466942157,1.6237685466673013,1.7914398988465448
ecnopl,markov_order_1,15,nearest,,5.0,238.0,0.7203421977477753,1.4055285223466916,1.7520002819926244,1.9314034612816506
ecnopl,markov_order_2,15,linear,,5.0,2013.0,0.8235501063166235,1.529439053679089,1.6237685466673013,1.7914398988465448
ecnopl,markov_order_2,15,nearest,,5.0,238.0,0.718582257557812,1.4078004252804919,1.7520002819926244,1.9314034612816506
ecnopl,vq_ctw,15,linear,256.0,5.0,2013.0,0.9999999999980905,0.03617206175419748,3.813964382723955,3.813964382723955
ecnopl,vq_ctw,15,nearest,256.0,5.0,238.0,0.9999999999990373,0.10857904164313624,3.690805827148002,3.690805827148002
ecnopl,vq_ctw,15,linear,512.0,5.0,2013.0,0.9899839950075352,0.10679021734094905,3.7151098386691905,3.7151098386691905
ecnopl,vq_ctw,15,nearest,512.0,5.0,238.0,1.0,0.0,3.748242501172013,3.748242501172013
ecnopl,vq_ctw,15,linear,1024.0,5.0,2013.0,0.9949278303819589,0.054004271677620716,3.8288927281547043,3.8288927281547043
ecnopl,vq_ctw,15,nearest,1024.0,5.0,238.0,0.9999999999996712,0.028810468756888665,3.874809051999111,3.874809051999111
eddreb,direct_ctw,15,linear,,5.0,2012.0,0.9050754376795423,0.91383890299187,1.7210306166104699,1.8849431529487137
eddreb,direct_ctw,15,nearest,,5.0,279.0,0.8462214712787247,0.8944587386320997,1.6835190119154553,1.8678964026615508
eddreb,markov_order_1,15,linear,,5.0,2012.0,0.8671024635543224,1.2109451829701794,1.7210306166104699,1.8849431529487137
eddreb,markov_order_1,15,nearest,,5.0,279.0,0.7256819333341074,1.323906817548791,1.6835190119154553,1.8678964026615508
eddreb,markov_order_2,15,linear,,5.0,2012.0,0.8503407542586771,1.3360286812481827,1.7210306166104699,1.8849431529487137
eddreb,markov_order_2,15,nearest,,5.0,279.0,0.740148501992509,1.2853186350370795,1.6835190119154553,1.8678964026615508
eddreb,vq_ctw,15,linear,256.0,5.0,2012.0,0.9952001603950621,0.05148782045972806,4.167097506500777,4.167097506500777
eddreb,vq_ctw,15,nearest,256.0,5.0,279.0,0.9921764282304181,0.20415962896933815,4.164684253423579,4.164684253423579
eddreb,vq_ctw,15,linear,512.0,5.0,2012.0,0.9872096021708135,0.13183301824701116,4.065712612184498,4.065712612184498
eddreb,vq_ctw,15,nearest,512.0,5.0,279.0,0.9999999999995277,0.04719341612556797,3.8426710657986862,3.8426710657986862
eddreb,vq_ctw,15,linear,1024.0,5.0,2012.0,0.995258773937995,0.05568454401549655,4.325175805735833,4.325175805735833
eddreb,vq_ctw,15,nearest,1024.0,5.0,279.0,0.9999999999997468,0.0240057222042476,4.0148188264818785,4.0148188264818785
edeejd,direct_ctw,15,linear,,5.0,2015.0,0.8841257264859045,1.0683532816974635,1.452506304925412,1.6277267842381056
edeejd,direct_ctw,15,nearest,,5.0,189.0,0.8431079406635477,1.0129220354718602,1.5805821846503514,1.7368116026367597
edeejd,markov_order_1,15,linear,,5.0,2015.0,0.8431829917528788,1.3722873885767248,1.452506304925412,1.6277267842381056
edeejd,markov_order_1,15,nearest,,5.0,189.0,0.6815386423529511,1.6771144706431185,1.5805821846503514,1.7368116026367597
edeejd,markov_order_2,15,linear,,5.0,2015.0,0.8231305874644835,1.514174531306376,1.452506304925412,1.6277267842381056
edeejd,markov_order_2,15,nearest,,5.0,189.0,0.6692616990068005,1.7267132567963897,1.5805821846503514,1.7368116026367597
edeejd,vq_ctw,15,linear,256.0,5.0,2015.0,0.9999999999980905,0.036384148770516024,4.559027768012643,4.559027768012643
edeejd,vq_ctw,15,nearest,256.0,5.0,189.0,0.9671299339088695,0.2886167209801738,5.348806856691656,5.348806856691656
edeejd,vq_ctw,15,linear,512.0,5.0,2015.0,0.9846804684192959,0.14985565124479258,4.307862365843598,4.307862365843598
edeejd,vq_ctw,15,nearest,512.0,5.0,189.0,0.9929661646593625,0.1435421750290502,5.5102025275997795,5.5102025275997795
edeejd,vq_ctw,15,linear,1024.0,5.0,2015.0,0.99586797224666,0.0452192884463831,4.676208884459442,4.676208884459442
edeejd,vq_ctw,15,nearest,1024.0,5.0,189.0,0.9845552729375258,0.14736564474404268,4.954982899712549,4.954982899712549
edglev,direct_ctw,15,linear,,5.0,2015.0,0.8727948493316764,1.179922461873865,1.6415142151743811,1.80411322103509
edglev,direct_ctw,15,nearest,,5.0,225.0,0.8434486070419779,0.8837383725536847,1.6067637102438737,1.8125411727297087
edglev,markov_order_1,15,linear,,5.0,2015.0,0.8267799572488743,1.523184225424095,1.6415142151743811,1.80411322103509
edglev,markov_order_1,15,nearest,,5.0,225.0,0.7354846299075366,1.2975081042779502,1.6067637102438737,1.8125411727297087
edglev,markov_order_2,15,linear,,5.0,2015.0,0.8043523318768445,1.6824145143450469,1.6415142151743811,1.80411322103509
edglev,markov_order_2,15,nearest,,5.0,225.0,0.7655247639078097,1.1830381784945143,1.6067637102438737,1.8125411727297087
edglev,vq_ctw,15,linear,256.0,5.0,2015.0,0.9936632694288295,0.06172076948974509,4.287218513924368,4.287218513924368
edglev,vq_ctw,15,nearest,256.0,5.0,225.0,0.9808239459862961,0.2243241635103832,3.694119429797731,3.694119429797731
edglev,vq_ctw,15,linear,512.0,5.0,2015.0,0.9867718005252114,0.13569900454666725,4.17317283816625,4.17317283816625
edglev,vq_ctw,15,nearest,512.0,5.0,225.0,0.9999999999996775,0.02390084887934742,3.4602631681667995,3.4602631681667995
edglev,vq_ctw,15,linear,1024.0,5.0,2015.0,0.9954801292177857,0.05075332377460519,4.356156709676401,4.356156709676401
edglev,vq_ctw,15,nearest,1024.0,5.0,225.0,0.9920723203663117,0.08290661250994238,3.586726159634057,3.586726159634057
edgrat,direct_ctw,15,linear,,5.0,2015.0,0.8788775771965146,1.1587724939861535,1.5845518237938983,1.767219942570053
edgrat,direct_ctw,15,nearest,,5.0,363.0,0.8368178104929183,0.9941341982506193,1.562335614705371,1.7469484024036652
edgrat,markov_order_1,15,linear,,5.0,2015.0,0.8281974552658342,1.5500179449467468,1.5845518237938983,1.767219942570053
edgrat,markov_order_1,15,nearest,,5.0,363.0,0.7011213932080038,1.5286398126457126,1.562335614705371,1.7469484024036652
edgrat,markov_order_2,15,linear,,5.0,2015.0,0.8047655743424273,1.7216412772630267,1.5845518237938983,1.767219942570053
edgrat,markov_order_2,15,nearest,,5.0,363.0,0.6875372028568493,1.5764133095703488,1.562335614705371,1.7469484024036652
edgrat,vq_ctw,15,linear,256.0,5.0,2015.0,0.9933531090636417,0.0642820441424373,4.4351160066091495,4.4351160066091495
edgrat,vq_ctw,15,nearest,256.0,5.0,363.0,0.9839911120158522,0.1860414490501099,3.9774552467311675,3.9774552467311675
edgrat,vq_ctw,15,linear,512.0,5.0,2015.0,0.9872160036892897,0.1370821670245287,4.3152439054133716,4.3152439054133716
edgrat,vq_ctw,15,nearest,512.0,5.0,363.0,0.999999999999353,0.05633233312453228,4.405348492309976,4.405348492309976
edgrat,vq_ctw,15,linear,1024.0,5.0,2015.0,0.9976164355893213,0.028968978927203622,4.7943225183002705,4.7943225183002705
edgrat,vq_ctw,15,nearest,1024.0,5.0,363.0,0.9999999999998211,0.018085775533287666,4.440374034890248,4.440374034890248
edjiye,direct_ctw,15,linear,,5.0,2015.0,0.8431625780933658,1.3962737633290123,1.673463628421114,1.8395734085344997
edjiye,direct_ctw,15,nearest,,5.0,259.0,0.8395314188824621,1.0048279121641464,1.616723870578102,1.8000208049761832
edjiye,markov_order_1,15,linear,,5.0,2015.0,0.7847663767455504,1.8074960795423674,1.673463628421114,1.8395734085344997
edjiye,markov_order_1,15,nearest,,5.0,259.0,0.6878831187269712,1.6076642819120577,1.616723870578102,1.8000208049761832
edjiye,markov_order_2,15,linear,,5.0,2015.0,0.7581982789847027,1.9845182532190533,1.673463628421114,1.8395734085344997
edjiye,markov_order_2,15,nearest,,5.0,259.0,0.6749345433200773,1.6630568009706386,1.616723870578102,1.8000208049761832
edjiye,vq_ctw,15,linear,256.0,5.0,2015.0,0.9999999999980905,0.05162450510749733,5.198253860188203,5.198253860188203
edjiye,vq_ctw,15,nearest,256.0,5.0,259.0,0.9607565829033359,0.33177435719331916,5.3012815768676465,5.3012815768676465
edjiye,vq_ctw,15,linear,512.0,5.0,2015.0,0.979768878226373,0.1950329567563624,4.758050871892588,4.758050871892588
edjiye,vq_ctw,15,nearest,512.0,5.0,259.0,0.9999999999986731,0.18547679798477446,5.271309117335592,5.271309117335592
edjiye,vq_ctw,15,linear,1024.0,5.0,2015.0,0.9957590410912506,0.04625184601487406,5.3309518469097465,5.3309518469097465
edjiye,vq_ctw,15,nearest,1024.0,5.0,259.0,0.9813821108640246,0.17884640092274218,5.492252420170124,5.492252420170124
edlyxy,direct_ctw,15,linear,,5.0,2015.0,0.8857905511387358,1.0728970680386223,1.6343008076586039,1.8039037095083514
edlyxy,direct_ctw,15,nearest,,5.0,117.0,0.8080105148712341,1.0258470907504096,1.7100433223709544,1.8859477208296942
edlyxy,markov_order_1,15,linear,,5.0,2015.0,0.8445577314989736,1.386031857910089,1.6343008076586039,1.8039037095083514
edlyxy,markov_order_1,15,nearest,,5.0,117.0,0.6719150578760901,1.4636798564847178,1.7100433223709544,1.8859477208296942
edlyxy,markov_order_2,15,linear,,5.0,2015.0,0.8242283161082806,1.5332315728792387,1.6343008076586039,1.8039037095083514
edlyxy,markov_order_2,15,nearest,,5.0,117.0,0.6859147869351255,1.429858271747333,1.7100433223709544,1.8859477208296942
edlyxy,vq_ctw,15,linear,256.0,5.0,2015.0,0.9954870767241213,0.04881231646931308,4.1967707750980265,4.1967707750980265
edlyxy,vq_ctw,15,nearest,256.0,5.0,117.0,0.9999999999993635,0.0897128241687427,3.595817121420255,3.595817121420255
edlyxy,vq_ctw,15,linear,512.0,5.0,2015.0,0.986366624302655,0.14491636234289818,3.8983367876334105,3.8983367876334105
edlyxy,vq_ctw,15,nearest,512.0,5.0,117.0,1.0,0.0,3.7408803150575087,3.7408803150575087
edlyxy,vq_ctw,15,linear,1024.0,5.0,2015.0,0.9950205793128694,0.055216315722126194,4.281134471587562,4.281134471587562
edlyxy,vq_ctw,15,nearest,1024.0,5.0,117.0,1.0,0.0,3.842903866856345,3.842903866856345
edmugr,direct_ctw,15,linear,,5.0,2001.0,0.8679290562569721,1.2925925650999304,1.6484363791154986,1.8077111374822892
edmugr,direct_ctw,15,nearest,,5.0,274.0,0.8401049618161854,0.9407128945617529,1.6525609687865062,1.8236880689154895
edmugr,markov_order_1,15,linear,,5.0,2001.0,0.8086498416080952,1.7612218129759747,1.6484363791154986,1.8077111374822892
edmugr,markov_order_1,15,nearest,,5.0,274.0,0.685786005172908,1.5497204957209765,1.6525609687865062,1.8236880689154895
edmugr,markov_order_2,15,linear,,5.0,2001.0,0.7751758736843793,2.0107088856606183,1.6484363791154986,1.8077111374822892
edmugr,markov_order_2,15,nearest,,5.0,274.0,0.6895369683249621,1.528823340420642,1.6525609687865062,1.8236880689154895
edmugr,vq_ctw,15,linear,256.0,5.0,2001.0,0.9958138013888944,0.045733286862242435,4.367079718117894,4.367079718117894
edmugr,vq_ctw,15,nearest,256.0,5.0,274.0,0.9808454430706027,0.1988033388480771,4.191104877654761,4.191104877654761
edmugr,vq_ctw,15,linear,512.0,5.0,2001.0,0.9887951576082971,0.12419717267141174,4.413170851050711,4.413170851050711
edmugr,vq_ctw,15,nearest,512.0,5.0,274.0,0.9999999999995121,0.048177731533793386,4.705354601260518,4.705354601260518
edmugr,vq_ctw,15,linear,1024.0,5.0,2001.0,0.9953879291123582,0.0543518491217939,4.438453061552538,4.438453061552538
edmugr,vq_ctw,15,nearest,1024.0,5.0,274.0,0.9999999999992751,0.07218607107554764,4.991634564310095,4.991634564310095
ednill,direct_ctw,15,linear,,5.0,2014.0,0.8558077058107461,1.3518243283612232,1.679357247497263,1.8397831055996978
ednill,direct_ctw,15,nearest,,5.0,355.0,0.8519066108208209,0.8913844733737475,1.6177984666762404,1.795983503452304
ednill,markov_order_1,15,linear,,5.0,2014.0,0.8007710808882063,1.7659221759517705,1.679357247497263,1.8397831055996978
ednill,markov_order_1,15,nearest,,5.0,355.0,0.7178190980989286,1.4174545353942174,1.6177984666762404,1.795983503452304
ednill,markov_order_2,15,linear,,5.0,2014.0,0.769404642574416,1.9891954231426827,1.679357247497263,1.8397831055996978
ednill,markov_order_2,15,nearest,,5.0,355.0,0.7153198458238554,1.4306007956823394,1.6177984666762404,1.795983503452304
ednill,vq_ctw,15,linear,256.0,5.0,2014.0,0.9975455807715715,0.02870759467330711,4.557608039410297,4.557608039410297
ednill,vq_ctw,15,nearest,256.0,5.0,355.0,0.9622555907052985,0.31678777293078325,4.639723634234954,4.639723634234954
ednill,vq_ctw,15,linear,512.0,5.0,2014.0,0.9910511845800285,0.10058744202278115,4.343262233380292,4.343262233380292
ednill,vq_ctw,15,nearest,512.0,5.0,355.0,0.999999999999446,0.055608331239015096,4.807889874174274,4.807889874174274
ednill,vq_ctw,15,linear,1024.0,5.0,2014.0,0.9980810437836268,0.023126751642624885,4.628933451769774,4.628933451769774
ednill,vq_ctw,15,nearest,1024.0,5.0,355.0,0.9906270149940468,0.08528827410557421,4.396323000741612,4.396323000741612
edodbl,direct_ctw,15,linear,,5.0,2015.0,0.8682071543291299,1.1412106622216172,1.5930706051060313,1.7538323954373314
edodbl,direct_ctw,15,nearest,,5.0,189.0,0.8469647543560107,0.9568483653812082,1.551902871970628,1.729964971701367
edodbl,markov_order_1,15,linear,,5.0,2015.0,0.8237964896245903,1.4456426597175016,1.5930706051060313,1.7538323954373314
edodbl,markov_order_1,15,nearest,,5.0,189.0,0.7159900513988241,1.4919545498254227,1.551902871970628,1.729964971701367
edodbl,markov_order_2,15,linear,,5.0,2015.0,0.8101482917839512,1.535050107698973,1.5930706051060313,1.7538323954373314
edodbl,markov_order_2,15,nearest,,5.0,189.0,0.7160286307789465,1.4970165175929622,1.551902871970628,1.729964971701367
edodbl,vq_ctw,15,linear,256.0,5.0,2015.0,0.9955059723860453,0.046006366120027634,4.774878850867978,4.774878850867978
edodbl,vq_ctw,15,nearest,256.0,5.0,189.0,0.960428504144386,0.3272310688432963,4.882950484629919,4.882950484629919
edodbl,vq_ctw,15,linear,512.0,5.0,2015.0,0.9836273297395897,0.15857445767923858,4.290668687090972,4.290668687090972
edodbl,vq_ctw,15,nearest,512.0,5.0,189.0,0.9872483470381007,0.16564813155030755,5.200042775378347,5.200042775378347
edodbl,vq_ctw,15,linear,1024.0,5.0,2015.0,0.9964286343155512,0.041318644528685604,4.676830228259629,4.676830228259629
edodbl,vq_ctw,15,nearest,1024.0,5.0,189.0,0.9690364242307582,0.21995585997089218,5.365944485764927,5.365944485764927
edombo,direct_ctw,15,linear,,5.0,246.0,0.8810764283690897,1.0486088452165971,1.8041545255848104,1.958759178101659
edombo,markov_order_1,15,linear,,5.0,246.0,0.7525475800789032,1.8941048552036461,1.8041545255848104,1.958759178101659
edombo,markov_order_2,15,linear,,5.0,246.0,0.7030136729295496,2.1820339696168385,1.8041545255848104,1.958759178101659
edombo,vq_ctw,15,linear,256.0,5.0,246.0,0.9840923998262364,0.1337081323148844,5.320305139477718,5.320305139477718
edombo,vq_ctw,15,linear,512.0,5.0,246.0,0.9742140099396758,0.24518753268382956,4.9342395242039725,4.9342395242039725
edombo,vq_ctw,15,linear,1024.0,5.0,246.0,0.9833814949660673,0.1552451873494922,5.370007214319367,5.370007214319367
edrafs,direct_ctw,15,linear,,5.0,286.0,0.8520500018778201,1.1350815034815938,1.6784300803947971,1.8435072600394875
edrafs,markov_order_1,15,linear,,5.0,286.0,0.7445867575583744,1.735392607965336,1.6784300803947971,1.8435072600394875
edrafs,markov_order_2,15,linear,,5.0,286.0,0.718374662450078,1.8672722799667956,1.6784300803947971,1.8435072600394875
edrafs,vq_ctw,15,linear,256.0,5.0,286.0,0.9999999999980905,0.03713486116309494,5.077392525298495,5.077392525298495
edrafs,vq_ctw,15,linear,512.0,5.0,286.0,0.9843251490373722,0.1412569830541156,4.5116165281663365,4.5116165281663365
edrafs,vq_ctw,15,linear,1024.0,5.0,286.0,0.9999999999980905,0.04466740799580425,5.087048246679423,5.087048246679423
eedigk,direct_ctw,15,linear,,5.0,2015.0,0.8623630676003842,1.182561632252749,1.5469000137367854,1.7205151834830004
eedigk,direct_ctw,15,nearest,,5.0,364.0,0.8547439545885298,0.9012883243199208,1.4922134843994352,1.6769356795622061
eedigk,markov_order_1,15,linear,,5.0,2015.0,0.8216494554356293,1.4598275283723732,1.5469000137367854,1.7205151834830004
eedigk,markov_order_1,15,nearest,,5.0,364.0,0.7169552106460455,1.4562472037058563,1.4922134843994352,1.6769356795622061
eedigk,markov_order_2,15,linear,,5.0,2015.0,0.8064831116347032,1.5587584166334663,1.5469000137367854,1.7205151834830004
eedigk,markov_order_2,15,nearest,,5.0,364.0,0.7061955829893316,1.495695476524916,1.4922134843994352,1.6769356795622061
eedigk,vq_ctw,15,linear,256.0,5.0,2015.0,0.9957751024329898,0.04362845140536776,4.3586802937431335,4.3586802937431335
eedigk,vq_ctw,15,nearest,256.0,5.0,364.0,0.9553212355818899,0.3345871720670793,5.1079275122208685,5.1079275122208685
eedigk,vq_ctw,15,linear,512.0,5.0,2015.0,0.9867321916089438,0.1360477135972411,3.988608560759166,3.988608560759166
eedigk,vq_ctw,15,nearest,512.0,5.0,364.0,0.9939417533629589,0.15661926594253386,4.948403053081208,4.948403053081208
eedigk,vq_ctw,15,linear,1024.0,5.0,2015.0,0.9964257461387281,0.041347883187292156,4.326449830918845,4.326449830918845
eedigk,vq_ctw,15,nearest,1024.0,5.0,364.0,0.9901499829998642,0.15331787396073188,5.246946954761956,5.246946954761956
eefayb,direct_ctw,15,linear,,5.0,2013.0,0.8802356316001931,1.1429885108912197,1.4774926125944403,1.664161772923956
eefayb,direct_ctw,15,nearest,,5.0,44.0,0.8648407249122081,0.8852497373751734,1.5093603569722576,1.6824313698782563
eefayb,markov_order_1,15,linear,,5.0,2013.0,0.8280203619208611,1.5443456158306783,1.4774926125944403,1.664161772923956
eefayb,markov_order_1,15,nearest,,5.0,44.0,0.7183949055029368,1.511495437261919,1.5093603569722576,1.6824313698782563
eefayb,markov_order_2,15,linear,,5.0,2013.0,0.8045867177709899,1.7149892904208153,1.4774926125944403,1.664161772923956
eefayb,markov_order_2,15,nearest,,5.0,44.0,0.7008651013307448,1.5748005591440342,1.5093603569722576,1.6824313698782563
eefayb,vq_ctw,15,linear,256.0,5.0,2013.0,0.992042974451504,0.07953411094466356,4.557821860580065,4.557821860580065
eefayb,vq_ctw,15,nearest,256.0,5.0,44.0,0.9492832829119032,0.34015047048343666,4.759885270685487,4.759885270685487
eefayb,vq_ctw,15,linear,512.0,5.0,2013.0,0.9816608632672258,0.187028293042268,4.4171948417006135,4.4171948417006135
eefayb,vq_ctw,15,nearest,512.0,5.0,44.0,0.9377594492389446,0.3985161478428219,5.685603779357646,5.685603779357646
eefayb,vq_ctw,15,linear,1024.0,5.0,2013.0,0.9922144307192117,0.07806596984054184,4.787484828586294,4.787484828586294
eefayb,vq_ctw,15,nearest,1024.0,5.0,44.0,0.959418256824383,0.30927367279016366,6.6812620482233545,6.6812620482233545
eegcef,direct_ctw,15,linear,,5.0,1924.0,0.8740672795967634,1.049908076581431,1.5814492098005135,1.7561458830698182
eegcef,direct_ctw,15,nearest,,5.0,198.0,0.8251257923188834,0.9710276013428828,1.591522132049987,1.7928730310278416
eegcef,markov_order_1,15,linear,,5.0,1924.0,0.8401241420062907,1.2735159167692882,1.5814492098005135,1.7561458830698182
eegcef,markov_order_1,15,nearest,,5.0,198.0,0.7045047170960023,1.4642141808114282,1.591522132049987,1.7928730310278416
eegcef,markov_order_2,15,linear,,5.0,1924.0,0.8329548596805287,1.3190810279988863,1.5814492098005135,1.7561458830698182
eegcef,markov_order_2,15,nearest,,5.0,198.0,0.6958578323983818,1.4880275283717905,1.591522132049987,1.7928730310278416
eegcef,vq_ctw,15,linear,256.0,5.0,1924.0,0.9999999999980905,0.013644765821479377,3.6520871158949477,3.6520871158949477
eegcef,vq_ctw,15,nearest,256.0,5.0,198.0,0.9955046205421608,0.12422149032790913,4.343426885482512,4.343426885482512
eegcef,vq_ctw,15,linear,512.0,5.0,1924.0,0.9945597822360582,0.05418937526729289,3.697336469274817,3.697336469274817
eegcef,vq_ctw,15,nearest,512.0,5.0,198.0,1.0,0.0,3.5629578847813486,3.5629578847813486
eegcef,vq_ctw,15,linear,1024.0,5.0,1924.0,0.9999999999980905,0.011875733161179805,3.7263889872144587,3.7263889872144587
eegcef,vq_ctw,15,nearest,1024.0,5.0,198.0,1.0,0.0,3.6445279068754606,3.6445279068754606
eemafb,direct_ctw,15,linear,,5.0,2013.0,0.9013499117564765,0.9861072057423281,1.541380228473787,1.7199120352597475
eemafb,markov_order_1,15,linear,,5.0,2013.0,0.8403539935527548,1.477255373506933,1.541380228473787,1.7199120352597475
eemafb,markov_order_2,15,linear,,5.0,2013.0,0.8181041060882313,1.6455999970761792,1.541380228473787,1.7199120352597475
eemafb,vq_ctw,15,linear,256.0,5.0,2013.0,0.9907652645769492,0.09031284176448792,5.13085178916321,5.13085178916321
eemafb,vq_ctw,15,linear,512.0,5.0,2013.0,0.9759132953613093,0.24016186264004477,5.139290343604137,5.139290343604137
eemafb,vq_ctw,15,linear,1024.0,5.0,2013.0,0.9918130034774717,0.08489279419930544,5.467607106266012,5.467607106266012
eenjou,direct_ctw,15,linear,,5.0,2015.0,0.898567275085155,0.9119057846717952,1.5049098185828815,1.6851662212185792
eenjou,direct_ctw,15,nearest,,5.0,116.0,0.8638498022300058,0.8035612431686288,1.3653617562043991,1.5558458433256144
eenjou,markov_order_1,15,linear,,5.0,2015.0,0.8653717270200982,1.1518496891621568,1.5049098185828815,1.6851662212185792
eenjou,markov_order_1,15,nearest,,5.0,116.0,0.7963041730393784,1.0670719845587155,1.3653617562043991,1.5558458433256144
eenjou,markov_order_2,15,linear,,5.0,2015.0,0.8566191666170342,1.2127065369789092,1.5049098185828815,1.6851662212185792
eenjou,markov_order_2,15,nearest,,5.0,116.0,0.7657702344671148,1.1763369128007972,1.3653617562043991,1.5558458433256144
eenjou,vq_ctw,15,linear,256.0,5.0,2015.0,0.9999999999980905,0.01889086123419767,3.63841271206974,3.63841271206974
eenjou,vq_ctw,15,nearest,256.0,5.0,116.0,0.992563771847114,0.21403273244307536,4.21364834620942,4.21364834620942
eenjou,vq_ctw,15,linear,512.0,5.0,2015.0,0.9948202205841079,0.057142527665117605,3.6657125421918,3.6657125421918
eenjou,vq_ctw,15,nearest,512.0,5.0,116.0,0.9999999999993086,0.047600076281187224,3.7886253771824117,3.7886253771824117
eenjou,vq_ctw,15,linear,1024.0,5.0,2015.0,0.9989044056991615,0.013449488375007751,3.7908728689115474,3.7908728689115474
eenjou,vq_ctw,15,nearest,1024.0,5.0,116.0,0.999999999998749,0.10418421777192956,4.083294452070446,4.083294452070446
eersdo,direct_ctw,15,linear,,5.0,2015.0,0.8599917907260608,1.1680840427808317,1.621353435350361,1.7769364137518062
eersdo,direct_ctw,15,nearest,,5.0,151.0,0.8464091980719983,0.8808165258202125,1.4286175335509042,1.604972727536009
eersdo,markov_order_1,15,linear,,5.0,2015.0,0.8164468736497876,1.4531913459754602,1.621353435350361,1.7769364137518062
eersdo,markov_order_1,15,nearest,,5.0,151.0,0.7510145173822474,1.2299079618165107,1.4286175335509042,1.604972727536009
eersdo,markov_order_2,15,linear,,5.0,2015.0,0.8073102900519409,1.510565976127385,1.621353435350361,1.7769364137518062
eersdo,markov_order_2,15,nearest,,5.0,151.0,0.7552497759101655,1.2157865169936115,1.4286175335509042,1.604972727536009
eersdo,vq_ctw,15,linear,256.0,5.0,2015.0,0.9999999999980905,0.011405739845921982,4.447803329107751,4.447803329107751
eersdo,vq_ctw,15,nearest,256.0,5.0,151.0,0.9430030961754299,0.47347930440460195,5.130486455490721,5.130486455490721
eersdo,vq_ctw,15,linear,512.0,5.0,2015.0,0.9908080717131458,0.08457916785030137,4.169611327424659,4.169611327424659
eersdo,vq_ctw,15,nearest,512.0,5.0,151.0,0.9838513192384103,0.17576321619181784,5.642880959446915,5.642880959446915
eersdo,vq_ctw,15,linear,1024.0,5.0,2015.0,0.9999999999980905,0.006234694673792485,4.484678211661069,4.484678211661069
eersdo,vq_ctw,15,nearest,1024.0,5.0,151.0,0.9683799678956488,0.19971283914212162,5.035153455797892,5.035153455797892
eesbaj,direct_ctw,15,linear,,5.0,2015.0,0.8666921167161432,1.2556325347939545,1.686658065293426,1.84531869480984
eesbaj,direct_ctw,15,nearest,,5.0,461.0,0.8346122110636129,0.9620332824437201,1.6156826307030863,1.8175238920780095
eesbaj,markov_order_1,15,linear,,5.0,2015.0,0.809740666270335,1.6856401370625491,1.686658065293426,1.84531869480984
eesbaj,markov_order_1,15,nearest,,5.0,461.0,0.7095840661462226,1.4696334483216311,1.6156826307030863,1.8175238920780095
eesbaj,markov_order_2,15,linear,,5.0,2015.0,0.7778757625486732,1.9123930218814698,1.686658065293426,1.84531869480984
eesbaj,markov_order_2,15,nearest,,5.0,461.0,0.6999091371760339,1.4946763937815408,1.6156826307030863,1.8175238920780095
eesbaj,vq_ctw,15,linear,256.0,5.0,2015.0,0.9904639500881981,0.09281579718826206,4.418488030984123,4.418488030984123
eesbaj,vq_ctw,15,nearest,256.0,5.0,461.0,0.9828422684133704,0.18725122155136392,4.412939789550653,4.412939789550653
eesbaj,vq_ctw,15,linear,512.0,5.0,2015.0,0.9819790359896979,0.187304887686835,4.342652868403311,4.342652868403311
eesbaj,vq_ctw,15,nearest,512.0,5.0,461.0,0.9999999999991755,0.07311858831146159,4.2257804898220686,4.2257804898220686
eesbaj,vq_ctw,15,linear,1024.0,5.0,2015.0,0.9898914443901256,0.10172904542310883,4.400323737762494,4.400323737762494
eesbaj,vq_ctw,15,nearest,1024.0,5.0,461.0,0.9999999999996769,0.029409634361799337,4.379738396101949,4.379738396101949
efcati,direct_ctw,15,linear,,5.0,1980.0,0.8865385405653342,1.1297043588093165,1.5840043415917213,1.757252826954236
efcati,direct_ctw,15,nearest,,5.0,216.0,0.8546524143899238,0.9022719018957862,1.5988976756372093,1.7960037771619812
efcati,markov_order_1,15,linear,,5.0,1980.0,0.8295167303579323,1.5895508547589874,1.5840043415917213,1.757252826954236
efcati,markov_order_1,15,nearest,,5.0,216.0,0.7399307676813621,1.3830573901218417,1.5988976756372093,1.7960037771619812
efcati,markov_order_2,15,linear,,5.0,1980.0,0.7942839406599459,1.856306703698498,1.5840043415917213,1.757252826954236
efcati,markov_order_2,15,nearest,,5.0,216.0,0.7195620672908721,1.4592930441828391,1.5988976756372093,1.7960037771619812
efcati,vq_ctw,15,linear,256.0,5.0,1980.0,0.9961523417431717,0.04250385753045783,6.094154686817128,6.094154686817128
efcati,vq_ctw,15,nearest,256.0,5.0,216.0,0.9646127032567843,0.29483806664164713,5.205340619591848,5.205340619591848
efcati,vq_ctw,15,linear,512.0,5.0,1980.0,0.9929933017691982,0.08349606593681104,6.079683942359936,6.079683942359936
efcati,vq_ctw,15,nearest,512.0,5.0,216.0,0.9999999999995492,0.03271399498289642,4.58060043913752,4.58060043913752
efcati,vq_ctw,15,linear,1024.0,5.0,1980.0,0.997628779047687,0.028836743807514924,5.745231444425345,5.745231444425345
efcati,vq_ctw,15,nearest,1024.0,5.0,216.0,0.9839109451111978,0.11751180357555323,5.074036607977479,5.074036607977479
effneo,direct_ctw,15,linear,,5.0,2015.0,0.8506947938869678,1.3014507536691933,1.6373765970888352,1.803719325809857
effneo,direct_ctw,15,nearest,,5.0,170.0,0.8244666995344055,1.0159479259823931,1.7726559706786813,1.9257155061404299
effneo,markov_order_1,15,linear,,5.0,2015.0,0.7942216002551077,1.6889407245479107,1.6373765970888352,1.803719325809857
effneo,markov_order_1,15,nearest,,5.0,170.0,0.6658330601540857,1.5829480576107213,1.7726559706786813,1.9257155061404299
effneo,markov_order_2,15,linear,,5.0,2015.0,0.7808153271611286,1.7765380423655364,1.6373765970888352,1.803719325809857
effneo,markov_order_2,15,nearest,,5.0,170.0,0.6651961918601969,1.5912500933233216,1.7726559706786813,1.9257155061404299
effneo,vq_ctw,15,linear,256.0,5.0,2015.0,0.9999999999980905,0.019446948721290866,5.038618911025927,5.038618911025927
effneo,vq_ctw,15,nearest,256.0,5.0,170.0,0.9733519135500384,0.22594375111339765,5.01401345707336,5.01401345707336
effneo,vq_ctw,15,linear,512.0,5.0,2015.0,0.9885159670947594,0.12016396481355013,4.669639097017901,4.669639097017901
effneo,vq_ctw,15,nearest,512.0,5.0,170.0,1.0,0.0,4.707573308747822,4.707573308747822
effneo,vq_ctw,15,linear,1024.0,5.0,2015.0,0.9974580864644905,0.029602341435294596,4.9568058440632194,4.9568058440632194
effneo,vq_ctw,15,nearest,1024.0,5.0,170.0,1.0,0.0,4.922764946176358,4.922764946176358
efghak,direct_ctw,15,linear,,5.0,2014.0,0.8824192069288611,1.0305424497599993,1.5837231597099808,1.7451671624933058
efghak,direct_ctw,15,nearest,,5.0,69.0,0.826062632715133,1.0025600732451119,1.5791220996103144,1.7670383533312535
efghak,markov_order_1,15,linear,,5.0,2014.0,0.8406451414332432,1.3214841755254605,1.5837231597099808,1.7451671624933058
efghak,markov_order_1,15,nearest,,5.0,69.0,0.7051150962517314,1.4618221579619486,1.5791220996103144,1.7670383533312535
efghak,markov_order_2,15,linear,,5.0,2014.0,0.8320706086808694,1.3787248673080854,1.5837231597099808,1.7451671624933058
efghak,markov_order_2,15,nearest,,5.0,69.0,0.6804060800186381,1.5397419179426752,1.5791220996103144,1.7670383533312535
efghak,vq_ctw,15,linear,256.0,5.0,2014.0,0.9999999999980905,0.05378186737877267,4.1885928179882566,4.1885928179882566
efghak,vq_ctw,15,nearest,256.0,5.0,69.0,0.9521834639130483,0.3842585927414756,5.2013257046322945,5.2013257046322945
efghak,vq_ctw,15,linear,512.0,5.0,2014.0,0.9812214207331106,0.17812909476852126,3.9808418465940463,3.9808418465940463
efghak,vq_ctw,15,nearest,512.0,5.0,69.0,0.9710439128393497,0.18912547862806087,5.966046702384565,5.966046702384565
efghak,vq_ctw,15,linear,1024.0,5.0,2014.0,0.994936196045193,0.05392729088128087,4.3702327776918075,4.3702327776918075
efghak,vq_ctw,15,nearest,1024.0,5.0,69.0,0.958947049879442,0.2707345019359867,5.311184398874027,5.311184398874027
efgoak,direct_ctw,15,linear,,5.0,2015.0,0.8962249589959617,0.9366621439377909,1.4339557812856474,1.6140839761643073
efgoak,direct_ctw,15,nearest,,5.0,285.0,0.8639787638333964,0.8802581883055074,1.5393756472659115,1.751189432529299
efgoak,markov_order_1,15,linear,,5.0,2015.0,0.8652132343260718,1.162447525613661,1.4339557812856474,1.6140839761643073
efgoak,markov_order_1,15,nearest,,5.0,285.0,0.7849415969999425,1.2132606449353862,1.5393756472659115,1.751189432529299
efgoak,markov_order_2,15,linear,,5.0,2015.0,0.8524485937370854,1.2517712362508318,1.4339557812856474,1.6140839761643073
efgoak,markov_order_2,15,nearest,,5.0,285.0,0.7783915956461132,1.2426578346449564,1.5393756472659115,1.751189432529299
efgoak,vq_ctw,15,linear,256.0,5.0,2015.0,0.9999999999980905,0.03238908340055692,4.083546626430502,4.083546626430502
efgoak,vq_ctw,15,nearest,256.0,5.0,285.0,0.9782413244794961,0.25969061768229773,4.01852692064854,4.01852692064854
efgoak,vq_ctw,15,linear,512.0,5.0,2015.0,0.988188423651924,0.11619987516587962,3.972957933461963,3.972957933461963
efgoak,vq_ctw,15,nearest,512.0,5.0,285.0,0.9999999999992899,0.04572498767714525,3.5819674003608517,3.5819674003608517
efgoak,vq_ctw,15,linear,1024.0,5.0,2015.0,0.9972777919601017,0.029840127484747278,4.181962330045573,4.181962330045573
efgoak,vq_ctw,15,nearest,1024.0,5.0,285.0,0.9999999999997589,0.02335020503623101,4.000648716372344,4.000648716372344
efmymo,direct_ctw,15,linear,,5.0,323.0,0.8865795141311081,0.9419797859865446,1.5660270283934252,1.7225695761190383
efmymo,direct_ctw,15,nearest,,5.0,34.0,0.7972426411864457,1.0487714625947464,1.7108498325639583,1.8244901700961789
efmymo,markov_order_1,15,linear,,5.0,323.0,0.8135322383307635,1.4039724813326142,1.5660270283934252,1.7225695761190383
efmymo,markov_order_1,15,nearest,,5.0,34.0,0.6631527792775533,1.455659924160858,1.7108498325639583,1.8244901700961789
efmymo,markov_order_2,15,linear,,5.0,323.0,0.792909843671947,1.5243494646920415,1.5660270283934252,1.7225695761190383
efmymo,markov_order_2,15,nearest,,5.0,34.0,0.6429058427453908,1.5062255023735074,1.7108498325639583,1.8244901700961789
efmymo,vq_ctw,15,linear,256.0,5.0,323.0,0.9999999999980905,0.03342852875213381,3.9182102208826928,3.9182102208826928
efmymo,vq_ctw,15,nearest,256.0,5.0,34.0,0.9407885985556557,0.38351789239011413,3.8057729594386274,3.8057729594386274
efmymo,vq_ctw,15,linear,512.0,5.0,323.0,0.9907148433402844,0.09073266527833657,3.7102152472902192,3.7102152472902192
efmymo,vq_ctw,15,nearest,512.0,5.0,34.0,1.0,0.0,3.002599930684437,3.002599930684437
efmymo,vq_ctw,15,linear,1024.0,5.0,323.0,0.9999999999980905,0.030691393434235378,4.006630877631441,4.006630877631441
efmymo,vq_ctw,15,nearest,1024.0,5.0,34.0,1.0,0.0,3.20047257089296,3.20047257089296
efonve,direct_ctw,15,linear,,5.0,2006.0,0.8620376731552859,1.3274974627980385,1.6612947464894112,1.838451001867615
efonve,direct_ctw,15,nearest,,5.0,528.0,0.837321206684479,0.9570141169248298,1.7015810875146495,1.86144383124006
efonve,markov_order_1,15,linear,,5.0,2006.0,0.8070126979431052,1.7548791981910845,1.6612947464894112,1.838451001867615
efonve,markov_order_1,15,nearest,,5.0,528.0,0.7067408926887682,1.4760085171911008,1.7015810875146495,1.86144383124006
efonve,markov_order_2,15,linear,,5.0,2006.0,0.7736584296211715,1.999768405430961,1.6612947464894112,1.838451001867615
efonve,markov_order_2,15,nearest,,5.0,528.0,0.7082147332199409,1.4678034229110832,1.7015810875146495,1.86144383124006
efonve,vq_ctw,15,linear,256.0,5.0,2006.0,0.9942457830174254,0.06021594398451532,5.045998700952533,5.045998700952533
efonve,vq_ctw,15,nearest,256.0,5.0,528.0,0.9854144221090173,0.17004174304029657,3.9532532276544377,3.9532532276544377
efonve,vq_ctw,15,linear,512.0,5.0,2006.0,0.9846099540581548,0.16349337871592204,4.724914326471349,4.724914326471349
efonve,vq_ctw,15,nearest,512.0,5.0,528.0,0.9999999999992333,0.08326148499589119,4.016802267799312,4.016802267799312
efonve,vq_ctw,15,linear,1024.0,5.0,2006.0,0.9961248551107101,0.04276762052930213,5.199222670739212,5.199222670739212
efonve,vq_ctw,15,nearest,1024.0,5.0,528.0,0.9936275873439108,0.04714263487844772,4.156658868263934,4.156658868263934
efsphe,direct_ctw,15,linear,,5.0,1981.0,0.8412491618648796,1.4389517602133979,1.6933845409729908,1.857880357098776
efsphe,markov_order_1,15,linear,,5.0,1981.0,0.761186939780078,2.00801343205685,1.6933845409729908,1.857880357098776
efsphe,markov_order_2,15,linear,,5.0,1981.0,0.727083543082245,2.234070842596742,1.6933845409729908,1.857880357098776
efsphe,vq_ctw,15,linear,256.0,5.0,1981.0,0.9781443567471328,0.18637675704832427,6.358646679161245,6.358646679161245
efsphe,vq_ctw,15,linear,512.0,5.0,1981.0,0.9423528801699169,0.5007702213892855,5.629918808834403,5.629918808834403
efsphe,vq_ctw,15,linear,1024.0,5.0,1981.0,0.9803459120439072,0.17880209395392238,6.497648969368469,6.497648969368469
eggfri,direct_ctw,15,linear,,5.0,2015.0,0.8715489161833675,1.2066650387244426,1.6296010585388647,1.8042481134897375
eggfri,direct_ctw,15,nearest,,5.0,269.0,0.848140143049266,0.9109627922091872,1.580777714448523,1.7767102136034791
eggfri,markov_order_1,15,linear,,5.0,2015.0,0.8098268654133051,1.6693322592256365,1.6296010585388647,1.8042481134897375
eggfri,markov_order_1,15,nearest,,5.0,269.0,0.7408023231651936,1.3380915831377393,1.580777714448523,1.7767102136034791
eggfri,markov_order_2,15,linear,,5.0,2015.0,0.7860570875340007,1.837378799588799,1.6296010585388647,1.8042481134897375
eggfri,markov_order_2,15,nearest,,5.0,269.0,0.7293023468483134,1.3790332555292095,1.580777714448523,1.7767102136034791
eggfri,vq_ctw,15,linear,256.0,5.0,2015.0,0.9923458941183684,0.07693656604109406,4.771607037098496,4.771607037098496
eggfri,vq_ctw,15,nearest,256.0,5.0,269.0,0.9741664241972097,0.2347910969427895,4.659548213863703,4.659548213863703
eggfri,vq_ctw,15,linear,512.0,5.0,2015.0,0.9798455380650419,0.20277031152440442,4.640650116566721,4.640650116566721
eggfri,vq_ctw,15,nearest,512.0,5.0,269.0,0.9948058981773322,0.08809240600498001,4.694474023752034,4.694474023752034
eggfri,vq_ctw,15,linear,1024.0,5.0,2015.0,0.9931619395783087,0.07268822842044796,4.834825847096871,4.834825847096871
eggfri,vq_ctw,15,nearest,1024.0,5.0,269.0,0.9843379003053419,0.137638899877223,4.6003424630607865,4.6003424630607865
eghanw,direct_ctw,15,linear,,5.0,1809.0,0.8636365390550058,1.268379271243457,1.6377738183353223,1.7938115531761492
eghanw,direct_ctw,15,nearest,,5.0,32.0,0.8710250583237067,0.9166986794800045,1.6643123663850428,1.822110053462553
eghanw,markov_order_1,15,linear,,5.0,1809.0,0.7968799201474641,1.7614903937934858,1.6377738183353223,1.7938115531761492
eghanw,markov_order_1,15,nearest,,5.0,32.0,0.6079881693583616,2.0666019307348584,1.6643123663850428,1.822110053462553
eghanw,markov_order_2,15,linear,,5.0,1809.0,0.7684662304522223,1.9585948904019665,1.6377738183353223,1.7938115531761492
eghanw,markov_order_2,15,nearest,,5.0,32.0,0.616151444322663,2.0383139791085707,1.6643123663850428,1.822110053462553
eghanw,vq_ctw,15,linear,256.0,5.0,1809.0,0.9892291695859277,0.09663184269808102,5.2862768345636795,5.2862768345636795
eghanw,vq_ctw,15,nearest,256.0,5.0,32.0,0.9999999999980905,0.33612678284832953,12.100902916188689,12.100902916188689
eghanw,vq_ctw,15,linear,512.0,5.0,1809.0,0.9763198157006195,0.23669712509589488,4.628784725348429,4.628784725348429
eghanw,vq_ctw,15,nearest,512.0,5.0,32.0,0.9999999999980905,0.40217028660325627,12.856073950052178,12.856073950052178
eghanw,vq_ctw,15,linear,1024.0,5.0,1809.0,0.9894514698525415,0.10550506096739692,5.160342239851385,5.160342239851385
eghanw,vq_ctw,15,nearest,1024.0,5.0,32.0,0.9454701665081487,0.39176402069593486,12.130264476462205,12.130264476462205
egloha,direct_ctw,15,linear,,5.0,2014.0,0.8698946668293379,1.154255064715496,1.564412632006229,1.729332127326714
egloha,direct_ctw,15,nearest,,5.0,32.0,0.911050489055102,0.5219031787951054,1.2667860208889943,1.509522705349096
egloha,markov_order_1,15,linear,,5.0,2014.0,0.8235116291901146,1.481526897316545,1.564412632006229,1.729332127326714
egloha,markov_order_1,15,nearest,,5.0,32.0,0.8589140515534479,0.7281617109881858,1.2667860208889943,1.509522705349096
egloha,markov_order_2,15,linear,,5.0,2014.0,0.8080542623641328,1.5855881025857588,1.564412632006229,1.729332127326714
egloha,markov_order_2,15,nearest,,5.0,32.0,0.8762817385133281,0.6636735428636092,1.2667860208889943,1.509522705349096
egloha,vq_ctw,15,linear,256.0,5.0,2014.0,0.9929766521080782,0.07147102621606477,4.784405396387976,4.784405396387976
egloha,vq_ctw,15,nearest,256.0,5.0,32.0,0.9280640679344822,0.4871227454049403,5.343940207236109,5.343940207236109
egloha,vq_ctw,15,linear,512.0,5.0,2014.0,0.9785264289084332,0.21405686927823958,4.318872670585859,4.318872670585859
egloha,vq_ctw,15,nearest,512.0,5.0,32.0,0.9999999999980905,0.29660683427774853,5.172268233087206,5.172268233087206
egloha,vq_ctw,15,linear,1024.0,5.0,2014.0,0.9940497065535179,0.06444892396649776,4.9528795416147595,4.9528795416147595
egloha,vq_ctw,15,nearest,1024.0,5.0,32.0,1.0,0.0,5.7515883532468735,5.7515883532468735
egnata,direct_ctw,15,linear,,5.0,2015.0,0.8521446810911817,1.2637977975771297,1.6749589240428497,1.8268120484228394
egnata,direct_ctw,15,nearest,,5.0,45.0,0.8417376505669824,1.0392385279523906,1.5785189095031993,1.7420752560923183
egnata,markov_order_1,15,linear,,5.0,2015.0,0.8124321280041049,1.5328019189222375,1.6749589240428497,1.8268120484228394
egnata,markov_order_1,15,nearest,,5.0,45.0,0.6155111280966102,1.9550400869445592,1.5785189095031993,1.7420752560923183
egnata,markov_order_2,15,linear,,5.0,2015.0,0.7941370176844005,1.6515320949067365,1.6749589240428497,1.8268120484228394
egnata,markov_order_2,15,nearest,,5.0,45.0,0.6374936673671051,1.8818092621607734,1.5785189095031993,1.7420752560923183
egnata,vq_ctw,15,linear,256.0,5.0,2015.0,0.9988522669581498,0.014012516551812485,3.806041742838111,3.806041742838111
egnata,vq_ctw,15,nearest,256.0,5.0,45.0,1.0,0.0,5.923162516633813,5.923162516633813
egnata,vq_ctw,15,linear,512.0,5.0,2015.0,0.9942484136253489,0.06443094216550667,3.794360635183907,3.794360635183907
egnata,vq_ctw,15,nearest,512.0,5.0,45.0,0.9999999999980905,0.15555818628835452,5.3952531711333425,5.3952531711333425
egnata,vq_ctw,15,linear,1024.0,5.0,2015.0,0.9988685130510048,0.013837454971661185,3.829371774795691,3.829371774795691
egnata,vq_ctw,15,nearest,1024.0,5.0,45.0,1.0,0.0,6.310402106109508,6.310402106109508
egreos,direct_ctw,15,linear,,5.0,2015.0,0.8723289814944849,1.2823056104538277,1.6775244117453638,1.832164482523535
egreos,markov_order_1,15,linear,,5.0,2015.0,0.7796683687478299,2.0228146471258275,1.6775244117453638,1.832164482523535
egreos,markov_order_2,15,linear,,5.0,2015.0,0.739892389479312,2.316784417479603,1.6775244117453638,1.832164482523535
egreos,vq_ctw,15,linear,256.0,5.0,2015.0,0.9759455523153096,0.20176191457166032,6.165087867228214,6.165087867228214
egreos,vq_ctw,15,linear,512.0,5.0,2015.0,0.9476442633304174,0.4774419954806829,5.908276013641947,5.908276013641947
egreos,vq_ctw,15,linear,1024.0,5.0,2015.0,0.9787186774182803,0.2035870195112721,6.691159664137878,6.691159664137878
egteir,direct_ctw,15,linear,,5.0,1636.0,0.8824563554509577,1.104592976357323,1.6375525546780332,1.801377521487412
egteir,direct_ctw,15,nearest,,5.0,152.0,0.8054641453988522,1.149190641582799,1.6985699232680476,1.8564785803239603
egteir,markov_order_1,15,linear,,5.0,1636.0,0.8199987623368509,1.5718412206633683,1.6375525546780332,1.801377521487412
egteir,markov_order_1,15,nearest,,5.0,152.0,0.6356164929791287,1.7609428316459457,1.6985699232680476,1.8564785803239603
egteir,markov_order_2,15,linear,,5.0,1636.0,0.7974894397478655,1.7301979581281033,1.6375525546780332,1.801377521487412
egteir,markov_order_2,15,nearest,,5.0,152.0,0.6451629913450488,1.7358618219835964,1.6985699232680476,1.8564785803239603
egteir,vq_ctw,15,linear,256.0,5.0,1636.0,0.9886509532506583,0.10759718954190879,4.7858509415817325,4.7858509415817325
egteir,vq_ctw,15,nearest,256.0,5.0,152.0,0.9619536617773806,0.26651212932410645,4.568494465717296,4.568494465717296
egteir,vq_ctw,15,linear,512.0,5.0,1636.0,0.9745147252387656,0.24276508967487942,4.44545553878983,4.44545553878983
egteir,vq_ctw,15,nearest,512.0,5.0,152.0,0.9883669527892568,0.16599448071928885,4.989216165310558,4.989216165310558
egteir,vq_ctw,15,linear,1024.0,5.0,1636.0,0.9901896380460331,0.09915404457313381,4.851874797555197,4.851874797555197
egteir,vq_ctw,15,nearest,1024.0,5.0,152.0,0.9942100679434522,0.10622458210721067,5.183411724182213,5.183411724182213
egwicj,direct_ctw,15,linear,,5.0,2015.0,0.881305048532487,1.1439336871512105,1.7118137388869934,1.8535068408444408
egwicj,markov_order_1,15,linear,,5.0,2015.0,0.8093306846561243,1.6961524244010997,1.7118137388869934,1.8535068408444408
egwicj,markov_order_2,15,linear,,5.0,2015.0,0.7795426677324806,1.9094638910521182,1.7118137388869934,1.8535068408444408
egwicj,vq_ctw,15,linear,256.0,5.0,2015.0,0.9806832822495771,0.1682030066694917,5.998456657122711,5.998456657122711
egwicj,vq_ctw,15,linear,512.0,5.0,2015.0,0.9546720767966691,0.4167846574552915,5.604343633682012,5.604343633682012
egwicj,vq_ctw,15,linear,1024.0,5.0,2015.0,0.9810711785093573,0.17324084084999453,6.135793070966943,6.135793070966943
eiboid,direct_ctw,15,linear,,5.0,2015.0,0.8695306268920716,1.2434178516675698,1.6766459571802859,1.8311059499249254
eiboid,direct_ctw,15,nearest,,5.0,117.0,0.8171169767911077,1.011151626904325,1.8110817583683256,1.983329493753775
eiboid,markov_order_1,15,linear,,5.0,2015.0,0.8013254742248477,1.7618987225376725,1.6766459571802859,1.8311059499249254
eiboid,markov_order_1,15,nearest,,5.0,117.0,0.695370534497209,1.4986661831989774,1.8110817583683256,1.983329493753775
eiboid,markov_order_2,15,linear,,5.0,2015.0,0.7712808737991541,1.9760731568540861,1.6766459571802859,1.8311059499249254
eiboid,markov_order_2,15,nearest,,5.0,117.0,0.6915975129138429,1.5123635409295841,1.8110817583683256,1.983329493753775
eiboid,vq_ctw,15,linear,256.0,5.0,2015.0,0.9893917707367326,0.10161252005218983,5.134354834305115,5.134354834305115
eiboid,vq_ctw,15,nearest,256.0,5.0,117.0,0.9999999999994614,0.06293677442316693,3.637625278297351,3.637625278297351
eiboid,vq_ctw,15,linear,512.0,5.0,2015.0,0.9681691873401819,0.304393082717382,4.912728333202041,4.912728333202041
eiboid,vq_ctw,15,nearest,512.0,5.0,117.0,1.0,0.0,3.8436406939731578,3.8436406939731578
eiboid,vq_ctw,15,linear,1024.0,5.0,2015.0,0.9874567299402116,0.12230380186028221,5.325240117690285,5.325240117690285
eiboid,vq_ctw,15,nearest,1024.0,5.0,117.0,1.0,0.0,3.918384709930565,3.918384709930565
eicmyn,direct_ctw,15,linear,,5.0,2003.0,0.9108651616253124,0.8574015377147377,1.7519455532283057,1.915536874961572
eicmyn,direct_ctw,15,nearest,,5.0,36.0,0.8455135785618406,1.0546528355447533,1.8572240919495053,2.0077845835981782
eicmyn,markov_order_1,15,linear,,5.0,2003.0,0.8739433282891493,1.14590884244445,1.7519455532283057,1.915536874961572
eicmyn,markov_order_1,15,nearest,,5.0,36.0,0.6205709566709037,2.0228297674647737,1.8572240919495053,2.0077845835981782
eicmyn,markov_order_2,15,linear,,5.0,2003.0,0.8546793053967303,1.2889889387960878,1.7519455532283057,1.915536874961572
eicmyn,markov_order_2,15,nearest,,5.0,36.0,0.6084514763786151,2.0650072728197375,1.8572240919495053,2.0077845835981782
eicmyn,vq_ctw,15,linear,256.0,5.0,2003.0,0.9965532196355599,0.036607360729083334,5.2096405931857195,5.2096405931857195
eicmyn,vq_ctw,15,nearest,256.0,5.0,36.0,0.9529635571807411,0.34822302969469443,5.159988204218076,5.159988204218076
eicmyn,vq_ctw,15,linear,512.0,5.0,2003.0,0.9924052157720482,0.08402064565316526,5.904800570218733,5.904800570218733
eicmyn,vq_ctw,15,nearest,512.0,5.0,36.0,1.0,0.0,6.04455925218955,6.04455925218955
eicmyn,vq_ctw,15,linear,1024.0,5.0,2003.0,0.9974763638300883,0.029415795795897107,5.801224611338168,5.801224611338168
eicmyn,vq_ctw,15,nearest,1024.0,5.0,36.0,1.0,0.0,5.902309536282476,5.902309536282476
eifvid,direct_ctw,15,linear,,5.0,2015.0,0.8858842599430786,1.092766386008162,1.577685887242486,1.7526870085417834
eifvid,direct_ctw,15,nearest,,5.0,190.0,0.8389784578420182,0.9547319044216126,1.7078614649553634,1.8751567543715462
eifvid,markov_order_1,15,linear,,5.0,2015.0,0.8394033298238843,1.4527646622126622,1.577685887242486,1.7526870085417834
eifvid,markov_order_1,15,nearest,,5.0,190.0,0.6944125573189814,1.5117978480890863,1.7078614649553634,1.8751567543715462
eifvid,markov_order_2,15,linear,,5.0,2015.0,0.8157601347768884,1.6265784351597694,1.577685887242486,1.7526870085417834
eifvid,markov_order_2,15,nearest,,5.0,190.0,0.7045133700590216,1.4774185757266267,1.7078614649553634,1.8751567543715462
eifvid,vq_ctw,15,linear,256.0,5.0,2015.0,0.9964127308475402,0.03789233326373018,4.103359736913604,4.103359736913604
eifvid,vq_ctw,15,nearest,256.0,5.0,190.0,0.989303776214828,0.19433416011664545,4.385873157866977,4.385873157866977
eifvid,vq_ctw,15,linear,512.0,5.0,2015.0,0.9898462863483681,0.11031552359660293,3.9820488516044517,3.9820488516044517
eifvid,vq_ctw,15,nearest,512.0,5.0,190.0,1.0,0.0,4.155536102501231,4.155536102501231
eifvid,vq_ctw,15,linear,1024.0,5.0,2015.0,0.9960115520943048,0.04550727728096909,4.141904345388719,4.141904345388719
eifvid,vq_ctw,15,nearest,1024.0,5.0,190.0,1.0,0.0,4.343973944021234,4.343973944021234
eincuf,direct_ctw,15,linear,,5.0,1892.0,0.9790081170930959,0.2167075667128744,1.9649505264422087,2.0875453909539172
eincuf,direct_ctw,15,nearest,,5.0,39.0,0.8273859982721479,1.0644470167779174,1.8826953148165302,2.020187525571932
eincuf,markov_order_1,15,linear,,5.0,1892.0,0.9647578347639665,0.33710720111959425,1.9649505264422087,2.0875453909539172
eincuf,markov_order_1,15,nearest,,5.0,39.0,0.6410534714229378,1.7752532821482163,1.8826953148165302,2.020187525571932
eincuf,markov_order_2,15,linear,,5.0,1892.0,0.9661672187203065,0.32565311808946357,1.9649505264422087,2.0875453909539172
eincuf,markov_order_2,15,nearest,,5.0,39.0,0.6401488174448712,1.7781081610503229,1.8826953148165302,2.020187525571932
eincuf,vq_ctw,15,linear,256.0,5.0,1892.0,0.9999999999980905,0.00751268099859557,2.270797793011091,2.270797793011091
eincuf,vq_ctw,15,nearest,256.0,5.0,39.0,0.9999999999980904,0.13884714316964453,4.341101621216931,4.341101621216931
eincuf,vq_ctw,15,linear,512.0,5.0,1892.0,0.9979174828467012,0.026386691343499323,2.4149130924503623,2.4149130924503623
eincuf,vq_ctw,15,nearest,512.0,5.0,39.0,1.0,0.0,4.674277890121513,4.674277890121513
eincuf,vq_ctw,15,linear,1024.0,5.0,1892.0,0.9999999999980905,0.00751268099859557,2.2773162323219975,2.2773162323219975
eincuf,vq_ctw,15,nearest,1024.0,5.0,39.0,1.0,0.0,4.967307709148015,4.967307709148015
eitpem,direct_ctw,15,linear,,5.0,1779.0,0.931457129713682,0.6462808778135444,1.4521623744970575,1.6285745160379579
eitpem,markov_order_1,15,linear,,5.0,1779.0,0.8923704531035921,0.9415314288089123,1.4521623744970575,1.6285745160379579
eitpem,markov_order_2,15,linear,,5.0,1779.0,0.8896046219735065,0.961447833888655,1.4521623744970575,1.6285745160379579
eitpem,vq_ctw,15,linear,256.0,5.0,1779.0,0.9999999999980905,0.03976671560966125,4.435901797299752,4.435901797299752
eitpem,vq_ctw,15,linear,512.0,5.0,1779.0,0.9877565429477976,0.11981045727090674,5.101586065778296,5.101586065778296
eitpem,vq_ctw,15,linear,1024.0,5.0,1779.0,0.9958390030941788,0.043060261296554075,5.095072124184094,5.095072124184094
ejcrur,direct_ctw,15,linear,,5.0,2015.0,0.896672325862826,0.9592950376368995,1.55557672733745,1.700098396882441
ejcrur,direct_ctw,15,nearest,,5.0,191.0,0.8477047084133787,0.9315784884077455,1.6068896132165114,1.78554481609124
ejcrur,markov_order_1,15,linear,,5.0,2015.0,0.8403878533565616,1.3745967335150455,1.55557672733745,1.700098396882441
ejcrur,markov_order_1,15,nearest,,5.0,191.0,0.7270682178593468,1.4114614732505866,1.6068896132165114,1.78554481609124
ejcrur,markov_order_2,15,linear,,5.0,2015.0,0.8356187248421174,1.4080516824221063,1.55557672733745,1.700098396882441
ejcrur,markov_order_2,15,nearest,,5.0,191.0,0.7137485164925277,1.4597486820355725,1.6068896132165114,1.78554481609124
ejcrur,vq_ctw,15,linear,256.0,5.0,2015.0,0.9953172307131452,0.0476599810325905,4.560025040302625,4.560025040302625
ejcrur,vq_ctw,15,nearest,256.0,5.0,191.0,0.9770565676471585,0.28205989990745445,4.54228383013632,4.54228383013632
ejcrur,vq_ctw,15,linear,512.0,5.0,2015.0,0.9848740859005681,0.15558390220693316,4.75655114001296,4.75655114001296
ejcrur,vq_ctw,15,nearest,512.0,5.0,191.0,0.9999999999995801,0.03589515463924454,4.031619563355932,4.031619563355932
ejcrur,vq_ctw,15,linear,1024.0,5.0,2015.0,0.996191317985821,0.04371009766925918,5.102336094666092,5.102336094666092
ejcrur,vq_ctw,15,nearest,1024.0,5.0,191.0,0.9999999999995801,0.03589515463924454,4.18031154053595,4.18031154053595
ejesba,direct_ctw,15,linear,,5.0,2015.0,0.9134937400804944,0.836026915239409,1.6494353763076344,1.8052019353862003
ejesba,direct_ctw,15,nearest,,5.0,107.0,0.8214732150425994,0.9778073379359197,1.652907749510469,1.8327706315799044
ejesba,markov_order_1,15,linear,,5.0,2015.0,0.8803410948304768,1.0973442359534475,1.6494353763076344,1.8052019353862003
ejesba,markov_order_1,15,nearest,,5.0,107.0,0.6770711124786247,1.4448719863284036,1.652907749510469,1.8327706315799044
ejesba,markov_order_2,15,linear,,5.0,2015.0,0.8671170711160745,1.1971353267947509,1.6494353763076344,1.8052019353862003
ejesba,markov_order_2,15,nearest,,5.0,107.0,0.6999717188367286,1.3833817978574814,1.652907749510469,1.8327706315799044
ejesba,vq_ctw,15,linear,256.0,5.0,2015.0,0.9971161842685495,0.03305827727286978,3.3962518964529798,3.3962518964529798
ejesba,vq_ctw,15,nearest,256.0,5.0,107.0,0.9916814473593548,0.1268754252679571,3.342877655204532,3.342877655204532
ejesba,vq_ctw,15,linear,512.0,5.0,2015.0,0.9928346482328527,0.08284766508471147,3.382083853993022,3.382083853993022
ejesba,vq_ctw,15,nearest,512.0,5.0,107.0,1.0,0.0,3.860678034970479,3.860678034970479
ejesba,vq_ctw,15,linear,1024.0,5.0,2015.0,0.997470586661535,0.030524581684670354,3.5383593553381925,3.5383593553381925
ejesba,vq_ctw,15,nearest,1024.0,5.0,107.0,0.9916814473600508,0.0635158113865709,3.799669724917261,3.799669724917261
ejkipu,direct_ctw,15,linear,,5.0,2012.0,0.8709805384561916,1.2055679224825848,1.6608791361037192,1.8127142065387212
ejkipu,markov_order_1,15,linear,,5.0,2012.0,0.8007525950373189,1.725502786789196,1.6608791361037192,1.8127142065387212
ejkipu,markov_order_2,15,linear,,5.0,2012.0,0.7784644041961544,1.8804744164555338,1.6608791361037192,1.8127142065387212
ejkipu,vq_ctw,15,linear,256.0,5.0,2012.0,0.988875800102437,0.10578844700204174,5.368096087314931,5.368096087314931
ejkipu,vq_ctw,15,linear,512.0,5.0,2012.0,0.9631350956033035,0.33832315778530336,4.811749579393883,4.811749579393883
ejkipu,vq_ctw,15,linear,1024.0,5.0,2012.0,0.9880791154127353,0.11711585395738915,5.497678537717968,5.497678537717968
ejnoax,direct_ctw,15,linear,,5.0,2014.0,0.8946862655567493,1.049840703415921,1.742618356296167,1.904715855960661
ejnoax,markov_order_1,15,linear,,5.0,2014.0,0.8295208491029147,1.5721506169526478,1.742618356296167,1.904715855960661
ejnoax,markov_order_2,15,linear,,5.0,2014.0,0.7963841243466488,1.8199838071579555,1.742618356296167,1.904715855960661
ejnoax,vq_ctw,15,linear,256.0,5.0,2014.0,0.9884635403422416,0.10909982821848549,5.706774445382004,5.706774445382004
ejnoax,vq_ctw,15,linear,512.0,5.0,2014.0,0.9648792762736573,0.33078515118983154,5.253789964261149,5.253789964261149
ejnoax,vq_ctw,15,linear,1024.0,5.0,2014.0,0.9891632827920369,0.10796380798042726,6.214133585906233,6.214133585906233
ejshig,direct_ctw,15,linear,,5.0,2015.0,0.8632253383686487,1.2656745086050234,1.6346576281049696,1.803152498298948
ejshig,direct_ctw,15,nearest,,5.0,472.0,0.8329896612886671,0.964700950093511,1.6515796044791224,1.812078792023774
ejshig,markov_order_1,15,linear,,5.0,2015.0,0.8143190689145821,1.6289961506836852,1.6346576281049696,1.803152498298948
ejshig,markov_order_1,15,nearest,,5.0,472.0,0.6985413374597779,1.4578915795687208,1.6515796044791224,1.812078792023774
ejshig,markov_order_2,15,linear,,5.0,2015.0,0.7903049479349298,1.7986839261423597,1.6346576281049696,1.803152498298948
ejshig,markov_order_2,15,nearest,,5.0,472.0,0.7008864953823836,1.4555514196773067,1.6515796044791224,1.812078792023774
ejshig,vq_ctw,15,linear,256.0,5.0,2015.0,0.9969624741778782,0.03281557399151606,4.41237695970894,4.41237695970894
ejshig,vq_ctw,15,nearest,256.0,5.0,472.0,0.9524788285202196,0.3492946007205766,4.8864385663435455,4.8864385663435455
ejshig,vq_ctw,15,linear,512.0,5.0,2015.0,0.9904741185591059,0.10437592370037577,4.083807344398917,4.083807344398917
ejshig,vq_ctw,15,nearest,512.0,5.0,472.0,0.9931932702850934,0.15046112102266673,4.909231494974936,4.909231494974936
ejshig,vq_ctw,15,linear,1024.0,5.0,2015.0,0.9970106360259771,0.035353659853731075,4.384534018332041,4.384534018332041
ejshig,vq_ctw,15,nearest,1024.0,5.0,472.0,0.9770664736810891,0.197434043994608,4.9851337580601625,4.9851337580601625
ejtobu,direct_ctw,15,linear,,5.0,2015.0,0.854726209537348,1.288646008296456,1.6273438651094458,1.7990377120422982
ejtobu,direct_ctw,15,nearest,,5.0,307.0,0.836523788248036,0.9417524178624265,1.6186159922090273,1.7891219906865334
ejtobu,markov_order_1,15,linear,,5.0,2015.0,0.8091188718092965,1.6109293679299166,1.6273438651094458,1.7990377120422982
ejtobu,markov_order_1,15,nearest,,5.0,307.0,0.7079145670752433,1.4119970510762072,1.6186159922090273,1.7891219906865334
ejtobu,markov_order_2,15,linear,,5.0,2015.0,0.786174979234939,1.7654447105666582,1.6273438651094458,1.7990377120422982
ejtobu,markov_order_2,15,nearest,,5.0,307.0,0.7063450262646754,1.4229407940716532,1.6186159922090273,1.7891219906865334
ejtobu,vq_ctw,15,linear,256.0,5.0,2015.0,0.9954165092775934,0.049472749197636,4.2160760387968566,4.2160760387968566
ejtobu,vq_ctw,15,nearest,256.0,5.0,307.0,0.991913614421952,0.1550310755703605,3.7947822211305606,3.7947822211305606
ejtobu,vq_ctw,15,linear,512.0,5.0,2015.0,0.9876884674294412,0.12757931268522954,4.105822394589831,4.105822394589831
ejtobu,vq_ctw,15,nearest,512.0,5.0,307.0,0.9999999999995086,0.04409133061772133,3.8929677051747316,3.8929677051747316
ejtobu,vq_ctw,15,linear,1024.0,5.0,2015.0,0.9958728470800539,0.04688590667683942,4.273295293809525,4.273295293809525
ejtobu,vq_ctw,15,nearest,1024.0,5.0,307.0,0.9970747102526535,0.044192634422909945,3.8976624395178523,3.8976624395178523
ekenuc,direct_ctw,15,linear,,5.0,2015.0,0.8599629649827043,1.257543524411571,1.6782887635499428,1.8385865044336829
ekenuc,direct_ctw,15,nearest,,5.0,168.0,0.8484394726403353,0.8817046706718289,1.4945128660312612,1.668106645842327
ekenuc,markov_order_1,15,linear,,5.0,2015.0,0.8102133597415722,1.613396653509778,1.6782887635499428,1.8385865044336829
ekenuc,markov_order_1,15,nearest,,5.0,168.0,0.7580587908743786,1.2292286394198282,1.4945128660312612,1.668106645842327
ekenuc,markov_order_2,15,linear,,5.0,2015.0,0.7878847537498286,1.7652198219134898,1.6782887635499428,1.8385865044336829
ekenuc,markov_order_2,15,nearest,,5.0,168.0,0.7424391457954093,1.283033315902087,1.4945128660312612,1.668106645842327
ekenuc,vq_ctw,15,linear,256.0,5.0,2015.0,0.9962553330541675,0.041513002642853306,4.460314418215283,4.460314418215283
ekenuc,vq_ctw,15,nearest,256.0,5.0,168.0,0.9869926604855278,0.19869559744156662,4.007684266467599,4.007684266467599
ekenuc,vq_ctw,15,linear,512.0,5.0,2015.0,0.9869076065360144,0.13105832558463876,4.260451172904233,4.260451172904233
ekenuc,vq_ctw,15,nearest,512.0,5.0,168.0,0.999999999999625,0.038798015896944156,3.9303560278655647,3.9303560278655647
ekenuc,vq_ctw,15,linear,1024.0,5.0,2015.0,0.9966923764722266,0.038634020968635774,4.627947647694183,4.627947647694183
ekenuc,vq_ctw,15,nearest,1024.0,5.0,168.0,1.0,0.0,4.044973478516748,4.044973478516748
ekfrab,direct_ctw,15,linear,,5.0,1993.0,0.867094454995088,1.3229731939844023,1.6276008529515122,1.7923401041977696
ekfrab,direct_ctw,15,nearest,,5.0,64.0,0.8588774738884338,0.8590848185263441,1.6338416896027053,1.8053339068079604
ekfrab,markov_order_1,15,linear,,5.0,1993.0,0.7828707408911013,1.992623115080588,1.6276008529515122,1.7923401041977696
ekfrab,markov_order_1,15,nearest,,5.0,64.0,0.7393472279650029,1.3390582843922338,1.6338416896027053,1.8053339068079604
ekfrab,markov_order_2,15,linear,,5.0,1993.0,0.7460044523463321,2.2654360238346105,1.6276008529515122,1.7923401041977696
ekfrab,markov_order_2,15,nearest,,5.0,64.0,0.7265866403463421,1.3822575830804062,1.6338416896027053,1.8053339068079604
ekfrab,vq_ctw,15,linear,256.0,5.0,1993.0,0.9797855490459778,0.17468208242133126,5.764458990691845,5.764458990691845
ekfrab,vq_ctw,15,nearest,256.0,5.0,64.0,0.9999999999980905,0.2043602176984504,4.413390918475682,4.413390918475682
ekfrab,vq_ctw,15,linear,512.0,5.0,1993.0,0.952342372561366,0.43467735473592123,5.318766992633719,5.318766992633719
ekfrab,vq_ctw,15,nearest,512.0,5.0,64.0,0.9999999999990452,0.08016708838593276,3.9922594783905665,3.9922594783905665
ekfrab,vq_ctw,15,linear,1024.0,5.0,1993.0,0.9800434761263608,0.1927832330263943,6.0069757680008875,6.0069757680008875
ekfrab,vq_ctw,15,nearest,1024.0,5.0,64.0,1.0,0.0,4.47681025930186,4.47681025930186
ektamy,direct_ctw,15,linear,,5.0,2014.0,0.8597701044629583,1.200774784270696,1.6555119556959437,1.81852241611893
ektamy,direct_ctw,15,nearest,,5.0,397.0,0.827975728786956,1.0228407489914382,1.6597811611068558,1.8450569493828666
ektamy,markov_order_1,15,linear,,5.0,2014.0,0.8201927117182057,1.4694259679689614,1.6555119556959437,1.81852241611893
ektamy,markov_order_1,15,nearest,,5.0,397.0,0.6636614723584359,1.6307185170391485,1.6597811611068558,1.8450569493828666
ektamy,markov_order_2,15,linear,,5.0,2014.0,0.8066908667672811,1.5574178843853512,1.6555119556959437,1.81852241611893
ektamy,markov_order_2,15,nearest,,5.0,397.0,0.6773545662275139,1.6107680453858624,1.6597811611068558,1.8450569493828666
ektamy,vq_ctw,15,linear,256.0,5.0,2014.0,0.9999999999980905,0.028780815982892286,3.7540118294912084,3.7540118294912084
ektamy,vq_ctw,15,nearest,256.0,5.0,397.0,0.9775975135582752,0.23685668598547935,4.361053770315149,4.361053770315149
ektamy,vq_ctw,15,linear,512.0,5.0,2014.0,0.9952222212440675,0.05326596160902898,3.8215894768673837,3.8215894768673837
ektamy,vq_ctw,15,nearest,512.0,5.0,397.0,0.9948573919055946,0.0723938556769764,4.269358135539428,4.269358135539428
ektamy,vq_ctw,15,linear,1024.0,5.0,2014.0,0.9983866405954396,0.018904130680590967,3.8038750785699014,3.8038750785699014
ektamy,vq_ctw,15,nearest,1024.0,5.0,397.0,0.9913841149868642,0.08630742713493011,4.431379212846116,4.431379212846116
ektuyo,direct_ctw,15,linear,,5.0,2014.0,0.9196183566519515,0.7768033007433798,1.5890517898632728,1.7457734069311963
ektuyo,direct_ctw,15,nearest,,5.0,108.0,0.8610247269705374,0.6997390331238141,1.654140006501093,1.8301024658882052
ektuyo,markov_order_1,15,linear,,5.0,2014.0,0.8876745099834329,1.0285141570173473,1.5890517898632728,1.7457734069311963
ektuyo,markov_order_1,15,nearest,,5.0,108.0,0.8232718220931324,0.8797168533412226,1.654140006501093,1.8301024658882052
ektuyo,markov_order_2,15,linear,,5.0,2014.0,0.8763665542784769,1.1138516275179404,1.5890517898632728,1.7457734069311963
ektuyo,markov_order_2,15,nearest,,5.0,108.0,0.8380249884054721,0.7775710192123432,1.654140006501093,1.8301024658882052
ektuyo,vq_ctw,15,linear,256.0,5.0,2014.0,0.9999999999980905,0.025512665273199578,3.625844610409014,3.625844610409014
ektuyo,vq_ctw,15,nearest,256.0,5.0,108.0,0.9999999999980905,0.264030762447617,4.275302049508932,4.275302049508932
ektuyo,vq_ctw,15,linear,512.0,5.0,2014.0,0.9937706691843361,0.07070204364073927,3.5846757351896157,3.5846757351896157
ektuyo,vq_ctw,15,nearest,512.0,5.0,108.0,1.0,0.0,3.213072864323231,3.213072864323231
ektuyo,vq_ctw,15,linear,1024.0,5.0,2014.0,0.9976489159152203,0.026269734323053753,3.6892609190262595,3.6892609190262595
ektuyo,vq_ctw,15,nearest,1024.0,5.0,108.0,1.0,0.0,3.3192509122614333,3.3192509122614333
ekyosj,direct_ctw,15,linear,,5.0,2013.0,0.8490684462587819,1.3599111635530727,1.5650719555702788,1.7435091968771859
ekyosj,direct_ctw,15,nearest,,5.0,270.0,0.8182318232989223,1.0551858087331993,1.653872975433718,1.8318588869849801
ekyosj,markov_order_1,15,linear,,5.0,2013.0,0.795256655749973,1.7456526614790782,1.5650719555702788,1.7435091968771859
ekyosj,markov_order_1,15,nearest,,5.0,270.0,0.6695483412751899,1.5812853701540728,1.653872975433718,1.8318588869849801
ekyosj,markov_order_2,15,linear,,5.0,2013.0,0.7677175552520669,1.932741777945979,1.5650719555702788,1.7435091968771859
ekyosj,markov_order_2,15,nearest,,5.0,270.0,0.6660588204193367,1.5968165953510698,1.653872975433718,1.8318588869849801
ekyosj,vq_ctw,15,linear,256.0,5.0,2013.0,0.9910371617869898,0.08279904840268537,5.207910393390844,5.207910393390844
ekyosj,vq_ctw,15,nearest,256.0,5.0,270.0,0.9541702539302986,0.33743361519235826,4.481445889062946,4.481445889062946
ekyosj,vq_ctw,15,linear,512.0,5.0,2013.0,0.9753803659395586,0.23028707238516694,4.5586638065240646,4.5586638065240646
ekyosj,vq_ctw,15,nearest,512.0,5.0,270.0,0.9999999999983734,0.12661208711877162,4.696827698361411,4.696827698361411
ekyosj,vq_ctw,15,linear,1024.0,5.0,2013.0,0.9928570210749205,0.07547834820057434,5.327632053426693,5.327632053426693
ekyosj,vq_ctw,15,nearest,1024.0,5.0,270.0,0.9891300359832174,0.1032427291883534,5.212701525196985,5.212701525196985
elafle,direct_ctw,15,linear,,5.0,2015.0,0.8725101670708508,1.214665972133502,1.6458651157209396,1.8148967254452923
elafle,direct_ctw,15,nearest,,5.0,159.0,0.8334368540114957,0.9805795424110332,1.6714425237571526,1.8376914616641016
elafle,markov_order_1,15,linear,,5.0,2015.0,0.8244043213483443,1.5851041194340656,1.6458651157209396,1.8148967254452923
elafle,markov_order_1,15,nearest,,5.0,159.0,0.6556372064782807,1.6701680309225893,1.6714425237571526,1.8376914616641016
elafle,markov_order_2,15,linear,,5.0,2015.0,0.7975621163198827,1.7813678630265524,1.6458651157209396,1.8148967254452923
elafle,markov_order_2,15,nearest,,5.0,159.0,0.6874728188535062,1.5692439137971945,1.6714425237571526,1.8376914616641016
elafle,vq_ctw,15,linear,256.0,5.0,2015.0,0.9925779357571781,0.07493504693187451,4.4324653298602925,4.4324653298602925
elafle,vq_ctw,15,nearest,256.0,5.0,159.0,0.9886872991207087,0.25039274534313977,4.8782493990889755,4.8782493990889755
elafle,vq_ctw,15,linear,512.0,5.0,2015.0,0.9813874102828244,0.19257864383465187,4.031481248299838,4.031481248299838
elafle,vq_ctw,15,nearest,512.0,5.0,159.0,0.9904084000059037,0.06648139078251691,4.3754549122990465,4.3754549122990465
elafle,vq_ctw,15,linear,1024.0,5.0,2015.0,0.9930474412093788,0.07780518797836213,4.490490136613452,4.490490136613452
elafle,vq_ctw,15,nearest,1024.0,5.0,159.0,0.9917887321871911,0.05879288515202656,4.3354668602592925,4.3354668602592925
elbnax,direct_ctw,15,linear,,5.0,2015.0,0.8606441328585851,1.2915171926106699,1.6725965116000698,1.8334393746560762
elbnax,direct_ctw,15,nearest,,5.0,178.0,0.833684589733419,0.9076550985026531,1.5495763039708979,1.7663788528630051
elbnax,markov_order_1,15,linear,,5.0,2015.0,0.8035984762821794,1.7138579513645504,1.6725965116000698,1.8334393746560762
elbnax,markov_order_1,15,nearest,,5.0,178.0,0.7321160386362195,1.255473199708308,1.5495763039708979,1.7663788528630051
elbnax,markov_order_2,15,linear,,5.0,2015.0,0.7760325091361602,1.9067724251617866,1.6725965116000698,1.8334393746560762
elbnax,markov_order_2,15,nearest,,5.0,178.0,0.7435573191446445,1.2230305989537482,1.5495763039708979,1.7663788528630051
elbnax,vq_ctw,15,linear,256.0,5.0,2015.0,0.9952568889702078,0.04818630284420441,4.678399152246306,4.678399152246306
elbnax,vq_ctw,15,nearest,256.0,5.0,178.0,0.987669466104662,0.1659611979786689,3.304844373237383,3.304844373237383
elbnax,vq_ctw,15,linear,512.0,5.0,2015.0,0.984916348664168,0.1552105425022358,4.330495563873461,4.330495563873461
elbnax,vq_ctw,15,nearest,512.0,5.0,178.0,0.9999999999995817,0.03808695890622653,3.2472064237111544,3.2472064237111544
elbnax,vq_ctw,15,linear,1024.0,5.0,2015.0,0.995251919709436,0.05297767706307462,4.652596064082624,4.652596064082624
elbnax,vq_ctw,15,nearest,1024.0,5.0,178.0,0.9999999999995817,0.03808695890622653,3.324065596374794,3.324065596374794
elfyea,direct_ctw,15,linear,,5.0,2015.0,0.8696784616906252,1.1017503869063126,1.6140017146405583,1.7751908594867043
elfyea,direct_ctw,15,nearest,,5.0,171.0,0.8262694241164116,0.954412768833554,1.4963841350368172,1.7013289074548505
elfyea,markov_order_1,15,linear,,5.0,2015.0,0.8324356935911683,1.3508330883681314,1.6140017146405583,1.7751908594867043
elfyea,markov_order_1,15,nearest,,5.0,171.0,0.7123857010795016,1.341675842786139,1.4963841350368172,1.7013289074548505
elfyea,markov_order_2,15,linear,,5.0,2015.0,0.8213130283395853,1.4223074583380089,1.6140017146405583,1.7751908594867043
elfyea,markov_order_2,15,nearest,,5.0,171.0,0.7086263990062283,1.3552992679608133,1.4963841350368172,1.7013289074548505
elfyea,vq_ctw,15,linear,256.0,5.0,2015.0,0.9999999999980905,0.052456291081382576,4.282332868137356,4.282332868137356
elfyea,vq_ctw,15,nearest,256.0,5.0,171.0,0.9727433504814204,0.2086127856092579,4.284960125589823,4.284960125589823
elfyea,vq_ctw,15,linear,512.0,5.0,2015.0,0.9837502055879088,0.15233116281161302,4.005438162662866,4.005438162662866
elfyea,vq_ctw,15,nearest,512.0,5.0,171.0,0.9999999999992183,0.07724266380311481,4.39607806366119,4.39607806366119
elfyea,vq_ctw,15,linear,1024.0,5.0,2015.0,0.9962222163293598,0.04183205294666121,4.501304331469854,4.501304331469854
elfyea,vq_ctw,15,nearest,1024.0,5.0,171.0,0.9949192684826149,0.03897340022872507,4.09919356707701,4.09919356707701
elhuyo,direct_ctw,15,linear,,5.0,532.0,0.877207201933898,0.8820587164726229,1.783991937790134,1.9325403757987232
elhuyo,direct_ctw,15,nearest,,5.0,86.0,0.8224187744311297,1.0834839008273027,1.7896780468700426,1.980093457731024
elhuyo,markov_order_1,15,linear,,5.0,532.0,0.8282360585283443,1.1439264129852307,1.783991937790134,1.9325403757987232
elhuyo,markov_order_1,15,nearest,,5.0,86.0,0.6019383008443596,1.8945515415697927,1.7896780468700426,1.980093457731024
elhuyo,markov_order_2,15,linear,,5.0,532.0,0.8304617739043109,1.1326013182395969,1.783991937790134,1.9325403757987232
elhuyo,markov_order_2,15,nearest,,5.0,86.0,0.6215591592336793,1.8399511676324336,1.7896780468700426,1.980093457731024
elhuyo,vq_ctw,15,linear,256.0,5.0,532.0,1.0,0.0,3.4048656529055608,3.4048656529055608
elhuyo,vq_ctw,15,nearest,256.0,5.0,86.0,0.9999999999989563,0.08217060343711713,4.101024194359407,4.101024194359407
elhuyo,vq_ctw,15,linear,512.0,5.0,532.0,0.9999999999980906,0.08370543216117964,2.9160178121263463,2.9160178121263463
elhuyo,vq_ctw,15,nearest,512.0,5.0,86.0,1.0,0.0,5.044514719873774,5.044514719873774
elhuyo,vq_ctw,15,linear,1024.0,5.0,532.0,1.0,0.0,3.368657174185051,3.368657174185051
elhuyo,vq_ctw,15,nearest,1024.0,5.0,86.0,0.9999999999989563,0.08217060343711713,5.25297041083418,5.25297041083418
ellimt,direct_ctw,15,linear,,5.0,2015.0,0.8878937065302552,1.0945623690530382,1.6032701090219548,1.7774286161749984
ellimt,direct_ctw,15,nearest,,5.0,142.0,0.8560685398470962,0.9658623782743422,1.6461632660135492,1.819060922063029
ellimt,markov_order_1,15,linear,,5.0,2015.0,0.8376200417108135,1.4921311414760536,1.6032701090219548,1.7774286161749984
ellimt,markov_order_1,15,nearest,,5.0,142.0,0.6717362699270073,1.7564088880638287,1.6461632660135492,1.819060922063029
ellimt,markov_order_2,15,linear,,5.0,2015.0,0.809975453739133,1.698757850450631,1.6032701090219548,1.7774286161749984
ellimt,markov_order_2,15,nearest,,5.0,142.0,0.645295334381538,1.8463205834400236,1.6461632660135492,1.819060922063029
ellimt,vq_ctw,15,linear,256.0,5.0,2015.0,0.9931145736326613,0.07026520878779219,4.507081427041094,4.507081427041094
ellimt,vq_ctw,15,nearest,256.0,5.0,142.0,0.9622119625049663,0.2619254835100113,6.1994498803027165,6.1994498803027165
ellimt,vq_ctw,15,linear,512.0,5.0,2015.0,0.9842714804826165,0.16088887562069235,4.134595187228284,4.134595187228284
ellimt,vq_ctw,15,nearest,512.0,5.0,142.0,0.9907273970491469,0.19683569257338263,6.328809735175695,6.328809735175695
ellimt,vq_ctw,15,linear,1024.0,5.0,2015.0,0.9936028658402525,0.0686184064065785,4.528423447182074,4.528423447182074
ellimt,vq_ctw,15,nearest,1024.0,5.0,142.0,0.991614670257172,0.22695115073109032,6.6299371338084425,6.6299371338084425
elswck,direct_ctw,15,linear,,5.0,2013.0,0.862256147053998,1.217962174964981,1.6318334193701014,1.79689045486448
elswck,direct_ctw,15,nearest,,5.0,200.0,0.8302020004673194,0.9649898679670058,1.6092669748212496,1.7983612516391287
elswck,markov_order_1,15,linear,,5.0,2013.0,0.8183433294173483,1.5272752959009808,1.6318334193701014,1.79689045486448
elswck,markov_order_1,15,nearest,,5.0,200.0,0.7180598398800071,1.381390788280599,1.6092669748212496,1.7983612516391287
elswck,markov_order_2,15,linear,,5.0,2013.0,0.8012676962237834,1.6422696847084084,1.6318334193701014,1.79689045486448
elswck,markov_order_2,15,nearest,,5.0,200.0,0.7134496429453526,1.3964219199723775,1.6092669748212496,1.7983612516391287
elswck,vq_ctw,15,linear,256.0,5.0,2013.0,0.9944452342742013,0.05516292817306894,4.406433263985151,4.406433263985151
elswck,vq_ctw,15,nearest,256.0,5.0,200.0,0.9900052959880662,0.14461819904153653,3.6997290756942074,3.6997290756942074
elswck,vq_ctw,15,linear,512.0,5.0,2013.0,0.9873727306102666,0.13319516786922622,4.087403699924553,4.087403699924553
elswck,vq_ctw,15,nearest,512.0,5.0,200.0,0.9999999999996945,0.032346833020241876,3.6603301329403366,3.6603301329403366
elswck,vq_ctw,15,linear,1024.0,5.0,2013.0,0.9955054110022596,0.04864046730736295,4.4058835370956775,4.4058835370956775
elswck,vq_ctw,15,nearest,1024.0,5.0,200.0,1.0,0.0,3.994180088085741,3.994180088085741
elvgid,direct_ctw,15,linear,,5.0,379.0,0.9567307398237932,0.4122045607523099,1.6723752569305281,1.7941059815606428
elvgid,direct_ctw,15,nearest,,5.0,41.0,0.8551005786859779,0.9714870882498688,1.4571129513125942,1.6252299979636817
elvgid,markov_order_1,15,linear,,5.0,379.0,0.9218544599999152,0.6757597698479387,1.6723752569305281,1.7941059815606428
elvgid,markov_order_1,15,nearest,,5.0,41.0,0.663576968712405,1.7909955120297585,1.4571129513125942,1.6252299979636817
elvgid,markov_order_2,15,linear,,5.0,379.0,0.9134138876971436,0.7353788280621362,1.6723752569305281,1.7941059815606428
elvgid,markov_order_2,15,nearest,,5.0,41.0,0.6545677256650925,1.822851875352839,1.4571129513125942,1.6252299979636817
elvgid,vq_ctw,15,linear,256.0,5.0,379.0,1.0,0.0,2.7302853109274987,2.7302853109274987
elvgid,vq_ctw,15,nearest,256.0,5.0,41.0,0.9563365644125918,0.30250728424494655,4.266802894136129,4.266802894136129
elvgid,vq_ctw,15,linear,512.0,5.0,379.0,0.997267875950371,0.02993447269535616,2.733296999287632,2.733296999287632
elvgid,vq_ctw,15,nearest,512.0,5.0,41.0,1.0,0.0,5.595615246467181,5.595615246467181
elvgid,vq_ctw,15,linear,1024.0,5.0,379.0,1.0,0.0,2.7042007400548638,2.7042007400548638
elvgid,vq_ctw,15,nearest,1024.0,5.0,41.0,1.0,0.0,5.4600875913489935,5.4600875913489935
elwesn,direct_ctw,15,linear,,5.0,2015.0,0.8946349577155454,0.9411553820919062,1.654658204323036,1.821817839195787
elwesn,direct_ctw,15,nearest,,5.0,156.0,0.8554624352650771,0.7887360981013734,1.5703046966883465,1.7635130811674367
elwesn,markov_order_1,15,linear,,5.0,2015.0,0.861684334259921,1.1776009993403724,1.654658204323036,1.821817839195787
elwesn,markov_order_1,15,nearest,,5.0,156.0,0.8016051717782301,1.0190705250583085,1.5703046966883465,1.7635130811674367
elwesn,markov_order_2,15,linear,,5.0,2015.0,0.8515856840233271,1.2472938648030396,1.654658204323036,1.821817839195787
elwesn,markov_order_2,15,nearest,,5.0,156.0,0.7935833832081237,1.050363626190241,1.5703046966883465,1.7635130811674367
elwesn,vq_ctw,15,linear,256.0,5.0,2015.0,0.9999999999980905,0.03471525262400985,3.8826891843068365,3.8826891843068365
elwesn,vq_ctw,15,nearest,256.0,5.0,156.0,0.9999999999980906,0.19599809409666963,3.898795558721915,3.898795558721915
elwesn,vq_ctw,15,linear,512.0,5.0,2015.0,0.9899898060238433,0.10088109586844529,3.779722283444962,3.779722283444962
elwesn,vq_ctw,15,nearest,512.0,5.0,156.0,1.0,0.0,3.077556016199097,3.077556016199097
elwesn,vq_ctw,15,linear,1024.0,5.0,2015.0,0.9973227489962541,0.029411727962572683,3.910641300020515,3.910641300020515
elwesn,vq_ctw,15,nearest,1024.0,5.0,156.0,1.0,0.0,3.2163434203955306,3.2163434203955306
enarwe,direct_ctw,15,linear,,5.0,1988.0,0.8838925888113915,1.1359825456061734,1.647156060128812,1.8157739317257844
enarwe,direct_ctw,15,nearest,,5.0,405.0,0.8299218107693135,0.9748831815667437,1.6336595714880744,1.818569935631177
enarwe,markov_order_1,15,linear,,5.0,1988.0,0.8307259371643092,1.556905835459502,1.647156060128812,1.8157739317257844
enarwe,markov_order_1,15,nearest,,5.0,405.0,0.7061483894671893,1.4645990616775368,1.6336595714880744,1.818569935631177
enarwe,markov_order_2,15,linear,,5.0,1988.0,0.8056359287869126,1.7449036199575019,1.647156060128812,1.8157739317257844
enarwe,markov_order_2,15,nearest,,5.0,405.0,0.7048296205260586,1.467125505514726,1.6336595714880744,1.818569935631177
enarwe,vq_ctw,15,linear,256.0,5.0,1988.0,0.9969374129713353,0.033049960019687165,4.372075840697501,4.372075840697501
enarwe,vq_ctw,15,nearest,256.0,5.0,405.0,0.9778293127323682,0.269399178408402,4.655363752466363,4.655363752466363
enarwe,vq_ctw,15,linear,512.0,5.0,1988.0,0.9913078676608343,0.09806881710225065,4.262768721849641,4.262768721849641
enarwe,vq_ctw,15,nearest,512.0,5.0,405.0,0.9933916872465901,0.06724967858313169,4.791091263354335,4.791091263354335
enarwe,vq_ctw,15,linear,1024.0,5.0,1988.0,0.9963034277160737,0.04258311319142185,4.3979262059896005,4.3979262059896005
enarwe,vq_ctw,15,nearest,1024.0,5.0,405.0,0.9905908553545723,0.11066508538001138,4.419967640455623,4.419967640455623
enekbl,direct_ctw,15,linear,,5.0,2015.0,0.8761308230743206,1.122620964926822,1.6140469795258354,1.775925348582982
enekbl,direct_ctw,15,nearest,,5.0,318.0,0.8271633762029249,0.9907401064997509,1.6324144458594136,1.8208535142899176
enekbl,markov_order_1,15,linear,,5.0,2015.0,0.8301088449946056,1.4560188596747212,1.6140469795258354,1.775925348582982
enekbl,markov_order_1,15,nearest,,5.0,318.0,0.7055975646548893,1.4291140816086896,1.6324144458594136,1.8208535142899176
enekbl,markov_order_2,15,linear,,5.0,2015.0,0.8132722256989938,1.5722784545041433,1.6140469795258354,1.775925348582982
enekbl,markov_order_2,15,nearest,,5.0,318.0,0.7042886089689094,1.441945590223166,1.6324144458594136,1.8208535142899176
enekbl,vq_ctw,15,linear,256.0,5.0,2015.0,0.9999999999980905,0.04031292874521972,4.140112683253092,4.140112683253092
enekbl,vq_ctw,15,nearest,256.0,5.0,318.0,0.9809833761364186,0.17604568807684884,4.1813741077568185,4.1813741077568185
enekbl,vq_ctw,15,linear,512.0,5.0,2015.0,0.9901552876098523,0.10521012528798672,4.09511040513112,4.09511040513112
enekbl,vq_ctw,15,nearest,512.0,5.0,318.0,0.9999999999993214,0.07641347435436463,4.165659982875815,4.165659982875815
enekbl,vq_ctw,15,linear,1024.0,5.0,2015.0,0.9965815512395311,0.03634723357433012,4.2623077950533785,4.2623077950533785
enekbl,vq_ctw,15,nearest,1024.0,5.0,318.0,0.9911338344678111,0.0813302797291071,4.4972885017089235,4.4972885017089235
enidmo,direct_ctw,15,linear,,5.0,1990.0,0.8929586568839439,1.060593074671558,1.553228981371473,1.7021824889598447
enidmo,direct_ctw,15,nearest,,5.0,134.0,0.8991442937487155,0.6587631628084715,1.195757624545339,1.3876385816520813
enidmo,markov_order_1,15,linear,,5.0,1990.0,0.8340851517562127,1.531260706429579,1.553228981371473,1.7021824889598447
enidmo,markov_order_1,15,nearest,,5.0,134.0,0.8142005771122072,1.0339366985542213,1.195757624545339,1.3876385816520813
enidmo,markov_order_2,15,linear,,5.0,1990.0,0.8128058139694186,1.691798872512227,1.553228981371473,1.7021824889598447
enidmo,markov_order_2,15,nearest,,5.0,134.0,0.8009969153776026,1.0904860875611402,1.195757624545339,1.3876385816520813
enidmo,vq_ctw,15,linear,256.0,5.0,1990.0,0.9910807215191381,0.08767705780066003,4.836877746877002,4.836877746877002
enidmo,vq_ctw,15,nearest,256.0,5.0,134.0,0.9402320336236731,0.41147638394495706,5.365944749209253,5.365944749209253
enidmo,vq_ctw,15,linear,512.0,5.0,1990.0,0.9784720939632715,0.22144959496585878,4.649766844113428,4.649766844113428
enidmo,vq_ctw,15,nearest,512.0,5.0,134.0,0.9999999999980906,0.24378181840781243,5.419092713640939,5.419092713640939
enidmo,vq_ctw,15,linear,1024.0,5.0,1990.0,0.9903884032382135,0.09743033020797758,4.865860159501069,4.865860159501069
enidmo,vq_ctw,15,nearest,1024.0,5.0,134.0,0.9755434951628469,0.22846095387766058,6.1300794275072255,6.1300794275072255
enjubp,direct_ctw,15,linear,,5.0,2014.0,0.8618314693732867,1.2363980077096075,1.647654572394538,1.8045248558606157
enjubp,direct_ctw,15,nearest,,5.0,158.0,0.8400831053017828,0.9878255271550593,1.725840728438501,1.8963117311235425
enjubp,markov_order_1,15,linear,,5.0,2014.0,0.8162888090585552,1.5616548395012801,1.647654572394538,1.8045248558606157
enjubp,markov_order_1,15,nearest,,5.0,158.0,0.6718656626593603,1.6594456019849289,1.725840728438501,1.8963117311235425
enjubp,markov_order_2,15,linear,,5.0,2014.0,0.7917376586113809,1.7284121178598226,1.647654572394538,1.8045248558606157
enjubp,markov_order_2,15,nearest,,5.0,158.0,0.6598260039055198,1.703712565257014,1.725840728438501,1.8963117311235425
enjubp,vq_ctw,15,linear,256.0,5.0,2014.0,0.9967491087290069,0.03480175477597279,4.378886029675748,4.378886029675748
enjubp,vq_ctw,15,nearest,256.0,5.0,158.0,0.9716265086607734,0.2955314652437303,4.8669030377217855,4.8669030377217855
enjubp,vq_ctw,15,linear,512.0,5.0,2014.0,0.988227210777883,0.12276113363515598,4.282209337606552,4.282209337606552
enjubp,vq_ctw,15,nearest,512.0,5.0,158.0,0.9999999999994683,0.07341592551096579,5.033058070605824,5.033058070605824
enjubp,vq_ctw,15,linear,1024.0,5.0,2014.0,0.9983821665217911,0.02056791920183829,4.639033574508474,4.639033574508474
enjubp,vq_ctw,15,nearest,1024.0,5.0,158.0,0.9999999999990331,0.0863061408192901,5.372661642703652,5.372661642703652
enkkan,direct_ctw,15,linear,,5.0,2015.0,0.8813164853337744,1.0624370240631291,1.4666663310341472,1.6494289479440487
enkkan,direct_ctw,15,nearest,,5.0,372.0,0.8405144859586107,0.9234197088362764,1.588870546434868,1.7927024296100977
enkkan,markov_order_1,15,linear,,5.0,2015.0,0.8457864639633403,1.3178794833464853,1.4666663310341472,1.6494289479440487
enkkan,markov_order_1,15,nearest,,5.0,372.0,0.6957603157697442,1.4523596102769327,1.588870546434868,1.7927024296100977
enkkan,markov_order_2,15,linear,,5.0,2015.0,0.8300794271629222,1.4261692895972915,1.4666663310341472,1.6494289479440487
enkkan,markov_order_2,15,nearest,,5.0,372.0,0.7147291808867394,1.3934364547225297,1.588870546434868,1.7927024296100977
enkkan,vq_ctw,15,linear,256.0,5.0,2015.0,0.9977632117214902,0.026462096465017737,4.093705417302934,4.093705417302934
enkkan,vq_ctw,15,nearest,256.0,5.0,372.0,0.9902711551388211,0.16390607889617384,3.6772252140504045,3.6772252140504045
enkkan,vq_ctw,15,linear,512.0,5.0,2015.0,0.9932395685163241,0.07743284145863562,4.004211228083346,4.004211228083346
enkkan,vq_ctw,15,nearest,512.0,5.0,372.0,0.9999999999995431,0.03751535319046164,3.5700155773100697,3.5700155773100697
enkkan,vq_ctw,15,linear,1024.0,5.0,2015.0,0.9978916362441898,0.025122832610529507,4.154340950929794,4.154340950929794
enkkan,vq_ctw,15,nearest,1024.0,5.0,372.0,0.9999999999997896,0.01843250420467611,3.6368196157147383,3.6368196157147383
enyene,direct_ctw,15,linear,,5.0,323.0,0.9328226901989621,0.6038861042008354,1.395615007394521,1.6225735837458217
enyene,markov_order_1,15,linear,,5.0,323.0,0.8731885765147848,1.0178862284507804,1.395615007394521,1.6225735837458217
enyene,markov_order_2,15,linear,,5.0,323.0,0.8504071725758235,1.1623796567716933,1.395615007394521,1.6225735837458217
enyene,vq_ctw,15,linear,256.0,5.0,323.0,0.9999999999980905,0.06701231005658302,5.421830124902942,5.421830124902942
enyene,vq_ctw,15,linear,512.0,5.0,323.0,0.9892320327625604,0.10290916498615156,5.24130121007275,5.24130121007275
enyene,vq_ctw,15,linear,1024.0,5.0,323.0,1.0,0.0,5.369806586268579,5.369806586268579
enyons,direct_ctw,15,linear,,5.0,2015.0,0.8571599928538622,1.2783110931113164,1.6393661134449717,1.8118129581506615
enyons,direct_ctw,15,nearest,,5.0,267.0,0.8607931503026257,0.8819697222578073,1.5572312880605463,1.744674307215372
enyons,markov_order_1,15,linear,,5.0,2015.0,0.8100061917496699,1.614826176213859,1.6393661134449717,1.8118129581506615
enyons,markov_order_1,15,nearest,,5.0,267.0,0.7270969634143845,1.4334067622305955,1.5572312880605463,1.744674307215372
enyons,markov_order_2,15,linear,,5.0,2015.0,0.7881991962780068,1.7631124754870409,1.6393661134449717,1.8118129581506615
enyons,markov_order_2,15,nearest,,5.0,267.0,0.7276995412515517,1.435834542698607,1.5572312880605463,1.744674307215372
enyons,vq_ctw,15,linear,256.0,5.0,2015.0,0.9989687521146177,0.013352913692095805,4.248804485244409,4.248804485244409
enyons,vq_ctw,15,nearest,256.0,5.0,267.0,0.9817692920479746,0.23557896559900737,4.847362642525868,4.847362642525868
enyons,vq_ctw,15,linear,512.0,5.0,2015.0,0.9923399926910109,0.08263249699012407,4.066706093938361,4.066706093938361
enyons,vq_ctw,15,nearest,512.0,5.0,267.0,0.9999999999990703,0.09212422774635923,4.24468277797358,4.24468277797358
enyons,vq_ctw,15,linear,1024.0,5.0,2015.0,0.9990218724987268,0.012739760116005578,4.312550302571475,4.312550302571475
enyons,vq_ctw,15,nearest,1024.0,5.0,267.0,0.986517658113664,0.1239987044799961,4.740898654563257,4.740898654563257
eoccoi,direct_ctw,15,linear,,5.0,1975.0,0.843008543800575,1.4257515336386826,1.685630638632102,1.8566572840787416
eoccoi,direct_ctw,15,nearest,,5.0,193.0,0.8412271062144518,0.988530693276604,1.5869316978712489,1.7790755045126085
eoccoi,markov_order_1,15,linear,,5.0,1975.0,0.776024049409346,1.906830630213217,1.685630638632102,1.8566572840787416
eoccoi,markov_order_1,15,nearest,,5.0,193.0,0.6950521167384003,1.5663173579743301,1.5869316978712489,1.7790755045126085
eoccoi,markov_order_2,15,linear,,5.0,1975.0,0.7428345684597534,2.130758351562149,1.685630638632102,1.8566572840787416
eoccoi,markov_order_2,15,nearest,,5.0,193.0,0.6976367839625607,1.5625895094956663,1.5869316978712489,1.7790755045126085
eoccoi,vq_ctw,15,linear,256.0,5.0,1975.0,0.9907727376839109,0.09025058418238233,4.8041890823997075,4.8041890823997075
eoccoi,vq_ctw,15,nearest,256.0,5.0,193.0,0.9891405316265804,0.15736429643025826,3.996940602573226,3.996940602573226
eoccoi,vq_ctw,15,linear,512.0,5.0,1975.0,0.9766688744848141,0.23726030793959266,4.7510259612005825,4.7510259612005825
eoccoi,vq_ctw,15,nearest,512.0,5.0,193.0,0.9999999999994756,0.037562333903774205,3.957780811576822,3.957780811576822
eoccoi,vq_ctw,15,linear,1024.0,5.0,1975.0,0.9926736926853815,0.07714671453921304,5.057681675286398,5.057681675286398
eoccoi,vq_ctw,15,nearest,1024.0,5.0,193.0,1.0,0.0,3.8968831364104806,3.8968831364104806
eoffri,direct_ctw,15,linear,,5.0,2015.0,0.8837096351191178,1.128886185879268,1.5702270519854178,1.7354953450749662
eoffri,direct_ctw,15,nearest,,5.0,265.0,0.8385651135165721,0.9099090628379606,1.583774898388426,1.7656492962805574
eoffri,markov_order_1,15,linear,,5.0,2015.0,0.8314950515916926,1.5385750349001783,1.5702270519854178,1.7354953450749662
eoffri,markov_order_1,15,nearest,,5.0,265.0,0.7334616900955155,1.277309377420214,1.583774898388426,1.7656492962805574
eoffri,markov_order_2,15,linear,,5.0,2015.0,0.8046916555316147,1.7374089910657016,1.5702270519854178,1.7354953450749662
eoffri,markov_order_2,15,nearest,,5.0,265.0,0.7423895940364251,1.2573026240739735,1.583774898388426,1.7656492962805574
eoffri,vq_ctw,15,linear,256.0,5.0,2015.0,0.9938508342592414,0.06016124745025875,4.5537223643978235,4.5537223643978235
eoffri,vq_ctw,15,nearest,256.0,5.0,265.0,0.9804864924654966,0.2529215373487572,4.1285797718442705,4.1285797718442705
eoffri,vq_ctw,15,linear,512.0,5.0,2015.0,0.9841866995693047,0.16976959032156086,4.259057344218985,4.259057344218985
eoffri,vq_ctw,15,nearest,512.0,5.0,265.0,0.9999999999992435,0.0695328782181675,3.707254572351799,3.707254572351799
eoffri,vq_ctw,15,linear,1024.0,5.0,2015.0,0.9946308603238434,0.05895266193209815,4.492688690090716,4.492688690090716
eoffri,vq_ctw,15,nearest,1024.0,5.0,265.0,0.9945605226943569,0.10854251209070842,4.09279389482859,4.09279389482859
eoivqu,direct_ctw,15,linear,,5.0,2015.0,0.8622225343417117,1.3065977902354617,1.733110152868038,1.8705677934767129
eoivqu,direct_ctw,15,nearest,,5.0,34.0,0.8461296592133647,1.0171907384813486,1.7858391474097306,1.8994365795790373
eoivqu,markov_order_1,15,linear,,5.0,2015.0,0.7742616991448785,1.9636256210745258,1.733110152868038,1.8705677934767129
eoivqu,markov_order_1,15,nearest,,5.0,34.0,0.6437670798620128,1.8603604726737748,1.7858391474097306,1.8994365795790373
eoivqu,markov_order_2,15,linear,,5.0,2015.0,0.7442033026886411,2.172325489150578,1.733110152868038,1.8705677934767129
eoivqu,markov_order_2,15,nearest,,5.0,34.0,0.6265994712591434,1.9184737338296476,1.7858391474097306,1.8994365795790373
eoivqu,vq_ctw,15,linear,256.0,5.0,2015.0,0.9751801153460793,0.20704657363514872,5.874700213960909,5.874700213960909
eoivqu,vq_ctw,15,nearest,256.0,5.0,34.0,0.934849791315213,0.4127090000871957,5.5985924948706645,5.5985924948706645
eoivqu,vq_ctw,15,linear,512.0,5.0,2015.0,0.9460957791589126,0.48182176091396356,5.576386723162319,5.576386723162319
eoivqu,vq_ctw,15,nearest,512.0,5.0,34.0,0.9187465715795762,0.4878338261206725,7.679714136863299,7.679714136863299
eoivqu,vq_ctw,15,linear,1024.0,5.0,2015.0,0.9725702554705647,0.24502355315541535,5.853879004048114,5.853879004048114
eoivqu,vq_ctw,15,nearest,1024.0,5.0,34.0,0.9203786364806325,0.5270405093738936,6.702302717800713,6.702302717800713
eokrac,direct_ctw,15,linear,,5.0,2013.0,0.8691408821316038,1.2019009950728403,1.6596381517197096,1.8201948786793898
eokrac,direct_ctw,15,nearest,,5.0,247.0,0.8365688560095385,0.9884141189268427,1.7986167649606815,1.9456764419748889
eokrac,markov_order_1,15,linear,,5.0,2013.0,0.818683197983136,1.5726509699166522,1.6596381517197096,1.8201948786793898
eokrac,markov_order_1,15,nearest,,5.0,247.0,0.6801071991727513,1.5875745001384156,1.7986167649606815,1.9456764419748889
eokrac,markov_order_2,15,linear,,5.0,2013.0,0.801163931667668,1.695260948700267,1.6596381517197096,1.8201948786793898
eokrac,markov_order_2,15,nearest,,5.0,247.0,0.6774643768601413,1.6028881339868832,1.7986167649606815,1.9456764419748889
eokrac,vq_ctw,15,linear,256.0,5.0,2013.0,0.9999999999980905,0.03880121915638891,4.3573666188196025,4.3573666188196025
eokrac,vq_ctw,15,nearest,256.0,5.0,247.0,0.992555257474711,0.21650431501775566,4.010324259595619,4.010324259595619
eokrac,vq_ctw,15,linear,512.0,5.0,2013.0,0.9864126793390191,0.13528042513182686,3.9292059616613146,3.9292059616613146
eokrac,vq_ctw,15,nearest,512.0,5.0,247.0,0.999999999999281,0.056217382599437815,4.007375553252477,4.007375553252477
eokrac,vq_ctw,15,linear,1024.0,5.0,2013.0,0.9976725040750404,0.026040071982425077,4.515439765589254,4.515439765589254
eokrac,vq_ctw,15,nearest,1024.0,5.0,247.0,0.999999999999281,0.07723941344944092,4.104959487238519,4.104959487238519
eolgug,direct_ctw,15,linear,,5.0,2015.0,0.8838258720926715,1.0363331739339168,1.6258672968741048,1.7729646844636555
eolgug,direct_ctw,15,nearest,,5.0,121.0,0.8392895772829427,0.9176603239273842,1.5433228555857406,1.727311565386571
eolgug,markov_order_1,15,linear,,5.0,2015.0,0.8417049226402455,1.336121265421808,1.6258672968741048,1.7729646844636555
eolgug,markov_order_1,15,nearest,,5.0,121.0,0.7270760615621116,1.328007914446877,1.5433228555857406,1.727311565386571
eolgug,markov_order_2,15,linear,,5.0,2015.0,0.8315145479275734,1.405577731931804,1.6258672968741048,1.7729646844636555
eolgug,markov_order_2,15,nearest,,5.0,121.0,0.7293303316788325,1.3292275524604191,1.5433228555857406,1.727311565386571
eolgug,vq_ctw,15,linear,256.0,5.0,2015.0,0.9999999999980905,0.019499931856235848,3.8756430307727694,3.8756430307727694
eolgug,vq_ctw,15,nearest,256.0,5.0,121.0,0.9642890794109966,0.31343075367856693,5.131748694117295,5.131748694117295
eolgug,vq_ctw,15,linear,512.0,5.0,2015.0,0.9884116663878795,0.11805515791376676,3.5525407701685663,3.5525407701685663
eolgug,vq_ctw,15,nearest,512.0,5.0,121.0,1.0,0.0,3.6927825894370936,3.6927825894370936
eolgug,vq_ctw,15,linear,1024.0,5.0,2015.0,0.997233217435593,0.03188228542719394,3.8341008468402933,3.8341008468402933
eolgug,vq_ctw,15,nearest,1024.0,5.0,121.0,1.0,0.0,3.6286485283156766,3.6286485283156766
eoslui,direct_ctw,15,linear,,5.0,1985.0,0.8743461689729672,1.0884639863333518,1.5463234253130844,1.7235100217783275
eoslui,direct_ctw,15,nearest,,5.0,335.0,0.8484990541196804,0.8811484215261441,1.474479298933393,1.669859094395517
eoslui,markov_order_1,15,linear,,5.0,1985.0,0.8422088334621072,1.3109611152566545,1.5463234253130844,1.7235100217783275
eoslui,markov_order_1,15,nearest,,5.0,335.0,0.7538783260975724,1.235894748847533,1.474479298933393,1.669859094395517
eoslui,markov_order_2,15,linear,,5.0,1985.0,0.8287498448328525,1.4006874869089947,1.5463234253130844,1.7235100217783275
eoslui,markov_order_2,15,nearest,,5.0,335.0,0.756302188350932,1.2350020737030218,1.474479298933393,1.669859094395517
eoslui,vq_ctw,15,linear,256.0,5.0,1985.0,0.9999999999980905,0.01914351149382331,3.912411789006345,3.912411789006345
eoslui,vq_ctw,15,nearest,256.0,5.0,335.0,0.9877274663733583,0.19829574621784127,4.346421639752995,4.346421639752995
eoslui,vq_ctw,15,linear,512.0,5.0,1985.0,0.9923103315513048,0.08290942724346481,3.779755202306405,3.779755202306405
eoslui,vq_ctw,15,nearest,512.0,5.0,335.0,0.9964476880518777,0.027561084115039713,3.6693207250695608,3.6693207250695608
eoslui,vq_ctw,15,linear,1024.0,5.0,1985.0,0.9980001612265413,0.022812465072420816,4.066757941817682,4.066757941817682
eoslui,vq_ctw,15,nearest,1024.0,5.0,335.0,0.9973005901893761,0.041481682021943515,3.60485192801965,3.60485192801965
eovsyt,direct_ctw,15,linear,,5.0,2015.0,0.8628979910856305,1.235696641245254,1.666871603892373,1.8288415181817426
eovsyt,direct_ctw,15,nearest,,5.0,79.0,0.857227239915475,0.9222426870817593,1.5784224553653596,1.735269492789132
eovsyt,markov_order_1,15,linear,,5.0,2015.0,0.8084441676031218,1.6255916922103602,1.666871603892373,1.8288415181817426
eovsyt,markov_order_1,15,nearest,,5.0,79.0,0.69602173295745,1.5915694862235374,1.5784224553653596,1.735269492789132
eovsyt,markov_order_2,15,linear,,5.0,2015.0,0.7886915309639928,1.7598112062364568,1.666871603892373,1.8288415181817426
eovsyt,markov_order_2,15,nearest,,5.0,79.0,0.6863121508920517,1.6257377771678543,1.5784224553653596,1.735269492789132
eovsyt,vq_ctw,15,linear,256.0,5.0,2015.0,0.9959472121107951,0.04446556648411126,4.695270296944909,4.695270296944909
eovsyt,vq_ctw,15,nearest,256.0,5.0,79.0,0.9577759288577017,0.25495535037973127,6.104910930681088,6.104910930681088
eovsyt,vq_ctw,15,linear,512.0,5.0,2015.0,0.9832598961501728,0.1659959054767303,4.16053895577979,4.16053895577979
eovsyt,vq_ctw,15,nearest,512.0,5.0,79.0,0.9999999999980905,0.183195051424158,6.0326299865822675,6.0326299865822675
eovsyt,vq_ctw,15,linear,1024.0,5.0,2015.0,0.9965237031709949,0.040354304998103725,4.705156926579513,4.705156926579513
eovsyt,vq_ctw,15,nearest,1024.0,5.0,79.0,0.9776397902170765,0.18321052952225975,5.811846267407694,5.811846267407694
eoydba,direct_ctw,15,linear,,5.0,1219.0,0.9095997268733295,0.8813887174402915,1.5076322654887515,1.7305666685233512
eoydba,markov_order_1,15,linear,,5.0,1219.0,0.8495062017166052,1.3495312603486835,1.5076322654887515,1.7305666685233512
eoydba,markov_order_2,15,linear,,5.0,1219.0,0.8239969820126931,1.5348821603455918,1.5076322654887515,1.7305666685233512
eoydba,vq_ctw,15,linear,256.0,5.0,1219.0,0.9980018892228188,0.023964067769745256,5.460752088376165,5.460752088376165
eoydba,vq_ctw,15,linear,512.0,5.0,1219.0,0.9924130358839803,0.08394545138087442,5.147680328215563,5.147680328215563
eoydba,vq_ctw,15,linear,1024.0,5.0,1219.0,0.9979255032948504,0.025628789765099073,5.105834772697002,5.105834772697002
epabca,direct_ctw,15,linear,,5.0,2015.0,0.8570523199734588,1.2385394524665112,1.4898972811268305,1.684486629498666
epabca,direct_ctw,15,nearest,,5.0,385.0,0.8345581978945893,0.9460047265739295,1.5669403396469788,1.7782525034170946
epabca,markov_order_1,15,linear,,5.0,2015.0,0.8075750234705298,1.5769631526002033,1.4898972811268305,1.684486629498666
epabca,markov_order_1,15,nearest,,5.0,385.0,0.7115767724753371,1.4090594473944176,1.5669403396469788,1.7782525034170946
epabca,markov_order_2,15,linear,,5.0,2015.0,0.7873547699122065,1.708422541736869,1.4898972811268305,1.684486629498666
epabca,markov_order_2,15,nearest,,5.0,385.0,0.6991147491186444,1.4610777025188468,1.5669403396469788,1.7782525034170946
epabca,vq_ctw,15,linear,256.0,5.0,2015.0,0.9960128199881267,0.04150746348268943,4.8539546407254965,4.8539546407254965
epabca,vq_ctw,15,nearest,256.0,5.0,385.0,0.9930828386667071,0.19216260289255455,4.376695139195761,4.376695139195761
epabca,vq_ctw,15,linear,512.0,5.0,2015.0,0.987230852594556,0.12828609079481393,4.523764214716026,4.523764214716026
epabca,vq_ctw,15,nearest,512.0,5.0,385.0,0.9999999999998016,0.029354013719168428,3.860579223461421,3.860579223461421
epabca,vq_ctw,15,linear,1024.0,5.0,2015.0,0.9967279657275028,0.036911462376188156,4.842417133668025,4.842417133668025
epabca,vq_ctw,15,nearest,1024.0,5.0,385.0,0.9956297114269773,0.04989997739084207,3.9047140915300926,3.9047140915300926
epemva,direct_ctw,15,linear,,5.0,2015.0,0.8761672603424566,1.0754747156960924,1.6113909868196719,1.7764686828761065
epemva,direct_ctw,15,nearest,,5.0,591.0,0.8425628426468063,0.9282742792457712,1.4269801387924255,1.6316828148588167
epemva,markov_order_1,15,linear,,5.0,2015.0,0.8385985479683362,1.3352172261652033,1.6113909868196719,1.7764686828761065
epemva,markov_order_1,15,nearest,,5.0,591.0,0.7377482949610096,1.3615789870307942,1.4269801387924255,1.6316828148588167
epemva,markov_order_2,15,linear,,5.0,2015.0,0.8271279356552265,1.4113734946710044,1.6113909868196719,1.7764686828761065
epemva,markov_order_2,15,nearest,,5.0,591.0,0.7341023702998046,1.3659178317854372,1.4269801387924255,1.6316828148588167
epemva,vq_ctw,15,linear,256.0,5.0,2015.0,0.9999999999980905,0.025385045819013068,3.808948206913214,3.808948206913214
epemva,vq_ctw,15,nearest,256.0,5.0,591.0,0.9773467151783783,0.25443515032418035,4.379848053935621,4.379848053935621
epemva,vq_ctw,15,linear,512.0,5.0,2015.0,0.9933941841290244,0.07054989511547946,3.8622589687337356,3.8622589687337356
epemva,vq_ctw,15,nearest,512.0,5.0,591.0,0.9920167625629928,0.10875831250120219,4.306578329021655,4.306578329021655
epemva,vq_ctw,15,linear,1024.0,5.0,2015.0,1.0,0.0,4.1378341122130475,4.1378341122130475
epemva,vq_ctw,15,nearest,1024.0,5.0,591.0,0.9888475225098539,0.11341680020306338,4.331574348180793,4.331574348180793
epkiap,direct_ctw,15,linear,,5.0,2015.0,0.8663611079675269,1.241461307944577,1.6555650034703102,1.819366435606977
epkiap,direct_ctw,15,nearest,,5.0,241.0,0.8249517885411636,1.0281710918624654,1.6989748537377365,1.884856156788916
epkiap,markov_order_1,15,linear,,5.0,2015.0,0.8138319546117689,1.6324911182198176,1.6555650034703102,1.819366435606977
epkiap,markov_order_1,15,nearest,,5.0,241.0,0.6605706081282385,1.6256073241853901,1.6989748537377365,1.884856156788916
epkiap,markov_order_2,15,linear,,5.0,2015.0,0.789315018569472,1.8055680996285872,1.6555650034703102,1.819366435606977
epkiap,markov_order_2,15,nearest,,5.0,241.0,0.6737436118290214,1.5892967290722162,1.6989748537377365,1.884856156788916
epkiap,vq_ctw,15,linear,256.0,5.0,2015.0,0.9932371287422169,0.06919037137355653,4.756847177177782,4.756847177177782
epkiap,vq_ctw,15,nearest,256.0,5.0,241.0,0.9650422279500726,0.24401123513636302,4.626464835989028,4.626464835989028
epkiap,vq_ctw,15,linear,512.0,5.0,2015.0,0.9811674223009885,0.191332394724207,4.423638143944229,4.423638143944229
epkiap,vq_ctw,15,nearest,512.0,5.0,241.0,0.999999999999081,0.11337269117245771,4.629855126664903,4.629855126664903
epkiap,vq_ctw,15,linear,1024.0,5.0,2015.0,0.9930510703988291,0.07370496370727107,4.699214126698795,4.699214126698795
epkiap,vq_ctw,15,nearest,1024.0,5.0,241.0,0.9909259177647421,0.07113920440485563,5.008824359096038,5.008824359096038
equioc,direct_ctw,15,linear,,5.0,2015.0,0.8668442263144183,1.2840480189019745,1.5266205477680492,1.6941723348673245
equioc,direct_ctw,15,nearest,,5.0,124.0,0.8659594587910072,0.8771389465819511,1.5438713355003717,1.746106202036406
equioc,markov_order_1,15,linear,,5.0,2015.0,0.8076086857466394,1.7438822226133044,1.5266205477680492,1.6941723348673245
equioc,markov_order_1,15,nearest,,5.0,124.0,0.7518901199964846,1.3850708011279549,1.5438713355003717,1.746106202036406
equioc,markov_order_2,15,linear,,5.0,2015.0,0.7764894780988397,1.971765685318856,1.5266205477680492,1.6941723348673245
equioc,markov_order_2,15,nearest,,5.0,124.0,0.7376976131875526,1.4413759638090589,1.5438713355003717,1.746106202036406
equioc,vq_ctw,15,linear,256.0,5.0,2015.0,0.9915445559735591,0.08377184437946565,5.141612285664418,5.141612285664418
equioc,vq_ctw,15,nearest,256.0,5.0,124.0,0.9571388408108462,0.3883791221857729,6.96576750231174,6.96576750231174
equioc,vq_ctw,15,linear,512.0,5.0,2015.0,0.9776840956610154,0.2249930835956875,4.695479277379719,4.695479277379719
equioc,vq_ctw,15,nearest,512.0,5.0,124.0,0.9910411906667157,0.14770133642469988,7.346179901347734,7.346179901347734
equioc,vq_ctw,15,linear,1024.0,5.0,2015.0,0.9921260568652704,0.08669731644610625,5.176697847788666,5.176697847788666
equioc,vq_ctw,15,nearest,1024.0,5.0,124.0,0.9916047722751885,0.1134165829147087,7.088204443871354,7.088204443871354
equoaw,direct_ctw,15,linear,,5.0,2015.0,0.90106319717517,0.9250645338408497,1.6710955598526982,1.8330263611414543
equoaw,direct_ctw,15,nearest,,5.0,375.0,0.8530992609126571,0.8621060287207825,1.5178583824144443,1.7310484004490962
equoaw,markov_order_1,15,linear,,5.0,2015.0,0.8599665756621184,1.234621424631809,1.6710955598526982,1.8330263611414543
equoaw,markov_order_1,15,nearest,,5.0,375.0,0.7484040494828639,1.2584079889214745,1.5178583824144443,1.7310484004490962
equoaw,markov_order_2,15,linear,,5.0,2015.0,0.8442134212812045,1.3475842119816255,1.6710955598526982,1.8330263611414543
equoaw,markov_order_2,15,nearest,,5.0,375.0,0.7448905790960175,1.2781553391791054,1.5178583824144443,1.7310484004490962
equoaw,vq_ctw,15,linear,256.0,5.0,2015.0,0.9999999999980905,0.017980474324615192,4.559024336091204,4.559024336091204
equoaw,vq_ctw,15,nearest,256.0,5.0,375.0,0.9900856937083923,0.17887916748394542,3.876323246667362,3.876323246667362
equoaw,vq_ctw,15,linear,512.0,5.0,2015.0,0.9944197956200812,0.060958870187189505,4.448307845032039,4.448307845032039
equoaw,vq_ctw,15,nearest,512.0,5.0,375.0,0.9999999999994398,0.05308242983700791,3.825601765178463,3.825601765178463
equoaw,vq_ctw,15,linear,1024.0,5.0,2015.0,0.9999999999980905,0.011405739845921825,4.312101435556817,4.312101435556817
equoaw,vq_ctw,15,nearest,1024.0,5.0,375.0,0.9944673427993054,0.07144078854291683,3.8379441799923524,3.8379441799923524
erjboy,direct_ctw,15,linear,,5.0,2015.0,0.8780145522315876,1.1607390586635296,1.6759375222620396,1.8287989611815774
erjboy,direct_ctw,15,nearest,,5.0,122.0,0.8489747933948639,0.925598892363153,1.6192815256223063,1.7801619178600325
erjboy,markov_order_1,15,linear,,5.0,2015.0,0.8247583479381191,1.5684201582384938,1.6759375222620396,1.8287989611815774
erjboy,markov_order_1,15,nearest,,5.0,122.0,0.7248185031821455,1.4333398097603682,1.6192815256223063,1.7801619178600325
erjboy,markov_order_2,15,linear,,5.0,2015.0,0.8033963093760874,1.723519220490745,1.6759375222620396,1.8287989611815774
erjboy,markov_order_2,15,nearest,,5.0,122.0,0.6994568382006073,1.5217512107671867,1.6192815256223063,1.7801619178600325
erjboy,vq_ctw,15,linear,256.0,5.0,2015.0,0.990832536000126,0.08975209357563446,4.423522770260889,4.423522770260889
erjboy,vq_ctw,15,nearest,256.0,5.0,122.0,0.9479423337301716,0.3554188199477062,6.5055729679097,6.5055729679097
erjboy,vq_ctw,15,linear,512.0,5.0,2015.0,0.9825663770015479,0.17572018615855475,4.302984056401574,4.302984056401574
erjboy,vq_ctw,15,nearest,512.0,5.0,122.0,0.9999999999980905,0.2839507042804003,6.427306789607209,6.427306789607209
erjboy,vq_ctw,15,linear,1024.0,5.0,2015.0,0.9917516386184785,0.08809525060532462,4.571003331848512,4.571003331848512
erjboy,vq_ctw,15,nearest,1024.0,5.0,122.0,0.9536712492051332,0.2998931073540613,5.8062272362217495,5.8062272362217495
erjcre,direct_ctw,15,linear,,5.0,2009.0,0.8685603464538776,1.1197193833143957,1.740231669769232,1.909691374852442
erjcre,direct_ctw,15,nearest,,5.0,125.0,0.8612240120924303,0.9480423584477164,1.559340055956091,1.7215002906727954
erjcre,markov_order_1,15,linear,,5.0,2009.0,0.8247131574892463,1.4142629031227927,1.740231669769232,1.909691374852442
erjcre,markov_order_1,15,nearest,,5.0,125.0,0.6913464778401787,1.7095240803389484,1.559340055956091,1.7215002906727954
erjcre,markov_order_2,15,linear,,5.0,2009.0,0.8122306073485683,1.4944125799389358,1.740231669769232,1.909691374852442
erjcre,markov_order_2,15,nearest,,5.0,125.0,0.6694533367963844,1.7925835955913272,1.559340055956091,1.7215002906727954
erjcre,vq_ctw,15,linear,256.0,5.0,2009.0,0.9999999999980905,0.050675527400983016,4.875895980269944,4.875895980269944
erjcre,vq_ctw,15,nearest,256.0,5.0,125.0,0.9742542609859786,0.2683827414187416,5.083581812059633,5.083581812059633
erjcre,vq_ctw,15,linear,512.0,5.0,2009.0,0.988161377564144,0.11151318014052551,5.089020997048896,5.089020997048896
erjcre,vq_ctw,15,nearest,512.0,5.0,125.0,0.9999999999980905,0.17193382687236294,5.741524381262852,5.741524381262852
erjcre,vq_ctw,15,linear,1024.0,5.0,2009.0,0.9999999999980905,0.028843457568098214,5.104612084501,5.104612084501
erjcre,vq_ctw,15,nearest,1024.0,5.0,125.0,0.9837192477759891,0.11195177661069985,6.1478258192214685,6.1478258192214685
erjtai,direct_ctw,15,linear,,5.0,2015.0,0.8631615565966071,1.247349983842862,1.6606025993174784,1.8357728856085151
erjtai,direct_ctw,15,nearest,,5.0,107.0,0.8453258010035081,0.9684791386776571,1.5525761303659154,1.764027441047115
erjtai,markov_order_1,15,linear,,5.0,2015.0,0.7948392859828816,1.7388313922775247,1.6606025993174784,1.8357728856085151
erjtai,markov_order_1,15,nearest,,5.0,107.0,0.7093932600704046,1.535573691667686,1.5525761303659154,1.764027441047115
erjtai,markov_order_2,15,linear,,5.0,2015.0,0.7672446968494226,1.9248883879704595,1.6606025993174784,1.8357728856085151
erjtai,markov_order_2,15,nearest,,5.0,107.0,0.6970755743700986,1.5865065955242426,1.5525761303659154,1.764027441047115
erjtai,vq_ctw,15,linear,256.0,5.0,2015.0,0.9999999999980905,0.07564460917760217,6.340467402350104,6.340467402350104
erjtai,vq_ctw,15,nearest,256.0,5.0,107.0,0.967219714662997,0.2932440038275746,4.293488449017013,4.293488449017013
erjtai,vq_ctw,15,linear,512.0,5.0,2015.0,0.961291294660428,0.3450090744877662,5.858449735701448,5.858449735701448
erjtai,vq_ctw,15,nearest,512.0,5.0,107.0,1.0,0.0,4.499628235396018,4.499628235396018
erjtai,vq_ctw,15,linear,1024.0,5.0,2015.0,0.9949017274474606,0.05126204428085666,6.8022544444022435,6.8022544444022435
erjtai,vq_ctw,15,nearest,1024.0,5.0,107.0,1.0,0.0,4.644349191718809,4.644349191718809
erulgh,direct_ctw,15,linear,,5.0,2015.0,0.8760451421832596,1.191129245656944,1.6226229792572904,1.7931709347349774
erulgh,direct_ctw,15,nearest,,5.0,334.0,0.8326549487419516,0.9826122977367739,1.6481784517342821,1.8283519112503985
erulgh,markov_order_1,15,linear,,5.0,2015.0,0.8213422000401746,1.6147151751057542,1.6226229792572904,1.7931709347349774
erulgh,markov_order_1,15,nearest,,5.0,334.0,0.699679394522847,1.4934629439724423,1.6481784517342821,1.8283519112503985
erulgh,markov_order_2,15,linear,,5.0,2015.0,0.7928365752735372,1.8232042647463071,1.6226229792572904,1.7931709347349774
erulgh,markov_order_2,15,nearest,,5.0,334.0,0.7068750707849886,1.466676964136628,1.6481784517342821,1.8283519112503985
erulgh,vq_ctw,15,linear,256.0,5.0,2015.0,0.9919326586668087,0.08047587204941928,4.473565188340006,4.473565188340006
erulgh,vq_ctw,15,nearest,256.0,5.0,334.0,0.9999999999986166,0.190132281646545,3.936395340107079,3.936395340107079
erulgh,vq_ctw,15,linear,512.0,5.0,2015.0,0.9832717372618729,0.17568111627331837,4.236350256869524,4.236350256869524
erulgh,vq_ctw,15,nearest,512.0,5.0,334.0,1.0,0.0,4.015757055552105,4.015757055552105
erulgh,vq_ctw,15,linear,1024.0,5.0,2015.0,0.9922802824575387,0.08522036116069,4.456670587709614,4.456670587709614
erulgh,vq_ctw,15,nearest,1024.0,5.0,334.0,0.9944908640094258,0.06123958480982003,4.032352337351619,4.032352337351619
erwumu,direct_ctw,15,linear,,5.0,2012.0,0.8763577949131762,1.1209131657875384,1.6331102484670459,1.7899712493218483
erwumu,direct_ctw,15,nearest,,5.0,106.0,0.8167158167282339,0.9955227407392201,1.636613293214905,1.8366423267123588
erwumu,markov_order_1,15,linear,,5.0,2012.0,0.8314708260288817,1.446490289418023,1.6331102484670459,1.7899712493218483
erwumu,markov_order_1,15,nearest,,5.0,106.0,0.6651984722337035,1.487106922824085,1.636613293214905,1.8366423267123588
erwumu,markov_order_2,15,linear,,5.0,2012.0,0.8081113962683253,1.6073664109309727,1.6331102484670459,1.7899712493218483
erwumu,markov_order_2,15,nearest,,5.0,106.0,0.6865340812942938,1.4377590066943264,1.636613293214905,1.8366423267123588
erwumu,vq_ctw,15,linear,256.0,5.0,2012.0,0.9949091389416131,0.054176198151388515,4.024899411573525,4.024899411573525
erwumu,vq_ctw,15,nearest,256.0,5.0,106.0,0.999999999998703,0.18382257669493332,4.204888539631717,4.204888539631717
erwumu,vq_ctw,15,linear,512.0,5.0,2012.0,0.9867332903949588,0.13603804248877813,4.046720339791233,4.046720339791233
erwumu,vq_ctw,15,nearest,512.0,5.0,106.0,0.9999999999994236,0.06088614425205257,3.7570931385622566,3.7570931385622566
erwumu,vq_ctw,15,linear,1024.0,5.0,2012.0,0.996484685848289,0.040750530399773256,4.350936139158663,4.350936139158663
erwumu,vq_ctw,15,nearest,1024.0,5.0,106.0,0.9999999999993876,0.061935250175315336,3.895478536799084,3.895478536799084
eryeig,direct_ctw,15,linear,,5.0,2015.0,0.8533428136135836,1.2648241695296203,1.6782089428669806,1.83122967139917
eryeig,direct_ctw,15,nearest,,5.0,138.0,0.8340346437439465,0.9782917909037155,1.721118055324409,1.8567133961264228
eryeig,markov_order_1,15,linear,,5.0,2015.0,0.8058253259508341,1.5884844888187275,1.6782089428669806,1.83122967139917
eryeig,markov_order_1,15,nearest,,5.0,138.0,0.6847731729462063,1.5413958213687213,1.721118055324409,1.8567133961264228
eryeig,markov_order_2,15,linear,,5.0,2015.0,0.7886384587903787,1.7001842551680406,1.6782089428669806,1.83122967139917
eryeig,markov_order_2,15,nearest,,5.0,138.0,0.6742501998168265,1.5787937101984582,1.721118055324409,1.8567133961264228
eryeig,vq_ctw,15,linear,256.0,5.0,2015.0,0.9959087706946861,0.044831495120156474,4.549728566499328,4.549728566499328
eryeig,vq_ctw,15,nearest,256.0,5.0,138.0,0.9608983577170039,0.28849740370048704,4.346052168552739,4.346052168552739
eryeig,vq_ctw,15,linear,512.0,5.0,2015.0,0.9844903610782554,0.15551673919088307,4.184353087227547,4.184353087227547
eryeig,vq_ctw,15,nearest,512.0,5.0,138.0,0.9999999999985888,0.16350268376426222,5.148851755188404,5.148851755188404
eryeig,vq_ctw,15,linear,1024.0,5.0,2015.0,0.9964582797828446,0.04101833078039239,4.658753304609555,4.658753304609555
eryeig,vq_ctw,15,nearest,1024.0,5.0,138.0,0.9737035697273156,0.1822778938613955,5.689945440712815,5.689945440712815
eshria,direct_ctw,15,linear,,5.0,2016.0,0.9019828087467577,0.8790484639152392,1.6959687188262622,1.8374991388634265
eshria,direct_ctw,15,nearest,,5.0,354.0,0.8329065098601615,0.9756905099385773,1.6703565469259412,1.8537959599082712
eshria,markov_order_1,15,linear,,5.0,2016.0,0.8674227715520756,1.127642572825899,1.6959687188262622,1.8374991388634265
eshria,markov_order_1,15,nearest,,5.0,354.0,0.7018002458363234,1.4558227957735737,1.6703565469259412,1.8537959599082712
eshria,markov_order_2,15,linear,,5.0,2016.0,0.8612275828047183,1.1705100012984198,1.6959687188262622,1.8374991388634265
eshria,markov_order_2,15,nearest,,5.0,354.0,0.7081464454026822,1.4443733224376525,1.6703565469259412,1.8537959599082712
eshria,vq_ctw,15,linear,256.0,5.0,2016.0,0.9969903553855212,0.0325544620034173,3.494940945961372,3.494940945961372
eshria,vq_ctw,15,nearest,256.0,5.0,354.0,0.9830755108565113,0.14511419857774283,3.8567619653804734,3.8567619653804734
eshria,vq_ctw,15,linear,512.0,5.0,2016.0,0.9916245129415246,0.08926741311698252,3.492401666922614,3.492401666922614
eshria,vq_ctw,15,nearest,512.0,5.0,354.0,0.9999999999991316,0.07919327602033516,4.078320740693147,4.078320740693147
eshria,vq_ctw,15,linear,1024.0,5.0,2016.0,0.9972276546749587,0.030316623723821184,3.6077415684021323,3.6077415684021323
eshria,vq_ctw,15,nearest,1024.0,5.0,354.0,0.9861141676012246,0.11774467799530505,3.906578288233192,3.906578288233192
eshroa,direct_ctw,15,linear,,5.0,2015.0,0.8733801327463688,1.2125866286324358,1.6112604693616632,1.7825806828924355
eshroa,direct_ctw,15,nearest,,5.0,150.0,0.8333116603143211,0.9319030594381136,1.6022080136786758,1.7866580915282309
eshroa,markov_order_1,15,linear,,5.0,2015.0,0.829487589885753,1.5537123833268507,1.6112604693616632,1.7825806828924355
eshroa,markov_order_1,15,nearest,,5.0,150.0,0.719129153836934,1.3283705606378793,1.6022080136786758,1.7866580915282309
eshroa,markov_order_2,15,linear,,5.0,2015.0,0.80221122159795,1.7554647185020438,1.6112604693616632,1.7825806828924355
eshroa,markov_order_2,15,nearest,,5.0,150.0,0.7283816111719634,1.2996845199696347,1.6022080136786758,1.7866580915282309
eshroa,vq_ctw,15,linear,256.0,5.0,2015.0,0.9962067407749681,0.04198100178347104,3.814948038632262,3.814948038632262
eshroa,vq_ctw,15,nearest,256.0,5.0,150.0,0.9567553048075087,0.33042366893113734,4.806831483426198,4.806831483426198
eshroa,vq_ctw,15,linear,512.0,5.0,2015.0,0.9935134750257155,0.07703571775988367,3.9409293953374602,3.9409293953374602
eshroa,vq_ctw,15,nearest,512.0,5.0,150.0,0.9921713919954122,0.17001777107865354,4.555789046839805,4.555789046839805
eshroa,vq_ctw,15,linear,1024.0,5.0,2015.0,0.9955216655206734,0.05034669812044174,3.811443729725388,3.811443729725388
eshroa,vq_ctw,15,nearest,1024.0,5.0,150.0,0.9883239052759781,0.12927546925331665,4.619520081558451,4.619520081558451
esnddc,direct_ctw,15,linear,,5.0,2015.0,0.896627611494412,0.9654912341715817,1.5094103658387514,1.6979539046008822
esnddc,direct_ctw,15,nearest,,5.0,239.0,0.8489486449656587,0.898580613470941,1.6086961524263292,1.7699019279612016
esnddc,markov_order_1,15,linear,,5.0,2015.0,0.8609185493252938,1.2355721243667683,1.5094103658387514,1.6979539046008822
esnddc,markov_order_1,15,nearest,,5.0,239.0,0.7420918863002731,1.3132779670291796,1.6086961524263292,1.7699019279612016
esnddc,markov_order_2,15,linear,,5.0,2015.0,0.8459581283670916,1.3439278686149054,1.5094103658387514,1.6979539046008822
esnddc,markov_order_2,15,nearest,,5.0,239.0,0.7440051482045413,1.3130239094974563,1.6086961524263292,1.7699019279612016
esnddc,vq_ctw,15,linear,256.0,5.0,2015.0,0.997991821509372,0.022895528655996557,3.9392910698470267,3.9392910698470267
esnddc,vq_ctw,15,nearest,256.0,5.0,239.0,0.9884437027918089,0.10486657158275198,3.6160353746372014,3.6160353746372014
esnddc,vq_ctw,15,linear,512.0,5.0,2015.0,0.9940087599815467,0.06833762205128202,3.7959133233283184,3.7959133233283184
esnddc,vq_ctw,15,nearest,512.0,5.0,239.0,0.9999999999997284,0.05426011518202688,4.225425705722122,4.225425705722122
esnddc,vq_ctw,15,linear,1024.0,5.0,2015.0,0.9963840938861799,0.0402684412154347,3.8469860054690703,3.8469860054690703
esnddc,vq_ctw,15,nearest,1024.0,5.0,239.0,0.9920109087465117,0.05237451462579256,4.357527950047155,4.357527950047155
esudce,direct_ctw,15,linear,,5.0,2015.0,0.8920797615711652,1.0124216106661896,1.6561977805952695,1.825325837793548
esudce,direct_ctw,15,nearest,,5.0,70.0,0.8545916607296986,0.8286751378184716,1.5572060941104193,1.7039990165129448
esudce,markov_order_1,15,linear,,5.0,2015.0,0.8420487550313263,1.38871337067164,1.6561977805952695,1.825325837793548
esudce,markov_order_1,15,nearest,,5.0,70.0,0.7614758255786488,1.1706137558224123,1.5572060941104193,1.7039990165129448
esudce,markov_order_2,15,linear,,5.0,2015.0,0.8244199951289253,1.5143870499842333,1.6561977805952695,1.825325837793548
esudce,markov_order_2,15,nearest,,5.0,70.0,0.7417379323720886,1.2334478818065768,1.5572060941104193,1.7039990165129448
esudce,vq_ctw,15,linear,256.0,5.0,2015.0,0.9856126991498351,0.12303051272306131,4.5455935792900455,4.5455935792900455
esudce,vq_ctw,15,nearest,256.0,5.0,70.0,0.9999999999989634,0.10885825279491687,3.150381256247254,3.150381256247254
esudce,vq_ctw,15,linear,512.0,5.0,2015.0,0.9792878250290833,0.21107678638212185,4.305954443833667,4.305954443833667
esudce,vq_ctw,15,nearest,512.0,5.0,70.0,1.0,0.0,2.9967979744913262,2.9967979744913262
esudce,vq_ctw,15,linear,1024.0,5.0,2015.0,0.9835274196511243,0.1540933527852565,4.523756144472805,4.523756144472805
esudce,vq_ctw,15,nearest,1024.0,5.0,70.0,1.0,0.0,3.13744648827251,3.13744648827251
etalra,direct_ctw,15,linear,,5.0,2011.0,0.8345757051131516,1.5759391083454608,1.6330459143398985,1.791450523949069
etalra,markov_order_1,15,linear,,5.0,2011.0,0.7404626306083366,2.28327447666528,1.6330459143398985,1.791450523949069
etalra,markov_order_2,15,linear,,5.0,2011.0,0.6955821021979953,2.5958426142115334,1.6330459143398985,1.791450523949069
etalra,vq_ctw,15,linear,256.0,5.0,2011.0,0.977808771275658,0.18874520697928202,6.169663044957794,6.169663044957794
etalra,vq_ctw,15,linear,512.0,5.0,2011.0,0.9457571048105999,0.48434510942498926,5.530506213336514,5.530506213336514
etalra,vq_ctw,15,linear,1024.0,5.0,2011.0,0.9789432081442526,0.18944729446469008,6.3881236173185805,6.3881236173185805
etirnf,direct_ctw,15,linear,,5.0,317.0,0.9107838922928718,0.8128314188971252,1.613876058001523,1.7528413741705249
etirnf,markov_order_1,15,linear,,5.0,317.0,0.8056836060416824,1.5358561508982957,1.613876058001523,1.7528413741705249
etirnf,markov_order_2,15,linear,,5.0,317.0,0.7749001285696027,1.7255789226774008,1.613876058001523,1.7528413741705249
etirnf,vq_ctw,15,linear,256.0,5.0,317.0,0.993044965142795,0.07087427712970919,5.487291783095144,5.487291783095144
etirnf,vq_ctw,15,linear,512.0,5.0,317.0,0.9852604750475918,0.14888598674786566,5.087344676653021,5.087344676653021
etirnf,vq_ctw,15,linear,1024.0,5.0,317.0,0.9928947986181049,0.0751337124376379,4.961033617425169,4.961033617425169
etnads,direct_ctw,15,linear,,5.0,2014.0,0.8633866097654399,1.2097133395409891,1.669161328653275,1.8405904709387635
etnads,direct_ctw,15,nearest,,5.0,404.0,0.8475793209661091,0.9180224898830499,1.652915884821756,1.8464435595248396
etnads,markov_order_1,15,linear,,5.0,2014.0,0.822386635001104,1.499638968845223,1.669161328653275,1.8405904709387635
etnads,markov_order_1,15,nearest,,5.0,404.0,0.7305217697175891,1.346975594965805,1.652915884821756,1.8464435595248396
etnads,markov_order_2,15,linear,,5.0,2014.0,0.8014133682293842,1.6413000955084047,1.669161328653275,1.8405904709387635
etnads,markov_order_2,15,nearest,,5.0,404.0,0.7384677314022983,1.328555713220993,1.652915884821756,1.8464435595248396
etnads,vq_ctw,15,linear,256.0,5.0,2014.0,0.9970572656592658,0.031926305188750885,4.108432103176204,4.108432103176204
etnads,vq_ctw,15,nearest,256.0,5.0,404.0,0.9953482540421948,0.17984007975459018,4.240029455315722,4.240029455315722
etnads,vq_ctw,15,linear,512.0,5.0,2014.0,0.9901408302093133,0.10534365456507656,3.9361265148467757,3.9361265148467757
etnads,vq_ctw,15,nearest,512.0,5.0,404.0,0.9999999999998441,0.01453938792414595,3.6641131422806086,3.6641131422806086
etnads,vq_ctw,15,linear,1024.0,5.0,2014.0,0.9988057154104382,0.014512314250719183,4.230327614413939,4.230327614413939
etnads,vq_ctw,15,nearest,1024.0,5.0,404.0,0.9999999999996644,0.029388547835259744,3.7759269029949003,3.7759269029949003
eufdod,direct_ctw,15,linear,,5.0,2007.0,0.8762195227019881,1.1076598208817863,1.7889514955988697,1.9332050437902057
eufdod,direct_ctw,15,nearest,,5.0,171.0,0.8361080805961761,0.9785685073975113,1.7271959844642832,1.9021954073649048
eufdod,markov_order_1,15,linear,,5.0,2007.0,0.8310911300934749,1.4296434727914435,1.7889514955988697,1.9332050437902057
eufdod,markov_order_1,15,nearest,,5.0,171.0,0.7150436899108509,1.4562887571306173,1.7271959844642832,1.9021954073649048
eufdod,markov_order_2,15,linear,,5.0,2007.0,0.8108362582564191,1.567027453256298,1.7889514955988697,1.9332050437902057
eufdod,markov_order_2,15,nearest,,5.0,171.0,0.7125680587275403,1.4647875812235283,1.7271959844642832,1.9021954073649048
eufdod,vq_ctw,15,linear,256.0,5.0,2007.0,0.9999999999980905,0.04340041406798505,5.231572724827905,5.231572724827905
eufdod,vq_ctw,15,nearest,256.0,5.0,171.0,0.9640835514273159,0.2866291438337965,4.518795362182081,4.518795362182081
eufdod,vq_ctw,15,linear,512.0,5.0,2007.0,0.9773287707930197,0.19211990194080383,5.158770263184705,5.158770263184705
eufdod,vq_ctw,15,nearest,512.0,5.0,171.0,0.9999999999995423,0.04009878107683925,5.283151053765587,5.283151053765587
eufdod,vq_ctw,15,linear,1024.0,5.0,2007.0,0.9989006050153902,0.01349064973677946,6.083060450072768,6.083060450072768
eufdod,vq_ctw,15,nearest,1024.0,5.0,171.0,0.9999999999991513,0.07850302932482904,5.2253606765875,5.2253606765875
evbacc,direct_ctw,15,linear,,5.0,1999.0,0.847476940630473,1.2860481021126655,1.646233735176076,1.8074591892826013
evbacc,direct_ctw,15,nearest,,5.0,151.0,0.8196229655817328,1.0414087703839536,1.6515540850061987,1.8436498881255012
evbacc,markov_order_1,15,linear,,5.0,1999.0,0.7993271945736904,1.6046903262065915,1.646233735176076,1.8074591892826013
evbacc,markov_order_1,15,nearest,,5.0,151.0,0.6766163994869177,1.5489543993173531,1.6515540850061987,1.8436498881255012
evbacc,markov_order_2,15,linear,,5.0,1999.0,0.7845743657084079,1.6979442088321717,1.646233735176076,1.8074591892826013
evbacc,markov_order_2,15,nearest,,5.0,151.0,0.6612653204715446,1.6026794658062224,1.6515540850061987,1.8436498881255012
evbacc,vq_ctw,15,linear,256.0,5.0,1999.0,0.9999999999980904,0.05976383265614073,4.551513514728213,4.551513514728213
evbacc,vq_ctw,15,nearest,256.0,5.0,151.0,0.9843754904141152,0.266658244398309,4.366461588191051,4.366461588191051
evbacc,vq_ctw,15,linear,512.0,5.0,1999.0,0.980308406927128,0.1854278720347125,4.21318092813848,4.21318092813848
evbacc,vq_ctw,15,nearest,512.0,5.0,151.0,0.9999999999994943,0.045157036652352565,3.952947385298418,3.952947385298418
evbacc,vq_ctw,15,linear,1024.0,5.0,1999.0,0.995985785178081,0.04174968860020034,4.729552466106646,4.729552466106646
evbacc,vq_ctw,15,nearest,1024.0,5.0,151.0,1.0,0.0,4.104777639358052,4.104777639358052
evdyff,direct_ctw,15,linear,,5.0,2015.0,0.8669096865916737,1.2539198157916598,1.6505834343761006,1.8131455007421196
evdyff,direct_ctw,15,nearest,,5.0,327.0,0.8331462802516828,0.9939635174069573,1.6386370597075728,1.8226366040287756
evdyff,markov_order_1,15,linear,,5.0,2015.0,0.8079753739287505,1.6984405749358955,1.6505834343761006,1.8131455007421196
evdyff,markov_order_1,15,nearest,,5.0,327.0,0.6833491815926489,1.5696434496561606,1.6386370597075728,1.8226366040287756
evdyff,markov_order_2,15,linear,,5.0,2015.0,0.7798071248393033,1.8989001813357038,1.6505834343761006,1.8131455007421196
evdyff,markov_order_2,15,nearest,,5.0,327.0,0.681522987466989,1.5762067717830437,1.6386370597075728,1.8226366040287756
evdyff,vq_ctw,15,linear,256.0,5.0,2015.0,0.9976787924960314,0.027336606903344482,4.686021412666998,4.686021412666998
evdyff,vq_ctw,15,nearest,256.0,5.0,327.0,0.9660518126176556,0.3036667478020014,4.677997911215824,4.677997911215824
evdyff,vq_ctw,15,linear,512.0,5.0,2015.0,0.9890794914380645,0.11506467414523808,4.341833213142717,4.341833213142717
evdyff,vq_ctw,15,nearest,512.0,5.0,327.0,0.9958625820896168,0.13151197637595613,4.803480493215671,4.803480493215671
evdyff,vq_ctw,15,linear,1024.0,5.0,2015.0,0.9973037229346177,0.03315744557408618,4.566986308199892,4.566986308199892
evdyff,vq_ctw,15,nearest,1024.0,5.0,327.0,0.997266351705945,0.07915732933605411,5.108413903198672,5.108413903198672
evfler,direct_ctw,15,linear,,5.0,1907.0,0.8929510498120508,1.0400343860672743,1.6455046723526503,1.7880175940707081
evfler,markov_order_1,15,linear,,5.0,1907.0,0.8284382020640604,1.5412540878886882,1.6455046723526503,1.7880175940707081
evfler,markov_order_2,15,linear,,5.0,1907.0,0.8099121531989282,1.6766695567286436,1.6455046723526503,1.7880175940707081
evfler,vq_ctw,15,linear,256.0,5.0,1907.0,0.984611172460913,0.13909149207994864,5.0075712101215775,5.0075712101215775
evfler,vq_ctw,15,linear,512.0,5.0,1907.0,0.9698629782642154,0.2951915695489976,4.860341512597999,4.860341512597999
evfler,vq_ctw,15,linear,1024.0,5.0,1907.0,0.9841846884509643,0.1488815518478389,5.138704329547301,5.138704329547301
evijce,direct_ctw,15,linear,,5.0,2004.0,0.9257198218975317,0.7627012087838955,1.7271817577107706,1.8671498680414524
evijce,markov_order_1,15,linear,,5.0,2004.0,0.8701280831002678,1.223236629746357,1.7271817577107706,1.8671498680414524
evijce,markov_order_2,15,linear,,5.0,2004.0,0.8518428382805963,1.3651493358682256,1.7271817577107706,1.8671498680414524
evijce,vq_ctw,15,linear,256.0,5.0,2004.0,0.9893768213504917,0.10173401694257155,5.413512418030684,5.413512418030684
evijce,vq_ctw,15,linear,512.0,5.0,2004.0,0.9711616386766435,0.26949193667384896,5.3524556772035226,5.3524556772035226
evijce,vq_ctw,15,linear,1024.0,5.0,2004.0,0.989801724076572,0.10578439512578369,5.623870577277373,5.623870577277373
evjoko,direct_ctw,15,linear,,5.0,2015.0,0.8701052124080761,1.1945290805928173,1.6210533426359892,1.7908428952490363
evjoko,direct_ctw,15,nearest,,5.0,234.0,0.8543079634103902,0.9129737416618562,1.725044689896149,1.9235330530059556
evjoko,markov_order_1,15,linear,,5.0,2015.0,0.8245116245809971,1.5312094181519864,1.6210533426359892,1.7908428952490363
evjoko,markov_order_1,15,nearest,,5.0,234.0,0.6933490635428299,1.5383932591100715,1.725044689896149,1.9235330530059556
evjoko,markov_order_2,15,linear,,5.0,2015.0,0.8026437980873511,1.6850141726431913,1.6210533426359892,1.7908428952490363
evjoko,markov_order_2,15,nearest,,5.0,234.0,0.6955876953257404,1.5316170487069416,1.725044689896149,1.9235330530059556
evjoko,vq_ctw,15,linear,256.0,5.0,2015.0,0.9999999999980905,0.022432208997516648,4.254943511018628,4.254943511018628
evjoko,vq_ctw,15,nearest,256.0,5.0,234.0,0.9612117914128506,0.33149346516026224,4.422435348190475,4.422435348190475
evjoko,vq_ctw,15,linear,512.0,5.0,2015.0,0.9923215686275556,0.07714579260479683,4.182487690640136,4.182487690640136
evjoko,vq_ctw,15,nearest,512.0,5.0,234.0,0.9999999999990616,0.09032798686223115,4.772396741493646,4.772396741493646
evjoko,vq_ctw,15,linear,1024.0,5.0,2015.0,0.9999999999980905,0.011405739845922067,4.354050751866485,4.354050751866485
evjoko,vq_ctw,15,nearest,1024.0,5.0,234.0,0.9961621198616484,0.03033235967429477,4.842220140719134,4.842220140719134
evmaja,direct_ctw,15,linear,,5.0,2015.0,0.9441992896309086,0.5758707655109423,1.8711194748251385,2.008381083589046
evmaja,direct_ctw,15,nearest,,5.0,32.0,0.8500460853094685,0.997350210438356,1.6602207709473744,1.8418264176503907
evmaja,markov_order_1,15,linear,,5.0,2015.0,0.9079627577294586,0.8808602899984582,1.8711194748251385,2.008381083589046
evmaja,markov_order_1,15,nearest,,5.0,32.0,0.5763426321789958,2.0782558282161734,1.6602207709473744,1.8418264176503907
evmaja,markov_order_2,15,linear,,5.0,2015.0,0.9030551400638739,0.9201974329319863,1.8711194748251385,2.008381083589046
evmaja,markov_order_2,15,nearest,,5.0,32.0,0.591103747486886,2.0328987464657526,1.6602207709473744,1.8418264176503907
evmaja,vq_ctw,15,linear,256.0,5.0,2015.0,0.9999999999980905,0.032262501042421274,3.492229179799249,3.492229179799249
evmaja,vq_ctw,15,nearest,256.0,5.0,32.0,0.9481796508180327,0.37621322458807577,5.6396098610355425,5.6396098610355425
evmaja,vq_ctw,15,linear,512.0,5.0,2015.0,0.9902251352895491,0.1067384274717775,3.4053282102922755,3.4053282102922755
evmaja,vq_ctw,15,nearest,512.0,5.0,32.0,0.9999999999980905,0.2021677063765117,6.195332578840586,6.195332578840586
evmaja,vq_ctw,15,linear,1024.0,5.0,2015.0,0.9977751983668944,0.026337555539155136,3.508492121459435,3.508492121459435
evmaja,vq_ctw,15,nearest,1024.0,5.0,32.0,0.9625260066813852,0.2680621768578539,7.473147322795338,7.473147322795338
evtitd,direct_ctw,15,linear,,5.0,2015.0,0.8708247942260501,1.2603950399051933,1.583227020407964,1.7572470503492708
evtitd,direct_ctw,15,nearest,,5.0,378.0,0.8382728633166254,0.972170568851872,1.619860439149422,1.8106233736094446
evtitd,markov_order_1,15,linear,,5.0,2015.0,0.8142751351109008,1.7063942451472494,1.583227020407964,1.7572470503492708
evtitd,markov_order_1,15,nearest,,5.0,378.0,0.6796922476633853,1.5748971477943263,1.619860439149422,1.8106233736094446
evtitd,markov_order_2,15,linear,,5.0,2015.0,0.7826406271482287,1.9419750316964863,1.583227020407964,1.7572470503492708
evtitd,markov_order_2,15,nearest,,5.0,378.0,0.6708698377657156,1.6104693996265966,1.619860439149422,1.8106233736094446
evtitd,vq_ctw,15,linear,256.0,5.0,2015.0,0.9951159957262564,0.052267873972545315,4.4550949892413065,4.4550949892413065
evtitd,vq_ctw,15,nearest,256.0,5.0,378.0,0.9999999999986817,0.15695707269906456,4.143014776725755,4.143014776725755
evtitd,vq_ctw,15,linear,512.0,5.0,2015.0,0.9868439561386635,0.14052356617492143,4.374926430219876,4.374926430219876
evtitd,vq_ctw,15,nearest,512.0,5.0,378.0,0.9999999999996362,0.035207092718699984,4.3783583671112005,4.3783583671112005
evtitd,vq_ctw,15,linear,1024.0,5.0,2015.0,0.9958766839835421,0.04925984771977187,4.639793180160249,4.639793180160249
evtitd,vq_ctw,15,nearest,1024.0,5.0,378.0,0.995301932492391,0.06664353823171155,4.316705306819042,4.316705306819042
ewbglo,direct_ctw,15,linear,,5.0,2014.0,0.8497253029192788,1.3405589299907,1.7615356559418858,1.917887952926437
ewbglo,direct_ctw,15,nearest,,5.0,120.0,0.8444235887604398,0.906441968910457,1.5705548253661974,1.7749309392615866
ewbglo,markov_order_1,15,linear,,5.0,2014.0,0.7769294762396304,1.849407052932428,1.7615356559418858,1.917887952926437
ewbglo,markov_order_1,15,nearest,,5.0,120.0,0.7256764965301988,1.346794322139925,1.5705548253661974,1.7749309392615866
ewbglo,markov_order_2,15,linear,,5.0,2014.0,0.7486041856459027,2.034759040025579,1.7615356559418858,1.917887952926437
ewbglo,markov_order_2,15,nearest,,5.0,120.0,0.7196681446929841,1.3667126889269705,1.5705548253661974,1.7749309392615866
ewbglo,vq_ctw,15,linear,256.0,5.0,2014.0,0.98874644408254,0.1002469230641736,5.9195042497155805,5.9195042497155805
ewbglo,vq_ctw,15,nearest,256.0,5.0,120.0,0.983219969719655,0.23547685469343935,4.178374183048941,4.178374183048941
ewbglo,vq_ctw,15,linear,512.0,5.0,2014.0,0.9596541135097043,0.3481684280750775,5.52411096074162,5.52411096074162
ewbglo,vq_ctw,15,nearest,512.0,5.0,120.0,0.999999999999252,0.05236047273733581,3.686702736537932,3.686702736537932
ewbglo,vq_ctw,15,linear,1024.0,5.0,2014.0,0.9897415071308597,0.09876127625763818,6.279795910121832,6.279795910121832
ewbglo,vq_ctw,15,nearest,1024.0,5.0,120.0,0.994140406677721,0.0497744970215918,3.865446168042021,3.865446168042021
ewedkl,direct_ctw,15,linear,,5.0,2015.0,0.9240004016892887,0.7048368568669239,1.585370768403577,1.7466370236906619
ewedkl,direct_ctw,15,nearest,,5.0,143.0,0.8180726976184508,1.0178921652122634,1.6962484905845725,1.8437029697939606
ewedkl,markov_order_1,15,linear,,5.0,2015.0,0.8903134416315349,0.9563545210730462,1.585370768403577,1.7466370236906619
ewedkl,markov_order_1,15,nearest,,5.0,143.0,0.6478022621144593,1.601291075779866,1.6962484905845725,1.8437029697939606
ewedkl,markov_order_2,15,linear,,5.0,2015.0,0.8895459718761626,0.9618689404220486,1.585370768403577,1.7466370236906619
ewedkl,markov_order_2,15,nearest,,5.0,143.0,0.6618545984417069,1.5704917406065562,1.6962484905845725,1.8437029697939606
ewedkl,vq_ctw,15,linear,256.0,5.0,2015.0,0.9999999999980905,0.011405739845921999,3.5714925990155493,3.5714925990155493
ewedkl,vq_ctw,15,nearest,256.0,5.0,143.0,0.9801825496133526,0.25909949676155464,4.1484888734252205,4.1484888734252205
ewedkl,vq_ctw,15,linear,512.0,5.0,2015.0,0.9970992788138636,0.03153076170576359,3.6270801889638546,3.6270801889638546
ewedkl,vq_ctw,15,nearest,512.0,5.0,143.0,0.9999999999995194,0.07638386029683887,4.095974851612468,4.095974851612468
ewedkl,vq_ctw,15,linear,1024.0,5.0,2015.0,0.9999999999980905,0.006234694673792161,3.466484270642825,3.466484270642825
ewedkl,vq_ctw,15,nearest,1024.0,5.0,143.0,0.9916392386843009,0.061290002604433534,4.522302547508914,4.522302547508914
ewufri,direct_ctw,15,linear,,5.0,2015.0,0.8810480445382947,1.1413134601650816,1.629899857371596,1.78457010540011
ewufri,direct_ctw,15,nearest,,5.0,385.0,0.868883792947249,0.8062793753314227,1.608877069630554,1.8017798333115733
ewufri,markov_order_1,15,linear,,5.0,2015.0,0.8339248012337208,1.5072435792803138,1.629899857371596,1.78457010540011
ewufri,markov_order_1,15,nearest,,5.0,385.0,0.760369606160298,1.2479608511673763,1.608877069630554,1.8017798333115733
ewufri,markov_order_2,15,linear,,5.0,2015.0,0.8095252589549267,1.6872036515307418,1.629899857371596,1.78457010540011
ewufri,markov_order_2,15,nearest,,5.0,385.0,0.7532515077204096,1.276187580662113,1.608877069630554,1.8017798333115733
ewufri,vq_ctw,15,linear,256.0,5.0,2015.0,0.9964338497656248,0.03978575088768815,4.466314358956184,4.466314358956184
ewufri,vq_ctw,15,nearest,256.0,5.0,385.0,0.9793018386882627,0.2861292774992959,4.863171252518859,4.863171252518859
ewufri,vq_ctw,15,linear,512.0,5.0,2015.0,0.9887455717825335,0.11809127459051981,4.126048431673437,4.126048431673437
ewufri,vq_ctw,15,nearest,512.0,5.0,385.0,0.9935596907789772,0.07567855884210258,4.5351641332152,4.5351641332152
ewufri,vq_ctw,15,linear,1024.0,5.0,2015.0,0.9960918049172588,0.04470644542192201,4.47894391533601,4.47894391533601
ewufri,vq_ctw,15,nearest,1024.0,5.0,385.0,0.9903216632154533,0.1044065059037329,4.227655252349847,4.227655252349847
ewvnil,direct_ctw,15,linear,,5.0,2015.0,0.8809729981577786,1.0925175335089183,1.6205968281585004,1.7853027321571517
ewvnil,direct_ctw,15,nearest,,5.0,70.0,0.8446795522419693,0.9400775962618143,1.7370137308265359,1.9256810087598304
ewvnil,markov_order_1,15,linear,,5.0,2015.0,0.8374018316092207,1.4136251233625725,1.6205968281585004,1.7853027321571517
ewvnil,markov_order_1,15,nearest,,5.0,70.0,0.6747132882222898,1.5928742443842265,1.7370137308265359,1.9256810087598304
ewvnil,markov_order_2,15,linear,,5.0,2015.0,0.8193046872323047,1.540781654804796,1.6205968281585004,1.7853027321571517
ewvnil,markov_order_2,15,nearest,,5.0,70.0,0.6711167659790025,1.60435022803786,1.7370137308265359,1.9256810087598304
ewvnil,vq_ctw,15,linear,256.0,5.0,2015.0,0.996908647240077,0.03512695272901227,4.316385018827256,4.316385018827256
ewvnil,vq_ctw,15,nearest,256.0,5.0,70.0,0.9851284537460107,0.1094692786499447,3.4738498482000546,3.4738498482000546
ewvnil,vq_ctw,15,linear,512.0,5.0,2015.0,0.9849412677858105,0.1516413716901604,3.88429192157266,3.88429192157266
ewvnil,vq_ctw,15,nearest,512.0,5.0,70.0,1.0,0.0,3.8879926437671006,3.8879926437671006
ewvnil,vq_ctw,15,linear,1024.0,5.0,2015.0,0.9961045373919742,0.04296240860546263,4.2713705360791385,4.2713705360791385
ewvnil,vq_ctw,15,nearest,1024.0,5.0,70.0,1.0,0.0,4.18065637930987,4.18065637930987
exskaf,direct_ctw,15,linear,,5.0,2015.0,0.852810545896522,1.3387092604947628,1.72104362927484,1.8756237164141745
exskaf,direct_ctw,15,nearest,,5.0,139.0,0.8560880542262505,0.8820273295869803,1.7643056209739887,1.9267193258513595
exskaf,markov_order_1,15,linear,,5.0,2015.0,0.7934330603160149,1.7677038165403152,1.72104362927484,1.8756237164141745
exskaf,markov_order_1,15,nearest,,5.0,139.0,0.752330919596944,1.3025316506461155,1.7643056209739887,1.9267193258513595
exskaf,markov_order_2,15,linear,,5.0,2015.0,0.7630135387584429,1.9749251577473643,1.72104362927484,1.8756237164141745
exskaf,markov_order_2,15,nearest,,5.0,139.0,0.7370925713242014,1.3541386367870847,1.7643056209739887,1.9267193258513595
exskaf,vq_ctw,15,linear,256.0,5.0,2015.0,0.9912512606523884,0.08112771449408014,5.055174684704042,5.055174684704042
exskaf,vq_ctw,15,nearest,256.0,5.0,139.0,0.9614720308139783,0.27086528548583794,4.071841676557199,4.071841676557199
exskaf,vq_ctw,15,linear,512.0,5.0,2015.0,0.9785748892163134,0.20951695044341204,4.478873882778929,4.478873882778929
exskaf,vq_ctw,15,nearest,512.0,5.0,139.0,0.9999999999980904,0.17728554088666235,4.338667670111901,4.338667670111901
exskaf,vq_ctw,15,linear,1024.0,5.0,2015.0,0.9913602144796818,0.08891405020900715,4.995720790515925,4.995720790515925
exskaf,vq_ctw,15,nearest,1024.0,5.0,139.0,0.9999999999994916,0.07929521237534871,4.585208934842475,4.585208934842475
eybmij,direct_ctw,15,linear,,5.0,2015.0,0.8629186225291068,1.2796730479380798,1.6145537445012934,1.7734831423461308
eybmij,direct_ctw,15,nearest,,5.0,186.0,0.8373660411173866,1.020414515246491,1.6425321938689086,1.807579080202932
eybmij,markov_order_1,15,linear,,5.0,2015.0,0.8107148587290036,1.670870693841982,1.6145537445012934,1.7734831423461308
eybmij,markov_order_1,15,nearest,,5.0,186.0,0.6773736195592043,1.6666838851727928,1.6425321938689086,1.807579080202932
eybmij,markov_order_2,15,linear,,5.0,2015.0,0.7821728916309253,1.8734768598514597,1.6145537445012934,1.7734831423461308
eybmij,markov_order_2,15,nearest,,5.0,186.0,0.6577493830885016,1.733669791571442,1.6425321938689086,1.807579080202932
eybmij,vq_ctw,15,linear,256.0,5.0,2015.0,0.9917068780622855,0.08239654267661037,4.662845944924509,4.662845944924509
eybmij,vq_ctw,15,nearest,256.0,5.0,186.0,0.980841195549989,0.2557202260198693,4.304747972190816,4.304747972190816
eybmij,vq_ctw,15,linear,512.0,5.0,2015.0,0.9783463113698855,0.20660146187981918,4.236804335663701,4.236804335663701
eybmij,vq_ctw,15,nearest,512.0,5.0,186.0,0.9999999999984396,0.12959259518150604,4.431841509307535,4.431841509307535
eybmij,vq_ctw,15,linear,1024.0,5.0,2015.0,0.9925659598365354,0.07812400822119962,4.628103323402101,4.628103323402101
eybmij,vq_ctw,15,nearest,1024.0,5.0,186.0,0.9952866540225219,0.12481155452414694,4.7645634390491,4.7645634390491
eybyay,direct_ctw,15,linear,,5.0,2013.0,0.842841616016127,1.4132598787074668,1.7141412045082352,1.8709328295812995
eybyay,direct_ctw,15,nearest,,5.0,151.0,0.8312429371065487,1.002117242431438,1.806418986773029,1.9894225418220757
eybyay,markov_order_1,15,linear,,5.0,2013.0,0.7787833458563791,1.8684661341479014,1.7141412045082352,1.8709328295812995
eybyay,markov_order_1,15,nearest,,5.0,151.0,0.6888027136396875,1.5327609758578795,1.806418986773029,1.9894225418220757
eybyay,markov_order_2,15,linear,,5.0,2013.0,0.7491742477572663,2.066713050648732,1.7141412045082352,1.8709328295812995
eybyay,markov_order_2,15,nearest,,5.0,151.0,0.6928116975391485,1.5255917452839107,1.806418986773029,1.9894225418220757
eybyay,vq_ctw,15,linear,256.0,5.0,2013.0,0.984050759782745,0.1433272001945653,5.603975103666071,5.603975103666071
eybyay,vq_ctw,15,nearest,256.0,5.0,151.0,0.999999999998963,0.11064114905437762,3.646781905969443,3.646781905969443
eybyay,vq_ctw,15,linear,512.0,5.0,2013.0,0.9681309753059127,0.2992870954337056,5.5003075838779525,5.5003075838779525
eybyay,vq_ctw,15,nearest,512.0,5.0,151.0,0.9999999999994437,0.04591875646978331,4.369949217960098,4.369949217960098
eybyay,vq_ctw,15,linear,1024.0,5.0,2013.0,0.9911751417084087,0.09054764924483896,6.260489006915135,6.260489006915135
eybyay,vq_ctw,15,nearest,1024.0,5.0,151.0,0.9941906047325301,0.04692039608843271,4.351412348954462,4.351412348954462
eydadg,direct_ctw,15,linear,,5.0,243.0,0.9496717021384131,0.42907930403000455,1.9119895148665518,2.047662219318587
eydadg,direct_ctw,15,nearest,,5.0,38.0,0.8305531025100873,0.99533174404938,1.5891286665930409,1.781015386391151
eydadg,markov_order_1,15,linear,,5.0,243.0,0.9065344263791357,0.7103239066379662,1.9119895148665518,2.047662219318587
eydadg,markov_order_1,15,nearest,,5.0,38.0,0.6606586238482548,1.602869804645028,1.5891286665930409,1.781015386391151
eydadg,markov_order_2,15,linear,,5.0,243.0,0.8971278845557451,0.7668329625557193,1.9119895148665518,2.047662219318587
eydadg,markov_order_2,15,nearest,,5.0,38.0,0.6757779644100205,1.5573578799406647,1.5891286665930409,1.781015386391151
eydadg,vq_ctw,15,linear,256.0,5.0,243.0,0.9999999999980905,0.03647043978665264,3.8476593482300343,3.8476593482300343
eydadg,vq_ctw,15,nearest,256.0,5.0,38.0,1.0,0.0,3.973172652177985,3.973172652177985
eydadg,vq_ctw,15,linear,512.0,5.0,243.0,0.9999999999980905,0.0985907679377378,5.23093637280572,5.23093637280572
eydadg,vq_ctw,15,nearest,512.0,5.0,38.0,1.0,0.0,4.443431644061586,4.443431644061586
eydadg,vq_ctw,15,linear,1024.0,5.0,243.0,0.9999999999980905,0.04167984005998615,5.18637612819041,5.18637612819041
eydadg,vq_ctw,15,nearest,1024.0,5.0,38.0,1.0,0.0,4.420632056251264,4.420632056251264
eytups,direct_ctw,15,linear,,5.0,2015.0,0.842265020589591,1.4505762844362684,1.707719014134807,1.856880883106949
eytups,direct_ctw,15,nearest,,5.0,131.0,0.8235589050233046,1.0693572835362548,1.680137105199591,1.8479878784175818
eytups,markov_order_1,15,linear,,5.0,2015.0,0.7643843059480957,2.0151019633746428,1.707719014134807,1.856880883106949
eytups,markov_order_1,15,nearest,,5.0,131.0,0.6752292742506644,1.6503556787223226,1.680137105199591,1.8479878784175818
eytups,markov_order_2,15,linear,,5.0,2015.0,0.7263621964370961,2.2721397356824538,1.707719014134807,1.856880883106949
eytups,markov_order_2,15,nearest,,5.0,131.0,0.6765890878058267,1.6436660179967628,1.680137105199591,1.8479878784175818
eytups,vq_ctw,15,linear,256.0,5.0,2015.0,0.9807305990534068,0.1565879583406008,6.131911241919818,6.131911241919818
eytups,vq_ctw,15,nearest,256.0,5.0,131.0,0.979182012038206,0.22850291855820581,4.828757859501985,4.828757859501985
eytups,vq_ctw,15,linear,512.0,5.0,2015.0,0.9586356672798424,0.3859223504507083,5.83083641449972,5.83083641449972
eytups,vq_ctw,15,nearest,512.0,5.0,131.0,0.9999999999980905,0.12733773486542427,4.390829808481525,4.390829808481525
eytups,vq_ctw,15,linear,1024.0,5.0,2015.0,0.9900550995070465,0.10031744088724512,6.8533715412065,6.8533715412065
eytups,vq_ctw,15,nearest,1024.0,5.0,131.0,0.9873992459488092,0.13751857509963833,4.79055233431836,4.79055233431836
iacbyb,direct_ctw,15,linear,,5.0,1986.0,0.9236699838357421,0.7190067228762167,1.4812982767729292,1.6363482303966357
iacbyb,markov_order_1,15,linear,,5.0,1986.0,0.8928000448933164,0.9547224715943606,1.4812982767729292,1.6363482303966357
iacbyb,markov_order_2,15,linear,,5.0,1986.0,0.8860296692866096,1.0043483019963078,1.4812982767729292,1.6363482303966357
iacbyb,vq_ctw,15,linear,256.0,5.0,1986.0,0.9957284863911899,0.04404206593406841,3.550191068544446,3.550191068544446
iacbyb,vq_ctw,15,linear,512.0,5.0,1986.0,0.9916540240509847,0.08899555761595696,3.636793805750205,3.636793805750205
iacbyb,vq_ctw,15,linear,1024.0,5.0,1986.0,0.997523171826202,0.027488328069764756,3.9002672155853784,3.9002672155853784
iackaw,direct_ctw,15,linear,,5.0,2015.0,0.8547757479820756,1.2356298214190056,1.6333711117858338,1.7912567291429562
iackaw,direct_ctw,15,nearest,,5.0,164.0,0.870781533821474,0.8074360264354146,1.6062085855428425,1.8197578694415222
iackaw,markov_order_1,15,linear,,5.0,2015.0,0.809234574611146,1.5409722287865162,1.6333711117858338,1.7912567291429562
iackaw,markov_order_1,15,nearest,,5.0,164.0,0.7669084099926701,1.2448214995823872,1.6062085855428425,1.8197578694415222
iackaw,markov_order_2,15,linear,,5.0,2015.0,0.7954363679449219,1.629470397498851,1.6333711117858338,1.7912567291429562
iackaw,markov_order_2,15,nearest,,5.0,164.0,0.7535067886384471,1.2969309542314134,1.6062085855428425,1.8197578694415222
iackaw,vq_ctw,15,linear,256.0,5.0,2015.0,0.9999999999980905,0.03407023706401719,4.434662744650442,4.434662744650442
iackaw,vq_ctw,15,nearest,256.0,5.0,164.0,0.9759608516194089,0.23320229470252918,4.359010413811819,4.359010413811819
iackaw,vq_ctw,15,linear,512.0,5.0,2015.0,0.986240702680271,0.12660116398835164,4.283765735892298,4.283765735892298
iackaw,vq_ctw,15,nearest,512.0,5.0,164.0,0.991557813801681,0.10476665977098278,4.019458557397377,4.019458557397377
iackaw,vq_ctw,15,linear,1024.0,5.0,2015.0,0.9978011385673248,0.024781465903069393,4.526163732406628,4.526163732406628
iackaw,vq_ctw,15,nearest,1024.0,5.0,164.0,0.9999999999993945,0.04402824552399055,4.155152620849042,4.155152620849042
iafbag,direct_ctw,15,linear,,5.0,1895.0,0.9054606591517844,0.9107130602734819,1.5858934479440328,1.7389725018208764
iafbag,direct_ctw,15,nearest,,5.0,262.0,0.8574627026732224,0.8132803071043752,1.4496983204057947,1.6294278960102972
iafbag,markov_order_1,15,linear,,5.0,1895.0,0.8729687111328348,1.1663554917751835,1.5858934479440328,1.7389725018208764
iafbag,markov_order_1,15,nearest,,5.0,262.0,0.7754123400851733,1.1181570468219728,1.4496983204057947,1.6294278960102972
iafbag,markov_order_2,15,linear,,5.0,1895.0,0.8581388727172565,1.2782509203634318,1.5858934479440328,1.7389725018208764
iafbag,markov_order_2,15,nearest,,5.0,262.0,0.7846888191299152,1.08697191329908,1.4496983204057947,1.6294278960102972
iafbag,vq_ctw,15,linear,256.0,5.0,1895.0,0.9993007026922914,0.009446778943588505,3.6176986497961234,3.6176986497961234
iafbag,vq_ctw,15,nearest,256.0,5.0,262.0,0.993255525115178,0.18151067402281607,3.4924816795692024,3.4924816795692024
iafbag,vq_ctw,15,linear,512.0,5.0,1895.0,0.9954733518378911,0.05227687453391359,3.6711018336747543,3.6711018336747543
iafbag,vq_ctw,15,nearest,512.0,5.0,262.0,0.9999999999997667,0.019582800216411053,3.2305275174842025,3.2305275174842025
iafbag,vq_ctw,15,linear,1024.0,5.0,1895.0,0.9991670431180886,0.011387823770408584,3.6879287971498496,3.6879287971498496
iafbag,vq_ctw,15,nearest,1024.0,5.0,262.0,1.0,0.0,3.449187918342706,3.449187918342706
iafstn,direct_ctw,15,linear,,5.0,2015.0,0.8665140080258371,1.1707537615754064,1.7009275079752801,1.8725586666695953
iafstn,direct_ctw,15,nearest,,5.0,158.0,0.83100287027442,1.01362611195145,1.6050344937337677,1.7846106831522752
iafstn,markov_order_1,15,linear,,5.0,2015.0,0.8233028038514831,1.472098888301212,1.7009275079752801,1.8725586666695953
iafstn,markov_order_1,15,nearest,,5.0,158.0,0.6610695036453557,1.646149970541916,1.6050344937337677,1.7846106831522752
iafstn,markov_order_2,15,linear,,5.0,2015.0,0.8077870696427664,1.5755649526051236,1.7009275079752801,1.8725586666695953
iafstn,markov_order_2,15,nearest,,5.0,158.0,0.6723807081926696,1.618370129544575,1.6050344937337677,1.7846106831522752
iafstn,vq_ctw,15,linear,256.0,5.0,2015.0,0.99674286835844,0.036764833461748116,3.9517708596367824,3.9517708596367824
iafstn,vq_ctw,15,nearest,256.0,5.0,158.0,0.9924804600806981,0.14213962672941222,3.8486425402541045,3.8486425402541045
iafstn,vq_ctw,15,linear,512.0,5.0,2015.0,0.9911866832107261,0.0956014009337033,3.9891130661589127,3.9891130661589127
iafstn,vq_ctw,15,nearest,512.0,5.0,158.0,0.9999999999995287,0.04267265613129899,3.900656098432405,3.900656098432405
iafstn,vq_ctw,15,linear,1024.0,5.0,2015.0,0.9965486162390408,0.038668525070809395,3.9930223611013997,3.9930223611013997
iafstn,vq_ctw,15,nearest,1024.0,5.0,158.0,0.9999999999995287,0.04267265613129899,4.195765585600068,4.195765585600068
iaggri,direct_ctw,15,linear,,5.0,2015.0,0.8896247634539971,1.1141358068461076,1.6477782316164404,1.8079098817209351
iaggri,direct_ctw,15,nearest,,5.0,36.0,0.8267053221054826,1.067564176571382,1.586842611904899,1.7338511749418235
iaggri,markov_order_1,15,linear,,5.0,2015.0,0.8024569917464168,1.8142570021191775,1.6477782316164404,1.8079098817209351
iaggri,markov_order_1,15,nearest,,5.0,36.0,0.6456649819735317,1.7606205537409658,1.586842611904899,1.7338511749418235
iaggri,markov_order_2,15,linear,,5.0,2015.0,0.768416244084992,2.067114494497978,1.6477782316164404,1.8079098817209351
iaggri,markov_order_2,15,nearest,,5.0,36.0,0.6402113662331355,1.777910936419989,1.586842611904899,1.7338511749418235
iaggri,vq_ctw,15,linear,256.0,5.0,2015.0,0.9921253072088055,0.07882979192878327,6.722097006749027,6.722097006749027
iaggri,vq_ctw,15,nearest,256.0,5.0,36.0,0.9526113310703336,0.35030816530902975,5.006365598279777,5.006365598279777
iaggri,vq_ctw,15,linear,512.0,5.0,2015.0,0.9688283247078007,0.28774409810922763,6.278372261946763,6.278372261946763
iaggri,vq_ctw,15,nearest,512.0,5.0,36.0,0.9999999999980906,0.18485578987016227,5.336129705896545,5.336129705896545
iaggri,vq_ctw,15,linear,1024.0,5.0,2015.0,0.9892284602673719,0.11370966404346863,6.062107093113002,6.062107093113002
iaggri,vq_ctw,15,nearest,1024.0,5.0,36.0,0.9999999999980906,0.18485578987016227,5.301761151500866,5.301761151500866
iagods,direct_ctw,15,linear,,5.0,283.0,0.8874308293735776,0.8236386605176765,1.4101008529550383,1.5975613940537265
iagods,markov_order_1,15,linear,,5.0,283.0,0.8367481290472456,1.1003385576760034,1.4101008529550383,1.5975613940537265
iagods,markov_order_2,15,linear,,5.0,283.0,0.828056354598883,1.1448386007056974,1.4101008529550383,1.5975613940537265
iagods,vq_ctw,15,linear,256.0,5.0,283.0,1.0,0.0,3.1553861786214736,3.1553861786214736
iagods,vq_ctw,15,linear,512.0,5.0,283.0,1.0,0.0,3.3431613350471716,3.3431613350471716
iagods,vq_ctw,15,linear,1024.0,5.0,283.0,1.0,0.0,3.2044841627451905,3.2044841627451905
iahoro,direct_ctw,15,linear,,5.0,2013.0,0.8816157423126796,1.052625063106641,1.5178828986387203,1.6943884419256883
iahoro,direct_ctw,15,nearest,,5.0,37.0,0.8548594328451324,1.0050058497412884,1.7210455762950558,1.8592073604103097
iahoro,markov_order_1,15,linear,,5.0,2013.0,0.8449926086461722,1.3134755840401482,1.5178828986387203,1.6943884419256883
iahoro,markov_order_1,15,nearest,,5.0,37.0,0.6527712184467092,1.906363171182261,1.7210455762950558,1.8592073604103097
iahoro,markov_order_2,15,linear,,5.0,2013.0,0.8305717771575228,1.4119486958612701,1.5178828986387203,1.6943884419256883
iahoro,markov_order_2,15,nearest,,5.0,37.0,0.6329762581151113,1.9787253083109198,1.7210455762950558,1.8592073604103097
iahoro,vq_ctw,15,linear,256.0,5.0,2013.0,0.9977932631144589,0.026149686931124586,4.333423194809375,4.333423194809375
iahoro,vq_ctw,15,nearest,256.0,5.0,37.0,0.9457336281766583,0.35851729295708484,6.024119584666531,6.024119584666531
iahoro,vq_ctw,15,linear,512.0,5.0,2013.0,0.9881433644467748,0.1235133266464322,3.9808072216715304,3.9808072216715304
iahoro,vq_ctw,15,nearest,512.0,5.0,37.0,0.9230645138587258,0.4682235348137298,6.397561484932459,6.397561484932459
iahoro,vq_ctw,15,linear,1024.0,5.0,2013.0,0.9989804316855068,0.01321844597759645,4.477558531141647,4.477558531141647
iahoro,vq_ctw,15,nearest,1024.0,5.0,37.0,0.9336368181093772,0.41856597336610624,7.340030945912748,7.340030945912748
iapber,direct_ctw,15,linear,,5.0,1938.0,0.8802900373695264,1.1100753102093956,1.6712784378617485,1.8304687312120405
iapber,direct_ctw,15,nearest,,5.0,165.0,0.8049439704274148,1.0334219470752763,1.7063769531299662,1.8846362024014842
iapber,markov_order_1,15,linear,,5.0,1938.0,0.839074791437501,1.4182899648529406,1.6712784378617485,1.8304687312120405
iapber,markov_order_1,15,nearest,,5.0,165.0,0.6888111170303449,1.4659817175128647,1.7063769531299662,1.8846362024014842
iapber,markov_order_2,15,linear,,5.0,1938.0,0.8161297931504167,1.5817087873810134,1.6712784378617485,1.8304687312120405
iapber,markov_order_2,15,nearest,,5.0,165.0,0.7002704560092992,1.4130637491840843,1.7063769531299662,1.8846362024014842
iapber,vq_ctw,15,linear,256.0,5.0,1938.0,0.9981462714485174,0.02243321837374722,3.87059687592674,3.87059687592674
iapber,vq_ctw,15,nearest,256.0,5.0,165.0,0.9869660938575583,0.2090389379315238,3.668960143223345,3.668960143223345
iapber,vq_ctw,15,linear,512.0,5.0,1938.0,0.993864974122438,0.06976713290928424,3.831613274818022,3.831613274818022
iapber,vq_ctw,15,nearest,512.0,5.0,165.0,0.9999999999996065,0.06481909300307358,3.7616186818634896,3.7616186818634896
iapber,vq_ctw,15,linear,1024.0,5.0,1938.0,0.9982510474500526,0.02260110858175925,3.861411819747275,3.861411819747275
iapber,vq_ctw,15,nearest,1024.0,5.0,165.0,0.9892527703194656,0.11591150413442153,3.807262645496636,3.807262645496636
iatmeu,direct_ctw,15,linear,,5.0,2013.0,0.8779357029408574,1.213282641063131,1.6354598381251755,1.7870441307640312
iatmeu,markov_order_1,15,linear,,5.0,2013.0,0.7925349275168234,1.8889924744132789,1.6354598381251755,1.7870441307640312
iatmeu,markov_order_2,15,linear,,5.0,2013.0,0.7563821404177691,2.1542021132794766,1.6354598381251755,1.7870441307640312
iatmeu,vq_ctw,15,linear,256.0,5.0,2013.0,0.9762887464593883,0.1993808397288196,6.2281539108593,6.2281539108593
iatmeu,vq_ctw,15,linear,512.0,5.0,2013.0,0.9516020948931391,0.44032635520919616,5.712266154271287,5.712266154271287
iatmeu,vq_ctw,15,linear,1024.0,5.0,2013.0,0.9787679804712272,0.20318717635012087,6.805760724895695,6.805760724895695
iatojb,direct_ctw,15,linear,,5.0,2015.0,0.8504599666623375,1.1929245899424552,1.6578895551215542,1.820769365723345
iatojb,direct_ctw,15,nearest,,5.0,281.0,0.8157491031302838,1.016557049734464,1.598511169894756,1.7918352996910123
iatojb,markov_order_1,15,linear,,5.0,2015.0,0.8092102814983446,1.4485151266725038,1.6578895551215542,1.820769365723345
iatojb,markov_order_1,15,nearest,,5.0,281.0,0.6863285959688318,1.4581097026513528,1.598511169894756,1.7918352996910123
iatojb,markov_order_2,15,linear,,5.0,2015.0,0.8010528083535409,1.4970823864339131,1.6578895551215542,1.820769365723345
iatojb,markov_order_2,15,nearest,,5.0,281.0,0.6971831482819157,1.427997580992046,1.598511169894756,1.7918352996910123
iatojb,vq_ctw,15,linear,256.0,5.0,2015.0,0.9999999999980905,0.04467046362700582,4.02507230267239,4.02507230267239
iatojb,vq_ctw,15,nearest,256.0,5.0,281.0,0.9843601887194963,0.1725276352141972,3.961200073670668,3.961200073670668
iatojb,vq_ctw,15,linear,512.0,5.0,2015.0,0.9903652737256576,0.0936324448708416,4.1136141331693254,4.1136141331693254
iatojb,vq_ctw,15,nearest,512.0,5.0,281.0,0.9999999999993341,0.04999837856809104,3.9598266105297237,3.9598266105297237
iatojb,vq_ctw,15,linear,1024.0,5.0,2015.0,0.9999999999980905,0.03841869987802591,4.092768369438076,4.092768369438076
iatojb,vq_ctw,15,nearest,1024.0,5.0,281.0,0.9927128915506237,0.0541467532799591,3.726549836535689,3.726549836535689
iawxbe,direct_ctw,15,linear,,5.0,2015.0,0.8630994800761996,1.3189221026034676,1.5710011040914968,1.7498153226453652
iawxbe,markov_order_1,15,linear,,5.0,2015.0,0.7785374865628796,1.96454326350797,1.5710011040914968,1.7498153226453652
iawxbe,markov_order_2,15,linear,,5.0,2015.0,0.7473281285633276,2.186550011130061,1.5710011040914968,1.7498153226453652
iawxbe,vq_ctw,15,linear,256.0,5.0,2015.0,0.9781359571488325,0.18643613095731568,6.151257615870548,6.151257615870548
iawxbe,vq_ctw,15,linear,512.0,5.0,2015.0,0.9496939566734101,0.47385006818434294,5.672306769464612,5.672306769464612
iawxbe,vq_ctw,15,linear,1024.0,5.0,2015.0,0.9771554594908145,0.2028160240043588,6.2290936330726225,6.2290936330726225
ibflsr,direct_ctw,15,linear,,5.0,2015.0,0.8739433653819813,1.1768066191241564,1.5910893480314006,1.7692127303166325
ibflsr,direct_ctw,15,nearest,,5.0,197.0,0.8325677540085747,0.9676809036719832,1.5021069130434364,1.715890417534501
ibflsr,markov_order_1,15,linear,,5.0,2015.0,0.8270542840175774,1.5291277506904035,1.5910893480314006,1.7692127303166325
ibflsr,markov_order_1,15,nearest,,5.0,197.0,0.6929884876952747,1.4806367816750938,1.5021069130434364,1.715890417534501
ibflsr,markov_order_2,15,linear,,5.0,2015.0,0.8036660551436692,1.696204835464701,1.5910893480314006,1.7692127303166325
ibflsr,markov_order_2,15,nearest,,5.0,197.0,0.6867248271688686,1.5062011272520988,1.5021069130434364,1.715890417534501
ibflsr,vq_ctw,15,linear,256.0,5.0,2015.0,0.998470660603656,0.01893234921228027,4.350423071282059,4.350423071282059
ibflsr,vq_ctw,15,nearest,256.0,5.0,197.0,0.9901467396305681,0.1550612502921417,4.2016118462484435,4.2016118462484435
ibflsr,vq_ctw,15,linear,512.0,5.0,2015.0,0.989358340010698,0.11252583645853209,4.001864773476441,4.001864773476441
ibflsr,vq_ctw,15,nearest,512.0,5.0,197.0,0.9999999999992247,0.06922550796452016,4.200399072514009,4.200399072514009
ibflsr,vq_ctw,15,linear,1024.0,5.0,2015.0,0.9983828943503832,0.020559716753793325,4.3047671232804,4.3047671232804
ibflsr,vq_ctw,15,nearest,1024.0,5.0,197.0,0.9999999999996123,0.03461275398226008,4.05334927150863,4.05334927150863
ibgryk,direct_ctw,15,linear,,5.0,2014.0,0.8852444439245599,1.1027093005579105,1.7224065754574704,1.8729063390778513
ibgryk,direct_ctw,15,nearest,,5.0,100.0,0.8671816512312149,0.7819988781149533,1.6978265875892722,1.840215979801969
ibgryk,markov_order_1,15,linear,,5.0,2014.0,0.828975143026834,1.5372787508772738,1.7224065754574704,1.8729063390778513
ibgryk,markov_order_1,15,nearest,,5.0,100.0,0.7673716182396056,1.1747566824140858,1.6978265875892722,1.840215979801969
ibgryk,markov_order_2,15,linear,,5.0,2014.0,0.8058800262800354,1.7057072851615884,1.7224065754574704,1.8729063390778513
ibgryk,markov_order_2,15,nearest,,5.0,100.0,0.7759354139044018,1.146901599649517,1.6978265875892722,1.840215979801969
ibgryk,vq_ctw,15,linear,256.0,5.0,2014.0,0.9929680946069456,0.067432311113399,4.475729773330775,4.475729773330775
ibgryk,vq_ctw,15,nearest,256.0,5.0,100.0,0.9999999999993889,0.07348675896243204,3.721156969115264,3.721156969115264
ibgryk,vq_ctw,15,linear,512.0,5.0,2014.0,0.9816636199820467,0.18700419285260075,4.55959743116676,4.55959743116676
ibgryk,vq_ctw,15,nearest,512.0,5.0,100.0,0.9999999999993889,0.06469366604048378,3.9567728674667215,3.9567728674667215
ibgryk,vq_ctw,15,linear,1024.0,5.0,2014.0,0.9939193148447101,0.06567048890382735,4.6597453829168725,4.6597453829168725
ibgryk,vq_ctw,15,nearest,1024.0,5.0,100.0,1.0,0.0,3.974936500147153,3.974936500147153
iblool,direct_ctw,15,linear,,5.0,2014.0,0.8835087232575066,1.1016467170289521,1.5893010911212202,1.7451459862511318
iblool,direct_ctw,15,nearest,,5.0,77.0,0.8498702482937024,0.8750984419653702,1.501947329979276,1.7020784061931595
iblool,markov_order_1,15,linear,,5.0,2014.0,0.8313477210170015,1.4978738532200377,1.5893010911212202,1.7451459862511318
iblool,markov_order_1,15,nearest,,5.0,77.0,0.7734079457331702,1.173675052393584,1.501947329979276,1.7020784061931595
iblool,markov_order_2,15,linear,,5.0,2014.0,0.8114353857229755,1.6412821398705093,1.5893010911212202,1.7451459862511318
iblool,markov_order_2,15,nearest,,5.0,77.0,0.7833985758141402,1.1380938770485518,1.501947329979276,1.7020784061931595
iblool,vq_ctw,15,linear,256.0,5.0,2014.0,0.9913392189909424,0.0855051121034604,5.075041788615042,5.075041788615042
iblool,vq_ctw,15,nearest,256.0,5.0,77.0,0.9999999999980905,0.1974560326336579,4.1222881653527494,4.1222881653527494
iblool,vq_ctw,15,linear,512.0,5.0,2014.0,0.9727273281013917,0.25708845177784423,4.451038808871559,4.451038808871559
iblool,vq_ctw,15,nearest,512.0,5.0,77.0,1.0,0.0,3.4812962552783264,3.4812962552783264
iblool,vq_ctw,15,linear,1024.0,5.0,2014.0,0.99460072904086,0.05923979089231391,5.269864885472914,5.269864885472914
iblool,vq_ctw,15,nearest,1024.0,5.0,77.0,1.0,0.0,3.292462209125821,3.292462209125821
ibpijd,direct_ctw,15,linear,,5.0,2015.0,0.8924488704352707,0.9721018561026789,1.5487098715711058,1.7360622797481051
ibpijd,direct_ctw,15,nearest,,5.0,354.0,0.852312055380333,0.9205151087685257,1.5495558291240947,1.749119316761219
ibpijd,markov_order_1,15,linear,,5.0,2015.0,0.8573773011441645,1.227082598531392,1.5487098715711058,1.7360622797481051
ibpijd,markov_order_1,15,nearest,,5.0,354.0,0.73407584826483,1.405955248003769,1.5495558291240947,1.749119316761219
ibpijd,markov_order_2,15,linear,,5.0,2015.0,0.8466901388012389,1.3017364667439153,1.5487098715711058,1.7360622797481051
ibpijd,markov_order_2,15,nearest,,5.0,354.0,0.7237310629974832,1.442475161565679,1.5495558291240947,1.749119316761219
ibpijd,vq_ctw,15,linear,256.0,5.0,2015.0,0.9999999999980905,0.029600121616134317,3.5101994929312803,3.5101994929312803
ibpijd,vq_ctw,15,nearest,256.0,5.0,354.0,0.9873350219120642,0.1448548084041224,3.6232548245781433,3.6232548245781433
ibpijd,vq_ctw,15,linear,512.0,5.0,2015.0,0.9943691460056588,0.06473240238617686,3.504365161625451,3.504365161625451
ibpijd,vq_ctw,15,nearest,512.0,5.0,354.0,0.9999999999995308,0.039148643221508725,4.009364071332955,4.009364071332955
ibpijd,vq_ctw,15,linear,1024.0,5.0,2015.0,0.9999999999980905,0.01766743338053304,3.668027647802909,3.668027647802909
ibpijd,vq_ctw,15,nearest,1024.0,5.0,354.0,1.0,0.0,4.223823367106768,4.223823367106768
ibwici,direct_ctw,15,linear,,5.0,2013.0,0.8818459124587756,1.1200472516195128,1.531244686621464,1.711356125687914
ibwici,direct_ctw,15,nearest,,5.0,85.0,0.8647416697198298,0.8199705126340976,1.506249554239838,1.6931363410360445
ibwici,markov_order_1,15,linear,,5.0,2013.0,0.8247171503019544,1.5538439576837955,1.531244686621464,1.711356125687914
ibwici,markov_order_1,15,nearest,,5.0,85.0,0.7539657891394203,1.2753065091951665,1.506249554239838,1.6931363410360445
ibwici,markov_order_2,15,linear,,5.0,2013.0,0.8034920407511278,1.7061523879681955,1.531244686621464,1.711356125687914
ibwici,markov_order_2,15,nearest,,5.0,85.0,0.7524203422111342,1.2805619573411082,1.506249554239838,1.6931363410360445
ibwici,vq_ctw,15,linear,256.0,5.0,2013.0,0.9912106477703854,0.08658677539371287,5.404066659251528,5.404066659251528
ibwici,vq_ctw,15,nearest,256.0,5.0,85.0,0.9999999999980905,0.18201728292263344,4.732484609445642,4.732484609445642
ibwici,vq_ctw,15,linear,512.0,5.0,2013.0,0.9719530795109332,0.25700088626819617,4.708556090489614,4.708556090489614
ibwici,vq_ctw,15,nearest,512.0,5.0,85.0,1.0,0.0,3.6013287526911766,3.6013287526911766
ibwici,vq_ctw,15,linear,1024.0,5.0,2013.0,0.9921551538999827,0.08435554039526406,5.67173536775075,5.67173536775075
ibwici,vq_ctw,15,nearest,1024.0,5.0,85.0,1.0,0.0,3.646909843814871,3.646909843814871
icagpo,direct_ctw,15,linear,,5.0,2015.0,0.871560806465989,1.2319948751331173,1.6680966946675715,1.8251535294499912
icagpo,direct_ctw,15,nearest,,5.0,234.0,0.8315469385787253,1.0211945509325426,1.63054734606595,1.7999360555572448
icagpo,markov_order_1,15,linear,,5.0,2015.0,0.8181841439211897,1.6450033180931138,1.6680966946675715,1.8251535294499912
icagpo,markov_order_1,15,nearest,,5.0,234.0,0.6988075156264314,1.5330844613640668,1.63054734606595,1.7999360555572448
icagpo,markov_order_2,15,linear,,5.0,2015.0,0.7877354336081837,1.8676927461177997,1.6680966946675715,1.8251535294499912
icagpo,markov_order_2,15,nearest,,5.0,234.0,0.7043250593430809,1.5228101773709573,1.63054734606595,1.7999360555572448
icagpo,vq_ctw,15,linear,256.0,5.0,2015.0,0.9933313880600646,0.06836150287149902,4.5158291542867826,4.5158291542867826
icagpo,vq_ctw,15,nearest,256.0,5.0,234.0,0.9693637099297365,0.2919969065676166,4.458281923750189,4.458281923750189
icagpo,vq_ctw,15,linear,512.0,5.0,2015.0,0.9840655747092893,0.16847106856986627,4.363195467987634,4.363195467987634
icagpo,vq_ctw,15,nearest,512.0,5.0,234.0,0.991932375092244,0.0537093200252127,3.803334779250678,3.803334779250678
icagpo,vq_ctw,15,linear,1024.0,5.0,2015.0,0.9929896001112101,0.07426757209922473,4.488653202431353,4.488653202431353
icagpo,vq_ctw,15,nearest,1024.0,5.0,234.0,0.9999999999994533,0.05547761740016325,3.7363664541159882,3.7363664541159882
icdahe,direct_ctw,15,linear,,5.0,312.0,0.9160252176798941,0.6331036860219046,1.902179077839536,2.0336202391072087
icdahe,direct_ctw,15,nearest,,5.0,42.0,0.8183702484232525,1.105360607074593,1.7502018830237787,1.8919903885680458
icdahe,markov_order_1,15,linear,,5.0,312.0,0.8578217949245419,0.9574403594173259,1.902179077839536,2.0336202391072087
icdahe,markov_order_1,15,nearest,,5.0,42.0,0.6256502472094541,1.823166699761827,1.7502018830237787,1.8919903885680458
icdahe,markov_order_2,15,linear,,5.0,312.0,0.8677559168419896,0.9054066245471147,1.902179077839536,2.0336202391072087
icdahe,markov_order_2,15,nearest,,5.0,42.0,0.6084192675769023,1.8750343818535302,1.7502018830237787,1.8919903885680458
icdahe,vq_ctw,15,linear,256.0,5.0,312.0,1.0,0.0,3.264757784998549,3.264757784998549
icdahe,vq_ctw,15,nearest,256.0,5.0,42.0,0.9715981466860856,0.21471465354164326,5.073142615214049,5.073142615214049
icdahe,vq_ctw,15,linear,512.0,5.0,312.0,0.9999999999980904,0.05622394474842963,3.227355420865574,3.227355420865574
icdahe,vq_ctw,15,nearest,512.0,5.0,42.0,0.9999999999980905,0.16414456932617202,5.120327983200696,5.120327983200696
icdahe,vq_ctw,15,linear,1024.0,5.0,312.0,1.0,0.0,3.285864582422703,3.285864582422703
icdahe,vq_ctw,15,nearest,1024.0,5.0,42.0,1.0,0.0,5.630160454738514,5.630160454738514
icdapn,direct_ctw,15,linear,,5.0,2015.0,0.84200240753057,1.3970468681010837,1.670245666683239,1.8238989645527948
icdapn,direct_ctw,15,nearest,,5.0,108.0,0.8502520283297701,0.8842797228375965,1.5791569512373127,1.7385187375377398
icdapn,markov_order_1,15,linear,,5.0,2015.0,0.7813429156661926,1.8199397465724787,1.670245666683239,1.8238989645527948
icdapn,markov_order_1,15,nearest,,5.0,108.0,0.7204469627953961,1.369691396119318,1.5791569512373127,1.7385187375377398
icdapn,markov_order_2,15,linear,,5.0,2015.0,0.7560496868676974,1.9866540126032672,1.670245666683239,1.8238989645527948
icdapn,markov_order_2,15,nearest,,5.0,108.0,0.7192867795320119,1.3741970474503395,1.5791569512373127,1.7385187375377398
icdapn,vq_ctw,15,linear,256.0,5.0,2015.0,0.9914391820483791,0.08466221038305798,5.287541214351687,5.287541214351687
icdapn,vq_ctw,15,nearest,256.0,5.0,108.0,0.953766326197904,0.31750063914830257,5.479476891679321,5.479476891679321
icdapn,vq_ctw,15,linear,512.0,5.0,2015.0,0.9804682592502499,0.20368630893232872,4.920710774132831,4.920710774132831
icdapn,vq_ctw,15,nearest,512.0,5.0,108.0,0.9999999999987094,0.12353371543306932,5.2816071963928035,5.2816071963928035
icdapn,vq_ctw,15,linear,1024.0,5.0,2015.0,0.9938589503425773,0.06623462960726875,5.342852890826749,5.342852890826749
icdapn,vq_ctw,15,nearest,1024.0,5.0,108.0,0.9999999999993106,0.10056298334034443,5.736791981640823,5.736791981640823
icdult,direct_ctw,15,linear,,5.0,1472.0,0.9036187365119189,0.8872240195498224,1.5845771806033682,1.735285633137887
icdult,direct_ctw,15,nearest,,5.0,40.0,0.9075487967921652,0.6295015273533267,1.2259985118716181,1.458159240676209
icdult,markov_order_1,15,linear,,5.0,1472.0,0.8524873402777529,1.2614031901272253,1.5845771806033682,1.735285633137887
icdult,markov_order_1,15,nearest,,5.0,40.0,0.8695944207422028,0.8193605979924306,1.2259985118716181,1.458159240676209
icdult,markov_order_2,15,linear,,5.0,1472.0,0.8477660713535763,1.2942793871656142,1.5845771806033682,1.735285633137887
icdult,markov_order_2,15,nearest,,5.0,40.0,0.8547311103895663,0.8884107268042879,1.2259985118716181,1.458159240676209
icdult,vq_ctw,15,linear,256.0,5.0,1472.0,0.9884912655824571,0.10887781469019318,4.941300100762048,4.941300100762048
icdult,vq_ctw,15,nearest,256.0,5.0,40.0,0.9582367346147225,0.3165123041968405,3.8280562959072135,3.8280562959072135
icdult,vq_ctw,15,linear,512.0,5.0,1472.0,0.9687796049101681,0.28812236462420887,4.453070456187515,4.453070456187515
icdult,vq_ctw,15,nearest,512.0,5.0,40.0,0.9999999999980906,0.13628609286002968,3.886304095208625,3.886304095208625
icdult,vq_ctw,15,linear,1024.0,5.0,1472.0,0.988647927630996,0.10762148405587899,5.1194967635768815,5.1194967635768815
icdult,vq_ctw,15,nearest,1024.0,5.0,40.0,0.9999999999980906,0.13628609286002968,4.015488039642294,4.015488039642294
icedpa,direct_ctw,15,linear,,5.0,2015.0,0.9320440975707697,0.6416197748012777,1.7448007753263042,1.9028384926003274
icedpa,direct_ctw,15,nearest,,5.0,115.0,0.8145583409799612,1.0620597144430002,1.6080183045110512,1.7926994461917176
icedpa,markov_order_1,15,linear,,5.0,2015.0,0.9064602236895609,0.8382298991405357,1.7448007753263042,1.9028384926003274
icedpa,markov_order_1,15,nearest,,5.0,115.0,0.6633715181329827,1.593318198948249,1.6080183045110512,1.7926994461917176
icedpa,markov_order_2,15,linear,,5.0,2015.0,0.9031805549158102,0.8625614421775776,1.7448007753263042,1.9028384926003274
icedpa,markov_order_2,15,nearest,,5.0,115.0,0.6677263902051501,1.5811770997441292,1.6080183045110512,1.7926994461917176
icedpa,vq_ctw,15,linear,256.0,5.0,2015.0,0.9999999999980905,0.013094931551980918,3.0856563343452925,3.0856563343452925
icedpa,vq_ctw,15,nearest,256.0,5.0,115.0,0.9839834537317366,0.17381174700841182,3.5959983836541727,3.5959983836541727
icedpa,vq_ctw,15,linear,512.0,5.0,2015.0,0.9966149599921736,0.03802017501393713,3.3449262573327525,3.3449262573327525
icedpa,vq_ctw,15,nearest,512.0,5.0,115.0,0.9999999999987713,0.12395321192873053,3.984783136280466,3.984783136280466
icedpa,vq_ctw,15,linear,1024.0,5.0,2015.0,0.9989450543352203,0.013008059613315663,3.234895986715565,3.234895986715565
icedpa,vq_ctw,15,nearest,1024.0,5.0,115.0,1.0,0.0,4.067444083833689,4.067444083833689
ichank,direct_ctw,15,linear,,5.0,1993.0,0.8920717460852191,0.915299025832328,1.6383790586966058,1.7954504726687812
ichank,direct_ctw,15,nearest,,5.0,187.0,0.8578318048205059,0.9292371262271403,1.633539350320856,1.8021587557765506
ichank,markov_order_1,15,linear,,5.0,1993.0,0.856233664845801,1.1556974882405,1.6383790586966058,1.7954504726687812
ichank,markov_order_1,15,nearest,,5.0,187.0,0.7207583653662087,1.5177870312567543,1.633539350320856,1.8021587557765506
ichank,markov_order_2,15,linear,,5.0,1993.0,0.8516190349466586,1.1854819917396553,1.6383790586966058,1.7954504726687812
ichank,markov_order_2,15,nearest,,5.0,187.0,0.706623426383822,1.5662551064979813,1.633539350320856,1.8021587557765506
ichank,vq_ctw,15,linear,256.0,5.0,1993.0,1.0,0.0,3.891885476662628,3.891885476662628
ichank,vq_ctw,15,nearest,256.0,5.0,187.0,0.9999999999984887,0.158717967010587,4.167363285732743,4.167363285732743
ichank,vq_ctw,15,linear,512.0,5.0,1993.0,0.9972342817190171,0.030253717178920957,3.642422874762608,3.642422874762608
ichank,vq_ctw,15,nearest,512.0,5.0,187.0,0.9999999999995917,0.03646370339307613,4.93503202126472,4.93503202126472
ichank,vq_ctw,15,linear,1024.0,5.0,1993.0,0.9999999999980905,0.008845408464968084,3.6845748500962854,3.6845748500962854
ichank,vq_ctw,15,nearest,1024.0,5.0,187.0,0.9952112711735286,0.10180367312797584,4.683109883189269,4.683109883189269
ichiki,direct_ctw,15,linear,,5.0,2015.0,0.8921641225162035,1.0275937091226017,1.5304847534408068,1.7028340034212943
ichiki,direct_ctw,15,nearest,,5.0,79.0,0.874142691647752,0.8283544548322336,1.6336664791338966,1.754505451189433
ichiki,markov_order_1,15,linear,,5.0,2015.0,0.8565024584233616,1.3042407634073776,1.5304847534408068,1.7028340034212943
ichiki,markov_order_1,15,nearest,,5.0,79.0,0.7267426473652842,1.4693412410340605,1.6336664791338966,1.754505451189433
ichiki,markov_order_2,15,linear,,5.0,2015.0,0.836438593133844,1.4530772177928595,1.5304847534408068,1.7028340034212943
ichiki,markov_order_2,15,nearest,,5.0,79.0,0.7207394014763994,1.4940006541535038,1.6336664791338966,1.754505451189433
ichiki,vq_ctw,15,linear,256.0,5.0,2015.0,0.9982481849864637,0.021342935129885825,3.8780078366123205,3.8780078366123205
ichiki,vq_ctw,15,nearest,256.0,5.0,79.0,0.9999999999990333,0.08631281689247135,4.152365507033293,4.152365507033293
ichiki,vq_ctw,15,linear,512.0,5.0,2015.0,0.9917190565164844,0.08839594378711063,3.744841046951687,3.744841046951687
ichiki,vq_ctw,15,nearest,512.0,5.0,79.0,1.0,0.0,4.312890083291594,4.312890083291594
ichiki,vq_ctw,15,linear,1024.0,5.0,2015.0,0.9977656542895651,0.027364063120625302,3.9415615493530103,3.9415615493530103
ichiki,vq_ctw,15,nearest,1024.0,5.0,79.0,0.9999999999990333,0.08631281689247136,4.505160688179109,4.505160688179109
ickguw,direct_ctw,15,linear,,5.0,2015.0,0.8664354578933801,1.1627554806336875,1.6908320838687227,1.8694110454677755
ickguw,direct_ctw,15,nearest,,5.0,352.0,0.8547387706460637,0.9491731734255502,1.5836481497688346,1.769203338641117
ickguw,markov_order_1,15,linear,,5.0,2015.0,0.8309374695811786,1.409478539345764,1.6908320838687227,1.8694110454677755
ickguw,markov_order_1,15,nearest,,5.0,352.0,0.7162201833401401,1.552191933958037,1.5836481497688346,1.769203338641117
ickguw,markov_order_2,15,linear,,5.0,2015.0,0.8158009122119488,1.5106006640594647,1.6908320838687227,1.8694110454677755
ickguw,markov_order_2,15,nearest,,5.0,352.0,0.7092170338095076,1.5821871011596194,1.5836481497688346,1.769203338641117
ickguw,vq_ctw,15,linear,256.0,5.0,2015.0,0.9999999999980905,0.013099081552707587,3.7263418008321554,3.7263418008321554
ickguw,vq_ctw,15,nearest,256.0,5.0,352.0,0.9539919378833278,0.3460229740975463,4.888609266031183,4.888609266031183
ickguw,vq_ctw,15,linear,512.0,5.0,2015.0,0.9946741174634665,0.06165546566763605,3.7029914107551445,3.7029914107551445
ickguw,vq_ctw,15,nearest,512.0,5.0,352.0,0.9999999999987633,0.10040695682275688,5.0001698263484515,5.0001698263484515
ickguw,vq_ctw,15,linear,1024.0,5.0,2015.0,0.9989818873426909,0.013201673284423702,3.828986907775705,3.828986907775705
ickguw,vq_ctw,15,nearest,1024.0,5.0,352.0,0.9852811817317036,0.16508351530047458,5.290193608191606,5.290193608191606
ickphi,direct_ctw,15,linear,,5.0,2015.0,0.8688659284954964,1.1840679555552283,1.57094406798327,1.7439576450822136
ickphi,direct_ctw,15,nearest,,5.0,125.0,0.8143706059612567,1.012359813229194,1.6989105729991323,1.89181799761303
ickphi,markov_order_1,15,linear,,5.0,2015.0,0.8202919084572347,1.5339298008526496,1.57094406798327,1.7439576450822136
ickphi,markov_order_1,15,nearest,,5.0,125.0,0.7052615723745518,1.3853622059827497,1.6989105729991323,1.89181799761303
ickphi,markov_order_2,15,linear,,5.0,2015.0,0.803803458489103,1.6471481276730802,1.57094406798327,1.7439576450822136
ickphi,markov_order_2,15,nearest,,5.0,125.0,0.7039480907880348,1.3895739364096944,1.6989105729991323,1.89181799761303
ickphi,vq_ctw,15,linear,256.0,5.0,2015.0,0.9999999999980905,0.05336754607263143,4.719565390564561,4.719565390564561
ickphi,vq_ctw,15,nearest,256.0,5.0,125.0,0.999999999999389,0.06843969098547002,3.4197225647432523,3.4197225647432523
ickphi,vq_ctw,15,linear,512.0,5.0,2015.0,0.9819454883972323,0.1770434736008969,4.484659272331613,4.484659272331613
ickphi,vq_ctw,15,nearest,512.0,5.0,125.0,0.9999999999993584,0.0551525752935938,3.612829171413632,3.612829171413632
ickphi,vq_ctw,15,linear,1024.0,5.0,2015.0,0.9926264441445862,0.07451530694563634,4.674133953923766,4.674133953923766
ickphi,vq_ctw,15,nearest,1024.0,5.0,125.0,1.0,0.0,3.5811681236689976,3.5811681236689976
ickviy,direct_ctw,15,linear,,5.0,2015.0,0.8694913865758167,1.262575281150949,1.7125051636470296,1.8643632424898628
ickviy,direct_ctw,15,nearest,,5.0,320.0,0.8185201479950589,1.1102735290452999,1.6986469448435262,1.8501878019563271
ickviy,markov_order_1,15,linear,,5.0,2015.0,0.800427704699668,1.797229025404551,1.7125051636470296,1.8643632424898628
ickviy,markov_order_1,15,nearest,,5.0,320.0,0.6527146093962657,1.7655357673688552,1.6986469448435262,1.8501878019563271
ickviy,markov_order_2,15,linear,,5.0,2015.0,0.7688178455859168,2.0266739379795373,1.7125051636470296,1.8643632424898628
ickviy,markov_order_2,15,nearest,,5.0,320.0,0.644887009564701,1.7898577550348318,1.6986469448435262,1.8501878019563271
ickviy,vq_ctw,15,linear,256.0,5.0,2015.0,0.9890527079978024,0.10436068707232474,5.069509680718708,5.069509680718708
ickviy,vq_ctw,15,nearest,256.0,5.0,320.0,0.9673007495890635,0.23422363088868908,4.543660610259281,4.543660610259281
ickviy,vq_ctw,15,linear,512.0,5.0,2015.0,0.9713448270622062,0.2784368701461315,4.696844323947043,4.696844323947043
ickviy,vq_ctw,15,nearest,512.0,5.0,320.0,0.9999999999989975,0.09490044927817401,5.320569695989898,5.320569695989898
ickviy,vq_ctw,15,linear,1024.0,5.0,2015.0,0.9886460571132606,0.11600396827166216,5.195364414041759,5.195364414041759
ickviy,vq_ctw,15,nearest,1024.0,5.0,320.0,0.9962598795875561,0.10762419602607132,5.686800835761973,5.686800835761973
icodmu,direct_ctw,15,linear,,5.0,2015.0,0.850495816586071,1.404248645536981,1.6886923056244358,1.8414796618199776
icodmu,markov_order_1,15,linear,,5.0,2015.0,0.7586769913027012,2.081537183040925,1.6886923056244358,1.8414796618199776
icodmu,markov_order_2,15,linear,,5.0,2015.0,0.7237410205411906,2.320533618177525,1.6886923056244358,1.8414796618199776
icodmu,vq_ctw,15,linear,256.0,5.0,2015.0,0.9766963393476106,0.1965434229819496,6.749102762424281,6.749102762424281
icodmu,vq_ctw,15,linear,512.0,5.0,2015.0,0.9350699502092932,0.5525355578277081,6.608150513041494,6.608150513041494
icodmu,vq_ctw,15,linear,1024.0,5.0,2015.0,0.9761339804089885,0.21036079955484585,7.45546030049873,7.45546030049873
ictlyp,direct_ctw,15,linear,,5.0,2014.0,0.8842821826393947,1.1285405018805976,1.6793852185031488,1.8369390633809273
ictlyp,direct_ctw,15,nearest,,5.0,81.0,0.8355258686114923,0.9790695128670158,1.7048761155301788,1.8625556535110734
ictlyp,markov_order_1,15,linear,,5.0,2014.0,0.8145543119165344,1.672001422327658,1.6793852185031488,1.8369390633809273
ictlyp,markov_order_1,15,nearest,,5.0,81.0,0.7249514211164484,1.4085994392968686,1.7048761155301788,1.8625556535110734
ictlyp,markov_order_2,15,linear,,5.0,2014.0,0.7807191504101708,1.9178396687849089,1.6793852185031488,1.8369390633809273
ictlyp,markov_order_2,15,nearest,,5.0,81.0,0.7211027252490603,1.4214586548133454,1.7048761155301788,1.8625556535110734
ictlyp,vq_ctw,15,linear,256.0,5.0,2014.0,0.9933477973235451,0.06821701117664175,6.497772577915591,6.497772577915591
ictlyp,vq_ctw,15,nearest,256.0,5.0,81.0,0.9791664572464619,0.1625251549766376,3.845129841909055,3.845129841909055
ictlyp,vq_ctw,15,linear,512.0,5.0,2014.0,0.9785711950380097,0.21731713146423787,6.1281991116693,6.1281991116693
ictlyp,vq_ctw,15,nearest,512.0,5.0,81.0,0.9999999999988919,0.07016547498550457,3.723638007382042,3.723638007382042
ictlyp,vq_ctw,15,linear,1024.0,5.0,2014.0,0.9944245371870354,0.06270882771820516,6.251796225879338,6.251796225879338
ictlyp,vq_ctw,15,nearest,1024.0,5.0,81.0,1.0,0.0,4.347485404390035,4.347485404390035
ictmuo,direct_ctw,15,linear,,5.0,1766.0,0.9624354957477255,0.3740332703883404,1.497540196682842,1.618110635860256
ictmuo,direct_ctw,15,nearest,,5.0,128.0,0.8799159576273401,0.7592000508078987,1.4537490951925816,1.6618029283304834
ictmuo,markov_order_1,15,linear,,5.0,1766.0,0.9448982389576682,0.517477683571178,1.497540196682842,1.618110635860256
ictmuo,markov_order_1,15,nearest,,5.0,128.0,0.7836558255318107,1.157581844938953,1.4537490951925816,1.6618029283304834
ictmuo,markov_order_2,15,linear,,5.0,1766.0,0.9435736415316792,0.5279276031841975,1.497540196682842,1.618110635860256
ictmuo,markov_order_2,15,nearest,,5.0,128.0,0.7742646873145048,1.1881445842455423,1.4537490951925816,1.6618029283304834
ictmuo,vq_ctw,15,linear,256.0,5.0,1766.0,0.9987089699851852,0.01629794688026329,2.70656255762787,2.70656255762787
ictmuo,vq_ctw,15,nearest,256.0,5.0,128.0,0.973736279761565,0.25045557751956554,5.1664685584279635,5.1664685584279635
ictmuo,vq_ctw,15,linear,512.0,5.0,1766.0,0.9967741975550849,0.0396820614192429,2.8855711342450374,2.8855711342450374
ictmuo,vq_ctw,15,nearest,512.0,5.0,128.0,0.9825349758638935,0.1854133821202425,5.1002921548648645,5.1002921548648645
ictmuo,vq_ctw,15,linear,1024.0,5.0,1766.0,0.9987903897553253,0.015383855290360827,2.6803562286339453,2.6803562286339453
ictmuo,vq_ctw,15,nearest,1024.0,5.0,128.0,0.9999999999990005,0.10192129653576502,4.446191070390826,4.446191070390826
icwiro,direct_ctw,15,linear,,5.0,2015.0,0.8487398768186114,1.3623571443520572,1.6691937047554408,1.843124588091943
icwiro,direct_ctw,15,nearest,,5.0,242.0,0.8403791672937079,0.950620733516764,1.6495206072405404,1.8296989729952353
icwiro,markov_order_1,15,linear,,5.0,2015.0,0.784060541889062,1.822489920334752,1.6691937047554408,1.843124588091943
icwiro,markov_order_1,15,nearest,,5.0,242.0,0.6786191252199535,1.5628341109759059,1.6495206072405404,1.8296989729952353
icwiro,markov_order_2,15,linear,,5.0,2015.0,0.7513926216628962,2.0407131573814628,1.6691937047554408,1.843124588091943
icwiro,markov_order_2,15,nearest,,5.0,242.0,0.6891664152267004,1.535481758093117,1.6495206072405404,1.8296989729952353
icwiro,vq_ctw,15,linear,256.0,5.0,2015.0,0.9999999999980905,0.018890861234196876,6.419250276750583,6.419250276750583
icwiro,vq_ctw,15,nearest,256.0,5.0,242.0,0.9817542486833988,0.2101959679123709,4.502960059211,4.502960059211
icwiro,vq_ctw,15,linear,512.0,5.0,2015.0,0.9919771346894032,0.08600902345332001,6.259208809164715,6.259208809164715
icwiro,vq_ctw,15,nearest,512.0,5.0,242.0,0.9999999999988558,0.10971442088109816,4.4770035552694605,4.4770035552694605
icwiro,vq_ctw,15,linear,1024.0,5.0,2015.0,0.9983438167536444,0.01934326258401961,5.957277136558888,5.957277136558888
icwiro,vq_ctw,15,nearest,1024.0,5.0,242.0,1.0,0.0,4.8252020912736855,4.8252020912736855
idbayb,direct_ctw,15,linear,,5.0,2015.0,0.8784520429027615,1.091086937806824,1.637372678754319,1.797328501185077
idbayb,direct_ctw,15,nearest,,5.0,39.0,0.8316577799844441,0.9207144998148962,1.677948127891727,1.8696392835179416
idbayb,markov_order_1,15,linear,,5.0,2015.0,0.8345636710867114,1.4056771527889176,1.637372678754319,1.797328501185077
idbayb,markov_order_1,15,nearest,,5.0,39.0,0.7397783870687569,1.2395221036516093,1.677948127891727,1.8696392835179416
idbayb,markov_order_2,15,linear,,5.0,2015.0,0.8223885714244634,1.489165502552993,1.637372678754319,1.797328501185077
idbayb,markov_order_2,15,nearest,,5.0,39.0,0.7405819526170224,1.2370348047165725,1.677948127891727,1.8696392835179416
idbayb,vq_ctw,15,linear,256.0,5.0,2015.0,0.993928888869881,0.05950982341690717,4.215174855545644,4.215174855545644
idbayb,vq_ctw,15,nearest,256.0,5.0,39.0,0.9999999999980904,0.1738327868027775,3.7300513068907035,3.7300513068907035
idbayb,vq_ctw,15,linear,512.0,5.0,2015.0,0.9815689520609713,0.18428081305880212,3.819540870297029,3.819540870297029
idbayb,vq_ctw,15,nearest,512.0,5.0,39.0,1.0,0.0,2.9840835059446604,2.9840835059446604
idbayb,vq_ctw,15,linear,1024.0,5.0,2015.0,0.9952047891846733,0.05343505059513601,4.296945224534908,4.296945224534908
idbayb,vq_ctw,15,nearest,1024.0,5.0,39.0,1.0,0.0,3.2458850733844975,3.2458850733844975
idcadg,direct_ctw,15,linear,,5.0,2014.0,0.9309483257521173,0.6446208309039472,1.5077244834724943,1.6350110926996584
idcadg,direct_ctw,15,nearest,,5.0,109.0,0.8107517666391871,1.0186581785566637,1.7327332454105113,1.869990816665656
idcadg,markov_order_1,15,linear,,5.0,2014.0,0.9034548174814634,0.8525722657821395,1.5077244834724943,1.6350110926996584
idcadg,markov_order_1,15,nearest,,5.0,109.0,0.6677582452055385,1.4865744844015534,1.7327332454105113,1.869990816665656
idcadg,markov_order_2,15,linear,,5.0,2014.0,0.8997559090486184,0.8795128632771397,1.5077244834724943,1.6350110926996584
idcadg,markov_order_2,15,nearest,,5.0,109.0,0.6586993278381273,1.512294454353272,1.7327332454105113,1.869990816665656
idcadg,vq_ctw,15,linear,256.0,5.0,2014.0,0.9988263923577534,0.014977163773470078,3.3573629208770743,3.3573629208770743
idcadg,vq_ctw,15,nearest,256.0,5.0,109.0,1.0,0.0,2.9245354344951515,2.9245354344951515
idcadg,vq_ctw,15,linear,512.0,5.0,2014.0,0.9964820363810833,0.041909944594562494,3.4944023004487827,3.4944023004487827
idcadg,vq_ctw,15,nearest,512.0,5.0,109.0,0.9999999999994045,0.06023061026223324,3.7438465379315096,3.7438465379315096
idcadg,vq_ctw,15,linear,1024.0,5.0,2014.0,0.9988209930005751,0.015038256354165764,3.3337613541259907,3.3337613541259907
idcadg,vq_ctw,15,nearest,1024.0,5.0,109.0,1.0,0.0,3.4469239495053676,3.4469239495053676
ideutg,direct_ctw,15,linear,,5.0,2015.0,0.8713207784159599,1.1190047737857145,1.7019470130498864,1.8519149440562064
ideutg,direct_ctw,15,nearest,,5.0,143.0,0.8372859259058449,0.9296992127206413,1.7368464243091293,1.907487330104599
ideutg,markov_order_1,15,linear,,5.0,2015.0,0.8345153084949419,1.3741319843040676,1.7019470130498864,1.8519149440562064
ideutg,markov_order_1,15,nearest,,5.0,143.0,0.6868456607412919,1.4851937035653242,1.7368464243091293,1.907487330104599
ideutg,markov_order_2,15,linear,,5.0,2015.0,0.8212805179057736,1.462260416616095,1.7019470130498864,1.8519149440562064
ideutg,markov_order_2,15,nearest,,5.0,143.0,0.7143232955912993,1.3803394798022803,1.7368464243091293,1.907487330104599
ideutg,vq_ctw,15,linear,256.0,5.0,2015.0,0.9999999999980905,0.017980474324613877,3.8862212739718975,3.8862212739718975
ideutg,vq_ctw,15,nearest,256.0,5.0,143.0,0.9908823101305602,0.21110717855238464,4.202934765903403,4.202934765903403
ideutg,vq_ctw,15,linear,512.0,5.0,2015.0,0.9948749430176683,0.05449047960646677,3.8312898904487964,3.8312898904487964
ideutg,vq_ctw,15,nearest,512.0,5.0,143.0,0.999999999999506,0.04683633912576981,3.647291529677128,3.647291529677128
ideutg,vq_ctw,15,linear,1024.0,5.0,2015.0,0.9989866552486116,0.012553946100350858,3.9457383256502783,3.9457383256502783
ideutg,vq_ctw,15,nearest,1024.0,5.0,143.0,0.999999999999506,0.04683633912576981,3.8923142118811116,3.8923142118811116
idholv,direct_ctw,15,linear,,5.0,2014.0,0.8769033107957249,1.0950326780629989,1.5066558582818868,1.6844080655367872
idholv,direct_ctw,15,nearest,,5.0,232.0,0.8350353500292788,0.9856994587221212,1.6723952717277448,1.864425589072769
idholv,markov_order_1,15,linear,,5.0,2014.0,0.8402190275658104,1.3565644418014515,1.5066558582818868,1.6844080655367872
idholv,markov_order_1,15,nearest,,5.0,232.0,0.6887487680205896,1.5458548576345512,1.6723952717277448,1.864425589072769
idholv,markov_order_2,15,linear,,5.0,2014.0,0.823552443034067,1.4704150858957543,1.5066558582818868,1.6844080655367872
idholv,markov_order_2,15,nearest,,5.0,232.0,0.6886985409819933,1.554008774039026,1.6723952717277448,1.864425589072769
idholv,vq_ctw,15,linear,256.0,5.0,2014.0,0.9999999999980905,0.026067238425564323,4.113515783798281,4.113515783798281
idholv,vq_ctw,15,nearest,256.0,5.0,232.0,0.9860928146922752,0.1711084909955363,4.5040164423601885,4.5040164423601885
idholv,vq_ctw,15,linear,512.0,5.0,2014.0,0.9903545513652005,0.09772431720895701,3.918839955856453,3.918839955856453
idholv,vq_ctw,15,nearest,512.0,5.0,232.0,0.9999999999993745,0.05807552142168569,4.388077549399031,4.388077549399031
idholv,vq_ctw,15,linear,1024.0,5.0,2014.0,0.9983864096710968,0.018906503040334467,4.21270573280606,4.21270573280606
idholv,vq_ctw,15,nearest,1024.0,5.0,232.0,0.9961290346874245,0.08798812224282561,4.3915677862695635,4.3915677862695635
idjoat,direct_ctw,15,linear,,5.0,96.0,0.8685456422965122,1.0161706801883448,1.5601113432052252,1.7560103489642025
idjoat,direct_ctw,15,nearest,,5.0,33.0,0.8273257954272414,1.0647229044841284,1.5742013839922977,1.7397356686509977
idjoat,markov_order_1,15,linear,,5.0,96.0,0.7011082955864892,1.913927317598697,1.5601113432052252,1.7560103489642025
idjoat,markov_order_1,15,nearest,,5.0,33.0,0.6202310396472381,1.8396749012628004,1.5742013839922977,1.7397356686509977
idjoat,markov_order_2,15,linear,,5.0,96.0,0.6701744107700739,2.055757150924124,1.5601113432052252,1.7560103489642025
idjoat,markov_order_2,15,nearest,,5.0,33.0,0.6082796076077664,1.8754473928641635,1.5742013839922977,1.7397356686509977
idjoat,vq_ctw,15,linear,256.0,5.0,96.0,1.0,0.0,5.1301306187767235,5.1301306187767235
idjoat,vq_ctw,15,nearest,256.0,5.0,33.0,0.9999999999980905,0.19751717183898856,6.093218364510903,6.093218364510903
idjoat,vq_ctw,15,linear,512.0,5.0,96.0,0.9786173147139813,0.17051777857130754,4.714678333986841,4.714678333986841
idjoat,vq_ctw,15,nearest,512.0,5.0,33.0,1.0,0.0,5.431734426512168,5.431734426512168
idjoat,vq_ctw,15,linear,1024.0,5.0,96.0,1.0,0.0,5.212476385872682,5.212476385872682
idjoat,vq_ctw,15,nearest,1024.0,5.0,33.0,0.9999999999980905,0.19751717183898856,5.777066753522777,5.777066753522777
idjojw,direct_ctw,15,linear,,5.0,1456.0,0.9820259851393894,0.2018049528763498,1.4242218182104587,1.6015683819651747
idjojw,markov_order_1,15,linear,,5.0,1456.0,0.9668771324495296,0.342310338164196,1.4242218182104587,1.6015683819651747
idjojw,markov_order_2,15,linear,,5.0,1456.0,0.9672332498002766,0.33914962480862687,1.4242218182104587,1.6015683819651747
idjojw,vq_ctw,15,linear,256.0,5.0,1456.0,0.9985746460432924,0.016956196499278712,2.444452292903549,2.444452292903549
idjojw,vq_ctw,15,linear,512.0,5.0,1456.0,0.9979944928481063,0.024874434807678442,2.5875478553493005,2.5875478553493005
idjojw,vq_ctw,15,linear,1024.0,5.0,1456.0,0.9985746460432924,0.016956196499278712,2.529977537496462,2.529977537496462
idjokv,direct_ctw,15,linear,,5.0,2015.0,0.8772467992086336,1.1564389387949017,1.6667437446749942,1.8335292595883783
idjokv,direct_ctw,15,nearest,,5.0,228.0,0.836086125620183,1.0071074215749585,1.7118650306060283,1.884954110493685
idjokv,markov_order_1,15,linear,,5.0,2015.0,0.8320913553173066,1.499895589696079,1.6667437446749942,1.8335292595883783
idjokv,markov_order_1,15,nearest,,5.0,228.0,0.6769514751235126,1.6553504709080837,1.7118650306060283,1.884954110493685
idjokv,markov_order_2,15,linear,,5.0,2015.0,0.8084875893831137,1.6706886840499355,1.6667437446749942,1.8335292595883783
idjokv,markov_order_2,15,nearest,,5.0,228.0,0.6580067032377196,1.7149029235806181,1.7118650306060283,1.884954110493685
idjokv,vq_ctw,15,linear,256.0,5.0,2015.0,0.997036363753893,0.033856383342066046,4.1125682129463925,4.1125682129463925
idjokv,vq_ctw,15,nearest,256.0,5.0,228.0,0.9763449606262672,0.20798321625090285,4.473195545339785,4.473195545339785
idjokv,vq_ctw,15,linear,512.0,5.0,2015.0,0.9891104754632801,0.119302652204202,3.8357205844311397,3.8357205844311397
idjokv,vq_ctw,15,nearest,512.0,5.0,228.0,0.993020799501389,0.11917745550194996,5.2500025115779,5.2500025115779
idjokv,vq_ctw,15,linear,1024.0,5.0,2015.0,0.996746958843603,0.03807470348858741,4.203760574105196,4.203760574105196
idjokv,vq_ctw,15,nearest,1024.0,5.0,228.0,0.9735384636345712,0.17915988263604932,5.3398435548671275,5.3398435548671275
idlorr,direct_ctw,15,linear,,5.0,2013.0,0.8722558529108768,1.1717975210219733,1.6317386393632192,1.7861252271200792
idlorr,direct_ctw,15,nearest,,5.0,254.0,0.8318008296254952,1.0150652946228054,1.735117637022551,1.9054506103991151
idlorr,markov_order_1,15,linear,,5.0,2013.0,0.8173777825716588,1.5729552629590278,1.6317386393632192,1.7861252271200792
idlorr,markov_order_1,15,nearest,,5.0,254.0,0.6108751658388801,1.8298915282016854,1.735117637022551,1.9054506103991151
idlorr,markov_order_2,15,linear,,5.0,2013.0,0.798524648125152,1.7036324336686908,1.6317386393632192,1.7861252271200792
idlorr,markov_order_2,15,nearest,,5.0,254.0,0.6405728405751648,1.7480779536061832,1.735117637022551,1.9054506103991151
idlorr,vq_ctw,15,linear,256.0,5.0,2013.0,0.997031019461162,0.03390970769461695,4.44802862632454,4.44802862632454
idlorr,vq_ctw,15,nearest,256.0,5.0,254.0,0.9709494557217512,0.2828466038834397,5.1521178169662125,5.1521178169662125
idlorr,vq_ctw,15,linear,512.0,5.0,2013.0,0.9929261193309831,0.08312366952286428,4.924035128123781,4.924035128123781
idlorr,vq_ctw,15,nearest,512.0,5.0,254.0,0.9999999999989024,0.10556534525788436,5.322956493561889,5.322956493561889
idlorr,vq_ctw,15,linear,1024.0,5.0,2013.0,0.9974493280741682,0.030750289818411363,4.9792348791847525,4.9792348791847525
idlorr,vq_ctw,15,nearest,1024.0,5.0,254.0,0.9913679576095001,0.11786971356075396,5.65018535499804,5.65018535499804
idodly,direct_ctw,15,linear,,5.0,2012.0,0.8701482888711198,1.2176471171880925,1.5056461181612077,1.690671544002182
idodly,markov_order_1,15,linear,,5.0,2012.0,0.8079276129422606,1.6829477904669807,1.5056461181612077,1.690671544002182
idodly,markov_order_2,15,linear,,5.0,2012.0,0.7794724123954306,1.8830556003913055,1.5056461181612077,1.690671544002182
idodly,vq_ctw,15,linear,256.0,5.0,2012.0,0.9878547122925077,0.1139509806113922,5.49606124770715,5.49606124770715
idodly,vq_ctw,15,linear,512.0,5.0,2012.0,0.9677185742757242,0.30255140369200323,4.976970865451401,4.976970865451401
idodly,vq_ctw,15,linear,1024.0,5.0,2012.0,0.9868142637996511,0.12761181237914673,5.593221756697869,5.593221756697869
idshyw,direct_ctw,15,linear,,5.0,1981.0,0.8897808712782924,1.0059271350365708,1.6843735492940208,1.843327629571104
idshyw,direct_ctw,15,nearest,,5.0,247.0,0.8433781899296389,0.8934260902610184,1.604014118366697,1.8018506357958464
idshyw,markov_order_1,15,linear,,5.0,1981.0,0.843809475859638,1.341245379638566,1.6843735492940208,1.843327629571104
idshyw,markov_order_1,15,nearest,,5.0,247.0,0.7336063184695331,1.2983487751901943,1.604014118366697,1.8018506357958464
idshyw,markov_order_2,15,linear,,5.0,1981.0,0.8269233622116017,1.4582445556418002,1.6843735492940208,1.843327629571104
idshyw,markov_order_2,15,nearest,,5.0,247.0,0.7331379841311378,1.2996496563755857,1.604014118366697,1.8018506357958464
idshyw,vq_ctw,15,linear,256.0,5.0,1981.0,0.9956345628005784,0.044873200169395284,3.9741930169452937,3.9741930169452937
idshyw,vq_ctw,15,nearest,256.0,5.0,247.0,0.9881947110362433,0.1492977560049962,4.27822513210924,4.27822513210924
idshyw,vq_ctw,15,linear,512.0,5.0,1981.0,0.9893901965250951,0.11459465878542371,4.01936686247315,4.01936686247315
idshyw,vq_ctw,15,nearest,512.0,5.0,247.0,0.9885578762019406,0.1279778529962425,4.785286042652186,4.785286042652186
idshyw,vq_ctw,15,linear,1024.0,5.0,1981.0,0.9958246905870598,0.047362957062019394,4.125026616097325,4.125026616097325
idshyw,vq_ctw,15,nearest,1024.0,5.0,247.0,0.992960910542573,0.05429172519957172,4.56351326162509,4.56351326162509
idsmuk,direct_ctw,15,linear,,5.0,2015.0,0.8647841122867228,1.2350607632372737,1.5044071301136788,1.6716723770110515
idsmuk,direct_ctw,15,nearest,,5.0,174.0,0.8604572255412419,0.9105995575742927,1.6380318870805144,1.8079919992286124
idsmuk,markov_order_1,15,linear,,5.0,2015.0,0.8102608449692685,1.6319547487998647,1.5044071301136788,1.6716723770110515
idsmuk,markov_order_1,15,nearest,,5.0,174.0,0.6980386358757434,1.5850200117292568,1.6380318870805144,1.8079919992286124
idsmuk,markov_order_2,15,linear,,5.0,2015.0,0.7890003293281229,1.7787415332887262,1.5044071301136788,1.6716723770110515
idsmuk,markov_order_2,15,nearest,,5.0,174.0,0.7084354542943645,1.55661368043087,1.6380318870805144,1.8079919992286124
idsmuk,vq_ctw,15,linear,256.0,5.0,2015.0,0.989827828102464,0.09210454895102466,4.917439172423816,4.917439172423816
idsmuk,vq_ctw,15,nearest,256.0,5.0,174.0,0.9497489680071106,0.38914549724279346,5.653880078583462,5.653880078583462
idsmuk,vq_ctw,15,linear,512.0,5.0,2015.0,0.9758255971818959,0.23214305563931859,4.503883063991978,4.503883063991978
idsmuk,vq_ctw,15,nearest,512.0,5.0,174.0,0.9922281489982394,0.21589294274057685,6.4357234867284685,6.4357234867284685
idsmuk,vq_ctw,15,linear,1024.0,5.0,2015.0,0.9922820097989802,0.08317369691210863,5.055913030762173,5.055913030762173
idsmuk,vq_ctw,15,nearest,1024.0,5.0,174.0,0.9607898305688805,0.279096786850896,5.903371346429648,5.903371346429648
idtwal,direct_ctw,15,linear,,5.0,207.0,0.8827439425796532,0.9417802817428159,1.5970693660083248,1.773602582308391
idtwal,markov_order_1,15,linear,,5.0,207.0,0.7889215119642947,1.5002476435255196,1.5970693660083248,1.773602582308391
idtwal,markov_order_2,15,linear,,5.0,207.0,0.7621330388350758,1.6442192160613724,1.5970693660083248,1.773602582308391
idtwal,vq_ctw,15,linear,256.0,5.0,207.0,1.0,0.0,4.296657556754004,4.296657556754004
idtwal,vq_ctw,15,linear,512.0,5.0,207.0,0.9892924602308304,0.09615555550299432,3.996469616109997,3.996469616109997
idtwal,vq_ctw,15,linear,1024.0,5.0,207.0,0.9999999999980905,0.044761723741724754,4.1563948340743355,4.1563948340743355
idvoww,direct_ctw,15,linear,,5.0,2015.0,0.8664690486613782,1.2222646878194585,1.6063537606481364,1.7688517316870107
idvoww,direct_ctw,15,nearest,,5.0,198.0,0.8342023645232878,0.9548719863750572,1.644012688540765,1.8370391704772198
idvoww,markov_order_1,15,linear,,5.0,2015.0,0.8197012098383284,1.5654366888427484,1.6063537606481364,1.7688517316870107
idvoww,markov_order_1,15,nearest,,5.0,198.0,0.7064460840864645,1.4248921374577457,1.644012688540765,1.8370391704772198
idvoww,markov_order_2,15,linear,,5.0,2015.0,0.797869712870438,1.7179994685750488,1.6063537606481364,1.7688517316870107
idvoww,markov_order_2,15,nearest,,5.0,198.0,0.7248717077237153,1.3681008496180176,1.644012688540765,1.8370391704772198
idvoww,vq_ctw,15,linear,256.0,5.0,2015.0,0.9953704567878146,0.049902898590506055,4.590972599245652,4.590972599245652
idvoww,vq_ctw,15,nearest,256.0,5.0,198.0,0.9999999999992767,0.12130550841992781,4.223410229874058,4.223410229874058
idvoww,vq_ctw,15,linear,512.0,5.0,2015.0,0.9841409920908839,0.15850619116303927,4.251175353267796,4.251175353267796
idvoww,vq_ctw,15,nearest,512.0,5.0,198.0,1.0,0.0,3.7216800425519656,3.7216800425519656
idvoww,vq_ctw,15,linear,1024.0,5.0,2015.0,0.9943171024923804,0.06193077071462198,4.446318427109769,4.446318427109769
idvoww,vq_ctw,15,nearest,1024.0,5.0,198.0,1.0,0.0,3.8069227864087756,3.8069227864087756
ifanfa,direct_ctw,15,linear,,5.0,1984.0,0.9280905136247917,0.70271171181282,1.7780187618647163,1.8953970941756495
ifanfa,direct_ctw,15,nearest,,5.0,106.0,0.8417713790960398,0.9363125050111615,1.6194965497171754,1.7900458507788848
ifanfa,markov_order_1,15,linear,,5.0,1984.0,0.8904007245720472,1.0012146354023095,1.7780187618647163,1.8953970941756495
ifanfa,markov_order_1,15,nearest,,5.0,106.0,0.7338768112449842,1.3596484581064672,1.6194965497171754,1.7900458507788848
ifanfa,markov_order_2,15,linear,,5.0,1984.0,0.8834868622354013,1.0534625976271892,1.7780187618647163,1.8953970941756495
ifanfa,markov_order_2,15,nearest,,5.0,106.0,0.7316760803279359,1.36930876844048,1.6194965497171754,1.7900458507788848
ifanfa,vq_ctw,15,linear,256.0,5.0,1984.0,0.996891594199867,0.033477716695068285,3.780736131666492,3.780736131666492
ifanfa,vq_ctw,15,nearest,256.0,5.0,106.0,0.9701747501145471,0.33115514319824635,4.112219464648899,4.112219464648899
ifanfa,vq_ctw,15,linear,512.0,5.0,1984.0,0.9910530905171255,0.09884520247458815,3.7082393273571808,3.7082393273571808
ifanfa,vq_ctw,15,nearest,512.0,5.0,106.0,0.9999999999993154,0.0633377085633164,3.607272619716358,3.607272619716358
ifanfa,vq_ctw,15,linear,1024.0,5.0,1984.0,0.9969945290348797,0.03552081411873569,4.190007597681955,4.190007597681955
ifanfa,vq_ctw,15,nearest,1024.0,5.0,106.0,0.9999999999993154,0.06357668779513449,4.112302572918027,4.112302572918027
ifefro,direct_ctw,15,linear,,5.0,1791.0,0.8800497334151844,1.1289692241290519,1.7017923091441662,1.8483479298710679
ifefro,direct_ctw,15,nearest,,5.0,32.0,0.8263550532858811,1.0132652283654773,1.618527018361136,1.7980224997179501
ifefro,markov_order_1,15,linear,,5.0,1791.0,0.8163084724504228,1.6065441209928384,1.7017923091441662,1.8483479298710679
ifefro,markov_order_1,15,nearest,,5.0,32.0,0.6561644432946709,1.6161129770008502,1.618527018361136,1.7980224997179501
ifefro,markov_order_2,15,linear,,5.0,1791.0,0.7967196903767649,1.7448419468321292,1.7017923091441662,1.8483479298710679
ifefro,markov_order_2,15,nearest,,5.0,32.0,0.6726775986604664,1.5668120629384574,1.618527018361136,1.7980224997179501
ifefro,vq_ctw,15,linear,256.0,5.0,1791.0,0.9887390474313409,0.10688931244475364,4.62855180759535,4.62855180759535
ifefro,vq_ctw,15,nearest,256.0,5.0,32.0,1.0,0.0,4.259799703525547,4.259799703525547
ifefro,vq_ctw,15,linear,512.0,5.0,1791.0,0.9783472489497836,0.21140929139499617,4.33136759319004,4.33136759319004
ifefro,vq_ctw,15,nearest,512.0,5.0,32.0,1.0,0.0,4.170867848356702,4.170867848356702
ifefro,vq_ctw,15,linear,1024.0,5.0,1791.0,0.9918016399305256,0.08499415227542827,4.733869091235231,4.733869091235231
ifefro,vq_ctw,15,nearest,1024.0,5.0,32.0,0.9372985361542654,0.4007781284993675,4.869098171962569,4.869098171962569
ifelas,direct_ctw,15,linear,,5.0,2015.0,0.873225942922708,1.2780946144003322,1.6067081232112777,1.7711259819773713
ifelas,direct_ctw,15,nearest,,5.0,125.0,0.8465825196832937,0.8846139814811058,1.6279571749492532,1.7862433538882172
ifelas,markov_order_1,15,linear,,5.0,2015.0,0.7727704023121988,2.080831291690173,1.6067081232112777,1.7711259819773713
ifelas,markov_order_1,15,nearest,,5.0,125.0,0.7456506438939576,1.2727862469489635,1.6279571749492532,1.7862433538882172
ifelas,markov_order_2,15,linear,,5.0,2015.0,0.7272472739564367,2.415048205869293,1.6067081232112777,1.7711259819773713
ifelas,markov_order_2,15,nearest,,5.0,125.0,0.7338490217290798,1.3238671533151891,1.6279571749492532,1.7862433538882172
ifelas,vq_ctw,15,linear,256.0,5.0,2015.0,0.9738258739516441,0.21631147908080164,5.962032782444984,5.962032782444984
ifelas,vq_ctw,15,nearest,256.0,5.0,125.0,0.9999999999980905,0.17917002004111127,3.8607104480192365,3.8607104480192365
ifelas,vq_ctw,15,linear,512.0,5.0,2015.0,0.9606859466284613,0.37514254121927665,6.018857954172214,6.018857954172214
ifelas,vq_ctw,15,nearest,512.0,5.0,125.0,1.0,0.0,3.092638342147634,3.092638342147634
ifelas,vq_ctw,15,linear,1024.0,5.0,2015.0,0.9738638435946614,0.2421893095819733,5.740276200232001,5.740276200232001
ifelas,vq_ctw,15,nearest,1024.0,5.0,125.0,1.0,0.0,3.1705415854382646,3.1705415854382646
ifkald,direct_ctw,15,linear,,5.0,2015.0,0.8796545995566386,1.1619168320831963,1.7521579593759646,1.879228175696765
ifkald,direct_ctw,15,nearest,,5.0,47.0,0.8111564189305825,1.0767332054793417,1.6104531111993097,1.7913271261073542
ifkald,markov_order_1,15,linear,,5.0,2015.0,0.8211690141463748,1.616005039629939,1.7521579593759646,1.879228175696765
ifkald,markov_order_1,15,nearest,,5.0,47.0,0.6376416127893184,1.669340204742572,1.6104531111993097,1.7913271261073542
ifkald,markov_order_2,15,linear,,5.0,2015.0,0.79614079245889,1.799418028575695,1.7521579593759646,1.879228175696765
ifkald,markov_order_2,15,nearest,,5.0,47.0,0.6470242805659624,1.6426490237785556,1.6104531111993097,1.7913271261073542
ifkald,vq_ctw,15,linear,256.0,5.0,2015.0,0.9882794684516978,0.11057135313660749,5.27400684815325,5.27400684815325
ifkald,vq_ctw,15,nearest,256.0,5.0,47.0,1.0,0.0,3.2872620636082357,3.2872620636082357
ifkald,vq_ctw,15,linear,512.0,5.0,2015.0,0.9724082807942624,0.26963047511331006,4.936182932896783,4.936182932896783
ifkald,vq_ctw,15,nearest,512.0,5.0,47.0,0.9999999999980904,0.15006567622677963,4.907950428576352,4.907950428576352
ifkald,vq_ctw,15,linear,1024.0,5.0,2015.0,0.9900749361831207,0.10014607471511083,5.437776591402338,5.437776591402338
ifkald,vq_ctw,15,nearest,1024.0,5.0,47.0,1.0,0.0,3.7584107174628385,3.7584107174628385
ifragc,direct_ctw,15,linear,,5.0,1987.0,0.9018968020092109,0.855366664981401,1.5955924147075897,1.7631014242976382
ifragc,direct_ctw,15,nearest,,5.0,448.0,0.8435929962432199,0.9194184140743921,1.5633178957278275,1.7513496412270355
ifragc,markov_order_1,15,linear,,5.0,1987.0,0.8673547784557669,1.095229228320063,1.5955924147075897,1.7631014242976382
ifragc,markov_order_1,15,nearest,,5.0,448.0,0.7284462812188892,1.369592722036634,1.5633178957278275,1.7513496412270355
ifragc,markov_order_2,15,linear,,5.0,1987.0,0.8655298207879206,1.1074521585691213,1.5955924147075897,1.7631014242976382
ifragc,markov_order_2,15,nearest,,5.0,448.0,0.7203924517438031,1.3983372428632381,1.5633178957278275,1.7513496412270355
ifragc,vq_ctw,15,linear,256.0,5.0,1987.0,0.9999999999980905,0.006312380196906554,4.027458329887941,4.027458329887941
ifragc,vq_ctw,15,nearest,256.0,5.0,448.0,0.9796610578618611,0.22581894560130517,4.31642735328944,4.31642735328944
ifragc,vq_ctw,15,linear,512.0,5.0,1987.0,0.9956082524867362,0.04510549375040875,4.769689515133462,4.769689515133462
ifragc,vq_ctw,15,nearest,512.0,5.0,448.0,0.9980478403362787,0.09221716001160332,4.393066616354622,4.393066616354622
ifragc,vq_ctw,15,linear,1024.0,5.0,1987.0,0.9999999999980905,0.006757335921716817,4.684432456521143,4.684432456521143
ifragc,vq_ctw,15,nearest,1024.0,5.0,448.0,0.9943179156494336,0.10032335572500786,4.394300439692694,4.394300439692694
igglit,direct_ctw,15,linear,,5.0,2015.0,0.8577265557534823,1.3804324174999596,1.626564468845204,1.7798673952404012
igglit,markov_order_1,15,linear,,5.0,2015.0,0.7827071492205308,1.9621658760262985,1.626564468845204,1.7798673952404012
igglit,markov_order_2,15,linear,,5.0,2015.0,0.7420380690304843,2.2565277647935003,1.626564468845204,1.7798673952404012
igglit,vq_ctw,15,linear,256.0,5.0,2015.0,0.989303873123321,0.1023264441071948,5.449673760125177,5.449673760125177
igglit,vq_ctw,15,linear,512.0,5.0,2015.0,0.9732547694283852,0.2625773898150459,4.949004020338185,4.949004020338185
igglit,vq_ctw,15,linear,1024.0,5.0,2015.0,0.9877941683216044,0.1266367541411418,5.34095297219864,5.34095297219864
igsoys,direct_ctw,15,linear,,5.0,2015.0,0.8579732749778604,1.299655735739797,1.6865035336481193,1.8485727611984268
igsoys,direct_ctw,15,nearest,,5.0,113.0,0.8581883975568448,0.9975913932596016,1.8098982053026866,1.9257582775256392
igsoys,markov_order_1,15,linear,,5.0,2015.0,0.7971908798202516,1.741556483518002,1.6865035336481193,1.8485727611984268
igsoys,markov_order_1,15,nearest,,5.0,113.0,0.6345562707677479,1.9909109698866077,1.8098982053026866,1.9257582775256392
igsoys,markov_order_2,15,linear,,5.0,2015.0,0.7662460989371671,1.9532675211676862,1.6865035336481193,1.8485727611984268
igsoys,markov_order_2,15,nearest,,5.0,113.0,0.6293058381629664,2.014930131908481,1.8098982053026866,1.9257582775256392
igsoys,vq_ctw,15,linear,256.0,5.0,2015.0,0.9922299722956428,0.0779326211593582,5.068320860376453,5.068320860376453
igsoys,vq_ctw,15,nearest,256.0,5.0,113.0,0.9819572049341591,0.18185559083017086,6.916718555740031,6.916718555740031
igsoys,vq_ctw,15,linear,512.0,5.0,2015.0,0.9829899420573728,0.17205975986670524,5.1074688473468886,5.1074688473468886
igsoys,vq_ctw,15,nearest,512.0,5.0,113.0,0.9999999999992227,0.12443181371597226,7.631563783402579,7.631563783402579
igsoys,vq_ctw,15,linear,1024.0,5.0,2015.0,0.9938737761976099,0.06355354102805418,5.3492180359768735,5.3492180359768735
igsoys,vq_ctw,15,nearest,1024.0,5.0,113.0,0.9999999999992227,0.06257893305006101,7.358387282584064,7.358387282584064
igvidt,direct_ctw,15,linear,,5.0,2014.0,0.8756831527854718,1.1741008488561266,1.520274355364404,1.6936283000310026
igvidt,direct_ctw,15,nearest,,5.0,160.0,0.853262344817652,0.9293841913657822,1.5596885142366959,1.7464651121025523
igvidt,markov_order_1,15,linear,,5.0,2014.0,0.8241350615565236,1.5656533426597863,1.520274355364404,1.6936283000310026
igvidt,markov_order_1,15,nearest,,5.0,160.0,0.7136097266439995,1.5156661524615231,1.5596885142366959,1.7464651121025523
igvidt,markov_order_2,15,linear,,5.0,2014.0,0.8001508888258649,1.738351141542614,1.520274355364404,1.6936283000310026
igvidt,markov_order_2,15,nearest,,5.0,160.0,0.6964802286550984,1.5787495431687062,1.5596885142366959,1.7464651121025523
igvidt,vq_ctw,15,linear,256.0,5.0,2014.0,0.9963017740364272,0.04106486974388731,4.7046542992207465,4.7046542992207465
igvidt,vq_ctw,15,nearest,256.0,5.0,160.0,0.9999999999984961,0.14712519936539864,4.32037625853538,4.32037625853538
igvidt,vq_ctw,15,linear,512.0,5.0,2014.0,0.9864601656435573,0.14405747164995183,4.298429901382569,4.298429901382569
igvidt,vq_ctw,15,nearest,512.0,5.0,160.0,0.9999999999995822,0.04059497481817821,4.360092165789849,4.360092165789849
igvidt,vq_ctw,15,linear,1024.0,5.0,2014.0,0.9950842561364982,0.054601712524341914,4.665360300536075,4.665360300536075
igvidt,vq_ctw,15,nearest,1024.0,5.0,160.0,0.9846110667564882,0.11288441556012181,4.344746263741461,4.344746263741461
ijcoga,direct_ctw,15,linear,,5.0,2014.0,0.8645926298624529,1.2491204328309022,1.7721563692268871,1.9266481592307856
ijcoga,direct_ctw,15,nearest,,5.0,622.0,0.8132845232579049,1.0191421161671264,1.7213603087997658,1.899210653079481
ijcoga,markov_order_1,15,linear,,5.0,2014.0,0.8208830509095555,1.5737261893246752,1.7721563692268871,1.9266481592307856
ijcoga,markov_order_1,15,nearest,,5.0,622.0,0.6978507935291263,1.454764419355538,1.7213603087997658,1.899210653079481
ijcoga,markov_order_2,15,linear,,5.0,2014.0,0.7974221011675999,1.73994352159107,1.7721563692268871,1.9266481592307856
ijcoga,markov_order_2,15,nearest,,5.0,622.0,0.7067791422855029,1.4210290595301127,1.7213603087997658,1.899210653079481
ijcoga,vq_ctw,15,linear,256.0,5.0,2014.0,0.9985226589332376,0.018362422697169353,3.8136615781558114,3.8136615781558114
ijcoga,vq_ctw,15,nearest,256.0,5.0,622.0,0.9918930715168538,0.15084761257319634,3.830225194678605,3.830225194678605
ijcoga,vq_ctw,15,linear,512.0,5.0,2014.0,0.9947885516147944,0.06049444924862712,3.7710493124269373,3.7710493124269373
ijcoga,vq_ctw,15,nearest,512.0,5.0,622.0,0.9999999999997636,0.03049966652330637,3.759424688836536,3.759424688836536
ijcoga,vq_ctw,15,linear,1024.0,5.0,2014.0,0.9990982225562243,0.012225383547718124,3.892758339912957,3.892758339912957
ijcoga,vq_ctw,15,nearest,1024.0,5.0,622.0,0.996698983608774,0.044975059575085116,3.8992692670924995,3.8992692670924995
ijdeyd,direct_ctw,15,linear,,5.0,2015.0,0.8579662099939132,1.2034002698936457,1.7543456346051267,1.9044796383128133
ijdeyd,direct_ctw,15,nearest,,5.0,308.0,0.8336929290181355,0.9606414299119302,1.759014368139558,1.9193754937523726
ijdeyd,markov_order_1,15,linear,,5.0,2015.0,0.8178397525037335,1.472063616756195,1.7543456346051267,1.9044796383128133
ijdeyd,markov_order_1,15,nearest,,5.0,308.0,0.6765810059260541,1.5300873404752817,1.759014368139558,1.9193754937523726
ijdeyd,markov_order_2,15,linear,,5.0,2015.0,0.805852022225124,1.5491621063435561,1.7543456346051267,1.9044796383128133
ijdeyd,markov_order_2,15,nearest,,5.0,308.0,0.68640634503334,1.4992727487387218,1.759014368139558,1.9193754937523726
ijdeyd,vq_ctw,15,linear,256.0,5.0,2015.0,0.9974732140098295,0.029447957690912394,3.78772653053349,3.78772653053349
ijdeyd,vq_ctw,15,nearest,256.0,5.0,308.0,0.9860426541157568,0.2650523189036206,4.60067152169168,4.60067152169168
ijdeyd,vq_ctw,15,linear,512.0,5.0,2015.0,0.9936758361135748,0.06794070138461962,3.7741813242467566,3.7741813242467566
ijdeyd,vq_ctw,15,nearest,512.0,5.0,308.0,0.9999999999995288,0.06005665369266934,3.9609497178014683,3.9609497178014683
ijdeyd,vq_ctw,15,linear,1024.0,5.0,2015.0,0.9994510088426084,0.007286884995440193,3.952474231455008,3.952474231455008
ijdeyd,vq_ctw,15,nearest,1024.0,5.0,308.0,0.9953199302407024,0.055010933158090684,4.28580991281122,4.28580991281122
ijhigo,direct_ctw,15,linear,,5.0,2015.0,0.8493228691506663,1.3964777204613161,1.6195652168301005,1.7687317575959667
ijhigo,direct_ctw,15,nearest,,5.0,250.0,0.84545828982001,0.969204597674744,1.547616256440208,1.7355789425069077
ijhigo,markov_order_1,15,linear,,5.0,2015.0,0.7748365750589034,1.9424626749176446,1.6195652168301005,1.7687317575959667
ijhigo,markov_order_1,15,nearest,,5.0,250.0,0.7028119326439355,1.5406989078550226,1.547616256440208,1.7355789425069077
ijhigo,markov_order_2,15,linear,,5.0,2015.0,0.7477479497315065,2.1289233589924796,1.6195652168301005,1.7687317575959667
ijhigo,markov_order_2,15,nearest,,5.0,250.0,0.6903935063710352,1.5873344275134305,1.547616256440208,1.7355789425069077
ijhigo,vq_ctw,15,linear,256.0,5.0,2015.0,0.9900183294366093,0.09649217247889473,5.560780409426693,5.560780409426693
ijhigo,vq_ctw,15,nearest,256.0,5.0,250.0,0.959245706094911,0.33994205668335065,5.358020699793781,5.358020699793781
ijhigo,vq_ctw,15,linear,512.0,5.0,2015.0,0.9730200946205149,0.25995210665978497,5.335564752519879,5.335564752519879
ijhigo,vq_ctw,15,nearest,512.0,5.0,250.0,0.983512912737237,0.1587645917164786,5.895177789468671,5.895177789468671
ijhigo,vq_ctw,15,linear,1024.0,5.0,2015.0,0.9934886388645416,0.06967685784831738,5.7230483822361355,5.7230483822361355
ijhigo,vq_ctw,15,nearest,1024.0,5.0,250.0,0.9794430558135807,0.1458795749697328,5.081254355856786,5.081254355856786
ijhipv,direct_ctw,15,linear,,5.0,2015.0,0.8671183204853083,1.1297603105210159,1.6893587741163187,1.8471713993092806
ijhipv,direct_ctw,15,nearest,,5.0,364.0,0.821614218157921,1.04168586196063,1.8489256661432962,2.0165804581710716
ijhipv,markov_order_1,15,linear,,5.0,2015.0,0.8277119384140672,1.3947794226468788,1.6893587741163187,1.8471713993092806
ijhipv,markov_order_1,15,nearest,,5.0,364.0,0.6440160414300266,1.6765399726568808,1.8489256661432962,2.0165804581710716
ijhipv,markov_order_2,15,linear,,5.0,2015.0,0.8193540707282388,1.4488588739730879,1.6893587741163187,1.8471713993092806
ijhipv,markov_order_2,15,nearest,,5.0,364.0,0.6632411760821038,1.6276080482861306,1.8489256661432962,2.0165804581710716
ijhipv,vq_ctw,15,linear,256.0,5.0,2015.0,0.9976198225766946,0.026552526059930904,3.7830645487096204,3.7830645487096204
ijhipv,vq_ctw,15,nearest,256.0,5.0,364.0,0.9795741960477075,0.18552684886301596,4.2699469813482835,4.2699469813482835
ijhipv,vq_ctw,15,linear,512.0,5.0,2015.0,0.994602245321323,0.062382831793253234,3.755813106384782,3.755813106384782
ijhipv,vq_ctw,15,nearest,512.0,5.0,364.0,0.9861391571001107,0.10167348768332048,4.5708361032747815,4.5708361032747815
ijhipv,vq_ctw,15,linear,1024.0,5.0,2015.0,0.9983001982754142,0.021488699675312157,3.8823368541045093,3.8823368541045093
ijhipv,vq_ctw,15,nearest,1024.0,5.0,364.0,0.990660763481087,0.06853577508613913,4.827167244874126,4.827167244874126
ijpiaw,direct_ctw,15,linear,,5.0,2015.0,0.8758818915659262,1.1827648328186864,1.5925233613609846,1.7553393447195416
ijpiaw,direct_ctw,15,nearest,,5.0,75.0,0.8465974262349826,1.0303760653928973,1.4234987781474628,1.599941404991371
ijpiaw,markov_order_1,15,linear,,5.0,2015.0,0.8267738381976246,1.5605981911482596,1.5925233613609846,1.7553393447195416
ijpiaw,markov_order_1,15,nearest,,5.0,75.0,0.6688601817249359,1.8092477011392505,1.4234987781474628,1.599941404991371
ijpiaw,markov_order_2,15,linear,,5.0,2015.0,0.8009363260492484,1.7491957504226188,1.5925233613609846,1.7553393447195416
ijpiaw,markov_order_2,15,nearest,,5.0,75.0,0.6407562127132258,1.9121406668715064,1.4234987781474628,1.599941404991371
ijpiaw,vq_ctw,15,linear,256.0,5.0,2015.0,0.9937410761766972,0.0647360672430173,4.219134807697443,4.219134807697443
ijpiaw,vq_ctw,15,nearest,256.0,5.0,75.0,0.9505332250430084,0.348155187562709,5.8591847158618116,5.8591847158618116
ijpiaw,vq_ctw,15,linear,512.0,5.0,2015.0,0.984105526075778,0.16810670010872356,4.201348585227965,4.201348585227965
ijpiaw,vq_ctw,15,nearest,512.0,5.0,75.0,0.9999999999990326,0.08985505208379009,6.035688716138591,6.035688716138591
ijpiaw,vq_ctw,15,linear,1024.0,5.0,2015.0,0.9937903825911364,0.06887344020018238,4.370682493333826,4.370682493333826
ijpiaw,vq_ctw,15,nearest,1024.0,5.0,75.0,0.9730448625713405,0.17887494357817188,5.605085159774506,5.605085159774506
ijpruk,direct_ctw,15,linear,,5.0,2015.0,0.8595555543135645,1.2207107439477116,1.6092106675226199,1.7886811727690692
ijpruk,direct_ctw,15,nearest,,5.0,107.0,0.8352523637046451,0.9453608689968259,1.5807020338669273,1.733213056570004
ijpruk,markov_order_1,15,linear,,5.0,2015.0,0.8135564408142368,1.537361082684515,1.6092106675226199,1.7886811727690692
ijpruk,markov_order_1,15,nearest,,5.0,107.0,0.7302002720883795,1.3349075370273393,1.5807020338669273,1.733213056570004
ijpruk,markov_order_2,15,linear,,5.0,2015.0,0.8010474353207773,1.6198025242001757,1.6092106675226199,1.7886811727690692
ijpruk,markov_order_2,15,nearest,,5.0,107.0,0.71467717104901,1.3896379891936126,1.5807020338669273,1.733213056570004
ijpruk,vq_ctw,15,linear,256.0,5.0,2015.0,0.9999999999980905,0.037662883826802745,4.636915657470912,4.636915657470912
ijpruk,vq_ctw,15,nearest,256.0,5.0,107.0,0.9621307415259861,0.2596595142814716,4.136719522151414,4.136719522151414
ijpruk,vq_ctw,15,linear,512.0,5.0,2015.0,0.9798022660533615,0.17456197793198955,4.142422915531697,4.142422915531697
ijpruk,vq_ctw,15,nearest,512.0,5.0,107.0,0.9881630718633997,0.14249396081098126,6.016938510177236,6.016938510177236
ijpruk,vq_ctw,15,linear,1024.0,5.0,2015.0,0.997871609301824,0.024087380436785055,4.676712975851645,4.676712975851645
ijpruk,vq_ctw,15,nearest,1024.0,5.0,107.0,0.9578677385573815,0.26933567527093155,4.9144172654115295,4.9144172654115295
ijthin,direct_ctw,15,linear,,5.0,1995.0,0.88746104354427,1.102340686243831,1.6380656153081325,1.8064329636674743
ijthin,direct_ctw,15,nearest,,5.0,121.0,0.8341073794394384,0.9302632537328429,1.7747831034192183,1.9412612859740463
ijthin,markov_order_1,15,linear,,5.0,1995.0,0.8346013297553001,1.5212683562851905,1.6380656153081325,1.8064329636674743
ijthin,markov_order_1,15,nearest,,5.0,121.0,0.704099373372483,1.3726853589180592,1.7747831034192183,1.9412612859740463
ijthin,markov_order_2,15,linear,,5.0,1995.0,0.8093142606952095,1.7107546009015848,1.6380656153081325,1.8064329636674743
ijthin,markov_order_2,15,nearest,,5.0,121.0,0.7221556302932003,1.3277231940275032,1.7747831034192183,1.9412612859740463
ijthin,vq_ctw,15,linear,256.0,5.0,1995.0,0.9933827438352774,0.06790909371573611,4.3173309992640965,4.3173309992640965
ijthin,vq_ctw,15,nearest,256.0,5.0,121.0,0.9999999999987375,0.1491935595975137,3.718616180542005,3.718616180542005
ijthin,vq_ctw,15,linear,512.0,5.0,1995.0,0.9832949318651456,0.17547124746219855,4.01754688775618,4.01754688775618
ijthin,vq_ctw,15,nearest,512.0,5.0,121.0,1.0,0.0,3.072073610742702,3.072073610742702
ijthin,vq_ctw,15,linear,1024.0,5.0,1995.0,0.9931178349351427,0.073093004265726,4.323299996106085,4.323299996106085
ijthin,vq_ctw,15,nearest,1024.0,5.0,121.0,1.0,0.0,3.2634096940833026,3.2634096940833026
ijtowh,direct_ctw,15,linear,,5.0,2015.0,0.8620411982112308,1.2348466152083488,1.6328462382764886,1.7946050253231052
ijtowh,direct_ctw,15,nearest,,5.0,142.0,0.8068592205271055,1.0334063537610878,1.8153277642363026,1.997689613069472
ijtowh,markov_order_1,15,linear,,5.0,2015.0,0.8110348418698013,1.5978096931278145,1.6328462382764886,1.7946050253231052
ijtowh,markov_order_1,15,nearest,,5.0,142.0,0.6544043921065563,1.6133122050245612,1.8153277642363026,1.997689613069472
ijtowh,markov_order_2,15,linear,,5.0,2015.0,0.7874309727334257,1.7571065407913276,1.6328462382764886,1.7946050253231052
ijtowh,markov_order_2,15,nearest,,5.0,142.0,0.672261397812243,1.5744492819012776,1.8153277642363026,1.997689613069472
ijtowh,vq_ctw,15,linear,256.0,5.0,2015.0,0.9999999999980905,0.04667024550523836,4.5385092104256985,4.5385092104256985
ijtowh,vq_ctw,15,nearest,256.0,5.0,142.0,0.9861083403899853,0.0903980726311914,4.515380959142487,4.515380959142487
ijtowh,vq_ctw,15,linear,512.0,5.0,2015.0,0.986795644376734,0.1409693071180622,4.243983813995161,4.243983813995161
ijtowh,vq_ctw,15,nearest,512.0,5.0,142.0,0.9851123070453728,0.09534577551362126,4.980858342043616,4.980858342043616
ijtowh,vq_ctw,15,linear,1024.0,5.0,2015.0,0.9959006180278352,0.042511049262280026,4.653915735439683,4.653915735439683
ijtowh,vq_ctw,15,nearest,1024.0,5.0,142.0,0.9877082852847056,0.08940823313827143,4.651590907634123,4.651590907634123
ikdagc,direct_ctw,15,linear,,5.0,2003.0,0.9228931472744717,0.7808594045100411,1.3266604774148394,1.534854653129506
ikdagc,markov_order_1,15,linear,,5.0,2003.0,0.8793172418074081,1.1400916492593935,1.3266604774148394,1.534854653129506
ikdagc,markov_order_2,15,linear,,5.0,2003.0,0.8593401990503569,1.2955076387794326,1.3266604774148394,1.534854653129506
ikdagc,vq_ctw,15,linear,256.0,5.0,2003.0,0.9999999999980905,0.03966102429021007,5.503891705939825,5.503891705939825
ikdagc,vq_ctw,15,linear,512.0,5.0,2003.0,0.9888415355516599,0.11722297170386331,5.229661441916997,5.229661441916997
ikdagc,vq_ctw,15,linear,1024.0,5.0,2003.0,0.9972881024868061,0.03132833139136151,5.036555709081622,5.036555709081622
ikkimm,direct_ctw,15,linear,,5.0,2013.0,0.8693761880851414,1.2589703783573318,1.5443480409919195,1.7188769839665878
ikkimm,direct_ctw,15,nearest,,5.0,336.0,0.8282363290451569,0.9719544335610641,1.5752439406945051,1.7756454349682396
ikkimm,markov_order_1,15,linear,,5.0,2013.0,0.81629776098935,1.6723038306774891,1.5443480409919195,1.7188769839665878
ikkimm,markov_order_1,15,nearest,,5.0,336.0,0.7356705472484948,1.3447634865156541,1.5752439406945051,1.7756454349682396
ikkimm,markov_order_2,15,linear,,5.0,2013.0,0.7843851939391011,1.9072465782510837,1.5443480409919195,1.7188769839665878
ikkimm,markov_order_2,15,nearest,,5.0,336.0,0.7170111746841671,1.4055420517216681,1.5752439406945051,1.7756454349682396
ikkimm,vq_ctw,15,linear,256.0,5.0,2013.0,0.9912258434623434,0.08645907834014072,4.779615658946257,4.779615658946257
ikkimm,vq_ctw,15,nearest,256.0,5.0,336.0,0.9829274313645029,0.20407063954750224,3.768885704948917,3.768885704948917
ikkimm,vq_ctw,15,linear,512.0,5.0,2013.0,0.9809080364056558,0.19683146843101929,4.566698193905356,4.566698193905356
ikkimm,vq_ctw,15,nearest,512.0,5.0,336.0,0.999999999999102,0.06558414479616147,3.9143252685104204,3.9143252685104204
ikkimm,vq_ctw,15,linear,1024.0,5.0,2013.0,0.9922124376452462,0.0813151977052702,4.834913530543014,4.834913530543014
ikkimm,vq_ctw,15,nearest,1024.0,5.0,336.0,0.9961872547350362,0.03059544836621721,3.9121240384916676,3.9121240384916676
ikujfu,direct_ctw,15,linear,,5.0,2015.0,0.8864817923451029,1.0309142959132598,1.6655769719993898,1.8314930788064212
ikujfu,direct_ctw,15,nearest,,5.0,199.0,0.8275231038011559,1.0169227087278077,1.623222071359459,1.7840982746007195
ikujfu,markov_order_1,15,linear,,5.0,2015.0,0.8475752551741931,1.3147368517060454,1.6655769719993898,1.8314930788064212
ikujfu,markov_order_1,15,nearest,,5.0,199.0,0.6875064084109558,1.5259339255831907,1.623222071359459,1.7840982746007195
ikujfu,markov_order_2,15,linear,,5.0,2015.0,0.8333562022883297,1.4140248822779922,1.6655769719993898,1.8314930788064212
ikujfu,markov_order_2,15,nearest,,5.0,199.0,0.6908517340940219,1.5245174964841977,1.623222071359459,1.7840982746007195
ikujfu,vq_ctw,15,linear,256.0,5.0,2015.0,0.9999999999980905,0.024562360278428407,3.831526354581986,3.831526354581986
ikujfu,vq_ctw,15,nearest,256.0,5.0,199.0,0.9898231593786859,0.1864498077491145,4.227303236647023,4.227303236647023
ikujfu,vq_ctw,15,linear,512.0,5.0,2015.0,0.9937429293048938,0.06731650081099225,3.7438427523552926,3.7438427523552926
ikujfu,vq_ctw,15,nearest,512.0,5.0,199.0,0.9999999999996066,0.03431141226680669,3.678652750749179,3.678652750749179
ikujfu,vq_ctw,15,linear,1024.0,5.0,2015.0,0.9988611841971787,0.013916469397862629,4.010656110212793,4.010656110212793
ikujfu,vq_ctw,15,nearest,1024.0,5.0,199.0,0.995601676260661,0.03508517709568466,3.8394673904382337,3.8394673904382337
ilcoby,direct_ctw,15,linear,,5.0,2015.0,0.85645911004323,1.4116836790335519,1.711241538677389,1.8677446652252516
ilcoby,direct_ctw,15,nearest,,5.0,182.0,0.838075273068314,0.9669409847643758,1.6251448278386351,1.8182512752985378
ilcoby,markov_order_1,15,linear,,5.0,2015.0,0.7699785704602675,2.089271951221762,1.711241538677389,1.8677446652252516
ilcoby,markov_order_1,15,nearest,,5.0,182.0,0.686006934747846,1.5355664841335497,1.6251448278386351,1.8182512752985378
ilcoby,markov_order_2,15,linear,,5.0,2015.0,0.7268179722591424,2.403251361440581,1.711241538677389,1.8677446652252516
ilcoby,markov_order_2,15,nearest,,5.0,182.0,0.6918690468047767,1.5219641059277127,1.6251448278386351,1.8182512752985378
ilcoby,vq_ctw,15,linear,256.0,5.0,2015.0,0.9854589410232916,0.13262668716277773,5.830222276601997,5.830222276601997
ilcoby,vq_ctw,15,nearest,256.0,5.0,182.0,0.9595235902595685,0.31930594992029043,4.563930424536193,4.563930424536193
ilcoby,vq_ctw,15,linear,512.0,5.0,2015.0,0.9689177511017705,0.30304357650722935,5.582001373018857,5.582001373018857
ilcoby,vq_ctw,15,nearest,512.0,5.0,182.0,0.9924283761237355,0.20067039105943166,5.081678642444575,5.081678642444575
ilcoby,vq_ctw,15,linear,1024.0,5.0,2015.0,0.9859069255170939,0.1395676464903385,5.646964739881772,5.646964739881772
ilcoby,vq_ctw,15,nearest,1024.0,5.0,182.0,0.999999999999276,0.07717316040414887,5.562647753987717,5.562647753987717
ilkble,direct_ctw,15,linear,,5.0,2015.0,0.8587423723358472,1.2351838985587125,1.6388691274325597,1.7864814651208094
ilkble,direct_ctw,15,nearest,,5.0,77.0,0.8608407593705254,0.900500936852331,1.4752978097751877,1.6680116059766394
ilkble,markov_order_1,15,linear,,5.0,2015.0,0.794334901205141,1.676081376997386,1.6388691274325597,1.7864814651208094
ilkble,markov_order_1,15,nearest,,5.0,77.0,0.695305626793652,1.5918331848119294,1.4752978097751877,1.6680116059766394
ilkble,markov_order_2,15,linear,,5.0,2015.0,0.790715414418956,1.6996750010931096,1.6388691274325597,1.7864814651208094
ilkble,markov_order_2,15,nearest,,5.0,77.0,0.6971329127248462,1.5809800024680982,1.4752978097751877,1.6680116059766394
ilkble,vq_ctw,15,linear,256.0,5.0,2015.0,0.9851055298340118,0.12661754222876354,5.733751860810189,5.733751860810189
ilkble,vq_ctw,15,nearest,256.0,5.0,77.0,0.9716777830724176,0.32788605015704847,5.278523525899171,5.278523525899171
ilkble,vq_ctw,15,linear,512.0,5.0,2015.0,0.9593034415147395,0.3675664949098786,5.42355857017207,5.42355857017207
ilkble,vq_ctw,15,nearest,512.0,5.0,77.0,0.9825173846992229,0.27028672038978163,6.616862325904036,6.616862325904036
ilkble,vq_ctw,15,linear,1024.0,5.0,2015.0,0.989312839082162,0.10668924155233778,6.218411728749808,6.218411728749808
ilkble,vq_ctw,15,nearest,1024.0,5.0,77.0,0.9999999999991073,0.08642608357566021,6.582828382819974,6.582828382819974
ilkedv,direct_ctw,15,linear,,5.0,2014.0,0.8915125158665788,1.0517998392794903,1.624450620732324,1.7860633859400044
ilkedv,direct_ctw,15,nearest,,5.0,204.0,0.8362060138295865,0.9591022286618374,1.671718198675392,1.8704146597727125
ilkedv,markov_order_1,15,linear,,5.0,2014.0,0.8359237154065897,1.485566444932486,1.624450620732324,1.7860633859400044
ilkedv,markov_order_1,15,nearest,,5.0,204.0,0.7206262667275497,1.3910301694946108,1.671718198675392,1.8704146597727125
ilkedv,markov_order_2,15,linear,,5.0,2014.0,0.8115516131795766,1.6648194075883995,1.624450620732324,1.7860633859400044
ilkedv,markov_order_2,15,nearest,,5.0,204.0,0.7135279921889851,1.4145708047724348,1.671718198675392,1.8704146597727125
ilkedv,vq_ctw,15,linear,256.0,5.0,2014.0,0.9914088054201051,0.08491852885746153,4.201548972202028,4.201548972202028
ilkedv,vq_ctw,15,nearest,256.0,5.0,204.0,0.9731066045406556,0.3227164742460901,4.724658152917166,4.724658152917166
ilkedv,vq_ctw,15,linear,512.0,5.0,2014.0,0.9845586073196814,0.16396407248342112,4.440786601971,4.440786601971
ilkedv,vq_ctw,15,nearest,512.0,5.0,204.0,0.9999999999995132,0.03740216095591153,4.2379682215400685,4.2379682215400685
ilkedv,vq_ctw,15,linear,1024.0,5.0,2014.0,0.9931739222364881,0.06974510650770853,4.332958951085223,4.332958951085223
ilkedv,vq_ctw,15,nearest,1024.0,5.0,204.0,1.0,0.0,4.011872141718719,4.011872141718719
ilyutj,direct_ctw,15,linear,,5.0,2015.0,0.8460230774355652,1.3964239992912169,1.7167705401718614,1.880786031673163
ilyutj,direct_ctw,15,nearest,,5.0,158.0,0.8597396184926984,0.9179213013804804,1.5548569220849613,1.723601799002742
ilyutj,markov_order_1,15,linear,,5.0,2015.0,0.7805275622225809,1.8663084936789522,1.7167705401718614,1.880786031673163
ilyutj,markov_order_1,15,nearest,,5.0,158.0,0.7215830490627474,1.5182261307086182,1.5548569220849613,1.723601799002742
ilyutj,markov_order_2,15,linear,,5.0,2015.0,0.7492849571858203,2.0771149623951874,1.7167705401718614,1.880786031673163
ilyutj,markov_order_2,15,nearest,,5.0,158.0,0.6967481437365162,1.6070361558144957,1.5548569220849613,1.723601799002742
ilyutj,vq_ctw,15,linear,256.0,5.0,2015.0,0.9914941525193346,0.07922236779467881,5.52347000306749,5.52347000306749
ilyutj,vq_ctw,15,nearest,256.0,5.0,158.0,0.9664130540791243,0.20385401393475713,5.318923632319539,5.318923632319539
ilyutj,vq_ctw,15,linear,512.0,5.0,2015.0,0.9808638238745903,0.19028460212806808,5.203777100535778,5.203777100535778
ilyutj,vq_ctw,15,nearest,512.0,5.0,158.0,0.9746434184232134,0.1852478747267106,5.74066196631364,5.74066196631364
ilyutj,vq_ctw,15,linear,1024.0,5.0,2015.0,0.9949654511282566,0.05365792767241926,5.785104394612058,5.785104394612058
ilyutj,vq_ctw,15,nearest,1024.0,5.0,158.0,0.988285822415857,0.12419138347884896,5.609165499256416,5.609165499256416
imhacy,direct_ctw,15,linear,,5.0,1910.0,0.9769071649051978,0.25084172389605497,1.911864482941651,1.995446661384328
imhacy,direct_ctw,15,nearest,,5.0,39.0,0.7967414198786604,1.0505548038475219,1.418454148751032,1.6701942755355526
imhacy,markov_order_1,15,linear,,5.0,1910.0,0.9649348922530203,0.3594496142263434,1.911864482941651,1.995446661384328
imhacy,markov_order_1,15,nearest,,5.0,39.0,0.6710702772830917,1.4351704123632583,1.418454148751032,1.6701942755355526
imhacy,markov_order_2,15,linear,,5.0,1910.0,0.9620540948808265,0.3845772667344427,1.911864482941651,1.995446661384328
imhacy,markov_order_2,15,nearest,,5.0,39.0,0.6787286347822437,1.41496173205854,1.418454148751032,1.6701942755355526
imhacy,vq_ctw,15,linear,256.0,5.0,1910.0,0.999300353271703,0.009450994840707855,2.0883096429712067,2.0883096429712067
imhacy,vq_ctw,15,nearest,256.0,5.0,39.0,0.9999999999980904,0.2870648499271707,3.9489853636228176,3.9489853636228176
imhacy,vq_ctw,15,linear,512.0,5.0,1910.0,0.9977490725858892,0.028859809816789685,2.135859604386934,2.135859604386934
imhacy,vq_ctw,15,nearest,512.0,5.0,39.0,1.0,0.0,2.950298667392844,2.950298667392844
imhacy,vq_ctw,15,linear,1024.0,5.0,1910.0,0.999021012786127,0.012749716133113044,2.089157972386831,2.089157972386831
imhacy,vq_ctw,15,nearest,1024.0,5.0,39.0,1.0,0.0,3.127507157717777,3.127507157717777
imnees,direct_ctw,15,linear,,5.0,2012.0,0.8538575626582514,1.3881483715799483,1.6322442839739177,1.800848250019572
imnees,direct_ctw,15,nearest,,5.0,154.0,0.8307589885277723,0.9753355393136646,1.683026659539235,1.879345320341865
imnees,markov_order_1,15,linear,,5.0,2012.0,0.7777298226714168,1.9628425184920573,1.6322442839739177,1.800848250019572
imnees,markov_order_1,15,nearest,,5.0,154.0,0.7060954923334479,1.4245627777744414,1.683026659539235,1.879345320341865
imnees,markov_order_2,15,linear,,5.0,2012.0,0.7375657516817933,2.245526284436517,1.6322442839739177,1.800848250019572
imnees,markov_order_2,15,nearest,,5.0,154.0,0.7065008256838052,1.4304755259598805,1.683026659539235,1.879345320341865
imnees,vq_ctw,15,linear,256.0,5.0,2012.0,0.9815739693576152,0.16171411295989574,5.928830543484096,5.928830543484096
imnees,vq_ctw,15,nearest,256.0,5.0,154.0,0.9673991221759732,0.21352611096267238,3.6874958424002067,3.6874958424002067
imnees,vq_ctw,15,linear,512.0,5.0,2012.0,0.9532303233563683,0.42076933432623703,5.487283364801209,5.487283364801209
imnees,vq_ctw,15,nearest,512.0,5.0,154.0,0.99999999999938,0.042753228959792874,4.0955864511189235,4.0955864511189235
imnees,vq_ctw,15,linear,1024.0,5.0,2012.0,0.9844274748747327,0.14694633919557382,6.366246393780574,6.366246393780574
imnees,vq_ctw,15,nearest,1024.0,5.0,154.0,0.9943685101689026,0.0466256249343503,4.3121334273705125,4.3121334273705125
imoikc,direct_ctw,15,linear,,5.0,2015.0,0.8820664801743623,1.1076573243201926,1.670294685337554,1.8288560984855853
imoikc,direct_ctw,15,nearest,,5.0,293.0,0.8353891427202416,0.9851924272286885,1.7043094632464546,1.8963001279909022
imoikc,markov_order_1,15,linear,,5.0,2015.0,0.8343658346559685,1.468203652591083,1.670294685337554,1.8288560984855853
imoikc,markov_order_1,15,nearest,,5.0,293.0,0.6595870561357384,1.6300539400341674,1.7043094632464546,1.8963001279909022
imoikc,markov_order_2,15,linear,,5.0,2015.0,0.8126271026260952,1.6242254177153268,1.670294685337554,1.8288560984855853
imoikc,markov_order_2,15,nearest,,5.0,293.0,0.6775272520400097,1.5758381242747328,1.7043094632464546,1.8963001279909022
imoikc,vq_ctw,15,linear,256.0,5.0,2015.0,0.9959934980132942,0.04168061046750631,4.446557204256572,4.446557204256572
imoikc,vq_ctw,15,nearest,256.0,5.0,293.0,0.9999999999997654,0.02271265677585612,3.896803911647506,3.896803911647506
imoikc,vq_ctw,15,linear,512.0,5.0,2015.0,0.9858773513978408,0.14353225428994584,4.03002505210634,4.03002505210634
imoikc,vq_ctw,15,nearest,512.0,5.0,293.0,0.9999999999997392,0.023272056431758486,4.1248851602616154,4.1248851602616154
imoikc,vq_ctw,15,linear,1024.0,5.0,2015.0,0.9950938313258223,0.04960302183356668,4.412597311800173,4.412597311800173
imoikc,vq_ctw,15,nearest,1024.0,5.0,293.0,0.9999999999995177,0.045678665710200204,4.180997935388504,4.180997935388504
imwryt,direct_ctw,15,linear,,5.0,2015.0,0.8635049830474606,1.1209655218811712,1.6284072047178704,1.8086588720761774
imwryt,direct_ctw,15,nearest,,5.0,185.0,0.8450446517995857,0.9795323443284045,1.6508669439677432,1.8287012908284423
imwryt,markov_order_1,15,linear,,5.0,2015.0,0.8157006745162159,1.4265898868833424,1.6284072047178704,1.8086588720761774
imwryt,markov_order_1,15,nearest,,5.0,185.0,0.6862651794789585,1.6249746289043447,1.6508669439677432,1.8287012908284423
imwryt,markov_order_2,15,linear,,5.0,2015.0,0.8118380038934576,1.4502586091179939,1.6284072047178704,1.8086588720761774
imwryt,markov_order_2,15,nearest,,5.0,185.0,0.6837125768069581,1.6356143178958094,1.6508669439677432,1.8287012908284423
imwryt,vq_ctw,15,linear,256.0,5.0,2015.0,0.9915929358966595,0.08336241538688728,5.662445626829365,5.662445626829365
imwryt,vq_ctw,15,nearest,256.0,5.0,185.0,0.9781921203581551,0.22776653777149933,5.152923253772016,5.152923253772016
imwryt,vq_ctw,15,linear,512.0,5.0,2015.0,0.9676514877055267,0.2811470561544652,5.388335695526773,5.388335695526773
imwryt,vq_ctw,15,nearest,512.0,5.0,185.0,0.9999999999984207,0.13401916386269053,5.607746934208913,5.607746934208913
imwryt,vq_ctw,15,linear,1024.0,5.0,2015.0,0.9954759793753605,0.050793918860385014,6.508735261596028,6.508735261596028
imwryt,vq_ctw,15,nearest,1024.0,5.0,185.0,0.9910886115771637,0.07281992266947085,5.6815241342872085,5.6815241342872085
imwyoj,direct_ctw,15,linear,,5.0,2015.0,0.8654331192803477,1.1868152547856161,1.6755015573049525,1.8410512259895961
imwyoj,direct_ctw,15,nearest,,5.0,513.0,0.8237902190298089,1.0822307169174676,1.6666671548830168,1.852652178929462
imwyoj,markov_order_1,15,linear,,5.0,2015.0,0.8112025805742775,1.5645780533290472,1.6755015573049525,1.8410512259895961
imwyoj,markov_order_1,15,nearest,,5.0,513.0,0.6667483805558128,1.7054602301047164,1.6666671548830168,1.852652178929462
imwyoj,markov_order_2,15,linear,,5.0,2015.0,0.7984136159351181,1.6493555509634439,1.6755015573049525,1.8410512259895961
imwyoj,markov_order_2,15,nearest,,5.0,513.0,0.6589280715188397,1.7319961253461271,1.6666671548830168,1.852652178929462
imwyoj,vq_ctw,15,linear,256.0,5.0,2015.0,0.9999999999980905,0.018277912861035195,4.480540061323322,4.480540061323322
imwyoj,vq_ctw,15,nearest,256.0,5.0,513.0,0.9813656665322636,0.15962924077314716,4.4235603965295756,4.4235603965295756
imwyoj,vq_ctw,15,linear,512.0,5.0,2015.0,0.9913076795045704,0.0806860263001059,4.46253217931306,4.46253217931306
imwyoj,vq_ctw,15,nearest,512.0,5.0,513.0,0.999999999999248,0.055368723960675256,4.757536736360062,4.757536736360062
imwyoj,vq_ctw,15,linear,1024.0,5.0,2015.0,0.9999999999980905,0.012550713138215394,4.504105390660638,4.504105390660638
imwyoj,vq_ctw,15,nearest,1024.0,5.0,513.0,0.996661517025841,0.04034812269441671,4.797261623034242,4.797261623034242
inckki,direct_ctw,15,linear,,5.0,2014.0,0.8516278032613871,1.3408166800416306,1.6805698172914194,1.8333523842343575
inckki,direct_ctw,15,nearest,,5.0,113.0,0.8176315208582604,1.019012572708072,1.6306824829289388,1.8022672021151758
inckki,markov_order_1,15,linear,,5.0,2014.0,0.789087192416777,1.788127372186365,1.6805698172914194,1.8333523842343575
inckki,markov_order_1,15,nearest,,5.0,113.0,0.7274609235496103,1.3448428312430716,1.6306824829289388,1.8022672021151758
inckki,markov_order_2,15,linear,,5.0,2014.0,0.7649141882424533,1.9514334618600695,1.6805698172914194,1.8333523842343575
inckki,markov_order_2,15,nearest,,5.0,113.0,0.7119130356438067,1.397410441474919,1.6306824829289388,1.8022672021151758
inckki,vq_ctw,15,linear,256.0,5.0,2014.0,0.987847300812907,0.11400975631844827,5.212099017356171,5.212099017356171
inckki,vq_ctw,15,nearest,256.0,5.0,113.0,0.9780869287066166,0.15410641471445855,3.839643489865242,3.839643489865242
inckki,vq_ctw,15,linear,512.0,5.0,2014.0,0.9661789085648478,0.3081543263252637,4.7127697419695105,4.7127697419695105
inckki,vq_ctw,15,nearest,512.0,5.0,113.0,0.9999999999993072,0.10056922382375999,3.8720577043622417,3.8720577043622417
inckki,vq_ctw,15,linear,1024.0,5.0,2014.0,0.9884394739046237,0.11409051631649865,5.45101696684077,5.45101696684077
inckki,vq_ctw,15,nearest,1024.0,5.0,113.0,0.9900468107779785,0.08157319920149793,4.19788041642882,4.19788041642882
indtwr,direct_ctw,15,linear,,5.0,2015.0,0.8934699894445064,1.022009925158807,1.579045415225093,1.766883551632975
indtwr,direct_ctw,15,nearest,,5.0,121.0,0.8643139224787547,0.797277988533591,1.4418747045679159,1.6369183388837116
indtwr,markov_order_1,15,linear,,5.0,2015.0,0.8482127182935385,1.3732313725396221,1.579045415225093,1.766883551632975
indtwr,markov_order_1,15,nearest,,5.0,121.0,0.8038012293620262,1.0463846455265908,1.4418747045679159,1.6369183388837116
indtwr,markov_order_2,15,linear,,5.0,2015.0,0.8265238758461073,1.5329758567080891,1.579045415225093,1.766883551632975
indtwr,markov_order_2,15,nearest,,5.0,121.0,0.788850233684609,1.1000552916746538,1.4418747045679159,1.6369183388837116
indtwr,vq_ctw,15,linear,256.0,5.0,2015.0,0.9941592528911436,0.06099531613196771,4.383115054208614,4.383115054208614
indtwr,vq_ctw,15,nearest,256.0,5.0,121.0,0.9942102451075868,0.0488462990770298,2.719146183597316,2.719146183597316
indtwr,vq_ctw,15,linear,512.0,5.0,2015.0,0.9867073215418074,0.1440422948728496,4.26652489416696,4.26652489416696
indtwr,vq_ctw,15,nearest,512.0,5.0,121.0,0.9999999999992899,0.04645327018869418,3.0986137097705653,3.0986137097705653
indtwr,vq_ctw,15,linear,1024.0,5.0,2015.0,0.9946571628087552,0.05870181819037236,4.473496570523594,4.473496570523594
indtwr,vq_ctw,15,nearest,1024.0,5.0,121.0,0.9999999999992899,0.04645327018869418,3.2487252244572877,3.2487252244572877
indyep,direct_ctw,15,linear,,5.0,2011.0,0.8712882981919243,1.1516130400459557,1.6034520311985587,1.7701055231044656
indyep,direct_ctw,15,nearest,,5.0,298.0,0.8349828731422895,0.931879494944842,1.5038734444918103,1.699344704889667
indyep,markov_order_1,15,linear,,5.0,2011.0,0.8306818769190366,1.4424315675213448,1.6034520311985587,1.7701055231044656
indyep,markov_order_1,15,nearest,,5.0,298.0,0.7288699934493561,1.3163167835498928,1.5038734444918103,1.699344704889667
indyep,markov_order_2,15,linear,,5.0,2011.0,0.8122750718314939,1.5684554206569452,1.6034520311985587,1.7701055231044656
indyep,markov_order_2,15,nearest,,5.0,298.0,0.7187870905541536,1.3490733343434116,1.5038734444918103,1.699344704889667
indyep,vq_ctw,15,linear,256.0,5.0,2011.0,0.9982595034806803,0.020203203504265216,4.077633035151312,4.077633035151312
indyep,vq_ctw,15,nearest,256.0,5.0,298.0,0.9876203263395962,0.18786204164120082,3.79024180871207,3.79024180871207
indyep,vq_ctw,15,linear,512.0,5.0,2011.0,0.9921645901330682,0.08632871406472696,3.8539511603169347,3.8539511603169347
indyep,vq_ctw,15,nearest,512.0,5.0,298.0,0.9999999999995323,0.04478058793252263,3.432841319125075,3.432841319125075
indyep,vq_ctw,15,linear,1024.0,5.0,2011.0,0.9982898827865068,0.020894404102218628,4.0818410582701725,4.0818410582701725
indyep,vq_ctw,15,nearest,1024.0,5.0,298.0,0.99700859744666,0.04571454072609987,3.463850294102614,3.463850294102614
inghog,direct_ctw,15,linear,,5.0,2015.0,0.8739798441376275,1.2170917429949943,1.7213043132797576,1.8571184700370857
inghog,direct_ctw,15,nearest,,5.0,311.0,0.8394597703988472,1.0005180219551337,1.5880735707025804,1.7604295672480026
inghog,markov_order_1,15,linear,,5.0,2015.0,0.8023113804223023,1.7693657963745948,1.7213043132797576,1.8571184700370857
inghog,markov_order_1,15,nearest,,5.0,311.0,0.718169261427898,1.4980406268375996,1.5880735707025804,1.7604295672480026
inghog,markov_order_2,15,linear,,5.0,2015.0,0.7802292873378827,1.9293525401753968,1.7213043132797576,1.8571184700370857
inghog,markov_order_2,15,nearest,,5.0,311.0,0.7098091337751702,1.529673624805321,1.5880735707025804,1.7604295672480026
inghog,vq_ctw,15,linear,256.0,5.0,2015.0,0.9835881296302764,0.14680204865674287,5.641672539062299,5.641672539062299
inghog,vq_ctw,15,nearest,256.0,5.0,311.0,0.9797938555774225,0.1721799035616851,4.290520541972725,4.290520541972725
inghog,vq_ctw,15,linear,512.0,5.0,2015.0,0.9571605800001586,0.38368094930890484,5.453991457682411,5.453991457682411
inghog,vq_ctw,15,nearest,512.0,5.0,311.0,0.9999999999980905,0.13765334263815526,4.819996358045765,4.819996358045765
inghog,vq_ctw,15,linear,1024.0,5.0,2015.0,0.9873438587518907,0.12323974989797033,6.257995021791877,6.257995021791877
inghog,vq_ctw,15,nearest,1024.0,5.0,311.0,0.9898958004148743,0.11786654381651532,5.394940455396997,5.394940455396997
inghot,direct_ctw,15,linear,,5.0,2015.0,0.8684040071959225,1.1875231531440453,1.5938776006166633,1.758103429340221
inghot,direct_ctw,15,nearest,,5.0,75.0,0.8582845927174022,0.9102387747261745,1.483606571341426,1.6552382891528377
inghot,markov_order_1,15,linear,,5.0,2015.0,0.7992982211866018,1.6776438138305974,1.5938776006166633,1.758103429340221
inghot,markov_order_1,15,nearest,,5.0,75.0,0.7163290538401673,1.5153922907405046,1.483606571341426,1.6552382891528377
inghot,markov_order_2,15,linear,,5.0,2015.0,0.7845358294720193,1.7763061866973218,1.5938776006166633,1.758103429340221
inghot,markov_order_2,15,nearest,,5.0,75.0,0.6782734281181982,1.6434441748460626,1.483606571341426,1.6552382891528377
inghot,vq_ctw,15,linear,256.0,5.0,2015.0,0.9770821940318919,0.19384763394445756,5.8739196818916115,5.8739196818916115
inghot,vq_ctw,15,nearest,256.0,5.0,75.0,0.9531532344632101,0.31950541361206736,5.634638969872603,5.634638969872603
inghot,vq_ctw,15,linear,512.0,5.0,2015.0,0.9598617110159364,0.3633407469391694,5.631669117596896,5.631669117596896
inghot,vq_ctw,15,nearest,512.0,5.0,75.0,0.969749296391171,0.28390990641856106,6.391924565486128,6.391924565486128
inghot,vq_ctw,15,linear,1024.0,5.0,2015.0,0.9864490330791617,0.13060877251246472,6.4194566391574535,6.4194566391574535
inghot,vq_ctw,15,nearest,1024.0,5.0,75.0,0.9738217127425725,0.2794240449697878,6.658781598660655,6.658781598660655
inhial,direct_ctw,15,linear,,5.0,1244.0,0.9482210830165191,0.49104685483288746,1.9074932795952106,2.0039275286985103
inhial,markov_order_1,15,linear,,5.0,1244.0,0.9190248623190915,0.7139069520132861,1.9074932795952106,2.0039275286985103
inhial,markov_order_2,15,linear,,5.0,1244.0,0.917680015612024,0.7237229038131235,1.9074932795952106,2.0039275286985103
inhial,vq_ctw,15,linear,256.0,5.0,1244.0,0.9973247437727936,0.030957618975881472,2.9993229737869886,2.9993229737869886
inhial,vq_ctw,15,linear,512.0,5.0,1244.0,0.9934950804298885,0.07342238082066953,2.9432350998166523,2.9432350998166523
inhial,vq_ctw,15,linear,1024.0,5.0,1244.0,0.9972266605754216,0.033099397558897306,2.970388738184577,2.970388738184577
inlica,direct_ctw,15,linear,,5.0,2015.0,0.8462257976345777,1.4262010736649642,1.6944748657294892,1.8558863394971368
inlica,direct_ctw,15,nearest,,5.0,114.0,0.8187781512555256,1.0443780080164402,1.7865215259645522,1.9872986971249766
inlica,markov_order_1,15,linear,,5.0,2015.0,0.7711253474111834,1.9771619926105777,1.6944748657294892,1.8558863394971368
inlica,markov_order_1,15,nearest,,5.0,114.0,0.6512800974098456,1.6278815791656143,1.7865215259645522,1.9872986971249766
inlica,markov_order_2,15,linear,,5.0,2015.0,0.7316236749170372,2.247544604561571,1.6944748657294892,1.8558863394971368
inlica,markov_order_2,15,nearest,,5.0,114.0,0.6596452715137656,1.6040903502438768,1.7865215259645522,1.9872986971249766
inlica,vq_ctw,15,linear,256.0,5.0,2015.0,0.9863280947892513,0.1259236061315567,5.558356102415897,5.558356102415897
inlica,vq_ctw,15,nearest,256.0,5.0,114.0,0.9640728401788362,0.29423673176210047,4.455101783078025,4.455101783078025
inlica,vq_ctw,15,linear,512.0,5.0,2015.0,0.9662975805394804,0.31373953331304893,5.080299205435298,5.080299205435298
inlica,vq_ctw,15,nearest,512.0,5.0,114.0,0.99999999999866,0.11932654192266377,4.0217773473222,4.0217773473222
inlica,vq_ctw,15,linear,1024.0,5.0,2015.0,0.9895363708482577,0.10477852920712877,5.750031595557936,5.750031595557936
inlica,vq_ctw,15,nearest,1024.0,5.0,114.0,0.999999999998727,0.11743020188783522,4.609881169143383,4.609881169143383
inquay,direct_ctw,15,linear,,5.0,2014.0,0.8658321296381433,1.2875701264356967,1.648944830097307,1.8029596594564672
inquay,direct_ctw,15,nearest,,5.0,185.0,0.8328407307642752,0.9430749336640657,1.5145980455464823,1.6986088064474683
inquay,markov_order_1,15,linear,,5.0,2014.0,0.7938486587948808,1.8385280047509434,1.648944830097307,1.8029596594564672
inquay,markov_order_1,15,nearest,,5.0,185.0,0.7238567491727683,1.3427854466615872,1.5145980455464823,1.6986088064474683
inquay,markov_order_2,15,linear,,5.0,2014.0,0.762203530698956,2.065363592868868,1.648944830097307,1.8029596594564672
inquay,markov_order_2,15,nearest,,5.0,185.0,0.7242248067706492,1.3408145195632826,1.5145980455464823,1.6986088064474683
inquay,vq_ctw,15,linear,256.0,5.0,2014.0,0.9894517821511942,0.10112448431423395,5.303115128534376,5.303115128534376
inquay,vq_ctw,15,nearest,256.0,5.0,185.0,0.9751963601197245,0.29506908843014806,4.453659915968355,4.453659915968355
inquay,vq_ctw,15,linear,512.0,5.0,2014.0,0.9722833465193266,0.274881174586869,4.86915723642514,4.86915723642514
inquay,vq_ctw,15,nearest,512.0,5.0,185.0,0.9999999999991228,0.07694148228806251,4.274085993349982,4.274085993349982
inquay,vq_ctw,15,linear,1024.0,5.0,2014.0,0.9873068354781284,0.12354643247513021,5.198675515608258,5.198675515608258
inquay,vq_ctw,15,nearest,1024.0,5.0,185.0,0.992989185583337,0.08970805644535698,4.17274534600446,4.17274534600446
inshfo,direct_ctw,15,linear,,5.0,415.0,0.9095590847419766,0.7092625707771586,1.6781185000827759,1.8238721177562491
inshfo,markov_order_1,15,linear,,5.0,415.0,0.8582656019127282,1.0139662775588731,1.6781185000827759,1.8238721177562491
inshfo,markov_order_2,15,linear,,5.0,415.0,0.8590574211550215,1.009529764186485,1.6781185000827759,1.8238721177562491
inshfo,vq_ctw,15,linear,256.0,5.0,415.0,1.0,0.0,3.4002237996607274,3.4002237996607274
inshfo,vq_ctw,15,linear,512.0,5.0,415.0,0.9999999999980905,0.0268945740656183,3.3710468814990966,3.3710468814990966
inshfo,vq_ctw,15,linear,1024.0,5.0,415.0,1.0,0.0,3.4984969292074246,3.4984969292074246
insodf,direct_ctw,15,linear,,5.0,2015.0,0.8986186295797992,0.9607354323667481,1.6113699037323066,1.7794858002118341
insodf,direct_ctw,15,nearest,,5.0,308.0,0.8137052251931997,1.0378482793724462,1.6294173492505577,1.8174595113332648
insodf,markov_order_1,15,linear,,5.0,2015.0,0.8571923214178374,1.2780720974253432,1.6113699037323066,1.7794858002118341
insodf,markov_order_1,15,nearest,,5.0,308.0,0.6873415406771088,1.5274865783872245,1.6294173492505577,1.8174595113332648
insodf,markov_order_2,15,linear,,5.0,2015.0,0.8435396587003603,1.3779343068881948,1.6113699037323066,1.7794858002118341
insodf,markov_order_2,15,nearest,,5.0,308.0,0.6879538316444088,1.5168000527458123,1.6294173492505577,1.8174595113332648
insodf,vq_ctw,15,linear,256.0,5.0,2015.0,0.9955343551399986,0.048368949971759355,3.965051767689575,3.965051767689575
insodf,vq_ctw,15,nearest,256.0,5.0,308.0,0.9823301735816309,0.2147534800119873,4.670114119515097,4.670114119515097
insodf,vq_ctw,15,linear,512.0,5.0,2015.0,0.9875143601665769,0.13190569314364997,3.6928297255147307,3.6928297255147307
insodf,vq_ctw,15,nearest,512.0,5.0,308.0,0.9999999999994358,0.0726574345337632,4.19992166382782,4.19992166382782
insodf,vq_ctw,15,linear,1024.0,5.0,2015.0,0.9952483799560568,0.054541731703457934,4.005948546043455,4.005948546043455
insodf,vq_ctw,15,nearest,1024.0,5.0,308.0,0.9971503201076529,0.057716184576078605,4.499320471058128,4.499320471058128
ioajdi,direct_ctw,15,linear,,5.0,2014.0,0.8650017228203045,1.2334101200853713,1.6875927028891013,1.8395823964932854
ioajdi,direct_ctw,15,nearest,,5.0,307.0,0.8376570509816517,0.959562209523973,1.6814696307359054,1.857008865682193
ioajdi,markov_order_1,15,linear,,5.0,2014.0,0.8175283782468812,1.5808225674870646,1.6875927028891013,1.8395823964932854
ioajdi,markov_order_1,15,nearest,,5.0,307.0,0.6837576468276577,1.5294302201570704,1.6814696307359054,1.857008865682193
ioajdi,markov_order_2,15,linear,,5.0,2014.0,0.7923234495386688,1.7560641270169677,1.6875927028891013,1.8395823964932854
ioajdi,markov_order_2,15,nearest,,5.0,307.0,0.6931004928154133,1.5003166766722942,1.6814696307359054,1.857008865682193
ioajdi,vq_ctw,15,linear,256.0,5.0,2014.0,0.9971523609555395,0.03269550782639002,4.338352630484143,4.338352630484143
ioajdi,vq_ctw,15,nearest,256.0,5.0,307.0,0.9906447067203176,0.09239750831539709,3.473381929498258,3.473381929498258
ioajdi,vq_ctw,15,linear,512.0,5.0,2014.0,0.9849911664777514,0.15744053568782648,3.9756958997113907,3.9756958997113907
ioajdi,vq_ctw,15,nearest,512.0,5.0,307.0,0.9999999999989798,0.08617225212523949,4.191867095012578,4.191867095012578
ioajdi,vq_ctw,15,linear,1024.0,5.0,2014.0,0.9966986819044066,0.0385694747575406,4.25212112256082,4.25212112256082
ioajdi,vq_ctw,15,nearest,1024.0,5.0,307.0,0.9999999999997699,0.02181627522796442,4.019232893746361,4.019232893746361
ioangi,direct_ctw,15,linear,,5.0,1932.0,0.8952753031036361,0.9364086681531609,1.7377774907272514,1.91898302214045
ioangi,direct_ctw,15,nearest,,5.0,170.0,0.8323555348064567,0.9993858540777901,1.6465014990158686,1.872949305115814
ioangi,markov_order_1,15,linear,,5.0,1932.0,0.854831466043124,1.2250242707918961,1.7377774907272514,1.91898302214045
ioangi,markov_order_1,15,nearest,,5.0,170.0,0.6953347791458325,1.5288823485822138,1.6465014990158686,1.872949305115814
ioangi,markov_order_2,15,linear,,5.0,1932.0,0.8420638026138911,1.311938232076953,1.7377774907272514,1.91898302214045
ioangi,markov_order_2,15,nearest,,5.0,170.0,0.6756932402125415,1.5933269427664374,1.6465014990158686,1.872949305115814
ioangi,vq_ctw,15,linear,256.0,5.0,1932.0,1.0,0.0,8.923344185511086,8.923344185511086
ioangi,vq_ctw,15,nearest,256.0,5.0,170.0,0.9883673170924333,0.18433788140486243,4.072616918160562,4.072616918160562
ioangi,vq_ctw,15,linear,512.0,5.0,1932.0,0.9999999999980905,0.011832770136927271,8.880965497951884,8.880965497951884
ioangi,vq_ctw,15,nearest,512.0,5.0,170.0,1.0,0.0,4.19699553870649,4.19699553870649
ioangi,vq_ctw,15,linear,1024.0,5.0,1932.0,1.0,0.0,6.511138926814789,6.511138926814789
ioangi,vq_ctw,15,nearest,1024.0,5.0,170.0,0.9999999999996182,0.06314560587745653,4.294576829830168,4.294576829830168
iodjie,direct_ctw,15,linear,,5.0,2015.0,0.8721931831088855,1.1904266302011772,1.6303638997614036,1.7820438621939652
iodjie,direct_ctw,15,nearest,,5.0,305.0,0.8440449248753921,0.9579882768848285,1.5859184057744977,1.7740444740001027
iodjie,markov_order_1,15,linear,,5.0,2015.0,0.8193637070647107,1.5846485051885677,1.6303638997614036,1.7820438621939652
iodjie,markov_order_1,15,nearest,,5.0,305.0,0.7135009484699107,1.4780576571230748,1.5859184057744977,1.7740444740001027
iodjie,markov_order_2,15,linear,,5.0,2015.0,0.7985387156653301,1.732147475589426,1.6303638997614036,1.7820438621939652
iodjie,markov_order_2,15,nearest,,5.0,305.0,0.7016440836274513,1.520783403773378,1.5859184057744977,1.7740444740001027
iodjie,vq_ctw,15,linear,256.0,5.0,2015.0,0.9949801931642573,0.053522098482437656,4.698358991428143,4.698358991428143
iodjie,vq_ctw,15,nearest,256.0,5.0,305.0,0.9473801949264017,0.3999809182438125,5.060657753267862,5.060657753267862
iodjie,vq_ctw,15,linear,512.0,5.0,2015.0,0.9861654286495931,0.13737972159535725,4.266590903337173,4.266590903337173
iodjie,vq_ctw,15,nearest,512.0,5.0,305.0,0.9961513578919297,0.1474729270478443,5.147562059797215,5.147562059797215
iodjie,vq_ctw,15,linear,1024.0,5.0,2015.0,0.9953912733753083,0.05310501860584197,4.549036305414961,4.549036305414961
iodjie,vq_ctw,15,nearest,1024.0,5.0,305.0,0.9934730633713201,0.14917068681442167,5.475079898283577,5.475079898283577
iodlac,direct_ctw,15,linear,,5.0,1890.0,0.8767319880127357,1.111121195612586,1.5791140200328515,1.747835989910439
iodlac,direct_ctw,15,nearest,,5.0,218.0,0.8253645688724612,0.9709466834827365,1.6341843254414183,1.8086953580383618
iodlac,markov_order_1,15,linear,,5.0,1890.0,0.8396617867686047,1.3797056583902607,1.5791140200328515,1.747835989910439
iodlac,markov_order_1,15,nearest,,5.0,218.0,0.7011719387006733,1.4687127087861955,1.6341843254414183,1.8086953580383618
iodlac,markov_order_2,15,linear,,5.0,1890.0,0.8218195838265203,1.5035244799068541,1.5791140200328515,1.747835989910439
iodlac,markov_order_2,15,nearest,,5.0,218.0,0.6964362308962737,1.47084338778169,1.6341843254414183,1.8086953580383618
iodlac,vq_ctw,15,linear,256.0,5.0,1890.0,0.9969342407993347,0.03307960680590191,3.8676136437100754,3.8676136437100754
iodlac,vq_ctw,15,nearest,256.0,5.0,218.0,0.9795078906502541,0.16570228686614105,3.8783009992308983,3.8783009992308983
iodlac,vq_ctw,15,linear,512.0,5.0,1890.0,0.9903806280625956,0.09350546914713098,3.7360127181805676,3.7360127181805676
iodlac,vq_ctw,15,nearest,512.0,5.0,218.0,0.9938569134121997,0.09390525536709404,4.528369685501735,4.528369685501735
iodlac,vq_ctw,15,linear,1024.0,5.0,1890.0,0.9976008474613134,0.028140103760795454,3.968357352109721,3.968357352109721
iodlac,vq_ctw,15,nearest,1024.0,5.0,218.0,0.9822685650650748,0.12772866703338606,4.285062991860609,4.285062991860609
iofpli,direct_ctw,15,linear,,5.0,2014.0,0.8717248965251043,1.2052834241480763,1.6271457455552714,1.7824843675375646
iofpli,direct_ctw,15,nearest,,5.0,181.0,0.8299086466724099,1.0268813513945176,1.653119680851853,1.8298283289905053
iofpli,markov_order_1,15,linear,,5.0,2014.0,0.8234907761064174,1.5703647909606617,1.6271457455552714,1.7824843675375646
iofpli,markov_order_1,15,nearest,,5.0,181.0,0.6630413658210695,1.6680920042242724,1.653119680851853,1.8298283289905053
iofpli,markov_order_2,15,linear,,5.0,2014.0,0.7970907383708861,1.7600019260970214,1.6271457455552714,1.7824843675375646
iofpli,markov_order_2,15,nearest,,5.0,181.0,0.65699350660364,1.6886288835648102,1.653119680851853,1.8298283289905053
iofpli,vq_ctw,15,linear,256.0,5.0,2014.0,0.9933766394378063,0.06796289942480939,4.374042814994964,4.374042814994964
iofpli,vq_ctw,15,nearest,256.0,5.0,181.0,0.9677765990232945,0.26242585312144784,5.164734526236726,5.164734526236726
iofpli,vq_ctw,15,linear,512.0,5.0,2014.0,0.9866546253605791,0.14226892232909036,4.22280628738844,4.22280628738844
iofpli,vq_ctw,15,nearest,512.0,5.0,181.0,0.9953220963873373,0.13216999099734117,5.45158895318331,5.45158895318331
iofpli,vq_ctw,15,linear,1024.0,5.0,2014.0,0.9944795233304036,0.06039234186795002,4.461198648802266,4.461198648802266
iofpli,vq_ctw,15,nearest,1024.0,5.0,181.0,0.9888012559983331,0.12011919748020336,5.8082497355708105,5.8082497355708105
ioivkn,direct_ctw,15,linear,,5.0,1999.0,0.8571329629478119,1.3938553134757559,1.5762609181854568,1.7443915149201992
ioivkn,direct_ctw,15,nearest,,5.0,48.0,0.8075567383196574,1.0914412084968423,1.4006620893573567,1.6459848379404545
ioivkn,markov_order_1,15,linear,,5.0,1999.0,0.7583905774221711,2.154273268102267,1.5762609181854568,1.7443915149201992
ioivkn,markov_order_1,15,nearest,,5.0,48.0,0.667796787747312,1.5815679893356949,1.4006620893573567,1.6459848379404545
ioivkn,markov_order_2,15,linear,,5.0,1999.0,0.7244021419896913,2.3967850259924717,1.5762609181854568,1.7443915149201992
ioivkn,markov_order_2,15,nearest,,5.0,48.0,0.6779016415235753,1.5508454820057276,1.4006620893573567,1.6459848379404545
ioivkn,vq_ctw,15,linear,256.0,5.0,1999.0,0.9777899582104049,0.18887776060055164,6.385536667742184,6.385536667742184
ioivkn,vq_ctw,15,nearest,256.0,5.0,48.0,0.9540215762090171,0.315039905343494,4.2451238989749545,4.2451238989749545
ioivkn,vq_ctw,15,linear,512.0,5.0,1999.0,0.9494405614232271,0.45672349493335435,6.149742424230803,6.149742424230803
ioivkn,vq_ctw,15,nearest,512.0,5.0,48.0,0.9999999999980905,0.24140259830144292,4.728230583993744,4.728230583993744
ioivkn,vq_ctw,15,linear,1024.0,5.0,1999.0,0.9799796887663837,0.18159519149817582,6.843296123068395,6.843296123068395
ioivkn,vq_ctw,15,nearest,1024.0,5.0,48.0,0.9999999999980905,0.11903528563758188,5.723787788254711,5.723787788254711
iorjtw,direct_ctw,15,linear,,5.0,2015.0,0.8484295955852157,1.378337186178957,1.646472456777438,1.8127089517639832
iorjtw,direct_ctw,15,nearest,,5.0,183.0,0.8541630749274125,0.8900549406616239,1.4504829800860104,1.6230443227904328
iorjtw,markov_order_1,15,linear,,5.0,2015.0,0.7893652574269834,1.8052189333160462,1.646472456777438,1.8127089517639832
iorjtw,markov_order_1,15,nearest,,5.0,183.0,0.7211246512750451,1.4101786707487487,1.4504829800860104,1.6230443227904328
iorjtw,markov_order_2,15,linear,,5.0,2015.0,0.756123910191888,2.0316339947169935,1.646472456777438,1.8127089517639832
iorjtw,markov_order_2,15,nearest,,5.0,183.0,0.7260051955298398,1.3974298073815206,1.4504829800860104,1.6230443227904328
iorjtw,vq_ctw,15,linear,256.0,5.0,2015.0,0.9934720900190903,0.0671206329342809,4.902217756985209,4.902217756985209
iorjtw,vq_ctw,15,nearest,256.0,5.0,183.0,0.9880181918557166,0.22813129615795133,4.2674701926721,4.2674701926721
iorjtw,vq_ctw,15,linear,512.0,5.0,2015.0,0.9821168119951288,0.1756116936274175,4.698226576632293,4.698226576632293
iorjtw,vq_ctw,15,nearest,512.0,5.0,183.0,0.9999999999995931,0.03704633161370668,3.8292037853982057,3.8292037853982057
iorjtw,vq_ctw,15,linear,1024.0,5.0,2015.0,0.9949898490148475,0.057125407077234874,5.035649111991729,5.035649111991729
iorjtw,vq_ctw,15,nearest,1024.0,5.0,183.0,1.0,0.0,4.2320710486915285,4.2320710486915285
iotklo,direct_ctw,15,linear,,5.0,2015.0,0.8871249111536132,1.05115826023956,1.6039719476880556,1.7680127835188106
iotklo,direct_ctw,15,nearest,,5.0,270.0,0.8425687407857692,1.0048318660385087,1.5762835671823994,1.7631475378318224
iotklo,markov_order_1,15,linear,,5.0,2015.0,0.8467644283657477,1.3545362209844507,1.6039719476880556,1.7680127835188106
iotklo,markov_order_1,15,nearest,,5.0,270.0,0.6791109468288482,1.6815951881561448,1.5762835671823994,1.7631475378318224
iotklo,markov_order_2,15,linear,,5.0,2015.0,0.8307514408363865,1.4696208040273324,1.6039719476880556,1.7680127835188106
iotklo,markov_order_2,15,nearest,,5.0,270.0,0.6606266911789425,1.745782936686038,1.5762835671823994,1.7631475378318224
iotklo,vq_ctw,15,linear,256.0,5.0,2015.0,0.997481785946462,0.02788735815346877,3.869924443749364,3.869924443749364
iotklo,vq_ctw,15,nearest,256.0,5.0,270.0,0.9527822203491884,0.3339844083707811,4.67122394325392,4.67122394325392
iotklo,vq_ctw,15,linear,512.0,5.0,2015.0,0.99174155470875,0.09519146876614908,3.753141636934656,3.753141636934656
iotklo,vq_ctw,15,nearest,512.0,5.0,270.0,0.9999999999995192,0.07242690749537394,4.723748209777771,4.723748209777771
iotklo,vq_ctw,15,linear,1024.0,5.0,2015.0,0.9975942822919985,0.029206074994474803,3.8825174369223947,3.8825174369223947
iotklo,vq_ctw,15,nearest,1024.0,5.0,270.0,0.9792800319082123,0.14572697423632497,4.645403343200784,4.645403343200784
iovhar,direct_ctw,15,linear,,5.0,2015.0,0.863860755837959,1.2420582174857517,1.6427328095367741,1.8044424990819405
iovhar,direct_ctw,15,nearest,,5.0,296.0,0.8359781993098754,0.967342470156896,1.5735484851987913,1.7502904868148856
iovhar,markov_order_1,15,linear,,5.0,2015.0,0.8154253743407993,1.5956705075184894,1.6427328095367741,1.8044424990819405
iovhar,markov_order_1,15,nearest,,5.0,296.0,0.6923045531439216,1.481766362970649,1.5735484851987913,1.7502904868148856
iovhar,markov_order_2,15,linear,,5.0,2015.0,0.7927413082792156,1.7532057748987286,1.6427328095367741,1.8044424990819405
iovhar,markov_order_2,15,nearest,,5.0,296.0,0.6905661488679198,1.4983794698421555,1.5735484851987913,1.7502904868148856
iovhar,vq_ctw,15,linear,256.0,5.0,2015.0,0.9999999999980905,0.030684046552371735,4.479515612856796,4.479515612856796
iovhar,vq_ctw,15,nearest,256.0,5.0,296.0,0.9780416180380058,0.18759153467390186,4.506336567328982,4.506336567328982
iovhar,vq_ctw,15,linear,512.0,5.0,2015.0,0.990370251470196,0.0975879910387506,4.265845359448214,4.265845359448214
iovhar,vq_ctw,15,nearest,512.0,5.0,296.0,0.9953225725118325,0.0714972594026918,4.4890760925210165,4.4890760925210165
iovhar,vq_ctw,15,linear,1024.0,5.0,2015.0,0.9969805979916665,0.03264588398847918,4.52462616556486,4.52462616556486
iovhar,vq_ctw,15,nearest,1024.0,5.0,296.0,0.9999999999995097,0.04513576373969006,4.772614884224472,4.772614884224472
iovlit,direct_ctw,15,linear,,5.0,2014.0,0.8791055455796289,1.1131090440475564,1.6164735747325762,1.7849171028747721
iovlit,direct_ctw,15,nearest,,5.0,242.0,0.830106748170656,0.9860135534926326,1.7308949077361002,1.9207829713535438
iovlit,markov_order_1,15,linear,,5.0,2014.0,0.836542123083982,1.4283181183765612,1.6164735747325762,1.7849171028747721
iovlit,markov_order_1,15,nearest,,5.0,242.0,0.6779428690957957,1.5178241372610766,1.7308949077361002,1.9207829713535438
iovlit,markov_order_2,15,linear,,5.0,2014.0,0.8134624931838613,1.5909237369132903,1.6164735747325762,1.7849171028747721
iovlit,markov_order_2,15,nearest,,5.0,242.0,0.6792982843597989,1.5340013527972105,1.7308949077361002,1.9207829713535438
iovlit,vq_ctw,15,linear,256.0,5.0,2014.0,0.9999999999980905,0.02458132428495554,4.353569882697833,4.353569882697833
iovlit,vq_ctw,15,nearest,256.0,5.0,242.0,0.9783910405165577,0.17287596375174796,4.201146166950781,4.201146166950781
iovlit,vq_ctw,15,linear,512.0,5.0,2014.0,0.9896445229232297,0.10718529208589339,4.200483087447731,4.200483087447731
iovlit,vq_ctw,15,nearest,512.0,5.0,242.0,0.999999999999566,0.05135680640564634,4.68520899900274,4.68520899900274
iovlit,vq_ctw,15,linear,1024.0,5.0,2014.0,0.9982874557016697,0.019918777340760682,4.359005915833581,4.359005915833581
iovlit,vq_ctw,15,nearest,1024.0,5.0,242.0,0.9951370209461099,0.09308569773634008,4.7954293518702915,4.7954293518702915
ioytgo,direct_ctw,15,linear,,5.0,2007.0,0.8734088672492171,1.1751720036234485,1.73431167284444,1.898649035711094
ioytgo,direct_ctw,15,nearest,,5.0,112.0,0.8129018210533603,1.0393704332967404,1.6409475307256634,1.8177612058272783
ioytgo,markov_order_1,15,linear,,5.0,2007.0,0.8063349980796615,1.6685301460414657,1.73431167284444,1.898649035711094
ioytgo,markov_order_1,15,nearest,,5.0,112.0,0.6428476217715539,1.659224516273559,1.6409475307256634,1.8177612058272783
ioytgo,markov_order_2,15,linear,,5.0,2007.0,0.7837802782008803,1.8243994522708415,1.73431167284444,1.898649035711094
ioytgo,markov_order_2,15,nearest,,5.0,112.0,0.6313842280565661,1.701200085485153,1.6409475307256634,1.8177612058272783
ioytgo,vq_ctw,15,linear,256.0,5.0,2007.0,0.9914467725601929,0.08459813722339395,5.480977965317066,5.480977965317066
ioytgo,vq_ctw,15,nearest,256.0,5.0,112.0,0.9901226485295089,0.07182583009967689,4.0617786711341,4.0617786711341
ioytgo,vq_ctw,15,linear,512.0,5.0,2007.0,0.9808489983833557,0.19041041794751606,5.539234164097277,5.539234164097277
ioytgo,vq_ctw,15,nearest,512.0,5.0,112.0,0.9926032861442523,0.056920687041197675,5.000098486539519,5.000098486539519
ioytgo,vq_ctw,15,linear,1024.0,5.0,2007.0,0.9938584065375052,0.06623970785796225,5.857159259196653,5.857159259196653
ioytgo,vq_ctw,15,nearest,1024.0,5.0,112.0,0.9842738346609937,0.11276507529398191,4.911015675587552,4.911015675587552
ipdioi,direct_ctw,15,linear,,5.0,2015.0,0.8805952043032113,1.1246715238764724,1.705032979956211,1.8584435523654992
ipdioi,direct_ctw,15,nearest,,5.0,379.0,0.8279756480513588,1.0326312099697086,1.7180352386728255,1.8987881382249203
ipdioi,markov_order_1,15,linear,,5.0,2015.0,0.8361769750765786,1.4624926238993334,1.705032979956211,1.8584435523654992
ipdioi,markov_order_1,15,nearest,,5.0,379.0,0.6512119706720468,1.6994967246899986,1.7180352386728255,1.8987881382249203
ipdioi,markov_order_2,15,linear,,5.0,2015.0,0.8152256916503637,1.6142823530279322,1.705032979956211,1.8584435523654992
ipdioi,markov_order_2,15,nearest,,5.0,379.0,0.6479143675450302,1.7112658026225431,1.7180352386728255,1.8987881382249203
ipdioi,vq_ctw,15,linear,256.0,5.0,2015.0,0.9999999999980905,0.017667433380533188,4.181651251261366,4.181651251261366
ipdioi,vq_ctw,15,nearest,256.0,5.0,379.0,0.9826568504970146,0.15304751461755997,4.574410368056046,4.574410368056046
ipdioi,vq_ctw,15,linear,512.0,5.0,2015.0,0.9932475911327086,0.06909846499218082,4.053973640415479,4.053973640415479
ipdioi,vq_ctw,15,nearest,512.0,5.0,379.0,0.9999999999997984,0.02444491431331232,4.667787185055027,4.667787185055027
ipdioi,vq_ctw,15,linear,1024.0,5.0,2015.0,0.9999999999980905,0.011405739845921754,4.271009798203476,4.271009798203476
ipdioi,vq_ctw,15,nearest,1024.0,5.0,379.0,0.9933029333564416,0.049112621558200176,4.7388793969081595,4.7388793969081595
ipdraw,direct_ctw,15,linear,,5.0,208.0,0.8868406253451661,0.801885387115949,1.6170561983938756,1.7881765008822108
ipdraw,markov_order_1,15,linear,,5.0,208.0,0.8268927457386609,1.1122394989700481,1.6170561983938756,1.7881765008822108
ipdraw,markov_order_2,15,linear,,5.0,208.0,0.8185962199925592,1.1520603503494877,1.6170561983938756,1.7881765008822108
ipdraw,vq_ctw,15,linear,256.0,5.0,208.0,1.0,0.0,3.210288504287397,3.210288504287397
ipdraw,vq_ctw,15,linear,512.0,5.0,208.0,1.0,0.0,3.4977861921769025,3.4977861921769025
ipdraw,vq_ctw,15,linear,1024.0,5.0,208.0,1.0,0.0,3.394919251456414,3.394919251456414
iphesp,direct_ctw,15,linear,,5.0,2013.0,0.8778337326504417,1.2250446874559549,1.7750953770733748,1.9142112754599443
iphesp,direct_ctw,15,nearest,,5.0,43.0,0.8547135764085578,1.0584648423429193,1.9355378249050323,2.0960581459402357
iphesp,markov_order_1,15,linear,,5.0,2013.0,0.791824446030076,1.9128937631730476,1.7750953770733748,1.9142112754599443
iphesp,markov_order_1,15,nearest,,5.0,43.0,0.62617813888912,2.138548744915482,1.9355378249050323,2.0960581459402357
iphesp,markov_order_2,15,linear,,5.0,2013.0,0.7587794089626467,2.1584785201976278,1.7750953770733748,1.9142112754599443
iphesp,markov_order_2,15,nearest,,5.0,43.0,0.59779100469294,2.247200466369311,1.9355378249050323,2.0960581459402357
iphesp,vq_ctw,15,linear,256.0,5.0,2013.0,0.9819246368414862,0.15914220692875763,6.627154656675685,6.627154656675685
iphesp,vq_ctw,15,nearest,256.0,5.0,43.0,0.894776205240425,0.5905630114056443,4.884477560341865,4.884477560341865
iphesp,vq_ctw,15,linear,512.0,5.0,2013.0,0.9499209508640075,0.4530916575309471,6.250067948925679,6.250067948925679
iphesp,vq_ctw,15,nearest,512.0,5.0,43.0,0.9999999999980904,0.2616261372045132,5.298651990764748,5.298651990764748
iphesp,vq_ctw,15,linear,1024.0,5.0,2013.0,0.9844658473438673,0.14663997278563543,7.182218020593848,7.182218020593848
iphesp,vq_ctw,15,nearest,1024.0,5.0,43.0,1.0,0.0,6.990060749226562,6.990060749226562
iphybc,direct_ctw,15,linear,,5.0,2015.0,0.8664234013114712,1.2523182398356514,1.7169550453914129,1.8918366097972064
iphybc,direct_ctw,15,nearest,,5.0,111.0,0.8513474063856867,0.9729531627990504,1.7072074807447313,1.874839466608081
iphybc,markov_order_1,15,linear,,5.0,2015.0,0.8011057208053334,1.739896182057193,1.7169550453914129,1.8918366097972064
iphybc,markov_order_1,15,nearest,,5.0,111.0,0.6796540713703928,1.6954057274973249,1.7072074807447313,1.874839466608081
iphybc,markov_order_2,15,linear,,5.0,2015.0,0.7715565502288908,1.9470391098899464,1.7169550453914129,1.8918366097972064
iphybc,markov_order_2,15,nearest,,5.0,111.0,0.6650887039546524,1.7492563899191635,1.7072074807447313,1.874839466608081
iphybc,vq_ctw,15,linear,256.0,5.0,2015.0,0.9891882815563116,0.09693925281326467,5.533695682425358,5.533695682425358
iphybc,vq_ctw,15,nearest,256.0,5.0,111.0,0.9604165561248723,0.2656715259792075,4.236067575018629,4.236067575018629
iphybc,vq_ctw,15,linear,512.0,5.0,2015.0,0.9642743224967298,0.3226336512879855,5.034258422827847,5.034258422827847
iphybc,vq_ctw,15,nearest,512.0,5.0,111.0,0.9999999999993979,0.05955571669084246,4.886842255755079,4.886842255755079
iphybc,vq_ctw,15,linear,1024.0,5.0,2015.0,0.9929973088282312,0.07419706090497591,5.8702327581720795,5.8702327581720795
iphybc,vq_ctw,15,nearest,1024.0,5.0,111.0,0.9999999999993635,0.0603387071620277,4.9032729041327014,4.9032729041327014
ipjier,direct_ctw,15,linear,,5.0,2015.0,0.8896681013276457,1.0255320198186313,1.5596710667975646,1.7326425376801506
ipjier,direct_ctw,15,nearest,,5.0,197.0,0.8489898984076515,0.9221740441341552,1.5303846525071432,1.7065932367981438
ipjier,markov_order_1,15,linear,,5.0,2015.0,0.8394819569359728,1.3987926757885223,1.5596710667975646,1.7326425376801506
ipjier,markov_order_1,15,nearest,,5.0,197.0,0.754980446096014,1.3034973609840328,1.5303846525071432,1.7065932367981438
ipjier,markov_order_2,15,linear,,5.0,2015.0,0.8258280775619673,1.4953278599602668,1.5596710667975646,1.7326425376801506
ipjier,markov_order_2,15,nearest,,5.0,197.0,0.7351438868969353,1.3747424659498513,1.5303846525071432,1.7065932367981438
ipjier,vq_ctw,15,linear,256.0,5.0,2015.0,0.9999999999980905,0.056869699971191,4.867108229577907,4.867108229577907
ipjier,vq_ctw,15,nearest,256.0,5.0,197.0,0.9751333338010584,0.15127549387785402,4.141706800306274,4.141706800306274
ipjier,vq_ctw,15,linear,512.0,5.0,2015.0,0.9790382398486568,0.20099239016132928,4.474476106707978,4.474476106707978
ipjier,vq_ctw,15,nearest,512.0,5.0,197.0,0.9999999999993505,0.06621156056267984,4.152931237703835,4.152931237703835
ipjier,vq_ctw,15,linear,1024.0,5.0,2015.0,0.9955202395202927,0.04850139880764656,4.9060239314581455,4.9060239314581455
ipjier,vq_ctw,15,nearest,1024.0,5.0,197.0,0.9999999999996898,0.03260832855101788,4.595157908233008,4.595157908233008
ippfei,direct_ctw,15,linear,,5.0,1561.0,0.8529117405407523,1.3018935748421063,1.6702274850712164,1.8249325990207967
ippfei,direct_ctw,15,nearest,,5.0,154.0,0.8137357352059349,1.0186083848216458,1.6218925239656956,1.7906307901444782
ippfei,markov_order_1,15,linear,,5.0,1561.0,0.7978876512782744,1.6871542093815912,1.6702274850712164,1.8249325990207967
ippfei,markov_order_1,15,nearest,,5.0,154.0,0.6660231790651706,1.5088439493548538,1.6218925239656956,1.7906307901444782
ippfei,markov_order_2,15,linear,,5.0,1561.0,0.7707759956241758,1.866590467913799,1.6702274850712164,1.8249325990207967
ippfei,markov_order_2,15,nearest,,5.0,154.0,0.6770836514010568,1.4755765277827126,1.6218925239656956,1.7906307901444782
ippfei,vq_ctw,15,linear,256.0,5.0,1561.0,0.9956857074275013,0.046944685665057106,4.674037356382026,4.674037356382026
ippfei,vq_ctw,15,nearest,256.0,5.0,154.0,0.9999999999995537,0.04321304178783014,3.3445302212284598,3.3445302212284598
ippfei,vq_ctw,15,linear,512.0,5.0,1561.0,0.984580698160184,0.1581710197813826,4.259527718373329,4.259527718373329
ippfei,vq_ctw,15,nearest,512.0,5.0,154.0,0.9999999999995537,0.04321304178783014,3.8096191987049015,3.8096191987049015
ippfei,vq_ctw,15,linear,1024.0,5.0,1561.0,0.9972190821416976,0.03317888155697466,4.629566290430958,4.629566290430958
ippfei,vq_ctw,15,nearest,1024.0,5.0,154.0,0.9999999999995537,0.04321304178783014,3.8778008991452464,3.8778008991452464
irjfen,direct_ctw,15,linear,,5.0,2014.0,0.8448085017728242,1.3521492538519555,1.6765101758647984,1.83761649328833
irjfen,direct_ctw,15,nearest,,5.0,399.0,0.8350046380906626,0.9748562942001835,1.61786130279899,1.783583493283312
irjfen,markov_order_1,15,linear,,5.0,2014.0,0.7936400859319785,1.7044493255841713,1.6765101758647984,1.83761649328833
irjfen,markov_order_1,15,nearest,,5.0,399.0,0.6956784991426261,1.4951081183364994,1.61786130279899,1.783583493283312
irjfen,markov_order_2,15,linear,,5.0,2014.0,0.7726901608688426,1.8417483870181985,1.6765101758647984,1.83761649328833
irjfen,markov_order_2,15,nearest,,5.0,399.0,0.7003870854240086,1.4828395557405742,1.61786130279899,1.783583493283312
irjfen,vq_ctw,15,linear,256.0,5.0,2014.0,0.9967153669994402,0.037035346217161445,4.672713481971616,4.672713481971616
irjfen,vq_ctw,15,nearest,256.0,5.0,399.0,0.9390407063292487,0.3912337715326469,5.076368521936454,5.076368521936454
irjfen,vq_ctw,15,linear,512.0,5.0,2014.0,0.9884869966326058,0.12520333667903175,4.399052477000913,4.399052477000913
irjfen,vq_ctw,15,nearest,512.0,5.0,399.0,0.9867059050645847,0.22972790661394782,5.240816439630011,5.240816439630011
irjfen,vq_ctw,15,linear,1024.0,5.0,2014.0,0.9976076742449602,0.02906278276015829,4.741254466492459,4.741254466492459
irjfen,vq_ctw,15,nearest,1024.0,5.0,399.0,0.975872828554149,0.23924358109609817,5.597904571543777,5.597904571543777
isekdy,direct_ctw,15,linear,,5.0,2015.0,0.8672013337483737,1.2568723426712103,1.6277097752096366,1.7920370627745945
isekdy,direct_ctw,15,nearest,,5.0,71.0,0.8399612360568083,0.8837406555903224,1.6121316085132409,1.7838377703819897
isekdy,markov_order_1,15,linear,,5.0,2015.0,0.8094902552832713,1.694988220101993,1.6277097752096366,1.7920370627745945
isekdy,markov_order_1,15,nearest,,5.0,71.0,0.733634990942853,1.2536834904327545,1.6121316085132409,1.7838377703819897
isekdy,markov_order_2,15,linear,,5.0,2015.0,0.7831160073977821,1.8842838554123558,1.6277097752096366,1.7920370627745945
isekdy,markov_order_2,15,nearest,,5.0,71.0,0.7756874395092734,1.1134913783471383,1.6121316085132409,1.7838377703819897
isekdy,vq_ctw,15,linear,256.0,5.0,2015.0,0.9919017505007272,0.08073933893960186,4.379983856158357,4.379983856158357
isekdy,vq_ctw,15,nearest,256.0,5.0,71.0,0.9999999999980905,0.2932138679322832,4.736233831085829,4.736233831085829
isekdy,vq_ctw,15,linear,512.0,5.0,2015.0,0.9830647886255408,0.17467382632922698,4.217805756756203,4.217805756756203
isekdy,vq_ctw,15,nearest,512.0,5.0,71.0,1.0,0.0,3.09778642224689,3.09778642224689
isekdy,vq_ctw,15,linear,1024.0,5.0,2015.0,0.9909629093007611,0.0924140333088552,4.35172805608175,4.35172805608175
isekdy,vq_ctw,15,nearest,1024.0,5.0,71.0,1.0,0.0,3.1979030031883218,3.1979030031883218
isfikt,direct_ctw,15,linear,,5.0,2015.0,0.8712421588126595,1.191913313855974,1.584500657135363,1.7535659376414847
isfikt,direct_ctw,15,nearest,,5.0,164.0,0.8027837545979,1.0934882270337072,1.7438935552509602,1.932235698104972
isfikt,markov_order_1,15,linear,,5.0,2015.0,0.8146472605579294,1.6099217408982593,1.584500657135363,1.7535659376414847
isfikt,markov_order_1,15,nearest,,5.0,164.0,0.6385219829553871,1.6956226319739287,1.7438935552509602,1.932235698104972
isfikt,markov_order_2,15,linear,,5.0,2015.0,0.7956877540267213,1.742672172551331,1.584500657135363,1.7535659376414847
isfikt,markov_order_2,15,nearest,,5.0,164.0,0.6391638193994379,1.6525723911640648,1.7438935552509602,1.932235698104972
isfikt,vq_ctw,15,linear,256.0,5.0,2015.0,0.9926452376084095,0.07740506588338877,4.830170022388735,4.830170022388735
isfikt,vq_ctw,15,nearest,256.0,5.0,164.0,0.9946680630550279,0.14948915903796842,4.168120022662496,4.168120022662496
isfikt,vq_ctw,15,linear,512.0,5.0,2015.0,0.9771546745022994,0.22954916509055576,4.389407413302696,4.389407413302696
isfikt,vq_ctw,15,nearest,512.0,5.0,164.0,0.9999999999995924,0.04030905215050924,4.595912198762669,4.595912198762669
isfikt,vq_ctw,15,linear,1024.0,5.0,2015.0,0.9942701265380611,0.06237445653434799,5.033018050308648,5.033018050308648
isfikt,vq_ctw,15,nearest,1024.0,5.0,164.0,0.9999999999995924,0.045461899018511574,4.113763102424202,4.113763102424202
ishvir,direct_ctw,15,linear,,5.0,2015.0,0.8564384031335214,1.2240589494952332,1.6683066050189255,1.8340450083565534
ishvir,direct_ctw,15,nearest,,5.0,182.0,0.8355832307229455,0.9473268662685964,1.4855230123857712,1.6725982809419024
ishvir,markov_order_1,15,linear,,5.0,2015.0,0.8193592967575548,1.4749079691281484,1.6683066050189255,1.8340450083565534
ishvir,markov_order_1,15,nearest,,5.0,182.0,0.7258009583858099,1.353285317452619,1.4855230123857712,1.6725982809419024
ishvir,markov_order_2,15,linear,,5.0,2015.0,0.8019705484324149,1.5877776585393464,1.6683066050189255,1.8340450083565534
ishvir,markov_order_2,15,nearest,,5.0,182.0,0.7353178070479862,1.3179863320452663,1.4855230123857712,1.6725982809419024
ishvir,vq_ctw,15,linear,256.0,5.0,2015.0,0.9999999999980905,0.030670392741861226,4.06658938798932,4.06658938798932
ishvir,vq_ctw,15,nearest,256.0,5.0,182.0,0.9744330501469228,0.16470902723728728,3.886864507006144,3.886864507006144
ishvir,vq_ctw,15,linear,512.0,5.0,2015.0,0.9893284199633162,0.10212717550779284,3.9126924793440896,3.9126924793440896
ishvir,vq_ctw,15,nearest,512.0,5.0,182.0,0.9887642368617211,0.08166159435981,4.095227517714092,4.095227517714092
ishvir,vq_ctw,15,linear,1024.0,5.0,2015.0,0.9984569236684401,0.018179840517307633,4.220576420779384,4.220576420779384
ishvir,vq_ctw,15,nearest,1024.0,5.0,182.0,0.9999999999993809,0.04072333960021738,4.00644774300305,4.00644774300305
isnthl,direct_ctw,15,linear,,5.0,641.0,0.9078042442844011,0.8125398289728369,1.5950571265286906,1.7648526141264824
isnthl,direct_ctw,15,nearest,,5.0,74.0,0.8537691977352531,0.9627547964285562,1.5062086341710381,1.6434283758447203
isnthl,markov_order_1,15,linear,,5.0,641.0,0.8310678391128677,1.3309848194226437,1.5950571265286906,1.7648526141264824
isnthl,markov_order_1,15,nearest,,5.0,74.0,0.6559356052088705,1.7738575844276216,1.5062086341710381,1.6434283758447203
isnthl,markov_order_2,15,linear,,5.0,641.0,0.8241096177364738,1.3745652284785113,1.5950571265286906,1.7648526141264824
isnthl,markov_order_2,15,nearest,,5.0,74.0,0.659213739199988,1.7568679219510241,1.5062086341710381,1.6434283758447203
isnthl,vq_ctw,15,linear,256.0,5.0,641.0,0.9999999999980905,0.08029963449896114,4.360493554070617,4.360493554070617
isnthl,vq_ctw,15,nearest,256.0,5.0,74.0,0.9423591426629347,0.36321187556341605,5.921277090769208,5.921277090769208
isnthl,vq_ctw,15,linear,512.0,5.0,641.0,0.9810126608344419,0.1736910425960775,4.412338797999008,4.412338797999008
isnthl,vq_ctw,15,nearest,512.0,5.0,74.0,0.9999999999980905,0.17133793136636244,6.334401281273815,6.334401281273815
isnthl,vq_ctw,15,linear,1024.0,5.0,641.0,0.9929784780532972,0.07145508825942619,4.524554864053974,4.524554864053974
isnthl,vq_ctw,15,nearest,1024.0,5.0,74.0,0.9832145362738917,0.1305175697477023,6.98017290171095,6.98017290171095
ispaww,direct_ctw,15,linear,,5.0,2015.0,0.8684054712641136,1.213740154744811,1.612317878396158,1.7758421051635696
ispaww,direct_ctw,15,nearest,,5.0,293.0,0.83650553436726,0.9190103984103132,1.412112620823426,1.611168460600934
ispaww,markov_order_1,15,linear,,5.0,2015.0,0.8153174108004411,1.6051681622939922,1.612317878396158,1.7758421051635696
ispaww,markov_order_1,15,nearest,,5.0,293.0,0.7523409618519018,1.2672319038445696,1.412112620823426,1.611168460600934
ispaww,markov_order_2,15,linear,,5.0,2015.0,0.7953915551182494,1.7447201834285175,1.612317878396158,1.7758421051635696
ispaww,markov_order_2,15,nearest,,5.0,293.0,0.7371485394591001,1.313126884074962,1.412112620823426,1.611168460600934
ispaww,vq_ctw,15,linear,256.0,5.0,2015.0,0.9952070281277984,0.05142407521031661,4.826350185260447,4.826350185260447
ispaww,vq_ctw,15,nearest,256.0,5.0,293.0,0.9820054407090217,0.17320706158271854,3.5075256132838657,3.5075256132838657
ispaww,vq_ctw,15,linear,512.0,5.0,2015.0,0.9849579711143939,0.14754086561732166,4.607600662624177,4.607600662624177
ispaww,vq_ctw,15,nearest,512.0,5.0,293.0,0.9999999999993353,0.05800460101437099,3.639562548807498,3.639562548807498
ispaww,vq_ctw,15,linear,1024.0,5.0,2015.0,0.9964316753311399,0.04243659898759879,4.881797532451158,4.881797532451158
ispaww,vq_ctw,15,nearest,1024.0,5.0,293.0,1.0,0.0,3.9531093652848046,3.9531093652848046
isvayd,direct_ctw,15,linear,,5.0,2011.0,0.8738119103065201,1.2138453576094397,1.5628882636202368,1.7433764586157106
isvayd,markov_order_1,15,linear,,5.0,2011.0,0.7916289536800456,1.8396822855931403,1.5628882636202368,1.7433764586157106
isvayd,markov_order_2,15,linear,,5.0,2011.0,0.7687843159650665,2.002192391189329,1.5628882636202368,1.7433764586157106
isvayd,vq_ctw,15,linear,256.0,5.0,2011.0,0.9794820910892172,0.17685877758674573,6.033574363028312,6.033574363028312
isvayd,vq_ctw,15,linear,512.0,5.0,2011.0,0.9574985878853057,0.3948324424503402,5.737021581279716,5.737021581279716
isvayd,vq_ctw,15,linear,1024.0,5.0,2011.0,0.980039071290725,0.19281936446439066,6.44312549824555,6.44312549824555
itacfl,direct_ctw,15,linear,,5.0,2015.0,0.891953406519986,1.024168445190426,1.6639953618603036,1.8165397039174644
itacfl,direct_ctw,15,nearest,,5.0,250.0,0.8331896520300391,1.0140061731301906,1.8322337594179499,1.9751672201150796
itacfl,markov_order_1,15,linear,,5.0,2015.0,0.850659509305141,1.340984867974785,1.6639953618603036,1.8165397039174644
itacfl,markov_order_1,15,nearest,,5.0,250.0,0.7095274336715695,1.5100174190598328,1.8322337594179499,1.9751672201150796
itacfl,markov_order_2,15,linear,,5.0,2015.0,0.833969410188061,1.4632373331041137,1.6639953618603036,1.8165397039174644
itacfl,markov_order_2,15,nearest,,5.0,250.0,0.7006755041191997,1.5411511318954398,1.8322337594179499,1.9751672201150796
itacfl,vq_ctw,15,linear,256.0,5.0,2015.0,0.9976157696500247,0.02659188007277717,4.360918817647555,4.360918817647555
itacfl,vq_ctw,15,nearest,256.0,5.0,250.0,0.9771076311250112,0.21718778882693948,4.100503352719462,4.100503352719462
itacfl,vq_ctw,15,linear,512.0,5.0,2015.0,0.9867877005880742,0.13208368553303665,3.793926656277027,3.793926656277027
itacfl,vq_ctw,15,nearest,512.0,5.0,250.0,0.9945744568995842,0.08222016794932695,4.139170325578768,4.139170325578768
itacfl,vq_ctw,15,linear,1024.0,5.0,2015.0,0.9979036317080546,0.02586724321524616,4.398517411422482,4.398517411422482
itacfl,vq_ctw,15,nearest,1024.0,5.0,250.0,0.9999999999990987,0.08107996522180369,4.537736559043197,4.537736559043197
itbadp,direct_ctw,15,linear,,5.0,2015.0,0.8798996999968627,1.1354823529516815,1.6387841414000681,1.8081707639732676
itbadp,direct_ctw,15,nearest,,5.0,410.0,0.8246684110768052,0.9972951075270966,1.5907863694785906,1.791477186758975
itbadp,markov_order_1,15,linear,,5.0,2015.0,0.8286112471244245,1.5254242358717331,1.6387841414000681,1.8081707639732676
itbadp,markov_order_1,15,nearest,,5.0,410.0,0.6733378452503789,1.5663191160242864,1.5907863694785906,1.791477186758975
itbadp,markov_order_2,15,linear,,5.0,2015.0,0.8067643216921401,1.6829483064073905,1.6387841414000681,1.8081707639732676
itbadp,markov_order_2,15,nearest,,5.0,410.0,0.6771595383705378,1.5517581175732789,1.5907863694785906,1.791477186758975
itbadp,vq_ctw,15,linear,256.0,5.0,2015.0,0.9961311799114891,0.04270695254700407,4.097972570379641,4.097972570379641
itbadp,vq_ctw,15,nearest,256.0,5.0,410.0,0.9826611680710581,0.24450179605578537,4.501367630287765,4.501367630287765
itbadp,vq_ctw,15,linear,512.0,5.0,2015.0,0.9901857060021231,0.11067007216142441,3.9909945458016702,3.9909945458016702
itbadp,vq_ctw,15,nearest,512.0,5.0,410.0,0.9890622721174498,0.12336509073950996,4.755447590801362,4.755447590801362
itbadp,vq_ctw,15,linear,1024.0,5.0,2015.0,0.9965469633451977,0.03868465433452091,4.188957629657247,4.188957629657247
itbadp,vq_ctw,15,nearest,1024.0,5.0,410.0,0.9932714534807308,0.09231684781549263,4.246231282606179,4.246231282606179
itbejs,direct_ctw,15,linear,,5.0,1988.0,0.9142448205085103,0.7864219417559282,1.6020530474844565,1.7402049228505612
itbejs,direct_ctw,15,nearest,,5.0,177.0,0.8522391509149798,0.8965256919220446,1.637348122941276,1.7925646637592763
itbejs,markov_order_1,15,linear,,5.0,1988.0,0.8869679064947823,0.9891466048926509,1.6020530474844565,1.7402049228505612
itbejs,markov_order_1,15,nearest,,5.0,177.0,0.731800085868115,1.3709931181855721,1.637348122941276,1.7925646637592763
itbejs,markov_order_2,15,linear,,5.0,1988.0,0.8799711726307254,1.03931748123931,1.6020530474844565,1.7402049228505612
itbejs,markov_order_2,15,nearest,,5.0,177.0,0.7182298673955059,1.4220732787126635,1.637348122941276,1.7925646637592763
itbejs,vq_ctw,15,linear,256.0,5.0,1988.0,0.9999999999980905,0.013253140643994094,3.337973578567916,3.337973578567916
itbejs,vq_ctw,15,nearest,256.0,5.0,177.0,0.9836946685960418,0.15386934593266766,3.830870730576268,3.830870730576268
itbejs,vq_ctw,15,linear,512.0,5.0,1988.0,0.9963829228935615,0.0438968663284691,3.2576756345691886,3.2576756345691886
itbejs,vq_ctw,15,nearest,512.0,5.0,177.0,0.9999999999996118,0.0375977877702025,4.044649654019468,4.044649654019468
itbejs,vq_ctw,15,linear,1024.0,5.0,1988.0,0.9989264504246447,0.013838352885849704,3.395290013399898,3.395290013399898
itbejs,vq_ctw,15,nearest,1024.0,5.0,177.0,0.9864953881425464,0.1344946672413574,4.421248989917608,4.421248989917608
itcemr,direct_ctw,15,linear,,5.0,1939.0,0.8530057100281042,1.3791910639277751,1.652229878645419,1.810472858257426
itcemr,direct_ctw,15,nearest,,5.0,107.0,0.8649906426210439,0.8628057325130252,1.6703224579014966,1.8449177314377447
itcemr,markov_order_1,15,linear,,5.0,1939.0,0.7849013857188525,1.8879988779377561,1.652229878645419,1.810472858257426
itcemr,markov_order_1,15,nearest,,5.0,107.0,0.7309512513098649,1.4293674269439003,1.6703224579014966,1.8449177314377447
itcemr,markov_order_2,15,linear,,5.0,1939.0,0.7503672856250427,2.1301047738836445,1.652229878645419,1.810472858257426
itcemr,markov_order_2,15,nearest,,5.0,107.0,0.7121175727944182,1.4945648019535698,1.6703224579014966,1.8449177314377447
itcemr,vq_ctw,15,linear,256.0,5.0,1939.0,0.9910155017268337,0.08822331168583133,5.0865168556452325,5.0865168556452325
itcemr,vq_ctw,15,nearest,256.0,5.0,107.0,0.9684035335845231,0.3145921867656304,4.614933763622719,4.614933763622719
itcemr,vq_ctw,15,linear,512.0,5.0,1939.0,0.975728810370996,0.2417308561939497,4.416600569494361,4.416600569494361
itcemr,vq_ctw,15,nearest,512.0,5.0,107.0,0.9999999999993576,0.06219447135818544,4.096014081289244,4.096014081289244
itcemr,vq_ctw,15,linear,1024.0,5.0,1939.0,0.9945723270056192,0.05951021811433255,5.14021866650547,5.14021866650547
itcemr,vq_ctw,15,nearest,1024.0,5.0,107.0,0.9893183273033823,0.08525776080039509,4.224064505490374,4.224064505490374
ithpet,direct_ctw,15,linear,,5.0,2014.0,0.8838020628310514,1.1190669120759502,1.5988436700062454,1.758032463605345
ithpet,direct_ctw,15,nearest,,5.0,33.0,0.8765830026815564,0.7859378003795086,1.5815934927295947,1.7352372566703
ithpet,markov_order_1,15,linear,,5.0,2014.0,0.817717450757574,1.6274321417373756,1.5988436700062454,1.758032463605345
ithpet,markov_order_1,15,nearest,,5.0,33.0,0.7712563551607705,1.2333020466906321,1.5815934927295947,1.7352372566703
ithpet,markov_order_2,15,linear,,5.0,2014.0,0.7986567473847965,1.7655359946645561,1.5988436700062454,1.758032463605345
ithpet,markov_order_2,15,nearest,,5.0,33.0,0.7290381863126606,1.384765022483776,1.5815934927295947,1.7352372566703
ithpet,vq_ctw,15,linear,256.0,5.0,2014.0,0.9855691330148441,0.13178117138733478,5.434952248641652,5.434952248641652
ithpet,vq_ctw,15,nearest,256.0,5.0,33.0,0.9999999999980905,0.15681542952903868,4.9351058720669485,4.9351058720669485
ithpet,vq_ctw,15,linear,512.0,5.0,2014.0,0.9629667066028396,0.33248614540437593,5.035668050414599,5.035668050414599
ithpet,vq_ctw,15,nearest,512.0,5.0,33.0,1.0,0.0,5.384992614765824,5.384992614765824
ithpet,vq_ctw,15,linear,1024.0,5.0,2014.0,0.9891379640602502,0.11453316698715363,5.713990456114166,5.713990456114166
ithpet,vq_ctw,15,nearest,1024.0,5.0,33.0,1.0,0.0,5.390334743480621,5.390334743480621
itmeps,direct_ctw,15,linear,,5.0,1958.0,0.8908790210254124,1.0378656101935406,1.5856395715207598,1.7493058184012815
itmeps,direct_ctw,15,nearest,,5.0,32.0,0.8977316184019631,0.5784136073014039,1.2538561628010712,1.5353331653498241
itmeps,markov_order_1,15,linear,,5.0,1958.0,0.8353939341607316,1.4607064927817637,1.5856395715207598,1.7493058184012815
itmeps,markov_order_1,15,nearest,,5.0,32.0,0.8581123802570914,0.7310486694712289,1.2538561628010712,1.5353331653498241
itmeps,markov_order_2,15,linear,,5.0,1958.0,0.8128772115736065,1.6224566315555304,1.5856395715207598,1.7493058184012815
itmeps,markov_order_2,15,nearest,,5.0,32.0,0.8301127590814522,0.8273340096592092,1.2538561628010712,1.5353331653498241
itmeps,vq_ctw,15,linear,256.0,5.0,1958.0,0.9933798068804345,0.06793498182269256,5.470766240783748,5.470766240783748
itmeps,vq_ctw,15,nearest,256.0,5.0,32.0,0.9999999999980905,0.5391554529473648,6.035209087646686,6.035209087646686
itmeps,vq_ctw,15,linear,512.0,5.0,1958.0,0.974922463500621,0.22729880196394395,5.288895169066503,5.288895169066503
itmeps,vq_ctw,15,nearest,512.0,5.0,32.0,1.0,0.0,2.6304348133640927,2.6304348133640927
itmeps,vq_ctw,15,linear,1024.0,5.0,1958.0,0.9955534238241946,0.04818992321086799,5.782023713171781,5.782023713171781
itmeps,vq_ctw,15,nearest,1024.0,5.0,32.0,1.0,0.0,2.506331680993083,2.506331680993083
itpivo,direct_ctw,15,linear,,5.0,2012.0,0.8768860756237439,1.1363311015701558,1.595502009234122,1.7592372728905388
itpivo,direct_ctw,15,nearest,,5.0,77.0,0.8690570853960686,0.7568901529732814,1.4467187389223422,1.6372551903461858
itpivo,markov_order_1,15,linear,,5.0,2012.0,0.8328415971766554,1.4632152869397927,1.595502009234122,1.7592372728905388
itpivo,markov_order_1,15,nearest,,5.0,77.0,0.8042481183174162,1.0039367044279248,1.4467187389223422,1.6372551903461858
itpivo,markov_order_2,15,linear,,5.0,2012.0,0.8133923833077559,1.6008569237553794,1.595502009234122,1.7592372728905388
itpivo,markov_order_2,15,nearest,,5.0,77.0,0.7909088739246365,1.0557659276419413,1.4467187389223422,1.6372551903461858
itpivo,vq_ctw,15,linear,256.0,5.0,2012.0,0.9957861547581249,0.045995218793775584,4.074414095854143,4.074414095854143
itpivo,vq_ctw,15,nearest,256.0,5.0,77.0,0.9999999999989584,0.0895334014506393,3.582331433306757,3.582331433306757
itpivo,vq_ctw,15,linear,512.0,5.0,2012.0,0.9897317970743853,0.11337056211589411,4.063688434485318,4.063688434485318
itpivo,vq_ctw,15,nearest,512.0,5.0,77.0,1.0,0.0,3.6069289123676587,3.6069289123676587
itpivo,vq_ctw,15,linear,1024.0,5.0,2012.0,0.9966790363822909,0.03877052054259295,4.266432165274281,4.266432165274281
itpivo,vq_ctw,15,nearest,1024.0,5.0,77.0,1.0,0.0,3.6863410519544293,3.6863410519544293
itquir,direct_ctw,15,linear,,5.0,2015.0,0.8781091359552816,1.1328769168865342,1.5424152756238083,1.7162315252582112
itquir,direct_ctw,15,nearest,,5.0,293.0,0.8297900561417084,1.0123204202805813,1.6476096869218777,1.8285333167191873
itquir,markov_order_1,15,linear,,5.0,2015.0,0.8328308049524531,1.4714688968977157,1.5424152756238083,1.7162315252582112
itquir,markov_order_1,15,nearest,,5.0,293.0,0.6858228897871212,1.555490517080418,1.6476096869218777,1.8285333167191873
itquir,markov_order_2,15,linear,,5.0,2015.0,0.8097262409567691,1.6356963103016584,1.5424152756238083,1.7162315252582112
itquir,markov_order_2,15,nearest,,5.0,293.0,0.6885504049609567,1.5513497436701773,1.6476096869218777,1.8285333167191873
itquir,vq_ctw,15,linear,256.0,5.0,2015.0,0.9999999999980905,0.0339094160070909,4.272570973750431,4.272570973750431
itquir,vq_ctw,15,nearest,256.0,5.0,293.0,0.9855046584640842,0.16491847610105212,3.960944956642671,3.960944956642671
itquir,vq_ctw,15,linear,512.0,5.0,2015.0,0.9887482695620976,0.11510728852591555,4.258787760901651,4.258787760901651
itquir,vq_ctw,15,nearest,512.0,5.0,293.0,0.9999999999997718,0.019997276684906983,4.094423110386941,4.094423110386941
itquir,vq_ctw,15,linear,1024.0,5.0,2015.0,0.9974131999178154,0.030059666394985494,4.492480724550226,4.492480724550226
itquir,vq_ctw,15,nearest,1024.0,5.0,293.0,0.9976630389970157,0.018939121450887095,4.155392015509176,4.155392015509176
ivheoo,direct_ctw,15,linear,,5.0,2015.0,0.8345796312780878,1.4886905031932847,1.7785430207025683,1.9414719592029506
ivheoo,direct_ctw,15,nearest,,5.0,106.0,0.8221279928555314,0.9809122909034047,1.705840449646424,1.8935526534952583
ivheoo,markov_order_1,15,linear,,5.0,2015.0,0.763305378320566,1.993675298803716,1.7785430207025683,1.9414719592029506
ivheoo,markov_order_1,15,nearest,,5.0,106.0,0.686477352986574,1.4351523572109048,1.705840449646424,1.8935526534952583
ivheoo,markov_order_2,15,linear,,5.0,2015.0,0.728828496532057,2.222715599163973,1.7785430207025683,1.9414719592029506
ivheoo,markov_order_2,15,nearest,,5.0,106.0,0.711857078788721,1.3669050512617054,1.705840449646424,1.8935526534952583
ivheoo,vq_ctw,15,linear,256.0,5.0,2015.0,0.989163675359054,0.10346298525519158,5.534065392146798,5.534065392146798
ivheoo,vq_ctw,15,nearest,256.0,5.0,106.0,0.9918886112574166,0.1267243919087956,3.964081181791324,3.964081181791324
ivheoo,vq_ctw,15,linear,512.0,5.0,2015.0,0.9754012288021428,0.248250835875825,5.52965634766508,5.52965634766508
ivheoo,vq_ctw,15,nearest,512.0,5.0,106.0,0.9999999999993154,0.05073293394201103,4.34719701180212,4.34719701180212
ivheoo,vq_ctw,15,linear,1024.0,5.0,2015.0,0.9932575434494677,0.06901101745637708,5.854855638283107,5.854855638283107
ivheoo,vq_ctw,15,nearest,1024.0,5.0,106.0,0.9999999999993154,0.05073293394201103,4.4642406166728925,4.4642406166728925
ivkock,direct_ctw,15,linear,,5.0,2015.0,0.8687013314039989,1.2052572643408246,1.7071070944440236,1.8815983427386584
ivkock,direct_ctw,15,nearest,,5.0,307.0,0.838477542837545,0.9963120633479281,1.7424239767118475,1.9165861713729182
ivkock,markov_order_1,15,linear,,5.0,2015.0,0.8156635407352094,1.5939911055302611,1.7071070944440236,1.8815983427386584
ivkock,markov_order_1,15,nearest,,5.0,307.0,0.6641166872929014,1.6660450669426468,1.7424239767118475,1.9165861713729182
ivkock,markov_order_2,15,linear,,5.0,2015.0,0.7925868358573613,1.7542626181553225,1.7071070944440236,1.8815983427386584
ivkock,markov_order_2,15,nearest,,5.0,307.0,0.6640217684658076,1.6686935329494594,1.7424239767118475,1.9165861713729182
ivkock,vq_ctw,15,linear,256.0,5.0,2015.0,0.9946449435946417,0.05346331824664057,5.192246356897997,5.192246356897997
ivkock,vq_ctw,15,nearest,256.0,5.0,307.0,0.972859674643753,0.250415735028432,4.914460759337189,4.914460759337189
ivkock,vq_ctw,15,linear,512.0,5.0,2015.0,0.9838259046654785,0.16119262170166895,5.088797870955242,5.088797870955242
ivkock,vq_ctw,15,nearest,512.0,5.0,307.0,0.9967542854082461,0.12817478616144717,5.121983420454717,5.121983420454717
ivkock,vq_ctw,15,linear,1024.0,5.0,2015.0,0.996392687170472,0.04168231767578881,5.408085175313254,5.408085175313254
ivkock,vq_ctw,15,nearest,1024.0,5.0,307.0,0.9908266503095018,0.08785989816487567,5.066809939848787,5.066809939848787
izowcu,direct_ctw,15,linear,,5.0,1987.0,0.9459751470412987,0.5657059534645978,1.8939537669855353,2.057105922864857
izowcu,direct_ctw,15,nearest,,5.0,73.0,0.8346376868407885,0.8046422801791991,1.562724921707419,1.756815709844698
izowcu,markov_order_1,15,linear,,5.0,1987.0,0.9063351762880361,0.9036075770359533,1.8939537669855353,2.057105922864857
izowcu,markov_order_1,15,nearest,,5.0,73.0,0.8040038958514306,0.9886399083385535,1.562724921707419,1.756815709844698
izowcu,markov_order_2,15,linear,,5.0,1987.0,0.9008851241370561,0.9476817039161411,1.8939537669855353,2.057105922864857
izowcu,markov_order_2,15,nearest,,5.0,73.0,0.801776820475793,0.9957008050210889,1.562724921707419,1.756815709844698
izowcu,vq_ctw,15,linear,256.0,5.0,1987.0,0.9952531062580519,0.050996014611072026,3.1857975545981683,3.1857975545981683
izowcu,vq_ctw,15,nearest,256.0,5.0,73.0,0.9999999999990584,0.09116175938802518,2.868222265402248,2.868222265402248
izowcu,vq_ctw,15,linear,512.0,5.0,1987.0,0.9926594647976495,0.0832023305478615,3.3644439468604066,3.3644439468604066
izowcu,vq_ctw,15,nearest,512.0,5.0,73.0,1.0,0.0,2.5311763380312167,2.5311763380312167
izowcu,vq_ctw,15,linear,1024.0,5.0,1987.0,0.9949533293246637,0.05376956769180123,3.2223732563956546,3.2223732563956546
izowcu,vq_ctw,15,nearest,1024.0,5.0,73.0,1.0,0.0,2.643786510895007,2.643786510895007
oadwow,direct_ctw,15,linear,,5.0,159.0,0.8699265632887423,0.8177864245998999,1.6373834358668766,1.8127232329616099
oadwow,direct_ctw,15,nearest,,5.0,34.0,0.9071010927137693,0.5933139641590328,1.2798442731902189,1.4685194930259367
oadwow,markov_order_1,15,linear,,5.0,159.0,0.8359309224172295,0.972093970580939,1.6373834358668766,1.8127232329616099
oadwow,markov_order_1,15,nearest,,5.0,34.0,0.8763562615487648,0.7357154552931251,1.2798442731902189,1.4685194930259367
oadwow,markov_order_2,15,linear,,5.0,159.0,0.8251005980412494,1.0185895466313752,1.6373834358668766,1.8127232329616099
oadwow,markov_order_2,15,nearest,,5.0,34.0,0.8707752372712863,0.760124657275417,1.2798442731902189,1.4685194930259367
oadwow,vq_ctw,15,linear,256.0,5.0,159.0,1.0,0.0,2.5506732736724382,2.5506732736724382
oadwow,vq_ctw,15,nearest,256.0,5.0,34.0,1.0,0.0,2.4835523826895503,2.4835523826895503
oadwow,vq_ctw,15,linear,512.0,5.0,159.0,1.0,0.0,2.869559805977488,2.869559805977488
oadwow,vq_ctw,15,nearest,512.0,5.0,34.0,1.0,0.0,2.892682657664751,2.892682657664751
oadwow,vq_ctw,15,linear,1024.0,5.0,159.0,1.0,0.0,2.8146953756468496,2.8146953756468496
oadwow,vq_ctw,15,nearest,1024.0,5.0,34.0,1.0,0.0,2.9704228506604915,2.9704228506604915
oafhyn,direct_ctw,15,linear,,5.0,1997.0,0.8743466583829802,1.1494560043874995,1.5646955858256852,1.7497054021713596
oafhyn,direct_ctw,15,nearest,,5.0,265.0,0.8443392292653211,0.9129209296138137,1.5808052513074256,1.791523033993404
oafhyn,markov_order_1,15,linear,,5.0,1997.0,0.8305747314582487,1.4708757449622052,1.5646955858256852,1.7497054021713596
oafhyn,markov_order_1,15,nearest,,5.0,265.0,0.7282155628533388,1.3556031104476967,1.5808052513074256,1.791523033993404
oafhyn,markov_order_2,15,linear,,5.0,1997.0,0.8086526831023741,1.624155915055926,1.5646955858256852,1.7497054021713596
oafhyn,markov_order_2,15,nearest,,5.0,265.0,0.7345514251140772,1.3363341264030748,1.5808052513074256,1.791523033993404
oafhyn,vq_ctw,15,linear,256.0,5.0,1997.0,0.9967599149958074,0.036596988273571364,4.295632269353778,4.295632269353778
oafhyn,vq_ctw,15,nearest,256.0,5.0,265.0,0.9999999999990993,0.08887909883043926,3.865493121919748,3.865493121919748
oafhyn,vq_ctw,15,linear,512.0,5.0,1997.0,0.9865981439060578,0.13722656372778583,3.9883229387067898,3.9883229387067898
oafhyn,vq_ctw,15,nearest,512.0,5.0,265.0,0.9999999999996396,0.027022729077090604,3.813390897166632,3.813390897166632
oafhyn,vq_ctw,15,linear,1024.0,5.0,1997.0,0.996257387740942,0.04149319365675372,4.355004632281655,4.355004632281655
oafhyn,vq_ctw,15,nearest,1024.0,5.0,265.0,1.0,0.0,3.719958176143647,3.719958176143647
oahudf,direct_ctw,15,linear,,5.0,1984.0,0.8722206202648353,1.1720663195076637,1.6441041805410603,1.812295766837196
oahudf,direct_ctw,15,nearest,,5.0,529.0,0.8359401929482065,0.9614629604342468,1.6168303559110468,1.7819632386691138
oahudf,markov_order_1,15,linear,,5.0,1984.0,0.8244306770205063,1.5232002490695746,1.6441041805410603,1.812295766837196
oahudf,markov_order_1,15,nearest,,5.0,529.0,0.689802770556347,1.490547641616127,1.6168303559110468,1.7819632386691138
oahudf,markov_order_2,15,linear,,5.0,1984.0,0.8064088271633646,1.6493859946105547,1.6441041805410603,1.812295766837196
oahudf,markov_order_2,15,nearest,,5.0,529.0,0.6910127726020868,1.497342720597799,1.6168303559110468,1.7819632386691138
oahudf,vq_ctw,15,linear,256.0,5.0,1984.0,0.9975582448231816,0.02714938261941337,4.131697080546919,4.131697080546919
oahudf,vq_ctw,15,nearest,256.0,5.0,529.0,0.9731233801392751,0.24560188077511533,4.28077940764199,4.28077940764199
oahudf,vq_ctw,15,linear,512.0,5.0,1984.0,0.9916451782618595,0.09127466635090674,4.168196059716795,4.168196059716795
oahudf,vq_ctw,15,nearest,512.0,5.0,529.0,0.9954091539758737,0.1283200928943917,3.986960950884289,3.986960950884289
oahudf,vq_ctw,15,linear,1024.0,5.0,1984.0,0.9974251486118247,0.029938038312536244,4.326405744926282,4.326405744926282
oahudf,vq_ctw,15,nearest,1024.0,5.0,529.0,0.9931341654792146,0.1125239123847348,4.166725677150037,4.166725677150037
oakpik,direct_ctw,15,linear,,5.0,1988.0,0.8933319957860795,1.013191341526754,1.7413719064550421,1.9019216124525136
oakpik,direct_ctw,15,nearest,,5.0,238.0,0.8558708157587699,0.8577051096534261,1.6979720508035219,1.8727562858791666
oakpik,markov_order_1,15,linear,,5.0,1988.0,0.8542741641278744,1.3141007642096267,1.7413719064550421,1.9019216124525136
oakpik,markov_order_1,15,nearest,,5.0,238.0,0.740516888933507,1.2882163613764812,1.6979720508035219,1.8727562858791666
oakpik,markov_order_2,15,linear,,5.0,1988.0,0.8340860517048581,1.4623933100009512,1.7413719064550421,1.9019216124525136
oakpik,markov_order_2,15,nearest,,5.0,238.0,0.7470503391520885,1.2743472180054907,1.6979720508035219,1.8727562858791666
oakpik,vq_ctw,15,linear,256.0,5.0,1988.0,0.9987869837922546,0.015422248754157129,3.75448038749942,3.75448038749942
oakpik,vq_ctw,15,nearest,256.0,5.0,238.0,0.9895272251742266,0.23897210189281945,4.504922537001375,4.504922537001375
oakpik,vq_ctw,15,linear,512.0,5.0,1988.0,0.9944668507368193,0.06604577101798853,3.6845908246555,3.6845908246555
oakpik,vq_ctw,15,nearest,512.0,5.0,238.0,0.999999999999294,0.05823619746265522,4.071189921206982,4.071189921206982
oakpik,vq_ctw,15,linear,1024.0,5.0,1988.0,0.9986323572801697,0.017718906907958742,3.7051054652386224,3.7051054652386224
oakpik,vq_ctw,15,nearest,1024.0,5.0,238.0,1.0,0.0,4.114696828321002,4.114696828321002
oapwyc,direct_ctw,15,linear,,5.0,2014.0,0.88483474473392,1.02114433543364,1.586779982596187,1.7667161485815697
oapwyc,direct_ctw,15,nearest,,5.0,227.0,0.8375079620866142,0.9108569944321387,1.6370798861070934,1.832410279609311
oapwyc,markov_order_1,15,linear,,5.0,2014.0,0.8541663486387017,1.2398627360503718,1.586779982596187,1.7667161485815697
oapwyc,markov_order_1,15,nearest,,5.0,227.0,0.7170838412610546,1.3513824877676575,1.6370798861070934,1.832410279609311
oapwyc,markov_order_2,15,linear,,5.0,2014.0,0.8404353708604062,1.334125491924304,1.586779982596187,1.7667161485815697
oapwyc,markov_order_2,15,nearest,,5.0,227.0,0.7334532916919677,1.2868321555854687,1.6370798861070934,1.832410279609311
oapwyc,vq_ctw,15,linear,256.0,5.0,2014.0,0.9999999999980905,0.026357776592332984,3.7476047177536183,3.7476047177536183
oapwyc,vq_ctw,15,nearest,256.0,5.0,227.0,0.9999999999984103,0.1596082582650167,3.9406836750558525,3.9406836750558525
oapwyc,vq_ctw,15,linear,512.0,5.0,2014.0,0.9923156510766761,0.08488102204855734,3.5858716854795953,3.5858716854795953
oapwyc,vq_ctw,15,nearest,512.0,5.0,227.0,0.9999999999996719,0.029852443824617013,3.658291643397126,3.658291643397126
oapwyc,vq_ctw,15,linear,1024.0,5.0,2014.0,0.9973814982503484,0.028850252239853734,3.796607498667159,3.796607498667159
oapwyc,vq_ctw,15,nearest,1024.0,5.0,227.0,1.0,0.0,3.6003451314544423,3.6003451314544423
oasthu,direct_ctw,15,linear,,5.0,1946.0,0.8869423272837131,1.0980391590758438,1.7136355458233945,1.849302295284594
oasthu,markov_order_1,15,linear,,5.0,1946.0,0.8156935842119362,1.6495434785832288,1.7136355458233945,1.849302295284594
oasthu,markov_order_2,15,linear,,5.0,1946.0,0.7891636469570259,1.8414205086043152,1.7136355458233945,1.849302295284594
oasthu,vq_ctw,15,linear,256.0,5.0,1946.0,0.9885111185712283,0.10871877939804502,6.106281111763886,6.106281111763886
oasthu,vq_ctw,15,linear,512.0,5.0,1946.0,0.9653464758584749,0.332333747550977,5.711159468275808,5.711159468275808
oasthu,vq_ctw,15,linear,1024.0,5.0,1946.0,0.9859496524431337,0.14290222007751247,6.079739824362528,6.079739824362528
obacva,direct_ctw,15,linear,,5.0,2015.0,0.8817055500395878,1.0668139791448221,1.6668994055434139,1.8115666941554085
obacva,direct_ctw,15,nearest,,5.0,210.0,0.8346485540070088,0.9564349387009315,1.6873318519863223,1.8618349316801175
obacva,markov_order_1,15,linear,,5.0,2015.0,0.8381692152754625,1.3806595179470922,1.6668994055434139,1.8115666941554085
obacva,markov_order_1,15,nearest,,5.0,210.0,0.7015770733474402,1.4460520582719487,1.6873318519863223,1.8618349316801175
obacva,markov_order_2,15,linear,,5.0,2015.0,0.8273590767342103,1.455262742150197,1.6668994055434139,1.8115666941554085
obacva,markov_order_2,15,nearest,,5.0,210.0,0.7059701949303975,1.437293126830085,1.6873318519863223,1.8618349316801175
obacva,vq_ctw,15,linear,256.0,5.0,2015.0,0.9937740112644989,0.060800988101906414,4.478994983517409,4.478994983517409
obacva,vq_ctw,15,nearest,256.0,5.0,210.0,0.9950356120435867,0.14727192407196218,4.688640468342295,4.688640468342295
obacva,vq_ctw,15,linear,512.0,5.0,2015.0,0.9793671119541121,0.20290327361854385,4.00484288122943,4.00484288122943
obacva,vq_ctw,15,nearest,512.0,5.0,210.0,0.9931564451088026,0.07985557792398675,4.900755316661701,4.900755316661701
obacva,vq_ctw,15,linear,1024.0,5.0,2015.0,0.9939410182259178,0.06546744638488249,4.52445853112885,4.52445853112885
obacva,vq_ctw,15,nearest,1024.0,5.0,210.0,0.9797032914675813,0.14696623584846022,4.944003835523254,4.944003835523254
obceoo,direct_ctw,15,linear,,5.0,2015.0,0.8735018058497905,1.238363893632138,1.4925122934654393,1.6718135906785854
obceoo,markov_order_1,15,linear,,5.0,2015.0,0.7976732585514996,1.8311462505831275,1.4925122934654393,1.6718135906785854
obceoo,markov_order_2,15,linear,,5.0,2015.0,0.7627493216418063,2.085692136877712,1.4925122934654393,1.6718135906785854
obceoo,vq_ctw,15,linear,256.0,5.0,2015.0,0.9831451478229951,0.15011138092714557,5.637104203652222,5.637104203652222
obceoo,vq_ctw,15,linear,512.0,5.0,2015.0,0.9700838243288366,0.293350693074267,5.278307043971094,5.278307043971094
obceoo,vq_ctw,15,linear,1024.0,5.0,2015.0,0.986506817599484,0.1380285866956293,5.530899306133691,5.530899306133691
obheuj,direct_ctw,15,linear,,5.0,2015.0,0.8713055060645124,1.1514856505543192,1.6110336091102593,1.7769224635629133
obheuj,direct_ctw,15,nearest,,5.0,215.0,0.8389999280499586,0.9380674761006382,1.605094951539354,1.7824160517378844
obheuj,markov_order_1,15,linear,,5.0,2015.0,0.833211849442948,1.424844607149325,1.6110336091102593,1.7769224635629133
obheuj,markov_order_1,15,nearest,,5.0,215.0,0.7147732014311404,1.3977707059534552,1.605094951539354,1.7824160517378844
obheuj,markov_order_2,15,linear,,5.0,2015.0,0.8121422893885334,1.5693525754074724,1.6110336091102593,1.7769224635629133
obheuj,markov_order_2,15,nearest,,5.0,215.0,0.7121248679209676,1.406916574910216,1.605094951539354,1.7824160517378844
obheuj,vq_ctw,15,linear,256.0,5.0,2015.0,0.9999999999980905,0.02947575020255874,3.8074616926073332,3.8074616926073332
obheuj,vq_ctw,15,nearest,256.0,5.0,215.0,0.9953626670492851,0.12702045722338906,3.81204451019062,3.81204451019062
obheuj,vq_ctw,15,linear,512.0,5.0,2015.0,0.9912371136878572,0.09282228977877237,3.9256633911660614,3.9256633911660614
obheuj,vq_ctw,15,nearest,512.0,5.0,215.0,0.9999999999997069,0.03233143215462408,3.815929714556238,3.815929714556238
obheuj,vq_ctw,15,linear,1024.0,5.0,2015.0,0.9966168414092935,0.03800176134220588,3.8571110853710744,3.8571110853710744
obheuj,vq_ctw,15,nearest,1024.0,5.0,215.0,0.9960714794753812,0.0623624843096894,3.958522002549476,3.958522002549476
oblyag,direct_ctw,15,linear,,5.0,2015.0,0.8906091382952046,1.0450301832958722,1.5499240769633222,1.7379754490907318
oblyag,direct_ctw,15,nearest,,5.0,344.0,0.8703219884544594,0.8742690175415078,1.4964731281046568,1.6915139488315851
oblyag,markov_order_1,15,linear,,5.0,2015.0,0.8510200322482233,1.3521816148132924,1.5499240769633222,1.7379754490907318
oblyag,markov_order_1,15,nearest,,5.0,344.0,0.7754317877072048,1.2764659254949593,1.4964731281046568,1.6915139488315851
oblyag,markov_order_2,15,linear,,5.0,2015.0,0.8300144862435211,1.5075992081530367,1.5499240769633222,1.7379754490907318
oblyag,markov_order_2,15,nearest,,5.0,344.0,0.7652518253013932,1.3181406607190795,1.4964731281046568,1.6915139488315851
oblyag,vq_ctw,15,linear,256.0,5.0,2015.0,0.9999999999980905,0.02541644694216935,3.8777288626490147,3.8777288626490147
oblyag,vq_ctw,15,nearest,256.0,5.0,344.0,0.9889976602496656,0.15842265477188847,3.9900817725065862,3.9900817725065862
oblyag,vq_ctw,15,linear,512.0,5.0,2015.0,0.9949200010732162,0.05915629778407511,3.889919285942016,3.889919285942016
oblyag,vq_ctw,15,nearest,512.0,5.0,344.0,0.9999999999994504,0.05633098670256386,4.198644531618285,4.198644531618285
oblyag,vq_ctw,15,linear,1024.0,5.0,2015.0,0.9968732444384908,0.033648752075296474,3.958826996319802,3.958826996319802
oblyag,vq_ctw,15,nearest,1024.0,5.0,344.0,0.9974002885780077,0.04155834010989376,4.166768829178995,4.166768829178995
obsimj,direct_ctw,15,linear,,5.0,2015.0,0.8672770878467349,1.1652390880545356,1.6096976558234646,1.7861394420164487
obsimj,direct_ctw,15,nearest,,5.0,231.0,0.8181159455254531,1.0260165330387783,1.632390898765905,1.8090027407269003
obsimj,markov_order_1,15,linear,,5.0,2015.0,0.8235913084929857,1.4701528848291505,1.6096976558234646,1.7861394420164487
obsimj,markov_order_1,15,nearest,,5.0,231.0,0.686331964785453,1.4906436448077722,1.632390898765905,1.8090027407269003
obsimj,markov_order_2,15,linear,,5.0,2015.0,0.8081775621097425,1.572989011784585,1.6096976558234646,1.7861394420164487
obsimj,markov_order_2,15,nearest,,5.0,231.0,0.6798891138079712,1.5126565979173936,1.632390898765905,1.8090027407269003
obsimj,vq_ctw,15,linear,256.0,5.0,2015.0,0.9940190949700206,0.05875517051370909,4.306523846969828,4.306523846969828
obsimj,vq_ctw,15,nearest,256.0,5.0,231.0,0.9962846032194121,0.05803273508974496,2.937899441704313,2.937899441704313
obsimj,vq_ctw,15,linear,512.0,5.0,2015.0,0.9864509495955011,0.13495490419477693,4.036639322304557,4.036639322304557
obsimj,vq_ctw,15,nearest,512.0,5.0,231.0,0.9999999999997025,0.022943567014274635,3.4389234952049774,3.4389234952049774
obsimj,vq_ctw,15,linear,1024.0,5.0,2015.0,0.9974664352038471,0.029517154726909703,4.646992819548827,4.646992819548827
obsimj,vq_ctw,15,nearest,1024.0,5.0,231.0,0.9928389358976892,0.0532624056541469,3.6798565499918916,3.6798565499918916
occeyd,direct_ctw,15,linear,,5.0,2015.0,0.8483662047940324,1.3505479160969183,1.5611098795587024,1.7307038347629775
occeyd,direct_ctw,15,nearest,,5.0,32.0,0.8552409272517423,1.0554433684636564,1.8080867947922346,2.052472335207173
occeyd,markov_order_1,15,linear,,5.0,2015.0,0.7826470932917604,1.8112007376438906,1.5611098795587024,1.7307038347629775
occeyd,markov_order_1,15,nearest,,5.0,32.0,0.6278833729445239,2.1318652415100092,1.8080867947922346,2.052472335207173
occeyd,markov_order_2,15,linear,,5.0,2015.0,0.7615423543606311,1.950888687060278,1.5611098795587024,1.7307038347629775
occeyd,markov_order_2,15,nearest,,5.0,32.0,0.5828034345175346,2.302606974010003,1.8080867947922346,2.052472335207173
occeyd,vq_ctw,15,linear,256.0,5.0,2015.0,0.9999999999980905,0.12062560450519619,5.561033902212932,5.561033902212932
occeyd,vq_ctw,15,nearest,256.0,5.0,32.0,0.9376856462904812,0.46119304951486106,7.008985661490218,7.008985661490218
occeyd,vq_ctw,15,linear,512.0,5.0,2015.0,0.9618158320072184,0.3411003210552347,4.856867410008095,4.856867410008095
occeyd,vq_ctw,15,nearest,512.0,5.0,32.0,1.0,0.0,6.982027482852046,6.982027482852046
occeyd,vq_ctw,15,linear,1024.0,5.0,2015.0,0.9862382670680115,0.12662003588058435,5.649747978767463,5.649747978767463
occeyd,vq_ctw,15,nearest,1024.0,5.0,32.0,1.0,0.0,7.117391405419421,7.117391405419421
occrok,direct_ctw,15,linear,,5.0,2015.0,0.8856606808541546,1.0793269139108947,1.5354672267912104,1.7303098178946021
occrok,direct_ctw,15,nearest,,5.0,213.0,0.8145910582404321,1.0229829122419043,1.6291576926518427,1.8159167690216056
occrok,markov_order_1,15,linear,,5.0,2015.0,0.8419415605887917,1.4126969636233755,1.5354672267912104,1.7303098178946021
occrok,markov_order_1,15,nearest,,5.0,213.0,0.6716260675606908,1.5285299688929455,1.6291576926518427,1.8159167690216056
occrok,markov_order_2,15,linear,,5.0,2015.0,0.8203099992818312,1.569617951534075,1.5354672267912104,1.7303098178946021
occrok,markov_order_2,15,nearest,,5.0,213.0,0.6845179340099404,1.470492973874815,1.6291576926518427,1.8159167690216056
occrok,vq_ctw,15,linear,256.0,5.0,2015.0,0.9970518268663973,0.03197744638132531,4.16184565667691,4.16184565667691
occrok,vq_ctw,15,nearest,256.0,5.0,213.0,0.9776519788242947,0.18117841038805427,3.7958143358394936,3.7958143358394936
occrok,vq_ctw,15,linear,512.0,5.0,2015.0,0.9894307273197444,0.11421556562580397,3.9567598134943065,3.9567598134943065
occrok,vq_ctw,15,nearest,512.0,5.0,213.0,0.9943816132644889,0.07030677168445165,4.073772998229695,4.073772998229695
occrok,vq_ctw,15,linear,1024.0,5.0,2015.0,0.9981582953031689,0.022305015915722693,4.309371463035587,4.309371463035587
occrok,vq_ctw,15,nearest,1024.0,5.0,213.0,0.9959127913039735,0.031156173733375696,4.336463999992991,4.336463999992991
ochotc,direct_ctw,15,linear,,5.0,2014.0,0.9187309104882654,0.8448639234430978,1.6160364188511478,1.7705999144123323
ochotc,markov_order_1,15,linear,,5.0,2014.0,0.8575180900799877,1.3590096706901125,1.6160364188511478,1.7705999144123323
ochotc,markov_order_2,15,linear,,5.0,2014.0,0.8342813462361527,1.541424112978787,1.6160364188511478,1.7705999144123323
ochotc,vq_ctw,15,linear,256.0,5.0,2014.0,0.987303877859566,0.1183015582585741,4.948017838765494,4.948017838765494
ochotc,vq_ctw,15,linear,512.0,5.0,2014.0,0.9814297226684551,0.19502513875121127,4.538703740135543,4.538703740135543
ochotc,vq_ctw,15,linear,1024.0,5.0,2014.0,0.9879511556636562,0.12523439194396366,4.927765787563529,4.927765787563529
ochtin,direct_ctw,15,linear,,5.0,2014.0,0.8797117641653722,1.1746393021774744,1.5550706239215693,1.7229236177368126
ochtin,markov_order_1,15,linear,,5.0,2014.0,0.804312984895051,1.7616211626767784,1.5550706239215693,1.7229236177368126
ochtin,markov_order_2,15,linear,,5.0,2014.0,0.7806301945814837,1.9343002563742702,1.5550706239215693,1.7229236177368126
ochtin,vq_ctw,15,linear,256.0,5.0,2014.0,0.9805486099784896,0.16917880294262871,5.895917998560824,5.895917998560824
ochtin,vq_ctw,15,linear,512.0,5.0,2014.0,0.9548740788441135,0.40836555168600036,5.465202816011923,5.465202816011923
ochtin,vq_ctw,15,linear,1024.0,5.0,2014.0,0.9875120324713207,0.1218446826116486,6.553379714956265,6.553379714956265
ocjeng,direct_ctw,15,linear,,5.0,2015.0,0.8616665452420463,1.196746166455529,1.5757503321822708,1.738974977183256
ocjeng,direct_ctw,15,nearest,,5.0,556.0,0.8544210246008501,0.8761712023833694,1.539758995782474,1.6982925937312905
ocjeng,markov_order_1,15,linear,,5.0,2015.0,0.8224711800860776,1.4663187061701237,1.5757503321822708,1.738974977183256
ocjeng,markov_order_1,15,nearest,,5.0,556.0,0.7408256165504877,1.3343527231662373,1.539758995782474,1.6982925937312905
ocjeng,markov_order_2,15,linear,,5.0,2015.0,0.8037646674486787,1.5894326063005242,1.5757503321822708,1.738974977183256
ocjeng,markov_order_2,15,nearest,,5.0,556.0,0.7317522955069035,1.3707728519943734,1.539758995782474,1.6982925937312905
ocjeng,vq_ctw,15,linear,256.0,5.0,2015.0,0.9999999999980905,0.027867931152476332,4.0884327317160265,4.0884327317160265
ocjeng,vq_ctw,15,nearest,256.0,5.0,556.0,0.9666755670897832,0.27546868716953066,4.754990582173012,4.754990582173012
ocjeng,vq_ctw,15,linear,512.0,5.0,2015.0,0.9917367946463116,0.0821425675714445,4.138115356242793,4.138115356242793
ocjeng,vq_ctw,15,nearest,512.0,5.0,556.0,0.9872930946611562,0.11416972281432065,4.756857981600612,4.756857981600612
ocjeng,vq_ctw,15,linear,1024.0,5.0,2015.0,0.9983985443676866,0.018781775038966348,4.23397460677344,4.23397460677344
ocjeng,vq_ctw,15,nearest,1024.0,5.0,556.0,0.9821915117288181,0.12425554555756456,4.853263828593324,4.853263828593324
ockiho,direct_ctw,15,linear,,5.0,2015.0,0.8787222953971352,1.1096843119224042,1.7085511958698085,1.870654222788796
ockiho,direct_ctw,15,nearest,,5.0,253.0,0.8424030142836787,0.8890604035321231,1.5122210702149357,1.7243594068706194
ockiho,markov_order_1,15,linear,,5.0,2015.0,0.827487818808804,1.483695461174235,1.7085511958698085,1.870654222788796
ockiho,markov_order_1,15,nearest,,5.0,253.0,0.7273640810788604,1.2935649704759205,1.5122210702149357,1.7243594068706194
ockiho,markov_order_2,15,linear,,5.0,2015.0,0.8051459321571465,1.6380252378855216,1.7085511958698085,1.870654222788796
ockiho,markov_order_2,15,nearest,,5.0,253.0,0.7219128088757519,1.3093259288877936,1.5122210702149357,1.7243594068706194
ockiho,vq_ctw,15,linear,256.0,5.0,2015.0,0.9988226011763828,0.014331329817454476,6.254734630154616,6.254734630154616
ockiho,vq_ctw,15,nearest,256.0,5.0,253.0,0.9902895630272895,0.1768074955043927,3.384703743095423,3.384703743095423
ockiho,vq_ctw,15,linear,512.0,5.0,2015.0,0.9955105002581244,0.04859274598330356,6.132928397668943,6.132928397668943
ockiho,vq_ctw,15,nearest,512.0,5.0,253.0,0.9999999999994491,0.0526729571865134,3.3242742510025844,3.3242742510025844
ockiho,vq_ctw,15,linear,1024.0,5.0,2015.0,0.9988604975941625,0.015063370666521591,5.496398787177432,5.496398787177432
ockiho,vq_ctw,15,nearest,1024.0,5.0,253.0,0.9999999999997585,0.025570618988333505,3.6012207701706607,3.6012207701706607
ockoac,direct_ctw,15,linear,,5.0,870.0,0.8828522190152926,1.0096037548174095,1.61333950653668,1.7603063697020154
ockoac,direct_ctw,15,nearest,,5.0,40.0,0.8409496361848599,0.8841217378008632,1.4658123055760623,1.6874640462056356
ockoac,markov_order_1,15,linear,,5.0,870.0,0.823991610260498,1.4052083544844585,1.61333950653668,1.7603063697020154
ockoac,markov_order_1,15,nearest,,5.0,40.0,0.7324584272569052,1.2619581461142497,1.4658123055760623,1.6874640462056356
ockoac,markov_order_2,15,linear,,5.0,870.0,0.803542425185999,1.5339997692912002,1.61333950653668,1.7603063697020154
ockoac,markov_order_2,15,nearest,,5.0,40.0,0.7518905872706874,1.2015119555475133,1.4658123055760623,1.6874640462056356
ockoac,vq_ctw,15,linear,256.0,5.0,870.0,0.9945780121042047,0.05403411737064157,4.506615729443823,4.506615729443823
ockoac,vq_ctw,15,nearest,256.0,5.0,40.0,1.0,0.0,2.9202214218150773,2.9202214218150773
ockoac,vq_ctw,15,linear,512.0,5.0,870.0,0.9851832167032017,0.15284893851128528,4.144169352098633,4.144169352098633
ockoac,vq_ctw,15,nearest,512.0,5.0,40.0,0.9999999999980906,0.17046781336263092,3.12884439985887,3.12884439985887
ockoac,vq_ctw,15,linear,1024.0,5.0,870.0,0.9960117963918577,0.043849589000138675,4.836818596313501,4.836818596313501
ockoac,vq_ctw,15,nearest,1024.0,5.0,40.0,1.0,0.0,3.7233754571058975,3.7233754571058975
ockolr,direct_ctw,15,linear,,5.0,1663.0,0.8420793475809185,1.3533720766501882,1.693893671699941,1.8505472936467742
ockolr,direct_ctw,15,nearest,,5.0,427.0,0.8372076567703745,0.9839118801852484,1.750324017623507,1.9176456777493465
ockolr,markov_order_1,15,linear,,5.0,1663.0,0.7866704570473027,1.7259069770111686,1.693893671699941,1.8505472936467742
ockolr,markov_order_1,15,nearest,,5.0,427.0,0.6702087152398558,1.6113379297186428,1.750324017623507,1.9176456777493465
ockolr,markov_order_2,15,linear,,5.0,1663.0,0.7635557171883379,1.8731652455268513,1.693893671699941,1.8505472936467742
ockolr,markov_order_2,15,nearest,,5.0,427.0,0.6819802237319528,1.579674023015362,1.750324017623507,1.9176456777493465
ockolr,vq_ctw,15,linear,256.0,5.0,1663.0,0.9950437206415802,0.05293605309077424,4.470467677484756,4.470467677484756
ockolr,vq_ctw,15,nearest,256.0,5.0,427.0,0.9642429975454436,0.29442036221859635,4.585972075412056,4.585972075412056
ockolr,vq_ctw,15,linear,512.0,5.0,1663.0,0.9857002901543928,0.14131157555752732,4.207126357793086,4.207126357793086
ockolr,vq_ctw,15,nearest,512.0,5.0,427.0,0.9925959951801351,0.13665280045049272,5.003365578816518,5.003365578816518
ockolr,vq_ctw,15,linear,1024.0,5.0,1663.0,0.9970254231001554,0.0352000930330007,4.491860751002981,4.491860751002981
ockolr,vq_ctw,15,nearest,1024.0,5.0,427.0,0.9809441313196716,0.12896944727176582,4.969719625112112,4.969719625112112
ocshit,direct_ctw,15,linear,,5.0,2015.0,0.8400170678207834,1.4192874667774253,1.6612829570321292,1.814101306078017
ocshit,direct_ctw,15,nearest,,5.0,212.0,0.8516536959688964,0.9097281983661686,1.6303870894067112,1.78376327186533
ocshit,markov_order_1,15,linear,,5.0,2015.0,0.7734192700003393,1.8838098139032269,1.6612829570321292,1.814101306078017
ocshit,markov_order_1,15,nearest,,5.0,212.0,0.7135313381922647,1.4459930533532304,1.6303870894067112,1.78376327186533
ocshit,markov_order_2,15,linear,,5.0,2015.0,0.746883562561795,2.0581949655269107,1.6612829570321292,1.814101306078017
ocshit,markov_order_2,15,nearest,,5.0,212.0,0.7198359051199827,1.4326958426202705,1.6303870894067112,1.78376327186533
ocshit,vq_ctw,15,linear,256.0,5.0,2015.0,0.9929397916120397,0.07179261969826538,5.198757778858071,5.198757778858071
ocshit,vq_ctw,15,nearest,256.0,5.0,212.0,0.9773541736766962,0.2749508947459115,5.426139801107126,5.426139801107126
ocshit,vq_ctw,15,linear,512.0,5.0,2015.0,0.9777853744444195,0.2160650433123005,4.613394681745664,4.613394681745664
ocshit,vq_ctw,15,nearest,512.0,5.0,212.0,0.999999999998712,0.17133060891488966,5.062226170369698,5.062226170369698
ocshit,vq_ctw,15,linear,1024.0,5.0,2015.0,0.9941627430370439,0.0633865973516935,5.300951635198733,5.300951635198733
ocshit,vq_ctw,15,nearest,1024.0,5.0,212.0,0.9738776167640297,0.21033518406279028,5.222393863519101,5.222393863519101
ocwyit,direct_ctw,15,linear,,5.0,2011.0,0.8977537182501013,0.9826241144029989,1.6640023124902523,1.8046999328598505
ocwyit,direct_ctw,15,nearest,,5.0,166.0,0.8220251402583304,1.0436120693048425,1.760289311417873,1.9359073791892796
ocwyit,markov_order_1,15,linear,,5.0,2011.0,0.8408129311567341,1.421005202530884,1.6640023124902523,1.8046999328598505
ocwyit,markov_order_1,15,nearest,,5.0,166.0,0.6660808959561557,1.6101397417042909,1.760289311417873,1.9359073791892796
ocwyit,markov_order_2,15,linear,,5.0,2011.0,0.8228754810400369,1.5512556255480205,1.6640023124902523,1.8046999328598505
ocwyit,markov_order_2,15,nearest,,5.0,166.0,0.6739925756021037,1.5904607017985526,1.760289311417873,1.9359073791892796
ocwyit,vq_ctw,15,linear,256.0,5.0,2011.0,0.9880774950424227,0.10520691633053682,5.915972936507089,5.915972936507089
ocwyit,vq_ctw,15,nearest,256.0,5.0,166.0,0.9891819187715921,0.10949225594536334,3.4548233701181665,3.4548233701181665
ocwyit,vq_ctw,15,linear,512.0,5.0,2011.0,0.9687200453472262,0.28858463891033614,5.814680408344914,5.814680408344914
ocwyit,vq_ctw,15,nearest,512.0,5.0,166.0,1.0,0.0,3.629995897941435,3.629995897941435
ocwyit,vq_ctw,15,linear,1024.0,5.0,2011.0,0.9867059949019037,0.11520774979162343,6.250679217624935,6.250679217624935
ocwyit,vq_ctw,15,nearest,1024.0,5.0,166.0,1.0,0.0,3.7405623576627094,3.7405623576627094
odklob,direct_ctw,15,linear,,5.0,2015.0,0.850296038173137,1.4163502545112328,1.7323954259192644,1.8606292583635278
odklob,direct_ctw,15,nearest,,5.0,120.0,0.8393524723911351,1.035196966426189,1.704490168039059,1.8820860289911616
odklob,markov_order_1,15,linear,,5.0,2015.0,0.7602048062539578,2.087751329021537,1.7323954259192644,1.8606292583635278
odklob,markov_order_1,15,nearest,,5.0,120.0,0.6500578154680655,1.8058453015812035,1.704490168039059,1.8820860289911616
odklob,markov_order_2,15,linear,,5.0,2015.0,0.7275061819814252,2.314393553750816,1.7323954259192644,1.8606292583635278
odklob,markov_order_2,15,nearest,,5.0,120.0,0.6470971110390351,1.8174411002603543,1.704490168039059,1.8820860289911616
odklob,vq_ctw,15,linear,256.0,5.0,2015.0,0.9701754040133583,0.24078231751208357,5.740681405327653,5.740681405327653
odklob,vq_ctw,15,nearest,256.0,5.0,120.0,0.983512372170271,0.12798027112936125,4.131449086063751,4.131449086063751
odklob,vq_ctw,15,linear,512.0,5.0,2015.0,0.9473396332168853,0.47976721798157784,5.812539920874885,5.812539920874885
odklob,vq_ctw,15,nearest,512.0,5.0,120.0,0.9854442405446652,0.15719133339122948,5.174138594945469,5.174138594945469
odklob,vq_ctw,15,linear,1024.0,5.0,2015.0,0.9705798699278286,0.26752538415619315,5.817367781664027,5.817367781664027
odklob,vq_ctw,15,nearest,1024.0,5.0,120.0,0.9913545182348291,0.1233092363331732,4.891080505639677,4.891080505639677
odlorh,direct_ctw,15,linear,,5.0,2014.0,0.8648918374958134,1.2276356210652535,1.57906973197544,1.7528662300806674
odlorh,direct_ctw,15,nearest,,5.0,113.0,0.8508099137172012,0.9033450205865636,1.5651592600853845,1.7426202235771162
odlorh,markov_order_1,15,linear,,5.0,2014.0,0.8235855846426497,1.5291878403208574,1.57906973197544,1.7528662300806674
odlorh,markov_order_1,15,nearest,,5.0,113.0,0.7383940082262199,1.3386877748382304,1.5651592600853845,1.7426202235771162
odlorh,markov_order_2,15,linear,,5.0,2014.0,0.8002308278804229,1.6919410405100492,1.57906973197544,1.7528662300806674
odlorh,markov_order_2,15,nearest,,5.0,113.0,0.7380234034102908,1.3461410096663515,1.5651592600853845,1.7426202235771162
odlorh,vq_ctw,15,linear,256.0,5.0,2014.0,0.9988621973306208,0.01390555053817032,4.0169741742688245,4.0169741742688245
odlorh,vq_ctw,15,nearest,256.0,5.0,113.0,0.9740873144890573,0.3467816919228109,4.865429166096096,4.865429166096096
odlorh,vq_ctw,15,linear,512.0,5.0,2014.0,0.9934206132883582,0.06372642483610527,3.9913751779789015,3.9913751779789015
odlorh,vq_ctw,15,nearest,512.0,5.0,113.0,0.9999999999987326,0.11758816489318231,5.465082511750147,5.465082511750147
odlorh,vq_ctw,15,linear,1024.0,5.0,2014.0,0.9999999999980905,0.013689750250027083,4.095572684652602,4.095572684652602
odlorh,vq_ctw,15,nearest,1024.0,5.0,113.0,0.9999999999994592,0.05694903897251687,5.58395359417364,5.58395359417364
odocje,direct_ctw,15,linear,,5.0,2014.0,0.855402643005817,1.26764271817568,1.6848067164917129,1.8590438272481749
odocje,direct_ctw,15,nearest,,5.0,196.0,0.81905924578339,1.066602247337935,1.7427921521213703,1.918744800375662
odocje,markov_order_1,15,linear,,5.0,2014.0,0.8028035133023279,1.6320376336438458,1.6848067164917129,1.8590438272481749
odocje,markov_order_1,15,nearest,,5.0,196.0,0.6324700018749488,1.7719798078997957,1.7427921521213703,1.918744800375662
odocje,markov_order_2,15,linear,,5.0,2014.0,0.7792807149229574,1.7864673413597427,1.6848067164917129,1.8590438272481749
odocje,markov_order_2,15,nearest,,5.0,196.0,0.6356430628752398,1.7786191820362538,1.7427921521213703,1.918744800375662
odocje,vq_ctw,15,linear,256.0,5.0,2014.0,0.9999999999980905,0.05026461121387392,4.496611034288591,4.496611034288591
odocje,vq_ctw,15,nearest,256.0,5.0,196.0,0.9812195281861278,0.23050583065422856,4.783810861791014,4.783810861791014
odocje,vq_ctw,15,linear,512.0,5.0,2014.0,0.9856203020889844,0.1419854696070949,4.436809701015873,4.436809701015873
odocje,vq_ctw,15,nearest,512.0,5.0,196.0,0.9999999999995617,0.07664292007982561,5.114774561583711,5.114774561583711
odocje,vq_ctw,15,linear,1024.0,5.0,2014.0,0.996545961664113,0.03869442846338411,4.5251168475686825,4.5251168475686825
odocje,vq_ctw,15,nearest,1024.0,5.0,196.0,0.9883962256663461,0.08467245227539956,5.183002661022896,5.183002661022896
odolfe,direct_ctw,15,linear,,5.0,2015.0,0.8941575510826927,0.9787638458114304,1.685452198468808,1.824699013516667
odolfe,direct_ctw,15,nearest,,5.0,238.0,0.8333634529219428,1.0187366362005046,1.6973390351373965,1.8837368721516703
odolfe,markov_order_1,15,linear,,5.0,2015.0,0.8480638993198542,1.320233666067783,1.685452198468808,1.824699013516667
odolfe,markov_order_1,15,nearest,,5.0,238.0,0.6802409121280298,1.6101379934807392,1.6973390351373965,1.8837368721516703
odolfe,markov_order_2,15,linear,,5.0,2015.0,0.8351046851014536,1.4116432563432522,1.685452198468808,1.824699013516667
odolfe,markov_order_2,15,nearest,,5.0,238.0,0.6617965866603389,1.6708380813467134,1.6973390351373965,1.8837368721516703
odolfe,vq_ctw,15,linear,256.0,5.0,2015.0,0.9953284320644441,0.04756215538302244,4.530604250704223,4.530604250704223
odolfe,vq_ctw,15,nearest,256.0,5.0,238.0,0.9873779031007799,0.17996802257667974,4.283253005874628,4.283253005874628
odolfe,vq_ctw,15,linear,512.0,5.0,2015.0,0.9835746572634313,0.15900786368256323,4.514207855187167,4.514207855187167
odolfe,vq_ctw,15,nearest,512.0,5.0,238.0,0.9999999999990774,0.08118159951318264,4.363494879731993,4.363494879731993
odolfe,vq_ctw,15,linear,1024.0,5.0,2015.0,0.9948808594626023,0.05144162238532019,4.840305241711037,4.840305241711037
odolfe,vq_ctw,15,nearest,1024.0,5.0,238.0,0.9999999999996951,0.027819567901949584,4.687670179710906,4.687670179710906
odoywu,direct_ctw,15,linear,,5.0,2015.0,0.9059901245337707,0.8626357068698574,1.526840954255724,1.6672228987095774
odoywu,direct_ctw,15,nearest,,5.0,32.0,0.8571432321907329,0.877385344736351,1.7165537572589926,1.9374825213397626
odoywu,markov_order_1,15,linear,,5.0,2015.0,0.8695855589168671,1.131395318441694,1.526840954255724,1.6672228987095774
odoywu,markov_order_1,15,nearest,,5.0,32.0,0.76233684434503,1.2664588557883263,1.7165537572589926,1.9374825213397626
odoywu,markov_order_2,15,linear,,5.0,2015.0,0.8609391858619404,1.1925731106572106,1.526840954255724,1.6672228987095774
odoywu,markov_order_2,15,nearest,,5.0,32.0,0.7648730252980545,1.2570962070941298,1.7165537572589926,1.9374825213397626
odoywu,vq_ctw,15,linear,256.0,5.0,2015.0,0.9999999999980905,0.0507836501248496,3.9718378324893107,3.9718378324893107
odoywu,vq_ctw,15,nearest,256.0,5.0,32.0,0.9999999999980905,0.3288801090031442,5.986221586340404,5.986221586340404
odoywu,vq_ctw,15,linear,512.0,5.0,2015.0,0.9875892965637174,0.12846243598963414,3.8498259492644764,3.8498259492644764
odoywu,vq_ctw,15,nearest,512.0,5.0,32.0,1.0,0.0,5.1725955011798765,5.1725955011798765
odoywu,vq_ctw,15,linear,1024.0,5.0,2015.0,0.9999999999980905,0.05480267562659069,3.987759667195958,3.987759667195958
odoywu,vq_ctw,15,nearest,1024.0,5.0,32.0,0.9999999999980905,0.1603341767718655,4.770639938976797,4.770639938976797
odscix,direct_ctw,15,linear,,5.0,2015.0,0.8767095725044525,1.176147978838173,1.5775952942259879,1.7341580262150318
odscix,markov_order_1,15,linear,,5.0,2015.0,0.814010702072946,1.6545562969063647,1.5775952942259879,1.7341580262150318
odscix,markov_order_2,15,linear,,5.0,2015.0,0.7887865803053182,1.8357532932525336,1.5775952942259879,1.7341580262150318
odscix,vq_ctw,15,linear,256.0,5.0,2015.0,0.9904839931686378,0.09264973902670003,4.930285579232885,4.930285579232885
odscix,vq_ctw,15,linear,512.0,5.0,2015.0,0.9784826802196656,0.2144291038647916,4.500218220558865,4.500218220558865
odscix,vq_ctw,15,linear,1024.0,5.0,2015.0,0.9919902177925161,0.08330912781336075,5.039562525817296,5.039562525817296
ofikco,direct_ctw,15,linear,,5.0,2015.0,0.8702824315689084,1.1590528394945732,1.5385219203156635,1.7260043745484692
ofikco,direct_ctw,15,nearest,,5.0,285.0,0.8274784036119159,0.9964650794788545,1.705227135977653,1.8548464379293137
ofikco,markov_order_1,15,linear,,5.0,2015.0,0.8314943254220188,1.4367910723203137,1.5385219203156635,1.7260043745484692
ofikco,markov_order_1,15,nearest,,5.0,285.0,0.6920359626663848,1.4967220229310556,1.705227135977653,1.8548464379293137
ofikco,markov_order_2,15,linear,,5.0,2015.0,0.8152756965421819,1.5481368170384608,1.5385219203156635,1.7260043745484692
ofikco,markov_order_2,15,nearest,,5.0,285.0,0.6867840991933819,1.5161376343579218,1.705227135977653,1.8548464379293137
ofikco,vq_ctw,15,linear,256.0,5.0,2015.0,0.998910735564007,0.013380893705045019,4.272970812209751,4.272970812209751
ofikco,vq_ctw,15,nearest,256.0,5.0,285.0,0.9888037496217473,0.08144118044471489,4.084902263849013,4.084902263849013
ofikco,vq_ctw,15,linear,512.0,5.0,2015.0,0.9913872406749937,0.09371315702318134,3.966635125533025,3.966635125533025
ofikco,vq_ctw,15,nearest,512.0,5.0,285.0,0.9933883933638459,0.1066626712603901,4.654612228018907,4.654612228018907
ofikco,vq_ctw,15,linear,1024.0,5.0,2015.0,0.9993600998704113,0.008352039773278959,4.402517394844363,4.402517394844363
ofikco,vq_ctw,15,nearest,1024.0,5.0,285.0,0.993537244535134,0.04326093620818541,4.810898251273878,4.810898251273878
ofjeeq,direct_ctw,15,linear,,5.0,2015.0,0.879644574363888,1.137501864333556,1.4324314565926068,1.6137618806970635
ofjeeq,direct_ctw,15,nearest,,5.0,168.0,0.8223825448599899,1.0455715385677085,1.6704865571214564,1.8506230365139096
ofjeeq,markov_order_1,15,linear,,5.0,2015.0,0.830431060457407,1.512090305905828,1.4324314565926068,1.6137618806970635
ofjeeq,markov_order_1,15,nearest,,5.0,168.0,0.6641979354130385,1.6338392107491888,1.6704865571214564,1.8506230365139096
ofjeeq,markov_order_2,15,linear,,5.0,2015.0,0.804284736833625,1.7005403252611941,1.4324314565926068,1.6137618806970635
ofjeeq,markov_order_2,15,nearest,,5.0,168.0,0.670340040165776,1.6193736483581946,1.6704865571214564,1.8506230365139096
ofjeeq,vq_ctw,15,linear,256.0,5.0,2015.0,0.9931983211999208,0.06555234195215995,4.6414707774576165,4.6414707774576165
ofjeeq,vq_ctw,15,nearest,256.0,5.0,168.0,0.9898881670201479,0.20077921056865808,3.5766418748683058,3.5766418748683058
ofjeeq,vq_ctw,15,linear,512.0,5.0,2015.0,0.9842670495699486,0.15742886685885615,4.36856221926508,4.36856221926508
ofjeeq,vq_ctw,15,nearest,512.0,5.0,168.0,0.9999999999993976,0.034858820944609584,4.437779926069987,4.437779926069987
ofjeeq,vq_ctw,15,linear,1024.0,5.0,2015.0,0.9942785928277891,0.06229453415506711,4.675492006054155,4.675492006054155
ofjeeq,vq_ctw,15,nearest,1024.0,5.0,168.0,1.0,0.0,4.697479861230014,4.697479861230014
ofodwo,direct_ctw,15,linear,,5.0,2015.0,0.8710782192640036,1.15316794180971,1.6199404718202308,1.8017072911726268
ofodwo,direct_ctw,15,nearest,,5.0,180.0,0.8215060478171773,0.9543122851844317,1.7010341665465192,1.864118958826957
ofodwo,markov_order_1,15,linear,,5.0,2015.0,0.8352757993846014,1.4104479957820646,1.6199404718202308,1.8017072911726268
ofodwo,markov_order_1,15,nearest,,5.0,180.0,0.6860696424383622,1.4069973985462758,1.7010341665465192,1.864118958826957
ofodwo,markov_order_2,15,linear,,5.0,2015.0,0.8170354447786874,1.536180700141796,1.6199404718202308,1.8017072911726268
ofodwo,markov_order_2,15,nearest,,5.0,180.0,0.6882351668580136,1.3814092194586,1.7010341665465192,1.864118958826957
ofodwo,vq_ctw,15,linear,256.0,5.0,2015.0,0.996812070733456,0.03421782260327203,3.8990981434731298,3.8990981434731298
ofodwo,vq_ctw,15,nearest,256.0,5.0,180.0,0.9881315123118319,0.1263992051383648,3.966730013402096,3.966730013402096
ofodwo,vq_ctw,15,linear,512.0,5.0,2015.0,0.9904044422573148,0.10038005819583161,3.8713044110207475,3.8713044110207475
ofodwo,vq_ctw,15,nearest,512.0,5.0,180.0,0.99999999999965,0.05886718775727629,4.001224290808348,4.001224290808348
ofodwo,vq_ctw,15,linear,1024.0,5.0,2015.0,0.9970156676999132,0.03231708462215632,4.0246546857805185,4.0246546857805185
ofodwo,vq_ctw,15,nearest,1024.0,5.0,180.0,0.9936518625844465,0.04986067450379802,4.528316699778992,4.528316699778992
ogawje,direct_ctw,15,linear,,5.0,1926.0,0.8766310960337903,1.125573025099744,1.654043439212824,1.8100862000987903
ogawje,direct_ctw,15,nearest,,5.0,294.0,0.8491527588092976,0.9220442614676853,1.6079540287536045,1.7966861914156593
ogawje,markov_order_1,15,linear,,5.0,1926.0,0.8227709954947298,1.5166814423056854,1.654043439212824,1.8100862000987903
ogawje,markov_order_1,15,nearest,,5.0,294.0,0.7186390891163726,1.446140348079201,1.6079540287536045,1.7966861914156593
ogawje,markov_order_2,15,linear,,5.0,1926.0,0.8062757124128679,1.6303348846616539,1.654043439212824,1.8100862000987903
ogawje,markov_order_2,15,nearest,,5.0,294.0,0.7130159280841891,1.4681109539407073,1.6079540287536045,1.7966861914156593
ogawje,vq_ctw,15,linear,256.0,5.0,1926.0,0.9935340174696782,0.06657309600476757,4.569395250398962,4.569395250398962
ogawje,vq_ctw,15,nearest,256.0,5.0,294.0,0.9964578156556325,0.13748755273955326,4.033445659662454,4.033445659662454
ogawje,vq_ctw,15,linear,512.0,5.0,1926.0,0.9856276092459049,0.14570436770897416,4.514849513694304,4.514849513694304
ogawje,vq_ctw,15,nearest,512.0,5.0,294.0,0.9999999999995778,0.044173190706937225,4.026241464182497,4.026241464182497
ogawje,vq_ctw,15,linear,1024.0,5.0,1926.0,0.9950147016924452,0.05320390051559585,4.855034665309064,4.855034665309064
ogawje,vq_ctw,15,nearest,1024.0,5.0,294.0,1.0,0.0,4.173616267865438,4.173616267865438
ogdygd,direct_ctw,15,linear,,5.0,1930.0,0.8785718924474781,1.0668028245433587,1.5946744299133604,1.7672471179269087
ogdygd,direct_ctw,15,nearest,,5.0,218.0,0.8196640181254798,1.017100509488919,1.6772769863199248,1.8522842107518434
ogdygd,markov_order_1,15,linear,,5.0,1930.0,0.8396590285112809,1.339393085716964,1.5946744299133604,1.7672471179269087
ogdygd,markov_order_1,15,nearest,,5.0,218.0,0.6609604903183853,1.5483282203356625,1.6772769863199248,1.8522842107518434
ogdygd,markov_order_2,15,linear,,5.0,1930.0,0.8294612585734972,1.4079959936624962,1.5946744299133604,1.7672471179269087
ogdygd,markov_order_2,15,nearest,,5.0,218.0,0.6768887203013395,1.5089037156920921,1.6772769863199248,1.8522842107518434
ogdygd,vq_ctw,15,linear,256.0,5.0,1930.0,0.9999999999980905,0.03020683948176874,3.855892022889011,3.855892022889011
ogdygd,vq_ctw,15,nearest,256.0,5.0,218.0,0.9738149811129218,0.293477920990119,4.370545878741429,4.370545878741429
ogdygd,vq_ctw,15,linear,512.0,5.0,1930.0,0.9872439493182615,0.11877274958059653,3.7554451034052203,3.7554451034052203
ogdygd,vq_ctw,15,nearest,512.0,5.0,218.0,0.9907961153984759,0.10892718757512505,4.812823782345664,4.812823782345664
ogdygd,vq_ctw,15,linear,1024.0,5.0,1930.0,0.9958836296272325,0.04266261045055015,3.944685291252494,3.944685291252494
ogdygd,vq_ctw,15,nearest,1024.0,5.0,218.0,0.9815615475583003,0.11942386972771775,5.004093504646718,5.004093504646718
oggluv,direct_ctw,15,linear,,5.0,1956.0,0.8884327532715778,1.0943029972689173,1.78984093437704,1.9531795263689875
oggluv,markov_order_1,15,linear,,5.0,1956.0,0.8128753005869949,1.6844469545263723,1.78984093437704,1.9531795263689875
oggluv,markov_order_2,15,linear,,5.0,1956.0,0.7850753862870743,1.886754137206818,1.78984093437704,1.9531795263689875
oggluv,vq_ctw,15,linear,256.0,5.0,1956.0,0.9903123819375849,0.09406957140983523,5.496731697370243,5.496731697370243
oggluv,vq_ctw,15,linear,512.0,5.0,1956.0,0.9695470285941769,0.293192060733106,5.8454926386294055,5.8454926386294055
oggluv,vq_ctw,15,linear,1024.0,5.0,1956.0,0.9888829510882032,0.11034480608265004,6.158403107226781,6.158403107226781
ogijtr,direct_ctw,15,linear,,5.0,2015.0,0.869681511961232,1.1394573792303508,1.5885937432140063,1.7539497861328894
ogijtr,direct_ctw,15,nearest,,5.0,305.0,0.8218063838598868,0.9609693233100427,1.5635168615460118,1.7661038845092356
ogijtr,markov_order_1,15,linear,,5.0,2015.0,0.8257587883556732,1.4443322843533737,1.5885937432140063,1.7539497861328894
ogijtr,markov_order_1,15,nearest,,5.0,305.0,0.7170826843383837,1.3357897465190218,1.5635168615460118,1.7661038845092356
ogijtr,markov_order_2,15,linear,,5.0,2015.0,0.8122548483364093,1.5339672540098106,1.5885937432140063,1.7539497861328894
ogijtr,markov_order_2,15,nearest,,5.0,305.0,0.7244884476251037,1.32054852656863,1.5635168615460118,1.7661038845092356
ogijtr,vq_ctw,15,linear,256.0,5.0,2015.0,0.9999999999980905,0.03953199314825633,3.9673129506237914,3.9673129506237914
ogijtr,vq_ctw,15,nearest,256.0,5.0,305.0,0.9866319759219897,0.2511093404818131,4.014441114444772,4.014441114444772
ogijtr,vq_ctw,15,linear,512.0,5.0,2015.0,0.989011914759362,0.11278812273379046,3.940940360595401,3.940940360595401
ogijtr,vq_ctw,15,nearest,512.0,5.0,305.0,0.9999999999995242,0.04415598726827221,3.9644695573743247,3.9644695573743247
ogijtr,vq_ctw,15,linear,1024.0,5.0,2015.0,0.9970854179108818,0.03166135537951903,4.184548412430386,4.184548412430386
ogijtr,vq_ctw,15,nearest,1024.0,5.0,305.0,0.9971546677319723,0.043377075867556625,3.825733834955776,3.825733834955776
ogikli,direct_ctw,15,linear,,5.0,2014.0,0.8894751043691427,1.027030619587944,1.6956502766692725,1.876897025400089
ogikli,direct_ctw,15,nearest,,5.0,345.0,0.8164022450031209,1.044323511321433,1.7170571079880856,1.8899874784323611
ogikli,markov_order_1,15,linear,,5.0,2014.0,0.8500432476859989,1.3227595541361,1.6956502766692725,1.876897025400089
ogikli,markov_order_1,15,nearest,,5.0,345.0,0.6420158692001751,1.6571397682920166,1.7170571079880856,1.8899874784323611
ogikli,markov_order_2,15,linear,,5.0,2014.0,0.8354279722255,1.4276574344477326,1.6956502766692725,1.876897025400089
ogikli,markov_order_2,15,nearest,,5.0,345.0,0.6504027515872868,1.6303536909216776,1.7170571079880856,1.8899874784323611
ogikli,vq_ctw,15,linear,256.0,5.0,2014.0,0.9999999999980905,0.012276860321822528,3.624901515346346,3.624901515346346
ogikli,vq_ctw,15,nearest,256.0,5.0,345.0,0.9859523003315308,0.17650296291961784,4.132461643232608,4.132461643232608
ogikli,vq_ctw,15,linear,512.0,5.0,2014.0,0.9950563317387708,0.05487138268799776,3.6920593329876743,3.6920593329876743
ogikli,vq_ctw,15,nearest,512.0,5.0,345.0,1.0,0.0,3.9968568436497023,3.9968568436497023
ogikli,vq_ctw,15,linear,1024.0,5.0,2014.0,0.9999999999980905,0.011410223073251704,3.7185097785104055,3.7185097785104055
ogikli,vq_ctw,15,nearest,1024.0,5.0,345.0,0.9999999999997785,0.019764384157986193,4.0052053032135575,4.0052053032135575
ogjoch,direct_ctw,15,linear,,5.0,2015.0,0.8572651339338466,1.2541968008674327,1.6789343511697283,1.8326375544792188
ogjoch,direct_ctw,15,nearest,,5.0,433.0,0.8231152961178465,0.9989939124582453,1.7229250522176256,1.8869074258490588
ogjoch,markov_order_1,15,linear,,5.0,2015.0,0.810066700708665,1.583354833909243,1.6789343511697283,1.8326375544792188
ogjoch,markov_order_1,15,nearest,,5.0,433.0,0.6698832375353769,1.5471031969771813,1.7229250522176256,1.8869074258490588
ogjoch,markov_order_2,15,linear,,5.0,2015.0,0.7875517743226443,1.7327154535447198,1.6789343511697283,1.8326375544792188
ogjoch,markov_order_2,15,nearest,,5.0,433.0,0.6789233503837051,1.5162080475114086,1.7229250522176256,1.8869074258490588
ogjoch,vq_ctw,15,linear,256.0,5.0,2015.0,0.9999999999980905,0.030372416609842637,4.508550117478528,4.508550117478528
ogjoch,vq_ctw,15,nearest,256.0,5.0,433.0,0.9878071907939795,0.18866996798611851,3.8757979917531515,3.8757979917531515
ogjoch,vq_ctw,15,linear,512.0,5.0,2015.0,0.9887836889819711,0.11118540329109312,4.329386393037952,4.329386393037952
ogjoch,vq_ctw,15,nearest,512.0,5.0,433.0,0.999999999999828,0.015656994654291736,3.9047910152553986,3.9047910152553986
ogjoch,vq_ctw,15,linear,1024.0,5.0,2015.0,0.9975271949651013,0.027449485072510226,4.528124981308246,4.528124981308246
ogjoch,vq_ctw,15,nearest,1024.0,5.0,433.0,0.9999999999998236,0.015747604005785766,4.065442260779033,4.065442260779033
ognoww,direct_ctw,15,linear,,5.0,2007.0,0.9084460399163634,0.8667989981532971,1.66043769284089,1.838410032710234
ognoww,direct_ctw,15,nearest,,5.0,71.0,0.8536076095193262,0.8652749278333497,1.5611904009004476,1.7832524208634914
ognoww,markov_order_1,15,linear,,5.0,2007.0,0.8724167494503319,1.1432510584996296,1.66043769284089,1.838410032710234
ognoww,markov_order_1,15,nearest,,5.0,71.0,0.7076952895293002,1.3959833510790094,1.5611904009004476,1.7832524208634914
ognoww,markov_order_2,15,linear,,5.0,2007.0,0.8580854776366437,1.2482615291015646,1.66043769284089,1.838410032710234
ognoww,markov_order_2,15,nearest,,5.0,71.0,0.7147560286139513,1.3720525150644456,1.5611904009004476,1.7832524208634914
ognoww,vq_ctw,15,linear,256.0,5.0,2007.0,0.9983266943153505,0.019518392284420094,3.8673354611846045,3.8673354611846045
ognoww,vq_ctw,15,nearest,256.0,5.0,71.0,0.9999999999990048,0.09421353791977001,3.639007625878221,3.639007625878221
ognoww,vq_ctw,15,linear,512.0,5.0,2007.0,0.9951161659982165,0.05586551570802509,3.933991534245802,3.933991534245802
ognoww,vq_ctw,15,nearest,512.0,5.0,71.0,1.0,0.0,3.709755491852285,3.709755491852285
ognoww,vq_ctw,15,linear,1024.0,5.0,2007.0,0.9993851965981793,0.008419610374309388,4.126522592382639,4.126522592382639
ognoww,vq_ctw,15,nearest,1024.0,5.0,71.0,1.0,0.0,3.707107633816684,3.707107633816684
ogofvo,direct_ctw,15,linear,,5.0,930.0,0.8573733287041378,1.1969444663126563,1.6400212168342592,1.817149050711441
ogofvo,direct_ctw,15,nearest,,5.0,269.0,0.8345632887521792,0.9748367829060721,1.563395753069059,1.771737239826944
ogofvo,markov_order_1,15,linear,,5.0,930.0,0.7942083496594506,1.6075492600030503,1.6400212168342592,1.817149050711441
ogofvo,markov_order_1,15,nearest,,5.0,269.0,0.6903002374952308,1.5062963156856037,1.563395753069059,1.771737239826944
ogofvo,markov_order_2,15,linear,,5.0,930.0,0.7701886531134785,1.7539042370951743,1.6400212168342592,1.817149050711441
ogofvo,markov_order_2,15,nearest,,5.0,269.0,0.7099825425771907,1.4440452543375022,1.563395753069059,1.771737239826944
ogofvo,vq_ctw,15,linear,256.0,5.0,930.0,0.9999999999980905,0.024785111568989413,4.574043674522774,4.574043674522774
ogofvo,vq_ctw,15,nearest,256.0,5.0,269.0,0.9879105467704916,0.10985652916891714,3.8461923475985196,3.8461923475985196
ogofvo,vq_ctw,15,linear,512.0,5.0,930.0,0.9897121509992968,0.09900126375915522,4.32484625835257,4.32484625835257
ogofvo,vq_ctw,15,nearest,512.0,5.0,269.0,0.9904965249934765,0.08649690298328115,3.936151244938073,3.936151244938073
ogofvo,vq_ctw,15,linear,1024.0,5.0,930.0,0.9978004858993748,0.024787878833281225,4.65893737636211,4.65893737636211
ogofvo,vq_ctw,15,nearest,1024.0,5.0,269.0,0.9967676919033596,0.027589520399172188,4.146998099380801,4.146998099380801
ogphag,direct_ctw,15,linear,,5.0,2015.0,0.8702321564189204,1.2426763996572558,1.6550307331089913,1.8197394848572168
ogphag,direct_ctw,15,nearest,,5.0,422.0,0.8284506098271326,0.975310520423393,1.698044032914624,1.8864871084887596
ogphag,markov_order_1,15,linear,,5.0,2015.0,0.803434176660933,1.7539357796029673,1.6550307331089913,1.8197394848572168
ogphag,markov_order_1,15,nearest,,5.0,422.0,0.6947453272881193,1.48661176742959,1.698044032914624,1.8864871084887596
ogphag,markov_order_2,15,linear,,5.0,2015.0,0.7736931995308607,1.9676399261041042,1.6550307331089913,1.8197394848572168
ogphag,markov_order_2,15,nearest,,5.0,422.0,0.7025593285519557,1.4517162316846328,1.698044032914624,1.8864871084887596
ogphag,vq_ctw,15,linear,256.0,5.0,2015.0,0.9896348030296607,0.0996330025767577,5.094409069180893,5.094409069180893
ogphag,vq_ctw,15,nearest,256.0,5.0,422.0,0.9660459244931402,0.2702266045612154,4.4013753487286005,4.4013753487286005
ogphag,vq_ctw,15,linear,512.0,5.0,2015.0,0.9779982339231982,0.21430376260366618,4.887779608579799,4.887779608579799
ogphag,vq_ctw,15,nearest,512.0,5.0,422.0,0.9999999999991311,0.08902458153872327,4.096302793162008,4.096302793162008
ogphag,vq_ctw,15,linear,1024.0,5.0,2015.0,0.9903418600724051,0.10094371688564215,4.974601880394779,4.974601880394779
ogphag,vq_ctw,15,nearest,1024.0,5.0,422.0,0.9899063728404334,0.06796548637900858,4.420257854782007,4.420257854782007
ogshtc,direct_ctw,15,linear,,5.0,2015.0,0.8672950278843858,1.1885819086628349,1.6409456600306842,1.797388417396864
ogshtc,direct_ctw,15,nearest,,5.0,225.0,0.8130365711688787,1.06726388245898,1.6465530032091382,1.7942624416994664
ogshtc,markov_order_1,15,linear,,5.0,2015.0,0.8183990260288736,1.5371713130115816,1.6409456600306842,1.797388417396864
ogshtc,markov_order_1,15,nearest,,5.0,225.0,0.6322206057569264,1.6995385966938763,1.6465530032091382,1.7942624416994664
ogshtc,markov_order_2,15,linear,,5.0,2015.0,0.7969178130727843,1.6826253803196514,1.6409456600306842,1.797388417396864
ogshtc,markov_order_2,15,nearest,,5.0,225.0,0.6401779527361806,1.6748340180025791,1.6465530032091382,1.7942624416994664
ogshtc,vq_ctw,15,linear,256.0,5.0,2015.0,0.9911047722843432,0.08227206898364724,4.786561253644574,4.786561253644574
ogshtc,vq_ctw,15,nearest,256.0,5.0,225.0,0.9902746211203,0.15056996479279414,4.076773726684553,4.076773726684553
ogshtc,vq_ctw,15,linear,512.0,5.0,2015.0,0.9777465370415934,0.21638607343067093,4.475286118721503,4.475286118721503
ogshtc,vq_ctw,15,nearest,512.0,5.0,225.0,0.9999999999997029,0.03329307491010125,4.855229151723351,4.855229151723351
ogshtc,vq_ctw,15,linear,1024.0,5.0,2015.0,0.9941660216563044,0.06093441769174511,4.984169875082643,4.984169875082643
ogshtc,vq_ctw,15,nearest,1024.0,5.0,225.0,0.9942664395906401,0.04450728828519077,4.902430195162949,4.902430195162949
ogurju,direct_ctw,15,linear,,5.0,2015.0,0.8957444612452762,0.9988443814050175,1.7012064155009239,1.8737554278437687
ogurju,direct_ctw,15,nearest,,5.0,180.0,0.8677126908216372,0.881353757929297,1.5875534932540378,1.7658227314480137
ogurju,markov_order_1,15,linear,,5.0,2015.0,0.8474937795829063,1.3716225019091084,1.7012064155009239,1.8737554278437687
ogurju,markov_order_1,15,nearest,,5.0,180.0,0.7365495565371747,1.4665113554836244,1.5875534932540378,1.7658227314480137
ogurju,markov_order_2,15,linear,,5.0,2015.0,0.8253158064028727,1.533728652672536,1.7012064155009239,1.8737554278437687
ogurju,markov_order_2,15,nearest,,5.0,180.0,0.7204038937523201,1.5270022707619793,1.5875534932540378,1.7658227314480137
ogurju,vq_ctw,15,linear,256.0,5.0,2015.0,0.9959686690407664,0.04190290853356201,6.199745554855774,6.199745554855774
ogurju,vq_ctw,15,nearest,256.0,5.0,180.0,0.975041588982754,0.20495009721968935,4.786733277774128,4.786733277774128
ogurju,vq_ctw,15,linear,512.0,5.0,2015.0,0.9903341734742951,0.10570495836418439,6.043603657841307,6.043603657841307
ogurju,vq_ctw,15,nearest,512.0,5.0,180.0,0.9999999999992045,0.0991685421249194,5.011253127964853,5.011253127964853
ogurju,vq_ctw,15,linear,1024.0,5.0,2015.0,0.9972576389108385,0.03277417888584212,5.073093562661443,5.073093562661443
ogurju,vq_ctw,15,nearest,1024.0,5.0,180.0,0.9887978646745553,0.11612852088734356,5.021521840550292,5.021521840550292
oiphye,direct_ctw,15,linear,,5.0,1954.0,0.8980962308115745,0.9845203583260721,1.6037914084718128,1.7552348759613134
oiphye,direct_ctw,15,nearest,,5.0,179.0,0.8329080849555401,0.9122278848804203,1.7254515384089346,1.8951624619175385
oiphye,markov_order_1,15,linear,,5.0,1954.0,0.8549648286709448,1.3224509288297757,1.6037914084718128,1.7552348759613134
oiphye,markov_order_1,15,nearest,,5.0,179.0,0.7249769793575626,1.369163727559108,1.7254515384089346,1.8951624619175385
oiphye,markov_order_2,15,linear,,5.0,1954.0,0.8374657414381161,1.4530092740052931,1.6037914084718128,1.7552348759613134
oiphye,markov_order_2,15,nearest,,5.0,179.0,0.7318135465337166,1.3098845803950296,1.7254515384089346,1.8951624619175385
oiphye,vq_ctw,15,linear,256.0,5.0,1954.0,0.9960540786986796,0.04344549918036367,3.713912775009145,3.713912775009145
oiphye,vq_ctw,15,nearest,256.0,5.0,179.0,0.9933207325790436,0.16016669886714915,3.9197967916929377,3.9197967916929377
oiphye,vq_ctw,15,linear,512.0,5.0,1954.0,0.9897195134534951,0.10922157338859034,3.59980901701632,3.59980901701632
oiphye,vq_ctw,15,nearest,512.0,5.0,179.0,0.9999999999996161,0.0371777007560103,3.943950172494774,3.943950172494774
oiphye,vq_ctw,15,linear,1024.0,5.0,1954.0,0.9965971919290568,0.03960629088912059,3.8414227876119096,3.8414227876119096
oiphye,vq_ctw,15,nearest,1024.0,5.0,179.0,1.0,0.0,3.9244453788441116,3.9244453788441116
oipial,direct_ctw,15,linear,,5.0,2012.0,0.8716634702570287,1.1075196518774044,1.6044467119379657,1.7623818558759583
oipial,direct_ctw,15,nearest,,5.0,247.0,0.8299684878677197,0.9511243085521889,1.5913492952613268,1.8001584065873637
oipial,markov_order_1,15,linear,,5.0,2012.0,0.8344419811903796,1.3629716789588882,1.6044467119379657,1.7623818558759583
oipial,markov_order_1,15,nearest,,5.0,247.0,0.6878610260006494,1.4860266003416116,1.5913492952613268,1.8001584065873637
oipial,markov_order_2,15,linear,,5.0,2012.0,0.8212148604500668,1.450108676080302,1.6044467119379657,1.7623818558759583
oipial,markov_order_2,15,nearest,,5.0,247.0,0.6920569447058122,1.4547554877384572,1.5913492952613268,1.8001584065873637
oipial,vq_ctw,15,linear,256.0,5.0,2012.0,0.9999999999980905,0.012288102544432272,4.130448124752712,4.130448124752712
oipial,vq_ctw,15,nearest,256.0,5.0,247.0,0.98023300352502,0.17841012915741158,4.806835482816644,4.806835482816644
oipial,vq_ctw,15,linear,512.0,5.0,2012.0,0.9929950462527958,0.0713104393867453,4.094815108371977,4.094815108371977
oipial,vq_ctw,15,nearest,512.0,5.0,247.0,0.9999999999994202,0.05387669065929481,4.575373105909684,4.575373105909684
oipial,vq_ctw,15,linear,1024.0,5.0,2012.0,0.9988610473509679,0.013917944048117446,4.180446627121163,4.180446627121163
oipial,vq_ctw,15,nearest,1024.0,5.0,247.0,0.9999999999994202,0.05419772334812163,4.957078407578181,4.957078407578181
oirzgo,direct_ctw,15,linear,,5.0,1986.0,0.8858671013432754,1.1237304681896103,1.6179688456807095,1.7693572989815458
oirzgo,direct_ctw,15,nearest,,5.0,75.0,0.8069869401454995,1.0937439955389023,1.9118816455576466,2.1033337584613037
oirzgo,markov_order_1,15,linear,,5.0,1986.0,0.8245500969344779,1.610003255084256,1.6179688456807095,1.7693572989815458
oirzgo,markov_order_1,15,nearest,,5.0,75.0,0.6434784819252712,1.754266381939652,1.9118816455576466,2.1033337584613037
oirzgo,markov_order_2,15,linear,,5.0,1986.0,0.7979419890319558,1.8085613724050473,1.6179688456807095,1.7693572989815458
oirzgo,markov_order_2,15,nearest,,5.0,75.0,0.6188263217279795,1.7673497943386876,1.9118816455576466,2.1033337584613037
oirzgo,vq_ctw,15,linear,256.0,5.0,1986.0,0.9925028220740542,0.07558409282020241,4.889552995235214,4.889552995235214
oirzgo,vq_ctw,15,nearest,256.0,5.0,75.0,1.0,0.0,4.447578150566992,4.447578150566992
oirzgo,vq_ctw,15,linear,512.0,5.0,1986.0,0.9770344835987552,0.2222543545679241,4.227653574125145,4.227653574125145
oirzgo,vq_ctw,15,nearest,512.0,5.0,75.0,1.0,0.0,5.016241409394127,5.016241409394127
oirzgo,vq_ctw,15,linear,1024.0,5.0,1986.0,0.991871801495034,0.0843679732437052,4.744303330277241,4.744303330277241
oirzgo,vq_ctw,15,nearest,1024.0,5.0,75.0,1.0,0.0,4.945334607509378,4.945334607509378
oivnab,direct_ctw,15,linear,,5.0,2011.0,0.8608394316099353,1.3506982085110983,1.6154812956719748,1.7764745298818594
oivnab,direct_ctw,15,nearest,,5.0,239.0,0.8578783257920093,0.8610546139293395,1.549951092120796,1.7200282933238373
oivnab,markov_order_1,15,linear,,5.0,2011.0,0.7914436277054475,1.8906882651572698,1.6154812956719748,1.7764745298818594
oivnab,markov_order_1,15,nearest,,5.0,239.0,0.7370403740466528,1.3447272539709785,1.549951092120796,1.7200282933238373
oivnab,markov_order_2,15,linear,,5.0,2011.0,0.7528819459834666,2.171650194410325,1.6154812956719748,1.7764745298818594
oivnab,markov_order_2,15,nearest,,5.0,239.0,0.719268615567807,1.4054562376561508,1.549951092120796,1.7200282933238373
oivnab,vq_ctw,15,linear,256.0,5.0,2011.0,0.992186395319475,0.0783064029099559,5.550632815755524,5.550632815755524
oivnab,vq_ctw,15,nearest,256.0,5.0,239.0,0.9423036176168337,0.4044339669021577,4.717166627166922,4.717166627166922
oivnab,vq_ctw,15,linear,512.0,5.0,2011.0,0.9761288760627876,0.23832576093515964,5.015721638066414,5.015721638066414
oivnab,vq_ctw,15,nearest,512.0,5.0,239.0,0.9999999999983622,0.2059310606218568,5.15497992791984,5.15497992791984
oivnab,vq_ctw,15,linear,1024.0,5.0,2011.0,0.9912170607412188,0.09017813767997346,5.560300456443345,5.560300456443345
oivnab,vq_ctw,15,nearest,1024.0,5.0,239.0,0.9925459284794003,0.11181108560126601,5.460087188453091,5.460087188453091
ojachm,direct_ctw,15,linear,,5.0,2014.0,0.8772138724445272,1.2035868642444323,1.6423226248261877,1.788784886517685
ojachm,direct_ctw,15,nearest,,5.0,140.0,0.8502799810009373,0.8603922362640805,1.6319108156123003,1.8115679143785408
ojachm,markov_order_1,15,linear,,5.0,2014.0,0.8137908931233233,1.7038934144594537,1.6423226248261877,1.788784886517685
ojachm,markov_order_1,15,nearest,,5.0,140.0,0.7398952759415037,1.2550264475200839,1.6319108156123003,1.8115679143785408
ojachm,markov_order_2,15,linear,,5.0,2014.0,0.7839296784653703,1.9253816012802,1.6423226248261877,1.788784886517685
ojachm,markov_order_2,15,nearest,,5.0,140.0,0.7561523553698156,1.2120059177342166,1.6319108156123003,1.8115679143785408
ojachm,vq_ctw,15,linear,256.0,5.0,2014.0,0.9915922033241431,0.08336861803963636,5.06513960040593,5.06513960040593
ojachm,vq_ctw,15,nearest,256.0,5.0,140.0,0.9712677268912552,0.33488403630146024,5.420718282707189,5.420718282707189
ojachm,vq_ctw,15,linear,512.0,5.0,2014.0,0.9753034827871987,0.2490942208798314,4.777740025401974,4.777740025401974
ojachm,vq_ctw,15,nearest,512.0,5.0,140.0,0.9856966171074273,0.13868644315046424,4.556480563824043,4.556480563824043
ojachm,vq_ctw,15,linear,1024.0,5.0,2014.0,0.990101810383678,0.09991381997194058,4.975615436739788,4.975615436739788
ojachm,vq_ctw,15,nearest,1024.0,5.0,140.0,0.9936525713911531,0.09541395782371066,4.399482494417453,4.399482494417453
ojbaso,direct_ctw,15,linear,,5.0,2014.0,0.8801887456494696,1.0919836568347416,1.5616338275393433,1.730429745498144
ojbaso,direct_ctw,15,nearest,,5.0,324.0,0.8611594094936289,0.8274729540447413,1.4755986202971556,1.6719418817173908
ojbaso,markov_order_1,15,linear,,5.0,2014.0,0.8424094066424432,1.369259288003503,1.5616338275393433,1.730429745498144
ojbaso,markov_order_1,15,nearest,,5.0,324.0,0.7712166109113319,1.1822953059324548,1.4755986202971556,1.6719418817173908
ojbaso,markov_order_2,15,linear,,5.0,2014.0,0.8245642274262412,1.4946150005932455,1.5616338275393433,1.730429745498144
ojbaso,markov_order_2,15,nearest,,5.0,324.0,0.7588168730000879,1.2261426172699283,1.4755986202971556,1.6719418817173908
ojbaso,vq_ctw,15,linear,256.0,5.0,2014.0,0.9999999999980905,0.03290299143481569,3.9436140275780973,3.9436140275780973
ojbaso,vq_ctw,15,nearest,256.0,5.0,324.0,0.986459471800359,0.22842397163771058,4.550539053612379,4.550539053612379
ojbaso,vq_ctw,15,linear,512.0,5.0,2014.0,0.994388379621262,0.05892745109814373,4.099791007995682,4.099791007995682
ojbaso,vq_ctw,15,nearest,512.0,5.0,324.0,0.9999999999995639,0.04044715014605672,4.058215469429977,4.058215469429977
ojbaso,vq_ctw,15,linear,1024.0,5.0,2014.0,0.9999999999980905,0.01767513486576099,4.190155895128017,4.190155895128017
ojbaso,vq_ctw,15,nearest,1024.0,5.0,324.0,0.997234271168324,0.0216605005719671,4.025858478940919,4.025858478940919
ojfann,direct_ctw,15,linear,,5.0,2015.0,0.8741506692596679,1.1861978615457618,1.590394532882801,1.7645285169884033
ojfann,direct_ctw,15,nearest,,5.0,362.0,0.8371677720679035,0.9836404827555141,1.5699803943396329,1.772229353212117
ojfann,markov_order_1,15,linear,,5.0,2015.0,0.8287269138375242,1.5319542530554267,1.590394532882801,1.7645285169884033
ojfann,markov_order_1,15,nearest,,5.0,362.0,0.6891927702648664,1.5506556768335817,1.5699803943396329,1.772229353212117
ojfann,markov_order_2,15,linear,,5.0,2015.0,0.8047883536194875,1.7053793873254235,1.590394532882801,1.7645285169884033
ojfann,markov_order_2,15,nearest,,5.0,362.0,0.6851734348380314,1.5706155785843465,1.5699803943396329,1.772229353212117
ojfann,vq_ctw,15,linear,256.0,5.0,2015.0,0.9976014400007496,0.026730941883719092,4.287113545965369,4.287113545965369
ojfann,vq_ctw,15,nearest,256.0,5.0,362.0,0.9975182073578637,0.09422242120975548,4.145137695606162,4.145137695606162
ojfann,vq_ctw,15,linear,512.0,5.0,2015.0,0.9907499857790033,0.10174724745037526,4.0606026620413385,4.0606026620413385
ojfann,vq_ctw,15,nearest,512.0,5.0,362.0,0.9999999999993618,0.055599986934148186,4.344610524216732,4.344610524216732
ojfann,vq_ctw,15,linear,1024.0,5.0,2015.0,0.9980726001075753,0.02401623571898306,4.348410802245898,4.348410802245898
ojfann,vq_ctw,15,nearest,1024.0,5.0,362.0,0.9975182073583228,0.05674418284029775,4.474774648361053,4.474774648361053
ojfequ,direct_ctw,15,linear,,5.0,2015.0,0.8673593299165006,1.3014003991553158,1.638713207713793,1.7954261137907235
ojfequ,direct_ctw,15,nearest,,5.0,52.0,0.8094899047858412,1.0835575111937465,1.778927310627889,1.93162006579894
ojfequ,markov_order_1,15,linear,,5.0,2015.0,0.7855619723844685,1.9409957420687884,1.638713207713793,1.7954261137907235
ojfequ,markov_order_1,15,nearest,,5.0,52.0,0.7019967096271608,1.4748430050019434,1.778927310627889,1.93162006579894
ojfequ,markov_order_2,15,linear,,5.0,2015.0,0.7499483002461151,2.200294440052725,1.638713207713793,1.7954261137907235
ojfequ,markov_order_2,15,nearest,,5.0,52.0,0.7003865120928452,1.4800448922402296,1.778927310627889,1.93162006579894
ojfequ,vq_ctw,15,linear,256.0,5.0,2015.0,0.978561521244908,0.18342194058227024,6.130247126229399,6.130247126229399
ojfequ,vq_ctw,15,nearest,256.0,5.0,52.0,0.9833027422709504,0.13916876984950588,3.3960491864615494,3.3960491864615494
ojfequ,vq_ctw,15,linear,512.0,5.0,2015.0,0.950185086970132,0.4510917593649591,5.6924058171264065,5.6924058171264065
ojfequ,vq_ctw,15,nearest,512.0,5.0,52.0,0.9999999999980905,0.11209364289709961,3.65735266433707,3.65735266433707
ojfequ,vq_ctw,15,linear,1024.0,5.0,2015.0,0.9796407618404785,0.19608070579079787,6.387789341966849,6.387789341966849
ojfequ,vq_ctw,15,nearest,1024.0,5.0,52.0,0.9999999999980905,0.11209364289709961,3.8304341416776584,3.8304341416776584
ojfiez,direct_ctw,15,linear,,5.0,1980.0,0.8571552877831115,1.3183578104789682,1.7496007067569046,1.9030410323698699
ojfiez,direct_ctw,15,nearest,,5.0,65.0,0.8307868216815953,1.0216819669339943,1.650005965644933,1.840209032807845
ojfiez,markov_order_1,15,linear,,5.0,1980.0,0.7778841930843454,1.894018043153384,1.7496007067569046,1.9030410323698699
ojfiez,markov_order_1,15,nearest,,5.0,65.0,0.6458762601982176,1.7056490557798851,1.650005965644933,1.840209032807845
ojfiez,markov_order_2,15,linear,,5.0,1980.0,0.7495236310346184,2.086321498553622,1.7496007067569046,1.9030410323698699
ojfiez,markov_order_2,15,nearest,,5.0,65.0,0.6402601340299245,1.720240657030767,1.650005965644933,1.840209032807845
ojfiez,vq_ctw,15,linear,256.0,5.0,1980.0,0.9767467232877167,0.18258965764405213,6.307470499197258,6.307470499197258
ojfiez,vq_ctw,15,nearest,256.0,5.0,65.0,0.9661937550556154,0.24678910227139375,5.1214855864913265,5.1214855864913265
ojfiez,vq_ctw,15,linear,512.0,5.0,1980.0,0.9498193666213509,0.43770567991030196,6.575063532170603,6.575063532170603
ojfiez,vq_ctw,15,nearest,512.0,5.0,65.0,0.9785734082916174,0.24429483017983447,6.499738090978541,6.499738090978541
ojfiez,vq_ctw,15,linear,1024.0,5.0,1980.0,0.9809828110437068,0.1739205875676398,7.01401866713042,7.01401866713042
ojfiez,vq_ctw,15,nearest,1024.0,5.0,65.0,0.9727491810769597,0.29422113333553135,5.951879065566464,5.951879065566464
ojpoot,direct_ctw,15,linear,,5.0,2016.0,0.9015075339403821,0.9566608571424691,1.569302473310237,1.743429784646417
ojpoot,direct_ctw,15,nearest,,5.0,230.0,0.8797160569335453,0.7626653425780812,1.5793757003185376,1.7589432950626527
ojpoot,markov_order_1,15,linear,,5.0,2016.0,0.8647293513633467,1.2480710191104343,1.569302473310237,1.743429784646417
ojpoot,markov_order_1,15,nearest,,5.0,230.0,0.7959571764771931,1.121826138383743,1.5793757003185376,1.7589432950626527
ojpoot,markov_order_2,15,linear,,5.0,2016.0,0.8456022904713245,1.392725571805163,1.569302473310237,1.743429784646417
ojpoot,markov_order_2,15,nearest,,5.0,230.0,0.7882208435719574,1.1607444910365523,1.5793757003185376,1.7589432950626527
ojpoot,vq_ctw,15,linear,256.0,5.0,2016.0,0.9994512843249156,0.007283625905540807,4.034159179871773,4.034159179871773
ojpoot,vq_ctw,15,nearest,256.0,5.0,230.0,0.9893432649864224,0.16154722206133934,4.079472430390802,4.079472430390802
ojpoot,vq_ctw,15,linear,512.0,5.0,2016.0,0.9941726014939498,0.06516980028508636,3.9114815964834544,3.9114815964834544
ojpoot,vq_ctw,15,nearest,512.0,5.0,230.0,0.9999999999992527,0.054545404830426435,3.6777928581230306,3.6777928581230306
ojpoot,vq_ctw,15,linear,1024.0,5.0,2016.0,0.9995004014916973,0.007198853759931362,4.104732196914462,4.104732196914462
ojpoot,vq_ctw,15,nearest,1024.0,5.0,230.0,1.0,0.0,3.896557225314006,3.896557225314006
ojroig,direct_ctw,15,linear,,5.0,2015.0,0.856238498962936,1.3313991266818732,1.6084913072204388,1.7636569559577806
ojroig,direct_ctw,15,nearest,,5.0,194.0,0.8322761130648184,1.0122040077865937,1.6077358484105047,1.7806023111359635
ojroig,markov_order_1,15,linear,,5.0,2015.0,0.802638777734805,1.7289406078147516,1.6084913072204388,1.7636569559577806
ojroig,markov_order_1,15,nearest,,5.0,194.0,0.679355193532077,1.5984723807521124,1.6077358484105047,1.7806023111359635
ojroig,markov_order_2,15,linear,,5.0,2015.0,0.7759371028800098,1.916799159856894,1.6084913072204388,1.7636569559577806
ojroig,markov_order_2,15,nearest,,5.0,194.0,0.6680129587871367,1.6373899152117932,1.6077358484105047,1.7806023111359635
ojroig,vq_ctw,15,linear,256.0,5.0,2015.0,0.9940715488327565,0.061783363614952964,4.908332054913046,4.908332054913046
ojroig,vq_ctw,15,nearest,256.0,5.0,194.0,0.9762677667242595,0.23285568557835928,4.876212413304877,4.876212413304877
ojroig,vq_ctw,15,linear,512.0,5.0,2015.0,0.9872060234474053,0.13934870416300543,4.7531475819008016,4.7531475819008016
ojroig,vq_ctw,15,nearest,512.0,5.0,194.0,0.9825832212142653,0.155122392359015,5.311513674266689,5.311513674266689
ojroig,vq_ctw,15,linear,1024.0,5.0,2015.0,0.9944548009652069,0.06062695114312492,5.021136431692912,5.021136431692912
ojroig,vq_ctw,15,nearest,1024.0,5.0,194.0,0.990323980150431,0.1132860221465478,5.147960892752068,5.147960892752068
ojumna,direct_ctw,15,linear,,5.0,1988.0,0.8859641792070317,1.0348204242874037,1.6871133048570226,1.8308780868963448
ojumna,direct_ctw,15,nearest,,5.0,150.0,0.8207989646200815,1.0289457757814273,1.6455602561999163,1.8109704848420662
ojumna,markov_order_1,15,linear,,5.0,1988.0,0.8481326499597657,1.3107997926520736,1.6871133048570226,1.8308780868963448
ojumna,markov_order_1,15,nearest,,5.0,150.0,0.6480982557355258,1.6298798426833225,1.6455602561999163,1.8109704848420662
ojumna,markov_order_2,15,linear,,5.0,1988.0,0.8317971122153452,1.4247811226552456,1.6871133048570226,1.8308780868963448
ojumna,markov_order_2,15,nearest,,5.0,150.0,0.6703645278680768,1.5678891220955802,1.6455602561999163,1.8109704848420662
ojumna,vq_ctw,15,linear,256.0,5.0,1988.0,0.9947612968234462,0.05246814818518825,3.8823779225608175,3.8823779225608175
ojumna,vq_ctw,15,nearest,256.0,5.0,150.0,0.9800493624986086,0.18341184651510195,4.194497759804741,4.194497759804741
ojumna,vq_ctw,15,linear,512.0,5.0,1988.0,0.9896373617802267,0.11227932806482975,3.696583744935812,3.696583744935812
ojumna,vq_ctw,15,nearest,512.0,5.0,150.0,0.9999999999995418,0.04436538956883895,4.2446461050833975,4.2446461050833975
ojumna,vq_ctw,15,linear,1024.0,5.0,1988.0,0.9964372874955264,0.041231023333720015,3.968495158025886,3.968495158025886
ojumna,vq_ctw,15,nearest,1024.0,5.0,150.0,1.0,0.0,4.455652276407443,4.455652276407443
ojvigh,direct_ctw,15,linear,,5.0,2014.0,0.8827620895164349,1.1614212160560888,1.592113816763643,1.760308023621945
ojvigh,direct_ctw,15,nearest,,5.0,270.0,0.8077715305601023,1.0433774536333573,1.569970605706442,1.7524530834828618
ojvigh,markov_order_1,15,linear,,5.0,2014.0,0.8171158079342629,1.6847898365559604,1.592113816763643,1.760308023621945
ojvigh,markov_order_1,15,nearest,,5.0,270.0,0.6785017949741005,1.497601685140658,1.569970605706442,1.7524530834828618
ojvigh,markov_order_2,15,linear,,5.0,2014.0,0.7824813310866183,1.9431390118586014,1.592113816763643,1.760308023621945
ojvigh,markov_order_2,15,nearest,,5.0,270.0,0.6835459597715541,1.4865514346664965,1.569970605706442,1.7524530834828618
ojvigh,vq_ctw,15,linear,256.0,5.0,2014.0,0.9930549536356155,0.0736693957878143,5.989289290356171,5.989289290356171
ojvigh,vq_ctw,15,nearest,256.0,5.0,270.0,0.9938155565626887,0.12202281363910225,3.437506648174682,3.437506648174682
ojvigh,vq_ctw,15,linear,512.0,5.0,2014.0,0.9861504294666983,0.1468978685171004,5.83732703849181,5.83732703849181
ojvigh,vq_ctw,15,nearest,512.0,5.0,270.0,0.9999999999991654,0.08622984257351363,3.982696821874212,3.982696821874212
ojvigh,vq_ctw,15,linear,1024.0,5.0,2014.0,0.9931987231820272,0.07235032654383243,5.555593059996004,5.555593059996004
ojvigh,vq_ctw,15,nearest,1024.0,5.0,270.0,0.9999999999993918,0.05091814476079719,4.014129304686108,4.014129304686108
ojwyky,direct_ctw,15,linear,,5.0,1982.0,0.872259033057327,1.1899149030408382,1.615850813436073,1.7836807776226178
ojwyky,direct_ctw,15,nearest,,5.0,107.0,0.840888562726065,0.9249754094560555,1.5637561446728594,1.7849378342435513
ojwyky,markov_order_1,15,linear,,5.0,1982.0,0.8327019192795599,1.4879768547489722,1.615850813436073,1.7836807776226178
ojwyky,markov_order_1,15,nearest,,5.0,107.0,0.7223347937825224,1.434029439933286,1.5637561446728594,1.7849378342435513
ojwyky,markov_order_2,15,linear,,5.0,1982.0,0.8092054330330213,1.6571035112018617,1.615850813436073,1.7836807776226178
ojwyky,markov_order_2,15,nearest,,5.0,107.0,0.714360849487506,1.4348177391684116,1.5637561446728594,1.7849378342435513
ojwyky,vq_ctw,15,linear,256.0,5.0,1982.0,0.9952560002265372,0.04819404655371548,4.032327774045176,4.032327774045176
ojwyky,vq_ctw,15,nearest,256.0,5.0,107.0,0.9830588151257789,0.16441070417836187,4.367430050138777,4.367430050138777
ojwyky,vq_ctw,15,linear,512.0,5.0,1982.0,0.9901483460843539,0.1074651744989321,3.802144189460785,3.802144189460785
ojwyky,vq_ctw,15,nearest,512.0,5.0,107.0,0.9999999999993576,0.09983519172860808,4.312061688035202,4.312061688035202
ojwyky,vq_ctw,15,linear,1024.0,5.0,1982.0,0.9956381738874461,0.05060732065099071,3.9701715386538563,3.9701715386538563
ojwyky,vq_ctw,15,nearest,1024.0,5.0,107.0,0.9999999999993576,0.0621944713581854,4.862993866316757,4.862993866316757
okavka,direct_ctw,15,linear,,5.0,2014.0,0.8450870017397767,1.4677366514791337,1.6591422129671713,1.8152729118956388
okavka,direct_ctw,15,nearest,,5.0,188.0,0.8379041579618925,0.9823583938922931,1.5956917176404388,1.7979228700897592
okavka,markov_order_1,15,linear,,5.0,2014.0,0.763558748672422,2.079906791717878,1.6591422129671713,1.8152729118956388
okavka,markov_order_1,15,nearest,,5.0,188.0,0.7002297338063941,1.524830456668632,1.5956917176404388,1.7979228700897592
okavka,markov_order_2,15,linear,,5.0,2014.0,0.7250751290989729,2.3493766190362444,1.6591422129671713,1.8152729118956388
okavka,markov_order_2,15,nearest,,5.0,188.0,0.6829869012236948,1.5826135966153598,1.5956917176404388,1.7979228700897592
okavka,vq_ctw,15,linear,256.0,5.0,2014.0,0.9850794296352736,0.13552942219692687,5.908379165927186,5.908379165927186
okavka,vq_ctw,15,nearest,256.0,5.0,188.0,0.9729973845804045,0.1965360358736355,4.195335412961015,4.195335412961015
okavka,vq_ctw,15,linear,512.0,5.0,2014.0,0.9602210656148491,0.37342045156468434,5.74758470642935,5.74758470642935
okavka,vq_ctw,15,nearest,512.0,5.0,188.0,0.9999999999988319,0.0972378060193135,4.3342204994510976,4.3342204994510976
okavka,vq_ctw,15,linear,1024.0,5.0,2014.0,0.9859405448359497,0.13475736004539307,6.167889285889347,6.167889285889347
okavka,vq_ctw,15,nearest,1024.0,5.0,188.0,0.9912895177627473,0.09909751644869211,4.974283897884677,4.974283897884677
okblah,direct_ctw,15,linear,,5.0,2015.0,0.8581773324396749,1.2305360053525585,1.6559813152421483,1.8205065099491626
okblah,direct_ctw,15,nearest,,5.0,569.0,0.8375312570914191,0.9565472840243494,1.6301422871941216,1.8181486831028726
okblah,markov_order_1,15,linear,,5.0,2015.0,0.8153358147240456,1.5255148149347817,1.6559813152421483,1.8205065099491626
okblah,markov_order_1,15,nearest,,5.0,569.0,0.7114794099481715,1.432743998983221,1.6301422871941216,1.8181486831028726
okblah,markov_order_2,15,linear,,5.0,2015.0,0.797700441732873,1.6416180246779126,1.6559813152421483,1.8205065099491626
okblah,markov_order_2,15,nearest,,5.0,569.0,0.6987661464180447,1.4743685432241525,1.6301422871941216,1.8181486831028726
okblah,vq_ctw,15,linear,256.0,5.0,2015.0,0.9999999999980905,0.018984902586040856,4.2236259328091545,4.2236259328091545
okblah,vq_ctw,15,nearest,256.0,5.0,569.0,0.9852126801642316,0.191762497500709,4.032230415459378,4.032230415459378
okblah,vq_ctw,15,linear,512.0,5.0,2015.0,0.9903153526528711,0.09806452278778964,4.05007608395212,4.05007608395212
okblah,vq_ctw,15,nearest,512.0,5.0,569.0,0.9964568165337333,0.07300526289154885,3.9035989344338855,3.9035989344338855
okblah,vq_ctw,15,linear,1024.0,5.0,2015.0,0.9989450543352203,0.013008059613316292,4.417337704760598,4.417337704760598
okblah,vq_ctw,15,nearest,1024.0,5.0,569.0,0.9977356280540327,0.05116209307233209,4.110034019692091,4.110034019692091
okchym,direct_ctw,15,linear,,5.0,2015.0,0.8829904264704581,1.08913373062988,1.6367432173867227,1.7855522553185212
okchym,direct_ctw,15,nearest,,5.0,72.0,0.844412971655117,0.8701998374529462,1.5427912897386622,1.6798306903716063
okchym,markov_order_1,15,linear,,5.0,2015.0,0.8345244645600036,1.4511263240735153,1.6367432173867227,1.7855522553185212
okchym,markov_order_1,15,nearest,,5.0,72.0,0.767520983694815,1.1480262672513513,1.5427912897386622,1.6798306903716063
okchym,markov_order_2,15,linear,,5.0,2015.0,0.8179006532875982,1.5692833246475537,1.6367432173867227,1.7855522553185212
okchym,markov_order_2,15,nearest,,5.0,72.0,0.7678568588520748,1.1495687179187182,1.5427912897386622,1.6798306903716063
okchym,vq_ctw,15,linear,256.0,5.0,2015.0,0.9999999999980905,0.08088047488772958,4.418504387370633,4.418504387370633
okchym,vq_ctw,15,nearest,256.0,5.0,72.0,0.9696520287121209,0.304950260426179,4.125715590756796,4.125715590756796
okchym,vq_ctw,15,linear,512.0,5.0,2015.0,0.9789764622100363,0.18919655769541308,4.348688364691383,4.348688364691383
okchym,vq_ctw,15,nearest,512.0,5.0,72.0,0.9999999999990717,0.09181506323171547,3.622388013424452,3.622388013424452
okchym,vq_ctw,15,linear,1024.0,5.0,2015.0,0.9944738407201954,0.054920123397209565,4.923440593402536,4.923440593402536
okchym,vq_ctw,15,nearest,1024.0,5.0,72.0,1.0,0.0,4.258854974016022,4.258854974016022
okneyd,direct_ctw,15,linear,,5.0,1213.0,0.9009219133869178,0.9203356782381598,1.7455734372901364,1.8801010090934023
okneyd,direct_ctw,15,nearest,,5.0,111.0,0.8292564301339088,0.9506608634087775,1.7803604997730846,1.978313545054594
okneyd,markov_order_1,15,linear,,5.0,1213.0,0.8537957491055039,1.270600361938761,1.7455734372901364,1.8801010090934023
okneyd,markov_order_1,15,nearest,,5.0,111.0,0.7072073018687056,1.3751448309688754,1.7803604997730846,1.978313545054594
okneyd,markov_order_2,15,linear,,5.0,1213.0,0.8380154852341153,1.3817290025868043,1.7455734372901364,1.8801010090934023
okneyd,markov_order_2,15,nearest,,5.0,111.0,0.7292800151134308,1.3067022264951758,1.7803604997730846,1.978313545054594
okneyd,vq_ctw,15,linear,256.0,5.0,1213.0,0.9952738265264188,0.050803314723338634,3.7918627115367727,3.7918627115367727
okneyd,vq_ctw,15,nearest,256.0,5.0,111.0,0.9999999999986583,0.12215276910465446,2.9686182732208364,2.9686182732208364
okneyd,vq_ctw,15,linear,512.0,5.0,1213.0,0.987806458549064,0.12923882393210676,3.647396184098806,3.647396184098806
okneyd,vq_ctw,15,nearest,512.0,5.0,111.0,0.9999999999993291,0.06107638455232723,3.2622069683326145,3.2622069683326145
okneyd,vq_ctw,15,linear,1024.0,5.0,1213.0,0.9941725597008492,0.0651702071365208,3.760965527381318,3.760965527381318
okneyd,vq_ctw,15,nearest,1024.0,5.0,111.0,1.0,0.0,3.6419875010737375,3.6419875010737375
oknsco,direct_ctw,15,linear,,5.0,2015.0,0.8909627975655351,0.9601871546776571,1.6567682664502719,1.8192452082332606
oknsco,direct_ctw,15,nearest,,5.0,225.0,0.8326493979735476,0.9395129588433015,1.6381956872447274,1.8123688371688809
oknsco,markov_order_1,15,linear,,5.0,2015.0,0.8552028408732613,1.2117533953724966,1.6567682664502719,1.8192452082332606
oknsco,markov_order_1,15,nearest,,5.0,225.0,0.7207060504832237,1.329185842241541,1.6381956872447274,1.8123688371688809
oknsco,markov_order_2,15,linear,,5.0,2015.0,0.8469609195010317,1.2674925590766075,1.6567682664502719,1.8192452082332606
oknsco,markov_order_2,15,nearest,,5.0,225.0,0.7307618596070332,1.3143519252001823,1.6381956872447274,1.8123688371688809
oknsco,vq_ctw,15,linear,256.0,5.0,2015.0,0.9999999999980905,0.03969707136881485,3.6393299910238315,3.6393299910238315
oknsco,vq_ctw,15,nearest,256.0,5.0,225.0,0.989444307309537,0.18143341367623092,3.622775790187868,3.622775790187868
oknsco,vq_ctw,15,linear,512.0,5.0,2015.0,0.9923350908492624,0.08021072483150796,3.571100803218896,3.571100803218896
oknsco,vq_ctw,15,nearest,512.0,5.0,225.0,0.999999999999669,0.02960295004988765,3.41601887938336,3.41601887938336
oknsco,vq_ctw,15,linear,1024.0,5.0,2015.0,0.9977697458806737,0.025089603399074262,3.834353459802142,3.834353459802142
oknsco,vq_ctw,15,nearest,1024.0,5.0,225.0,0.9999999999993212,0.060440761035043304,3.661539524790739,3.661539524790739
okquak,direct_ctw,15,linear,,5.0,2015.0,0.8664075819826342,1.273298392850989,1.6114130401324946,1.784903771104104
okquak,direct_ctw,15,nearest,,5.0,158.0,0.8289366447189992,1.0904493846866774,1.676404122832027,1.8627658589774478
okquak,markov_order_1,15,linear,,5.0,2015.0,0.8029125033056824,1.7577513967426852,1.6114130401324946,1.784903771104104
okquak,markov_order_1,15,nearest,,5.0,158.0,0.6715023464650977,1.7358826661372488,1.676404122832027,1.8627658589774478
okquak,markov_order_2,15,linear,,5.0,2015.0,0.7742711977911284,1.96355852646363,1.6114130401324946,1.784903771104104
okquak,markov_order_2,15,nearest,,5.0,158.0,0.6536155602599876,1.8006930836079391,1.676404122832027,1.8627658589774478
okquak,vq_ctw,15,linear,256.0,5.0,2015.0,0.9955413495617088,0.04830329652286792,4.9105196858527975,4.9105196858527975
okquak,vq_ctw,15,nearest,256.0,5.0,158.0,0.9501067632756316,0.3491567788043324,5.222133217857119,5.222133217857119
okquak,vq_ctw,15,linear,512.0,5.0,2015.0,0.9842717396667786,0.15738875543641553,4.400752940290869,4.400752940290869
okquak,vq_ctw,15,nearest,512.0,5.0,158.0,0.9999999999989728,0.05595680944505606,5.186409059693307,5.186409059693307
okquak,vq_ctw,15,linear,1024.0,5.0,2015.0,0.9966087062920523,0.03948888359735921,5.004395102952085,5.004395102952085
okquak,vq_ctw,15,nearest,1024.0,5.0,158.0,0.9928242385425612,0.10950533115759992,5.281371578129705,5.281371578129705
oksbos,direct_ctw,15,linear,,5.0,2015.0,0.8769202557734126,1.2292062286267285,1.6340639821724556,1.7868800629061166
oksbos,direct_ctw,15,nearest,,5.0,102.0,0.8778043877035949,0.7350378014046222,1.3056273714758124,1.4865652283366226
oksbos,markov_order_1,15,linear,,5.0,2015.0,0.794768496532335,1.8845838508849542,1.6340639821724556,1.7868800629061166
oksbos,markov_order_1,15,nearest,,5.0,102.0,0.8026708439796789,1.0409642378825683,1.3056273714758124,1.4865652283366226
oksbos,markov_order_2,15,linear,,5.0,2015.0,0.7611144498072697,2.1344551216178957,1.6340639821724556,1.7868800629061166
oksbos,markov_order_2,15,nearest,,5.0,102.0,0.7807476113119035,1.1194392288661246,1.3056273714758124,1.4865652283366226
oksbos,vq_ctw,15,linear,256.0,5.0,2015.0,0.9817489871920231,0.16043171455366462,6.339991240510395,6.339991240510395
oksbos,vq_ctw,15,nearest,256.0,5.0,102.0,0.9716715428359909,0.36846728803319756,3.898610814122452,3.898610814122452
oksbos,vq_ctw,15,linear,512.0,5.0,2015.0,0.9603144744460113,0.3599050497653808,6.2863534814855,6.2863534814855
oksbos,vq_ctw,15,nearest,512.0,5.0,102.0,0.9999999999994009,0.06342516278478802,3.6375440603737785,3.6375440603737785
oksbos,vq_ctw,15,linear,1024.0,5.0,2015.0,0.9839937806672748,0.15039940676411714,6.077561271433942,6.077561271433942
oksbos,vq_ctw,15,nearest,1024.0,5.0,102.0,1.0,0.0,3.9355334421274195,3.9355334421274195
oktuls,direct_ctw,15,linear,,5.0,2015.0,0.8884795679179167,1.062087235818652,1.7803157618696923,1.9287541229539618
oktuls,direct_ctw,15,nearest,,5.0,217.0,0.8168194492945811,1.0494422699662243,1.8955074705272652,2.076549445752883
oktuls,markov_order_1,15,linear,,5.0,2015.0,0.8454147757431568,1.394122986242033,1.7803157618696923,1.9287541229539618
oktuls,markov_order_1,15,nearest,,5.0,217.0,0.6398935055186801,1.6670543139652412,1.8955074705272652,2.076549445752883
oktuls,markov_order_2,15,linear,,5.0,2015.0,0.8256631570687059,1.5392143418063067,1.7803157618696923,1.9287541229539618
oktuls,markov_order_2,15,nearest,,5.0,217.0,0.6548582874004709,1.6158829539692559,1.8955074705272652,2.076549445752883
oktuls,vq_ctw,15,linear,256.0,5.0,2015.0,0.9956800771459803,0.04699780411496209,4.013515757102445,4.013515757102445
oktuls,vq_ctw,15,nearest,256.0,5.0,217.0,0.9918197741138443,0.0954855455849763,3.429887708111738,3.429887708111738
oktuls,vq_ctw,15,linear,512.0,5.0,2015.0,0.9854350318627735,0.15810883176539453,3.7644815964595377,3.7644815964595377
oktuls,vq_ctw,15,nearest,512.0,5.0,217.0,1.0,0.0,4.356172286882525,4.356172286882525
oktuls,vq_ctw,15,linear,1024.0,5.0,2015.0,0.994480872496672,0.06037953388548353,4.031703014203362,4.031703014203362
oktuls,vq_ctw,15,nearest,1024.0,5.0,217.0,0.9999999999992697,0.06304507562846585,4.143166224942422,4.143166224942422
okvats,direct_ctw,15,linear,,5.0,2014.0,0.927088882336703,0.6969434188974467,1.8495509954622134,1.9572309852335479
okvats,direct_ctw,15,nearest,,5.0,223.0,0.8307684562664865,0.9840680219490788,1.6640682629861518,1.8557900756584558
okvats,markov_order_1,15,linear,,5.0,2014.0,0.8964935827526717,0.9346461752616995,1.8495509954622134,1.9572309852335479
okvats,markov_order_1,15,nearest,,5.0,223.0,0.6659435707930969,1.5762177053754634,1.6640682629861518,1.8557900756584558
okvats,markov_order_2,15,linear,,5.0,2014.0,0.8901937914771606,0.981634870641531,1.8495509954622134,1.9572309852335479
okvats,markov_order_2,15,nearest,,5.0,223.0,0.6913144955433307,1.5030221459619786,1.6640682629861518,1.8557900756584558
okvats,vq_ctw,15,linear,256.0,5.0,2014.0,0.9999999999980905,0.014410777734062909,3.2485059274986643,3.2485059274986643
okvats,vq_ctw,15,nearest,256.0,5.0,223.0,0.999999999998964,0.14190565342867195,3.6280133601427127,3.6280133601427127
okvats,vq_ctw,15,linear,512.0,5.0,2014.0,0.9940961130477385,0.06401317222412403,3.062533101078126,3.062533101078126
okvats,vq_ctw,15,nearest,512.0,5.0,223.0,0.9999999999996575,0.030574190444074917,3.91886721097282,3.91886721097282
okvats,vq_ctw,15,linear,1024.0,5.0,2014.0,0.9985002202000977,0.017731365970575827,3.330729356556465,3.330729356556465
okvats,vq_ctw,15,nearest,1024.0,5.0,223.0,0.999999999999649,0.030748392664302692,3.8653962943203775,3.8653962943203775
oljnek,direct_ctw,15,linear,,5.0,1997.0,0.853787959843632,1.29550098681146,1.685998323677175,1.8610771422576986
oljnek,direct_ctw,15,nearest,,5.0,394.0,0.8551033733880934,0.9222391932213732,1.6229258901774135,1.7868601137844977
oljnek,markov_order_1,15,linear,,5.0,1997.0,0.7909183488512647,1.7338834088064599,1.685998323677175,1.8610771422576986
oljnek,markov_order_1,15,nearest,,5.0,394.0,0.7384948376025123,1.4153288692940904,1.6229258901774135,1.7868601137844977
oljnek,markov_order_2,15,linear,,5.0,1997.0,0.7595996011509025,1.9387823468755658,1.685998323677175,1.8610771422576986
oljnek,markov_order_2,15,nearest,,5.0,394.0,0.7181342109082174,1.4893226770407801,1.6229258901774135,1.7868601137844977
oljnek,vq_ctw,15,linear,256.0,5.0,1997.0,0.9999999999980905,0.017807157395942463,6.380913105140901,6.380913105140901
oljnek,vq_ctw,15,nearest,256.0,5.0,394.0,0.9775739641616072,0.22232683021445973,4.5664133035570895,4.5664133035570895
oljnek,vq_ctw,15,linear,512.0,5.0,1997.0,0.9918538993505703,0.08452783009103854,6.199987103079642,6.199987103079642
oljnek,vq_ctw,15,nearest,512.0,5.0,394.0,0.9966528341594565,0.11859011829444237,4.290306509980613,4.290306509980613
oljnek,vq_ctw,15,linear,1024.0,5.0,1997.0,0.9984429521126948,0.018324183865665908,6.115891992961901,6.115891992961901
oljnek,vq_ctw,15,nearest,1024.0,5.0,394.0,0.9953868481860352,0.10307140164547404,4.386190370453577,4.386190370453577
omcuky,direct_ctw,15,linear,,5.0,1980.0,0.8656100025975284,1.15963953678457,1.6486497408587086,1.8176703357038262
omcuky,direct_ctw,15,nearest,,5.0,271.0,0.8340071848683841,0.983839198635208,1.6516606927442843,1.834751966140386
omcuky,markov_order_1,15,linear,,5.0,1980.0,0.820421328301832,1.4679209969300633,1.6486497408587086,1.8176703357038262
omcuky,markov_order_1,15,nearest,,5.0,271.0,0.6974750122152842,1.501862961098269,1.6516606927442843,1.834751966140386
omcuky,markov_order_2,15,linear,,5.0,1980.0,0.8085380812984309,1.5454812040267702,1.6486497408587086,1.8176703357038262
omcuky,markov_order_2,15,nearest,,5.0,271.0,0.6952767230107193,1.5117396937315266,1.6516606927442843,1.834751966140386
omcuky,vq_ctw,15,linear,256.0,5.0,1980.0,0.9999999999980905,0.04141481828044605,4.18948815960229,4.18948815960229
omcuky,vq_ctw,15,nearest,256.0,5.0,271.0,0.9740906415262538,0.2274426225929325,4.11219299589568,4.11219299589568
omcuky,vq_ctw,15,linear,512.0,5.0,1980.0,0.9872296134262147,0.1241855946182862,4.065281759224005,4.065281759224005
omcuky,vq_ctw,15,nearest,512.0,5.0,271.0,0.9830336415955263,0.1568939442619187,4.532801013191058,4.532801013191058
omcuky,vq_ctw,15,linear,1024.0,5.0,1980.0,0.9977903832467795,0.024887108094667366,4.275044733504993,4.275044733504993
omcuky,vq_ctw,15,nearest,1024.0,5.0,271.0,0.9884212216418201,0.10828470814392964,4.197391534364869,4.197391534364869
omdrid,direct_ctw,15,linear,,5.0,587.0,0.8583360465119876,1.1793080836245309,1.6420130380386344,1.8075382761607683
omdrid,direct_ctw,15,nearest,,5.0,174.0,0.8381496247706258,0.9936120403113716,1.6150357950466585,1.7879244648981223
omdrid,markov_order_1,15,linear,,5.0,587.0,0.7717056371615423,1.7269964960788995,1.6420130380386344,1.8075382761607683
omdrid,markov_order_1,15,nearest,,5.0,174.0,0.7005893168475176,1.5331785545954433,1.6150357950466585,1.7879244648981223
omdrid,markov_order_2,15,linear,,5.0,587.0,0.747492280060629,1.8681668809199197,1.6420130380386344,1.8075382761607683
omdrid,markov_order_2,15,nearest,,5.0,174.0,0.7002817703896725,1.5474465347159398,1.6150357950466585,1.7879244648981223
omdrid,vq_ctw,15,linear,256.0,5.0,587.0,0.9999999999980905,0.05086724779907789,4.5202275747845615,4.5202275747845615
omdrid,vq_ctw,15,nearest,256.0,5.0,174.0,0.9515138657382053,0.36854741570105753,5.035754826453124,5.035754826453124
omdrid,vq_ctw,15,linear,512.0,5.0,587.0,0.9900076718030709,0.10072692886008355,4.372420572374103,4.372420572374103
omdrid,vq_ctw,15,nearest,512.0,5.0,174.0,0.9999999999985515,0.1469084620556756,4.816747216763321,4.816747216763321
omdrid,vq_ctw,15,linear,1024.0,5.0,587.0,0.9942004639005182,0.05723185332027445,4.424369728332043,4.424369728332043
omdrid,vq_ctw,15,nearest,1024.0,5.0,174.0,0.9890487267953807,0.16382704979747065,5.233046152502395,5.233046152502395
omluaj,direct_ctw,15,linear,,5.0,2013.0,0.8567634274652078,1.3022748418472903,1.6624318873055755,1.8150170786066755
omluaj,direct_ctw,15,nearest,,5.0,181.0,0.8314831844567463,0.9994052508259611,1.7201000911365016,1.8645512027551943
omluaj,markov_order_1,15,linear,,5.0,2013.0,0.7963601114164234,1.7380203946158317,1.6624318873055755,1.8150170786066755
omluaj,markov_order_1,15,nearest,,5.0,181.0,0.652556957044457,1.66289929291279,1.7201000911365016,1.8645512027551943
omluaj,markov_order_2,15,linear,,5.0,2013.0,0.7711732320889529,1.9096132126456933,1.6624318873055755,1.8150170786066755
omluaj,markov_order_2,15,nearest,,5.0,181.0,0.6569322531249254,1.6498240017856447,1.7201000911365016,1.8645512027551943
omluaj,vq_ctw,15,linear,256.0,5.0,2013.0,0.9901630718367616,0.08954705457569817,4.410132287283873,4.410132287283873
omluaj,vq_ctw,15,nearest,256.0,5.0,181.0,0.9828329076864064,0.15439692903019062,4.681761116596014,4.681761116596014
omluaj,vq_ctw,15,linear,512.0,5.0,2013.0,0.984000803436116,0.1663428266143639,4.700886050871333,4.700886050871333
omluaj,vq_ctw,15,nearest,512.0,5.0,181.0,0.9999999999992405,0.0718489950598347,5.144005223089486,5.144005223089486
omluaj,vq_ctw,15,linear,1024.0,5.0,2013.0,0.9917653868314288,0.08531736179319435,4.6420277552948,4.6420277552948
omluaj,vq_ctw,15,nearest,1024.0,5.0,181.0,0.9806367352210866,0.1673972426585704,5.33500619937299,5.33500619937299
omwyek,direct_ctw,15,linear,,5.0,2015.0,0.8994538279940767,0.9734553909663386,1.5736627921489152,1.7402200896563578
omwyek,direct_ctw,15,nearest,,5.0,198.0,0.8475919957167274,0.8902357724459443,1.6164535470057313,1.7905373949888381
omwyek,markov_order_1,15,linear,,5.0,2015.0,0.8626573935027432,1.2639498351556024,1.5736627921489152,1.7402200896563578
omwyek,markov_order_1,15,nearest,,5.0,198.0,0.7482515792823382,1.2618950073713535,1.6164535470057313,1.7905373949888381
omwyek,markov_order_2,15,linear,,5.0,2015.0,0.8437614024144242,1.4064276508148874,1.5736627921489152,1.7402200896563578
omwyek,markov_order_2,15,nearest,,5.0,198.0,0.7481247904053466,1.2716438950262876,1.6164535470057313,1.7905373949888381
omwyek,vq_ctw,15,linear,256.0,5.0,2015.0,0.9970376815171285,0.032110387628478614,3.9267429673133187,3.9267429673133187
omwyek,vq_ctw,15,nearest,256.0,5.0,198.0,0.9965417698277311,0.22562565370142268,4.089572094120361,4.089572094120361
omwyek,vq_ctw,15,linear,512.0,5.0,2015.0,0.992348201470047,0.08627021488969208,3.869743273275436,3.869743273275436
omwyek,vq_ctw,15,nearest,512.0,5.0,198.0,0.9999999999996624,0.026562987824988487,3.5628207707451436,3.5628207707451436
omwyek,vq_ctw,15,linear,1024.0,5.0,2015.0,0.9976350522764784,0.027787961399200638,3.9688875219593234,3.9688875219593234
omwyek,vq_ctw,15,nearest,1024.0,5.0,198.0,0.9999999999996624,0.026562987824988487,3.72083932827358,3.72083932827358
onanns,direct_ctw,15,linear,,5.0,254.0,0.8401728236051458,1.0825875557049944,1.6486513797186086,1.812389155364898
onanns,direct_ctw,15,nearest,,5.0,73.0,0.8370508133197376,0.8993844339936428,1.52718732815231,1.7289855116058686
onanns,markov_order_1,15,linear,,5.0,254.0,0.7748263111274315,1.4016450760859256,1.6486513797186086,1.812389155364898
onanns,markov_order_1,15,nearest,,5.0,73.0,0.7320138471354299,1.2603140333944993,1.52718732815231,1.7289855116058686
onanns,markov_order_2,15,linear,,5.0,254.0,0.750006171524956,1.5130897475241532,1.6486513797186086,1.812389155364898
onanns,markov_order_2,15,nearest,,5.0,73.0,0.71936444860954,1.2977212709979808,1.52718732815231,1.7289855116058686
onanns,vq_ctw,15,linear,256.0,5.0,254.0,1.0,0.0,3.4416670900664785,3.4416670900664785
onanns,vq_ctw,15,nearest,256.0,5.0,73.0,0.9999999999980906,0.1949745970703438,3.7755313699991717,3.7755313699991717
onanns,vq_ctw,15,linear,512.0,5.0,254.0,1.0,0.0,3.640674983651521,3.640674983651521
onanns,vq_ctw,15,nearest,512.0,5.0,73.0,0.9999999999980906,0.18258131158761332,3.9990700084233173,3.9990700084233173
onanns,vq_ctw,15,linear,1024.0,5.0,254.0,1.0,0.0,3.5314561648655953,3.5314561648655953
onanns,vq_ctw,15,nearest,1024.0,5.0,73.0,0.9999999999990584,0.09116175938802519,4.024084184967286,4.024084184967286
oncalk,direct_ctw,15,linear,,5.0,2015.0,0.8731220045003097,1.1773919790683947,1.682250224735444,1.8414720652077252
oncalk,direct_ctw,15,nearest,,5.0,347.0,0.8364123931204579,0.9286189210633928,1.578154119577362,1.7616847666692246
oncalk,markov_order_1,15,linear,,5.0,2015.0,0.8096652597008134,1.645126853839669,1.682250224735444,1.8414720652077252
oncalk,markov_order_1,15,nearest,,5.0,347.0,0.7159396600066485,1.3625847942294522,1.578154119577362,1.7616847666692246
oncalk,markov_order_2,15,linear,,5.0,2015.0,0.7778902462736268,1.864376505687906,1.682250224735444,1.8414720652077252
oncalk,markov_order_2,15,nearest,,5.0,347.0,0.7112519804542412,1.379498688122262,1.578154119577362,1.7616847666692246
oncalk,vq_ctw,15,linear,256.0,5.0,2015.0,0.9999999999980905,0.0639637173469439,6.356714915449362,6.356714915449362
oncalk,vq_ctw,15,nearest,256.0,5.0,347.0,0.9968174500048398,0.15999027657708154,4.273179897275272,4.273179897275272
oncalk,vq_ctw,15,linear,512.0,5.0,2015.0,0.9839523138061266,0.15589485660294336,6.231067831959837,6.231067831959837
oncalk,vq_ctw,15,nearest,512.0,5.0,347.0,0.9999999999998129,0.01737509116313701,3.9647744185594145,3.9647744185594145
oncalk,vq_ctw,15,linear,1024.0,5.0,2015.0,0.9954656460894606,0.046360624347090824,5.635359549335775,5.635359549335775
oncalk,vq_ctw,15,nearest,1024.0,5.0,347.0,0.9975314533066085,0.03801430640925313,4.000654070812937,4.000654070812937
oncixp,direct_ctw,15,linear,,5.0,2013.0,0.8477532569661301,1.2734338136652332,1.652254490959657,1.8049772062221414
oncixp,direct_ctw,15,nearest,,5.0,74.0,0.8220101883321714,1.031518314305712,1.5933149771172903,1.7349770492460046
oncixp,markov_order_1,15,linear,,5.0,2013.0,0.7996644088992444,1.5884347891131263,1.652254490959657,1.8049772062221414
oncixp,markov_order_1,15,nearest,,5.0,74.0,0.6428943057109048,1.6438968797081153,1.5933149771172903,1.7349770492460046
oncixp,markov_order_2,15,linear,,5.0,2013.0,0.7871771604399042,1.6666489694644184,1.652254490959657,1.8049772062221414
oncixp,markov_order_2,15,nearest,,5.0,74.0,0.6553760515239657,1.6124025655070249,1.5933149771172903,1.7349770492460046
oncixp,vq_ctw,15,linear,256.0,5.0,2013.0,0.9917001214916297,0.07759876275274961,4.826087744059426,4.826087744059426
oncixp,vq_ctw,15,nearest,256.0,5.0,74.0,0.9525695188521087,0.40875142050770114,4.941070290816436,4.941070290816436
oncixp,vq_ctw,15,linear,512.0,5.0,2013.0,0.9774522430661364,0.2078701837440674,4.588251689995589,4.588251689995589
oncixp,vq_ctw,15,nearest,512.0,5.0,74.0,0.9999999999980905,0.22176642773446414,5.734240042880206,5.734240042880206
oncixp,vq_ctw,15,linear,1024.0,5.0,2013.0,0.9945204628010402,0.057729268997113455,5.049319215719712,5.049319215719712
oncixp,vq_ctw,15,nearest,1024.0,5.0,74.0,0.9878516894432031,0.1845147958460471,5.537669907930815,5.537669907930815
onghoj,direct_ctw,15,linear,,5.0,2015.0,0.8789401057867205,1.1205065095126039,1.6937677764799584,1.8671447459231747
onghoj,direct_ctw,15,nearest,,5.0,137.0,0.8377811910391294,0.9608719575938903,1.6206583687126515,1.8211564617277636
onghoj,markov_order_1,15,linear,,5.0,2015.0,0.8219095025845419,1.541042149031994,1.6937677764799584,1.8671447459231747
onghoj,markov_order_1,15,nearest,,5.0,137.0,0.7251501196062952,1.3904515559826633,1.6206583687126515,1.8211564617277636
onghoj,markov_order_2,15,linear,,5.0,2015.0,0.8063995024707094,1.649450488240511,1.6937677764799584,1.8671447459231747
onghoj,markov_order_2,15,nearest,,5.0,137.0,0.7188675585925028,1.421012198120751,1.6206583687126515,1.8211564617277636
onghoj,vq_ctw,15,linear,256.0,5.0,2015.0,0.9840474587971909,0.13402042464525843,5.722169041643678,5.722169041643678
onghoj,vq_ctw,15,nearest,256.0,5.0,137.0,0.9913559742189019,0.07014960335286122,3.6747915272308473,3.6747915272308473
onghoj,vq_ctw,15,linear,512.0,5.0,2015.0,0.9579427685230193,0.36971586525216366,5.485029241332678,5.485029241332678
onghoj,vq_ctw,15,nearest,512.0,5.0,137.0,1.0,0.0,4.10347418897958,4.10347418897958
onghoj,vq_ctw,15,linear,1024.0,5.0,2015.0,0.9908881647560707,0.0930696046537224,6.499711250347251,6.499711250347251
onghoj,vq_ctw,15,nearest,1024.0,5.0,137.0,0.9999999999991498,0.054466078667960695,3.886856193266607,3.886856193266607
onkawc,direct_ctw,15,linear,,5.0,2015.0,0.8906062899033178,1.01228303179872,1.685078741581885,1.8265924901364072
onkawc,direct_ctw,15,nearest,,5.0,181.0,0.8238721816528425,1.0437777409584492,1.785300764885601,1.964238449246199
onkawc,markov_order_1,15,linear,,5.0,2015.0,0.8468754666966899,1.3373571672095321,1.685078741581885,1.8265924901364072
onkawc,markov_order_1,15,nearest,,5.0,181.0,0.6767692331134959,1.579347799484247,1.785300764885601,1.964238449246199
onkawc,markov_order_2,15,linear,,5.0,2015.0,0.8320619517465,1.4423487723446542,1.685078741581885,1.8265924901364072
onkawc,markov_order_2,15,nearest,,5.0,181.0,0.6941621510799466,1.5242546641396684,1.785300764885601,1.964238449246199
onkawc,vq_ctw,15,linear,256.0,5.0,2015.0,0.9950972385985654,0.04957349913087845,3.981122390941687,3.981122390941687
onkawc,vq_ctw,15,nearest,256.0,5.0,181.0,0.9949442357706029,0.11787116735817041,3.745138911006652,3.745138911006652
onkawc,vq_ctw,15,linear,512.0,5.0,2015.0,0.9864657251736665,0.14400639462085316,3.775632989625856,3.775632989625856
onkawc,vq_ctw,15,nearest,512.0,5.0,181.0,0.9999999999988818,0.07887029625928524,4.104142792352215,4.104142792352215
onkawc,vq_ctw,15,linear,1024.0,5.0,2015.0,0.9949143357506833,0.05623914845640537,4.036956407724574,4.036956407724574
onkawc,vq_ctw,15,nearest,1024.0,5.0,181.0,0.9999999999996414,0.03563895595970337,4.352765092473093,4.352765092473093
ononma,direct_ctw,15,linear,,5.0,2015.0,0.8576788533238991,1.267006595983608,1.6313651641798983,1.7967866966705435
ononma,direct_ctw,15,nearest,,5.0,393.0,0.8262547506095889,0.934582126203887,1.587988947461651,1.7710952132611744
ononma,markov_order_1,15,linear,,5.0,2015.0,0.8143156684521353,1.5752637136123933,1.6313651641798983,1.7967866966705435
ononma,markov_order_1,15,nearest,,5.0,393.0,0.7106265049683026,1.3706630453989483,1.587988947461651,1.7710952132611744
ononma,markov_order_2,15,linear,,5.0,2015.0,0.7898209342377983,1.7412026911069916,1.6313651641798983,1.7967866966705435
ononma,markov_order_2,15,nearest,,5.0,393.0,0.7237115133657095,1.3273838676417304,1.587988947461651,1.7710952132611744
ononma,vq_ctw,15,linear,256.0,5.0,2015.0,0.9956226456260175,0.04753903335595398,4.32320176375598,4.32320176375598
ononma,vq_ctw,15,nearest,256.0,5.0,393.0,0.9922488217467853,0.1298859431145454,3.6877442460375094,3.6877442460375094
ononma,vq_ctw,15,linear,512.0,5.0,2015.0,0.9833060259979332,0.16931811370203922,4.21751587088583,4.21751587088583
ononma,vq_ctw,15,nearest,512.0,5.0,393.0,0.9999999999998251,0.016876081530879442,3.539981955328851,3.539981955328851
ononma,vq_ctw,15,linear,1024.0,5.0,2015.0,0.9972157758592463,0.03205799163563911,4.582889076578996,4.582889076578996
ononma,vq_ctw,15,nearest,1024.0,5.0,393.0,1.0,0.0,3.9046841027276713,3.9046841027276713
onvahe,direct_ctw,15,linear,,5.0,2015.0,0.8696094747858181,1.2377715905151223,1.6841634457138501,1.8406676943522455
onvahe,direct_ctw,15,nearest,,5.0,301.0,0.8239784987110499,1.0435880274090907,1.7836390895666845,1.9426954680032564
onvahe,markov_order_1,15,linear,,5.0,2015.0,0.8190411601092805,1.6248667803469747,1.6841634457138501,1.8406676943522455
onvahe,markov_order_1,15,nearest,,5.0,301.0,0.6341176407273259,1.723753198188841,1.7836390895666845,1.9426954680032564
onvahe,markov_order_2,15,linear,,5.0,2015.0,0.7890064810047666,1.8425384257410986,1.6841634457138501,1.8406676943522455
onvahe,markov_order_2,15,nearest,,5.0,301.0,0.6509567118375219,1.6825425488070365,1.7836390895666845,1.9426954680032564
onvahe,vq_ctw,15,linear,256.0,5.0,2015.0,0.994651444328076,0.05653651945636336,4.113262564099536,4.113262564099536
onvahe,vq_ctw,15,nearest,256.0,5.0,301.0,0.9664954418990404,0.24171148409490462,4.4398741286648065,4.4398741286648065
onvahe,vq_ctw,15,linear,512.0,5.0,2015.0,0.9889627596120816,0.12070525406128525,4.08679319360218,4.08679319360218
onvahe,vq_ctw,15,nearest,512.0,5.0,301.0,0.9999999999990865,0.11051058703874565,4.366316118053023,4.366316118053023
onvahe,vq_ctw,15,linear,1024.0,5.0,2015.0,0.994786885202222,0.060511382081781535,4.0555176886477415,4.0555176886477415
onvahe,vq_ctw,15,nearest,1024.0,5.0,301.0,0.990392469258906,0.08887255819623653,4.851011542961435,4.851011542961435
onwohy,direct_ctw,15,linear,,5.0,2014.0,0.8539019748852494,1.349366966972911,1.7423097528604734,1.8748036090215554
onwohy,markov_order_1,15,linear,,5.0,2014.0,0.7598500082380529,2.0270868956799206,1.7423097528604734,1.8748036090215554
onwohy,markov_order_2,15,linear,,5.0,2014.0,0.7491634695902142,2.0992128591471184,1.7423097528604734,1.8748036090215554
onwohy,vq_ctw,15,linear,256.0,5.0,2014.0,0.9701201623238068,0.22366872908525348,7.231908521942944,7.231908521942944
onwohy,vq_ctw,15,linear,512.0,5.0,2014.0,0.9212544853499582,0.647360810774264,6.541690758541313,6.541690758541313
onwohy,vq_ctw,15,linear,1024.0,5.0,2014.0,0.9642049781968847,0.2942586289103282,7.237291362041395,7.237291362041395
onyacj,direct_ctw,15,linear,,5.0,2014.0,0.8700177669517746,1.2241051175472728,1.6619685907900055,1.8250552786685947
onyacj,direct_ctw,15,nearest,,5.0,342.0,0.8500383743706847,0.9070173606745674,1.5579341631504076,1.7436279857699712
onyacj,markov_order_1,15,linear,,5.0,2014.0,0.81302399822681,1.654155283240695,1.6619685907900055,1.8250552786685947
onyacj,markov_order_1,15,nearest,,5.0,342.0,0.7254007163274186,1.4034517866289404,1.5579341631504076,1.7436279857699712
onyacj,markov_order_2,15,linear,,5.0,2014.0,0.7864069532364466,1.8438740035739716,1.6619685907900055,1.8250552786685947
onyacj,markov_order_2,15,nearest,,5.0,342.0,0.7254493292950164,1.4106162424583308,1.5579341631504076,1.7436279857699712
onyacj,vq_ctw,15,linear,256.0,5.0,2014.0,0.9921296574747592,0.07879254278775988,4.452563467928149,4.452563467928149
onyacj,vq_ctw,15,nearest,256.0,5.0,342.0,0.9905890154732948,0.17975612901021046,4.654437012146726,4.654437012146726
onyacj,vq_ctw,15,linear,512.0,5.0,2014.0,0.9828298401252489,0.17967053781728354,4.164195539915,4.164195539915
onyacj,vq_ctw,15,nearest,512.0,5.0,342.0,0.9999999999995477,0.046251229902037144,4.330971177059675,4.330971177059675
onyacj,vq_ctw,15,linear,1024.0,5.0,2014.0,0.9911220450875772,0.09101527395259539,4.409118347755168,4.409118347755168
onyacj,vq_ctw,15,nearest,1024.0,5.0,342.0,0.9969545615358192,0.043455529075651346,4.41183827240193,4.41183827240193
onyenr,direct_ctw,15,linear,,5.0,2015.0,0.9169692230635366,0.8030504735121893,1.552045441675413,1.6878714859294894
onyenr,direct_ctw,15,nearest,,5.0,272.0,0.8569304752019491,0.8324495857836476,1.5380621808342998,1.7202916288393941
onyenr,markov_order_1,15,linear,,5.0,2015.0,0.8830019853768661,1.0706118570286607,1.552045441675413,1.6878714859294894
onyenr,markov_order_1,15,nearest,,5.0,272.0,0.7734560956404749,1.168987595272961,1.5380621808342998,1.7202916288393941
onyenr,markov_order_2,15,linear,,5.0,2015.0,0.8727496376661115,1.1479814376878605,1.552045441675413,1.6878714859294894
onyenr,markov_order_2,15,nearest,,5.0,272.0,0.7538815049078419,1.2400495123927595,1.5380621808342998,1.7202916288393941
onyenr,vq_ctw,15,linear,256.0,5.0,2015.0,0.9976427346981888,0.02632986008084522,3.478871767981266,3.478871767981266
onyenr,vq_ctw,15,nearest,256.0,5.0,272.0,0.9806657066544157,0.23523098577859605,3.8360472192076647,3.8360472192076647
onyenr,vq_ctw,15,linear,512.0,5.0,2015.0,0.9957647072723464,0.05043352992547311,3.5020820649254607,3.5020820649254607
onyenr,vq_ctw,15,nearest,512.0,5.0,272.0,0.9999999999997542,0.024303987326042352,3.781363282218033,3.781363282218033
onyenr,vq_ctw,15,linear,1024.0,5.0,2015.0,0.9974966928702143,0.03024705148556763,3.4983474244502895,3.4983474244502895
onyenr,vq_ctw,15,nearest,1024.0,5.0,272.0,0.9999999999997542,0.024303987326042352,3.804853926967444,3.804853926967444
oocsod,direct_ctw,15,linear,,5.0,2015.0,0.8836136755118391,1.0722873580828325,1.5934140370101118,1.7556614211058956
oocsod,direct_ctw,15,nearest,,5.0,197.0,0.8447868672192946,0.9164036691387478,1.6294942614842023,1.8041226387373883
oocsod,markov_order_1,15,linear,,5.0,2015.0,0.8377947068359,1.4108272313734014,1.5934140370101118,1.7556614211058956
oocsod,markov_order_1,15,nearest,,5.0,197.0,0.7232886795074169,1.3827108662980394,1.6294942614842023,1.8041226387373883
oocsod,markov_order_2,15,linear,,5.0,2015.0,0.8199917652521402,1.5360139655840035,1.5934140370101118,1.7556614211058956
oocsod,markov_order_2,15,nearest,,5.0,197.0,0.7214290739096489,1.3891962692004793,1.6294942614842023,1.8041226387373883
oocsod,vq_ctw,15,linear,256.0,5.0,2015.0,0.9999999999980905,0.02964194162755358,4.245094939867496,4.245094939867496
oocsod,vq_ctw,15,nearest,256.0,5.0,197.0,0.9772306161422719,0.2731218144224505,4.826319130013448,4.826319130013448
oocsod,vq_ctw,15,linear,512.0,5.0,2015.0,0.9916517345981618,0.08632911225694198,4.095166441791827,4.095166441791827
oocsod,vq_ctw,15,nearest,512.0,5.0,197.0,0.9999999999993118,0.08899661160898503,4.541095235590488,4.541095235590488
oocsod,vq_ctw,15,linear,1024.0,5.0,2015.0,0.9977263396275753,0.026844616206886576,4.251065113732378,4.251065113732378
oocsod,vq_ctw,15,nearest,1024.0,5.0,197.0,0.9880753702341889,0.07500951067221488,4.54276136472306,4.54276136472306
oogchy,direct_ctw,15,linear,,5.0,2015.0,0.8679783495019282,1.260744140428491,1.6177548902537222,1.7833718753322527
oogchy,direct_ctw,15,nearest,,5.0,126.0,0.8700414500598387,0.8206470968882641,1.5427496685908428,1.7312531811886356
oogchy,markov_order_1,15,linear,,5.0,2015.0,0.8037219748942627,1.7518297053047514,1.6177548902537222,1.7833718753322527
oogchy,markov_order_1,15,nearest,,5.0,126.0,0.7591161569907867,1.280554634358955,1.5427496685908428,1.7312531811886356
oogchy,markov_order_2,15,linear,,5.0,2015.0,0.7764720957487881,1.947992113373984,1.6177548902537222,1.7833718753322527
oogchy,markov_order_2,15,nearest,,5.0,126.0,0.7530358728119803,1.3045251876558281,1.5427496685908428,1.7312531811886356
oogchy,vq_ctw,15,linear,256.0,5.0,2015.0,0.9901702971682627,0.09524176053887227,5.341092469463234,5.341092469463234
oogchy,vq_ctw,15,nearest,256.0,5.0,126.0,0.9840825337022614,0.17888564506113958,3.819381412000504,3.819381412000504
oogchy,vq_ctw,15,linear,512.0,5.0,2015.0,0.9724621468330598,0.27336865333366855,4.894798521156272,4.894798521156272
oogchy,vq_ctw,15,nearest,512.0,5.0,126.0,0.9999999999986968,0.1227809523568793,4.815827542996295,4.815827542996295
oogchy,vq_ctw,15,linear,1024.0,5.0,2015.0,0.9929302966619762,0.074809606247613,5.642890031591115,5.642890031591115
oogchy,vq_ctw,15,nearest,1024.0,5.0,126.0,0.9895289954402084,0.08701210892826927,5.272638612816891,5.272638612816891
ootquo,direct_ctw,15,linear,,5.0,2015.0,0.9285755405135729,0.7108323802510307,1.5618110946130008,1.7172947053280716
ootquo,markov_order_1,15,linear,,5.0,2015.0,0.8942461745747396,0.9898213799374631,1.5618110946130008,1.7172947053280716
ootquo,markov_order_2,15,linear,,5.0,2015.0,0.8784704811688859,1.1116006879241336,1.5618110946130008,1.7172947053280716
ootquo,vq_ctw,15,linear,256.0,5.0,2015.0,0.9976202232345766,0.026548635126997188,5.324678486533702,5.324678486533702
ootquo,vq_ctw,15,linear,512.0,5.0,2015.0,0.9919593016083292,0.09162651432463889,4.992770243079875,4.992770243079875
ootquo,vq_ctw,15,linear,1024.0,5.0,2015.0,0.9966387684825421,0.0391820843989935,4.905445288006501,4.905445288006501
ootyec,direct_ctw,15,linear,,5.0,2015.0,0.8601412611307824,1.2893713417407002,1.6098568912346043,1.781230003300862
ootyec,direct_ctw,15,nearest,,5.0,267.0,0.8290083725034779,0.9982315871588199,1.7029690628298706,1.8699368138822532
ootyec,markov_order_1,15,linear,,5.0,2015.0,0.8096201754809218,1.6626162147940342,1.6098568912346043,1.781230003300862
ootyec,markov_order_1,15,nearest,,5.0,267.0,0.6974351751473088,1.4904818895566145,1.7029690628298706,1.8699368138822532
ootyec,markov_order_2,15,linear,,5.0,2015.0,0.7824526018224596,1.8530585863069764,1.6098568912346043,1.781230003300862
ootyec,markov_order_2,15,nearest,,5.0,267.0,0.7040631712459512,1.4692852175950841,1.7029690628298706,1.8699368138822532
ootyec,vq_ctw,15,linear,256.0,5.0,2015.0,0.993830011428976,0.06394399766685573,4.414769006412679,4.414769006412679
ootyec,vq_ctw,15,nearest,256.0,5.0,267.0,0.9839007394510187,0.20127525991126155,4.186259176117506,4.186259176117506
ootyec,vq_ctw,15,linear,512.0,5.0,2015.0,0.9863529139246844,0.14504217114587187,4.16675170175883,4.16675170175883
ootyec,vq_ctw,15,nearest,512.0,5.0,267.0,0.9943320254297006,0.08204945610887687,4.358582864117322,4.358582864117322
ootyec,vq_ctw,15,linear,1024.0,5.0,2015.0,0.9949812595431572,0.055595236284476574,4.471248088534455,4.471248088534455
ootyec,vq_ctw,15,nearest,1024.0,5.0,267.0,0.9905341568031872,0.09460420662838605,4.520144475632315,4.520144475632315
oowfmu,direct_ctw,15,linear,,5.0,178.0,0.9235457174646113,0.6041950229707779,1.483187786938003,1.6362164913478383
oowfmu,markov_order_1,15,linear,,5.0,178.0,0.859056537708248,0.9823826539520307,1.483187786938003,1.6362164913478383
oowfmu,markov_order_2,15,linear,,5.0,178.0,0.85472017293725,1.0057529487616441,1.483187786938003,1.6362164913478383
oowfmu,vq_ctw,15,linear,256.0,5.0,178.0,0.9999999999980905,0.0508162117064261,3.8567141112956627,3.8567141112956627
oowfmu,vq_ctw,15,linear,512.0,5.0,178.0,0.9999999999980905,0.14682032227749103,3.541068302358172,3.541068302358172
oowfmu,vq_ctw,15,linear,1024.0,5.0,178.0,1.0,0.0,4.417261804064358,4.417261804064358
opgove,direct_ctw,15,linear,,5.0,2015.0,0.9153260775920777,0.869066164243536,1.4521172565671376,1.6348416785810636
opgove,direct_ctw,15,nearest,,5.0,71.0,0.8309323605049906,0.9418721748550274,1.671892221040724,1.8519973997887003
opgove,markov_order_1,15,linear,,5.0,2015.0,0.8725329057917233,1.2288212443124795,1.4521172565671376,1.6348416785810636
opgove,markov_order_1,15,nearest,,5.0,71.0,0.7174410611016977,1.3357283516956067,1.671892221040724,1.8519973997887003
opgove,markov_order_2,15,linear,,5.0,2015.0,0.8517216125612563,1.3946420625164102,1.4521172565671376,1.6348416785810636
opgove,markov_order_2,15,nearest,,5.0,71.0,0.7082022563419009,1.3811548314079034,1.671892221040724,1.8519973997887003
opgove,vq_ctw,15,linear,256.0,5.0,2015.0,0.9956605380565725,0.04718206210040232,4.308747621695512,4.308747621695512
opgove,vq_ctw,15,nearest,256.0,5.0,71.0,0.9999999999990048,0.09399475085309765,3.4711663408681854,3.4711663408681854
opgove,vq_ctw,15,linear,512.0,5.0,2015.0,0.9887198433852293,0.12492233637018646,3.989613772774983,3.989613772774983
opgove,vq_ctw,15,nearest,512.0,5.0,71.0,0.9999999999990048,0.09399475085309765,3.666970912442093,3.666970912442093
opgove,vq_ctw,15,linear,1024.0,5.0,2015.0,0.9956221629971971,0.05192141393920699,4.349415597080716,4.349415597080716
opgove,vq_ctw,15,nearest,1024.0,5.0,71.0,0.9877140500334303,0.09622486882494176,3.5019170993002278,3.5019170993002278
ophgir,direct_ctw,15,linear,,5.0,1982.0,0.8836704052947937,1.1460036501244721,1.6731539441756573,1.830204076501719
ophgir,direct_ctw,15,nearest,,5.0,133.0,0.8439624124485072,0.9014359852401758,1.6131604794984404,1.789067803187941
ophgir,markov_order_1,15,linear,,5.0,1982.0,0.8227254246005853,1.629999169036636,1.6731539441756573,1.830204076501719
ophgir,markov_order_1,15,nearest,,5.0,133.0,0.7230087881614511,1.3675597966104869,1.6131604794984404,1.789067803187941
ophgir,markov_order_2,15,linear,,5.0,1982.0,0.7942290976637678,1.842902842427175,1.6731539441756573,1.830204076501719
ophgir,markov_order_2,15,nearest,,5.0,133.0,0.7170773923092494,1.3885958200777289,1.6131604794984404,1.789067803187941
ophgir,vq_ctw,15,linear,256.0,5.0,1982.0,0.9954328236334827,0.0493202057254065,4.89500933334544,4.89500933334544
ophgir,vq_ctw,15,nearest,256.0,5.0,133.0,0.9498027597634313,0.42144144011925877,5.861199397147201,5.861199397147201
ophgir,vq_ctw,15,linear,512.0,5.0,1982.0,0.9853304172710821,0.15436933052497362,4.614870061068024,4.614870061068024
ophgir,vq_ctw,15,nearest,512.0,5.0,133.0,0.9999999999985498,0.17504443848659587,4.790636299150712,4.790636299150712
ophgir,vq_ctw,15,linear,1024.0,5.0,1982.0,0.9942109654065582,0.0629324362709744,4.746834810901753,4.746834810901753
ophgir,vq_ctw,15,nearest,1024.0,5.0,133.0,0.9910106100134882,0.1141978277968761,5.618954705805129,5.618954705805129
ophugb,direct_ctw,15,linear,,5.0,2015.0,0.8622525040402282,1.3303322055827491,1.502098573753113,1.685744998334309
ophugb,direct_ctw,15,nearest,,5.0,96.0,0.7955917372401169,0.9824947198691287,1.6295859355360267,1.8053777685397912
ophugb,markov_order_1,15,linear,,5.0,2015.0,0.7997951535211002,1.8153422677471776,1.502098573753113,1.685744998334309
ophugb,markov_order_1,15,nearest,,5.0,96.0,0.7729078048136215,1.2165593156896506,1.6295859355360267,1.8053777685397912
ophugb,markov_order_2,15,linear,,5.0,2015.0,0.7679458892957071,2.04845847879629,1.502098573753113,1.685744998334309
ophugb,markov_order_2,15,nearest,,5.0,96.0,0.7846161687915575,1.1323125740612376,1.6295859355360267,1.8053777685397912
ophugb,vq_ctw,15,linear,256.0,5.0,2015.0,0.9900156129432821,0.09651449333612337,5.4156744182641,5.4156744182641
ophugb,vq_ctw,15,nearest,256.0,5.0,96.0,0.9999999999980905,0.3007862503637023,4.80463173387398,4.80463173387398
ophugb,vq_ctw,15,linear,512.0,5.0,2015.0,0.9741546096911018,0.25503618642068254,4.759123541688294,4.759123541688294
ophugb,vq_ctw,15,nearest,512.0,5.0,96.0,1.0,0.0,3.063110933388233,3.063110933388233
ophugb,vq_ctw,15,linear,1024.0,5.0,2015.0,0.990975926454594,0.09520487317848446,5.433877384947049,5.433877384947049
ophugb,vq_ctw,15,nearest,1024.0,5.0,96.0,1.0,0.0,3.170445797911649,3.170445797911649
opjerm,direct_ctw,15,linear,,5.0,2014.0,0.8873834961842915,1.1262313215354172,1.6360356404073735,1.7935018780267278
opjerm,direct_ctw,15,nearest,,5.0,103.0,0.839233036170989,0.97421745325436,1.7520022447583072,1.9312228582902742
opjerm,markov_order_1,15,linear,,5.0,2014.0,0.8286209262871829,1.6020385100854573,1.6360356404073735,1.7935018780267278
opjerm,markov_order_1,15,nearest,,5.0,103.0,0.7046025858010205,1.4959907073237415,1.7520022447583072,1.9312228582902742
opjerm,markov_order_2,15,linear,,5.0,2014.0,0.8003482483903458,1.8176891413275338,1.6360356404073735,1.7935018780267278
opjerm,markov_order_2,15,nearest,,5.0,103.0,0.6978336073899555,1.516656617880584,1.7520022447583072,1.9312228582902742
opjerm,vq_ctw,15,linear,256.0,5.0,2014.0,0.9939872167732698,0.06253933624354842,4.968288112260975,4.968288112260975
opjerm,vq_ctw,15,nearest,256.0,5.0,103.0,0.9933521400582114,0.1964810305158548,3.5934311174987594,3.5934311174987594
opjerm,vq_ctw,15,linear,512.0,5.0,2014.0,0.982901652575436,0.18397345135631554,4.548204044233373,4.548204044233373
opjerm,vq_ctw,15,nearest,512.0,5.0,103.0,0.9999999999987023,0.10212566192908194,4.114675398821078,4.114675398821078
opjerm,vq_ctw,15,linear,1024.0,5.0,2014.0,0.9953300452024548,0.05372140844040926,4.936306851519211,4.936306851519211
opjerm,vq_ctw,15,nearest,1024.0,5.0,103.0,0.9999999999987393,0.11433565404328026,4.5117501544863075,4.5117501544863075
opmisa,direct_ctw,15,linear,,5.0,2014.0,0.8732155943572972,1.1373215354438198,1.6007408428104508,1.7677164138930097
opmisa,direct_ctw,15,nearest,,5.0,351.0,0.842275697643303,0.9694744370826578,1.5073832793573774,1.696438196290297
opmisa,markov_order_1,15,linear,,5.0,2014.0,0.8305732886940614,1.4431849372983636,1.6007408428104508,1.7677164138930097
opmisa,markov_order_1,15,nearest,,5.0,351.0,0.7091193996520545,1.4962207594321584,1.5073832793573774,1.696438196290297
opmisa,markov_order_2,15,linear,,5.0,2014.0,0.814118953362876,1.5559798119877057,1.6007408428104508,1.7677164138930097
opmisa,markov_order_2,15,nearest,,5.0,351.0,0.697624967393151,1.5417613158431167,1.5073832793573774,1.696438196290297
opmisa,vq_ctw,15,linear,256.0,5.0,2014.0,0.9999999999980905,0.04163860229966357,3.9336496707157527,3.9336496707157527
opmisa,vq_ctw,15,nearest,256.0,5.0,351.0,0.9741538453733716,0.24045536743426005,4.339431908260611,4.339431908260611
opmisa,vq_ctw,15,linear,512.0,5.0,2014.0,0.993008452524842,0.07634588406181728,3.9744239782634945,3.9744239782634945
opmisa,vq_ctw,15,nearest,512.0,5.0,351.0,0.9999999999993582,0.06539722555521768,4.453009811358999,4.453009811358999
opmisa,vq_ctw,15,linear,1024.0,5.0,2014.0,0.9966989154044383,0.03526599951939348,4.053178326293448,4.053178326293448
opmisa,vq_ctw,15,nearest,1024.0,5.0,351.0,0.9928302024171111,0.09117336313103977,4.529354193888765,4.529354193888765
opnown,direct_ctw,15,linear,,5.0,2015.0,0.9177881244096,0.7652391336668211,1.698826214034888,1.8449389137039922
opnown,direct_ctw,15,nearest,,5.0,291.0,0.8606622196184467,0.8330080972350397,1.5881505341390552,1.7769384100643546
opnown,markov_order_1,15,linear,,5.0,2015.0,0.8861195540222533,1.0036938270966227,1.698826214034888,1.8449389137039922
opnown,markov_order_1,15,nearest,,5.0,291.0,0.7472453808232588,1.2642345834742148,1.5881505341390552,1.7769384100643546
opnown,markov_order_2,15,linear,,5.0,2015.0,0.8817098760038431,1.0356672356845877,1.698826214034888,1.8449389137039922
opnown,markov_order_2,15,nearest,,5.0,291.0,0.7570291995823833,1.2328719678270013,1.5881505341390552,1.7769384100643546
opnown,vq_ctw,15,linear,256.0,5.0,2015.0,0.999406590969467,0.007809827944603915,3.228885871717681,3.228885871717681
opnown,vq_ctw,15,nearest,256.0,5.0,291.0,0.9999999999986023,0.16919752587335798,3.884102201987256,3.884102201987256
opnown,vq_ctw,15,linear,512.0,5.0,2015.0,0.9957330775932041,0.05076427410174655,3.1205795733482105,3.1205795733482105
opnown,vq_ctw,15,nearest,512.0,5.0,291.0,1.0,0.0,3.5041532207811588,3.5041532207811588
opnown,vq_ctw,15,linear,1024.0,5.0,2015.0,0.9989200387634836,0.013911718319244332,3.266033471036712,3.266033471036712
opnown,vq_ctw,15,nearest,1024.0,5.0,291.0,0.9999999999997572,0.023015795515412645,3.6132062742485203,3.6132062742485203
oquiat,direct_ctw,15,linear,,5.0,2015.0,0.8530445970675133,1.3369454750730407,1.6487206675507313,1.8149041327124413
oquiat,direct_ctw,15,nearest,,5.0,187.0,0.8458639878147388,0.9101505911162711,1.4815044338902357,1.6999160438581797
oquiat,markov_order_1,15,linear,,5.0,2015.0,0.794253737388638,1.762004120087241,1.6487206675507313,1.8149041327124413
oquiat,markov_order_1,15,nearest,,5.0,187.0,0.7176112084648886,1.4119044920969777,1.4815044338902357,1.6999160438581797
oquiat,markov_order_2,15,linear,,5.0,2015.0,0.7659997622535366,1.9549208899719428,1.6487206675507313,1.8149041327124413
oquiat,markov_order_2,15,nearest,,5.0,187.0,0.7093877050508467,1.4402051146501014,1.4815044338902357,1.6999160438581797
oquiat,vq_ctw,15,linear,256.0,5.0,2015.0,0.9929568567594433,0.0675237931809837,5.0529976309139055,5.0529976309139055
oquiat,vq_ctw,15,nearest,256.0,5.0,187.0,0.9774787179505484,0.2316463989409829,4.0539603288099215,4.0539603288099215
oquiat,vq_ctw,15,linear,512.0,5.0,2015.0,0.9806949451439714,0.1954358124230558,4.819462087539689,4.819462087539689
oquiat,vq_ctw,15,nearest,512.0,5.0,187.0,0.9999999999992036,0.07700074959845592,4.14109178301109,4.14109178301109
oquiat,vq_ctw,15,linear,1024.0,5.0,2015.0,0.9954981508480254,0.050576966671950316,5.285352456566512,5.285352456566512
oquiat,vq_ctw,15,nearest,1024.0,5.0,187.0,0.9840160673935445,0.10545465612757025,4.188411819630104,4.188411819630104
orkbat,direct_ctw,15,linear,,5.0,2015.0,0.8713175612639893,1.2084807897536909,1.685043073693468,1.8358795344301921
orkbat,direct_ctw,15,nearest,,5.0,170.0,0.8262662518899938,0.9967122622082643,1.8659516842001234,2.0086546831891914
orkbat,markov_order_1,15,linear,,5.0,2015.0,0.8216533474617724,1.5837787144108952,1.685043073693468,1.8358795344301921
orkbat,markov_order_1,15,nearest,,5.0,170.0,0.6527905958513275,1.6048990251432689,1.8659516842001234,2.0086546831891914
orkbat,markov_order_2,15,linear,,5.0,2015.0,0.7952901970996669,1.7727017906103364,1.685043073693468,1.8358795344301921
orkbat,markov_order_2,15,nearest,,5.0,170.0,0.659047736038533,1.5963604312020914,1.8659516842001234,2.0086546831891914
orkbat,vq_ctw,15,linear,256.0,5.0,2015.0,0.9948492200627805,0.05472667115796774,4.441385019162715,4.441385019162715
orkbat,vq_ctw,15,nearest,256.0,5.0,170.0,0.9872272357671703,0.08760785955827134,3.999927215821716,3.999927215821716
orkbat,vq_ctw,15,linear,512.0,5.0,2015.0,0.9834638780729955,0.17113126266941558,4.089269472043531,4.089269472043531
orkbat,vq_ctw,15,nearest,512.0,5.0,170.0,0.9999999999996405,0.03805509767087279,4.268038249191354,4.268038249191354
orkbat,vq_ctw,15,linear,1024.0,5.0,2015.0,0.9959705678037692,0.04424298321690657,4.629006203646654,4.629006203646654
orkbat,vq_ctw,15,nearest,1024.0,5.0,170.0,0.9999999999996405,0.03805509767087279,4.503427699659968,4.503427699659968
orocdu,direct_ctw,15,linear,,5.0,1253.0,0.8799269025031795,1.0485182387423282,1.6198630641253309,1.7854475197991586
orocdu,direct_ctw,15,nearest,,5.0,70.0,0.86141771645479,0.7999868371889607,1.6985904338263802,1.8761205309542073
orocdu,markov_order_1,15,linear,,5.0,1253.0,0.8337736628011645,1.3674172773805289,1.6198630641253309,1.7854475197991586
orocdu,markov_order_1,15,nearest,,5.0,70.0,0.740772231418291,1.2363859175763345,1.6985904338263802,1.8761205309542073
orocdu,markov_order_2,15,linear,,5.0,1253.0,0.8159160730131637,1.4845276154254596,1.6198630641253309,1.7854475197991586
orocdu,markov_order_2,15,nearest,,5.0,70.0,0.7250466397060903,1.2841433591187257,1.6985904338263802,1.8761205309542073
orocdu,vq_ctw,15,linear,256.0,5.0,1253.0,0.9999999999980904,0.046144395373621375,3.790958755907776,3.790958755907776
orocdu,vq_ctw,15,nearest,256.0,5.0,70.0,1.0,0.0,2.0451570849024368,2.0451570849024368
orocdu,vq_ctw,15,linear,512.0,5.0,1253.0,0.9899884064206366,0.10411618456722338,3.7695589212775644,3.7695589212775644
orocdu,vq_ctw,15,nearest,512.0,5.0,70.0,1.0,0.0,2.613694166582566,2.613694166582566
orocdu,vq_ctw,15,linear,1024.0,5.0,1253.0,0.9961153875327992,0.04058605364516208,3.826673777571716,3.826673777571716
orocdu,vq_ctw,15,nearest,1024.0,5.0,70.0,1.0,0.0,2.793872912535161,2.793872912535161
orptme,direct_ctw,15,linear,,5.0,2014.0,0.8767837515035093,1.1705467599179544,1.6023286904735656,1.7635662647135166
orptme,direct_ctw,15,nearest,,5.0,116.0,0.8793124803617851,0.7354233958454566,1.4350154493664566,1.5976125395086545
orptme,markov_order_1,15,linear,,5.0,2014.0,0.8037799034785458,1.7207719742281797,1.6023286904735656,1.7635662647135166
orptme,markov_order_1,15,nearest,,5.0,116.0,0.786958031606656,1.101471033050273,1.4350154493664566,1.5976125395086545
orptme,markov_order_2,15,linear,,5.0,2014.0,0.7704309135728229,1.9547841840657103,1.6023286904735656,1.7635662647135166
orptme,markov_order_2,15,nearest,,5.0,116.0,0.7857070968491694,1.1226176363385576,1.4350154493664566,1.5976125395086545
orptme,vq_ctw,15,linear,256.0,5.0,2014.0,0.9828931716319295,0.14197928497247933,5.852846959603451,5.852846959603451
orptme,vq_ctw,15,nearest,256.0,5.0,116.0,0.9693114901627307,0.35461038007860507,4.76494172660154,4.76494172660154
orptme,vq_ctw,15,linear,512.0,5.0,2014.0,0.9750634215296989,0.24313533939045928,5.746087287572447,5.746087287572447
orptme,vq_ctw,15,nearest,512.0,5.0,116.0,1.0,0.0,4.900536251793912,4.900536251793912
orptme,vq_ctw,15,linear,1024.0,5.0,2014.0,0.9776208392276655,0.1993564813702197,5.27442131755339,5.27442131755339
orptme,vq_ctw,15,nearest,1024.0,5.0,116.0,1.0,0.0,5.03487413823749,5.03487413823749
orrrar,direct_ctw,15,linear,,5.0,2015.0,0.8725138889268973,1.156685421695824,1.6196667297298746,1.7936518395436913
orrrar,direct_ctw,15,nearest,,5.0,142.0,0.8382253025860311,0.9470232971074086,1.648699237740978,1.8319239435387265
orrrar,markov_order_1,15,linear,,5.0,2015.0,0.8245611001323472,1.504188941823365,1.6196667297298746,1.7936518395436913
orrrar,markov_order_1,15,nearest,,5.0,142.0,0.6688526741151427,1.5480827004671136,1.648699237740978,1.8319239435387265
orrrar,markov_order_2,15,linear,,5.0,2015.0,0.8029326265089675,1.6530571161171774,1.6196667297298746,1.7936518395436913
orrrar,markov_order_2,15,nearest,,5.0,142.0,0.6877521799744818,1.500897450418357,1.648699237740978,1.8319239435387265
orrrar,vq_ctw,15,linear,256.0,5.0,2015.0,0.9951198998159373,0.04937706141171926,4.401132499916174,4.401132499916174
orrrar,vq_ctw,15,nearest,256.0,5.0,142.0,0.9856814162636,0.18730741262023537,4.099658720064946,4.099658720064946
orrrar,vq_ctw,15,linear,512.0,5.0,2015.0,0.9844952798147775,0.1554745692319323,3.9763408891422887,3.9763408891422887
orrrar,vq_ctw,15,nearest,512.0,5.0,142.0,0.9902017615093119,0.06838929138366545,4.338244803083559,4.338244803083559
orrrar,vq_ctw,15,linear,1024.0,5.0,2015.0,0.9959871966556505,0.04408438813502047,4.379892848927238,4.379892848927238
orrrar,vq_ctw,15,nearest,1024.0,5.0,142.0,0.9940518879381445,0.08347333153178209,4.204696555449219,4.204696555449219
orsyal,direct_ctw,15,linear,,5.0,2015.0,0.8642415085334496,1.169316359606723,1.806860970992655,1.9584877019545126
orsyal,direct_ctw,15,nearest,,5.0,68.0,0.8242428680235089,1.051597211289382,1.848356258351055,1.999088092921807
orsyal,markov_order_1,15,linear,,5.0,2015.0,0.8239838887232396,1.4444023972206277,1.806860970992655,1.9584877019545126
orsyal,markov_order_1,15,nearest,,5.0,68.0,0.6155254982875212,1.783761716739593,1.848356258351055,1.999088092921807
orsyal,markov_order_2,15,linear,,5.0,2015.0,0.806691519769925,1.5574136702154036,1.806860970992655,1.9584877019545126
orsyal,markov_order_2,15,nearest,,5.0,68.0,0.6361687925234042,1.7329533982945766,1.848356258351055,1.999088092921807
orsyal,vq_ctw,15,linear,256.0,5.0,2015.0,0.9999999999980905,0.04447283731694166,4.3223818674155705,4.3223818674155705
orsyal,vq_ctw,15,nearest,256.0,5.0,68.0,1.0,0.0,3.970405498059886,3.970405498059886
orsyal,vq_ctw,15,linear,512.0,5.0,2015.0,0.9893725989376652,0.09555169673406784,4.326280372929641,4.326280372929641
orsyal,vq_ctw,15,nearest,512.0,5.0,68.0,0.9999999999990453,0.10948693998435327,4.571911935508139,4.571911935508139
orsyal,vq_ctw,15,linear,1024.0,5.0,2015.0,0.9999999999980905,0.017667433380532765,4.555821390491604,4.555821390491604
orsyal,vq_ctw,15,nearest,1024.0,5.0,68.0,1.0,0.0,4.537831526013655,4.537831526013655
osacmu,direct_ctw,15,linear,,5.0,748.0,0.896891933079248,0.9243968604936961,1.675954019421799,1.830443687657945
osacmu,direct_ctw,15,nearest,,5.0,108.0,0.8565433195637333,0.8385012101766066,1.5718739180691201,1.7733989410518487
osacmu,markov_order_1,15,linear,,5.0,748.0,0.8406962096335072,1.3211409227418498,1.675954019421799,1.830443687657945
osacmu,markov_order_1,15,nearest,,5.0,108.0,0.7643793752310356,1.1917172392448125,1.5718739180691201,1.7733989410518487
osacmu,markov_order_2,15,linear,,5.0,748.0,0.8241992282558268,1.4306022872858681,1.675954019421799,1.830443687657945
osacmu,markov_order_2,15,nearest,,5.0,108.0,0.7552620033530104,1.2229163208576495,1.5718739180691201,1.7733989410518487
osacmu,vq_ctw,15,linear,256.0,5.0,748.0,0.9966822857376498,0.035419565247320824,3.921961088109578,3.921961088109578
osacmu,vq_ctw,15,nearest,256.0,5.0,108.0,0.9814912888677085,0.21572563060634828,4.158457815567682,4.158457815567682
osacmu,vq_ctw,15,linear,512.0,5.0,748.0,0.9918778704003838,0.09087120953986334,3.775233368575951,3.775233368575951
osacmu,vq_ctw,15,nearest,512.0,5.0,108.0,0.9999999999994342,0.05975862306219975,3.4948972448983278,3.4948972448983278
osacmu,vq_ctw,15,linear,1024.0,5.0,748.0,0.9968380034105462,0.03582644175349542,3.88495477107562,3.88495477107562
osacmu,vq_ctw,15,nearest,1024.0,5.0,108.0,0.989697460593656,0.08085688789620112,3.893940040849442,3.893940040849442
osckro,direct_ctw,15,linear,,5.0,2015.0,0.8588730785115429,1.3223766418745067,1.6233636149271617,1.7976623941901608
osckro,direct_ctw,15,nearest,,5.0,243.0,0.8432393836064074,0.9472766165780004,1.7183036366950326,1.876849879769649
osckro,markov_order_1,15,linear,,5.0,2015.0,0.8019151749607191,1.7499948272941008,1.6233636149271617,1.7976623941901608
osckro,markov_order_1,15,nearest,,5.0,243.0,0.6941535707258418,1.519490190803998,1.7183036366950326,1.876849879769649
osckro,markov_order_2,15,linear,,5.0,2015.0,0.7718493612768745,1.963313607309208,1.6233636149271617,1.7976623941901608
osckro,markov_order_2,15,nearest,,5.0,243.0,0.7138400216836042,1.4572422357220383,1.7183036366950326,1.876849879769649
osckro,vq_ctw,15,linear,256.0,5.0,2015.0,0.9936517486193356,0.06552978397214013,4.470754493961551,4.470754493961551
osckro,vq_ctw,15,nearest,256.0,5.0,243.0,0.9489173687438766,0.3869529498630172,4.990461007007483,4.990461007007483
osckro,vq_ctw,15,linear,512.0,5.0,2015.0,0.9832278254606875,0.17322829686583757,4.211941098737367,4.211941098737367
osckro,vq_ctw,15,nearest,512.0,5.0,243.0,0.9999999999986956,0.1491206786797731,4.343207242323086,4.343207242323086
osckro,vq_ctw,15,linear,1024.0,5.0,2015.0,0.9933932857956416,0.07055818896778678,4.612429140420207,4.612429140420207
osckro,vq_ctw,15,nearest,1024.0,5.0,243.0,0.9999999999993242,0.05104817012692239,4.879238984781294,4.879238984781294
oshyon,direct_ctw,15,linear,,5.0,2015.0,0.8611988219192479,1.255384059177649,1.6402283494039627,1.8012354813715656
oshyon,direct_ctw,15,nearest,,5.0,193.0,0.8428657320538346,0.890046960630617,1.5618849521443157,1.7619104263610645
oshyon,markov_order_1,15,linear,,5.0,2015.0,0.8174166001547765,1.5726827515938007,1.6402283494039627,1.8012354813715656
oshyon,markov_order_1,15,nearest,,5.0,193.0,0.7559468910708812,1.289659806526599,1.5618849521443157,1.7619104263610645
oshyon,markov_order_2,15,linear,,5.0,2015.0,0.7943130386987403,1.732380578051934,1.6402283494039627,1.8012354813715656
oshyon,markov_order_2,15,nearest,,5.0,193.0,0.7579082046808836,1.2457154603364953,1.5618849521443157,1.7619104263610645
oshyon,vq_ctw,15,linear,256.0,5.0,2015.0,0.9961679519173312,0.04011233076090174,4.246188579437402,4.246188579437402
oshyon,vq_ctw,15,nearest,256.0,5.0,193.0,0.988698138827799,0.07846496448061673,3.7601657899856615,3.7601657899856615
oshyon,vq_ctw,15,linear,512.0,5.0,2015.0,0.9888642476279755,0.11408820573424006,4.023414722859622,4.023414722859622
oshyon,vq_ctw,15,nearest,512.0,5.0,193.0,0.9999999999996636,0.03401625139162395,3.8508919887096207,3.8508919887096207
oshyon,vq_ctw,15,linear,1024.0,5.0,2015.0,0.9989994677006532,0.013414126218031324,4.4959051256690605,4.4959051256690605
oshyon,vq_ctw,15,nearest,1024.0,5.0,193.0,1.0,0.0,4.199459596274595,4.199459596274595
osocce,direct_ctw,15,linear,,5.0,2015.0,0.8652308349839557,1.2250800951436298,1.6231308284640789,1.7941523082810618
osocce,direct_ctw,15,nearest,,5.0,201.0,0.8084953020820745,1.0675956004155225,1.6769757660212845,1.8583801976240995
osocce,markov_order_1,15,linear,,5.0,2015.0,0.81867562470079,1.563836098532108,1.6231308284640789,1.7941523082810618
osocce,markov_order_1,15,nearest,,5.0,201.0,0.6603712905994398,1.5884939365254178,1.6769757660212845,1.8583801976240995
osocce,markov_order_2,15,linear,,5.0,2015.0,0.7953118064027427,1.7255773186879155,1.6231308284640789,1.7941523082810618
osocce,markov_order_2,15,nearest,,5.0,201.0,0.6649921481492548,1.5619642443865605,1.6769757660212845,1.8583801976240995
osocce,vq_ctw,15,linear,256.0,5.0,2015.0,0.9981994685357717,0.020811905565375592,4.200272006638659,4.200272006638659
osocce,vq_ctw,15,nearest,256.0,5.0,201.0,0.9999999999985276,0.13612904468146286,4.177398162883937,4.177398162883937
osocce,vq_ctw,15,linear,512.0,5.0,2015.0,0.990365516902713,0.10326491718001903,3.870773194375924,3.870773194375924
osocce,vq_ctw,15,nearest,512.0,5.0,201.0,1.0,0.0,4.022584088686212,4.022584088686212
osocce,vq_ctw,15,linear,1024.0,5.0,2015.0,0.9963499059366846,0.04059952895748264,4.189524972295128,4.189524972295128
osocce,vq_ctw,15,nearest,1024.0,5.0,201.0,1.0,0.0,4.241800537765023,4.241800537765023
otasfi,direct_ctw,15,linear,,5.0,2015.0,0.8907524962552459,1.0388756017401275,1.5335060769006859,1.7068516322958518
otasfi,direct_ctw,15,nearest,,5.0,468.0,0.834293410452531,0.9528303019777372,1.6915290880069418,1.8606309694602559
otasfi,markov_order_1,15,linear,,5.0,2015.0,0.8432906303198662,1.4027478603670245,1.5335060769006859,1.7068516322958518
otasfi,markov_order_1,15,nearest,,5.0,468.0,0.7041562490436517,1.4680578662355441,1.6915290880069418,1.8606309694602559
otasfi,markov_order_2,15,linear,,5.0,2015.0,0.8240659497089722,1.542712812015875,1.5335060769006859,1.7068516322958518
otasfi,markov_order_2,15,nearest,,5.0,468.0,0.710547477485958,1.4401398339743965,1.6915290880069418,1.8606309694602559
otasfi,vq_ctw,15,linear,256.0,5.0,2015.0,0.9999999999980905,0.02306793481416362,4.443785426914732,4.443785426914732
otasfi,vq_ctw,15,nearest,256.0,5.0,468.0,0.9886384068047581,0.16577800153930533,4.057651663282253,4.057651663282253
otasfi,vq_ctw,15,linear,512.0,5.0,2015.0,0.9914964106273321,0.09044574106314289,4.3323194168876284,4.3323194168876284
otasfi,vq_ctw,15,nearest,512.0,5.0,468.0,0.9941888901074943,0.05064851765789701,3.953973891048082,3.953973891048082
otasfi,vq_ctw,15,linear,1024.0,5.0,2015.0,0.9999999999980905,0.012271947103325381,4.580435179760277,4.580435179760277
otasfi,vq_ctw,15,nearest,1024.0,5.0,468.0,0.9999999999996287,0.026603913306528434,3.9295731994440892,3.9295731994440892
otfaho,direct_ctw,15,linear,,5.0,2013.0,0.9142289229776808,0.8046846845568774,1.7194585690339175,1.8710030531604196
otfaho,direct_ctw,15,nearest,,5.0,103.0,0.8223145070295095,0.9374686470450097,1.8089102865801479,2.008281598202702
otfaho,markov_order_1,15,linear,,5.0,2013.0,0.8742237656544394,1.1066301579874536,1.7194585690339175,1.8710030531604196
otfaho,markov_order_1,15,nearest,,5.0,103.0,0.7088682964491974,1.3869390820744074,1.8089102865801479,2.008281598202702
otfaho,markov_order_2,15,linear,,5.0,2013.0,0.861912224586562,1.1950018680105805,1.7194585690339175,1.8710030531604196
otfaho,markov_order_2,15,nearest,,5.0,103.0,0.7421975931265404,1.2730802137519739,1.8089102865801479,2.008281598202702
otfaho,vq_ctw,15,linear,256.0,5.0,2013.0,0.9999999999980905,0.025402298496479226,4.549838283567892,4.549838283567892
otfaho,vq_ctw,15,nearest,256.0,5.0,103.0,0.9821006383673649,0.11979109457672676,3.1612528490114524,3.1612528490114524
otfaho,vq_ctw,15,linear,512.0,5.0,2013.0,0.9924440809690324,0.07922689280595059,4.433160332152129,4.433160332152129
otfaho,vq_ctw,15,nearest,512.0,5.0,103.0,1.0,0.0,3.354031552958736,3.354031552958736
otfaho,vq_ctw,15,linear,1024.0,5.0,2013.0,0.9985070292449598,0.017660673447410645,4.2422317516625245,4.2422317516625245
otfaho,vq_ctw,15,nearest,1024.0,5.0,103.0,1.0,0.0,3.438907219707681,3.438907219707681
otmego,direct_ctw,15,linear,,5.0,1982.0,0.950657472173597,0.48096758227376274,1.7515611406205072,1.898995072446894
otmego,direct_ctw,15,nearest,,5.0,34.0,0.8141294815571284,0.9873503301647503,1.8492879810385527,2.072664055112106
otmego,markov_order_1,15,linear,,5.0,1982.0,0.9293771320363301,0.6507352567683174,1.7515611406205072,1.898995072446894
otmego,markov_order_1,15,nearest,,5.0,34.0,0.6157142515291939,1.5700912574461259,1.8492879810385527,2.072664055112106
otmego,markov_order_2,15,linear,,5.0,1982.0,0.9235179705129382,0.6955885635002452,1.7515611406205072,1.898995072446894
otmego,markov_order_2,15,nearest,,5.0,34.0,0.6872011421943065,1.3921523444260837,1.8492879810385527,2.072664055112106
otmego,vq_ctw,15,linear,256.0,5.0,1982.0,0.9999999999980905,0.019042819895389983,3.0747948849506095,3.0747948849506095
otmego,vq_ctw,15,nearest,256.0,5.0,34.0,1.0,0.0,2.819436711359198,2.819436711359198
otmego,vq_ctw,15,linear,512.0,5.0,1982.0,0.9958995735786716,0.04491896598036933,3.206364458952305,3.206364458952305
otmego,vq_ctw,15,nearest,512.0,5.0,34.0,1.0,0.0,3.6384223365090933,3.6384223365090933
otmego,vq_ctw,15,linear,1024.0,5.0,1982.0,0.9987793285826257,0.014794444289006071,3.2513392788377886,3.2513392788377886
otmego,vq_ctw,15,nearest,1024.0,5.0,34.0,1.0,0.0,3.789943513990309,3.789943513990309
otscok,direct_ctw,15,linear,,5.0,2015.0,0.8493638370120895,1.350585187242213,1.6825718055833723,1.8509024646755217
otscok,direct_ctw,15,nearest,,5.0,569.0,0.8318417184484005,0.972851613038587,1.6210792398391518,1.7992196809484973
otscok,markov_order_1,15,linear,,5.0,2015.0,0.7994658068631374,1.7069945419578827,1.6825718055833723,1.8509024646755217
otscok,markov_order_1,15,nearest,,5.0,569.0,0.6866160660394481,1.5396342429283423,1.6210792398391518,1.7992196809484973
otscok,markov_order_2,15,linear,,5.0,2015.0,0.7756704694760572,1.8687551323688831,1.6825718055833723,1.8509024646755217
otscok,markov_order_2,15,nearest,,5.0,569.0,0.693482140486514,1.5089767604989004,1.6210792398391518,1.7992196809484973
otscok,vq_ctw,15,linear,256.0,5.0,2015.0,0.9958138041828621,0.04573326045904337,4.106258610349131,4.106258610349131
otscok,vq_ctw,15,nearest,256.0,5.0,569.0,0.9823076597731237,0.1825082708985097,4.226843051316815,4.226843051316815
otscok,vq_ctw,15,linear,512.0,5.0,2015.0,0.9888824661019725,0.11685225677907222,3.9598064651181963,3.9598064651181963
otscok,vq_ctw,15,nearest,512.0,5.0,569.0,0.9968446687321091,0.11774777469185492,4.2185850918512235,4.2185850918512235
otscok,vq_ctw,15,linear,1024.0,5.0,2015.0,0.9950181712473855,0.0531718891794243,4.148294615215548,4.148294615215548
otscok,vq_ctw,15,nearest,1024.0,5.0,569.0,0.9961466752635311,0.03518765950339093,4.478523725824787,4.478523725824787
otswra,direct_ctw,15,linear,,5.0,1652.0,0.8651473979691191,1.1434419159018423,1.603773043638725,1.770380130836035
otswra,direct_ctw,15,nearest,,5.0,461.0,0.8561694936467676,0.8792601081343858,1.660190745600448,1.8327964193866546
otswra,markov_order_1,15,linear,,5.0,1652.0,0.8280952908092136,1.3922821984897442,1.603773043638725,1.770380130836035
otswra,markov_order_1,15,nearest,,5.0,461.0,0.7371654852237299,1.3572791036392984,1.660190745600448,1.8327964193866546
otswra,markov_order_2,15,linear,,5.0,1652.0,0.8095099794730407,1.5116832192861613,1.603773043638725,1.770380130836035
otswra,markov_order_2,15,nearest,,5.0,461.0,0.7356889568231205,1.369373476539702,1.660190745600448,1.8327964193866546
otswra,vq_ctw,15,linear,256.0,5.0,1652.0,0.9999999999980906,0.022484247143742468,3.9792310008828333,3.9792310008828333
otswra,vq_ctw,15,nearest,256.0,5.0,461.0,0.9736735951297746,0.29050988627924923,4.637218098604828,4.637218098604828
otswra,vq_ctw,15,linear,512.0,5.0,1652.0,0.9924829397922775,0.07135851074113864,4.003440271569706,4.003440271569706
otswra,vq_ctw,15,nearest,512.0,5.0,461.0,0.9999999999993746,0.07311338143008064,3.954868405222557,3.954868405222557
otswra,vq_ctw,15,linear,1024.0,5.0,1652.0,0.9999999999980906,0.021026972402037086,4.104953272550084,4.104953272550084
otswra,vq_ctw,15,nearest,1024.0,5.0,461.0,0.986273116865101,0.10718864704347854,4.041318517816374,4.041318517816374
otvasd,direct_ctw,15,linear,,5.0,2015.0,0.8603050386293105,1.24767321110871,1.6637493618608938,1.8261467185567928
otvasd,direct_ctw,15,nearest,,5.0,309.0,0.8183399912759038,1.069253401195793,1.7550284397253963,1.9229728670870228
otvasd,markov_order_1,15,linear,,5.0,2015.0,0.8122820242127211,1.5892510149723007,1.6637493618608938,1.8261467185567928
otvasd,markov_order_1,15,nearest,,5.0,309.0,0.6565266866942082,1.658046237253857,1.7550284397253963,1.9229728670870228
otvasd,markov_order_2,15,linear,,5.0,2015.0,0.7896032278361992,1.7426534537058178,1.6637493618608938,1.8261467185567928
otvasd,markov_order_2,15,nearest,,5.0,309.0,0.6661031585381945,1.6316479169109204,1.7550284397253963,1.9229728670870228
otvasd,vq_ctw,15,linear,256.0,5.0,2015.0,0.992142477071791,0.0740863979570527,4.456640997074234,4.456640997074234
otvasd,vq_ctw,15,nearest,256.0,5.0,309.0,0.9788167694537355,0.19669923567832606,4.1632013538876285,4.1632013538876285
otvasd,vq_ctw,15,linear,512.0,5.0,2015.0,0.9842955503690383,0.16067763642210067,4.322742799533289,4.322742799533289
otvasd,vq_ctw,15,nearest,512.0,5.0,309.0,0.9999999999988383,0.09802798121119229,4.331067582108575,4.331067582108575
otvasd,vq_ctw,15,linear,1024.0,5.0,2015.0,0.9940218890978154,0.06470987465959926,4.498947033607028,4.498947033607028
otvasd,vq_ctw,15,nearest,1024.0,5.0,309.0,0.9971194228640394,0.06878063766888605,4.5864326869744225,4.5864326869744225
ouvdan,direct_ctw,15,linear,,5.0,1984.0,0.8943896213014638,0.9942384433544404,1.633260867974856,1.783891248210986
ouvdan,direct_ctw,15,nearest,,5.0,259.0,0.842558718474214,0.9187837289849438,1.59862291148545,1.7761315249926812
ouvdan,markov_order_1,15,linear,,5.0,1984.0,0.8482562164419816,1.3436731993092572,1.633260867974856,1.783891248210986
ouvdan,markov_order_1,15,nearest,,5.0,259.0,0.7355736446156288,1.3317192729955765,1.59862291148545,1.7761315249926812
ouvdan,markov_order_2,15,linear,,5.0,1984.0,0.8331517147592125,1.4525428809700482,1.633260867974856,1.783891248210986
ouvdan,markov_order_2,15,nearest,,5.0,259.0,0.7298650724099017,1.352501047718477,1.59862291148545,1.7761315249926812
ouvdan,vq_ctw,15,linear,256.0,5.0,1984.0,0.9932966614714271,0.0647458928246091,3.984206326972201,3.984206326972201
ouvdan,vq_ctw,15,nearest,256.0,5.0,259.0,0.9819095052628597,0.26474855019874777,4.471876888219698,4.471876888219698
ouvdan,vq_ctw,15,linear,512.0,5.0,1984.0,0.9853883957538825,0.14777895105848338,3.956685999187288,3.956685999187288
ouvdan,vq_ctw,15,nearest,512.0,5.0,259.0,0.9955471974683915,0.058754108949782745,4.681919824497224,4.681919824497224
ouvdan,vq_ctw,15,linear,1024.0,5.0,1984.0,0.9946461856588141,0.05658449503910006,4.161455372446063,4.161455372446063
ouvdan,vq_ctw,15,nearest,1024.0,5.0,259.0,0.9965401693377003,0.051990110087421285,4.2083803378650755,4.2083803378650755
ovkojy,direct_ctw,15,linear,,5.0,1985.0,0.863219308578847,1.2469131247165735,1.685438648447848,1.8515247760813778
ovkojy,direct_ctw,15,nearest,,5.0,178.0,0.8345152889509022,0.971615408411631,1.5425791438298702,1.7631926442263006
ovkojy,markov_order_1,15,linear,,5.0,1985.0,0.8157574109493959,1.5933290413009618,1.685438648447848,1.8515247760813778
ovkojy,markov_order_1,15,nearest,,5.0,178.0,0.7257888167523031,1.3926774361334433,1.5425791438298702,1.7631926442263006
ovkojy,markov_order_2,15,linear,,5.0,1985.0,0.79362942214298,1.7471255596362105,1.685438648447848,1.8515247760813778
ovkojy,markov_order_2,15,nearest,,5.0,178.0,0.7168797557460242,1.422241334277743,1.5425791438298702,1.7631926442263006
ovkojy,vq_ctw,15,linear,256.0,5.0,1985.0,0.9980893534656431,0.021920922728515296,4.113181414574514,4.113181414574514
ovkojy,vq_ctw,15,nearest,256.0,5.0,178.0,0.9715173875088186,0.23766181933702948,4.057324084289979,4.057324084289979
ovkojy,vq_ctw,15,linear,512.0,5.0,1985.0,0.9917443822477422,0.09216973249356349,3.9542197720680115,3.9542197720680115
ovkojy,vq_ctw,15,nearest,512.0,5.0,178.0,0.9999999999989594,0.07971782497374887,3.486481177726316,3.486481177726316
ovkojy,vq_ctw,15,linear,1024.0,5.0,1985.0,0.9971664078611019,0.030896925561382998,4.174185188239926,4.174185188239926
ovkojy,vq_ctw,15,nearest,1024.0,5.0,178.0,1.0,0.0,3.845621331600595,3.845621331600595
ovnacg,direct_ctw,15,linear,,5.0,2012.0,0.8612131875990651,1.3341467316729885,1.542729327988649,1.707895867828474
ovnacg,direct_ctw,15,nearest,,5.0,32.0,0.8489525340257684,0.9145503249804,1.529171747578109,1.6384874915823
ovnacg,markov_order_1,15,linear,,5.0,2012.0,0.7893546638364239,1.8857318303190305,1.542729327988649,1.707895867828474
ovnacg,markov_order_1,15,nearest,,5.0,32.0,0.7275141745917605,1.3899807184726733,1.529171747578109,1.6384874915823
ovnacg,markov_order_2,15,linear,,5.0,2012.0,0.7561453257507644,2.1246119433458954,1.542729327988649,1.707895867828474
ovnacg,markov_order_2,15,nearest,,5.0,32.0,0.6954195505237023,1.4959790446289165,1.529171747578109,1.6384874915823
ovnacg,vq_ctw,15,linear,256.0,5.0,2012.0,0.9781322326443375,0.18646245655824736,6.255945000850039,6.255945000850039
ovnacg,vq_ctw,15,nearest,256.0,5.0,32.0,0.8913814522085335,0.7129720634041241,7.71967869164079,7.71967869164079
ovnacg,vq_ctw,15,linear,512.0,5.0,2012.0,0.9418629686106472,0.5042948331082678,5.555356753951397,5.555356753951397
ovnacg,vq_ctw,15,nearest,512.0,5.0,32.0,0.9999999999980905,0.3489002572330524,8.76933448077983,8.76933448077983
ovnacg,vq_ctw,15,linear,1024.0,5.0,2012.0,0.9827623991868116,0.17019456174446126,6.716117343100125,6.716117343100125
ovnacg,vq_ctw,15,nearest,1024.0,5.0,32.0,0.9628720240716413,0.266093405558828,9.620021102033538,9.620021102033538
ovyijn,direct_ctw,15,linear,,5.0,2015.0,0.8801102702847531,1.0713724338543902,1.6471468695110392,1.8072321683143049
ovyijn,direct_ctw,15,nearest,,5.0,267.0,0.834449541344936,0.953409938056362,1.5451743648985448,1.7236491472372601
ovyijn,markov_order_1,15,linear,,5.0,2015.0,0.8406416166974404,1.3536399120569325,1.6471468695110392,1.8072321683143049
ovyijn,markov_order_1,15,nearest,,5.0,267.0,0.7219679793209886,1.375760548047324,1.5451743648985448,1.7236491472372601
ovyijn,markov_order_2,15,linear,,5.0,2015.0,0.8248680240351729,1.4615313271629229,1.6471468695110392,1.8072321683143049
ovyijn,markov_order_2,15,nearest,,5.0,267.0,0.7175078356519966,1.3883133277030544,1.5451743648985448,1.7236491472372601
ovyijn,vq_ctw,15,linear,256.0,5.0,2015.0,0.9969965631306942,0.03425317260308114,3.8022611741927568,3.8022611741927568
ovyijn,vq_ctw,15,nearest,256.0,5.0,267.0,0.9836255528949662,0.19845957872783968,4.004551189704633,4.004551189704633
ovyijn,vq_ctw,15,linear,512.0,5.0,2015.0,0.9916722504121197,0.08882758105090868,3.8168591530263045,3.8168591530263045
ovyijn,vq_ctw,15,nearest,512.0,5.0,267.0,0.9999999999997139,0.02543413081177767,3.70115702615444,3.70115702615444
ovyijn,vq_ctw,15,linear,1024.0,5.0,2015.0,0.9980275147089785,0.024512155628111886,3.9839555482170255,3.9839555482170255
ovyijn,vq_ctw,15,nearest,1024.0,5.0,267.0,0.9967244661835505,0.026014595983710146,3.726865269258695,3.726865269258695
owbsus,direct_ctw,15,linear,,5.0,2015.0,0.8627093576935316,1.2923082273812931,1.7040650300643811,1.8596163753156036
owbsus,direct_ctw,15,nearest,,5.0,320.0,0.8308949681426132,1.0020057825930775,1.5980339284473402,1.7906015280805043
owbsus,markov_order_1,15,linear,,5.0,2015.0,0.8039171077246753,1.7355090440806211,1.7040650300643811,1.8596163753156036
owbsus,markov_order_1,15,nearest,,5.0,320.0,0.6716263410919261,1.5928195830668301,1.5980339284473402,1.7906015280805043
owbsus,markov_order_2,15,linear,,5.0,2015.0,0.7737039971392716,1.9503767846852018,1.7040650300643811,1.8596163753156036
owbsus,markov_order_2,15,nearest,,5.0,320.0,0.6880066535477332,1.5421096118232551,1.5980339284473402,1.7906015280805043
owbsus,vq_ctw,15,linear,256.0,5.0,2015.0,0.9924289814070263,0.07622107250658848,5.234656539860962,5.234656539860962
owbsus,vq_ctw,15,nearest,256.0,5.0,320.0,0.9838604302277318,0.20566236755243547,4.442907592912687,4.442907592912687
owbsus,vq_ctw,15,linear,512.0,5.0,2015.0,0.988160409410672,0.1302862016436121,5.3196071319613445,5.3196071319613445
owbsus,vq_ctw,15,nearest,512.0,5.0,320.0,0.9999999999993079,0.06161089217459113,4.7062133766749055,4.7062133766749055
owbsus,vq_ctw,15,linear,1024.0,5.0,2015.0,0.9952252262436659,0.053236804009335906,5.374454625872143,5.374454625872143
owbsus,vq_ctw,15,nearest,1024.0,5.0,320.0,0.9911759373361736,0.10295650027441978,4.9287993532361325,4.9287993532361325
owgves,direct_ctw,15,linear,,5.0,2014.0,0.8842053195395739,1.0677414387552948,1.6019731765654832,1.768763199004593
owgves,direct_ctw,15,nearest,,5.0,478.0,0.8408991331814094,0.9128538553570612,1.604940378156286,1.8016272056564289
owgves,markov_order_1,15,linear,,5.0,2014.0,0.8435234820637967,1.3698414730205035,1.6019731765654832,1.768763199004593
owgves,markov_order_1,15,nearest,,5.0,478.0,0.694872781490492,1.427393574347517,1.604940378156286,1.8016272056564289
owgves,markov_order_2,15,linear,,5.0,2014.0,0.8262376317864278,1.4924600498652627,1.6019731765654832,1.768763199004593
owgves,markov_order_2,15,nearest,,5.0,478.0,0.7128633613344193,1.3731963923998451,1.604940378156286,1.8016272056564289
owgves,vq_ctw,15,linear,256.0,5.0,2014.0,0.9947904942372697,0.0552652029031756,3.7903252689895965,3.7903252689895965
owgves,vq_ctw,15,nearest,256.0,5.0,478.0,0.9816122907769339,0.20511287489076196,3.929374479557551,3.929374479557551
owgves,vq_ctw,15,linear,512.0,5.0,2014.0,0.9886838920200948,0.11567221087046399,3.779121611718076,3.779121611718076
owgves,vq_ctw,15,nearest,512.0,5.0,478.0,0.9955280669109856,0.07225664155526629,4.251177191292543,4.251177191292543
owgves,vq_ctw,15,linear,1024.0,5.0,2014.0,0.9949545147818859,0.05585271723311095,3.8958319019716185,3.8958319019716185
owgves,vq_ctw,15,nearest,1024.0,5.0,478.0,0.9963045838411225,0.0571673983792757,4.347141668020756,4.347141668020756
owhagm,direct_ctw,15,linear,,5.0,1673.0,0.9165351585243879,0.8155167469508465,1.7776946813789016,1.9294003552388346
owhagm,direct_ctw,15,nearest,,5.0,33.0,0.8431925284960429,1.066831238936399,1.8035798543911423,1.8914640217320668
owhagm,markov_order_1,15,linear,,5.0,1673.0,0.8666932580519584,1.207290515730303,1.7776946813789016,1.9294003552388346
owhagm,markov_order_1,15,nearest,,5.0,33.0,0.597999055229397,2.1006683759734006,1.8035798543911423,1.8914640217320668
owhagm,markov_order_2,15,linear,,5.0,1673.0,0.8486199500614324,1.3410207601804391,1.7776946813789016,1.9294003552388346
owhagm,markov_order_2,15,nearest,,5.0,33.0,0.5790006859459266,2.163810779100508,1.8035798543911423,1.8914640217320668
owhagm,vq_ctw,15,linear,256.0,5.0,1673.0,0.9961608172879177,0.04017669066267217,5.966914748605553,5.966914748605553
owhagm,vq_ctw,15,nearest,256.0,5.0,33.0,0.9234563412601973,0.46642555767382926,7.787282298368437,7.787282298368437
owhagm,vq_ctw,15,linear,512.0,5.0,1673.0,0.9899177503383931,0.10150240599121449,5.939071346959823,5.939071346959823
owhagm,vq_ctw,15,nearest,512.0,5.0,33.0,0.9049950409090428,0.5479636336961448,8.567350239019456,8.567350239019456
owhagm,vq_ctw,15,linear,1024.0,5.0,1673.0,0.9976975701855786,0.027142475880970587,5.156070532709936,5.156070532709936
owhagm,vq_ctw,15,nearest,1024.0,5.0,33.0,0.9394130436112698,0.39035748018162203,8.143814750642326,8.143814750642326
owufre,direct_ctw,15,linear,,5.0,2012.0,0.8715046787539751,1.2014781529842467,1.772557964639509,1.91419890896724
owufre,direct_ctw,15,nearest,,5.0,110.0,0.8542515305837474,0.9189295670811507,1.6884097314266264,1.8550056875875602
owufre,markov_order_1,15,linear,,5.0,2012.0,0.8004660820873498,1.727522672845711,1.772557964639509,1.91419890896724
owufre,markov_order_1,15,nearest,,5.0,110.0,0.6976775587804959,1.551759974384543,1.6884097314266264,1.8550056875875602
owufre,markov_order_2,15,linear,,5.0,2012.0,0.7758330349164622,1.8984901158426286,1.772557964639509,1.91419890896724
owufre,markov_order_2,15,nearest,,5.0,110.0,0.7123215030472374,1.503266207054982,1.6884097314266264,1.8550056875875602
owufre,vq_ctw,15,linear,256.0,5.0,2012.0,0.9872505552474908,0.11872083048448548,6.12638951130074,6.12638951130074
owufre,vq_ctw,15,nearest,256.0,5.0,110.0,0.9900100371256829,0.1724689149238299,4.772098895453547,4.772098895453547
owufre,vq_ctw,15,linear,512.0,5.0,2012.0,0.9564311169660835,0.3965327413484848,5.801502016031154,5.801502016031154
owufre,vq_ctw,15,nearest,512.0,5.0,110.0,0.9878752225633421,0.08925122919719357,5.393546582183214,5.393546582183214
owufre,vq_ctw,15,linear,1024.0,5.0,2012.0,0.9885962320249069,0.11276938810051937,6.8210393686544,6.8210393686544
owufre,vq_ctw,15,nearest,1024.0,5.0,110.0,0.9999999999987328,0.1086950146093547,5.128544489581832,5.128544489581832
oxdogh,direct_ctw,15,linear,,5.0,1897.0,0.8685502363652535,1.22448521884059,1.6167381663548248,1.7870686930077282
oxdogh,direct_ctw,15,nearest,,5.0,219.0,0.8708778729262312,0.8384627679660438,1.6007077335815376,1.7826887893818224
oxdogh,markov_order_1,15,linear,,5.0,1897.0,0.8130414994078015,1.6381577019131017,1.6167381663548248,1.7870686930077282
oxdogh,markov_order_1,15,nearest,,5.0,219.0,0.7517309954433269,1.3498506562724486,1.6007077335815376,1.7826887893818224
oxdogh,markov_order_2,15,linear,,5.0,1897.0,0.7847759453865126,1.8370253343091938,1.6167381663548248,1.7870686930077282
oxdogh,markov_order_2,15,nearest,,5.0,219.0,0.7535308955405492,1.344428189102339,1.6007077335815376,1.7826887893818224
oxdogh,vq_ctw,15,linear,256.0,5.0,1897.0,0.9931142429403877,0.07026810476823038,4.951272846825059,4.951272846825059
oxdogh,vq_ctw,15,nearest,256.0,5.0,219.0,0.9810026624187353,0.23265451983131508,4.626025460367479,4.626025460367479
oxdogh,vq_ctw,15,linear,512.0,5.0,1897.0,0.9826293048672039,0.1751773313789851,4.489507124298999,4.489507124298999
oxdogh,vq_ctw,15,nearest,512.0,5.0,219.0,0.9999999999993635,0.07976101970831,4.021852207177621,4.021852207177621
oxdogh,vq_ctw,15,linear,1024.0,5.0,1897.0,0.9942328046589984,0.06272656140631601,5.078354170103093,5.078354170103093
oxdogh,vq_ctw,15,nearest,1024.0,5.0,219.0,1.0,0.0,4.2385371008828345,4.2385371008828345
oyclsd,direct_ctw,15,linear,,5.0,2015.0,0.9180856525482164,0.7629167725268675,1.6983780498557315,1.8401395951981454
oyclsd,direct_ctw,15,nearest,,5.0,172.0,0.8486775627185597,0.8369447519645495,1.5569577395404055,1.7410944557315167
oyclsd,markov_order_1,15,linear,,5.0,2015.0,0.8747543096243825,1.085556653461089,1.6983780498557315,1.8401395951981454
oyclsd,markov_order_1,15,nearest,,5.0,172.0,0.7413367869870426,1.2144721644803338,1.5569577395404055,1.7410944557315167
oyclsd,markov_order_2,15,linear,,5.0,2015.0,0.8652374383811519,1.1527904395590023,1.6983780498557315,1.8401395951981454
oyclsd,markov_order_2,15,nearest,,5.0,172.0,0.7367013470694118,1.2307587501307253,1.5569577395404055,1.7410944557315167
oyclsd,vq_ctw,15,linear,256.0,5.0,2015.0,0.9999999999980905,0.07591208696172873,5.903008565567242,5.903008565567242
oyclsd,vq_ctw,15,nearest,256.0,5.0,172.0,0.9629473189201515,0.2925381546876043,4.9882610196804595,4.9882610196804595
oyclsd,vq_ctw,15,linear,512.0,5.0,2015.0,0.9727884058365456,0.24339269770272323,6.302693445186865,6.302693445186865
oyclsd,vq_ctw,15,nearest,512.0,5.0,172.0,0.9916099447622487,0.15299988985561813,4.757781360151936,4.757781360151936
oyclsd,vq_ctw,15,linear,1024.0,5.0,2015.0,0.9956787364780303,0.04448267398843431,6.810403054909237,6.810403054909237
oyclsd,vq_ctw,15,nearest,1024.0,5.0,172.0,0.9700443742117891,0.20498110715673556,5.168608148002811,5.168608148002811
oydtes,direct_ctw,15,linear,,5.0,2015.0,0.8723725519368428,1.1771492878494567,1.6776779155988872,1.841413536917148
oydtes,direct_ctw,15,nearest,,5.0,215.0,0.8340541460043783,0.9645693772150623,1.6520547026686585,1.8333603329432646
oydtes,markov_order_1,15,linear,,5.0,2015.0,0.8308695656299028,1.485616247722323,1.6776779155988872,1.841413536917148
oydtes,markov_order_1,15,nearest,,5.0,215.0,0.7017198735205106,1.4455980826895258,1.6520547026686585,1.8333603329432646
oydtes,markov_order_2,15,linear,,5.0,2015.0,0.8108705149200581,1.6276845458536808,1.6776779155988872,1.841413536917148
oydtes,markov_order_2,15,nearest,,5.0,215.0,0.6910329413293225,1.4840038568230542,1.6520547026686585,1.8333603329432646
oydtes,vq_ctw,15,linear,256.0,5.0,2015.0,0.9999999999980905,0.018890861234196726,3.9281090434864834,3.9281090434864834
oydtes,vq_ctw,15,nearest,256.0,5.0,215.0,0.9824689236389569,0.225656454102841,4.246042603340893,4.246042603340893
oydtes,vq_ctw,15,linear,512.0,5.0,2015.0,0.9948524560303775,0.05984451240838535,3.771515556218405,3.771515556218405
oydtes,vq_ctw,15,nearest,512.0,5.0,215.0,1.0,0.0,4.04712950506397,4.04712950506397
oydtes,vq_ctw,15,linear,1024.0,5.0,2015.0,0.9976976008028082,0.025795342050195347,3.945848220862904,3.945848220862904
oydtes,vq_ctw,15,nearest,1024.0,5.0,215.0,1.0,0.0,4.102410934284999,4.102410934284999
oygmeb,direct_ctw,15,linear,,5.0,2014.0,0.8946798340904316,1.0606249898120919,1.6443063243309868,1.8165692699607188
oygmeb,direct_ctw,15,nearest,,5.0,70.0,0.8170680115708195,0.9762305681728586,1.5505798480681634,1.8085997192709873
oygmeb,markov_order_1,15,linear,,5.0,2014.0,0.8278973769913854,1.6020746636243308,1.6443063243309868,1.8165692699607188
oygmeb,markov_order_1,15,nearest,,5.0,70.0,0.7009037785976434,1.3516305076606383,1.5505798480681634,1.8085997192709873
oygmeb,markov_order_2,15,linear,,5.0,2014.0,0.8029856497299386,1.7915028289294344,1.6443063243309868,1.8165692699607188
oygmeb,markov_order_2,15,nearest,,5.0,70.0,0.7068825735889361,1.3372701586722668,1.5505798480681634,1.8085997192709873
oygmeb,vq_ctw,15,linear,256.0,5.0,2014.0,0.9893569298573529,0.10189563198263556,5.293411292687912,5.293411292687912
oygmeb,vq_ctw,15,nearest,256.0,5.0,70.0,1.0,0.0,2.6120860643481834,2.6120860643481834
oygmeb,vq_ctw,15,linear,512.0,5.0,2014.0,0.974212594562193,0.25454866361627837,4.830352651998418,4.830352651998418
oygmeb,vq_ctw,15,nearest,512.0,5.0,70.0,1.0,0.0,3.083919191053753,3.083919191053753
oygmeb,vq_ctw,15,linear,1024.0,5.0,2014.0,0.9905474628312015,0.09604663991762165,5.156215898805618,5.156215898805618
oygmeb,vq_ctw,15,nearest,1024.0,5.0,70.0,1.0,0.0,3.2553141339170915,3.2553141339170915
oygvar,direct_ctw,15,linear,,5.0,1983.0,0.9283377788952367,0.7089402903821397,1.6554610429872536,1.8089165378703358
oygvar,markov_order_1,15,linear,,5.0,1983.0,0.8929319585432822,0.9942753210720128,1.6554610429872536,1.8089165378703358
oygvar,markov_order_2,15,linear,,5.0,1983.0,0.8783392439355958,1.105974941331432,1.6554610429872536,1.8089165378703358
oygvar,vq_ctw,15,linear,256.0,5.0,1983.0,0.9999999999980905,0.02100910033128073,4.644309543101636,4.644309543101636
oygvar,vq_ctw,15,linear,512.0,5.0,1983.0,0.9880301789079811,0.1213788776826043,4.936259306983163,4.936259306983163
oygvar,vq_ctw,15,linear,1024.0,5.0,1983.0,0.9986419086480086,0.016250810755656504,5.116331014227092,5.116331014227092
ubgiho,direct_ctw,15,linear,,5.0,2015.0,0.8813868646094865,1.1878110965402728,1.5377932864182087,1.7165391853945342
ubgiho,direct_ctw,15,nearest,,5.0,35.0,0.8358058941078175,0.9044909354906145,1.483802345267754,1.683072860226724
ubgiho,markov_order_1,15,linear,,5.0,2015.0,0.803561753621882,1.8118473759167923,1.5377932864182087,1.7165391853945342
ubgiho,markov_order_1,15,nearest,,5.0,35.0,0.7516141535592821,1.2023919656094673,1.483802345267754,1.683072860226724
ubgiho,markov_order_2,15,linear,,5.0,2015.0,0.7630678656563955,2.1131582810245266,1.5377932864182087,1.7165391853945342
ubgiho,markov_order_2,15,nearest,,5.0,35.0,0.7257529870253198,1.282164267696615,1.483802345267754,1.683072860226724
ubgiho,vq_ctw,15,linear,256.0,5.0,2015.0,0.9908035373654644,0.08999390264610704,7.100469859788635,7.100469859788635
ubgiho,vq_ctw,15,nearest,256.0,5.0,35.0,0.9999999999980904,0.2140269101363651,4.5685357120529675,4.5685357120529675
ubgiho,vq_ctw,15,linear,512.0,5.0,2015.0,0.9796859981133322,0.21068161542214608,6.751059758035012,6.751059758035012
ubgiho,vq_ctw,15,nearest,512.0,5.0,35.0,1.0,0.0,6.379293622730911,6.379293622730911
ubgiho,vq_ctw,15,linear,1024.0,5.0,2015.0,0.9912863836788526,0.08956642438124479,6.281267631088489,6.281267631088489
ubgiho,vq_ctw,15,nearest,1024.0,5.0,35.0,0.9999999999980904,0.18887670150524327,4.974918339408953,4.974918339408953
ubjajo,direct_ctw,15,linear,,5.0,2015.0,0.8713742682295409,1.17851852792408,1.5527714917890683,1.7202423191632457
ubjajo,direct_ctw,15,nearest,,5.0,69.0,0.7983257990709168,1.088022137002301,1.7092397140150126,1.8863694911277247
ubjajo,markov_order_1,15,linear,,5.0,2015.0,0.8274468837765016,1.50177179441948,1.5527714917890683,1.7202423191632457
ubjajo,markov_order_1,15,nearest,,5.0,69.0,0.6050850964938822,1.6820369206050927,1.7092397140150126,1.8863694911277247
ubjajo,markov_order_2,15,linear,,5.0,2015.0,0.8065568246814345,1.648362271727162,1.5527714917890683,1.7202423191632457
ubjajo,markov_order_2,15,nearest,,5.0,69.0,0.6289022484356388,1.6230042123331805,1.7092397140150126,1.8863694911277247
ubjajo,vq_ctw,15,linear,256.0,5.0,2015.0,0.9953271310213593,0.050306972933438804,4.470867148973911,4.470867148973911
ubjajo,vq_ctw,15,nearest,256.0,5.0,69.0,1.0,0.0,2.9774353049184734,2.9774353049184734
ubjajo,vq_ctw,15,linear,512.0,5.0,2015.0,0.9849291573763672,0.15800067654653796,4.005628262032073,4.005628262032073
ubjajo,vq_ctw,15,nearest,512.0,5.0,69.0,1.0,0.0,3.4366442354455606,3.4366442354455606
ubjajo,vq_ctw,15,linear,1024.0,5.0,2015.0,0.99683887135953,0.03581786167282526,4.45734142324133,4.45734142324133
ubjajo,vq_ctw,15,nearest,1024.0,5.0,69.0,1.0,0.0,3.4850444921419625,3.4850444921419625
ubjaju,direct_ctw,15,linear,,5.0,1982.0,0.8741525803917987,1.0603353750912454,1.6656719957359534,1.8267452992070228
ubjaju,direct_ctw,15,nearest,,5.0,33.0,0.834565766096843,0.9780213648343841,1.6429487698221288,1.7855197585905118
ubjaju,markov_order_1,15,linear,,5.0,1982.0,0.8374774409160253,1.3046152289506192,1.6656719957359534,1.8267452992070228
ubjaju,markov_order_1,15,nearest,,5.0,33.0,0.6858461820516742,1.5262179177122515,1.6429487698221288,1.7855197585905118
ubjaju,markov_order_2,15,linear,,5.0,1982.0,0.8293130907980193,1.356950125402586,1.6656719957359534,1.8267452992070228
ubjaju,markov_order_2,15,nearest,,5.0,33.0,0.6855267153001404,1.5272163613526577,1.6429487698221288,1.7855197585905118
ubjaju,vq_ctw,15,linear,256.0,5.0,1982.0,0.9999999999980905,0.040461639363647606,3.975707143886371,3.975707143886371
ubjaju,vq_ctw,15,nearest,256.0,5.0,33.0,0.9069152718867419,0.5397680038416316,5.442025417090478,5.442025417090478
ubjaju,vq_ctw,15,linear,512.0,5.0,1982.0,0.9899737743825631,0.1010193959880956,3.8463315280806816,3.8463315280806816
ubjaju,vq_ctw,15,nearest,512.0,5.0,33.0,0.9999999999980905,0.3217041249380841,5.009952415270787,5.009952415270787
ubjaju,vq_ctw,15,linear,1024.0,5.0,1982.0,0.9970626829152998,0.031875352024531727,4.087934469178362,4.087934469178362
ubjaju,vq_ctw,15,nearest,1024.0,5.0,33.0,0.9262964490908985,0.45329855737113944,6.1085113832077775,6.1085113832077775
ubnank,direct_ctw,15,linear,,5.0,2015.0,0.8821065017392901,1.1127428165505553,1.5435414729396568,1.6938095861324993
ubnank,direct_ctw,15,nearest,,5.0,100.0,0.8459792055275822,0.9423501120495539,1.5603591637579557,1.7740903904561502
ubnank,markov_order_1,15,linear,,5.0,2015.0,0.830198983166405,1.5062544712557508,1.5435414729396568,1.6938095861324993
ubnank,markov_order_1,15,nearest,,5.0,100.0,0.7563093358459413,1.3333822526832828,1.5603591637579557,1.7740903904561502
ubnank,markov_order_2,15,linear,,5.0,2015.0,0.8121715898153647,1.636048544887674,1.5435414729396568,1.6938095861324993
ubnank,markov_order_2,15,nearest,,5.0,100.0,0.7401227377711185,1.3933362310125503,1.5603591637579557,1.7740903904561502
ubnank,vq_ctw,15,linear,256.0,5.0,2015.0,0.9913092527703334,0.08575746320351679,4.9801058169501715,4.9801058169501715
ubnank,vq_ctw,15,nearest,256.0,5.0,100.0,0.9999999999980905,0.14279942227410353,4.096613861135328,4.096613861135328
ubnank,vq_ctw,15,linear,512.0,5.0,2015.0,0.9783673517512834,0.21908567335112406,4.8248423432006184,4.8248423432006184
ubnank,vq_ctw,15,nearest,512.0,5.0,100.0,1.0,0.0,4.258014004471893,4.258014004471893
ubnank,vq_ctw,15,linear,1024.0,5.0,2015.0,0.9917104428013033,0.08236628828593573,5.149972446608676,5.149972446608676
ubnank,vq_ctw,15,nearest,1024.0,5.0,100.0,0.9909022330469653,0.0766552106868633,3.8265024297117436,3.8265024297117436
ubzach,direct_ctw,15,linear,,5.0,1722.0,0.8715078209926861,1.0890911816525843,1.6122026511756251,1.7623514868869345
ubzach,direct_ctw,15,nearest,,5.0,154.0,0.8310911460353815,1.0418223848229893,1.8145085483687315,1.9793536173103892
ubzach,markov_order_1,15,linear,,5.0,1722.0,0.8296205140934718,1.3690418240570044,1.6122026511756251,1.7623514868869345
ubzach,markov_order_1,15,nearest,,5.0,154.0,0.6242391770939706,1.831077604572228,1.8145085483687315,1.9793536173103892
ubzach,markov_order_2,15,linear,,5.0,1722.0,0.8177232261216898,1.4451130035015691,1.6122026511756251,1.7623514868869345
ubzach,markov_order_2,15,nearest,,5.0,154.0,0.638198818023911,1.796169050912295,1.8145085483687315,1.9793536173103892
ubzach,vq_ctw,15,linear,256.0,5.0,1722.0,0.9999999999980905,0.007163731183246989,4.0503220330058385,4.0503220330058385
ubzach,vq_ctw,15,nearest,256.0,5.0,154.0,0.9999999999995041,0.04427735412016388,3.826433263282647,3.826433263282647
ubzach,vq_ctw,15,linear,512.0,5.0,1722.0,0.990059606700854,0.09615287313368766,3.758673174789422,3.758673174789422
ubzach,vq_ctw,15,nearest,512.0,5.0,154.0,1.0,0.0,4.255852172837565,4.255852172837565
ubzach,vq_ctw,15,linear,1024.0,5.0,1722.0,0.9979933754501916,0.022880055184308207,3.936347974549443,3.936347974549443
ubzach,vq_ctw,15,nearest,1024.0,5.0,154.0,1.0,0.0,4.336500673082686,4.336500673082686
ucbiya,direct_ctw,15,linear,,5.0,2015.0,0.8607782665923939,1.3180398257213082,1.640808809033721,1.8156831546911951
ucbiya,direct_ctw,15,nearest,,5.0,45.0,0.8271783407538174,1.0653984808198222,1.6819366816428656,1.8665051677517328
ucbiya,markov_order_1,15,linear,,5.0,2015.0,0.8003860444144624,1.7761953776049249,1.640808809033721,1.8156831546911951
ucbiya,markov_order_1,15,nearest,,5.0,45.0,0.6569661839163516,1.7241921688927504,1.6819366816428656,1.8665051677517328
ucbiya,markov_order_2,15,linear,,5.0,2015.0,0.7718847095669863,1.980392397627519,1.640808809033721,1.8156831546911951
ucbiya,markov_order_2,15,nearest,,5.0,45.0,0.6627840260040484,1.705120878862418,1.6819366816428656,1.8665051677517328
ucbiya,vq_ctw,15,linear,256.0,5.0,2015.0,0.9919557977108691,0.08027851782653442,4.7865516029488395,4.7865516029488395
ucbiya,vq_ctw,15,nearest,256.0,5.0,45.0,0.9444810487030032,0.42043169481269316,4.289154920294488,4.289154920294488
ucbiya,vq_ctw,15,linear,512.0,5.0,2015.0,0.9817350370421452,0.18948330221294377,4.373348810046905,4.373348810046905
ucbiya,vq_ctw,15,nearest,512.0,5.0,45.0,0.9999999999980905,0.15555818628835466,5.311586076998667,5.311586076998667
ucbiya,vq_ctw,15,linear,1024.0,5.0,2015.0,0.9929682777427987,0.07446254237973686,4.897453026655812,4.897453026655812
ucbiya,vq_ctw,15,nearest,1024.0,5.0,45.0,0.9799507381675945,0.1617663061089059,4.493217516031663,4.493217516031663
ucdewy,direct_ctw,15,linear,,5.0,1258.0,0.9433065304174536,0.5174208845216405,1.7129557176123076,1.8216983327857927
ucdewy,direct_ctw,15,nearest,,5.0,239.0,0.8155194271251407,1.032163636801012,1.7033843057424871,1.8609456093370602
ucdewy,markov_order_1,15,linear,,5.0,1258.0,0.9209913035147784,0.6819198171461625,1.7129557176123076,1.8216983327857927
ucdewy,markov_order_1,15,nearest,,5.0,239.0,0.6884169469644135,1.4762853399078797,1.7033843057424871,1.8609456093370602
ucdewy,markov_order_2,15,linear,,5.0,1258.0,0.9185677245250913,0.6991375582724095,1.7129557176123076,1.8216983327857927
ucdewy,markov_order_2,15,nearest,,5.0,239.0,0.6930276049897753,1.4752498242946068,1.7033843057424871,1.8609456093370602
ucdewy,vq_ctw,15,linear,256.0,5.0,1258.0,1.0,0.0,2.459297163312037,2.459297163312037
ucdewy,vq_ctw,15,nearest,256.0,5.0,239.0,0.9775213892948593,0.22835593644066546,4.132109768756612,4.132109768756612
ucdewy,vq_ctw,15,linear,512.0,5.0,1258.0,0.9999999999980904,0.010148196987799729,2.614974466959586,2.614974466959586
ucdewy,vq_ctw,15,nearest,512.0,5.0,239.0,0.9999999999996565,0.028997093206635464,3.8983862225255788,3.8983862225255788
ucdewy,vq_ctw,15,linear,1024.0,5.0,1258.0,1.0,0.0,2.4887115459785973,2.4887115459785973
ucdewy,vq_ctw,15,nearest,1024.0,5.0,239.0,0.9999999999993209,0.05784258237692513,4.06527851674043,4.06527851674043
ucgewf,direct_ctw,15,linear,,5.0,2015.0,0.8716442072465568,1.2059169619109904,1.6172104645494014,1.778787123796463
ucgewf,direct_ctw,15,nearest,,5.0,470.0,0.8399535118137806,0.9689618838777208,1.5653444508329089,1.7685855157256707
ucgewf,markov_order_1,15,linear,,5.0,2015.0,0.8175343094911129,1.6137288700165138,1.6172104645494014,1.778787123796463
ucgewf,markov_order_1,15,nearest,,5.0,470.0,0.7202247684113637,1.4486110236680174,1.5653444508329089,1.7685855157256707
ucgewf,markov_order_2,15,linear,,5.0,2015.0,0.7930705224565422,1.7883184346075829,1.6172104645494014,1.778787123796463
ucgewf,markov_order_2,15,nearest,,5.0,470.0,0.7041547850742469,1.5055427412424471,1.5653444508329089,1.7685855157256707
ucgewf,vq_ctw,15,linear,256.0,5.0,2015.0,0.9924033227425,0.07199839777517461,4.644596211690557,4.644596211690557
ucgewf,vq_ctw,15,nearest,256.0,5.0,470.0,0.9786563728349379,0.18143459532000122,4.2686604609322725,4.2686604609322725
ucgewf,vq_ctw,15,linear,512.0,5.0,2015.0,0.9831903872827183,0.17356043899846507,4.428617566858294,4.428617566858294
ucgewf,vq_ctw,15,nearest,512.0,5.0,470.0,0.9942090246440998,0.06681642741277993,4.4521173275117665,4.4521173275117665
ucgewf,vq_ctw,15,linear,1024.0,5.0,2015.0,0.9944522228023859,0.060651408043775286,4.693524780406741,4.693524780406741
ucgewf,vq_ctw,15,nearest,1024.0,5.0,470.0,0.9952605974706029,0.05937516963123374,4.407034767352656,4.407034767352656
uchjaf,direct_ctw,15,linear,,5.0,2012.0,0.873269666160176,1.208598199806974,1.718609332315409,1.8733046167359084
uchjaf,direct_ctw,15,nearest,,5.0,179.0,0.8443527778720116,0.9035139108591459,1.5825996438134882,1.794260126636767
uchjaf,markov_order_1,15,linear,,5.0,2012.0,0.8232085357006229,1.5939943074817833,1.718609332315409,1.8733046167359084
uchjaf,markov_order_1,15,nearest,,5.0,179.0,0.7134602061112814,1.3838494814179396,1.5825996438134882,1.794260126636767
uchjaf,markov_order_2,15,linear,,5.0,2012.0,0.7992595971439568,1.7691541986247217,1.718609332315409,1.8733046167359084
uchjaf,markov_order_2,15,nearest,,5.0,179.0,0.7303884353854133,1.3359990033708598,1.5825996438134882,1.794260126636767
uchjaf,vq_ctw,15,linear,256.0,5.0,2012.0,0.995360374944458,0.0499969782853514,4.0781954032111765,4.0781954032111765
uchjaf,vq_ctw,15,nearest,256.0,5.0,179.0,0.9839836684725336,0.093800347394185,3.354743172830946,3.354743172830946
uchjaf,vq_ctw,15,linear,512.0,5.0,2012.0,0.9871545211344062,0.13517733499137566,3.9387190838940915,3.9387190838940915
uchjaf,vq_ctw,15,nearest,512.0,5.0,179.0,0.9999999999996586,0.03614171287177863,3.571383882381163,3.571383882381163
uchjaf,vq_ctw,15,linear,1024.0,5.0,2012.0,0.9958641170223105,0.04697244888022786,4.1832789027458555,4.1832789027458555
uchjaf,vq_ctw,15,nearest,1024.0,5.0,179.0,0.9887651476861814,0.0717731863679231,3.693852501285428,3.693852501285428
ucovla,direct_ctw,15,linear,,5.0,2014.0,0.8626071366299608,1.2763511056965793,1.513689927407539,1.6914580786527944
ucovla,direct_ctw,15,nearest,,5.0,112.0,0.8395420571095816,0.9829002824468731,1.7702599667345211,1.9217032918416754
ucovla,markov_order_1,15,linear,,5.0,2014.0,0.8013417246687253,1.729903109487144,1.513689927407539,1.6914580786527944
ucovla,markov_order_1,15,nearest,,5.0,112.0,0.6271400941251605,1.7996065256591394,1.7702599667345211,1.9217032918416754
ucovla,markov_order_2,15,linear,,5.0,2014.0,0.7723841832188565,1.931818937373882,1.513689927407539,1.6914580786527944
ucovla,markov_order_2,15,nearest,,5.0,112.0,0.6493666426714301,1.7325269320452563,1.7702599667345211,1.9217032918416754
ucovla,vq_ctw,15,linear,256.0,5.0,2014.0,0.993441481884397,0.0701129728274527,5.645411597637754,5.645411597637754
ucovla,vq_ctw,15,nearest,256.0,5.0,112.0,0.9818363672950081,0.1330351560269493,5.327998481326162,5.327998481326162
ucovla,vq_ctw,15,linear,512.0,5.0,2014.0,0.9722108634877819,0.27126980570836623,4.775153624225355,4.775153624225355
ucovla,vq_ctw,15,nearest,512.0,5.0,112.0,0.9999999999987212,0.1276964596703173,5.1134337127861675,5.1134337127861675
ucovla,vq_ctw,15,linear,1024.0,5.0,2014.0,0.9928765381618324,0.07234383092420733,5.59705681263257,5.59705681263257
ucovla,vq_ctw,15,nearest,1024.0,5.0,112.0,0.9728961866277702,0.25242878950351405,5.988010079480466,5.988010079480466
ucvepn,direct_ctw,15,linear,,5.0,1973.0,0.8680982043726458,1.2827397272424041,1.654832644162789,1.8073853038416736
ucvepn,markov_order_1,15,linear,,5.0,1973.0,0.8018166751711181,1.8002481411751812,1.654832644162789,1.8073853038416736
ucvepn,markov_order_2,15,linear,,5.0,1973.0,0.7692856091011052,2.038824010587553,1.654832644162789,1.8073853038416736
ucvepn,vq_ctw,15,linear,256.0,5.0,1973.0,0.988316966190656,0.11027192954574822,5.06759520192387,5.06759520192387
ucvepn,vq_ctw,15,linear,512.0,5.0,1973.0,0.9787479731157394,0.21901146707957111,4.826020742077761,4.826020742077761
ucvepn,vq_ctw,15,linear,1024.0,5.0,1973.0,0.9906131391170867,0.09849606988331018,5.182108053152681,5.182108053152681
udguic,direct_ctw,15,linear,,5.0,2012.0,0.8673274148306448,1.209243364144109,1.5790966308839056,1.7429710407385341
udguic,markov_order_1,15,linear,,5.0,2012.0,0.8159044769411642,1.5832875800972444,1.5790966308839056,1.7429710407385341
udguic,markov_order_2,15,linear,,5.0,2012.0,0.7944284943799653,1.7315945847051855,1.5790966308839056,1.7429710407385341
udguic,vq_ctw,15,linear,256.0,5.0,2012.0,0.990409829099846,0.09326388678233953,5.007486698782401,5.007486698782401
udguic,vq_ctw,15,linear,512.0,5.0,2012.0,0.9758314138152433,0.2367516523314948,4.656793953017902,4.656793953017902
udguic,vq_ctw,15,linear,1024.0,5.0,2012.0,0.992170811309659,0.08168939571973391,5.274542516151717,5.274542516151717
udthon,direct_ctw,15,linear,,5.0,1989.0,0.8929759712474478,1.0107944495896315,1.6382267958290906,1.7947326338828236
udthon,direct_ctw,15,nearest,,5.0,141.0,0.8556034759209143,0.8656880595455816,1.6441786405560166,1.8179732184556685
udthon,markov_order_1,15,linear,,5.0,1989.0,0.8517094769915516,1.3259382951034864,1.6382267958290906,1.7947326338828236
udthon,markov_order_1,15,nearest,,5.0,141.0,0.7170473411996927,1.4039121214976669,1.6441786405560166,1.8179732184556685
udthon,markov_order_2,15,linear,,5.0,1989.0,0.8337322479631131,1.4568209230554259,1.6382267958290906,1.7947326338828236
udthon,markov_order_2,15,nearest,,5.0,141.0,0.7177650825308527,1.410455243771729,1.6441786405560166,1.8179732184556685
udthon,vq_ctw,15,linear,256.0,5.0,1989.0,0.9972502303998285,0.031710743796579455,3.9634638297031977,3.9634638297031977
udthon,vq_ctw,15,nearest,256.0,5.0,141.0,0.9844626253068037,0.1445631405379669,4.2696101268132525,4.2696101268132525
udthon,vq_ctw,15,linear,512.0,5.0,1989.0,0.9909988657736178,0.0973636711934403,3.918212312561293,3.918212312561293
udthon,vq_ctw,15,nearest,512.0,5.0,141.0,0.9999999999995396,0.04642475180803933,3.6147107122283755,3.6147107122283755
udthon,vq_ctw,15,linear,1024.0,5.0,1989.0,0.9975796554635106,0.029362457047132987,4.085899600843368,4.085899600843368
udthon,vq_ctw,15,nearest,1024.0,5.0,141.0,0.9999999999995259,0.053117487582379184,4.454875337248898,4.454875337248898
udtiog,direct_ctw,15,linear,,5.0,2014.0,0.8722566846546955,1.1899331536820132,1.6044027180838203,1.7613739673645126
udtiog,direct_ctw,15,nearest,,5.0,111.0,0.8410755508632272,0.9033053733625535,1.599398582869601,1.757414453835365
udtiog,markov_order_1,15,linear,,5.0,2014.0,0.8246382554346257,1.5466331411240763,1.6044027180838203,1.7613739673645126
udtiog,markov_order_1,15,nearest,,5.0,111.0,0.7415837553164469,1.324858723700911,1.599398582869601,1.757414453835365
udtiog,markov_order_2,15,linear,,5.0,2014.0,0.7994266565068224,1.7259400184260558,1.6044027180838203,1.7613739673645126
udtiog,markov_order_2,15,nearest,,5.0,111.0,0.7309407818148554,1.3839843476101135,1.599398582869601,1.757414453835365
udtiog,vq_ctw,15,linear,256.0,5.0,2014.0,0.9944808496210613,0.05808909679180713,4.6604141650010575,4.6604141650010575
udtiog,vq_ctw,15,nearest,256.0,5.0,111.0,0.9999999999987614,0.11917845332583268,4.351986395543598,4.351986395543598
udtiog,vq_ctw,15,linear,512.0,5.0,2014.0,0.9835738120008833,0.17015295340821274,4.191575302028253,4.191575302028253
udtiog,vq_ctw,15,nearest,512.0,5.0,111.0,0.9999999999993807,0.05975045082554613,4.161705551692755,4.161705551692755
udtiog,vq_ctw,15,linear,1024.0,5.0,2014.0,0.995152907706971,0.0539377531331537,4.5360672764309315,4.5360672764309315
udtiog,vq_ctw,15,nearest,1024.0,5.0,111.0,0.9893194977505678,0.07842757569255425,4.599198083068276,4.599198083068276
udveoy,direct_ctw,15,linear,,5.0,2012.0,0.8781018001310882,1.1208005914222778,1.5867402415895324,1.7671550613996077
udveoy,direct_ctw,15,nearest,,5.0,37.0,0.8198455598315346,1.040723667026264,1.5773287055947935,1.894315413182671
udveoy,markov_order_1,15,linear,,5.0,2012.0,0.8376157500308705,1.4206217720322285,1.5867402415895324,1.7671550613996077
udveoy,markov_order_1,15,nearest,,5.0,37.0,0.6884508723738559,1.5180518296250005,1.5773287055947935,1.894315413182671
udveoy,markov_order_2,15,linear,,5.0,2012.0,0.8161709454137096,1.5721138372773014,1.5867402415895324,1.7671550613996077
udveoy,markov_order_2,15,nearest,,5.0,37.0,0.6625126049035702,1.5973687863819728,1.5773287055947935,1.894315413182671
udveoy,vq_ctw,15,linear,256.0,5.0,2012.0,0.9999999999980905,0.025053701228389298,4.210418669209232,4.210418669209232
udveoy,vq_ctw,15,nearest,256.0,5.0,37.0,0.9999999999980905,0.2048199229948449,4.2212387091135755,4.2212387091135755
udveoy,vq_ctw,15,linear,512.0,5.0,2012.0,0.9953383728560864,0.0548638101077866,4.099317208574986,4.099317208574986
udveoy,vq_ctw,15,nearest,512.0,5.0,37.0,1.0,0.0,3.3718051049356923,3.3718051049356923
udveoy,vq_ctw,15,linear,1024.0,5.0,2012.0,0.9986615627848582,0.016043798694553038,4.308760936325886,4.308760936325886
udveoy,vq_ctw,15,nearest,1024.0,5.0,37.0,1.0,0.0,4.174151274649603,4.174151274649603
udwadl,direct_ctw,15,linear,,5.0,2015.0,0.9019615351854701,0.9235705485084569,1.5538781881730808,1.7485110833026518
udwadl,direct_ctw,15,nearest,,5.0,228.0,0.8351357553648929,1.0048306493036068,1.5837376715959246,1.7516598945242436
udwadl,markov_order_1,15,linear,,5.0,2015.0,0.8629745283971731,1.2204754316659188,1.5538781881730808,1.7485110833026518
udwadl,markov_order_1,15,nearest,,5.0,228.0,0.6738796137247366,1.639044777049807,1.5837376715959246,1.7516598945242436
udwadl,markov_order_2,15,linear,,5.0,2015.0,0.8483155166024826,1.327023491199507,1.5538781881730808,1.7485110833026518
udwadl,markov_order_2,15,nearest,,5.0,228.0,0.6806122009764415,1.6177678981938228,1.5837376715959246,1.7516598945242436
udwadl,vq_ctw,15,linear,256.0,5.0,2015.0,0.9999999999980905,0.04261659524189376,3.7837285911198872,3.7837285911198872
udwadl,vq_ctw,15,nearest,256.0,5.0,228.0,0.9910880688110716,0.13270611581189404,3.7636186124422,3.7636186124422
udwadl,vq_ctw,15,linear,512.0,5.0,2015.0,0.9917660990603677,0.08531101418869194,3.9253661662192063,3.9253661662192063
udwadl,vq_ctw,15,nearest,512.0,5.0,228.0,0.9999999999992464,0.06134715593099484,4.348423527626924,4.348423527626924
udwadl,vq_ctw,15,linear,1024.0,5.0,2015.0,0.9966327428109324,0.03587635327311024,4.031122885777328,4.031122885777328
udwadl,vq_ctw,15,nearest,1024.0,5.0,228.0,0.9999999999995897,0.03514308230158817,4.684376472517351,4.684376472517351
udwebi,direct_ctw,15,linear,,5.0,1871.0,0.9340809143314304,0.5355647966538121,1.6559408740884864,1.7956498336647402
udwebi,direct_ctw,15,nearest,,5.0,32.0,0.7940690191456754,0.9395636040453046,1.4291711266602503,1.6310332070008402
udwebi,markov_order_1,15,linear,,5.0,1871.0,0.9082781246680517,0.6996871057782316,1.6559408740884864,1.7956498336647402
udwebi,markov_order_1,15,nearest,,5.0,32.0,0.7729078048136215,1.0484627356953826,1.4291711266602503,1.6310332070008402
udwebi,markov_order_2,15,linear,,5.0,1871.0,0.9191025072351099,0.6324416682770917,1.6559408740884864,1.7956498336647402
udwebi,markov_order_2,15,nearest,,5.0,32.0,0.7729078048136215,1.039847570428533,1.4291711266602503,1.6310332070008402
udwebi,vq_ctw,15,linear,256.0,5.0,1871.0,0.9999999999980905,0.02017246616957552,3.128017637485404,3.128017637485404
udwebi,vq_ctw,15,nearest,256.0,5.0,32.0,0.9999999999980905,0.37849043040873925,5.721409111702518,5.721409111702518
udwebi,vq_ctw,15,linear,512.0,5.0,1871.0,0.9948470185762852,0.05173257603829232,3.7581105738568654,3.7581105738568654
udwebi,vq_ctw,15,nearest,512.0,5.0,32.0,1.0,0.0,3.280875434386541,3.280875434386541
udwebi,vq_ctw,15,linear,1024.0,5.0,1871.0,0.9999999999980905,0.0134020216367921,3.588020069027913,3.588020069027913
udwebi,vq_ctw,15,nearest,1024.0,5.0,32.0,1.0,0.0,3.2509337651881163,3.2509337651881163
udwiul,direct_ctw,15,linear,,5.0,2015.0,0.8746721658091483,1.140403834227507,1.574369171634686,1.7482356579684855
udwiul,direct_ctw,15,nearest,,5.0,33.0,0.8490178942440547,0.9142567890321679,1.2357756076764477,1.414678230473217
udwiul,markov_order_1,15,linear,,5.0,2015.0,0.8306213140306435,1.4616580969842956,1.574369171634686,1.7482356579684855
udwiul,markov_order_1,15,nearest,,5.0,33.0,0.7251786182746445,1.3979410198752338,1.2357756076764477,1.414678230473217
udwiul,markov_order_2,15,linear,,5.0,2015.0,0.8094722807866851,1.608511974054085,1.574369171634686,1.7482356579684855
udwiul,markov_order_2,15,nearest,,5.0,33.0,0.7129559487798649,1.4389602809899438,1.2357756076764477,1.414678230473217
udwiul,vq_ctw,15,linear,256.0,5.0,2015.0,0.9999999999980905,0.023067934814164328,4.557877112431826,4.557877112431826
udwiul,vq_ctw,15,nearest,256.0,5.0,33.0,1.0,0.0,3.4446312886153807,3.4446312886153807
udwiul,vq_ctw,15,linear,512.0,5.0,2015.0,0.9866223832931882,0.1334947685482896,4.131121615840301,4.131121615840301
udwiul,vq_ctw,15,nearest,512.0,5.0,33.0,1.0,0.0,3.4724077837421645,3.4724077837421645
udwiul,vq_ctw,15,linear,1024.0,5.0,2015.0,0.9977179403639689,0.025596711530448398,4.474795633583022,4.474795633583022
udwiul,vq_ctw,15,nearest,1024.0,5.0,33.0,1.0,0.0,3.4611782696332094,3.4611782696332094
ufdoyn,direct_ctw,15,linear,,5.0,2015.0,0.8578186171646058,1.313265772413031,1.670381742887412,1.8326981813467305
ufdoyn,direct_ctw,15,nearest,,5.0,211.0,0.8453540566587818,0.9804566910418763,1.632926431047707,1.832427193556245
ufdoyn,markov_order_1,15,linear,,5.0,2015.0,0.7852553148981067,1.8429602876371658,1.670381742887412,1.8326981813467305
ufdoyn,markov_order_1,15,nearest,,5.0,211.0,0.7012741831223808,1.592151105344581,1.632926431047707,1.832427193556245
ufdoyn,markov_order_2,15,linear,,5.0,2015.0,0.755982502392214,2.04308759952567,1.670381742887412,1.8326981813467305
ufdoyn,markov_order_2,15,nearest,,5.0,211.0,0.6892810102040245,1.632662877926292,1.632926431047707,1.832427193556245
ufdoyn,vq_ctw,15,linear,256.0,5.0,2015.0,0.9999999999980905,0.09184971057415382,6.5583783785166965,6.5583783785166965
ufdoyn,vq_ctw,15,nearest,256.0,5.0,211.0,0.9787388410877735,0.2610162412106091,5.293566318078936,5.293566318078936
ufdoyn,vq_ctw,15,linear,512.0,5.0,2015.0,0.9567453588815584,0.36883220822480756,5.7038379902837875,5.7038379902837875
ufdoyn,vq_ctw,15,nearest,512.0,5.0,211.0,0.9999999999988055,0.09108602859156505,5.21877359365245,5.21877359365245
ufdoyn,vq_ctw,15,linear,1024.0,5.0,2015.0,0.9922315241991942,0.0779193031755344,6.905180619589362,6.905180619589362
ufdoyn,vq_ctw,15,nearest,1024.0,5.0,211.0,0.9836975743919721,0.18032508240994127,5.639204608870507,5.639204608870507
ugatna,direct_ctw,15,linear,,5.0,2014.0,0.8584995926059598,1.365254246194173,1.5775505904495069,1.7646874321507449
ugatna,direct_ctw,15,nearest,,5.0,484.0,0.8454418768552159,0.9553024292529622,1.6050249926166023,1.7901451394224461
ugatna,markov_order_1,15,linear,,5.0,2014.0,0.7942710087803361,1.863072545863997,1.5775505904495069,1.7646874321507449
ugatna,markov_order_1,15,nearest,,5.0,484.0,0.7151287930334026,1.4871661003094114,1.6050249926166023,1.7901451394224461
ugatna,markov_order_2,15,linear,,5.0,2014.0,0.7580432520184628,2.1270700842316823,1.5775505904495069,1.7646874321507449
ugatna,markov_order_2,15,nearest,,5.0,484.0,0.7144835797089243,1.4932924179278444,1.6050249926166023,1.7901451394224461
ugatna,vq_ctw,15,linear,256.0,5.0,2014.0,0.9931011279103729,0.07038293700773716,4.903476477838755,4.903476477838755
ugatna,vq_ctw,15,nearest,256.0,5.0,484.0,0.9864372851444159,0.16250373732477305,3.9935024070675484,3.9935024070675484
ugatna,vq_ctw,15,linear,512.0,5.0,2014.0,0.9812461679384267,0.19383355850547712,4.515428710419946,4.515428710419946
ugatna,vq_ctw,15,nearest,512.0,5.0,484.0,0.9999999999991834,0.06066434887835603,3.9994217412959276,3.9994217412959276
ugatna,vq_ctw,15,linear,1024.0,5.0,2014.0,0.991565214774636,0.08709781493459864,4.879630463407596,4.879630463407596
ugatna,vq_ctw,15,nearest,1024.0,5.0,484.0,0.9999999999994595,0.043405961528579576,4.299933470026936,4.299933470026936
ugdifb,direct_ctw,15,linear,,5.0,1969.0,0.9107049819568573,0.8380438379377597,1.5884332364042786,1.7490074916619693
ugdifb,markov_order_1,15,linear,,5.0,1969.0,0.8787465424385729,1.0814507176978645,1.5884332364042786,1.7490074916619693
ugdifb,markov_order_2,15,linear,,5.0,1969.0,0.8670826598528882,1.1666448840565427,1.5884332364042786,1.7490074916619693
ugdifb,vq_ctw,15,linear,256.0,5.0,1969.0,0.9999999999980905,0.02966300704477403,4.130010675492702,4.130010675492702
ugdifb,vq_ctw,15,linear,512.0,5.0,1969.0,0.9894071130828923,0.1014877973160108,3.9768094808627015,3.9768094808627015
ugdifb,vq_ctw,15,linear,1024.0,5.0,1969.0,0.9970927527600969,0.031592260270464884,4.259762448708016,4.259762448708016
uggdye,direct_ctw,15,linear,,5.0,2015.0,0.8808229912239427,1.111779110117508,1.503093981237394,1.6856430818065256
uggdye,direct_ctw,15,nearest,,5.0,65.0,0.8185707315321586,1.0598665695354599,1.7663186251306855,1.9294682737860547
uggdye,markov_order_1,15,linear,,5.0,2015.0,0.8376550861569354,1.4364986676330824,1.503093981237394,1.6856430818065256
uggdye,markov_order_1,15,nearest,,5.0,65.0,0.6087979202443135,1.779176853149256,1.7663186251306855,1.9294682737860547
uggdye,markov_order_2,15,linear,,5.0,2015.0,0.8159928962407368,1.5916677973296522,1.503093981237394,1.6856430818065256
uggdye,markov_order_2,15,nearest,,5.0,65.0,0.6373160506380985,1.7160709307875008,1.7663186251306855,1.9294682737860547
uggdye,vq_ctw,15,linear,256.0,5.0,2015.0,0.9955121020019855,0.04595247285847161,4.350310893842534,4.350310893842534
uggdye,vq_ctw,15,nearest,256.0,5.0,65.0,0.9999999999990599,0.09952871698535964,3.618950202305688,3.618950202305688
uggdye,vq_ctw,15,linear,512.0,5.0,2015.0,0.985962150792085,0.14279325381457533,3.9419981754909377,3.9419981754909377
uggdye,vq_ctw,15,nearest,512.0,5.0,65.0,1.0,0.0,4.163014230207538,4.163014230207538
uggdye,vq_ctw,15,linear,1024.0,5.0,2015.0,0.9970502424393153,0.03494209957238433,4.502341032383165,4.502341032383165
uggdye,vq_ctw,15,nearest,1024.0,5.0,65.0,1.0,0.0,4.291787714178097,4.291787714178097
ugifma,direct_ctw,15,linear,,5.0,2015.0,0.8469768926290607,1.336630100657504,1.756850869367764,1.9010981937154274
ugifma,direct_ctw,15,nearest,,5.0,115.0,0.8487179410113033,1.0273494164591672,1.6451387408365015,1.819668689205903
ugifma,markov_order_1,15,linear,,5.0,2015.0,0.7871467060170914,1.7474055018229384,1.756850869367764,1.9010981937154274
ugifma,markov_order_1,15,nearest,,5.0,115.0,0.636252367272498,1.9413761441156172,1.6451387408365015,1.819668689205903
ugifma,markov_order_2,15,linear,,5.0,2015.0,0.7639409982652248,1.8980059892885084,1.756850869367764,1.9010981937154274
ugifma,markov_order_2,15,nearest,,5.0,115.0,0.6155395280435881,2.0150848226761338,1.6451387408365015,1.819668689205903
ugifma,vq_ctw,15,linear,256.0,5.0,2015.0,0.9956529844775196,0.04471041871548579,5.03874755584877,5.03874755584877
ugifma,vq_ctw,15,nearest,256.0,5.0,115.0,0.9748455300346976,0.3763795159839686,5.980190167174825,5.980190167174825
ugifma,vq_ctw,15,linear,512.0,5.0,2015.0,0.9869390823577571,0.13078889881354178,5.029007097803229,5.029007097803229
ugifma,vq_ctw,15,nearest,512.0,5.0,115.0,0.9999999999986716,0.10653559173344523,7.246928886167654,7.246928886167654
ugifma,vq_ctw,15,linear,1024.0,5.0,2015.0,0.998281304548895,0.02098679662759416,5.167351533762158,5.167351533762158
ugifma,vq_ctw,15,nearest,1024.0,5.0,115.0,0.9575711443361139,0.27074807658874145,6.954106421978463,6.954106421978463
ugthfu,direct_ctw,15,linear,,5.0,1979.0,0.9063958236357451,0.8830713583677796,1.7036834308073328,1.8686651429222625
ugthfu,direct_ctw,15,nearest,,5.0,111.0,0.8242285209748627,1.0020317597880903,1.7962720906713079,1.966883163162986
ugthfu,markov_order_1,15,linear,,5.0,1979.0,0.8696344663177908,1.1638386015466335,1.7036834308073328,1.8686651429222625
ugthfu,markov_order_1,15,nearest,,5.0,111.0,0.6660248848736355,1.5491103972081604,1.7962720906713079,1.966883163162986
ugthfu,markov_order_2,15,linear,,5.0,1979.0,0.8552131230528347,1.2690086480298894,1.7036834308073328,1.8686651429222625
ugthfu,markov_order_2,15,nearest,,5.0,111.0,0.6686445430619415,1.5398676513499645,1.7962720906713079,1.966883163162986
ugthfu,vq_ctw,15,linear,256.0,5.0,1979.0,0.9999999999980905,0.013306776560878825,3.8941960319643414,3.8941960319643414
ugthfu,vq_ctw,15,nearest,256.0,5.0,111.0,0.9892491026145358,0.14160292552408546,3.4761362999880077,3.4761362999880077
ugthfu,vq_ctw,15,linear,512.0,5.0,1979.0,0.9942100583565782,0.06480492913653654,3.872497842860745,3.872497842860745
ugthfu,vq_ctw,15,nearest,512.0,5.0,111.0,0.9999999999992947,0.06177379787513074,4.011686234800674,4.011686234800674
ugthfu,vq_ctw,15,linear,1024.0,5.0,1979.0,0.9977781282058508,0.025007388837326082,3.636238779422447,3.636238779422447
ugthfu,vq_ctw,15,nearest,1024.0,5.0,111.0,1.0,0.0,4.414535912167598,4.414535912167598
ujhuki,direct_ctw,15,linear,,5.0,2014.0,0.884373009858932,1.1277939076843018,1.6433591532165095,1.8070076982737489
ujhuki,direct_ctw,15,nearest,,5.0,180.0,0.846275557677164,0.9174550555886902,1.5921937686372174,1.7797944265438514
ujhuki,markov_order_1,15,linear,,5.0,2014.0,0.8334466468652562,1.5300607113824471,1.6433591532165095,1.8070076982737489
ujhuki,markov_order_1,15,nearest,,5.0,180.0,0.6876774919907587,1.4955303841574072,1.5921937686372174,1.7797944265438514
ujhuki,markov_order_2,15,linear,,5.0,2014.0,0.8049169792787593,1.7430766893160041,1.6433591532165095,1.8070076982737489
ujhuki,markov_order_2,15,nearest,,5.0,180.0,0.7047368109623118,1.4492268457818371,1.5921937686372174,1.7797944265438514
ujhuki,vq_ctw,15,linear,256.0,5.0,2014.0,0.9950909728203544,0.05249938374894885,4.405005116833195,4.405005116833195
ujhuki,vq_ctw,15,nearest,256.0,5.0,180.0,0.9839538052448887,0.27994397110061875,4.809536328776014,4.809536328776014
ujhuki,vq_ctw,15,linear,512.0,5.0,2014.0,0.9850722461696326,0.15383180143799366,4.138162888556701,4.138162888556701
ujhuki,vq_ctw,15,nearest,512.0,5.0,180.0,0.9999999999995757,0.03788173630280687,3.7101285994924234,3.7101285994924234
ujhuki,vq_ctw,15,linear,1024.0,5.0,2014.0,0.9955251331111051,0.050312726395949435,4.496417003316097,4.496417003316097
ujhuki,vq_ctw,15,nearest,1024.0,5.0,180.0,1.0,0.0,3.917133445342748,3.917133445342748
ujkiwe,direct_ctw,15,linear,,5.0,1999.0,0.8807965279840233,1.0938660272551302,1.5763366248817021,1.7545421174630362
ujkiwe,direct_ctw,15,nearest,,5.0,171.0,0.8374008015570923,0.9440650025757792,1.6814878009474052,1.8496197934992493
ujkiwe,markov_order_1,15,linear,,5.0,1999.0,0.8392753624641536,1.4002678731494447,1.5763366248817021,1.7545421174630362
ujkiwe,markov_order_1,15,nearest,,5.0,171.0,0.6873239578011004,1.4812075752342635,1.6814878009474052,1.8496197934992493
ujkiwe,markov_order_2,15,linear,,5.0,1999.0,0.8194988795433322,1.5394346057046073,1.5763366248817021,1.7545421174630362
ujkiwe,markov_order_2,15,nearest,,5.0,171.0,0.6864084739997462,1.4923923171820845,1.6814878009474052,1.8496197934992493
ujkiwe,vq_ctw,15,linear,256.0,5.0,1999.0,0.9946613193014057,0.05644640841904439,4.359281094541205,4.359281094541205
ujkiwe,vq_ctw,15,nearest,256.0,5.0,171.0,0.9999999999992517,0.08662031383328199,3.8054972288508684,3.8054972288508684
ujkiwe,vq_ctw,15,linear,512.0,5.0,1999.0,0.983937529336741,0.16381412174704454,3.8280156178320257,3.8280156178320257
ujkiwe,vq_ctw,15,nearest,512.0,5.0,171.0,0.9999999999996091,0.03865897399230126,3.743488240344343,3.743488240344343
ujkiwe,vq_ctw,15,linear,1024.0,5.0,1999.0,0.9954008045014331,0.051528351930741845,4.400153230307311,4.400153230307311
ujkiwe,vq_ctw,15,nearest,1024.0,5.0,171.0,1.0,0.0,3.9937806354056353,3.9937806354056353
ujnaww,direct_ctw,15,linear,,5.0,2015.0,0.8901558207864055,1.0486666728242668,1.6876231688228507,1.8515069966438984
ujnaww,direct_ctw,15,nearest,,5.0,195.0,0.8523068396364553,0.8847290320546147,1.5348810105009838,1.7052315777606468
ujnaww,markov_order_1,15,linear,,5.0,2015.0,0.8395898055453046,1.4373409398253254,1.6876231688228507,1.8515069966438984
ujnaww,markov_order_1,15,nearest,,5.0,195.0,0.7382316141189028,1.3289511477575913,1.5348810105009838,1.7052315777606468
ujnaww,markov_order_2,15,linear,,5.0,2015.0,0.8209653672086408,1.573133785411709,1.6876231688228507,1.8515069966438984
ujnaww,markov_order_2,15,nearest,,5.0,195.0,0.7272914566229423,1.3738664557115052,1.5348810105009838,1.7052315777606468
ujnaww,vq_ctw,15,linear,256.0,5.0,2015.0,0.9965100172838977,0.03700337583567143,4.643584370643578,4.643584370643578
ujnaww,vq_ctw,15,nearest,256.0,5.0,195.0,0.9760708282686552,0.28852924442855693,5.1331527867284805,5.1331527867284805
ujnaww,vq_ctw,15,linear,512.0,5.0,2015.0,0.9907252547845209,0.10377012131742454,4.485392365372817,4.485392365372817
ujnaww,vq_ctw,15,nearest,512.0,5.0,195.0,0.9999999999992656,0.061665736048330665,4.033419160906237,4.033419160906237
ujnaww,vq_ctw,15,linear,1024.0,5.0,2015.0,0.9977954584745979,0.027041808600824307,4.799010792268803,4.799010792268803
ujnaww,vq_ctw,15,nearest,1024.0,5.0,195.0,0.9999999999992656,0.061665736048330665,4.164013467686311,4.164013467686311
ujtosh,direct_ctw,15,linear,,5.0,1380.0,0.887613190919317,0.9928012900156992,1.5826488950378834,1.7711920884850978
ujtosh,direct_ctw,15,nearest,,5.0,226.0,0.8295847367938399,0.9673301102043297,1.640880396341718,1.804874689391542
ujtosh,markov_order_1,15,linear,,5.0,1380.0,0.8422434389933617,1.310727933688762,1.5826488950378834,1.7711920884850978
ujtosh,markov_order_1,15,nearest,,5.0,226.0,0.6983541926505215,1.4998951208802815,1.640880396341718,1.804874689391542
ujtosh,markov_order_2,15,linear,,5.0,1380.0,0.8298566852456812,1.3933796894866977,1.5826488950378834,1.7711920884850978
ujtosh,markov_order_2,15,nearest,,5.0,226.0,0.7049649634046204,1.4661331125605346,1.640880396341718,1.804874689391542
ujtosh,vq_ctw,15,linear,256.0,5.0,1380.0,0.9977940737143448,0.024850867815597963,3.736105649539181,3.736105649539181
ujtosh,vq_ctw,15,nearest,256.0,5.0,226.0,0.9828891914379794,0.1554884736254216,4.258462758014578,4.258462758014578
ujtosh,vq_ctw,15,linear,512.0,5.0,1380.0,0.995727159111002,0.048326672795840235,3.8819562785370674,3.8819562785370674
ujtosh,vq_ctw,15,nearest,512.0,5.0,226.0,0.9999999999996029,0.0251478029815304,4.345275820565017,4.345275820565017
ujtosh,vq_ctw,15,linear,1024.0,5.0,1380.0,0.9992535784976119,0.009576497034972717,3.9807956175760655,3.9807956175760655
ujtosh,vq_ctw,15,nearest,1024.0,5.0,226.0,0.9999999999992902,0.07501086151897658,4.406703089439257,4.406703089439257
ujtrud,direct_ctw,15,linear,,5.0,2015.0,0.8753862463628816,1.165547895944171,1.6329890669118194,1.800871694912735
ujtrud,direct_ctw,15,nearest,,5.0,180.0,0.8125046813833265,1.021691222269823,1.6403302447411612,1.8465843013560603
ujtrud,markov_order_1,15,linear,,5.0,2015.0,0.823760590224345,1.5529778312809779,1.6329890669118194,1.800871694912735
ujtrud,markov_order_1,15,nearest,,5.0,180.0,0.6945542904486248,1.4362165441999208,1.6403302447411612,1.8465843013560603
ujtrud,markov_order_2,15,linear,,5.0,2015.0,0.8017664523789212,1.7095488291017555,1.6329890669118194,1.800871694912735
ujtrud,markov_order_2,15,nearest,,5.0,180.0,0.6946978315377282,1.4243564673344142,1.6403302447411612,1.8465843013560603
ujtrud,vq_ctw,15,linear,256.0,5.0,2015.0,0.9946427872045317,0.05661549567741585,4.024141120495144,4.024141120495144
ujtrud,vq_ctw,15,nearest,256.0,5.0,180.0,0.9820724360883367,0.25681798975220216,4.59943757352577,4.59943757352577
ujtrud,vq_ctw,15,linear,512.0,5.0,2015.0,0.992754720470581,0.08365543878075972,4.189066480032123,4.189066480032123
ujtrud,vq_ctw,15,nearest,512.0,5.0,180.0,0.9999999999989393,0.07956332380871907,3.795338829810519,3.795338829810519
ujtrud,vq_ctw,15,linear,1024.0,5.0,2015.0,0.9947822397215641,0.0553408218903042,4.125828125219128,4.125828125219128
ujtrud,vq_ctw,15,nearest,1024.0,5.0,180.0,0.9949658131825645,0.04150384739355532,3.9461536695314257,3.9461536695314257
ukgoaf,direct_ctw,15,linear,,5.0,2013.0,0.8806248116299349,1.1978192380206987,1.4921341091475995,1.6727285820397
ukgoaf,direct_ctw,15,nearest,,5.0,145.0,0.8334258584491662,0.9809491150638695,1.5699534070463306,1.756462814881269
ukgoaf,markov_order_1,15,linear,,5.0,2013.0,0.8238534342083657,1.6605860476606393,1.4921341091475995,1.6727285820397
ukgoaf,markov_order_1,15,nearest,,5.0,145.0,0.7051968310782917,1.456981688469597,1.5699534070463306,1.756462814881269
ukgoaf,markov_order_2,15,linear,,5.0,2013.0,0.788594623444956,1.9311403407864098,1.4921341091475995,1.6727285820397
ukgoaf,markov_order_2,15,nearest,,5.0,145.0,0.6997737214976844,1.4757516239669268,1.5699534070463306,1.756462814881269
ukgoaf,vq_ctw,15,linear,256.0,5.0,2013.0,0.9933180960933125,0.06847850228224937,5.173985583629954,5.173985583629954
ukgoaf,vq_ctw,15,nearest,256.0,5.0,145.0,0.9999999999985909,0.16090707652656747,3.7263710555508545,3.7263710555508545
ukgoaf,vq_ctw,15,linear,512.0,5.0,2013.0,0.9749388004410826,0.2522357878373878,4.5011988936883505,4.5011988936883505
ukgoaf,vq_ctw,15,nearest,512.0,5.0,145.0,0.9999999999990913,0.0815490214340079,4.121102969120616,4.121102969120616
ukgoaf,vq_ctw,15,linear,1024.0,5.0,2013.0,0.9930525626977358,0.07369129547300375,5.192539364110425,5.192539364110425
ukgoaf,vq_ctw,15,nearest,1024.0,5.0,145.0,1.0,0.0,4.329301720438569,4.329301720438569
uklsdr,direct_ctw,15,linear,,5.0,2015.0,0.8774666191304004,1.220943750127203,1.689370677554468,1.8487055102630494
uklsdr,direct_ctw,15,nearest,,5.0,229.0,0.8334244637954138,0.964219194192533,1.6043236938962988,1.7789019726568203
uklsdr,markov_order_1,15,linear,,5.0,2015.0,0.8205725422151727,1.6809185568848057,1.689370677554468,1.8487055102630494
uklsdr,markov_order_1,15,nearest,,5.0,229.0,0.7120602534615511,1.4722534280513164,1.6043236938962988,1.7789019726568203
uklsdr,markov_order_2,15,linear,,5.0,2015.0,0.7897111599153167,1.9164897707710402,1.689370677554468,1.8487055102630494
uklsdr,markov_order_2,15,nearest,,5.0,229.0,0.7024411859399023,1.4889136173673416,1.6043236938962988,1.7789019726568203
uklsdr,vq_ctw,15,linear,256.0,5.0,2015.0,0.9958578399372614,0.04531550631440281,4.394209616864914,4.394209616864914
uklsdr,vq_ctw,15,nearest,256.0,5.0,229.0,0.9867051909805091,0.1564611193185419,3.8037964942659617,3.8037964942659617
uklsdr,vq_ctw,15,linear,512.0,5.0,2015.0,0.9896507838556529,0.11414707751926137,4.204548669094479,4.204548669094479
uklsdr,vq_ctw,15,nearest,512.0,5.0,229.0,0.9999999999996831,0.029388695211873046,3.990914504064483,3.990914504064483
uklsdr,vq_ctw,15,linear,1024.0,5.0,2015.0,0.9959178624402825,0.04775339201013954,4.391340326432974,4.391340326432974
uklsdr,vq_ctw,15,nearest,1024.0,5.0,229.0,0.9950701651956411,0.039828039206102374,4.106095153426544,4.106095153426544
uljior,direct_ctw,15,linear,,5.0,2015.0,0.9098140929992031,0.8706457100121467,1.863013114321399,2.023504865952809
uljior,direct_ctw,15,nearest,,5.0,84.0,0.8263083976434691,0.941763652625102,1.768519261737509,1.9047119020167835
uljior,markov_order_1,15,linear,,5.0,2015.0,0.8696300173607481,1.1851867691793825,1.863013114321399,2.023504865952809
uljior,markov_order_1,15,nearest,,5.0,84.0,0.7087317489934347,1.3475496459873846,1.768519261737509,1.9047119020167835
uljior,markov_order_2,15,linear,,5.0,2015.0,0.8555559251101096,1.2901540826558553,1.863013114321399,2.023504865952809
uljior,markov_order_2,15,nearest,,5.0,84.0,0.7060444860166208,1.3714551375344037,1.768519261737509,1.9047119020167835
uljior,vq_ctw,15,linear,256.0,5.0,2015.0,0.9970559976344766,0.03193822981749744,3.6084783439409254,3.6084783439409254
uljior,vq_ctw,15,nearest,256.0,5.0,84.0,0.9727999425400979,0.1869582603913012,4.098422509394548,4.098422509394548
uljior,vq_ctw,15,linear,512.0,5.0,2015.0,0.9910630469957324,0.09874962435880547,3.2895238194911487,3.2895238194911487
uljior,vq_ctw,15,nearest,512.0,5.0,84.0,0.9999999999992272,0.10722136182072006,4.70746172628986,4.70746172628986
uljior,vq_ctw,15,linear,1024.0,5.0,2015.0,0.9961140291115126,0.044484253302356454,3.4860833132831552,3.4860833132831552
uljior,vq_ctw,15,nearest,1024.0,5.0,84.0,0.9999999999992272,0.09879253260171388,4.153680098492981,4.153680098492981
umhenw,direct_ctw,15,linear,,5.0,2015.0,0.872460688900156,1.1825056932065003,1.6059174568070163,1.777039440705527
umhenw,direct_ctw,15,nearest,,5.0,74.0,0.8263564761847375,1.002105171473626,1.6739522655397316,1.857057841972671
umhenw,markov_order_1,15,linear,,5.0,2015.0,0.8166187955205748,1.5959247440549333,1.6059174568070163,1.777039440705527
umhenw,markov_order_1,15,nearest,,5.0,74.0,0.7099576382075542,1.436241488787543,1.6739522655397316,1.857057841972671
umhenw,markov_order_2,15,linear,,5.0,2015.0,0.7959545456390962,1.7408268262980957,1.6059174568070163,1.777039440705527
umhenw,markov_order_2,15,nearest,,5.0,74.0,0.706093118506751,1.4487814976051774,1.6739522655397316,1.857057841972671
umhenw,vq_ctw,15,linear,256.0,5.0,2015.0,0.9932707625256765,0.06495848174400014,5.517854396688877,5.517854396688877
umhenw,vq_ctw,15,nearest,256.0,5.0,74.0,0.9776480653933317,0.24343350543268985,4.484513577454866,4.484513577454866
umhenw,vq_ctw,15,linear,512.0,5.0,2015.0,0.9711664776250144,0.27990797273313317,4.915191259970398,4.915191259970398
umhenw,vq_ctw,15,nearest,512.0,5.0,74.0,0.9999999999989679,0.0921447639798005,4.08248822660059,4.08248822660059
umhenw,vq_ctw,15,linear,1024.0,5.0,2015.0,0.9914225763340431,0.0883623015890017,5.71436232170627,5.71436232170627
umhenw,vq_ctw,15,nearest,1024.0,5.0,74.0,1.0,0.0,4.1108031555137865,4.1108031555137865
umsmth,direct_ctw,15,linear,,5.0,2015.0,0.8697758448535631,1.2032086399203201,1.6716917314758866,1.8475345644666028
umsmth,direct_ctw,15,nearest,,5.0,204.0,0.826381682990152,1.0199789423359094,1.6783795481526032,1.8557835228834818
umsmth,markov_order_1,15,linear,,5.0,2015.0,0.822966277569585,1.5506045639019117,1.6716917314758866,1.8475345644666028
umsmth,markov_order_1,15,nearest,,5.0,204.0,0.6861544898416384,1.541473305719656,1.6783795481526032,1.8557835228834818
umsmth,markov_order_2,15,linear,,5.0,2015.0,0.7994636930519313,1.7164956449893631,1.6716917314758866,1.8475345644666028
umsmth,markov_order_2,15,nearest,,5.0,204.0,0.6775753611809897,1.574046078035463,1.6783795481526032,1.8557835228834818
umsmth,vq_ctw,15,linear,256.0,5.0,2015.0,0.9999999999980905,0.022974306752328984,4.4497336474011595,4.4497336474011595
umsmth,vq_ctw,15,nearest,256.0,5.0,204.0,0.9841748377703358,0.1568554781213038,4.008592549432907,4.008592549432907
umsmth,vq_ctw,15,linear,512.0,5.0,2015.0,0.9888287567290945,0.1108039085051294,4.138475255899818,4.138475255899818
umsmth,vq_ctw,15,nearest,512.0,5.0,204.0,0.9900928229756457,0.10056620920929482,3.931852313407046,3.931852313407046
umsmth,vq_ctw,15,linear,1024.0,5.0,2015.0,0.9999999999980905,0.017980474324615706,4.371770790990427,4.371770790990427
umsmth,vq_ctw,15,nearest,1024.0,5.0,204.0,0.9999999999995132,0.034967332593047705,4.030048011866591,4.030048011866591
umvohu,direct_ctw,15,linear,,5.0,2015.0,0.8667688742272671,1.21346771285128,1.6382629601413214,1.801605799683702
umvohu,direct_ctw,15,nearest,,5.0,268.0,0.8225496376797564,0.98864936609952,1.6027645698154727,1.7868166101796936
umvohu,markov_order_1,15,linear,,5.0,2015.0,0.8204768278222175,1.551152971087406,1.6382629601413214,1.801605799683702
umvohu,markov_order_1,15,nearest,,5.0,268.0,0.689555274595261,1.4612399342401707,1.6027645698154727,1.7868166101796936
umvohu,markov_order_2,15,linear,,5.0,2015.0,0.7965572302922264,1.717081534105559,1.6382629601413214,1.801605799683702
umvohu,markov_order_2,15,nearest,,5.0,268.0,0.7149747060803018,1.3900183921628693,1.6027645698154727,1.7868166101796936
umvohu,vq_ctw,15,linear,256.0,5.0,2015.0,0.9966644756631539,0.03558389730027299,4.230123482912854,4.230123482912854
umvohu,vq_ctw,15,nearest,256.0,5.0,268.0,0.9838164720285123,0.13133386920268172,3.6757422187175006,3.6757422187175006
umvohu,vq_ctw,15,linear,512.0,5.0,2015.0,0.9899240809890422,0.10734188390268644,3.925070816968365,3.925070816968365
umvohu,vq_ctw,15,nearest,512.0,5.0,268.0,1.0,0.0,3.821357668372472,3.821357668372472
umvohu,vq_ctw,15,linear,1024.0,5.0,2015.0,0.996358941017123,0.04202325157437409,4.2024851670080015,4.2024851670080015
umvohu,vq_ctw,15,nearest,1024.0,5.0,268.0,1.0,0.0,3.971469723271449,3.971469723271449
unquek,direct_ctw,15,linear,,5.0,2015.0,0.8824198129288189,1.1394172533181084,1.6386013115298155,1.802136924527819
unquek,direct_ctw,15,nearest,,5.0,214.0,0.8433058499232048,0.9612781753501454,1.5757922094955388,1.76020460990796
unquek,markov_order_1,15,linear,,5.0,2015.0,0.830067515518089,1.5493436692341678,1.6386013115298155,1.802136924527819
unquek,markov_order_1,15,nearest,,5.0,214.0,0.6930648906051375,1.5596498628127726,1.5757922094955388,1.76020460990796
unquek,markov_order_2,15,linear,,5.0,2015.0,0.802942396781267,1.7501481417382785,1.6386013115298155,1.802136924527819
unquek,markov_order_2,15,nearest,,5.0,214.0,0.6792205009840067,1.6151534685539375,1.5757922094955388,1.76020460990796
unquek,vq_ctw,15,linear,256.0,5.0,2015.0,0.9902930134548313,0.09422953775162309,4.446395172320895,4.446395172320895
unquek,vq_ctw,15,nearest,256.0,5.0,214.0,0.9752019169550701,0.21733634685473324,4.568725928152949,4.568725928152949
unquek,vq_ctw,15,linear,512.0,5.0,2015.0,0.9836470727886412,0.16635009113341784,4.260377548740814,4.260377548740814
unquek,vq_ctw,15,nearest,512.0,5.0,214.0,0.9999999999987865,0.14499128213306042,4.850591287524265,4.850591287524265
unquek,vq_ctw,15,linear,1024.0,5.0,2015.0,0.9900329149376579,0.1005090220937229,4.446602444797404,4.446602444797404
unquek,vq_ctw,15,nearest,1024.0,5.0,214.0,0.9826740229631903,0.13460269501185673,5.228393675469661,5.228393675469661
unwrai,direct_ctw,15,linear,,5.0,509.0,0.8352912911789305,1.3689091425033106,1.759770539196604,1.9059131660530642
unwrai,direct_ctw,15,nearest,,5.0,33.0,0.854473176819029,0.8895856780519618,1.6926569154040996,1.9158957842514908
unwrai,markov_order_1,15,linear,,5.0,509.0,0.6870969237057476,2.270865821523585,1.759770539196604,1.9059131660530642
unwrai,markov_order_1,15,nearest,,5.0,33.0,0.7701416239719092,1.2374810915201249,1.6926569154040996,1.9158957842514908
unwrai,markov_order_2,15,linear,,5.0,509.0,0.6512832629374927,2.4645913680394367,1.759770539196604,1.9059131660530642
unwrai,markov_order_2,15,nearest,,5.0,33.0,0.7380846126465953,1.3534537599592706,1.6926569154040996,1.9158957842514908
unwrai,vq_ctw,15,linear,256.0,5.0,509.0,0.9811124808320001,0.15403540513942654,6.089574410267453,6.089574410267453
unwrai,vq_ctw,15,nearest,256.0,5.0,33.0,0.9999999999980905,0.25002535704513307,5.260771056471861,5.260771056471861
unwrai,vq_ctw,15,linear,512.0,5.0,509.0,0.9380185771433723,0.4954803769324863,5.554771712425332,5.554771712425332
unwrai,vq_ctw,15,nearest,512.0,5.0,33.0,1.0,0.0,3.7973525606455087,3.7973525606455087
unwrai,vq_ctw,15,linear,1024.0,5.0,509.0,0.9816582141201623,0.16109713745213128,6.604320920432375,6.604320920432375
unwrai,vq_ctw,15,nearest,1024.0,5.0,33.0,1.0,0.0,3.6839511815237023,3.6839511815237023
upchim,direct_ctw,15,linear,,5.0,2014.0,0.8645491932395073,1.157608398397919,1.6334925038377517,1.7921401327891047
upchim,direct_ctw,15,nearest,,5.0,79.0,0.8283471079887387,1.0545838422242608,1.7958063002307891,1.9321082492587585
upchim,markov_order_1,15,linear,,5.0,2014.0,0.8279810643573717,1.4057559463924563,1.6334925038377517,1.7921401327891047
upchim,markov_order_1,15,nearest,,5.0,79.0,0.6672402396581115,1.6878046172783,1.7958063002307891,1.9321082492587585
upchim,markov_order_2,15,linear,,5.0,2014.0,0.8154716682322999,1.487401959763221,1.6334925038377517,1.7921401327891047
upchim,markov_order_2,15,nearest,,5.0,79.0,0.6334788069418096,1.796301577265669,1.7958063002307891,1.9321082492587585
upchim,vq_ctw,15,linear,256.0,5.0,2014.0,0.9965459641524905,0.038694404110382205,3.759316752007103,3.759316752007103
upchim,vq_ctw,15,nearest,256.0,5.0,79.0,0.9886321018686799,0.08984521726310096,3.5166372881756995,3.5166372881756995
upchim,vq_ctw,15,linear,512.0,5.0,2014.0,0.9923435043591938,0.08779135408304453,3.8089750050185076,3.8089750050185076
upchim,vq_ctw,15,nearest,512.0,5.0,79.0,1.0,0.0,4.317600047671864,4.317600047671864
upchim,vq_ctw,15,linear,1024.0,5.0,2014.0,0.9968856649346957,0.03664733459146591,3.9106672107478517,3.9106672107478517
upchim,vq_ctw,15,nearest,1024.0,5.0,79.0,1.0,0.0,4.583668121292531,4.583668121292531
upsjav,direct_ctw,15,linear,,5.0,2015.0,0.9000596746619706,0.9385698754056162,1.7316388100132263,1.8779986585037995
upsjav,direct_ctw,15,nearest,,5.0,245.0,0.8588792426468831,0.8048984674189374,1.541087171041687,1.6993543134569076
upsjav,markov_order_1,15,linear,,5.0,2015.0,0.8718678123252015,1.1545709845481043,1.7316388100132263,1.8779986585037995
upsjav,markov_order_1,15,nearest,,5.0,245.0,0.7795208884152808,1.105257745691583,1.541087171041687,1.6993543134569076
upsjav,markov_order_2,15,linear,,5.0,2015.0,0.858693437882913,1.2518533558587275,1.7316388100132263,1.8779986585037995
upsjav,markov_order_2,15,nearest,,5.0,245.0,0.7646379465714258,1.1562392324803668,1.541087171041687,1.6993543134569076
upsjav,vq_ctw,15,linear,256.0,5.0,2015.0,0.998867666376921,0.01450895934561836,3.536508206824358,3.536508206824358
upsjav,vq_ctw,15,nearest,256.0,5.0,245.0,0.9999999999983555,0.150913313974503,3.926938186731473,3.926938186731473
upsjav,vq_ctw,15,linear,512.0,5.0,2015.0,0.9963627179521686,0.04492169368040906,3.543597097310747,3.543597097310747
upsjav,vq_ctw,15,nearest,512.0,5.0,245.0,1.0,0.0,3.0908654825207984,3.0908654825207984
upsjav,vq_ctw,15,linear,1024.0,5.0,2015.0,0.9987972216757981,0.015306801212260248,3.731378973516188,3.731378973516188
upsjav,vq_ctw,15,nearest,1024.0,5.0,245.0,1.0,0.0,3.2577475857269307,3.2577475857269307
upthin,direct_ctw,15,linear,,5.0,2003.0,0.9282811232542901,0.6873177404729599,1.5711931849609944,1.756428488197066
upthin,markov_order_1,15,linear,,5.0,2003.0,0.903738269814414,0.8798443620069158,1.5711931849609944,1.756428488197066
upthin,markov_order_2,15,linear,,5.0,2003.0,0.8931107085947001,0.9599529229719083,1.5711931849609944,1.756428488197066
upthin,vq_ctw,15,linear,256.0,5.0,2003.0,0.9999999999980905,0.019702141309216388,3.5221726585388904,3.5221726585388904
upthin,vq_ctw,15,linear,512.0,5.0,2003.0,0.994926715938083,0.05908780929257825,3.5468606402404763,3.5468606402404763
upthin,vq_ctw,15,linear,1024.0,5.0,2003.0,0.998861624639997,0.01391172268000251,3.634044684358963,3.634044684358963
urfhod,direct_ctw,15,linear,,5.0,1862.0,0.8282247454037844,1.4875343579431202,1.7461350952605772,1.9029650716470294
urfhod,direct_ctw,15,nearest,,5.0,76.0,0.8317077456121315,1.108224127887785,1.9449947221975463,2.066047088233931
urfhod,markov_order_1,15,linear,,5.0,1862.0,0.7570551354723963,1.9678254750299804,1.7461350952605772,1.9029650716470294
urfhod,markov_order_1,15,nearest,,5.0,76.0,0.5873447663798457,2.0858261013700576,1.9449947221975463,2.066047088233931
urfhod,markov_order_2,15,linear,,5.0,1862.0,0.7298374809611182,2.1404648598611153,1.7461350952605772,1.9029650716470294
urfhod,markov_order_2,15,nearest,,5.0,76.0,0.5961582233275715,2.0642526697482366,1.9449947221975463,2.066047088233931
urfhod,vq_ctw,15,linear,256.0,5.0,1862.0,0.9895630911332077,0.09411275686825603,5.74314394919615,5.74314394919615
urfhod,vq_ctw,15,nearest,256.0,5.0,76.0,0.9999999999980905,0.16499786729167257,4.7087733017150155,4.7087733017150155
urfhod,vq_ctw,15,linear,512.0,5.0,1862.0,0.9659220747989598,0.302537348818515,5.136475357845421,5.136475357845421
urfhod,vq_ctw,15,nearest,512.0,5.0,76.0,0.9999999999989951,0.08585166976964693,5.637393856236614,5.637393856236614
urfhod,vq_ctw,15,linear,1024.0,5.0,1862.0,0.993141408281113,0.07003013548127728,6.053783472312438,6.053783472312438
urfhod,vq_ctw,15,nearest,1024.0,5.0,76.0,0.986590465214707,0.11134900130917053,5.631327499288647,5.631327499288647
usadri,direct_ctw,15,linear,,5.0,2010.0,0.9201717372626045,0.7970586586986926,1.6813669256958252,1.832933976818166
usadri,markov_order_1,15,linear,,5.0,2010.0,0.8763814106925314,1.1521044665697946,1.6813669256958252,1.832933976818166
usadri,markov_order_2,15,linear,,5.0,2010.0,0.862599385959768,1.2581001758309747,1.6813669256958252,1.832933976818166
usadri,vq_ctw,15,linear,256.0,5.0,2010.0,0.9956141214924266,0.04505369616401178,3.9819276062378344,3.9819276062378344
usadri,vq_ctw,15,linear,512.0,5.0,2010.0,0.9909305125901668,0.10176777670138554,3.9281646174190907,3.9281646174190907
usadri,vq_ctw,15,linear,1024.0,5.0,2010.0,0.9962566307357599,0.043054130646786135,3.9254217789839405,3.9254217789839405
usbekh,direct_ctw,15,linear,,5.0,2015.0,0.8479290122042902,1.3753537170676322,1.7441158275089212,1.9083831974781225
usbekh,direct_ctw,15,nearest,,5.0,220.0,0.83462069648177,0.993040751409461,1.7225378433500418,1.8807094255658239
usbekh,markov_order_1,15,linear,,5.0,2015.0,0.7939638110104656,1.7640183703646901,1.7441158275089212,1.9083831974781225
usbekh,markov_order_1,15,nearest,,5.0,220.0,0.6743906150673024,1.5888487054426192,1.7225378433500418,1.8807094255658239
usbekh,markov_order_2,15,linear,,5.0,2015.0,0.7604147308733694,1.9922762616770353,1.7441158275089212,1.9083831974781225
usbekh,markov_order_2,15,nearest,,5.0,220.0,0.6799027452998456,1.5801888775712134,1.7225378433500418,1.8807094255658239
usbekh,vq_ctw,15,linear,256.0,5.0,2015.0,0.995516265013894,0.048538680473568456,4.679157621924654,4.679157621924654
usbekh,vq_ctw,15,nearest,256.0,5.0,220.0,0.991697879042234,0.10932055296900929,3.997760039096915,3.997760039096915
usbekh,vq_ctw,15,linear,512.0,5.0,2015.0,0.9900327018539632,0.11217185326652171,4.633374371478387,4.633374371478387
usbekh,vq_ctw,15,nearest,512.0,5.0,220.0,1.0,0.0,4.042867229810939,4.042867229810939
usbekh,vq_ctw,15,linear,1024.0,5.0,2015.0,0.9969423171559422,0.03606179976885834,4.881728853141324,4.881728853141324
usbekh,vq_ctw,15,nearest,1024.0,5.0,220.0,1.0,0.0,4.2008774866459815,4.2008774866459815
ushfeo,direct_ctw,15,linear,,5.0,2015.0,0.864505436794569,1.3029464456968571,1.608062186627343,1.7741817473180472
ushfeo,markov_order_1,15,linear,,5.0,2015.0,0.8016145114373436,1.7884448226361895,1.608062186627343,1.7741817473180472
ushfeo,markov_order_2,15,linear,,5.0,2015.0,0.7672345688910467,2.0379460980109485,1.608062186627343,1.7741817473180472
ushfeo,vq_ctw,15,linear,256.0,5.0,2015.0,0.9938052596398066,0.06054093539430638,5.174651976414559,5.174651976414559
ushfeo,vq_ctw,15,linear,512.0,5.0,2015.0,0.9825747360727645,0.1819659741680039,4.754621277998913,4.754621277998913
ushfeo,vq_ctw,15,linear,1024.0,5.0,2015.0,0.9942925402710108,0.062162829726319334,5.141381877614758,5.141381877614758
uthiss,direct_ctw,15,linear,,5.0,2009.0,0.8499620945360498,1.4290568401918347,1.6942825048321692,1.842514141586046
uthiss,markov_order_1,15,linear,,5.0,2009.0,0.7586517768208352,2.1148992686642796,1.6942825048321692,1.842514141586046
uthiss,markov_order_2,15,linear,,5.0,2009.0,0.7199613008993003,2.384355663672869,1.6942825048321692,1.842514141586046
uthiss,vq_ctw,15,linear,256.0,5.0,2009.0,0.9728775417306316,0.22273726910557753,6.134715179945218,6.134715179945218
uthiss,vq_ctw,15,linear,512.0,5.0,2009.0,0.9416272972876222,0.4960691058017029,5.847402165765874,5.847402165765874
uthiss,vq_ctw,15,linear,1024.0,5.0,2009.0,0.9735986597069846,0.2288131737207457,6.589460849095986,6.589460849095986
uthomo,direct_ctw,15,linear,,5.0,2015.0,0.8772734040968958,1.0844387882191733,1.5558916493006727,1.7259971011956512
uthomo,direct_ctw,15,nearest,,5.0,261.0,0.8383258865234879,0.93299838870336,1.6577162030886365,1.850214000678449
uthomo,markov_order_1,15,linear,,5.0,2015.0,0.8407668376451063,1.3425612743429807,1.5558916493006727,1.7259971011956512
uthomo,markov_order_1,15,nearest,,5.0,261.0,0.7248497147862835,1.355162385453325,1.6577162030886365,1.850214000678449
uthomo,markov_order_2,15,linear,,5.0,2015.0,0.8268530918278714,1.4369899878488803,1.5558916493006727,1.7259971011956512
uthomo,markov_order_2,15,nearest,,5.0,261.0,0.7118134835774884,1.3979386092167916,1.6577162030886365,1.850214000678449
uthomo,vq_ctw,15,linear,256.0,5.0,2015.0,0.9966063724704399,0.038104202581609195,3.6445240212846155,3.6445240212846155
uthomo,vq_ctw,15,nearest,256.0,5.0,261.0,0.9965628132229516,0.08263254197245234,3.600857060472229,3.600857060472229
uthomo,vq_ctw,15,linear,512.0,5.0,2015.0,0.9926588183433674,0.07964511524588687,3.645730380466607,3.645730380466607
uthomo,vq_ctw,15,nearest,512.0,5.0,261.0,0.9999999999997147,0.02597501411995526,3.8571616011869865,3.8571616011869865
uthomo,vq_ctw,15,linear,1024.0,5.0,2015.0,0.9995367046202787,0.00653390272004302,4.01502767343117,4.01502767343117
uthomo,vq_ctw,15,nearest,1024.0,5.0,261.0,1.0,0.0,3.9691519209127537,3.9691519209127537
uthsyi,direct_ctw,15,linear,,5.0,1954.0,0.8790010878430318,1.1804833720041181,1.723419662262853,1.8514093194342893
uthsyi,markov_order_1,15,linear,,5.0,1954.0,0.7871830370271423,1.8870108170570756,1.723419662262853,1.8514093194342893
uthsyi,markov_order_2,15,linear,,5.0,1954.0,0.7575702249009133,2.097887743480596,1.723419662262853,1.8514093194342893
uthsyi,vq_ctw,15,linear,256.0,5.0,1954.0,0.9791703548680255,0.1790879695742537,6.7074712076895,6.7074712076895
uthsyi,vq_ctw,15,linear,512.0,5.0,1954.0,0.940238209556839,0.5057839608459856,6.591933863593934,6.591933863593934
uthsyi,vq_ctw,15,linear,1024.0,5.0,1954.0,0.9736079179264912,0.22874646907769033,7.289385756738408,7.289385756738408
utjanr,direct_ctw,15,linear,,5.0,2015.0,0.8722343995461246,1.2118169090839794,1.6869468633078368,1.8454990534524516
utjanr,direct_ctw,15,nearest,,5.0,252.0,0.8313341689844261,1.0173252135515218,1.8151587083086516,1.9827918553346233
utjanr,markov_order_1,15,linear,,5.0,2015.0,0.8167035775252802,1.6348642902541901,1.6869468633078368,1.8454990534524516
utjanr,markov_order_1,15,nearest,,5.0,252.0,0.6354468060021318,1.750896187588605,1.8151587083086516,1.9827918553346233
utjanr,markov_order_2,15,linear,,5.0,2015.0,0.7898198187461846,1.8284427825630014,1.6869468633078368,1.8454990534524516
utjanr,markov_order_2,15,nearest,,5.0,252.0,0.657181784526236,1.6921345529889171,1.8151587083086516,1.9827918553346233
utjanr,vq_ctw,15,linear,256.0,5.0,2015.0,0.9945399837733134,0.05755179690762212,4.643463871947283,4.643463871947283
utjanr,vq_ctw,15,nearest,256.0,5.0,252.0,0.9952511254973505,0.06025127591598376,4.094650027808191,4.094650027808191
utjanr,vq_ctw,15,linear,512.0,5.0,2015.0,0.9854405608775164,0.15056494895684153,4.051722756484923,4.051722756484923
utjanr,vq_ctw,15,nearest,512.0,5.0,252.0,1.0,0.0,4.5384534274648995,4.5384534274648995
utjanr,vq_ctw,15,linear,1024.0,5.0,2015.0,0.9941625016207702,0.06338886956481703,4.444271790442398,4.444271790442398
utjanr,vq_ctw,15,nearest,1024.0,5.0,252.0,1.0,0.0,4.677619047146547,4.677619047146547
utkibe,direct_ctw,15,linear,,5.0,2013.0,0.8941343689504113,1.0687165925043343,1.6133169681630253,1.7821970402103129
utkibe,direct_ctw,15,nearest,,5.0,34.0,0.8352004779437838,1.0283215255648632,1.71604439057847,1.8678758881406463
utkibe,markov_order_1,15,linear,,5.0,2013.0,0.8287056299152729,1.6013807182367117,1.6133169681630253,1.7821970402103129
utkibe,markov_order_1,15,nearest,,5.0,34.0,0.710635169961767,1.539783669815157,1.71604439057847,1.8678758881406463
utkibe,markov_order_2,15,linear,,5.0,2013.0,0.8005909541965038,1.8158697965666506,1.6133169681630253,1.7821970402103129
utkibe,markov_order_2,15,nearest,,5.0,34.0,0.6718930870989624,1.674821170668427,1.71604439057847,1.8678758881406463
utkibe,vq_ctw,15,linear,256.0,5.0,2013.0,0.9811212964404531,0.16501968063393785,5.714047567479997,5.714047567479997
utkibe,vq_ctw,15,nearest,256.0,5.0,34.0,0.9999999999980905,0.21897387996870665,4.408004283012016,4.408004283012016
utkibe,vq_ctw,15,linear,512.0,5.0,2013.0,0.9607296425083285,0.3567478184698494,5.720063491232166,5.720063491232166
utkibe,vq_ctw,15,nearest,512.0,5.0,34.0,1.0,0.0,4.658248869153505,4.658248869153505
utkibe,vq_ctw,15,linear,1024.0,5.0,2013.0,0.9823623828405645,0.16891590647647342,6.020660769707682,6.020660769707682
utkibe,vq_ctw,15,nearest,1024.0,5.0,34.0,1.0,0.0,4.7241520055109465,4.7241520055109465
utlurv,direct_ctw,15,linear,,5.0,2015.0,0.8785005843084652,1.0907258513719054,1.5794952357024334,1.7625365211235948
utlurv,direct_ctw,15,nearest,,5.0,333.0,0.8389635126452055,0.953561785418082,1.63317652098119,1.8227953840258801
utlurv,markov_order_1,15,linear,,5.0,2015.0,0.84437516090042,1.3372733248046291,1.5794952357024334,1.7625365211235948
utlurv,markov_order_1,15,nearest,,5.0,333.0,0.7003782100392225,1.489305601202946,1.63317652098119,1.8227953840258801
utlurv,markov_order_2,15,linear,,5.0,2015.0,0.8255982033727232,1.4673015387057597,1.5794952357024334,1.7625365211235948
utlurv,markov_order_2,15,nearest,,5.0,333.0,0.6961752843975177,1.5007986243287261,1.63317652098119,1.8227953840258801
utlurv,vq_ctw,15,linear,256.0,5.0,2015.0,0.9999999999980905,0.03473688247334238,3.938052607919671,3.938052607919671
utlurv,vq_ctw,15,nearest,256.0,5.0,333.0,0.9939183444934314,0.14351277670120133,3.9819102605769756,3.9819102605769756
utlurv,vq_ctw,15,linear,512.0,5.0,2015.0,0.9896869067442123,0.1095206321018251,3.747057356226684,3.747057356226684
utlurv,vq_ctw,15,nearest,512.0,5.0,333.0,0.999999999999805,0.019715124680430695,4.095298230707922,4.095298230707922
utlurv,vq_ctw,15,linear,1024.0,5.0,2015.0,0.9972787303549071,0.031423037161295984,4.038665250209545,4.038665250209545
utlurv,vq_ctw,15,nearest,1024.0,5.0,333.0,0.9945477589470326,0.036151029806462176,4.226160190911564,4.226160190911564
utthwa,direct_ctw,15,linear,,5.0,696.0,0.9218246027294957,0.7587525337866069,1.5284996642900024,1.6691161328965058
utthwa,direct_ctw,15,nearest,,5.0,78.0,0.8606392742725912,0.8933344243054284,1.440452719622303,1.6734163238380664
utthwa,markov_order_1,15,linear,,5.0,696.0,0.862494923231864,1.2162211539837235,1.5284996642900024,1.6691161328965058
utthwa,markov_order_1,15,nearest,,5.0,78.0,0.7107060074590064,1.5336568037076164,1.440452719622303,1.6734163238380664
utthwa,markov_order_2,15,linear,,5.0,696.0,0.8418250789684391,1.3644670396348217,1.5284996642900024,1.6691161328965058
utthwa,markov_order_2,15,nearest,,5.0,78.0,0.7103934453554326,1.529163758748819,1.440452719622303,1.6734163238380664
utthwa,vq_ctw,15,linear,256.0,5.0,696.0,0.9955889093970747,0.04785645047538321,3.5689416085696166,3.5689416085696166
utthwa,vq_ctw,15,nearest,256.0,5.0,78.0,0.9460488318767171,0.3733436087121412,4.80017854352096,4.80017854352096
utthwa,vq_ctw,15,linear,512.0,5.0,696.0,0.9898554607051872,0.11390725214863487,4.15123354262134,4.15123354262134
utthwa,vq_ctw,15,nearest,512.0,5.0,78.0,0.9999999999990209,0.09871825031400967,4.962783438318687,4.962783438318687
utthwa,vq_ctw,15,linear,1024.0,5.0,696.0,0.9925325576904623,0.07532728329102166,3.7471352999820153,3.7471352999820153
utthwa,vq_ctw,15,nearest,1024.0,5.0,78.0,0.9846946595393027,0.11459560858115451,5.035681319203064,5.035681319203064
uttorh,direct_ctw,15,linear,,5.0,1803.0,0.892581302235282,1.047427146900933,1.6030027986850233,1.7627045446553082
uttorh,direct_ctw,15,nearest,,5.0,151.0,0.8381102366309514,0.904819688675166,1.6037104032883922,1.8018561414855856
uttorh,markov_order_1,15,linear,,5.0,1803.0,0.839200597881476,1.467539402243437,1.6030027986850233,1.7627045446553082
uttorh,markov_order_1,15,nearest,,5.0,151.0,0.7432151488127682,1.237277774624781,1.6037104032883922,1.8018561414855856
uttorh,markov_order_2,15,linear,,5.0,1803.0,0.8125598433537679,1.665137197986747,1.6030027986850233,1.7627045446553082
uttorh,markov_order_2,15,nearest,,5.0,151.0,0.7521416711915078,1.2201552021463153,1.6037104032883922,1.8018561414855856
uttorh,vq_ctw,15,linear,256.0,5.0,1803.0,0.9927394770337892,0.07353543537146635,4.313695582917371,4.313695582917371
uttorh,vq_ctw,15,nearest,256.0,5.0,151.0,0.9866312195751903,0.16128108178570658,3.7489905770378367,3.7489905770378367
uttorh,vq_ctw,15,linear,512.0,5.0,1803.0,0.9851539169021027,0.15310856402403064,4.278454222735269,4.278454222735269
uttorh,vq_ctw,15,nearest,512.0,5.0,151.0,0.9999999999995449,0.044071579041893,3.5314958453179575,3.5314958453179575
uttorh,vq_ctw,15,linear,1024.0,5.0,1803.0,0.9945245870903022,0.059964283657969464,4.404517123853897,4.404517123853897
uttorh,vq_ctw,15,nearest,1024.0,5.0,151.0,0.999999999999431,0.04635839988725802,3.7561918829529692,3.7561918829529692
utvoho,direct_ctw,15,linear,,5.0,2015.0,0.9017173430757945,0.8272170324890149,1.52583583593639,1.7131555848023274
utvoho,direct_ctw,15,nearest,,5.0,257.0,0.8600868506475345,0.8106398514717631,1.5223624243380132,1.7268125885395018
utvoho,markov_order_1,15,linear,,5.0,2015.0,0.878308164129674,0.9845178246017195,1.52583583593639,1.7131555848023274
utvoho,markov_order_1,15,nearest,,5.0,257.0,0.7524241321168844,1.265223023906127,1.5223624243380132,1.7268125885395018
utvoho,markov_order_2,15,linear,,5.0,2015.0,0.8735815852116307,1.0153369340447869,1.52583583593639,1.7131555848023274
utvoho,markov_order_2,15,nearest,,5.0,257.0,0.7609777027264306,1.2250684169247623,1.5223624243380132,1.7268125885395018
utvoho,vq_ctw,15,linear,256.0,5.0,2015.0,1.0,0.0,3.642277641277383,3.642277641277383
utvoho,vq_ctw,15,nearest,256.0,5.0,257.0,0.9927687319888335,0.2965897110086071,4.276113078088433,4.276113078088433
utvoho,vq_ctw,15,linear,512.0,5.0,2015.0,1.0,0.0,3.8242143001666884,3.8242143001666884
utvoho,vq_ctw,15,nearest,512.0,5.0,257.0,1.0,0.0,3.8519064881155676,3.8519064881155676
utvoho,vq_ctw,15,linear,1024.0,5.0,2015.0,1.0,0.0,3.8486380704095136,3.8486380704095136
utvoho,vq_ctw,15,nearest,1024.0,5.0,257.0,0.9999999999997325,0.025894196246404048,3.9605299658715873,3.9605299658715873
utwoab,direct_ctw,15,linear,,5.0,2014.0,0.861410235607041,1.2074529685942654,1.6827910456836526,1.8434619639093248
utwoab,direct_ctw,15,nearest,,5.0,338.0,0.8473230833420128,0.92728080808538,1.6135358283406378,1.796431430756155
utwoab,markov_order_1,15,linear,,5.0,2014.0,0.821589406520882,1.483639015849364,1.6827910456836526,1.8434619639093248
utwoab,markov_order_1,15,nearest,,5.0,338.0,0.7110251856108725,1.472878604749288,1.6135358283406378,1.796431430756155
utwoab,markov_order_2,15,linear,,5.0,2014.0,0.8040961439540582,1.5998430014847036,1.6827910456836526,1.8434619639093248
utwoab,markov_order_2,15,nearest,,5.0,338.0,0.712287859011915,1.4697722035334362,1.6135358283406378,1.796431430756155
utwoab,vq_ctw,15,linear,256.0,5.0,2014.0,0.9975962675224817,0.02818720106682082,3.802506693257919,3.802506693257919
utwoab,vq_ctw,15,nearest,256.0,5.0,338.0,0.9775098103396472,0.21731107498409602,4.410875459709868,4.410875459709868
utwoab,vq_ctw,15,linear,512.0,5.0,2014.0,0.9963776888024845,0.044758391615982024,3.879548556497283,3.879548556497283
utwoab,vq_ctw,15,nearest,512.0,5.0,338.0,0.9999999999991865,0.0770269168525124,4.429096547167709,4.429096547167709
utwoab,vq_ctw,15,linear,1024.0,5.0,2014.0,0.9981835413190352,0.02337413182770745,3.8885997648656674,3.8885997648656674
utwoab,vq_ctw,15,nearest,1024.0,5.0,338.0,0.9939206550914238,0.046508729459272875,4.5456751446132,4.5456751446132
uvburk,direct_ctw,15,linear,,5.0,2015.0,0.9434873235286657,0.590744619154929,1.9247372338264161,2.0945882655578303
uvburk,markov_order_1,15,linear,,5.0,2015.0,0.9049389241255172,0.9195954297797411,1.9247372338264161,2.0945882655578303
uvburk,markov_order_2,15,linear,,5.0,2015.0,0.899419408552714,0.9643712861401167,1.9247372338264161,2.0945882655578303
uvburk,vq_ctw,15,linear,256.0,5.0,2015.0,0.9970438916342637,0.03205203557518868,3.473464464125004,3.473464464125004
uvburk,vq_ctw,15,linear,512.0,5.0,2015.0,0.991846176067082,0.09117980705435212,3.5320614076646137,3.5320614076646137
uvburk,vq_ctw,15,linear,1024.0,5.0,2015.0,0.9973088279793104,0.03223567034451169,3.536127073066813,3.536127073066813
uvigch,direct_ctw,15,linear,,5.0,2014.0,0.8768926389449654,1.159229454580714,1.5704120891796745,1.7530718672859353
uvigch,direct_ctw,15,nearest,,5.0,166.0,0.863592772951628,0.8681498131443353,1.469339757851218,1.6734141426866054
uvigch,markov_order_1,15,linear,,5.0,2014.0,0.825307069374762,1.5495484293484476,1.5704120891796745,1.7530718672859353
uvigch,markov_order_1,15,nearest,,5.0,166.0,0.7546758569869398,1.3359294899483232,1.469339757851218,1.6734141426866054
uvigch,markov_order_2,15,linear,,5.0,2014.0,0.7975185794924489,1.7482593478801076,1.5704120891796745,1.7530718672859353
uvigch,markov_order_2,15,nearest,,5.0,166.0,0.7308665500775254,1.4255840968226754,1.469339757851218,1.6734141426866054
uvigch,vq_ctw,15,linear,256.0,5.0,2014.0,0.9963738436044045,0.04036775735287926,4.894244429944122,4.894244429944122
uvigch,vq_ctw,15,nearest,256.0,5.0,166.0,0.9730609214727713,0.1914179617784258,4.407839695118551,4.407839695118551
uvigch,vq_ctw,15,linear,512.0,5.0,2014.0,0.9885026164401332,0.12700981495274996,4.629655608351546,4.629655608351546
uvigch,vq_ctw,15,nearest,512.0,5.0,166.0,0.9877555162033114,0.14132843339200937,5.413008136790686,5.413008136790686
uvigch,vq_ctw,15,linear,1024.0,5.0,2014.0,0.9961725177408052,0.043898615607599195,4.890417204272331,4.890417204272331
uvigch,vq_ctw,15,nearest,1024.0,5.0,166.0,0.9866730314317752,0.13442708422244695,4.901870874634281,4.901870874634281
uvjeah,direct_ctw,15,linear,,5.0,2015.0,0.8565271684776381,1.3945524642370393,1.6900224479850023,1.840764128734778
uvjeah,direct_ctw,15,nearest,,5.0,40.0,0.8082476760021764,1.0886274751512428,1.7616978254808173,1.9355886522686578
uvjeah,markov_order_1,15,linear,,5.0,2015.0,0.7661029276781981,2.091049537496208,1.6900224479850023,1.840764128734778
uvjeah,markov_order_1,15,nearest,,5.0,40.0,0.6832269324218915,1.534383842277696,1.7616978254808173,1.9355886522686578
uvjeah,markov_order_2,15,linear,,5.0,2015.0,0.7214430804301747,2.4092070032672406,1.6900224479850023,1.840764128734778
uvjeah,markov_order_2,15,nearest,,5.0,40.0,0.683571904489869,1.5333109567570993,1.7616978254808173,1.9355886522686578
uvjeah,vq_ctw,15,linear,256.0,5.0,2015.0,0.9845132003383101,0.13983411156660192,6.49755930010106,6.49755930010106
uvjeah,vq_ctw,15,nearest,256.0,5.0,40.0,0.9999999999980906,0.1704678133626309,3.289135359004687,3.289135359004687
uvjeah,vq_ctw,15,linear,512.0,5.0,2015.0,0.9615849502724677,0.3567502791626832,5.968668093294106,5.968668093294106
uvjeah,vq_ctw,15,nearest,512.0,5.0,40.0,1.0,0.0,3.170414658917347,3.170414658917347
uvjeah,vq_ctw,15,linear,1024.0,5.0,2015.0,0.9859376701342002,0.13930779550695443,6.286686750643186,6.286686750643186
uvjeah,vq_ctw,15,nearest,1024.0,5.0,40.0,1.0,0.0,3.232912331796297,3.232912331796297
uvjova,direct_ctw,15,linear,,5.0,2015.0,0.9037963901929398,0.8979344233794422,1.6785481190497549,1.8128427581528554
uvjova,direct_ctw,15,nearest,,5.0,38.0,0.8354914027143079,0.8094958643830283,1.639721514002152,1.8218549661730723
uvjova,markov_order_1,15,linear,,5.0,2015.0,0.85700720507813,1.2476399282673611,1.6785481190497549,1.8128427581528554
uvjova,markov_order_1,15,nearest,,5.0,38.0,0.7729078048136215,1.077620212441882,1.639721514002152,1.8218549661730723
uvjova,markov_order_2,15,linear,,5.0,2015.0,0.8507512816279166,1.2922568015419993,1.6785481190497549,1.8128427581528554
uvjova,markov_order_2,15,nearest,,5.0,38.0,0.7729078048136215,1.0536455234673037,1.639721514002152,1.8218549661730723
uvjova,vq_ctw,15,linear,256.0,5.0,2015.0,0.9966018630065336,0.036160531634554335,4.512649704307067,4.512649704307067
uvjova,vq_ctw,15,nearest,256.0,5.0,38.0,1.0,0.0,2.6238497586797402,2.6238497586797402
uvjova,vq_ctw,15,linear,512.0,5.0,2015.0,0.9873932733889235,0.12688863610418946,4.611239137158482,4.611239137158482
uvjova,vq_ctw,15,nearest,512.0,5.0,38.0,1.0,0.0,2.851019376477843,2.851019376477843
uvjova,vq_ctw,15,linear,1024.0,5.0,2015.0,0.9978658328172106,0.02539280794268949,4.893682206806054,4.893682206806054
uvjova,vq_ctw,15,nearest,1024.0,5.0,38.0,1.0,0.0,2.988161321489879,2.988161321489879
uvreoi,direct_ctw,15,linear,,5.0,2015.0,0.8667753265319275,1.3102708088928567,1.6523189313645847,1.816520593746976
uvreoi,direct_ctw,15,nearest,,5.0,113.0,0.8300463950416618,1.0316749997145296,1.7812583546919925,1.9360455971748145
uvreoi,markov_order_1,15,linear,,5.0,2015.0,0.7712827115605283,2.053146017911888,1.6523189313645847,1.816520593746976
uvreoi,markov_order_1,15,nearest,,5.0,113.0,0.6771045808833408,1.622714224468488,1.7812583546919925,1.9360455971748145
uvreoi,markov_order_2,15,linear,,5.0,2015.0,0.7283306232125122,2.3611131827970993,1.6523189313645847,1.816520593746976
uvreoi,markov_order_2,15,nearest,,5.0,113.0,0.6662538591073591,1.659493675390583,1.7812583546919925,1.9360455971748145
uvreoi,vq_ctw,15,linear,256.0,5.0,2015.0,0.9862774307393289,0.12631650770803945,8.560676394437328,8.560676394437328
uvreoi,vq_ctw,15,nearest,256.0,5.0,113.0,0.9556726188903866,0.2929919840405478,5.089940454621983,5.089940454621983
uvreoi,vq_ctw,15,linear,512.0,5.0,2015.0,0.9685369214848558,0.30141247693197426,8.185668172554248,8.185668172554248
uvreoi,vq_ctw,15,nearest,512.0,5.0,113.0,0.9768092225133087,0.2804951000246001,6.272092283760888,6.272092283760888
uvreoi,vq_ctw,15,linear,1024.0,5.0,2015.0,0.99037967697852,0.09750613017392333,7.763844997946919,7.763844997946919
uvreoi,vq_ctw,15,nearest,1024.0,5.0,113.0,0.9668539624519735,0.2754215997923794,7.590509415506084,7.590509415506084
