user_id,sample_interval_min,interpolation_method,tolerance_km,predictability_direct_ctw,predictability_markov_order_1,predictability_markov_order_2,predictability_vq_ctw_K1024,predictability_vq_ctw_K256,predictability_vq_ctw_K512,entropy_rate_bits_direct_ctw,entropy_rate_bits_markov_order_1,entropy_rate_bits_markov_order_2,entropy_rate_bits_vq_ctw_K1024,entropy_rate_bits_vq_ctw_K256,entropy_rate_bits_vq_ctw_K512
abboip,15,linear,5.0,0.8921007548334616,0.8560640623029185,0.8441874666598261,0.9977610894992771,0.9999999999980905,0.9914065273905357,0.974716052785363,1.2363270528497068,1.319032356352178,0.026484136593906336,0.04078066613529685,0.09127083832993445
abboip,15,nearest,5.0,0.8456550785049001,0.7221674938851368,0.720994459877162,0.9999999999997236,0.9847334614029646,0.999999999999421,0.9092064181880498,1.3770907077004528,1.381705387330573,0.03909995629351672,0.179664457060727,0.05918575184041578
abcoij,15,linear,5.0,0.9885112697219717,0.9834630652612184,0.9839188644245366,1.0,1.0,1.0,0.1171843672539904,0.15992526121938574,0.1561711000204056,0.0,0.0,0.0
abdrem,15,linear,5.0,0.836036815190947,0.7556509111013273,0.7209848283669217,0.9856957241999516,0.9849071519265032,0.9686504491391765,1.5278485438334857,2.119806014811421,2.3586438113484065,0.14135006098258762,0.13684242042940098,0.30049100797233425
abgibo,15,linear,5.0,0.8566775335923154,0.7927659557602567,0.7576176559081736,0.9896651894513736,0.9894353569533666,0.9772332132988145,1.339506053013225,1.8157384331743887,2.061659157564987,0.1036742564054195,0.09507818965944767,0.22061987621927126
abgibo,15,nearest,5.0,0.8488120601274969,0.6784571378371834,0.6798839625416475,0.9999999999995008,0.9999999999985273,1.0,0.933635978463617,1.6159873963704279,1.6051799086002543,0.07375035305134131,0.1661763642374934,0.0
abjool,15,linear,5.0,0.9661113317842819,0.943840371560349,0.9423373582240195,0.9988478663571214,0.9988191177243635,0.9963255383326292,0.35748984549075935,0.5505695857333018,0.5630424623914911,0.015212011981158713,0.015059466413922189,0.04603473098991796
abjool,15,nearest,5.0,0.824987229147327,0.6696329008463936,0.6757751314048903,1.0,0.9371763816994023,0.9999999999990321,1.0090195509564028,1.5726847527238197,1.5534963667317923,0.0,0.4201224941750098,0.09174789719157642
abmuya,15,linear,5.0,0.8799400862764419,0.8343431128589734,0.8127615730330147,0.9958143499378909,0.99479445713124,0.9859139582831008,1.1243334424129139,1.468369220836287,1.6232745083633606,0.04572808718676624,0.05218384516151422,0.1432133282878545
abmuya,15,nearest,5.0,0.8331320401302388,0.7023472559592084,0.702782948867242,0.9868709747251598,0.9858796614279963,0.9999999999994169,0.9514166322775327,1.4518882904164645,1.4485516402681318,0.09467526127917966,0.16083394126896058,0.07310703716432009
abniar,15,linear,5.0,0.8630864033177218,0.8029477441444521,0.7716405209497703,0.9940293989192592,0.9941781046499394,0.9862520704763762,1.2997418001677508,1.7574937167955191,1.9821122239611548,0.06463944487634739,0.0608256787487688,0.14830302741792087
abniar,15,nearest,5.0,0.8447148037601818,0.7284015661201628,0.7142947811081596,0.9999999999995974,0.969738810314335,1.0,0.9520131644007576,1.4210240266202605,1.4723316298613385,0.03664583073139634,0.283477050375964,0.0
abnovk,15,linear,5.0,0.8874106756403745,0.8419022446316814,0.8273416554141296,0.9962538549870339,0.9999999999980905,0.9870024105757048,1.030525707576459,1.3639225374761648,1.4655504887440607,0.04152725157029267,0.04390495790212019,0.13366529887662246
abnovk,15,nearest,5.0,0.8281864833501053,0.6834540839522739,0.6803075879221334,0.9796933690360345,0.9736461716758396,0.9999999999995839,1.0201237865440271,1.5578812392344883,1.5749662623590581,0.12960146710956746,0.2415634252091226,0.12464685316772371
abtyff,15,linear,5.0,0.8815712153147259,0.8412378350033118,0.8264915625907472,0.9994134887519083,0.9999999999980905,0.9954183615035713,1.0678190646030277,1.3592585924762668,1.461197689446884,0.0077289428634964895,0.013546138246997252,0.05135698644375867
abtyff,15,nearest,5.0,0.8365867083187002,0.5893661887383164,0.5797166459959269,0.9350361452662067,0.8853587121112947,0.9612581299143,1.0648302883263734,2.038305083263774,2.06800231467188,0.44980751502085675,0.695460818464651,0.2752355424134816
abwecn,15,linear,5.0,0.8869060913122204,0.8377487821264888,0.8143129991361173,0.9928601047130688,0.9912183408732015,0.9796116171336919,1.079668409363496,1.4581271735654344,1.629039714441587,0.07545022772681816,0.08652213104620378,0.20478083165291394
abwecn,15,nearest,5.0,0.8739002021604191,0.7787754015292985,0.7468983397115673,1.0,0.9439253932205465,1.0,0.7988436044655407,1.204846485067721,1.322360550534037,0.0,0.3677359454754907,0.0
abyalw,15,linear,5.0,0.8993730322100617,0.8682206424120434,0.8667776243521015,0.9999999999980905,0.9999999999980905,0.9973914913706778,0.8822888812976708,1.1009411917823704,1.1107513052939813,0.006237434371790093,0.006676424961649426,0.03028043767066275
abyalw,15,nearest,5.0,0.8218083401689131,0.7423164849404386,0.7387354128069777,0.9999999999989279,0.9820165670548424,0.9792245387024292,0.9301256325650691,1.264163079134078,1.275538070499099,0.10585895600126344,0.2512334303309674,0.13547129795151197
acdiyi,15,linear,5.0,0.9030473110898254,0.8527878814777288,0.8300794728268321,0.9963862524299734,0.9955268868933765,0.9842072167074868,0.9202598642868223,1.3027964936048737,1.4654759373315136,0.04024752154694233,0.04843903366793162,0.15794040005299786
acdiyi,15,nearest,5.0,0.8168378341231142,0.6811503564618959,0.6775405083960511,1.0,0.9840662812151415,0.9999999999993635,0.9766170418456763,1.4042772904010288,1.4180238004265757,0.0,0.1082610393483166,0.0522718098430129
acduou,15,linear,5.0,0.8866670535200225,0.8404234290349009,0.8215915193716616,0.9930695412903476,0.9940106189450614,0.9837713195292382,1.0765527266458272,1.4311784698900343,1.5686253906409817,0.0735357543441691,0.06232972671876817,0.16526622947657613
acduou,15,nearest,5.0,0.809741128657308,0.6479207732532324,0.658610232448029,1.0,0.999999999998686,1.0,1.0353237144008776,1.5693216470635591,1.5404039748938303,0.0,0.12296129879883541,0.0
acgerl,15,linear,5.0,0.8974787989856177,0.8580956478246776,0.8451536046334157,0.99822129576833,0.9972753520695791,0.9927526567470671,0.9200262997655725,1.202504899004523,1.2910716727388616,0.021631411469812116,0.02986334645319329,0.08228011341593189
acgerl,15,nearest,5.0,0.917032323544011,0.8562734361614426,0.8383112267467878,1.0,1.0,1.0,0.544051277080759,0.8217169678336624,0.8946050151367302,0.0,0.0,0.0
acitva,15,linear,5.0,0.8668276716482008,0.7986406202247447,0.7719346292427891,0.9807001302241978,0.9999999999980905,0.9537338293585,1.2258364181419175,1.7222124336752849,1.9045041536213336,0.1680808339672004,0.15662229415693182,0.38991532924060324
acitva,15,nearest,5.0,0.8629263180766447,0.8086777391138833,0.7857175571838267,1.0,0.9999999999980905,1.0,0.7135971226531751,0.8955516076376122,0.9638715677650445,0.0,0.3119796733575135,0.0
ackgri,15,linear,5.0,0.8729517134044543,0.7783975175547201,0.7377151174873481,0.9818263395563376,0.9813216420870425,0.9580504963514546,1.2299549717505256,1.9503296368102647,2.2353796529624277,0.16740690085108312,0.1526325427726647,0.38413706191126784
acpegh,15,linear,5.0,0.863714283709851,0.8159600242500392,0.7920424194011119,0.9953460491659923,0.99489070114115,0.9866792293896013,1.2431672617562008,1.5918997266500292,1.7579856453886087,0.05206217037370925,0.051356945917198894,0.13947615102705513
acpegh,15,nearest,5.0,0.8383888355998079,0.7101133253355025,0.7083916558862546,0.9968850422350112,0.9779689129844413,0.9999999999994734,0.9533441680505298,1.4203527408194723,1.4272703703009573,0.07195839085096843,0.20774229802665334,0.050439464488077235
acvebr,15,linear,5.0,0.8806759468272165,0.8284920237195161,0.8089663725980432,0.9939104963695298,0.9999999999980905,0.9853178515613151,1.1070887335202217,1.4943252811418881,1.6316664589207484,0.06322558435146886,0.0611478585179421,0.14838964777501482
acvebr,15,nearest,5.0,0.8401930479031268,0.6786566765648288,0.679095889009835,1.0,0.9920357791850455,0.9999999999997575,0.9678236658057195,1.59677766162041,1.5992678313861057,0.0,0.09262904724053582,0.025672089698604687
adkavy,15,linear,5.0,0.8765700918731198,0.7883156306482906,0.7431111698965337,0.9856077969879444,0.9839383751959174,0.95533839915788,1.2321634412799805,1.933236350773886,2.26437143339965,0.1458764099209944,0.14417311701413388,0.41163423817133804
adkavy,15,nearest,5.0,0.8123628829483215,0.6384469055335062,0.6468362847223734,0.9793697432023198,0.9765091172293543,0.9999999999980905,1.0717764731439152,1.6670710159079156,1.6431892592707653,0.16559503731194025,0.18410676202163367,0.18140104630996998
adners,15,linear,5.0,0.8584796982460936,0.7998974719078802,0.7732971503859508,0.9951001334401656,0.9999999999980905,0.9783366053006358,1.295808047742032,1.7226457440740046,1.9057334487661788,0.05241465208176473,0.05563245976015439,0.20667990905762249
adners,15,nearest,5.0,0.8164217848215048,0.707689244202699,0.681148222336804,1.0,0.9999999999990742,1.0,1.0298915787264702,1.4371176749402814,1.5242718732583536,0.0,0.09802070612194515,0.0
adpaif,15,linear,5.0,0.8686902701439878,0.8144938321777848,0.792426141589528,0.9941643971241441,0.9941541615398031,0.9856430025237678,1.2053416930702139,1.6022339489892283,1.7553618065723555,0.06337102869418125,0.06104111548162615,0.14557067064990487
adpaif,15,nearest,5.0,0.8466724956051963,0.7124571022504543,0.72587626286081,0.9849268389280708,0.9929155346959673,0.999999999999375,0.9107792119774825,1.4181600502325233,1.3849401414184022,0.11205918318241632,0.15651174484855992,0.053633709196179956
aducri,15,linear,5.0,0.8718288511437844,0.7870047278987558,0.7419252766116806,0.9905332720945091,0.98565935998243,0.9716406277138621,1.290011678394371,1.9729330477337337,2.309018184594753,0.1017079261218146,0.1310879328211768,0.27599334009905835
aducri,15,nearest,5.0,0.8808702287241066,0.7981204704910645,0.7806465252209663,0.9999999999996146,0.9809855484674891,0.9999999999996146,0.8684407392394693,1.240812297089286,1.3135352783112304,0.031952474231668644,0.22092059507482703,0.0418845996674101
afmorc,15,linear,5.0,0.885065413370424,0.8271180480071786,0.8015476161957276,0.9927682312690344,0.9922044886906566,0.9842878541230085,1.1088262357518268,1.558041918559205,1.7448059838905976,0.08051752989280914,0.07815125000247512,0.16377205269743864
afpans,15,linear,5.0,0.8700540785786746,0.8411364915075409,0.8336953140672141,0.9999999999980905,0.9999999999980905,0.9960806469452191,1.0649743540502168,1.252246107856261,1.2989154608839464,0.006234694673792598,0.017667433380532623,0.04089857799088624
afpans,15,nearest,5.0,0.8158704549095157,0.660459790277011,0.6500531546881849,1.0,0.9999999999993072,1.0,1.0455464173803841,1.590227318222979,1.6223806300542722,0.0,0.06068045631981871,0.0
afsfat,15,linear,5.0,0.8652044139445906,0.8031268521729849,0.7744511668273812,0.994921730757516,0.9931412108989348,0.986829428277751,1.250406987128245,1.7087358861987763,1.9079280587123304,0.056168059982949395,0.07003186505030266,0.138120386667769
afweka,15,linear,5.0,0.8834262360170732,0.8324027880146505,0.8087553565558856,0.9967073966389832,0.9962040115487151,0.9904441646203136,1.126716984882235,1.5252684504398972,1.7003479600183764,0.03848023684677221,0.04200726049906562,0.10650152619820208
afweka,15,nearest,5.0,0.8476343873661942,0.7257423914973857,0.6988334851060967,0.9911965550652954,0.9783336411604057,0.9814241348536249,0.9210582751911346,1.417678260094487,1.5087390010350856,0.08788583920719377,0.2034832994226426,0.1523626888223805
agcowk,15,linear,5.0,0.899448697876434,0.8572694485767118,0.8402920435758021,0.9989200387634836,0.9994616413013333,0.9927586045804823,0.9488508777035711,1.2700131652266156,1.3930038016743407,0.013911718319244435,0.007475871667275437,0.08061076386998807
agcowk,15,nearest,5.0,0.8294669710967769,0.7285044874488628,0.7296598885493267,1.0,0.9909320683908652,0.9999999999987834,0.959692833088398,1.3099867976963147,1.3217962539688508,0.0,0.1340097291362117,0.09270900842877364
agdrea,15,linear,5.0,0.8455345907125231,0.7549304951966764,0.7155653093355122,0.9760783954397567,0.9731181475207992,0.9418846374601602,1.4788949287988986,2.1646298748217623,2.4413410051168896,0.21847051501481296,0.22111167447766159,0.5129727879294353
agdrea,15,nearest,5.0,0.813447640859661,0.734311926901166,0.7171179203290783,1.0,0.9908982736151618,0.9999999999990202,0.9929198557312574,1.4113848593231149,1.4467948326345526,0.0,0.07506142023828033,0.07125050767915969
aggjuo,15,linear,5.0,0.858858066668482,0.8068017328617546,0.7914608369750196,0.9999999999980905,0.9999999999980905,0.9942880482548508,1.207161809894297,1.5567023616526872,1.6546513078923808,0.006670512601248477,0.017659739002870593,0.05983457872453612
aggjuo,15,nearest,5.0,0.852741993268373,0.7040640812607935,0.7007308477940138,1.0,0.9999999999986663,0.9999999999991156,0.9558595230881681,1.5772853768204884,1.589530132378032,0.0,0.10279210527581886,0.05522323318722786
agivle,15,linear,5.0,0.863429732299847,0.8160504463879124,0.7902419535088135,0.997711699644156,0.9944640531311167,0.9860153789331264,1.2517816047948802,1.5999635908904095,1.7802025400708064,0.02794598470644406,0.055003222147819955,0.14543907823954658
agivle,15,nearest,5.0,0.8271405574748406,0.7286515175959591,0.7303982113443334,0.9934373253186004,0.9801347728931536,0.9960889251172154,0.9449756797236268,1.3648742150687427,1.3493784990336655,0.06438237025861272,0.26039545175071077,0.07208584582706047
agjitf,15,linear,5.0,0.8664593939894931,0.8232534155534169,0.7975629431014983,0.9977741107130945,0.9969877687389336,0.9908767742153218,1.2347719960031922,1.556640733267386,1.738960797557146,0.026348860183433638,0.03257870202390244,0.10053511185160181
agjitf,15,nearest,5.0,0.8368828296870033,0.7205080543490309,0.7356962173504991,0.9999999999994617,0.9891669643693392,0.9999999999994617,0.9376061851514287,1.3629838294503451,1.319856623979047,0.03275500188250839,0.1712407590318001,0.03299738325292262
agsuec,15,linear,5.0,0.8644270288343237,0.7901164427888598,0.7514302510239277,0.9904771551654643,0.9899892945967826,0.9751099536651556,1.3126777141349781,1.8871050333229058,2.166052897354712,0.09665873691510282,0.09673069015107204,0.23795461797369433
agsuec,15,nearest,5.0,0.8404845942037028,0.6612768486518272,0.668453591794617,0.9938907214119521,0.986070998912837,0.9999999999990128,0.9918546743630992,1.6921884611140843,1.671578581671888,0.10809448061313184,0.21221027971098272,0.10945170151489292
agvexp,15,linear,5.0,0.8314577005214879,0.7372038094613148,0.6925489415585403,0.9854497600307991,0.9839188251198137,0.9488704299719875,1.5689144286487762,2.2569383224852735,2.5585200417252856,0.13873597391379,0.14432015204975887,0.44456475891593983
agyamk,15,linear,5.0,0.9065209126848514,0.8496244707778089,0.8229248773125526,0.9764507686476939,0.9790712081584811,0.9511721505832682,0.94546614386065,1.4110670231791322,1.616017587885764,0.22180341949686683,0.17979551133091948,0.4361773456925632
aichas,15,linear,5.0,0.8840600168179258,0.8090879780641629,0.7845627861091764,0.9883702953801967,0.9843412741892598,0.9671563124274805,1.1303662011746045,1.7124222694935536,1.890420362496196,0.12147549212007765,0.14113510389801118,0.3125702440014678
ailbcu,15,linear,5.0,0.889797103532276,0.830870470933653,0.8018973656283708,0.9962862996752926,0.994150040844864,0.9839680019931037,1.065789497241992,1.523222851988281,1.7342415727409732,0.04492798345542438,0.06107817847784198,0.16354762175773857
ailbcu,15,nearest,5.0,0.8245909018207654,0.6949315053189474,0.7268956545928021,1.0,0.999999999998739,1.0,0.9725331215332707,1.407429812154296,1.3157879911644053,0.0,0.12467606760067648,0.0
aimidd,15,linear,5.0,0.8818532778233569,0.8192454222874385,0.789682148111172,0.9938285994129856,0.9938618445293413,0.9801158992913263,1.1440355424815285,1.6303119222321136,1.8458227045803954,0.06651795043508002,0.06366003684118977,0.19661103427362314
aimidd,15,nearest,5.0,0.8435031810896587,0.7422635578289438,0.7302003054115973,0.9905260511787233,0.9692820439223724,0.9999999999993584,0.9096665960322904,1.29148417829961,1.3354706681851976,0.07172265615300077,0.328151451062279,0.07242685345262177
ainpli,15,linear,5.0,0.8548312666818854,0.7914709933678379,0.7615679557488191,0.9926193294221928,0.9907425374394014,0.9757026155993607,1.353866561625076,1.8249837008351824,2.034523702022298,0.0819575696971294,0.09050212473630358,0.24195346687135508
ainpli,15,nearest,5.0,0.8291743118267034,0.6766088683868319,0.6773813333702857,0.9891281789833686,0.9759949312043893,0.99513341664021,0.9974602193200683,1.5769593575089118,1.5769663680723185,0.1464655016997638,0.22358454970327746,0.11637730627275493
aitpyg,15,linear,5.0,0.8693522706736874,0.8180172532441253,0.7946509597235054,0.994991576356289,0.9935173133407396,0.9845844062792224,1.1938960991068686,1.5684641230175935,1.730079764609689,0.05549585752165105,0.0667208715411915,0.16110811078929327
aitpyg,15,nearest,5.0,0.8252642679317225,0.6564381769049219,0.6942934737333915,0.9846829816594465,0.9719129831045257,0.9999999999990697,0.9944345147644185,1.587205518161282,1.4840513029696327,0.11351473303266427,0.19946627593071578,0.08639908854210586
aivtyt,15,linear,5.0,0.8729395220863625,0.8246740150491734,0.8031079119822002,0.9965257281718624,0.9939674619517188,0.976947358051758,1.1393716532585507,1.483933205899192,1.6300070945197918,0.03889177063080117,0.05918736555372616,0.21784339512494444
aivtyt,15,nearest,5.0,0.8806125000955006,0.7804591312423533,0.7794988509251116,1.0,0.9999999999985576,1.0,0.9123470626674046,1.310014974152176,1.306515962597302,0.0,0.18575002027333198,0.0
aiwalb,15,linear,5.0,0.8505582095815308,0.7812578611768746,0.7495075939800256,0.9908767835285476,0.9852585715697686,0.9670520538047394,1.3687211759559756,1.8707065283258826,2.0864284446916135,0.08938287201319914,0.12553783611280003,0.3134092779999081
aiwalb,15,nearest,5.0,0.8253010126399158,0.671388989287636,0.6805906356006345,1.0,0.9840042447211248,0.9790033606963509,1.0760405953353334,1.6677384013215915,1.6429525610754603,0.0,0.15889714232469412,0.15651549566903258
ajixdo,15,linear,5.0,0.8797527687412775,0.8355282637051116,0.8232672675215227,0.9971206335020787,0.9999999999980905,0.9884948910611691,1.0408726287023216,1.3435648547563543,1.4236249004015675,0.03132937583960772,0.04089280072501248,0.11362382756158453
ajixdo,15,nearest,5.0,0.8441434358189421,0.7307148935311107,0.7294053184560256,0.9968284737685257,0.9867195685744852,0.999999999999081,0.9017201043751766,1.323955140184753,1.3363319995634533,0.08089818667496096,0.1515586888769467,0.08245188860141722
ajsips,15,linear,5.0,0.8649823642910609,0.8064170678838547,0.7745846873434822,0.9936530298718157,0.993278588254648,0.9829872888503249,1.2846627286111154,1.7320704512441754,1.9613437400099412,0.070195911091151,0.06882603403682541,0.17536015155063656
ajsips,15,nearest,5.0,0.8299711553660453,0.6773008501826241,0.6709698551845835,0.9902282572280952,0.9717815041944508,0.9999999999993551,1.0053419074402705,1.5746248603397743,1.6019214742700574,0.07674717336645549,0.22021657960974184,0.08152434791368396
ajsned,15,linear,5.0,0.8581524614121121,0.7867291833384746,0.7467669117608761,0.9926333694301472,0.9915585186380841,0.9806880278910676,1.376961729251648,1.932320145517505,2.22296803756095,0.07751277299884049,0.08365372269468324,0.1954957605918408
ajsned,15,nearest,5.0,0.8326195746807843,0.6350118939181586,0.6409833787547656,0.9849396663272101,0.9662288390057627,0.9999999999990068,1.0121972956703658,1.7751873409207228,1.7628476294592978,0.18885486353190722,0.21566771405730317,0.17132204548871904
ajthof,15,linear,5.0,0.8836339144319539,0.8415793743326947,0.8272538500889643,0.998729540237858,0.9970355163376616,0.9932052961948242,1.0592116535625629,1.3662003691635969,1.466156694449599,0.016595014486647255,0.032130727966399694,0.07626456194895473
ajthof,15,nearest,5.0,0.8059937947994209,0.6471113229447956,0.6706796290722586,1.0,0.9909457120684098,0.9999999999994648,1.0726858577885712,1.5973534030544698,1.5334070489042215,0.0,0.1250761226332998,0.050739367386250595
ajtreo,15,linear,5.0,0.8727835531309941,0.797813329554033,0.7698062947596616,0.9793008181140486,0.9814445226210785,0.9453885849498153,1.2221446497560386,1.7949178137395305,1.9950151428323109,0.17815588339654195,0.16266102758893675,0.4589855938755628
ajtreo,15,nearest,5.0,0.8734561048324202,0.765145862183469,0.7511162615259743,1.0,1.0,1.0,0.8009708300473022,1.256085926230966,1.3072715701792825,0.0,0.0,0.0
akgicj,15,linear,5.0,0.8734689959666673,0.8158422030240267,0.7865185791446219,0.9957179180336515,0.9961152585737264,0.9873544556602868,1.216614359235448,1.6624367989999647,1.8764200354532876,0.04979633859315626,0.042859642643153034,0.13336138359033142
akgicj,15,nearest,5.0,0.8589139177438326,0.7316029838667248,0.7544727656266454,0.9999999999997379,0.9852743424200138,0.9963324286657094,0.8719244873850385,1.3438369251980447,1.280210232079017,0.018551998872544214,0.2031510679980004,0.06389310983784796
akvutv,15,linear,5.0,0.8766408126531785,0.8339584230264023,0.8149167947552155,0.9956005976700091,0.9964832499671576,0.9891025385722282,1.1319716731827982,1.446789769341017,1.5808324949229995,0.049572437356240354,0.03724834998176144,0.11727874676561947
akvutv,15,nearest,5.0,0.848737057638655,0.7089944034644348,0.6973966851183226,0.9999999999995041,0.9869580498689798,1.0,0.9221740304325972,1.5002282665713,1.5459340972521227,0.04427735412016388,0.1316865518311047,0.0
akyeer,15,linear,5.0,0.8922030505483577,0.8243477235367088,0.7896859757305383,0.9940907620174707,0.9928819246114619,0.9857010422555794,1.074510289027607,1.6176457100630721,1.876162534490913,0.06596579433371924,0.06813311634016621,0.14506635389655723
akyeer,15,nearest,5.0,0.8865902086547381,0.8021136320470892,0.79491693961969,0.9876211190969783,0.9788833561556567,0.9999999999988674,0.7196471671058673,1.0929046835819982,1.1194928900391914,0.13882534739399155,0.3547631280839868,0.10172522108929911
aldhid,15,linear,5.0,0.9287188985609257,0.8834615106162862,0.8755789208218394,0.9967641654210707,0.9947635325214942,0.9932333122405138,0.7133599399370842,1.0795702018127755,1.1400732810112442,0.0389398161730685,0.052448989788438885,0.07599057897751042
aldhid,15,nearest,5.0,0.8361379425711745,0.6730235819673367,0.6971664611036992,0.9936971873452418,0.9658384165802265,0.9999999999987598,0.9882824727934041,1.6126921671647882,1.532090618942888,0.1166113769413252,0.25297932937638384,0.09650722062422555
alnihi,15,linear,5.0,0.8679930538630205,0.8287056076508426,0.8134996404108374,0.9974943820551798,0.9999999999980905,0.9915867462395171,1.1427330740338932,1.4130365960736042,1.5132615842206572,0.02776601517125809,0.02308650855678818,0.08341481962946412
alnihi,15,nearest,5.0,0.794544853440854,0.7380638925269815,0.7516345233334526,1.0,0.9999999999986741,0.9999999999993635,0.9756063071713212,1.2626914689474187,1.2123650398886396,0.0,0.18701371441972844,0.06161859662338741
alshet,15,linear,5.0,0.8688566785123738,0.7889751803298755,0.7522154074390031,0.9904333708390564,0.9910244905903893,0.9741229279597586,1.253710634428672,1.8587881341484134,2.117389102537522,0.0970395398308611,0.08814806582920703,0.24592022527294927
alshet,15,nearest,5.0,0.8585141701034551,0.7201147041046316,0.7061435722858247,0.9999999999980905,0.9505992186595987,0.9999999999980905,0.9853178192092806,1.641031834227604,1.6986101706193237,0.10894783797988125,0.36214443201120006,0.10894783797988125
amciuc,15,linear,5.0,0.8783297457404552,0.8251067590311187,0.8011163949552955,0.989479565206169,0.9908066011256966,0.9770698156780335,1.1311656051811825,1.526958953236335,1.6955897692958994,0.10526474851121792,0.08459056771409147,0.2302777462691035
amciuc,15,nearest,5.0,0.8634371480916581,0.7517045858037744,0.7615673807344985,0.9999999999996857,0.9917538069177022,0.9999999999994862,0.8785864385136085,1.3022428929475347,1.2687075572336957,0.02753771712505825,0.22693893645808197,0.047132034168124406
amknyw,15,linear,5.0,0.8544645232898078,0.7883019582071629,0.7548142793525037,0.9947368528218359,0.9944519602858352,0.9864383491357606,1.3389604600927496,1.8217218934743395,2.0509313619778244,0.057940673415175704,0.05510585847617337,0.14425787368179044
amknyw,15,nearest,5.0,0.8482867106616369,0.6880597068328453,0.6967396976297295,0.994985657677337,0.9884426686325145,0.9999999999989476,0.9870736734398243,1.6570007010149923,1.6296066668809324,0.04195009296082294,0.16680509034913052,0.07269473828470119
amnurg,15,linear,5.0,0.9096073379324473,0.8555336334968326,0.8296847777376343,0.9930748083706165,0.9954720313243437,0.9879220395222792,0.9155406922538312,1.3593802076090926,1.5586098197159288,0.0775384675408199,0.04895325790262362,0.13255986375544998
amvefa,15,linear,5.0,0.8993324991016578,0.8529780155797415,0.8375660108570243,0.9949546971464875,0.9947829329748056,0.9875019673626667,0.965072370820358,1.3237581609493791,1.437146575810484,0.05375697231319722,0.055334471732839265,0.13201861746051027
amvefa,15,nearest,5.0,0.832888952137107,0.6443220811566697,0.6979814615923571,0.9999999999993504,0.9876614584357137,1.0,0.9514213554829977,1.604907346016444,1.4341467330289095,0.06669065509349847,0.2096399252560726,0.0
amwibs,15,linear,5.0,0.858495967956707,0.7996652788709444,0.7758565630059759,0.996969559461747,0.9970618331853138,0.984868724291058,1.2825090275552526,1.7056175912521794,1.8675087733760023,0.034521948514203385,0.03188334524743656,0.1522661746209677
amwibs,15,nearest,5.0,0.8290133820953836,0.6902903039245433,0.6928574999411823,0.9914326545180484,0.9838429564540092,0.9999999999997586,0.9935355749854423,1.504464396161135,1.5091657408857888,0.053769497608733785,0.18289976977557124,0.024973435519872106
ancedv,15,linear,5.0,0.9150935218923107,0.8581400910618071,0.8447368889167063,0.9948417968106804,0.9947584097089129,0.9826377043199852,0.792172002976774,1.2121828459921682,1.3048208742962726,0.05693564560044473,0.055559020462455914,0.17124360425408555
ancedv,15,nearest,5.0,0.8345041171990164,0.7041803713068939,0.7077387587628828,1.0,0.9999999999980904,1.0,0.9782885786297542,1.4677599134153207,1.456146837474998,0.0,0.18887670150524327,0.0
ancorj,15,linear,5.0,0.8352432948879712,0.7485736629746074,0.7045979649406491,0.9803374177999501,0.979988919410011,0.9526704931040555,1.5339890751364937,2.1693016158757206,2.4684990879157818,0.18519692809186872,0.17321956465748495,0.41693123809224625
ancycl,15,linear,5.0,0.87823409965419,0.8029216646385374,0.7771937907085799,0.9853878455896234,0.9871416177183425,0.9683449375724832,1.1910160651706916,1.778755080850846,1.9667003602393025,0.1392361532492678,0.11957638734157121,0.30296936361610444
ancycl,15,nearest,5.0,0.8379850265912471,0.5953782963622781,0.6052208722101282,0.957247967467078,0.9619645656775757,0.9807116959996097,1.057884935096073,2.017410744452942,1.988256900466857,0.3078925100901631,0.27723874429895146,0.1371520490573684
andyol,15,linear,5.0,0.8729724312717552,0.8311193304246188,0.8044370125856681,0.996708786783445,0.9970529789124221,0.9880730222929985,1.1843674034850444,1.4995411560212957,1.690779750848955,0.03710002193902589,0.03369051164303453,0.13112053921606331
andyol,15,nearest,5.0,0.8394039390883774,0.7247367196629803,0.7055009686891555,0.9965352402816247,0.9851589935958927,0.999999999999649,1.0017995308567782,1.4753326876910875,1.5504622740586316,0.028269336424001777,0.21854092736713865,0.0443958801473918
aniajc,15,linear,5.0,0.8542116652817832,0.812020022450555,0.7948094587185113,0.9975404005371328,0.9982698448865488,0.9906779707370524,1.2586820347680618,1.5475656264556945,1.6603806162630546,0.0273219201825108,0.020098051352505395,0.09490841769272787
aniajc,15,nearest,5.0,0.8365896126261698,0.6718717954644992,0.6779143932915535,1.0,0.9999999999987966,0.9999999999992144,0.9796184524762022,1.60356530420927,1.5824949077067796,0.0,0.12946909284543706,0.07540088156137335
anidgi,15,linear,5.0,0.8503704343449767,0.778409161633488,0.744616666138847,0.9901570657956855,0.9833883908567596,0.9615100675427903,1.3701473710705667,1.8903968630698977,2.1189527623997044,0.09943595221842104,0.13857918885944967,0.3507950210274379
anidgi,15,nearest,5.0,0.8460825385521985,0.6922688680656252,0.6627192174783577,1.0,0.9746023926583334,0.9920726867316686,0.9808740659553397,1.6423730474570106,1.7486594066069503,0.0,0.2948123079451997,0.05672718983094004
ankped,15,linear,5.0,0.8743409880836924,0.839567714719354,0.8271856721251247,0.9989868789261006,0.9999999999980905,0.9929166157952896,1.1057794345529852,1.350779521714187,1.434756131546325,0.012551497802006718,0.012550713138214774,0.07493454668667121
ankped,15,nearest,5.0,0.8337257792545809,0.7237312718538884,0.722131317367372,0.999999999999341,0.9919656991840603,0.9902886626987398,0.9398913937933204,1.3951538962897583,1.3715220914813038,0.060988765319102876,0.12380483172971195,0.11863406840969312
ansyut,15,linear,5.0,0.8765218772743283,0.8220682512031015,0.7984878451382824,0.9950177871350311,0.9956251819666342,0.9861333027646934,1.1674670259697524,1.5807526752615555,1.7501277149896675,0.05524323846940516,0.04751515423843458,0.1412994297358289
ansyut,15,nearest,5.0,0.8227274842495629,0.6027933813163817,0.627200076472691,1.0,1.0,1.0,1.028618857999645,1.763706337506356,1.698397560231179,0.0,0.0,0.0
anucks,15,linear,5.0,0.8628748377952452,0.8034995901101253,0.7825017280987402,0.9972903941078644,0.9936683343393401,0.9832478484303805,1.2428114999088917,1.669468712421188,1.812175511226642,0.0324297554842075,0.06538255087715365,0.16982338838848007
anucks,15,nearest,5.0,0.8398288010850676,0.6153351136445515,0.6520848651894404,0.925004398955559,0.9290441053495868,0.979150843147172,1.0258660364724175,1.8931389140735626,1.7810600025463361,0.5023830858352095,0.46387612022165076,0.24138118716626378
anupwr,15,linear,5.0,0.8849179710079202,0.8253669991384271,0.798442253842353,0.991715631272126,0.9916372324359316,0.973006570856305,1.0904672472180794,1.5413591746476367,1.7328213991064216,0.08576057265276259,0.08298718809370874,0.26464948341004246
apigcy,15,linear,5.0,0.8708030802947038,0.8267865993541649,0.8078198343276408,0.9965069326998748,0.9964436547587942,0.9897280035938121,1.1828677942134265,1.5064705596935029,1.6396175762652918,0.040524688361333154,0.03969051292949913,0.10914367966548033
apigcy,15,nearest,5.0,0.8310657850204057,0.680837310685517,0.6925408320518593,0.9915018934895716,0.9816182742478916,0.9999999999994378,0.9875526075755177,1.5299979193617002,1.4963146491485784,0.08162750842589928,0.19591575059020547,0.05322959634976641
appsri,15,linear,5.0,0.8937171951539624,0.8572379344543282,0.8439489183358488,0.9972158184090464,0.9999999999980905,0.9931234043896581,0.9625618429287376,1.228064623077377,1.3206773561361913,0.03042892138061619,0.024134751412055094,0.0701878676299837
appsri,15,nearest,5.0,0.8241586864795261,0.71498459393426,0.7125580322275137,0.9935998560969274,0.9999999999991259,1.0,0.9454890672209484,1.314904865113428,1.3182710051938837,0.04490201580352952,0.12129721420161603,0.0
apssky,15,linear,5.0,0.8784877926802144,0.8402898297347308,0.8284851323399176,0.9983816658485958,0.9968138378452818,0.9911539895974055,1.0674122792948146,1.335113502229654,1.4145061917799235,0.019901891940071345,0.03420140801218859,0.0907339925245799
apssky,15,nearest,5.0,0.8245908799862205,0.6939217367814832,0.7012383154435116,0.9929275479738938,0.9813841163202239,0.9999999999993441,1.003307082283522,1.5239442130167054,1.4993200123521522,0.09585512305657325,0.22006156625522375,0.061753430925519166
aquawa,15,linear,5.0,0.8867784727473458,0.8384495044877037,0.8148740564932337,0.996467707619475,0.9976256188810164,0.9884595616739952,1.1079785436875407,1.4918653102637796,1.6696282959124265,0.0409227500431765,0.02788515014076782,0.12323862432627593
aquawa,15,nearest,5.0,0.8253753633302809,0.6663714895087052,0.6769994154501644,0.9999999999997853,0.993818467507096,0.9999999999993257,1.0026293596110105,1.5710812311578664,1.5409800027896983,0.020796276360393245,0.15068070098560915,0.08313221349463469
arcksy,15,linear,5.0,0.8589299175648291,0.8160356387955334,0.798095739475088,0.9965279987945069,0.9999999999980905,0.9886422226835979,1.2066589961311907,1.4967030855351777,1.6125479074110343,0.03886963313086254,0.04114600997719595,0.11238119271964137
arcksy,15,nearest,5.0,0.8322035648320507,0.7161127918646416,0.7080075697616683,0.9843184898873296,0.9685545808001909,0.9999999999991717,0.9651658692468578,1.3879920782532849,1.4175982076470814,0.11251941601157477,0.2962101507948524,0.1103923192106147
arcuim,15,linear,5.0,0.8865413434097263,0.834010751451629,0.8141375785629035,0.9928299578013287,0.9916898058280993,0.9795905815253221,1.0968337117028368,1.5065990854822198,1.6536300531834576,0.07803329956008974,0.08254140606820236,0.20102966164587804
arcurb,15,linear,5.0,0.871119255897778,0.8269747713632396,0.8069804214749865,0.9965831908038199,0.9999999999980905,0.987448137252548,1.1452739908448748,1.4578928366863773,1.5927331488804881,0.03633216947049197,0.04343261004404128,0.12641590321079654
arcurb,15,nearest,5.0,0.8324243532014796,0.723295943154705,0.7225732436516421,1.0,0.9999999999980905,1.0,0.934006257571273,1.3235783400348142,1.3263090452688364,0.0,0.22674290721896032,0.0
arhilb,15,linear,5.0,0.8679019335533585,0.8134260312065733,0.7832940906222365,0.9943122119720219,0.9935881636328436,0.9842419735350042,1.2407325613406361,1.651239886095567,1.8656527520649548,0.06530413041546863,0.06609365258850768,0.16418346349027568
arhilb,15,nearest,5.0,0.8438065944478756,0.7083367116475702,0.7028234295955395,0.9832767802372175,0.9932552853352299,0.9999999999985378,0.9765028319603792,1.5243340032633423,1.5437678724391461,0.12856962089660998,0.11869449215956182,0.12952469415128534
arlwra,15,linear,5.0,0.858708518905779,0.7813907178928104,0.7346526046016916,0.9887661311940293,0.9879837267498505,0.9738234975365758,1.3930346875457484,2.003788984908042,2.3473057607042707,0.11790534911252701,0.11292678948658642,0.25781641908921826
arlwra,15,nearest,5.0,0.8482158323689437,0.7371423184342206,0.7409681604069509,0.9999999999989891,0.9779324830369196,0.9999999999995085,0.9034962787314023,1.330654740737507,1.318407022314077,0.09758672313052019,0.2975637463834023,0.07816750517314063
arphau,15,linear,5.0,0.8661856120736,0.8227540055807279,0.8094448256882238,1.0,1.0,0.9941516807438469,1.173124796716085,1.475798330135554,1.564619535042343,0.0,0.0,0.061063429141115566
arphau,15,nearest,5.0,0.8447474274785193,0.7051253249806441,0.7008334330131629,1.0,0.9999999999990962,0.9999999999994016,0.9419919932503528,1.488478812288849,1.507715740591216,0.0,0.11837365673570001,0.04711114597061383
artgag,15,linear,5.0,0.8608889433373463,0.8022216852399064,0.7674910926429328,0.994948679172841,0.9936393204979271,0.9838547971584702,1.322245047044067,1.7700243790673815,2.0197550051839253,0.055908871222475454,0.06191930938494433,0.16764752678039135
artgag,15,nearest,5.0,0.8304154850889046,0.686773017383222,0.6850290602471647,0.9943149345871924,0.9709741984651659,0.9928945367103638,1.0083570454450066,1.5598605828528134,1.5760430359673105,0.05955763357906003,0.27047196710264804,0.09420204767278477
ascley,15,linear,5.0,0.8689545656954476,0.8191784470684962,0.8003085246885708,0.9967234006607284,0.9999999999980905,0.9915200248350804,1.1834046355147112,1.5416571445939666,1.670821116509857,0.03503967122371226,0.029498594674373314,0.09245926734493413
ascley,15,nearest,5.0,0.8586753151503319,0.7516450024800189,0.7491433838374734,0.9999999999993749,0.9908170862705592,0.9999999999996961,0.8610218546379581,1.2911611347195826,1.2988322232070753,0.060383235742061135,0.1862589589240537,0.03004856614856144
ashgat,15,linear,5.0,0.8645967628392084,0.7984691505547231,0.7715412570099969,0.9949551111630277,0.9999999999980905,0.9886988930947385,1.1928912923076054,1.6489906359214073,1.822789625247815,0.05375315982709935,0.03597590590158833,0.11554062216460773
ashgat,15,nearest,5.0,0.8478414900201311,0.684190604555708,0.6963065210701801,0.9887596937165343,0.97130342266029,0.9999999999995028,0.9781480591021818,1.6561624205035648,1.6207448502250514,0.13971662619791456,0.24459586484381476,0.05490403601547112
asigno,15,linear,5.0,0.851825766031858,0.7959596898575447,0.763376060756328,0.9962495531061983,0.9968637826231382,0.9909447059171003,1.3652799838567118,1.7765159845358194,2.0030919402766334,0.04312529390766605,0.03557145292492085,0.10162906875492635
asigno,15,nearest,5.0,0.8687791449017436,0.7080304993619191,0.7054666611594145,1.0,0.9936069064366106,0.9913883143631795,0.94306552947289,1.577939135110709,1.5906653722479693,0.0,0.14428956215875707,0.061624501183251405
askmec,15,linear,5.0,0.8414691359496365,0.7615564080473858,0.7311741822045329,0.9879274788826724,0.9881548366383199,0.9533755722504821,1.4503759794865692,2.0251779204829843,2.229584024627886,0.11838411396029348,0.11156529644515732,0.4027722287085925
askmec,15,nearest,5.0,0.8315262308305087,0.6798327676040934,0.6723943295645476,0.9999999999991688,0.9778359095810022,0.9999999999989216,1.0302151152849417,1.6111488919732584,1.646149966450088,0.07857376662377014,0.161090061691788,0.06720526019664856
aslagn,15,linear,5.0,0.8440830903702985,0.7740629510366465,0.7528340332787083,0.9869276937087572,0.9844710433089264,0.9596564371886318,1.389518619962493,1.8795095305763327,2.0195716676773627,0.12667805340636515,0.14015337819485374,0.3571239000397855
aslagn,15,nearest,5.0,0.7951625367271399,0.5305151648935251,0.6174244878345615,1.0,0.9999999999980905,1.0,1.1411730758829959,1.9362811958735473,1.7249917587087034,0.0,0.1930922505465713,0.0
aswift,15,linear,5.0,0.9012490858432263,0.853328196505775,0.8275766815634412,0.9938551896183654,0.993877498286487,0.9851513062011992,1.0008721384627168,1.3973284746370038,1.5988329715636826,0.06626974718972037,0.06352031281560369,0.16077243266693764
aswift,15,nearest,5.0,0.944288446907128,0.9178361703400351,0.9237036782475406,1.0,0.9999999999980906,1.0,0.5879361072986513,0.7141717011502973,0.6790350532323833,0.0,0.15006831922944608,0.0
atcila,15,linear,5.0,0.8745383650522639,0.8218271048965946,0.7930688810878159,0.9922115673825079,0.9912457694580732,0.9778366560630722,1.193486255642203,1.5972041684860327,1.8053939534131385,0.08587896534079881,0.08629157194055737,0.22367676123128966
atcila,15,nearest,5.0,0.853244008928663,0.7109127262087799,0.7163349399292984,0.992015621481721,0.9688353077732778,0.9999999999986999,0.9122143943916353,1.4728699425332417,1.4582943035264078,0.13348834020732853,0.2823427799658469,0.13333205891809585
atfrav,15,linear,5.0,0.9161139154449164,0.881560572043928,0.8770027244747061,0.9985257474462775,0.9977596779052922,0.9960475257966293,0.7512705141972286,0.998616062252257,1.029904612103516,0.017466106454665214,0.025188290617340934,0.04350816772203346
atfrav,15,nearest,5.0,0.8638821207262021,0.7504532939390951,0.7317611694424666,0.9999999999987335,0.9465115216593714,0.9866969033739051,0.8407779646452862,1.3044285900414876,1.3671281547004543,0.12840314553854393,0.40457316948985905,0.158656732934011
atfrim,15,linear,5.0,0.8459205587562241,0.7611913990107729,0.7224336430367756,0.9837832079492147,0.9799010633714212,0.9547889758387099,1.4454442670361562,2.0724829035246826,2.339189764029383,0.15206974157725164,0.1620946200230026,0.415882148747475
atfrim,15,nearest,5.0,0.837315619015084,0.6469141445005384,0.6734095715189701,0.952459476214113,0.9526177087253522,0.971320245994395,0.984062208388458,1.6814902093445443,1.592315701862955,0.29515164229619806,0.30369475280986313,0.23339385899699808
atidfi,15,linear,5.0,0.8682942616571292,0.8133269316161305,0.7858815015928224,0.9953818921048065,0.9954698153877966,0.9854669761106675,1.2376536974489798,1.6519586629634566,1.8475560738967458,0.05171283805083621,0.04632402196139231,0.14709809836682944
atidfi,15,nearest,5.0,0.8394696207042945,0.6923435916279274,0.6782270763175826,0.9999999999991805,0.9798942641507656,0.9999999999991805,0.9725426613985658,1.5519276359015532,1.6004851878635165,0.0787210309093702,0.16393642321749158,0.09104575624148922
atnokv,15,linear,5.0,0.8398047162911577,0.7298711303733348,0.68376387836142,0.9622727150262866,0.9587440233726658,0.9287188788867363,1.4986003500026777,2.2982701052365253,2.6054868669039406,0.3072276034252114,0.31341063028220867,0.6262266053183467
atsfiv,15,linear,5.0,0.8566176335291091,0.731446371471512,0.6823995134905989,0.9763794098680157,0.9806114467200524,0.9384288418796458,1.2127171164553212,2.000050991397647,2.274399429348698,0.19875059698696332,0.16872367736077915,0.5065026060550516
atzumb,15,linear,5.0,0.8806120057408071,0.8380960373026541,0.8220048273208631,0.9962774028234969,0.9999999999980905,0.9927264019778854,1.0887751815385884,1.3998648603354031,1.5123271101220332,0.039122565105171675,0.02502196056049852,0.07900930336939768
atzumb,15,nearest,5.0,0.8361387978489704,0.6855558248475451,0.6655980425377295,0.9943151008218925,0.9883279113741278,0.999999999999316,0.9751555166421647,1.5513979176033785,1.626855868027322,0.04465135030190868,0.16643772313554564,0.06615694206962659
aucjun,15,linear,5.0,0.9582222677408865,0.9322461250695137,0.9324892706054461,0.9964374605032467,0.9974936278294135,0.9937831352280356,0.4174954113502798,0.6285005878376041,0.6266076718344478,0.037666731600425975,0.029239417112728684,0.0689433291736139
auctji,15,linear,5.0,0.850516575286046,0.7746024176298271,0.7306548407063863,0.9926062233852615,0.9900051615831421,0.95194493536747,1.4094112854444427,1.9774808395309336,2.283554108969985,0.08013929102066009,0.09660035997215138,0.42224204059711473
auctji,15,nearest,5.0,0.8403271505770679,0.7159074409656011,0.7305088875003622,0.9870914437050332,0.9657136682908729,0.9999999999993291,0.9483805383261767,1.4142797180878837,1.369150529946247,0.13933492312911738,0.2798368601896601,0.04878413138392916
aupcli,15,linear,5.0,0.8605937044187222,0.7422034864425472,0.7052001189727423,0.9794663458296288,0.9771847756046106,0.9504607629487595,1.185185824396669,1.9375810388555346,2.148945004847286,0.1854937731468242,0.1931293361387541,0.4124935061552022
aurjye,15,linear,5.0,0.9158035563296705,0.8689760597473547,0.853406706300323,0.9972712887673938,0.9999999999980905,0.9880876981759926,0.8339214194005238,1.2093579942291066,1.3275009010812218,0.02990200753225451,0.04773326890366634,0.12087889013683457
aurjye,15,nearest,5.0,0.8400636405514271,0.6808864193881037,0.6874083319107047,0.9765383050545788,0.929201617173225,0.9735898206596307,0.9746711004385991,1.5775974719173933,1.5615806198698274,0.22452458352871235,0.4363380205652777,0.27467707930024327
avdyab,15,linear,5.0,0.8815582478993391,0.8385334795159503,0.8228639533329352,0.9957551613469239,0.9999999999980905,0.9872746610189356,1.0679160728574437,1.3781243640170575,1.4859336624265251,0.04628854672499184,0.03628791324495533,0.12790946576734805
avdyab,15,nearest,5.0,0.8398142615582691,0.6741470689308446,0.6752922677452325,1.0,0.9999999999980904,1.0,0.9536092682440444,1.5624324464185857,1.5591076278457456,0.0,0.28534341545143793,0.0
avglyb,15,linear,5.0,0.8895811140238432,0.8305753753513937,0.8135958365158426,0.9875838255674605,0.98348660784444,0.9571262773524675,1.0847863781166351,1.5518641565991218,1.6791093276649929,0.12851112193356382,0.14756200792679453,0.38393757238990744
aviltl,15,linear,5.0,0.8791785997156387,0.8362544880649335,0.8242912055568803,0.997411345712777,0.9965221073934191,0.9891315964040809,1.0782604451182696,1.3839081509221052,1.465428546496519,0.031152922155630567,0.03689263001512759,0.11700812075291263
aviltl,15,nearest,5.0,0.8478835614494499,0.708330670093931,0.6881782206672854,0.9943780054145394,0.9769664802876802,0.9999999999992278,0.9296505379608532,1.4786009536323195,1.556012662681928,0.048300515586358866,0.2057335241374293,0.07457038387985486
avpavi,15,linear,5.0,0.9027369605602092,0.864401792524585,0.8497060993388286,0.9976984570957079,0.9999999999980905,0.9929419475946961,0.9278370517107081,1.2244625032843408,1.3330914259606466,0.025786984919632744,0.023067934814164005,0.07470317382447497
avpavi,15,nearest,5.0,0.8342046835930241,0.7160811335010859,0.7032824845936354,0.9893229894137995,0.9894922263793366,0.9958148155623182,0.9395687250060691,1.3829031598891046,1.4262273905067537,0.07995880532944787,0.21043871888185325,0.05512873807062247
awnbeb,15,linear,5.0,0.8800425975343062,0.8285404876508233,0.7960977697506213,0.992584289938274,0.9936270487077441,0.9819881326101859,1.1632615287330146,1.567265146635709,1.8073695353998263,0.07488009090478123,0.06574893091534946,0.18416291329958492
awnbeb,15,nearest,5.0,0.7880507832736535,0.6465132128211534,0.6644163374436524,1.0,1.0,1.0,1.0811236738869072,1.497406863654664,1.4524172646625035,0.0,0.0,0.0
awrenb,15,linear,5.0,0.864468766055505,0.8250454935471546,0.8080111254524334,0.9999999999980905,0.9999999999980905,0.9898187053030805,1.1854987216692985,1.4603316032781513,1.5740871088839425,0.0062401766147139595,0.006240176614713961,0.09812959272171622
awrenb,15,nearest,5.0,0.8334993950464242,0.7190543887346396,0.7262102573120689,0.9927999163209261,0.9695809404673005,0.9999999999993239,0.946260769848955,1.3848336877226608,1.3642992389648205,0.08855861082055733,0.23714307798224346,0.0604628931159953
awribi,15,linear,5.0,0.8812965004609956,0.8406936084204525,0.8321317278598777,0.9962303954806965,0.9953625865445344,0.9872932761490378,1.038650586230717,1.3211584074069382,1.3783195801693735,0.04331782046126696,0.047263630243074436,0.13391754771698766
awribi,15,nearest,5.0,0.8332686059460036,0.7110220435101602,0.6988318810229349,0.9972850058391204,0.9665863678065452,0.999999999999122,0.9834549606082594,1.4409606205383165,1.4837087449522082,0.0832322286234926,0.2363103822130286,0.08237692358285861
aydwah,15,linear,5.0,0.8640216841587967,0.8240558636892159,0.803595889097171,0.997566553442908,0.9999999999980905,0.9876137308592003,1.1970641715852455,1.4778207247838222,1.6151832397060129,0.027068981752901105,0.041609561636226915,0.12099945183668681
aydwah,15,nearest,5.0,0.821862944601259,0.6482374672538317,0.6683888213930357,1.0,0.9928951383905091,0.9999999999997412,1.0294790650119123,1.6402388106501535,1.5874594084457943,0.0,0.1077297554946101,0.02453332049445084
ayfsdu,15,linear,5.0,0.8844090526828537,0.8349368515184901,0.8196049019018548,0.9962808622503041,0.9964709597688017,0.9831816742361639,1.078091581467641,1.4481594171702665,1.5572965687083964,0.04281034386754589,0.03942508688206456,0.17649557529496482
ayfsdu,15,nearest,5.0,0.8433834780423919,0.7099986395460909,0.6989119197634425,0.9913644870634972,0.9770675463727603,0.9921029612118087,0.9604727483621146,1.4888817644205377,1.5260835156483468,0.11492918307374443,0.25012177889789944,0.08077856873520449
aygpha,15,linear,5.0,0.8862348461108474,0.8454801302570923,0.8341630006318748,0.9971122666019318,0.9973014894630128,0.9884344941810249,1.0184972951634035,1.310107433596183,1.3876311725636554,0.033097522933810415,0.03119297426196957,0.12089782071624995
aygpha,15,nearest,5.0,0.8384888864080061,0.714641342349951,0.7075669208169885,0.9873070959910178,0.9860213669370446,0.999999999999187,0.9276102476338202,1.3900320946088573,1.4175152864975273,0.11001738322790128,0.22060154069697344,0.07419583924399906
aypudb,15,linear,5.0,0.8802240121578179,0.8286620822321104,0.8033632425061413,0.9957797500382274,0.9944022886910833,0.9873705011258864,1.1572923083726778,1.5599252088011597,1.7470858467783437,0.047807423378193055,0.05552703907145131,0.13971424902256674
aypudb,15,nearest,5.0,0.8226981956268247,0.6776041690099037,0.6769481093436392,0.9999999999994916,0.9851441545083608,0.9961713705848516,1.0100397847187184,1.5297813647426608,1.5340905110836716,0.06151091183551851,0.10893884347733125,0.05350450202448514
ayquas,15,linear,5.0,0.870798981689572,0.8157974819180758,0.7919466169836213,0.9971742708284244,0.9999999999980905,0.9861707002991633,1.1953301043003772,1.6017602278179646,1.7684826416019634,0.03247547912953811,0.026958204955998447,0.14097261180985915
ayquas,15,nearest,5.0,0.8303250371799088,0.6609288272341773,0.6681605749060517,0.9999999999996046,0.9800516765727972,0.9924618250621515,1.0040294422248182,1.6299420645044447,1.6072837017070343,0.03463076547545209,0.17636584908076086,0.08940193014031855
ayquex,15,linear,5.0,0.8658016399996955,0.8228780225902392,0.7968037429376157,0.998007961693388,0.997594685263635,0.99218088862737,1.2515699662617878,1.5748418338169836,1.7620281404317204,0.024726765156142697,0.028203469080151908,0.0894179471832372
ayquex,15,nearest,5.0,0.8548515289493854,0.7343956223784267,0.7256427373002728,0.9873645031948097,0.9819890968385561,0.9999999999989974,0.8666998469590025,1.3491644886754293,1.3795793062147235,0.09439159198423963,0.2154296276277447,0.09246953838241828
ayshek,15,linear,5.0,0.88153704635548,0.8270649515318662,0.8017456167429704,0.9951234596073039,0.9906885913214146,0.9734462416663144,1.1325564911824546,1.551407893621387,1.7353259344383705,0.0557926255001262,0.09095109001677701,0.2513489480453498
ayshek,15,nearest,5.0,0.8450088037060202,0.7128712503885055,0.6947968528045771,0.9887600063969662,0.9713215718974654,0.9999999999984026,0.9353744473721929,1.4791930825513273,1.5405409595227086,0.08624473274940136,0.29013935881542274,0.20284957710371693
ayshow,15,linear,5.0,0.9949780196465431,0.9892406463322224,0.9894769964438852,0.9999999999980905,0.9999999999980905,0.9982889134397777,0.06295567564429241,0.12300741062009987,0.12064432886063423,0.006234694673791983,0.006234694673791978,0.02090484769205716
aysmsl,15,linear,5.0,0.8692463728359034,0.8075853475596192,0.7751581462793138,0.9931326378418049,0.9930152360747487,0.9834704901140293,1.2775811061103115,1.7632084900630987,2.0037089802791717,0.07697434405351007,0.07113409487325917,0.17388122903771353
aysmsl,15,nearest,5.0,0.7921034909765255,0.6761327232333377,0.6653398135947592,1.0,0.9999999999991014,1.0,1.0666741871663532,1.4091164357097559,1.4422464570401259,0.0,0.09513774417718202,0.0
eacder,15,linear,5.0,0.84601978966315,0.774734212114159,0.7540261853423011,0.9891362067709673,0.9862064768084845,0.9627490644916019,1.3896128495005016,1.895995713913741,2.034703256161736,0.103685353866834,0.11879760453522287,0.3258349086107994
eacder,15,nearest,5.0,0.8849395354619933,0.8005694836022841,0.7819262939732472,0.9757584432363309,0.9999999999980905,0.9777385655897427,0.7821557624768407,1.183850983523508,1.2629859805474961,0.20305701869435042,0.1508476889501872,0.17621763996697845
eadect,15,linear,5.0,0.8513283284548628,0.7714197900490063,0.7380757634814258,0.9879510618911145,0.9878881473841167,0.952637520705143,1.3977261009403532,1.9920155094235423,2.2235781647449557,0.11818705352041438,0.10660076701498257,0.4252210162487932
eadect,15,nearest,5.0,0.8654657629678004,0.7391553453760381,0.7235797650101948,0.9769990180307262,0.9758534458693396,0.9765524616040273,0.8869905559820931,1.4602440804040597,1.5429444083717891,0.24251381283420362,0.26310856107054137,0.24504580821896418
eagbac,15,linear,5.0,0.901867843290453,0.8311973850061547,0.8139988360483672,0.9890732433986382,0.9885211281934296,0.9746174718593068,0.9703824417170595,1.5276551849787128,1.6546429153005462,0.10872969794887562,0.10192386725357984,0.23629132093408062
eagbac,15,nearest,5.0,0.8579955056425803,0.6706363182068088,0.676022293708305,1.0,0.9408705695831604,0.9999999999990171,0.9221550146143782,1.7138159401212842,1.6953296890551173,0.0,0.38284165858168007,0.09721594930416932
eapceo,15,linear,5.0,0.8159833354287049,0.7539580372389915,0.7400624564029131,0.9971753379058161,0.9999999999980905,0.9811114310277317,1.4840924068507693,1.8683199710235616,1.9500834827938234,0.030812435345646372,0.04630232482531719,0.1729310065461012
eapceo,15,nearest,5.0,0.8246759621448634,0.6522461401332745,0.6470504825706309,0.9999999999996643,0.9815632605212102,0.9999999999995394,1.0837750742136878,1.7500392381248784,1.7724307763302627,0.031935664421921195,0.18201823426594047,0.050659634203616896
easnsv,15,linear,5.0,0.8621698413619048,0.7802900523523781,0.7488865123882102,0.9788832106559738,0.9730284978567941,0.9453386911764217,1.321751827535821,1.9443833007077354,2.1671218296908044,0.18989948176474294,0.22171774228057126,0.49497423887768577
easnsv,15,nearest,5.0,0.8474567588411773,0.6994813858760256,0.687325025791859,1.0,0.9999999999980905,1.0,0.9703627787353206,1.5797065387933118,1.622245970771514,0.0,0.17110370336159084,0.0
eavcai,15,linear,5.0,0.8889975885387181,0.8516432036696885,0.8348291397553691,0.9966544983462043,0.9973848061626143,0.9905088413642456,1.0184113850897754,1.2946604914460629,1.4135673398061037,0.037632890080936295,0.030348372112371434,0.1019349433842031
eavcai,15,nearest,5.0,0.8307111320526094,0.7072879369407802,0.7068004264923994,1.0,0.9928270829262626,0.9999999999995687,0.9824118509457671,1.4316019094982417,1.4444467109501533,0.0,0.09929823176853332,0.042514491226647445
eavfli,15,linear,5.0,0.8629603881847306,0.8241464615851211,0.8030450190411408,0.99885223945503,0.9982913476113975,0.9948474764522979,1.220579436153312,1.497510555061688,1.6415711088633724,0.014684209528287523,0.02087862102227742,0.06203368867303785
eavfli,15,nearest,5.0,0.8401620394216179,0.7418336492678242,0.7409805831317758,0.9999999999992003,0.9954932956899125,0.999999999999366,0.9167696828601856,1.2788045697604082,1.2828818220620775,0.06870485861166069,0.22743215994423174,0.05235407802606965
ebcicy,15,linear,5.0,0.8505377524991029,0.8023343148518827,0.7932804707082642,0.9999999999980905,0.9999999999980905,0.9785091023358725,1.2194143241413826,1.5251859695854724,1.580123662785787,0.027768842026230006,0.052936261713072814,0.18379388150876566
ebcicy,15,nearest,5.0,0.8383020895419259,0.6465181383413587,0.6671577212544222,0.9999999999994323,0.9946103476695289,0.9999999999997161,0.9760088357648977,1.7030871491894184,1.644487956778308,0.05872132135753716,0.19275628109317855,0.029360660678768587
ebdafy,15,linear,5.0,0.861139380779792,0.8000344652967579,0.7678237616777652,0.9968998580724541,0.9999999999980905,0.9880856648659816,1.2755501767632371,1.7216868325321986,1.9426669193546977,0.033400639167054165,0.03227236988193403,0.11706101227372308
ebdafy,15,nearest,5.0,0.8590622044508053,0.7010525130331714,0.6863677594952514,0.9794773561098462,0.9389498571702987,0.9871320547202812,0.920484953244804,1.5898008382140205,1.6416768720770873,0.13939499269702246,0.47682998304850804,0.1550129567319963
ebenfr,15,linear,5.0,0.8788047284316844,0.8107952320127121,0.7831856622937059,0.9871562735051418,0.9864404816461777,0.9617652913720891,1.1983735325888758,1.7388897198644528,1.945020259572073,0.12892674920613528,0.12505106016060177,0.3488431371647612
ebenfr,15,nearest,5.0,0.8680153548119106,0.7738147904473038,0.7641811506736826,0.9999999999988739,0.9999999999992166,1.0,0.8305693931464313,1.2318779798126813,1.2684055533614997,0.09017670784833143,0.09421379354157952,0.0
ebrulr,15,linear,5.0,0.8851788391758901,0.8565777784380915,0.8478398122526734,1.0,0.9999999999980905,0.997816279645945,0.9930845450923772,1.1911915141902731,1.249716449267606,0.0,0.0066734674027259825,0.024632616359345976
ebrulr,15,nearest,5.0,0.823788000337132,0.6578615562414386,0.6530102868673126,1.0,0.9999999999992056,1.0,1.0417345063363803,1.6515919322910513,1.6672760283304453,0.0,0.05776505812747559,0.0
ebstic,15,linear,5.0,0.9253342754373668,0.8983630351423235,0.8961818959206801,0.99731415638135,0.9999999999980905,0.9875063403441601,0.6817617007217235,0.8807111348409995,0.8962555686230445,0.029493691525251626,0.03660415129762083,0.12189195494702829
ebstic,15,nearest,5.0,0.7851234052208138,0.6090897679093906,0.6890325860582237,1.0,1.0,1.0,1.0912726946341094,1.642265466334327,1.3871587072818463,0.0,0.0,0.0
eccest,15,linear,5.0,0.8598803943889003,0.8044766200467443,0.7808965654979896,0.9895189715888806,0.986962134104878,0.9755695970370236,1.272103537230009,1.672295827898176,1.8336436005514039,0.1049275031822348,0.12098305146864101,0.2342255206997325
eccest,15,nearest,5.0,0.8206995471868009,0.6609895410735924,0.6657321716176566,1.0,0.9901886302409699,0.9999999999993165,1.0443654511284608,1.6147527555210852,1.601529714888072,0.0,0.10520799611506018,0.0426724983719488
ecdiwo,15,linear,5.0,0.8689236541969774,0.8102841602806781,0.7889714813203359,0.9953948860337829,0.9940929675057427,0.980454026545834,1.2157644247796513,1.6494558385332314,1.7985867149180035,0.0515860972843277,0.06159108506497216,0.18940928013575586
ecdiwo,15,nearest,5.0,0.8330423857495901,0.5940142073359451,0.5978794196770613,1.0,0.9742397453547645,0.9811513173282845,1.0605794704504095,1.974085380498995,1.9627012018805026,0.0,0.18505699851597368,0.13308003024589393
ecfesy,15,linear,5.0,0.8614591741345112,0.8057562141323866,0.7817369753023563,0.9975730968280058,0.9999999999980905,0.9851848882380483,1.2602092478625415,1.6633981988644275,1.827975913541828,0.027005633681132336,0.03783101573912683,0.14087307116483602
ecfesy,15,nearest,5.0,0.8324046065685454,0.7044781669233465,0.6991817433585473,0.9999999999990624,0.9779118845831494,0.9999999999990624,1.0029377866033806,1.4926029665359695,1.5094848223870911,0.0593318329048193,0.25060836082202953,0.0593318329048193
ecforj,15,linear,5.0,0.8625081312922729,0.8080301051371158,0.7819949085527513,0.9961983005622722,0.9952822307231244,0.9917305068219491,1.2587940710730467,1.6566307316043924,1.8365481126421945,0.039838346797821673,0.05072511771594307,0.09230452646294444
ecforj,15,nearest,5.0,0.8519975239783053,0.6494163669897519,0.6767821782491411,0.9910832447101169,0.968910259317954,0.9999999999987433,0.9535483001199385,1.79267639760631,1.704096249899462,0.1702655155763508,0.22234422606548424,0.12265566587847963
ecgojt,15,linear,5.0,0.8655529974777857,0.812613779241758,0.7918847142712895,0.9958105795803109,0.9999999999980905,0.9826909319080538,1.2158436382617657,1.5968035721586946,1.7383487418556673,0.04331317096139038,0.0508694705583927,0.16067081268955208
ecgojt,15,nearest,5.0,0.8546634064750511,0.6940181245385272,0.6731405573864365,0.99463861494078,0.9460927975309951,0.9864137530553766,0.9353399526131949,1.6007877226004332,1.6726409791325025,0.06831317029812724,0.3629409263305149,0.2104622853873938
ecjeod,15,linear,5.0,0.878329072874447,0.8289143403519817,0.8145413377781627,0.9937413488795885,0.9999999999980905,0.9821519170354256,1.1060517560854193,1.4643601227257232,1.5636113320354814,0.061072565133483483,0.05925335209321409,0.17062335816222132
ecjeod,15,nearest,5.0,0.8883761641328839,0.8589436780886996,0.8441042726037662,1.0,0.9999999999980906,1.0,0.6817141856747975,0.8105675331566229,0.8714886691817574,0.0,0.2138740343295938,0.0
eckeck,15,linear,5.0,0.8966264446781932,0.860540558117652,0.856136671179426,0.9999999999980905,1.0,0.9999999999980905,0.8834683611645671,1.1276741680446005,1.1563260655198662,0.00721927749912344,0.0,0.07024079195613943
eckeck,15,nearest,5.0,0.839785835976827,0.691111181075687,0.7018190190424832,0.9830294377520854,0.9841880225656537,0.9771206079632119,0.9885364775358225,1.5696055970656797,1.536361887908532,0.11416761890445969,0.11727611294633866,0.1437580822828341
ecnopl,15,linear,5.0,0.8846765424815695,0.8445068749563165,0.8235501063166235,0.9949278303819589,0.9999999999980905,0.9899839950075352,1.0760063499866979,1.378800466942157,1.529439053679089,0.054004271677620716,0.03617206175419748,0.10679021734094905
ecnopl,15,nearest,5.0,0.8247706260053136,0.7203421977477753,0.718582257557812,0.9999999999996712,0.9999999999990373,1.0,0.9832072890080064,1.4055285223466916,1.4078004252804919,0.028810468756888665,0.10857904164313624,0.0
eddreb,15,linear,5.0,0.9050754376795423,0.8671024635543224,0.8503407542586771,0.995258773937995,0.9952001603950621,0.9872096021708135,0.91383890299187,1.2109451829701794,1.3360286812481827,0.05568454401549655,0.05148782045972806,0.13183301824701116
eddreb,15,nearest,5.0,0.8462214712787247,0.7256819333341074,0.740148501992509,0.9999999999997468,0.9921764282304181,0.9999999999995277,0.8944587386320997,1.323906817548791,1.2853186350370795,0.0240057222042476,0.20415962896933815,0.04719341612556797
edeejd,15,linear,5.0,0.8841257264859045,0.8431829917528788,0.8231305874644835,0.99586797224666,0.9999999999980905,0.9846804684192959,1.0683532816974635,1.3722873885767248,1.514174531306376,0.0452192884463831,0.036384148770516024,0.14985565124479258
edeejd,15,nearest,5.0,0.8431079406635477,0.6815386423529511,0.6692616990068005,0.9845552729375258,0.9671299339088695,0.9929661646593625,1.0129220354718602,1.6771144706431185,1.7267132567963897,0.14736564474404268,0.2886167209801738,0.1435421750290502
edglev,15,linear,5.0,0.8727948493316764,0.8267799572488743,0.8043523318768445,0.9954801292177857,0.9936632694288295,0.9867718005252114,1.179922461873865,1.523184225424095,1.6824145143450469,0.05075332377460519,0.06172076948974509,0.13569900454666725
edglev,15,nearest,5.0,0.8434486070419779,0.7354846299075366,0.7655247639078097,0.9920723203663117,0.9808239459862961,0.9999999999996775,0.8837383725536847,1.2975081042779502,1.1830381784945143,0.08290661250994238,0.2243241635103832,0.02390084887934742
edgrat,15,linear,5.0,0.8788775771965146,0.8281974552658342,0.8047655743424273,0.9976164355893213,0.9933531090636417,0.9872160036892897,1.1587724939861535,1.5500179449467468,1.7216412772630267,0.028968978927203622,0.0642820441424373,0.1370821670245287
edgrat,15,nearest,5.0,0.8368178104929183,0.7011213932080038,0.6875372028568493,0.9999999999998211,0.9839911120158522,0.999999999999353,0.9941341982506193,1.5286398126457126,1.5764133095703488,0.018085775533287666,0.1860414490501099,0.05633233312453228
edjiye,15,linear,5.0,0.8431625780933658,0.7847663767455504,0.7581982789847027,0.9957590410912506,0.9999999999980905,0.979768878226373,1.3962737633290123,1.8074960795423674,1.9845182532190533,0.04625184601487406,0.05162450510749733,0.1950329567563624
edjiye,15,nearest,5.0,0.8395314188824621,0.6878831187269712,0.6749345433200773,0.9813821108640246,0.9607565829033359,0.9999999999986731,1.0048279121641464,1.6076642819120577,1.6630568009706386,0.17884640092274218,0.33177435719331916,0.18547679798477446
edlyxy,15,linear,5.0,0.8857905511387358,0.8445577314989736,0.8242283161082806,0.9950205793128694,0.9954870767241213,0.986366624302655,1.0728970680386223,1.386031857910089,1.5332315728792387,0.055216315722126194,0.04881231646931308,0.14491636234289818
edlyxy,15,nearest,5.0,0.8080105148712341,0.6719150578760901,0.6859147869351255,1.0,0.9999999999993635,1.0,1.0258470907504096,1.4636798564847178,1.429858271747333,0.0,0.0897128241687427,0.0
edmugr,15,linear,5.0,0.8679290562569721,0.8086498416080952,0.7751758736843793,0.9953879291123582,0.9958138013888944,0.9887951576082971,1.2925925650999304,1.7612218129759747,2.0107088856606183,0.0543518491217939,0.045733286862242435,0.12419717267141174
edmugr,15,nearest,5.0,0.8401049618161854,0.685786005172908,0.6895369683249621,0.9999999999992751,0.9808454430706027,0.9999999999995121,0.9407128945617529,1.5497204957209765,1.528823340420642,0.07218607107554764,0.1988033388480771,0.048177731533793386
ednill,15,linear,5.0,0.8558077058107461,0.8007710808882063,0.769404642574416,0.9980810437836268,0.9975455807715715,0.9910511845800285,1.3518243283612232,1.7659221759517705,1.9891954231426827,0.023126751642624885,0.02870759467330711,0.10058744202278115
ednill,15,nearest,5.0,0.8519066108208209,0.7178190980989286,0.7153198458238554,0.9906270149940468,0.9622555907052985,0.999999999999446,0.8913844733737475,1.4174545353942174,1.4306007956823394,0.08528827410557421,0.31678777293078325,0.055608331239015096
edodbl,15,linear,5.0,0.8682071543291299,0.8237964896245903,0.8101482917839512,0.9964286343155512,0.9955059723860453,0.9836273297395897,1.1412106622216172,1.4456426597175016,1.535050107698973,0.041318644528685604,0.046006366120027634,0.15857445767923858
edodbl,15,nearest,5.0,0.8469647543560107,0.7159900513988241,0.7160286307789465,0.9690364242307582,0.960428504144386,0.9872483470381007,0.9568483653812082,1.4919545498254227,1.4970165175929622,0.21995585997089218,0.3272310688432963,0.16564813155030755
edombo,15,linear,5.0,0.8810764283690897,0.7525475800789032,0.7030136729295496,0.9833814949660673,0.9840923998262364,0.9742140099396758,1.0486088452165971,1.8941048552036461,2.1820339696168385,0.1552451873494922,0.1337081323148844,0.24518753268382956
edrafs,15,linear,5.0,0.8520500018778201,0.7445867575583744,0.718374662450078,0.9999999999980905,0.9999999999980905,0.9843251490373722,1.1350815034815938,1.735392607965336,1.8672722799667956,0.04466740799580425,0.03713486116309494,0.1412569830541156
eedigk,15,linear,5.0,0.8623630676003842,0.8216494554356293,0.8064831116347032,0.9964257461387281,0.9957751024329898,0.9867321916089438,1.182561632252749,1.4598275283723732,1.5587584166334663,0.041347883187292156,0.04362845140536776,0.1360477135972411
eedigk,15,nearest,5.0,0.8547439545885298,0.7169552106460455,0.7061955829893316,0.9901499829998642,0.9553212355818899,0.9939417533629589,0.9012883243199208,1.4562472037058563,1.495695476524916,0.15331787396073188,0.3345871720670793,0.15661926594253386
eefayb,15,linear,5.0,0.8802356316001931,0.8280203619208611,0.8045867177709899,0.9922144307192117,0.992042974451504,0.9816608632672258,1.1429885108912197,1.5443456158306783,1.7149892904208153,0.07806596984054184,0.07953411094466356,0.187028293042268
eefayb,15,nearest,5.0,0.8648407249122081,0.7183949055029368,0.7008651013307448,0.959418256824383,0.9492832829119032,0.9377594492389446,0.8852497373751734,1.511495437261919,1.5748005591440342,0.30927367279016366,0.34015047048343666,0.3985161478428219
eegcef,15,linear,5.0,0.8740672795967634,0.8401241420062907,0.8329548596805287,0.9999999999980905,0.9999999999980905,0.9945597822360582,1.049908076581431,1.2735159167692882,1.3190810279988863,0.011875733161179805,0.013644765821479377,0.05418937526729289
eegcef,15,nearest,5.0,0.8251257923188834,0.7045047170960023,0.6958578323983818,1.0,0.9955046205421608,1.0,0.9710276013428828,1.4642141808114282,1.4880275283717905,0.0,0.12422149032790913,0.0
eemafb,15,linear,5.0,0.9013499117564765,0.8403539935527548,0.8181041060882313,0.9918130034774717,0.9907652645769492,0.9759132953613093,0.9861072057423281,1.477255373506933,1.6455999970761792,0.08489279419930544,0.09031284176448792,0.24016186264004477
eenjou,15,linear,5.0,0.898567275085155,0.8653717270200982,0.8566191666170342,0.9989044056991615,0.9999999999980905,0.9948202205841079,0.9119057846717952,1.1518496891621568,1.2127065369789092,0.013449488375007751,0.01889086123419767,0.057142527665117605
eenjou,15,nearest,5.0,0.8638498022300058,0.7963041730393784,0.7657702344671148,0.999999999998749,0.992563771847114,0.9999999999993086,0.8035612431686288,1.0670719845587155,1.1763369128007972,0.10418421777192956,0.21403273244307536,0.047600076281187224
eersdo,15,linear,5.0,0.8599917907260608,0.8164468736497876,0.8073102900519409,0.9999999999980905,0.9999999999980905,0.9908080717131458,1.1680840427808317,1.4531913459754602,1.510565976127385,0.006234694673792485,0.011405739845921982,0.08457916785030137
eersdo,15,nearest,5.0,0.8464091980719983,0.7510145173822474,0.7552497759101655,0.9683799678956488,0.9430030961754299,0.9838513192384103,0.8808165258202125,1.2299079618165107,1.2157865169936115,0.19971283914212162,0.47347930440460195,0.17576321619181784
eesbaj,15,linear,5.0,0.8666921167161432,0.809740666270335,0.7778757625486732,0.9898914443901256,0.9904639500881981,0.9819790359896979,1.2556325347939545,1.6856401370625491,1.9123930218814698,0.10172904542310883,0.09281579718826206,0.187304887686835
eesbaj,15,nearest,5.0,0.8346122110636129,0.7095840661462226,0.6999091371760339,0.9999999999996769,0.9828422684133704,0.9999999999991755,0.9620332824437201,1.4696334483216311,1.4946763937815408,0.029409634361799337,0.18725122155136392,0.07311858831146159
efcati,15,linear,5.0,0.8865385405653342,0.8295167303579323,0.7942839406599459,0.997628779047687,0.9961523417431717,0.9929933017691982,1.1297043588093165,1.5895508547589874,1.856306703698498,0.028836743807514924,0.04250385753045783,0.08349606593681104
efcati,15,nearest,5.0,0.8546524143899238,0.7399307676813621,0.7195620672908721,0.9839109451111978,0.9646127032567843,0.9999999999995492,0.9022719018957862,1.3830573901218417,1.4592930441828391,0.11751180357555323,0.29483806664164713,0.03271399498289642
effneo,15,linear,5.0,0.8506947938869678,0.7942216002551077,0.7808153271611286,0.9974580864644905,0.9999999999980905,0.9885159670947594,1.3014507536691933,1.6889407245479107,1.7765380423655364,0.029602341435294596,0.019446948721290866,0.12016396481355013
effneo,15,nearest,5.0,0.8244666995344055,0.6658330601540857,0.6651961918601969,1.0,0.9733519135500384,1.0,1.0159479259823931,1.5829480576107213,1.5912500933233216,0.0,0.22594375111339765,0.0
efghak,15,linear,5.0,0.8824192069288611,0.8406451414332432,0.8320706086808694,0.994936196045193,0.9999999999980905,0.9812214207331106,1.0305424497599993,1.3214841755254605,1.3787248673080854,0.05392729088128087,0.05378186737877267,0.17812909476852126
efghak,15,nearest,5.0,0.826062632715133,0.7051150962517314,0.6804060800186381,0.958947049879442,0.9521834639130483,0.9710439128393497,1.0025600732451119,1.4618221579619486,1.5397419179426752,0.2707345019359867,0.3842585927414756,0.18912547862806087
efgoak,15,linear,5.0,0.8962249589959617,0.8652132343260718,0.8524485937370854,0.9972777919601017,0.9999999999980905,0.988188423651924,0.9366621439377909,1.162447525613661,1.2517712362508318,0.029840127484747278,0.03238908340055692,0.11619987516587962
efgoak,15,nearest,5.0,0.8639787638333964,0.7849415969999425,0.7783915956461132,0.9999999999997589,0.9782413244794961,0.9999999999992899,0.8802581883055074,1.2132606449353862,1.2426578346449564,0.02335020503623101,0.25969061768229773,0.04572498767714525
efmymo,15,linear,5.0,0.8865795141311081,0.8135322383307635,0.792909843671947,0.9999999999980905,0.9999999999980905,0.9907148433402844,0.9419797859865446,1.4039724813326142,1.5243494646920415,0.030691393434235378,0.03342852875213381,0.09073266527833657
efmymo,15,nearest,5.0,0.7972426411864457,0.6631527792775533,0.6429058427453908,1.0,0.9407885985556557,1.0,1.0487714625947464,1.455659924160858,1.5062255023735074,0.0,0.38351789239011413,0.0
efonve,15,linear,5.0,0.8620376731552859,0.8070126979431052,0.7736584296211715,0.9961248551107101,0.9942457830174254,0.9846099540581548,1.3274974627980385,1.7548791981910845,1.999768405430961,0.04276762052930213,0.06021594398451532,0.16349337871592204
efonve,15,nearest,5.0,0.837321206684479,0.7067408926887682,0.7082147332199409,0.9936275873439108,0.9854144221090173,0.9999999999992333,0.9570141169248298,1.4760085171911008,1.4678034229110832,0.04714263487844772,0.17004174304029657,0.08326148499589119
efsphe,15,linear,5.0,0.8412491618648796,0.761186939780078,0.727083543082245,0.9803459120439072,0.9781443567471328,0.9423528801699169,1.4389517602133979,2.00801343205685,2.234070842596742,0.17880209395392238,0.18637675704832427,0.5007702213892855
eggfri,15,linear,5.0,0.8715489161833675,0.8098268654133051,0.7860570875340007,0.9931619395783087,0.9923458941183684,0.9798455380650419,1.2066650387244426,1.6693322592256365,1.837378799588799,0.07268822842044796,0.07693656604109406,0.20277031152440442
eggfri,15,nearest,5.0,0.848140143049266,0.7408023231651936,0.7293023468483134,0.9843379003053419,0.9741664241972097,0.9948058981773322,0.9109627922091872,1.3380915831377393,1.3790332555292095,0.137638899877223,0.2347910969427895,0.08809240600498001
eghanw,15,linear,5.0,0.8636365390550058,0.7968799201474641,0.7684662304522223,0.9894514698525415,0.9892291695859277,0.9763198157006195,1.268379271243457,1.7614903937934858,1.9585948904019665,0.10550506096739692,0.09663184269808102,0.23669712509589488
eghanw,15,nearest,5.0,0.8710250583237067,0.6079881693583616,0.616151444322663,0.9454701665081487,0.9999999999980905,0.9999999999980905,0.9166986794800045,2.0666019307348584,2.0383139791085707,0.39176402069593486,0.33612678284832953,0.40217028660325627
egloha,15,linear,5.0,0.8698946668293379,0.8235116291901146,0.8080542623641328,0.9940497065535179,0.9929766521080782,0.9785264289084332,1.154255064715496,1.481526897316545,1.5855881025857588,0.06444892396649776,0.07147102621606477,0.21405686927823958
egloha,15,nearest,5.0,0.911050489055102,0.8589140515534479,0.8762817385133281,1.0,0.9280640679344822,0.9999999999980905,0.5219031787951054,0.7281617109881858,0.6636735428636092,0.0,0.4871227454049403,0.29660683427774853
egnata,15,linear,5.0,0.8521446810911817,0.8124321280041049,0.7941370176844005,0.9988685130510048,0.9988522669581498,0.9942484136253489,1.2637977975771297,1.5328019189222375,1.6515320949067365,0.013837454971661185,0.014012516551812485,0.06443094216550667
egnata,15,nearest,5.0,0.8417376505669824,0.6155111280966102,0.6374936673671051,1.0,1.0,0.9999999999980905,1.0392385279523906,1.9550400869445592,1.8818092621607734,0.0,0.0,0.15555818628835452
egreos,15,linear,5.0,0.8723289814944849,0.7796683687478299,0.739892389479312,0.9787186774182803,0.9759455523153096,0.9476442633304174,1.2823056104538277,2.0228146471258275,2.316784417479603,0.2035870195112721,0.20176191457166032,0.4774419954806829
egteir,15,linear,5.0,0.8824563554509577,0.8199987623368509,0.7974894397478655,0.9901896380460331,0.9886509532506583,0.9745147252387656,1.104592976357323,1.5718412206633683,1.7301979581281033,0.09915404457313381,0.10759718954190879,0.24276508967487942
egteir,15,nearest,5.0,0.8054641453988522,0.6356164929791287,0.6451629913450488,0.9942100679434522,0.9619536617773806,0.9883669527892568,1.149190641582799,1.7609428316459457,1.7358618219835964,0.10622458210721067,0.26651212932410645,0.16599448071928885
egwicj,15,linear,5.0,0.881305048532487,0.8093306846561243,0.7795426677324806,0.9810711785093573,0.9806832822495771,0.9546720767966691,1.1439336871512105,1.6961524244010997,1.9094638910521182,0.17324084084999453,0.1682030066694917,0.4167846574552915
eiboid,15,linear,5.0,0.8695306268920716,0.8013254742248477,0.7712808737991541,0.9874567299402116,0.9893917707367326,0.9681691873401819,1.2434178516675698,1.7618987225376725,1.9760731568540861,0.12230380186028221,0.10161252005218983,0.304393082717382
eiboid,15,nearest,5.0,0.8171169767911077,0.695370534497209,0.6915975129138429,1.0,0.9999999999994614,1.0,1.011151626904325,1.4986661831989774,1.5123635409295841,0.0,0.06293677442316693,0.0
eicmyn,15,linear,5.0,0.9108651616253124,0.8739433282891493,0.8546793053967303,0.9974763638300883,0.9965532196355599,0.9924052157720482,0.8574015377147377,1.14590884244445,1.2889889387960878,0.029415795795897107,0.036607360729083334,0.08402064565316526
eicmyn,15,nearest,5.0,0.8455135785618406,0.6205709566709037,0.6084514763786151,1.0,0.9529635571807411,1.0,1.0546528355447533,2.0228297674647737,2.0650072728197375,0.0,0.34822302969469443,0.0
eifvid,15,linear,5.0,0.8858842599430786,0.8394033298238843,0.8157601347768884,0.9960115520943048,0.9964127308475402,0.9898462863483681,1.092766386008162,1.4527646622126622,1.6265784351597694,0.04550727728096909,0.03789233326373018,0.11031552359660293
eifvid,15,nearest,5.0,0.8389784578420182,0.6944125573189814,0.7045133700590216,1.0,0.989303776214828,1.0,0.9547319044216126,1.5117978480890863,1.4774185757266267,0.0,0.19433416011664545,0.0
eincuf,15,linear,5.0,0.9790081170930959,0.9647578347639665,0.9661672187203065,0.9999999999980905,0.9999999999980905,0.9979174828467012,0.2167075667128744,0.33710720111959425,0.32565311808946357,0.00751268099859557,0.00751268099859557,0.026386691343499323
eincuf,15,nearest,5.0,0.8273859982721479,0.6410534714229378,0.6401488174448712,1.0,0.9999999999980904,1.0,1.0644470167779174,1.7752532821482163,1.7781081610503229,0.0,0.13884714316964453,0.0
eitpem,15,linear,5.0,0.931457129713682,0.8923704531035921,0.8896046219735065,0.9958390030941788,0.9999999999980905,0.9877565429477976,0.6462808778135444,0.9415314288089123,0.961447833888655,0.043060261296554075,0.03976671560966125,0.11981045727090674
ejcrur,15,linear,5.0,0.896672325862826,0.8403878533565616,0.8356187248421174,0.996191317985821,0.9953172307131452,0.9848740859005681,0.9592950376368995,1.3745967335150455,1.4080516824221063,0.04371009766925918,0.0476599810325905,0.15558390220693316
ejcrur,15,nearest,5.0,0.8477047084133787,0.7270682178593468,0.7137485164925277,0.9999999999995801,0.9770565676471585,0.9999999999995801,0.9315784884077455,1.4114614732505866,1.4597486820355725,0.03589515463924454,0.28205989990745445,0.03589515463924454
ejesba,15,linear,5.0,0.9134937400804944,0.8803410948304768,0.8671170711160745,0.997470586661535,0.9971161842685495,0.9928346482328527,0.836026915239409,1.0973442359534475,1.1971353267947509,0.030524581684670354,0.03305827727286978,0.08284766508471147
ejesba,15,nearest,5.0,0.8214732150425994,0.6770711124786247,0.6999717188367286,0.9916814473600508,0.9916814473593548,1.0,0.9778073379359197,1.4448719863284036,1.3833817978574814,0.0635158113865709,0.1268754252679571,0.0
ejkipu,15,linear,5.0,0.8709805384561916,0.8007525950373189,0.7784644041961544,0.9880791154127353,0.988875800102437,0.9631350956033035,1.2055679224825848,1.725502786789196,1.8804744164555338,0.11711585395738915,0.10578844700204174,0.33832315778530336
ejnoax,15,linear,5.0,0.8946862655567493,0.8295208491029147,0.7963841243466488,0.9891632827920369,0.9884635403422416,0.9648792762736573,1.049840703415921,1.5721506169526478,1.8199838071579555,0.10796380798042726,0.10909982821848549,0.33078515118983154
ejshig,15,linear,5.0,0.8632253383686487,0.8143190689145821,0.7903049479349298,0.9970106360259771,0.9969624741778782,0.9904741185591059,1.2656745086050234,1.6289961506836852,1.7986839261423597,0.035353659853731075,0.03281557399151606,0.10437592370037577
ejshig,15,nearest,5.0,0.8329896612886671,0.6985413374597779,0.7008864953823836,0.9770664736810891,0.9524788285202196,0.9931932702850934,0.964700950093511,1.4578915795687208,1.4555514196773067,0.197434043994608,0.3492946007205766,0.15046112102266673
ejtobu,15,linear,5.0,0.854726209537348,0.8091188718092965,0.786174979234939,0.9958728470800539,0.9954165092775934,0.9876884674294412,1.288646008296456,1.6109293679299166,1.7654447105666582,0.04688590667683942,0.049472749197636,0.12757931268522954
ejtobu,15,nearest,5.0,0.836523788248036,0.7079145670752433,0.7063450262646754,0.9970747102526535,0.991913614421952,0.9999999999995086,0.9417524178624265,1.4119970510762072,1.4229407940716532,0.044192634422909945,0.1550310755703605,0.04409133061772133
ekenuc,15,linear,5.0,0.8599629649827043,0.8102133597415722,0.7878847537498286,0.9966923764722266,0.9962553330541675,0.9869076065360144,1.257543524411571,1.613396653509778,1.7652198219134898,0.038634020968635774,0.041513002642853306,0.13105832558463876
ekenuc,15,nearest,5.0,0.8484394726403353,0.7580587908743786,0.7424391457954093,1.0,0.9869926604855278,0.999999999999625,0.8817046706718289,1.2292286394198282,1.283033315902087,0.0,0.19869559744156662,0.038798015896944156
ekfrab,15,linear,5.0,0.867094454995088,0.7828707408911013,0.7460044523463321,0.9800434761263608,0.9797855490459778,0.952342372561366,1.3229731939844023,1.992623115080588,2.2654360238346105,0.1927832330263943,0.17468208242133126,0.43467735473592123
ekfrab,15,nearest,5.0,0.8588774738884338,0.7393472279650029,0.7265866403463421,1.0,0.9999999999980905,0.9999999999990452,0.8590848185263441,1.3390582843922338,1.3822575830804062,0.0,0.2043602176984504,0.08016708838593276
ektamy,15,linear,5.0,0.8597701044629583,0.8201927117182057,0.8066908667672811,0.9983866405954396,0.9999999999980905,0.9952222212440675,1.200774784270696,1.4694259679689614,1.5574178843853512,0.018904130680590967,0.028780815982892286,0.05326596160902898
ektamy,15,nearest,5.0,0.827975728786956,0.6636614723584359,0.6773545662275139,0.9913841149868642,0.9775975135582752,0.9948573919055946,1.0228407489914382,1.6307185170391485,1.6107680453858624,0.08630742713493011,0.23685668598547935,0.0723938556769764
ektuyo,15,linear,5.0,0.9196183566519515,0.8876745099834329,0.8763665542784769,0.9976489159152203,0.9999999999980905,0.9937706691843361,0.7768033007433798,1.0285141570173473,1.1138516275179404,0.026269734323053753,0.025512665273199578,0.07070204364073927
ektuyo,15,nearest,5.0,0.8610247269705374,0.8232718220931324,0.8380249884054721,1.0,0.9999999999980905,1.0,0.6997390331238141,0.8797168533412226,0.7775710192123432,0.0,0.264030762447617,0.0
ekyosj,15,linear,5.0,0.8490684462587819,0.795256655749973,0.7677175552520669,0.9928570210749205,0.9910371617869898,0.9753803659395586,1.3599111635530727,1.7456526614790782,1.932741777945979,0.07547834820057434,0.08279904840268537,0.23028707238516694
ekyosj,15,nearest,5.0,0.8182318232989223,0.6695483412751899,0.6660588204193367,0.9891300359832174,0.9541702539302986,0.9999999999983734,1.0551858087331993,1.5812853701540728,1.5968165953510698,0.1032427291883534,0.33743361519235826,0.12661208711877162
elafle,15,linear,5.0,0.8725101670708508,0.8244043213483443,0.7975621163198827,0.9930474412093788,0.9925779357571781,0.9813874102828244,1.214665972133502,1.5851041194340656,1.7813678630265524,0.07780518797836213,0.07493504693187451,0.19257864383465187
elafle,15,nearest,5.0,0.8334368540114957,0.6556372064782807,0.6874728188535062,0.9917887321871911,0.9886872991207087,0.9904084000059037,0.9805795424110332,1.6701680309225893,1.5692439137971945,0.05879288515202656,0.25039274534313977,0.06648139078251691
elbnax,15,linear,5.0,0.8606441328585851,0.8035984762821794,0.7760325091361602,0.995251919709436,0.9952568889702078,0.984916348664168,1.2915171926106699,1.7138579513645504,1.9067724251617866,0.05297767706307462,0.04818630284420441,0.1552105425022358
elbnax,15,nearest,5.0,0.833684589733419,0.7321160386362195,0.7435573191446445,0.9999999999995817,0.987669466104662,0.9999999999995817,0.9076550985026531,1.255473199708308,1.2230305989537482,0.03808695890622653,0.1659611979786689,0.03808695890622653
elfyea,15,linear,5.0,0.8696784616906252,0.8324356935911683,0.8213130283395853,0.9962222163293598,0.9999999999980905,0.9837502055879088,1.1017503869063126,1.3508330883681314,1.4223074583380089,0.04183205294666121,0.052456291081382576,0.15233116281161302
elfyea,15,nearest,5.0,0.8262694241164116,0.7123857010795016,0.7086263990062283,0.9949192684826149,0.9727433504814204,0.9999999999992183,0.954412768833554,1.341675842786139,1.3552992679608133,0.03897340022872507,0.2086127856092579,0.07724266380311481
elhuyo,15,linear,5.0,0.877207201933898,0.8282360585283443,0.8304617739043109,1.0,1.0,0.9999999999980906,0.8820587164726229,1.1439264129852307,1.1326013182395969,0.0,0.0,0.08370543216117964
elhuyo,15,nearest,5.0,0.8224187744311297,0.6019383008443596,0.6215591592336793,0.9999999999989563,0.9999999999989563,1.0,1.0834839008273027,1.8945515415697927,1.8399511676324336,0.08217060343711713,0.08217060343711713,0.0
ellimt,15,linear,5.0,0.8878937065302552,0.8376200417108135,0.809975453739133,0.9936028658402525,0.9931145736326613,0.9842714804826165,1.0945623690530382,1.4921311414760536,1.698757850450631,0.0686184064065785,0.07026520878779219,0.16088887562069235
ellimt,15,nearest,5.0,0.8560685398470962,0.6717362699270073,0.645295334381538,0.991614670257172,0.9622119625049663,0.9907273970491469,0.9658623782743422,1.7564088880638287,1.8463205834400236,0.22695115073109032,0.2619254835100113,0.19683569257338263
elswck,15,linear,5.0,0.862256147053998,0.8183433294173483,0.8012676962237834,0.9955054110022596,0.9944452342742013,0.9873727306102666,1.217962174964981,1.5272752959009808,1.6422696847084084,0.04864046730736295,0.05516292817306894,0.13319516786922622
elswck,15,nearest,5.0,0.8302020004673194,0.7180598398800071,0.7134496429453526,1.0,0.9900052959880662,0.9999999999996945,0.9649898679670058,1.381390788280599,1.3964219199723775,0.0,0.14461819904153653,0.032346833020241876
elvgid,15,linear,5.0,0.9567307398237932,0.9218544599999152,0.9134138876971436,1.0,1.0,0.997267875950371,0.4122045607523099,0.6757597698479387,0.7353788280621362,0.0,0.0,0.02993447269535616
elvgid,15,nearest,5.0,0.8551005786859779,0.663576968712405,0.6545677256650925,1.0,0.9563365644125918,1.0,0.9714870882498688,1.7909955120297585,1.822851875352839,0.0,0.30250728424494655,0.0
elwesn,15,linear,5.0,0.8946349577155454,0.861684334259921,0.8515856840233271,0.9973227489962541,0.9999999999980905,0.9899898060238433,0.9411553820919062,1.1776009993403724,1.2472938648030396,0.029411727962572683,0.03471525262400985,0.10088109586844529
elwesn,15,nearest,5.0,0.8554624352650771,0.8016051717782301,0.7935833832081237,1.0,0.9999999999980906,1.0,0.7887360981013734,1.0190705250583085,1.050363626190241,0.0,0.19599809409666963,0.0
enarwe,15,linear,5.0,0.8838925888113915,0.8307259371643092,0.8056359287869126,0.9963034277160737,0.9969374129713353,0.9913078676608343,1.1359825456061734,1.556905835459502,1.7449036199575019,0.04258311319142185,0.033049960019687165,0.09806881710225065
enarwe,15,nearest,5.0,0.8299218107693135,0.7061483894671893,0.7048296205260586,0.9905908553545723,0.9778293127323682,0.9933916872465901,0.9748831815667437,1.4645990616775368,1.467125505514726,0.11066508538001138,0.269399178408402,0.06724967858313169
enekbl,15,linear,5.0,0.8761308230743206,0.8301088449946056,0.8132722256989938,0.9965815512395311,0.9999999999980905,0.9901552876098523,1.122620964926822,1.4560188596747212,1.5722784545041433,0.03634723357433012,0.04031292874521972,0.10521012528798672
enekbl,15,nearest,5.0,0.8271633762029249,0.7055975646548893,0.7042886089689094,0.9911338344678111,0.9809833761364186,0.9999999999993214,0.9907401064997509,1.4291140816086896,1.441945590223166,0.0813302797291071,0.17604568807684884,0.07641347435436463
enidmo,15,linear,5.0,0.8929586568839439,0.8340851517562127,0.8128058139694186,0.9903884032382135,0.9910807215191381,0.9784720939632715,1.060593074671558,1.531260706429579,1.691798872512227,0.09743033020797758,0.08767705780066003,0.22144959496585878
enidmo,15,nearest,5.0,0.8991442937487155,0.8142005771122072,0.8009969153776026,0.9755434951628469,0.9402320336236731,0.9999999999980906,0.6587631628084715,1.0339366985542213,1.0904860875611402,0.22846095387766058,0.41147638394495706,0.24378181840781243
enjubp,15,linear,5.0,0.8618314693732867,0.8162888090585552,0.7917376586113809,0.9983821665217911,0.9967491087290069,0.988227210777883,1.2363980077096075,1.5616548395012801,1.7284121178598226,0.02056791920183829,0.03480175477597279,0.12276113363515598
enjubp,15,nearest,5.0,0.8400831053017828,0.6718656626593603,0.6598260039055198,0.9999999999990331,0.9716265086607734,0.9999999999994683,0.9878255271550593,1.6594456019849289,1.703712565257014,0.0863061408192901,0.2955314652437303,0.07341592551096579
enkkan,15,linear,5.0,0.8813164853337744,0.8457864639633403,0.8300794271629222,0.9978916362441898,0.9977632117214902,0.9932395685163241,1.0624370240631291,1.3178794833464853,1.4261692895972915,0.025122832610529507,0.026462096465017737,0.07743284145863562
enkkan,15,nearest,5.0,0.8405144859586107,0.6957603157697442,0.7147291808867394,0.9999999999997896,0.9902711551388211,0.9999999999995431,0.9234197088362764,1.4523596102769327,1.3934364547225297,0.01843250420467611,0.16390607889617384,0.03751535319046164
enyene,15,linear,5.0,0.9328226901989621,0.8731885765147848,0.8504071725758235,1.0,0.9999999999980905,0.9892320327625604,0.6038861042008354,1.0178862284507804,1.1623796567716933,0.0,0.06701231005658302,0.10290916498615156
enyons,15,linear,5.0,0.8571599928538622,0.8100061917496699,0.7881991962780068,0.9990218724987268,0.9989687521146177,0.9923399926910109,1.2783110931113164,1.614826176213859,1.7631124754870409,0.012739760116005578,0.013352913692095805,0.08263249699012407
enyons,15,nearest,5.0,0.8607931503026257,0.7270969634143845,0.7276995412515517,0.986517658113664,0.9817692920479746,0.9999999999990703,0.8819697222578073,1.4334067622305955,1.435834542698607,0.1239987044799961,0.23557896559900737,0.09212422774635923
eoccoi,15,linear,5.0,0.843008543800575,0.776024049409346,0.7428345684597534,0.9926736926853815,0.9907727376839109,0.9766688744848141,1.4257515336386826,1.906830630213217,2.130758351562149,0.07714671453921304,0.09025058418238233,0.23726030793959266
eoccoi,15,nearest,5.0,0.8412271062144518,0.6950521167384003,0.6976367839625607,1.0,0.9891405316265804,0.9999999999994756,0.988530693276604,1.5663173579743301,1.5625895094956663,0.0,0.15736429643025826,0.037562333903774205
eoffri,15,linear,5.0,0.8837096351191178,0.8314950515916926,0.8046916555316147,0.9946308603238434,0.9938508342592414,0.9841866995693047,1.128886185879268,1.5385750349001783,1.7374089910657016,0.05895266193209815,0.06016124745025875,0.16976959032156086
eoffri,15,nearest,5.0,0.8385651135165721,0.7334616900955155,0.7423895940364251,0.9945605226943569,0.9804864924654966,0.9999999999992435,0.9099090628379606,1.277309377420214,1.2573026240739735,0.10854251209070842,0.2529215373487572,0.0695328782181675
eoivqu,15,linear,5.0,0.8622225343417117,0.7742616991448785,0.7442033026886411,0.9725702554705647,0.9751801153460793,0.9460957791589126,1.3065977902354617,1.9636256210745258,2.172325489150578,0.24502355315541535,0.20704657363514872,0.48182176091396356
eoivqu,15,nearest,5.0,0.8461296592133647,0.6437670798620128,0.6265994712591434,0.9203786364806325,0.934849791315213,0.9187465715795762,1.0171907384813486,1.8603604726737748,1.9184737338296476,0.5270405093738936,0.4127090000871957,0.4878338261206725
eokrac,15,linear,5.0,0.8691408821316038,0.818683197983136,0.801163931667668,0.9976725040750404,0.9999999999980905,0.9864126793390191,1.2019009950728403,1.5726509699166522,1.695260948700267,0.026040071982425077,0.03880121915638891,0.13528042513182686
eokrac,15,nearest,5.0,0.8365688560095385,0.6801071991727513,0.6774643768601413,0.999999999999281,0.992555257474711,0.999999999999281,0.9884141189268427,1.5875745001384156,1.6028881339868832,0.07723941344944092,0.21650431501775566,0.056217382599437815
eolgug,15,linear,5.0,0.8838258720926715,0.8417049226402455,0.8315145479275734,0.997233217435593,0.9999999999980905,0.9884116663878795,1.0363331739339168,1.336121265421808,1.405577731931804,0.03188228542719394,0.019499931856235848,0.11805515791376676
eolgug,15,nearest,5.0,0.8392895772829427,0.7270760615621116,0.7293303316788325,1.0,0.9642890794109966,1.0,0.9176603239273842,1.328007914446877,1.3292275524604191,0.0,0.31343075367856693,0.0
eoslui,15,linear,5.0,0.8743461689729672,0.8422088334621072,0.8287498448328525,0.9980001612265413,0.9999999999980905,0.9923103315513048,1.0884639863333518,1.3109611152566545,1.4006874869089947,0.022812465072420816,0.01914351149382331,0.08290942724346481
eoslui,15,nearest,5.0,0.8484990541196804,0.7538783260975724,0.756302188350932,0.9973005901893761,0.9877274663733583,0.9964476880518777,0.8811484215261441,1.235894748847533,1.2350020737030218,0.041481682021943515,0.19829574621784127,0.027561084115039713
eovsyt,15,linear,5.0,0.8628979910856305,0.8084441676031218,0.7886915309639928,0.9965237031709949,0.9959472121107951,0.9832598961501728,1.235696641245254,1.6255916922103602,1.7598112062364568,0.040354304998103725,0.04446556648411126,0.1659959054767303
eovsyt,15,nearest,5.0,0.857227239915475,0.69602173295745,0.6863121508920517,0.9776397902170765,0.9577759288577017,0.9999999999980905,0.9222426870817593,1.5915694862235374,1.6257377771678543,0.18321052952225975,0.25495535037973127,0.183195051424158
eoydba,15,linear,5.0,0.9095997268733295,0.8495062017166052,0.8239969820126931,0.9979255032948504,0.9980018892228188,0.9924130358839803,0.8813887174402915,1.3495312603486835,1.5348821603455918,0.025628789765099073,0.023964067769745256,0.08394545138087442
epabca,15,linear,5.0,0.8570523199734588,0.8075750234705298,0.7873547699122065,0.9967279657275028,0.9960128199881267,0.987230852594556,1.2385394524665112,1.5769631526002033,1.708422541736869,0.036911462376188156,0.04150746348268943,0.12828609079481393
epabca,15,nearest,5.0,0.8345581978945893,0.7115767724753371,0.6991147491186444,0.9956297114269773,0.9930828386667071,0.9999999999998016,0.9460047265739295,1.4090594473944176,1.4610777025188468,0.04989997739084207,0.19216260289255455,0.029354013719168428
epemva,15,linear,5.0,0.8761672603424566,0.8385985479683362,0.8271279356552265,1.0,0.9999999999980905,0.9933941841290244,1.0754747156960924,1.3352172261652033,1.4113734946710044,0.0,0.025385045819013068,0.07054989511547946
epemva,15,nearest,5.0,0.8425628426468063,0.7377482949610096,0.7341023702998046,0.9888475225098539,0.9773467151783783,0.9920167625629928,0.9282742792457712,1.3615789870307942,1.3659178317854372,0.11341680020306338,0.25443515032418035,0.10875831250120219
epkiap,15,linear,5.0,0.8663611079675269,0.8138319546117689,0.789315018569472,0.9930510703988291,0.9932371287422169,0.9811674223009885,1.241461307944577,1.6324911182198176,1.8055680996285872,0.07370496370727107,0.06919037137355653,0.191332394724207
epkiap,15,nearest,5.0,0.8249517885411636,0.6605706081282385,0.6737436118290214,0.9909259177647421,0.9650422279500726,0.999999999999081,1.0281710918624654,1.6256073241853901,1.5892967290722162,0.07113920440485563,0.24401123513636302,0.11337269117245771
equioc,15,linear,5.0,0.8668442263144183,0.8076086857466394,0.7764894780988397,0.9921260568652704,0.9915445559735591,0.9776840956610154,1.2840480189019745,1.7438822226133044,1.971765685318856,0.08669731644610625,0.08377184437946565,0.2249930835956875
equioc,15,nearest,5.0,0.8659594587910072,0.7518901199964846,0.7376976131875526,0.9916047722751885,0.9571388408108462,0.9910411906667157,0.8771389465819511,1.3850708011279549,1.4413759638090589,0.1134165829147087,0.3883791221857729,0.14770133642469988
equoaw,15,linear,5.0,0.90106319717517,0.8599665756621184,0.8442134212812045,0.9999999999980905,0.9999999999980905,0.9944197956200812,0.9250645338408497,1.234621424631809,1.3475842119816255,0.011405739845921825,0.017980474324615192,0.060958870187189505
equoaw,15,nearest,5.0,0.8530992609126571,0.7484040494828639,0.7448905790960175,0.9944673427993054,0.9900856937083923,0.9999999999994398,0.8621060287207825,1.2584079889214745,1.2781553391791054,0.07144078854291683,0.17887916748394542,0.05308242983700791
erjboy,15,linear,5.0,0.8780145522315876,0.8247583479381191,0.8033963093760874,0.9917516386184785,0.990832536000126,0.9825663770015479,1.1607390586635296,1.5684201582384938,1.723519220490745,0.08809525060532462,0.08975209357563446,0.17572018615855475
erjboy,15,nearest,5.0,0.8489747933948639,0.7248185031821455,0.6994568382006073,0.9536712492051332,0.9479423337301716,0.9999999999980905,0.925598892363153,1.4333398097603682,1.5217512107671867,0.2998931073540613,0.3554188199477062,0.2839507042804003
erjcre,15,linear,5.0,0.8685603464538776,0.8247131574892463,0.8122306073485683,0.9999999999980905,0.9999999999980905,0.988161377564144,1.1197193833143957,1.4142629031227927,1.4944125799389358,0.028843457568098214,0.050675527400983016,0.11151318014052551
erjcre,15,nearest,5.0,0.8612240120924303,0.6913464778401787,0.6694533367963844,0.9837192477759891,0.9742542609859786,0.9999999999980905,0.9480423584477164,1.7095240803389484,1.7925835955913272,0.11195177661069985,0.2683827414187416,0.17193382687236294
erjtai,15,linear,5.0,0.8631615565966071,0.7948392859828816,0.7672446968494226,0.9949017274474606,0.9999999999980905,0.961291294660428,1.247349983842862,1.7388313922775247,1.9248883879704595,0.05126204428085666,0.07564460917760217,0.3450090744877662
erjtai,15,nearest,5.0,0.8453258010035081,0.7093932600704046,0.6970755743700986,1.0,0.967219714662997,1.0,0.9684791386776571,1.535573691667686,1.5865065955242426,0.0,0.2932440038275746,0.0
erulgh,15,linear,5.0,0.8760451421832596,0.8213422000401746,0.7928365752735372,0.9922802824575387,0.9919326586668087,0.9832717372618729,1.191129245656944,1.6147151751057542,1.8232042647463071,0.08522036116069,0.08047587204941928,0.17568111627331837
erulgh,15,nearest,5.0,0.8326549487419516,0.699679394522847,0.7068750707849886,0.9944908640094258,0.9999999999986166,1.0,0.9826122977367739,1.4934629439724423,1.466676964136628,0.06123958480982003,0.190132281646545,0.0
erwumu,15,linear,5.0,0.8763577949131762,0.8314708260288817,0.8081113962683253,0.996484685848289,0.9949091389416131,0.9867332903949588,1.1209131657875384,1.446490289418023,1.6073664109309727,0.040750530399773256,0.054176198151388515,0.13603804248877813
erwumu,15,nearest,5.0,0.8167158167282339,0.6651984722337035,0.6865340812942938,0.9999999999993876,0.999999999998703,0.9999999999994236,0.9955227407392201,1.487106922824085,1.4377590066943264,0.061935250175315336,0.18382257669493332,0.06088614425205257
eryeig,15,linear,5.0,0.8533428136135836,0.8058253259508341,0.7886384587903787,0.9964582797828446,0.9959087706946861,0.9844903610782554,1.2648241695296203,1.5884844888187275,1.7001842551680406,0.04101833078039239,0.044831495120156474,0.15551673919088307
eryeig,15,nearest,5.0,0.8340346437439465,0.6847731729462063,0.6742501998168265,0.9737035697273156,0.9608983577170039,0.9999999999985888,0.9782917909037155,1.5413958213687213,1.5787937101984582,0.1822778938613955,0.28849740370048704,0.16350268376426222
eshria,15,linear,5.0,0.9019828087467577,0.8674227715520756,0.8612275828047183,0.9972276546749587,0.9969903553855212,0.9916245129415246,0.8790484639152392,1.127642572825899,1.1705100012984198,0.030316623723821184,0.0325544620034173,0.08926741311698252
eshria,15,nearest,5.0,0.8329065098601615,0.7018002458363234,0.7081464454026822,0.9861141676012246,0.9830755108565113,0.9999999999991316,0.9756905099385773,1.4558227957735737,1.4443733224376525,0.11774467799530505,0.14511419857774283,0.07919327602033516
eshroa,15,linear,5.0,0.8733801327463688,0.829487589885753,0.80221122159795,0.9955216655206734,0.9962067407749681,0.9935134750257155,1.2125866286324358,1.5537123833268507,1.7554647185020438,0.05034669812044174,0.04198100178347104,0.07703571775988367
eshroa,15,nearest,5.0,0.8333116603143211,0.719129153836934,0.7283816111719634,0.9883239052759781,0.9567553048075087,0.9921713919954122,0.9319030594381136,1.3283705606378793,1.2996845199696347,0.12927546925331665,0.33042366893113734,0.17001777107865354
esnddc,15,linear,5.0,0.896627611494412,0.8609185493252938,0.8459581283670916,0.9963840938861799,0.997991821509372,0.9940087599815467,0.9654912341715817,1.2355721243667683,1.3439278686149054,0.0402684412154347,0.022895528655996557,0.06833762205128202
esnddc,15,nearest,5.0,0.8489486449656587,0.7420918863002731,0.7440051482045413,0.9920109087465117,0.9884437027918089,0.9999999999997284,0.898580613470941,1.3132779670291796,1.3130239094974563,0.05237451462579256,0.10486657158275198,0.05426011518202688
esudce,15,linear,5.0,0.8920797615711652,0.8420487550313263,0.8244199951289253,0.9835274196511243,0.9856126991498351,0.9792878250290833,1.0124216106661896,1.38871337067164,1.5143870499842333,0.1540933527852565,0.12303051272306131,0.21107678638212185
esudce,15,nearest,5.0,0.8545916607296986,0.7614758255786488,0.7417379323720886,1.0,0.9999999999989634,1.0,0.8286751378184716,1.1706137558224123,1.2334478818065768,0.0,0.10885825279491687,0.0
etalra,15,linear,5.0,0.8345757051131516,0.7404626306083366,0.6955821021979953,0.9789432081442526,0.977808771275658,0.9457571048105999,1.5759391083454608,2.28327447666528,2.5958426142115334,0.18944729446469008,0.18874520697928202,0.48434510942498926
etirnf,15,linear,5.0,0.9107838922928718,0.8056836060416824,0.7749001285696027,0.9928947986181049,0.993044965142795,0.9852604750475918,0.8128314188971252,1.5358561508982957,1.7255789226774008,0.0751337124376379,0.07087427712970919,0.14888598674786566
etnads,15,linear,5.0,0.8633866097654399,0.822386635001104,0.8014133682293842,0.9988057154104382,0.9970572656592658,0.9901408302093133,1.2097133395409891,1.499638968845223,1.6413000955084047,0.014512314250719183,0.031926305188750885,0.10534365456507656
etnads,15,nearest,5.0,0.8475793209661091,0.7305217697175891,0.7384677314022983,0.9999999999996644,0.9953482540421948,0.9999999999998441,0.9180224898830499,1.346975594965805,1.328555713220993,0.029388547835259744,0.17984007975459018,0.01453938792414595
eufdod,15,linear,5.0,0.8762195227019881,0.8310911300934749,0.8108362582564191,0.9989006050153902,0.9999999999980905,0.9773287707930197,1.1076598208817863,1.4296434727914435,1.567027453256298,0.01349064973677946,0.04340041406798505,0.19211990194080383
eufdod,15,nearest,5.0,0.8361080805961761,0.7150436899108509,0.7125680587275403,0.9999999999991513,0.9640835514273159,0.9999999999995423,0.9785685073975113,1.4562887571306173,1.4647875812235283,0.07850302932482904,0.2866291438337965,0.04009878107683925
evbacc,15,linear,5.0,0.847476940630473,0.7993271945736904,0.7845743657084079,0.995985785178081,0.9999999999980904,0.980308406927128,1.2860481021126655,1.6046903262065915,1.6979442088321717,0.04174968860020034,0.05976383265614073,0.1854278720347125
evbacc,15,nearest,5.0,0.8196229655817328,0.6766163994869177,0.6612653204715446,1.0,0.9843754904141152,0.9999999999994943,1.0414087703839536,1.5489543993173531,1.6026794658062224,0.0,0.266658244398309,0.045157036652352565
evdyff,15,linear,5.0,0.8669096865916737,0.8079753739287505,0.7798071248393033,0.9973037229346177,0.9976787924960314,0.9890794914380645,1.2539198157916598,1.6984405749358955,1.8989001813357038,0.03315744557408618,0.027336606903344482,0.11506467414523808
evdyff,15,nearest,5.0,0.8331462802516828,0.6833491815926489,0.681522987466989,0.997266351705945,0.9660518126176556,0.9958625820896168,0.9939635174069573,1.5696434496561606,1.5762067717830437,0.07915732933605411,0.3036667478020014,0.13151197637595613
evfler,15,linear,5.0,0.8929510498120508,0.8284382020640604,0.8099121531989282,0.9841846884509643,0.984611172460913,0.9698629782642154,1.0400343860672743,1.5412540878886882,1.6766695567286436,0.1488815518478389,0.13909149207994864,0.2951915695489976
evijce,15,linear,5.0,0.9257198218975317,0.8701280831002678,0.8518428382805963,0.989801724076572,0.9893768213504917,0.9711616386766435,0.7627012087838955,1.223236629746357,1.3651493358682256,0.10578439512578369,0.10173401694257155,0.26949193667384896
evjoko,15,linear,5.0,0.8701052124080761,0.8245116245809971,0.8026437980873511,0.9999999999980905,0.9999999999980905,0.9923215686275556,1.1945290805928173,1.5312094181519864,1.6850141726431913,0.011405739845922067,0.022432208997516648,0.07714579260479683
evjoko,15,nearest,5.0,0.8543079634103902,0.6933490635428299,0.6955876953257404,0.9961621198616484,0.9612117914128506,0.9999999999990616,0.9129737416618562,1.5383932591100715,1.5316170487069416,0.03033235967429477,0.33149346516026224,0.09032798686223115
evmaja,15,linear,5.0,0.9441992896309086,0.9079627577294586,0.9030551400638739,0.9977751983668944,0.9999999999980905,0.9902251352895491,0.5758707655109423,0.8808602899984582,0.9201974329319863,0.026337555539155136,0.032262501042421274,0.1067384274717775
evmaja,15,nearest,5.0,0.8500460853094685,0.5763426321789958,0.591103747486886,0.9625260066813852,0.9481796508180327,0.9999999999980905,0.997350210438356,2.0782558282161734,2.0328987464657526,0.2680621768578539,0.37621322458807577,0.2021677063765117
evtitd,15,linear,5.0,0.8708247942260501,0.8142751351109008,0.7826406271482287,0.9958766839835421,0.9951159957262564,0.9868439561386635,1.2603950399051933,1.7063942451472494,1.9419750316964863,0.04925984771977187,0.052267873972545315,0.14052356617492143
evtitd,15,nearest,5.0,0.8382728633166254,0.6796922476633853,0.6708698377657156,0.995301932492391,0.9999999999986817,0.9999999999996362,0.972170568851872,1.5748971477943263,1.6104693996265966,0.06664353823171155,0.15695707269906456,0.035207092718699984
ewbglo,15,linear,5.0,0.8497253029192788,0.7769294762396304,0.7486041856459027,0.9897415071308597,0.98874644408254,0.9596541135097043,1.3405589299907,1.849407052932428,2.034759040025579,0.09876127625763818,0.1002469230641736,0.3481684280750775
ewbglo,15,nearest,5.0,0.8444235887604398,0.7256764965301988,0.7196681446929841,0.994140406677721,0.983219969719655,0.999999999999252,0.906441968910457,1.346794322139925,1.3667126889269705,0.0497744970215918,0.23547685469343935,0.05236047273733581
ewedkl,15,linear,5.0,0.9240004016892887,0.8903134416315349,0.8895459718761626,0.9999999999980905,0.9999999999980905,0.9970992788138636,0.7048368568669239,0.9563545210730462,0.9618689404220486,0.006234694673792161,0.011405739845921999,0.03153076170576359
ewedkl,15,nearest,5.0,0.8180726976184508,0.6478022621144593,0.6618545984417069,0.9916392386843009,0.9801825496133526,0.9999999999995194,1.0178921652122634,1.601291075779866,1.5704917406065562,0.061290002604433534,0.25909949676155464,0.07638386029683887
ewufri,15,linear,5.0,0.8810480445382947,0.8339248012337208,0.8095252589549267,0.9960918049172588,0.9964338497656248,0.9887455717825335,1.1413134601650816,1.5072435792803138,1.6872036515307418,0.04470644542192201,0.03978575088768815,0.11809127459051981
ewufri,15,nearest,5.0,0.868883792947249,0.760369606160298,0.7532515077204096,0.9903216632154533,0.9793018386882627,0.9935596907789772,0.8062793753314227,1.2479608511673763,1.276187580662113,0.1044065059037329,0.2861292774992959,0.07567855884210258
ewvnil,15,linear,5.0,0.8809729981577786,0.8374018316092207,0.8193046872323047,0.9961045373919742,0.996908647240077,0.9849412677858105,1.0925175335089183,1.4136251233625725,1.540781654804796,0.04296240860546263,0.03512695272901227,0.1516413716901604
ewvnil,15,nearest,5.0,0.8446795522419693,0.6747132882222898,0.6711167659790025,1.0,0.9851284537460107,1.0,0.9400775962618143,1.5928742443842265,1.60435022803786,0.0,0.1094692786499447,0.0
exskaf,15,linear,5.0,0.852810545896522,0.7934330603160149,0.7630135387584429,0.9913602144796818,0.9912512606523884,0.9785748892163134,1.3387092604947628,1.7677038165403152,1.9749251577473643,0.08891405020900715,0.08112771449408014,0.20951695044341204
exskaf,15,nearest,5.0,0.8560880542262505,0.752330919596944,0.7370925713242014,0.9999999999994916,0.9614720308139783,0.9999999999980904,0.8820273295869803,1.3025316506461155,1.3541386367870847,0.07929521237534871,0.27086528548583794,0.17728554088666235
eybmij,15,linear,5.0,0.8629186225291068,0.8107148587290036,0.7821728916309253,0.9925659598365354,0.9917068780622855,0.9783463113698855,1.2796730479380798,1.670870693841982,1.8734768598514597,0.07812400822119962,0.08239654267661037,0.20660146187981918
eybmij,15,nearest,5.0,0.8373660411173866,0.6773736195592043,0.6577493830885016,0.9952866540225219,0.980841195549989,0.9999999999984396,1.020414515246491,1.6666838851727928,1.733669791571442,0.12481155452414694,0.2557202260198693,0.12959259518150604
eybyay,15,linear,5.0,0.842841616016127,0.7787833458563791,0.7491742477572663,0.9911751417084087,0.984050759782745,0.9681309753059127,1.4132598787074668,1.8684661341479014,2.066713050648732,0.09054764924483896,0.1433272001945653,0.2992870954337056
eybyay,15,nearest,5.0,0.8312429371065487,0.6888027136396875,0.6928116975391485,0.9941906047325301,0.999999999998963,0.9999999999994437,1.002117242431438,1.5327609758578795,1.5255917452839107,0.04692039608843271,0.11064114905437762,0.04591875646978331
eydadg,15,linear,5.0,0.9496717021384131,0.9065344263791357,0.8971278845557451,0.9999999999980905,0.9999999999980905,0.9999999999980905,0.42907930403000455,0.7103239066379662,0.7668329625557193,0.04167984005998615,0.03647043978665264,0.0985907679377378
eydadg,15,nearest,5.0,0.8305531025100873,0.6606586238482548,0.6757779644100205,1.0,1.0,1.0,0.99533174404938,1.602869804645028,1.5573578799406647,0.0,0.0,0.0
eytups,15,linear,5.0,0.842265020589591,0.7643843059480957,0.7263621964370961,0.9900550995070465,0.9807305990534068,0.9586356672798424,1.4505762844362684,2.0151019633746428,2.2721397356824538,0.10031744088724512,0.1565879583406008,0.3859223504507083
eytups,15,nearest,5.0,0.8235589050233046,0.6752292742506644,0.6765890878058267,0.9873992459488092,0.979182012038206,0.9999999999980905,1.0693572835362548,1.6503556787223226,1.6436660179967628,0.13751857509963833,0.22850291855820581,0.12733773486542427
iacbyb,15,linear,5.0,0.9236699838357421,0.8928000448933164,0.8860296692866096,0.997523171826202,0.9957284863911899,0.9916540240509847,0.7190067228762167,0.9547224715943606,1.0043483019963078,0.027488328069764756,0.04404206593406841,0.08899555761595696
iackaw,15,linear,5.0,0.8547757479820756,0.809234574611146,0.7954363679449219,0.9978011385673248,0.9999999999980905,0.986240702680271,1.2356298214190056,1.5409722287865162,1.629470397498851,0.024781465903069393,0.03407023706401719,0.12660116398835164
iackaw,15,nearest,5.0,0.870781533821474,0.7669084099926701,0.7535067886384471,0.9999999999993945,0.9759608516194089,0.991557813801681,0.8074360264354146,1.2448214995823872,1.2969309542314134,0.04402824552399055,0.23320229470252918,0.10476665977098278
iafbag,15,linear,5.0,0.9054606591517844,0.8729687111328348,0.8581388727172565,0.9991670431180886,0.9993007026922914,0.9954733518378911,0.9107130602734819,1.1663554917751835,1.2782509203634318,0.011387823770408584,0.009446778943588505,0.05227687453391359
iafbag,15,nearest,5.0,0.8574627026732224,0.7754123400851733,0.7846888191299152,1.0,0.993255525115178,0.9999999999997667,0.8132803071043752,1.1181570468219728,1.08697191329908,0.0,0.18151067402281607,0.019582800216411053
iafstn,15,linear,5.0,0.8665140080258371,0.8233028038514831,0.8077870696427664,0.9965486162390408,0.99674286835844,0.9911866832107261,1.1707537615754064,1.472098888301212,1.5755649526051236,0.038668525070809395,0.036764833461748116,0.0956014009337033
iafstn,15,nearest,5.0,0.83100287027442,0.6610695036453557,0.6723807081926696,0.9999999999995287,0.9924804600806981,0.9999999999995287,1.01362611195145,1.646149970541916,1.618370129544575,0.04267265613129899,0.14213962672941222,0.04267265613129899
iaggri,15,linear,5.0,0.8896247634539971,0.8024569917464168,0.768416244084992,0.9892284602673719,0.9921253072088055,0.9688283247078007,1.1141358068461076,1.8142570021191775,2.067114494497978,0.11370966404346863,0.07882979192878327,0.28774409810922763
iaggri,15,nearest,5.0,0.8267053221054826,0.6456649819735317,0.6402113662331355,0.9999999999980906,0.9526113310703336,0.9999999999980906,1.067564176571382,1.7606205537409658,1.777910936419989,0.18485578987016227,0.35030816530902975,0.18485578987016227
iagods,15,linear,5.0,0.8874308293735776,0.8367481290472456,0.828056354598883,1.0,1.0,1.0,0.8236386605176765,1.1003385576760034,1.1448386007056974,0.0,0.0,0.0
iahoro,15,linear,5.0,0.8816157423126796,0.8449926086461722,0.8305717771575228,0.9989804316855068,0.9977932631144589,0.9881433644467748,1.052625063106641,1.3134755840401482,1.4119486958612701,0.01321844597759645,0.026149686931124586,0.1235133266464322
iahoro,15,nearest,5.0,0.8548594328451324,0.6527712184467092,0.6329762581151113,0.9336368181093772,0.9457336281766583,0.9230645138587258,1.0050058497412884,1.906363171182261,1.9787253083109198,0.41856597336610624,0.35851729295708484,0.4682235348137298
iapber,15,linear,5.0,0.8802900373695264,0.839074791437501,0.8161297931504167,0.9982510474500526,0.9981462714485174,0.993864974122438,1.1100753102093956,1.4182899648529406,1.5817087873810134,0.02260110858175925,0.02243321837374722,0.06976713290928424
iapber,15,nearest,5.0,0.8049439704274148,0.6888111170303449,0.7002704560092992,0.9892527703194656,0.9869660938575583,0.9999999999996065,1.0334219470752763,1.4659817175128647,1.4130637491840843,0.11591150413442153,0.2090389379315238,0.06481909300307358
iatmeu,15,linear,5.0,0.8779357029408574,0.7925349275168234,0.7563821404177691,0.9787679804712272,0.9762887464593883,0.9516020948931391,1.213282641063131,1.8889924744132789,2.1542021132794766,0.20318717635012087,0.1993808397288196,0.44032635520919616
iatojb,15,linear,5.0,0.8504599666623375,0.8092102814983446,0.8010528083535409,0.9999999999980905,0.9999999999980905,0.9903652737256576,1.1929245899424552,1.4485151266725038,1.4970823864339131,0.03841869987802591,0.04467046362700582,0.0936324448708416
iatojb,15,nearest,5.0,0.8157491031302838,0.6863285959688318,0.6971831482819157,0.9927128915506237,0.9843601887194963,0.9999999999993341,1.016557049734464,1.4581097026513528,1.427997580992046,0.0541467532799591,0.1725276352141972,0.04999837856809104
iawxbe,15,linear,5.0,0.8630994800761996,0.7785374865628796,0.7473281285633276,0.9771554594908145,0.9781359571488325,0.9496939566734101,1.3189221026034676,1.96454326350797,2.186550011130061,0.2028160240043588,0.18643613095731568,0.47385006818434294
ibflsr,15,linear,5.0,0.8739433653819813,0.8270542840175774,0.8036660551436692,0.9983828943503832,0.998470660603656,0.989358340010698,1.1768066191241564,1.5291277506904035,1.696204835464701,0.020559716753793325,0.01893234921228027,0.11252583645853209
ibflsr,15,nearest,5.0,0.8325677540085747,0.6929884876952747,0.6867248271688686,0.9999999999996123,0.9901467396305681,0.9999999999992247,0.9676809036719832,1.4806367816750938,1.5062011272520988,0.03461275398226008,0.1550612502921417,0.06922550796452016
ibgryk,15,linear,5.0,0.8852444439245599,0.828975143026834,0.8058800262800354,0.9939193148447101,0.9929680946069456,0.9816636199820467,1.1027093005579105,1.5372787508772738,1.7057072851615884,0.06567048890382735,0.067432311113399,0.18700419285260075
ibgryk,15,nearest,5.0,0.8671816512312149,0.7673716182396056,0.7759354139044018,1.0,0.9999999999993889,0.9999999999993889,0.7819988781149533,1.1747566824140858,1.146901599649517,0.0,0.07348675896243204,0.06469366604048378
iblool,15,linear,5.0,0.8835087232575066,0.8313477210170015,0.8114353857229755,0.99460072904086,0.9913392189909424,0.9727273281013917,1.1016467170289521,1.4978738532200377,1.6412821398705093,0.05923979089231391,0.0855051121034604,0.25708845177784423
iblool,15,nearest,5.0,0.8498702482937024,0.7734079457331702,0.7833985758141402,1.0,0.9999999999980905,1.0,0.8750984419653702,1.173675052393584,1.1380938770485518,0.0,0.1974560326336579,0.0
ibpijd,15,linear,5.0,0.8924488704352707,0.8573773011441645,0.8466901388012389,0.9999999999980905,0.9999999999980905,0.9943691460056588,0.9721018561026789,1.227082598531392,1.3017364667439153,0.01766743338053304,0.029600121616134317,0.06473240238617686
ibpijd,15,nearest,5.0,0.852312055380333,0.73407584826483,0.7237310629974832,1.0,0.9873350219120642,0.9999999999995308,0.9205151087685257,1.405955248003769,1.442475161565679,0.0,0.1448548084041224,0.039148643221508725
ibwici,15,linear,5.0,0.8818459124587756,0.8247171503019544,0.8034920407511278,0.9921551538999827,0.9912106477703854,0.9719530795109332,1.1200472516195128,1.5538439576837955,1.7061523879681955,0.08435554039526406,0.08658677539371287,0.25700088626819617
ibwici,15,nearest,5.0,0.8647416697198298,0.7539657891394203,0.7524203422111342,1.0,0.9999999999980905,1.0,0.8199705126340976,1.2753065091951665,1.2805619573411082,0.0,0.18201728292263344,0.0
icagpo,15,linear,5.0,0.871560806465989,0.8181841439211897,0.7877354336081837,0.9929896001112101,0.9933313880600646,0.9840655747092893,1.2319948751331173,1.6450033180931138,1.8676927461177997,0.07426757209922473,0.06836150287149902,0.16847106856986627
icagpo,15,nearest,5.0,0.8315469385787253,0.6988075156264314,0.7043250593430809,0.9999999999994533,0.9693637099297365,0.991932375092244,1.0211945509325426,1.5330844613640668,1.5228101773709573,0.05547761740016325,0.2919969065676166,0.0537093200252127
icdahe,15,linear,5.0,0.9160252176798941,0.8578217949245419,0.8677559168419896,1.0,1.0,0.9999999999980904,0.6331036860219046,0.9574403594173259,0.9054066245471147,0.0,0.0,0.05622394474842963
icdahe,15,nearest,5.0,0.8183702484232525,0.6256502472094541,0.6084192675769023,1.0,0.9715981466860856,0.9999999999980905,1.105360607074593,1.823166699761827,1.8750343818535302,0.0,0.21471465354164326,0.16414456932617202
icdapn,15,linear,5.0,0.84200240753057,0.7813429156661926,0.7560496868676974,0.9938589503425773,0.9914391820483791,0.9804682592502499,1.3970468681010837,1.8199397465724787,1.9866540126032672,0.06623462960726875,0.08466221038305798,0.20368630893232872
icdapn,15,nearest,5.0,0.8502520283297701,0.7204469627953961,0.7192867795320119,0.9999999999993106,0.953766326197904,0.9999999999987094,0.8842797228375965,1.369691396119318,1.3741970474503395,0.10056298334034443,0.31750063914830257,0.12353371543306932
icdult,15,linear,5.0,0.9036187365119189,0.8524873402777529,0.8477660713535763,0.988647927630996,0.9884912655824571,0.9687796049101681,0.8872240195498224,1.2614031901272253,1.2942793871656142,0.10762148405587899,0.10887781469019318,0.28812236462420887
icdult,15,nearest,5.0,0.9075487967921652,0.8695944207422028,0.8547311103895663,0.9999999999980906,0.9582367346147225,0.9999999999980906,0.6295015273533267,0.8193605979924306,0.8884107268042879,0.13628609286002968,0.3165123041968405,0.13628609286002968
icedpa,15,linear,5.0,0.9320440975707697,0.9064602236895609,0.9031805549158102,0.9989450543352203,0.9999999999980905,0.9966149599921736,0.6416197748012777,0.8382298991405357,0.8625614421775776,0.013008059613315663,0.013094931551980918,0.03802017501393713
icedpa,15,nearest,5.0,0.8145583409799612,0.6633715181329827,0.6677263902051501,1.0,0.9839834537317366,0.9999999999987713,1.0620597144430002,1.593318198948249,1.5811770997441292,0.0,0.17381174700841182,0.12395321192873053
ichank,15,linear,5.0,0.8920717460852191,0.856233664845801,0.8516190349466586,0.9999999999980905,1.0,0.9972342817190171,0.915299025832328,1.1556974882405,1.1854819917396553,0.008845408464968084,0.0,0.030253717178920957
ichank,15,nearest,5.0,0.8578318048205059,0.7207583653662087,0.706623426383822,0.9952112711735286,0.9999999999984887,0.9999999999995917,0.9292371262271403,1.5177870312567543,1.5662551064979813,0.10180367312797584,0.158717967010587,0.03646370339307613
ichiki,15,linear,5.0,0.8921641225162035,0.8565024584233616,0.836438593133844,0.9977656542895651,0.9982481849864637,0.9917190565164844,1.0275937091226017,1.3042407634073776,1.4530772177928595,0.027364063120625302,0.021342935129885825,0.08839594378711063
ichiki,15,nearest,5.0,0.874142691647752,0.7267426473652842,0.7207394014763994,0.9999999999990333,0.9999999999990333,1.0,0.8283544548322336,1.4693412410340605,1.4940006541535038,0.08631281689247136,0.08631281689247135,0.0
ickguw,15,linear,5.0,0.8664354578933801,0.8309374695811786,0.8158009122119488,0.9989818873426909,0.9999999999980905,0.9946741174634665,1.1627554806336875,1.409478539345764,1.5106006640594647,0.013201673284423702,0.013099081552707587,0.06165546566763605
ickguw,15,nearest,5.0,0.8547387706460637,0.7162201833401401,0.7092170338095076,0.9852811817317036,0.9539919378833278,0.9999999999987633,0.9491731734255502,1.552191933958037,1.5821871011596194,0.16508351530047458,0.3460229740975463,0.10040695682275688
ickphi,15,linear,5.0,0.8688659284954964,0.8202919084572347,0.803803458489103,0.9926264441445862,0.9999999999980905,0.9819454883972323,1.1840679555552283,1.5339298008526496,1.6471481276730802,0.07451530694563634,0.05336754607263143,0.1770434736008969
ickphi,15,nearest,5.0,0.8143706059612567,0.7052615723745518,0.7039480907880348,1.0,0.999999999999389,0.9999999999993584,1.012359813229194,1.3853622059827497,1.3895739364096944,0.0,0.06843969098547002,0.0551525752935938
ickviy,15,linear,5.0,0.8694913865758167,0.800427704699668,0.7688178455859168,0.9886460571132606,0.9890527079978024,0.9713448270622062,1.262575281150949,1.797229025404551,2.0266739379795373,0.11600396827166216,0.10436068707232474,0.2784368701461315
ickviy,15,nearest,5.0,0.8185201479950589,0.6527146093962657,0.644887009564701,0.9962598795875561,0.9673007495890635,0.9999999999989975,1.1102735290452999,1.7655357673688552,1.7898577550348318,0.10762419602607132,0.23422363088868908,0.09490044927817401
icodmu,15,linear,5.0,0.850495816586071,0.7586769913027012,0.7237410205411906,0.9761339804089885,0.9766963393476106,0.9350699502092932,1.404248645536981,2.081537183040925,2.320533618177525,0.21036079955484585,0.1965434229819496,0.5525355578277081
ictlyp,15,linear,5.0,0.8842821826393947,0.8145543119165344,0.7807191504101708,0.9944245371870354,0.9933477973235451,0.9785711950380097,1.1285405018805976,1.672001422327658,1.9178396687849089,0.06270882771820516,0.06821701117664175,0.21731713146423787
ictlyp,15,nearest,5.0,0.8355258686114923,0.7249514211164484,0.7211027252490603,1.0,0.9791664572464619,0.9999999999988919,0.9790695128670158,1.4085994392968686,1.4214586548133454,0.0,0.1625251549766376,0.07016547498550457
ictmuo,15,linear,5.0,0.9624354957477255,0.9448982389576682,0.9435736415316792,0.9987903897553253,0.9987089699851852,0.9967741975550849,0.3740332703883404,0.517477683571178,0.5279276031841975,0.015383855290360827,0.01629794688026329,0.0396820614192429
ictmuo,15,nearest,5.0,0.8799159576273401,0.7836558255318107,0.7742646873145048,0.9999999999990005,0.973736279761565,0.9825349758638935,0.7592000508078987,1.157581844938953,1.1881445842455423,0.10192129653576502,0.25045557751956554,0.1854133821202425
icwiro,15,linear,5.0,0.8487398768186114,0.784060541889062,0.7513926216628962,0.9983438167536444,0.9999999999980905,0.9919771346894032,1.3623571443520572,1.822489920334752,2.0407131573814628,0.01934326258401961,0.018890861234196876,0.08600902345332001
icwiro,15,nearest,5.0,0.8403791672937079,0.6786191252199535,0.6891664152267004,1.0,0.9817542486833988,0.9999999999988558,0.950620733516764,1.5628341109759059,1.535481758093117,0.0,0.2101959679123709,0.10971442088109816
idbayb,15,linear,5.0,0.8784520429027615,0.8345636710867114,0.8223885714244634,0.9952047891846733,0.993928888869881,0.9815689520609713,1.091086937806824,1.4056771527889176,1.489165502552993,0.05343505059513601,0.05950982341690717,0.18428081305880212
idbayb,15,nearest,5.0,0.8316577799844441,0.7397783870687569,0.7405819526170224,1.0,0.9999999999980904,1.0,0.9207144998148962,1.2395221036516093,1.2370348047165725,0.0,0.1738327868027775,0.0
idcadg,15,linear,5.0,0.9309483257521173,0.9034548174814634,0.8997559090486184,0.9988209930005751,0.9988263923577534,0.9964820363810833,0.6446208309039472,0.8525722657821395,0.8795128632771397,0.015038256354165764,0.014977163773470078,0.041909944594562494
idcadg,15,nearest,5.0,0.8107517666391871,0.6677582452055385,0.6586993278381273,1.0,1.0,0.9999999999994045,1.0186581785566637,1.4865744844015534,1.512294454353272,0.0,0.0,0.06023061026223324
ideutg,15,linear,5.0,0.8713207784159599,0.8345153084949419,0.8212805179057736,0.9989866552486116,0.9999999999980905,0.9948749430176683,1.1190047737857145,1.3741319843040676,1.462260416616095,0.012553946100350858,0.017980474324613877,0.05449047960646677
ideutg,15,nearest,5.0,0.8372859259058449,0.6868456607412919,0.7143232955912993,0.999999999999506,0.9908823101305602,0.999999999999506,0.9296992127206413,1.4851937035653242,1.3803394798022803,0.04683633912576981,0.21110717855238464,0.04683633912576981
idholv,15,linear,5.0,0.8769033107957249,0.8402190275658104,0.823552443034067,0.9983864096710968,0.9999999999980905,0.9903545513652005,1.0950326780629989,1.3565644418014515,1.4704150858957543,0.018906503040334467,0.026067238425564323,0.09772431720895701
idholv,15,nearest,5.0,0.8350353500292788,0.6887487680205896,0.6886985409819933,0.9961290346874245,0.9860928146922752,0.9999999999993745,0.9856994587221212,1.5458548576345512,1.554008774039026,0.08798812224282561,0.1711084909955363,0.05807552142168569
idjoat,15,linear,5.0,0.8685456422965122,0.7011082955864892,0.6701744107700739,1.0,1.0,0.9786173147139813,1.0161706801883448,1.913927317598697,2.055757150924124,0.0,0.0,0.17051777857130754
idjoat,15,nearest,5.0,0.8273257954272414,0.6202310396472381,0.6082796076077664,0.9999999999980905,0.9999999999980905,1.0,1.0647229044841284,1.8396749012628004,1.8754473928641635,0.19751717183898856,0.19751717183898856,0.0
idjojw,15,linear,5.0,0.9820259851393894,0.9668771324495296,0.9672332498002766,0.9985746460432924,0.9985746460432924,0.9979944928481063,0.2018049528763498,0.342310338164196,0.33914962480862687,0.016956196499278712,0.016956196499278712,0.024874434807678442
idjokv,15,linear,5.0,0.8772467992086336,0.8320913553173066,0.8084875893831137,0.996746958843603,0.997036363753893,0.9891104754632801,1.1564389387949017,1.499895589696079,1.6706886840499355,0.03807470348858741,0.033856383342066046,0.119302652204202
idjokv,15,nearest,5.0,0.836086125620183,0.6769514751235126,0.6580067032377196,0.9735384636345712,0.9763449606262672,0.993020799501389,1.0071074215749585,1.6553504709080837,1.7149029235806181,0.17915988263604932,0.20798321625090285,0.11917745550194996
idlorr,15,linear,5.0,0.8722558529108768,0.8173777825716588,0.798524648125152,0.9974493280741682,0.997031019461162,0.9929261193309831,1.1717975210219733,1.5729552629590278,1.7036324336686908,0.030750289818411363,0.03390970769461695,0.08312366952286428
idlorr,15,nearest,5.0,0.8318008296254952,0.6108751658388801,0.6405728405751648,0.9913679576095001,0.9709494557217512,0.9999999999989024,1.0150652946228054,1.8298915282016854,1.7480779536061832,0.11786971356075396,0.2828466038834397,0.10556534525788436
idodly,15,linear,5.0,0.8701482888711198,0.8079276129422606,0.7794724123954306,0.9868142637996511,0.9878547122925077,0.9677185742757242,1.2176471171880925,1.6829477904669807,1.8830556003913055,0.12761181237914673,0.1139509806113922,0.30255140369200323
idshyw,15,linear,5.0,0.8897808712782924,0.843809475859638,0.8269233622116017,0.9958246905870598,0.9956345628005784,0.9893901965250951,1.0059271350365708,1.341245379638566,1.4582445556418002,0.047362957062019394,0.044873200169395284,0.11459465878542371
idshyw,15,nearest,5.0,0.8433781899296389,0.7336063184695331,0.7331379841311378,0.992960910542573,0.9881947110362433,0.9885578762019406,0.8934260902610184,1.2983487751901943,1.2996496563755857,0.05429172519957172,0.1492977560049962,0.1279778529962425
idsmuk,15,linear,5.0,0.8647841122867228,0.8102608449692685,0.7890003293281229,0.9922820097989802,0.989827828102464,0.9758255971818959,1.2350607632372737,1.6319547487998647,1.7787415332887262,0.08317369691210863,0.09210454895102466,0.23214305563931859
idsmuk,15,nearest,5.0,0.8604572255412419,0.6980386358757434,0.7084354542943645,0.9607898305688805,0.9497489680071106,0.9922281489982394,0.9105995575742927,1.5850200117292568,1.55661368043087,0.279096786850896,0.38914549724279346,0.21589294274057685
idtwal,15,linear,5.0,0.8827439425796532,0.7889215119642947,0.7621330388350758,0.9999999999980905,1.0,0.9892924602308304,0.9417802817428159,1.5002476435255196,1.6442192160613724,0.044761723741724754,0.0,0.09615555550299432
idvoww,15,linear,5.0,0.8664690486613782,0.8197012098383284,0.797869712870438,0.9943171024923804,0.9953704567878146,0.9841409920908839,1.2222646878194585,1.5654366888427484,1.7179994685750488,0.06193077071462198,0.049902898590506055,0.15850619116303927
idvoww,15,nearest,5.0,0.8342023645232878,0.7064460840864645,0.7248717077237153,1.0,0.9999999999992767,1.0,0.9548719863750572,1.4248921374577457,1.3681008496180176,0.0,0.12130550841992781,0.0
ifanfa,15,linear,5.0,0.9280905136247917,0.8904007245720472,0.8834868622354013,0.9969945290348797,0.996891594199867,0.9910530905171255,0.70271171181282,1.0012146354023095,1.0534625976271892,0.03552081411873569,0.033477716695068285,0.09884520247458815
ifanfa,15,nearest,5.0,0.8417713790960398,0.7338768112449842,0.7316760803279359,0.9999999999993154,0.9701747501145471,0.9999999999993154,0.9363125050111615,1.3596484581064672,1.36930876844048,0.06357668779513449,0.33115514319824635,0.0633377085633164
ifefro,15,linear,5.0,0.8800497334151844,0.8163084724504228,0.7967196903767649,0.9918016399305256,0.9887390474313409,0.9783472489497836,1.1289692241290519,1.6065441209928384,1.7448419468321292,0.08499415227542827,0.10688931244475364,0.21140929139499617
ifefro,15,nearest,5.0,0.8263550532858811,0.6561644432946709,0.6726775986604664,0.9372985361542654,1.0,1.0,1.0132652283654773,1.6161129770008502,1.5668120629384574,0.4007781284993675,0.0,0.0
ifelas,15,linear,5.0,0.873225942922708,0.7727704023121988,0.7272472739564367,0.9738638435946614,0.9738258739516441,0.9606859466284613,1.2780946144003322,2.080831291690173,2.415048205869293,0.2421893095819733,0.21631147908080164,0.37514254121927665
ifelas,15,nearest,5.0,0.8465825196832937,0.7456506438939576,0.7338490217290798,1.0,0.9999999999980905,1.0,0.8846139814811058,1.2727862469489635,1.3238671533151891,0.0,0.17917002004111127,0.0
ifkald,15,linear,5.0,0.8796545995566386,0.8211690141463748,0.79614079245889,0.9900749361831207,0.9882794684516978,0.9724082807942624,1.1619168320831963,1.616005039629939,1.799418028575695,0.10014607471511083,0.11057135313660749,0.26963047511331006
ifkald,15,nearest,5.0,0.8111564189305825,0.6376416127893184,0.6470242805659624,1.0,1.0,0.9999999999980904,1.0767332054793417,1.669340204742572,1.6426490237785556,0.0,0.0,0.15006567622677963
ifragc,15,linear,5.0,0.9018968020092109,0.8673547784557669,0.8655298207879206,0.9999999999980905,0.9999999999980905,0.9956082524867362,0.855366664981401,1.095229228320063,1.1074521585691213,0.006757335921716817,0.006312380196906554,0.04510549375040875
ifragc,15,nearest,5.0,0.8435929962432199,0.7284462812188892,0.7203924517438031,0.9943179156494336,0.9796610578618611,0.9980478403362787,0.9194184140743921,1.369592722036634,1.3983372428632381,0.10032335572500786,0.22581894560130517,0.09221716001160332
igglit,15,linear,5.0,0.8577265557534823,0.7827071492205308,0.7420380690304843,0.9877941683216044,0.989303873123321,0.9732547694283852,1.3804324174999596,1.9621658760262985,2.2565277647935003,0.1266367541411418,0.1023264441071948,0.2625773898150459
igsoys,15,linear,5.0,0.8579732749778604,0.7971908798202516,0.7662460989371671,0.9938737761976099,0.9922299722956428,0.9829899420573728,1.299655735739797,1.741556483518002,1.9532675211676862,0.06355354102805418,0.0779326211593582,0.17205975986670524
igsoys,15,nearest,5.0,0.8581883975568448,0.6345562707677479,0.6293058381629664,0.9999999999992227,0.9819572049341591,0.9999999999992227,0.9975913932596016,1.9909109698866077,2.014930131908481,0.06257893305006101,0.18185559083017086,0.12443181371597226
igvidt,15,linear,5.0,0.8756831527854718,0.8241350615565236,0.8001508888258649,0.9950842561364982,0.9963017740364272,0.9864601656435573,1.1741008488561266,1.5656533426597863,1.738351141542614,0.054601712524341914,0.04106486974388731,0.14405747164995183
igvidt,15,nearest,5.0,0.853262344817652,0.7136097266439995,0.6964802286550984,0.9846110667564882,0.9999999999984961,0.9999999999995822,0.9293841913657822,1.5156661524615231,1.5787495431687062,0.11288441556012181,0.14712519936539864,0.04059497481817821
ijcoga,15,linear,5.0,0.8645926298624529,0.8208830509095555,0.7974221011675999,0.9990982225562243,0.9985226589332376,0.9947885516147944,1.2491204328309022,1.5737261893246752,1.73994352159107,0.012225383547718124,0.018362422697169353,0.06049444924862712
ijcoga,15,nearest,5.0,0.8132845232579049,0.6978507935291263,0.7067791422855029,0.996698983608774,0.9918930715168538,0.9999999999997636,1.0191421161671264,1.454764419355538,1.4210290595301127,0.044975059575085116,0.15084761257319634,0.03049966652330637
ijdeyd,15,linear,5.0,0.8579662099939132,0.8178397525037335,0.805852022225124,0.9994510088426084,0.9974732140098295,0.9936758361135748,1.2034002698936457,1.472063616756195,1.5491621063435561,0.007286884995440193,0.029447957690912394,0.06794070138461962
ijdeyd,15,nearest,5.0,0.8336929290181355,0.6765810059260541,0.68640634503334,0.9953199302407024,0.9860426541157568,0.9999999999995288,0.9606414299119302,1.5300873404752817,1.4992727487387218,0.055010933158090684,0.2650523189036206,0.06005665369266934
ijhigo,15,linear,5.0,0.8493228691506663,0.7748365750589034,0.7477479497315065,0.9934886388645416,0.9900183294366093,0.9730200946205149,1.3964777204613161,1.9424626749176446,2.1289233589924796,0.06967685784831738,0.09649217247889473,0.25995210665978497
ijhigo,15,nearest,5.0,0.84545828982001,0.7028119326439355,0.6903935063710352,0.9794430558135807,0.959245706094911,0.983512912737237,0.969204597674744,1.5406989078550226,1.5873344275134305,0.1458795749697328,0.33994205668335065,0.1587645917164786
ijhipv,15,linear,5.0,0.8671183204853083,0.8277119384140672,0.8193540707282388,0.9983001982754142,0.9976198225766946,0.994602245321323,1.1297603105210159,1.3947794226468788,1.4488588739730879,0.021488699675312157,0.026552526059930904,0.062382831793253234
ijhipv,15,nearest,5.0,0.821614218157921,0.6440160414300266,0.6632411760821038,0.990660763481087,0.9795741960477075,0.9861391571001107,1.04168586196063,1.6765399726568808,1.6276080482861306,0.06853577508613913,0.18552684886301596,0.10167348768332048
ijpiaw,15,linear,5.0,0.8758818915659262,0.8267738381976246,0.8009363260492484,0.9937903825911364,0.9937410761766972,0.984105526075778,1.1827648328186864,1.5605981911482596,1.7491957504226188,0.06887344020018238,0.0647360672430173,0.16810670010872356
ijpiaw,15,nearest,5.0,0.8465974262349826,0.6688601817249359,0.6407562127132258,0.9730448625713405,0.9505332250430084,0.9999999999990326,1.0303760653928973,1.8092477011392505,1.9121406668715064,0.17887494357817188,0.348155187562709,0.08985505208379009
ijpruk,15,linear,5.0,0.8595555543135645,0.8135564408142368,0.8010474353207773,0.997871609301824,0.9999999999980905,0.9798022660533615,1.2207107439477116,1.537361082684515,1.6198025242001757,0.024087380436785055,0.037662883826802745,0.17456197793198955
ijpruk,15,nearest,5.0,0.8352523637046451,0.7302002720883795,0.71467717104901,0.9578677385573815,0.9621307415259861,0.9881630718633997,0.9453608689968259,1.3349075370273393,1.3896379891936126,0.26933567527093155,0.2596595142814716,0.14249396081098126
ijthin,15,linear,5.0,0.88746104354427,0.8346013297553001,0.8093142606952095,0.9931178349351427,0.9933827438352774,0.9832949318651456,1.102340686243831,1.5212683562851905,1.7107546009015848,0.073093004265726,0.06790909371573611,0.17547124746219855
ijthin,15,nearest,5.0,0.8341073794394384,0.704099373372483,0.7221556302932003,1.0,0.9999999999987375,1.0,0.9302632537328429,1.3726853589180592,1.3277231940275032,0.0,0.1491935595975137,0.0
ijtowh,15,linear,5.0,0.8620411982112308,0.8110348418698013,0.7874309727334257,0.9959006180278352,0.9999999999980905,0.986795644376734,1.2348466152083488,1.5978096931278145,1.7571065407913276,0.042511049262280026,0.04667024550523836,0.1409693071180622
ijtowh,15,nearest,5.0,0.8068592205271055,0.6544043921065563,0.672261397812243,0.9877082852847056,0.9861083403899853,0.9851123070453728,1.0334063537610878,1.6133122050245612,1.5744492819012776,0.08940823313827143,0.0903980726311914,0.09534577551362126
ikdagc,15,linear,5.0,0.9228931472744717,0.8793172418074081,0.8593401990503569,0.9972881024868061,0.9999999999980905,0.9888415355516599,0.7808594045100411,1.1400916492593935,1.2955076387794326,0.03132833139136151,0.03966102429021007,0.11722297170386331
ikkimm,15,linear,5.0,0.8693761880851414,0.81629776098935,0.7843851939391011,0.9922124376452462,0.9912258434623434,0.9809080364056558,1.2589703783573318,1.6723038306774891,1.9072465782510837,0.0813151977052702,0.08645907834014072,0.19683146843101929
ikkimm,15,nearest,5.0,0.8282363290451569,0.7356705472484948,0.7170111746841671,0.9961872547350362,0.9829274313645029,0.999999999999102,0.9719544335610641,1.3447634865156541,1.4055420517216681,0.03059544836621721,0.20407063954750224,0.06558414479616147
ikujfu,15,linear,5.0,0.8864817923451029,0.8475752551741931,0.8333562022883297,0.9988611841971787,0.9999999999980905,0.9937429293048938,1.0309142959132598,1.3147368517060454,1.4140248822779922,0.013916469397862629,0.024562360278428407,0.06731650081099225
ikujfu,15,nearest,5.0,0.8275231038011559,0.6875064084109558,0.6908517340940219,0.995601676260661,0.9898231593786859,0.9999999999996066,1.0169227087278077,1.5259339255831907,1.5245174964841977,0.03508517709568466,0.1864498077491145,0.03431141226680669
ilcoby,15,linear,5.0,0.85645911004323,0.7699785704602675,0.7268179722591424,0.9859069255170939,0.9854589410232916,0.9689177511017705,1.4116836790335519,2.089271951221762,2.403251361440581,0.1395676464903385,0.13262668716277773,0.30304357650722935
ilcoby,15,nearest,5.0,0.838075273068314,0.686006934747846,0.6918690468047767,0.999999999999276,0.9595235902595685,0.9924283761237355,0.9669409847643758,1.5355664841335497,1.5219641059277127,0.07717316040414887,0.31930594992029043,0.20067039105943166
ilkble,15,linear,5.0,0.8587423723358472,0.794334901205141,0.790715414418956,0.989312839082162,0.9851055298340118,0.9593034415147395,1.2351838985587125,1.676081376997386,1.6996750010931096,0.10668924155233778,0.12661754222876354,0.3675664949098786
ilkble,15,nearest,5.0,0.8608407593705254,0.695305626793652,0.6971329127248462,0.9999999999991073,0.9716777830724176,0.9825173846992229,0.900500936852331,1.5918331848119294,1.5809800024680982,0.08642608357566021,0.32788605015704847,0.27028672038978163
ilkedv,15,linear,5.0,0.8915125158665788,0.8359237154065897,0.8115516131795766,0.9931739222364881,0.9914088054201051,0.9845586073196814,1.0517998392794903,1.485566444932486,1.6648194075883995,0.06974510650770853,0.08491852885746153,0.16396407248342112
ilkedv,15,nearest,5.0,0.8362060138295865,0.7206262667275497,0.7135279921889851,1.0,0.9731066045406556,0.9999999999995132,0.9591022286618374,1.3910301694946108,1.4145708047724348,0.0,0.3227164742460901,0.03740216095591153
ilyutj,15,linear,5.0,0.8460230774355652,0.7805275622225809,0.7492849571858203,0.9949654511282566,0.9914941525193346,0.9808638238745903,1.3964239992912169,1.8663084936789522,2.0771149623951874,0.05365792767241926,0.07922236779467881,0.19028460212806808
ilyutj,15,nearest,5.0,0.8597396184926984,0.7215830490627474,0.6967481437365162,0.988285822415857,0.9664130540791243,0.9746434184232134,0.9179213013804804,1.5182261307086182,1.6070361558144957,0.12419138347884896,0.20385401393475713,0.1852478747267106
imhacy,15,linear,5.0,0.9769071649051978,0.9649348922530203,0.9620540948808265,0.999021012786127,0.999300353271703,0.9977490725858892,0.25084172389605497,0.3594496142263434,0.3845772667344427,0.012749716133113044,0.009450994840707855,0.028859809816789685
imhacy,15,nearest,5.0,0.7967414198786604,0.6710702772830917,0.6787286347822437,1.0,0.9999999999980904,1.0,1.0505548038475219,1.4351704123632583,1.41496173205854,0.0,0.2870648499271707,0.0
imnees,15,linear,5.0,0.8538575626582514,0.7777298226714168,0.7375657516817933,0.9844274748747327,0.9815739693576152,0.9532303233563683,1.3881483715799483,1.9628425184920573,2.245526284436517,0.14694633919557382,0.16171411295989574,0.42076933432623703
imnees,15,nearest,5.0,0.8307589885277723,0.7060954923334479,0.7065008256838052,0.9943685101689026,0.9673991221759732,0.99999999999938,0.9753355393136646,1.4245627777744414,1.4304755259598805,0.0466256249343503,0.21352611096267238,0.042753228959792874
imoikc,15,linear,5.0,0.8820664801743623,0.8343658346559685,0.8126271026260952,0.9950938313258223,0.9959934980132942,0.9858773513978408,1.1076573243201926,1.468203652591083,1.6242254177153268,0.04960302183356668,0.04168061046750631,0.14353225428994584
imoikc,15,nearest,5.0,0.8353891427202416,0.6595870561357384,0.6775272520400097,0.9999999999995177,0.9999999999997654,0.9999999999997392,0.9851924272286885,1.6300539400341674,1.5758381242747328,0.045678665710200204,0.02271265677585612,0.023272056431758486
imwryt,15,linear,5.0,0.8635049830474606,0.8157006745162159,0.8118380038934576,0.9954759793753605,0.9915929358966595,0.9676514877055267,1.1209655218811712,1.4265898868833424,1.4502586091179939,0.050793918860385014,0.08336241538688728,0.2811470561544652
imwryt,15,nearest,5.0,0.8450446517995857,0.6862651794789585,0.6837125768069581,0.9910886115771637,0.9781921203581551,0.9999999999984207,0.9795323443284045,1.6249746289043447,1.6356143178958094,0.07281992266947085,0.22776653777149933,0.13401916386269053
imwyoj,15,linear,5.0,0.8654331192803477,0.8112025805742775,0.7984136159351181,0.9999999999980905,0.9999999999980905,0.9913076795045704,1.1868152547856161,1.5645780533290472,1.6493555509634439,0.012550713138215394,0.018277912861035195,0.0806860263001059
imwyoj,15,nearest,5.0,0.8237902190298089,0.6667483805558128,0.6589280715188397,0.996661517025841,0.9813656665322636,0.999999999999248,1.0822307169174676,1.7054602301047164,1.7319961253461271,0.04034812269441671,0.15962924077314716,0.055368723960675256
inckki,15,linear,5.0,0.8516278032613871,0.789087192416777,0.7649141882424533,0.9884394739046237,0.987847300812907,0.9661789085648478,1.3408166800416306,1.788127372186365,1.9514334618600695,0.11409051631649865,0.11400975631844827,0.3081543263252637
inckki,15,nearest,5.0,0.8176315208582604,0.7274609235496103,0.7119130356438067,0.9900468107779785,0.9780869287066166,0.9999999999993072,1.019012572708072,1.3448428312430716,1.397410441474919,0.08157319920149793,0.15410641471445855,0.10056922382375999
indtwr,15,linear,5.0,0.8934699894445064,0.8482127182935385,0.8265238758461073,0.9946571628087552,0.9941592528911436,0.9867073215418074,1.022009925158807,1.3732313725396221,1.5329758567080891,0.05870181819037236,0.06099531613196771,0.1440422948728496
indtwr,15,nearest,5.0,0.8643139224787547,0.8038012293620262,0.788850233684609,0.9999999999992899,0.9942102451075868,0.9999999999992899,0.797277988533591,1.0463846455265908,1.1000552916746538,0.04645327018869418,0.0488462990770298,0.04645327018869418
indyep,15,linear,5.0,0.8712882981919243,0.8306818769190366,0.8122750718314939,0.9982898827865068,0.9982595034806803,0.9921645901330682,1.1516130400459557,1.4424315675213448,1.5684554206569452,0.020894404102218628,0.020203203504265216,0.08632871406472696
indyep,15,nearest,5.0,0.8349828731422895,0.7288699934493561,0.7187870905541536,0.99700859744666,0.9876203263395962,0.9999999999995323,0.931879494944842,1.3163167835498928,1.3490733343434116,0.04571454072609987,0.18786204164120082,0.04478058793252263
inghog,15,linear,5.0,0.8739798441376275,0.8023113804223023,0.7802292873378827,0.9873438587518907,0.9835881296302764,0.9571605800001586,1.2170917429949943,1.7693657963745948,1.9293525401753968,0.12323974989797033,0.14680204865674287,0.38368094930890484
inghog,15,nearest,5.0,0.8394597703988472,0.718169261427898,0.7098091337751702,0.9898958004148743,0.9797938555774225,0.9999999999980905,1.0005180219551337,1.4980406268375996,1.529673624805321,0.11786654381651532,0.1721799035616851,0.13765334263815526
inghot,15,linear,5.0,0.8684040071959225,0.7992982211866018,0.7845358294720193,0.9864490330791617,0.9770821940318919,0.9598617110159364,1.1875231531440453,1.6776438138305974,1.7763061866973218,0.13060877251246472,0.19384763394445756,0.3633407469391694
inghot,15,nearest,5.0,0.8582845927174022,0.7163290538401673,0.6782734281181982,0.9738217127425725,0.9531532344632101,0.969749296391171,0.9102387747261745,1.5153922907405046,1.6434441748460626,0.2794240449697878,0.31950541361206736,0.28390990641856106
inhial,15,linear,5.0,0.9482210830165191,0.9190248623190915,0.917680015612024,0.9972266605754216,0.9973247437727936,0.9934950804298885,0.49104685483288746,0.7139069520132861,0.7237229038131235,0.033099397558897306,0.030957618975881472,0.07342238082066953
inlica,15,linear,5.0,0.8462257976345777,0.7711253474111834,0.7316236749170372,0.9895363708482577,0.9863280947892513,0.9662975805394804,1.4262010736649642,1.9771619926105777,2.247544604561571,0.10477852920712877,0.1259236061315567,0.31373953331304893
inlica,15,nearest,5.0,0.8187781512555256,0.6512800974098456,0.6596452715137656,0.999999999998727,0.9640728401788362,0.99999999999866,1.0443780080164402,1.6278815791656143,1.6040903502438768,0.11743020188783522,0.29423673176210047,0.11932654192266377
inquay,15,linear,5.0,0.8658321296381433,0.7938486587948808,0.762203530698956,0.9873068354781284,0.9894517821511942,0.9722833465193266,1.2875701264356967,1.8385280047509434,2.065363592868868,0.12354643247513021,0.10112448431423395,0.274881174586869
inquay,15,nearest,5.0,0.8328407307642752,0.7238567491727683,0.7242248067706492,0.992989185583337,0.9751963601197245,0.9999999999991228,0.9430749336640657,1.3427854466615872,1.3408145195632826,0.08970805644535698,0.29506908843014806,0.07694148228806251
inshfo,15,linear,5.0,0.9095590847419766,0.8582656019127282,0.8590574211550215,1.0,1.0,0.9999999999980905,0.7092625707771586,1.0139662775588731,1.009529764186485,0.0,0.0,0.0268945740656183
insodf,15,linear,5.0,0.8986186295797992,0.8571923214178374,0.8435396587003603,0.9952483799560568,0.9955343551399986,0.9875143601665769,0.9607354323667481,1.2780720974253432,1.3779343068881948,0.054541731703457934,0.048368949971759355,0.13190569314364997
insodf,15,nearest,5.0,0.8137052251931997,0.6873415406771088,0.6879538316444088,0.9971503201076529,0.9823301735816309,0.9999999999994358,1.0378482793724462,1.5274865783872245,1.5168000527458123,0.057716184576078605,0.2147534800119873,0.0726574345337632
ioajdi,15,linear,5.0,0.8650017228203045,0.8175283782468812,0.7923234495386688,0.9966986819044066,0.9971523609555395,0.9849911664777514,1.2334101200853713,1.5808225674870646,1.7560641270169677,0.0385694747575406,0.03269550782639002,0.15744053568782648
ioajdi,15,nearest,5.0,0.8376570509816517,0.6837576468276577,0.6931004928154133,0.9999999999997699,0.9906447067203176,0.9999999999989798,0.959562209523973,1.5294302201570704,1.5003166766722942,0.02181627522796442,0.09239750831539709,0.08617225212523949
ioangi,15,linear,5.0,0.8952753031036361,0.854831466043124,0.8420638026138911,1.0,1.0,0.9999999999980905,0.9364086681531609,1.2250242707918961,1.311938232076953,0.0,0.0,0.011832770136927271
ioangi,15,nearest,5.0,0.8323555348064567,0.6953347791458325,0.6756932402125415,0.9999999999996182,0.9883673170924333,1.0,0.9993858540777901,1.5288823485822138,1.5933269427664374,0.06314560587745653,0.18433788140486243,0.0
iodjie,15,linear,5.0,0.8721931831088855,0.8193637070647107,0.7985387156653301,0.9953912733753083,0.9949801931642573,0.9861654286495931,1.1904266302011772,1.5846485051885677,1.732147475589426,0.05310501860584197,0.053522098482437656,0.13737972159535725
iodjie,15,nearest,5.0,0.8440449248753921,0.7135009484699107,0.7016440836274513,0.9934730633713201,0.9473801949264017,0.9961513578919297,0.9579882768848285,1.4780576571230748,1.520783403773378,0.14917068681442167,0.3999809182438125,0.1474729270478443
iodlac,15,linear,5.0,0.8767319880127357,0.8396617867686047,0.8218195838265203,0.9976008474613134,0.9969342407993347,0.9903806280625956,1.111121195612586,1.3797056583902607,1.5035244799068541,0.028140103760795454,0.03307960680590191,0.09350546914713098
iodlac,15,nearest,5.0,0.8253645688724612,0.7011719387006733,0.6964362308962737,0.9822685650650748,0.9795078906502541,0.9938569134121997,0.9709466834827365,1.4687127087861955,1.47084338778169,0.12772866703338606,0.16570228686614105,0.09390525536709404
iofpli,15,linear,5.0,0.8717248965251043,0.8234907761064174,0.7970907383708861,0.9944795233304036,0.9933766394378063,0.9866546253605791,1.2052834241480763,1.5703647909606617,1.7600019260970214,0.06039234186795002,0.06796289942480939,0.14226892232909036
iofpli,15,nearest,5.0,0.8299086466724099,0.6630413658210695,0.65699350660364,0.9888012559983331,0.9677765990232945,0.9953220963873373,1.0268813513945176,1.6680920042242724,1.6886288835648102,0.12011919748020336,0.26242585312144784,0.13216999099734117
ioivkn,15,linear,5.0,0.8571329629478119,0.7583905774221711,0.7244021419896913,0.9799796887663837,0.9777899582104049,0.9494405614232271,1.3938553134757559,2.154273268102267,2.3967850259924717,0.18159519149817582,0.18887776060055164,0.45672349493335435
ioivkn,15,nearest,5.0,0.8075567383196574,0.667796787747312,0.6779016415235753,0.9999999999980905,0.9540215762090171,0.9999999999980905,1.0914412084968423,1.5815679893356949,1.5508454820057276,0.11903528563758188,0.315039905343494,0.24140259830144292
iorjtw,15,linear,5.0,0.8484295955852157,0.7893652574269834,0.756123910191888,0.9949898490148475,0.9934720900190903,0.9821168119951288,1.378337186178957,1.8052189333160462,2.0316339947169935,0.057125407077234874,0.0671206329342809,0.1756116936274175
iorjtw,15,nearest,5.0,0.8541630749274125,0.7211246512750451,0.7260051955298398,1.0,0.9880181918557166,0.9999999999995931,0.8900549406616239,1.4101786707487487,1.3974298073815206,0.0,0.22813129615795133,0.03704633161370668
iotklo,15,linear,5.0,0.8871249111536132,0.8467644283657477,0.8307514408363865,0.9975942822919985,0.997481785946462,0.99174155470875,1.05115826023956,1.3545362209844507,1.4696208040273324,0.029206074994474803,0.02788735815346877,0.09519146876614908
iotklo,15,nearest,5.0,0.8425687407857692,0.6791109468288482,0.6606266911789425,0.9792800319082123,0.9527822203491884,0.9999999999995192,1.0048318660385087,1.6815951881561448,1.745782936686038,0.14572697423632497,0.3339844083707811,0.07242690749537394
iovhar,15,linear,5.0,0.863860755837959,0.8154253743407993,0.7927413082792156,0.9969805979916665,0.9999999999980905,0.990370251470196,1.2420582174857517,1.5956705075184894,1.7532057748987286,0.03264588398847918,0.030684046552371735,0.0975879910387506
iovhar,15,nearest,5.0,0.8359781993098754,0.6923045531439216,0.6905661488679198,0.9999999999995097,0.9780416180380058,0.9953225725118325,0.967342470156896,1.481766362970649,1.4983794698421555,0.04513576373969006,0.18759153467390186,0.0714972594026918
iovlit,15,linear,5.0,0.8791055455796289,0.836542123083982,0.8134624931838613,0.9982874557016697,0.9999999999980905,0.9896445229232297,1.1131090440475564,1.4283181183765612,1.5909237369132903,0.019918777340760682,0.02458132428495554,0.10718529208589339
iovlit,15,nearest,5.0,0.830106748170656,0.6779428690957957,0.6792982843597989,0.9951370209461099,0.9783910405165577,0.999999999999566,0.9860135534926326,1.5178241372610766,1.5340013527972105,0.09308569773634008,0.17287596375174796,0.05135680640564634
ioytgo,15,linear,5.0,0.8734088672492171,0.8063349980796615,0.7837802782008803,0.9938584065375052,0.9914467725601929,0.9808489983833557,1.1751720036234485,1.6685301460414657,1.8243994522708415,0.06623970785796225,0.08459813722339395,0.19041041794751606
ioytgo,15,nearest,5.0,0.8129018210533603,0.6428476217715539,0.6313842280565661,0.9842738346609937,0.9901226485295089,0.9926032861442523,1.0393704332967404,1.659224516273559,1.701200085485153,0.11276507529398191,0.07182583009967689,0.056920687041197675
ipdioi,15,linear,5.0,0.8805952043032113,0.8361769750765786,0.8152256916503637,0.9999999999980905,0.9999999999980905,0.9932475911327086,1.1246715238764724,1.4624926238993334,1.6142823530279322,0.011405739845921754,0.017667433380533188,0.06909846499218082
ipdioi,15,nearest,5.0,0.8279756480513588,0.6512119706720468,0.6479143675450302,0.9933029333564416,0.9826568504970146,0.9999999999997984,1.0326312099697086,1.6994967246899986,1.7112658026225431,0.049112621558200176,0.15304751461755997,0.02444491431331232
ipdraw,15,linear,5.0,0.8868406253451661,0.8268927457386609,0.8185962199925592,1.0,1.0,1.0,0.801885387115949,1.1122394989700481,1.1520603503494877,0.0,0.0,0.0
iphesp,15,linear,5.0,0.8778337326504417,0.791824446030076,0.7587794089626467,0.9844658473438673,0.9819246368414862,0.9499209508640075,1.2250446874559549,1.9128937631730476,2.1584785201976278,0.14663997278563543,0.15914220692875763,0.4530916575309471
iphesp,15,nearest,5.0,0.8547135764085578,0.62617813888912,0.59779100469294,1.0,0.894776205240425,0.9999999999980904,1.0584648423429193,2.138548744915482,2.247200466369311,0.0,0.5905630114056443,0.2616261372045132
iphybc,15,linear,5.0,0.8664234013114712,0.8011057208053334,0.7715565502288908,0.9929973088282312,0.9891882815563116,0.9642743224967298,1.2523182398356514,1.739896182057193,1.9470391098899464,0.07419706090497591,0.09693925281326467,0.3226336512879855
iphybc,15,nearest,5.0,0.8513474063856867,0.6796540713703928,0.6650887039546524,0.9999999999993635,0.9604165561248723,0.9999999999993979,0.9729531627990504,1.6954057274973249,1.7492563899191635,0.0603387071620277,0.2656715259792075,0.05955571669084246
ipjier,15,linear,5.0,0.8896681013276457,0.8394819569359728,0.8258280775619673,0.9955202395202927,0.9999999999980905,0.9790382398486568,1.0255320198186313,1.3987926757885223,1.4953278599602668,0.04850139880764656,0.056869699971191,0.20099239016132928
ipjier,15,nearest,5.0,0.8489898984076515,0.754980446096014,0.7351438868969353,0.9999999999996898,0.9751333338010584,0.9999999999993505,0.9221740441341552,1.3034973609840328,1.3747424659498513,0.03260832855101788,0.15127549387785402,0.06621156056267984
ippfei,15,linear,5.0,0.8529117405407523,0.7978876512782744,0.7707759956241758,0.9972190821416976,0.9956857074275013,0.984580698160184,1.3018935748421063,1.6871542093815912,1.866590467913799,0.03317888155697466,0.046944685665057106,0.1581710197813826
ippfei,15,nearest,5.0,0.8137357352059349,0.6660231790651706,0.6770836514010568,0.9999999999995537,0.9999999999995537,0.9999999999995537,1.0186083848216458,1.5088439493548538,1.4755765277827126,0.04321304178783014,0.04321304178783014,0.04321304178783014
irjfen,15,linear,5.0,0.8448085017728242,0.7936400859319785,0.7726901608688426,0.9976076742449602,0.9967153669994402,0.9884869966326058,1.3521492538519555,1.7044493255841713,1.8417483870181985,0.02906278276015829,0.037035346217161445,0.12520333667903175
irjfen,15,nearest,5.0,0.8350046380906626,0.6956784991426261,0.7003870854240086,0.975872828554149,0.9390407063292487,0.9867059050645847,0.9748562942001835,1.4951081183364994,1.4828395557405742,0.23924358109609817,0.3912337715326469,0.22972790661394782
isekdy,15,linear,5.0,0.8672013337483737,0.8094902552832713,0.7831160073977821,0.9909629093007611,0.9919017505007272,0.9830647886255408,1.2568723426712103,1.694988220101993,1.8842838554123558,0.0924140333088552,0.08073933893960186,0.17467382632922698
isekdy,15,nearest,5.0,0.8399612360568083,0.733634990942853,0.7756874395092734,1.0,0.9999999999980905,1.0,0.8837406555903224,1.2536834904327545,1.1134913783471383,0.0,0.2932138679322832,0.0
isfikt,15,linear,5.0,0.8712421588126595,0.8146472605579294,0.7956877540267213,0.9942701265380611,0.9926452376084095,0.9771546745022994,1.191913313855974,1.6099217408982593,1.742672172551331,0.06237445653434799,0.07740506588338877,0.22954916509055576
isfikt,15,nearest,5.0,0.8027837545979,0.6385219829553871,0.6391638193994379,0.9999999999995924,0.9946680630550279,0.9999999999995924,1.0934882270337072,1.6956226319739287,1.6525723911640648,0.045461899018511574,0.14948915903796842,0.04030905215050924
ishvir,15,linear,5.0,0.8564384031335214,0.8193592967575548,0.8019705484324149,0.9984569236684401,0.9999999999980905,0.9893284199633162,1.2240589494952332,1.4749079691281484,1.5877776585393464,0.018179840517307633,0.030670392741861226,0.10212717550779284
ishvir,15,nearest,5.0,0.8355832307229455,0.7258009583858099,0.7353178070479862,0.9999999999993809,0.9744330501469228,0.9887642368617211,0.9473268662685964,1.353285317452619,1.3179863320452663,0.04072333960021738,0.16470902723728728,0.08166159435981
isnthl,15,linear,5.0,0.9078042442844011,0.8310678391128677,0.8241096177364738,0.9929784780532972,0.9999999999980905,0.9810126608344419,0.8125398289728369,1.3309848194226437,1.3745652284785113,0.07145508825942619,0.08029963449896114,0.1736910425960775
isnthl,15,nearest,5.0,0.8537691977352531,0.6559356052088705,0.659213739199988,0.9832145362738917,0.9423591426629347,0.9999999999980905,0.9627547964285562,1.7738575844276216,1.7568679219510241,0.1305175697477023,0.36321187556341605,0.17133793136636244
ispaww,15,linear,5.0,0.8684054712641136,0.8153174108004411,0.7953915551182494,0.9964316753311399,0.9952070281277984,0.9849579711143939,1.213740154744811,1.6051681622939922,1.7447201834285175,0.04243659898759879,0.05142407521031661,0.14754086561732166
ispaww,15,nearest,5.0,0.83650553436726,0.7523409618519018,0.7371485394591001,1.0,0.9820054407090217,0.9999999999993353,0.9190103984103132,1.2672319038445696,1.313126884074962,0.0,0.17320706158271854,0.05800460101437099
isvayd,15,linear,5.0,0.8738119103065201,0.7916289536800456,0.7687843159650665,0.980039071290725,0.9794820910892172,0.9574985878853057,1.2138453576094397,1.8396822855931403,2.002192391189329,0.19281936446439066,0.17685877758674573,0.3948324424503402
itacfl,15,linear,5.0,0.891953406519986,0.850659509305141,0.833969410188061,0.9979036317080546,0.9976157696500247,0.9867877005880742,1.024168445190426,1.340984867974785,1.4632373331041137,0.02586724321524616,0.02659188007277717,0.13208368553303665
itacfl,15,nearest,5.0,0.8331896520300391,0.7095274336715695,0.7006755041191997,0.9999999999990987,0.9771076311250112,0.9945744568995842,1.0140061731301906,1.5100174190598328,1.5411511318954398,0.08107996522180369,0.21718778882693948,0.08222016794932695
itbadp,15,linear,5.0,0.8798996999968627,0.8286112471244245,0.8067643216921401,0.9965469633451977,0.9961311799114891,0.9901857060021231,1.1354823529516815,1.5254242358717331,1.6829483064073905,0.03868465433452091,0.04270695254700407,0.11067007216142441
itbadp,15,nearest,5.0,0.8246684110768052,0.6733378452503789,0.6771595383705378,0.9932714534807308,0.9826611680710581,0.9890622721174498,0.9972951075270966,1.5663191160242864,1.5517581175732789,0.09231684781549263,0.24450179605578537,0.12336509073950996
itbejs,15,linear,5.0,0.9142448205085103,0.8869679064947823,0.8799711726307254,0.9989264504246447,0.9999999999980905,0.9963829228935615,0.7864219417559282,0.9891466048926509,1.03931748123931,0.013838352885849704,0.013253140643994094,0.0438968663284691
itbejs,15,nearest,5.0,0.8522391509149798,0.731800085868115,0.7182298673955059,0.9864953881425464,0.9836946685960418,0.9999999999996118,0.8965256919220446,1.3709931181855721,1.4220732787126635,0.1344946672413574,0.15386934593266766,0.0375977877702025
itcemr,15,linear,5.0,0.8530057100281042,0.7849013857188525,0.7503672856250427,0.9945723270056192,0.9910155017268337,0.975728810370996,1.3791910639277751,1.8879988779377561,2.1301047738836445,0.05951021811433255,0.08822331168583133,0.2417308561939497
itcemr,15,nearest,5.0,0.8649906426210439,0.7309512513098649,0.7121175727944182,0.9893183273033823,0.9684035335845231,0.9999999999993576,0.8628057325130252,1.4293674269439003,1.4945648019535698,0.08525776080039509,0.3145921867656304,0.06219447135818544
ithpet,15,linear,5.0,0.8838020628310514,0.817717450757574,0.7986567473847965,0.9891379640602502,0.9855691330148441,0.9629667066028396,1.1190669120759502,1.6274321417373756,1.7655359946645561,0.11453316698715363,0.13178117138733478,0.33248614540437593
ithpet,15,nearest,5.0,0.8765830026815564,0.7712563551607705,0.7290381863126606,1.0,0.9999999999980905,1.0,0.7859378003795086,1.2333020466906321,1.384765022483776,0.0,0.15681542952903868,0.0
itmeps,15,linear,5.0,0.8908790210254124,0.8353939341607316,0.8128772115736065,0.9955534238241946,0.9933798068804345,0.974922463500621,1.0378656101935406,1.4607064927817637,1.6224566315555304,0.04818992321086799,0.06793498182269256,0.22729880196394395
itmeps,15,nearest,5.0,0.8977316184019631,0.8581123802570914,0.8301127590814522,1.0,0.9999999999980905,1.0,0.5784136073014039,0.7310486694712289,0.8273340096592092,0.0,0.5391554529473648,0.0
itpivo,15,linear,5.0,0.8768860756237439,0.8328415971766554,0.8133923833077559,0.9966790363822909,0.9957861547581249,0.9897317970743853,1.1363311015701558,1.4632152869397927,1.6008569237553794,0.03877052054259295,0.045995218793775584,0.11337056211589411
itpivo,15,nearest,5.0,0.8690570853960686,0.8042481183174162,0.7909088739246365,1.0,0.9999999999989584,1.0,0.7568901529732814,1.0039367044279248,1.0557659276419413,0.0,0.0895334014506393,0.0
itquir,15,linear,5.0,0.8781091359552816,0.8328308049524531,0.8097262409567691,0.9974131999178154,0.9999999999980905,0.9887482695620976,1.1328769168865342,1.4714688968977157,1.6356963103016584,0.030059666394985494,0.0339094160070909,0.11510728852591555
itquir,15,nearest,5.0,0.8297900561417084,0.6858228897871212,0.6885504049609567,0.9976630389970157,0.9855046584640842,0.9999999999997718,1.0123204202805813,1.555490517080418,1.5513497436701773,0.018939121450887095,0.16491847610105212,0.019997276684906983
ivheoo,15,linear,5.0,0.8345796312780878,0.763305378320566,0.728828496532057,0.9932575434494677,0.989163675359054,0.9754012288021428,1.4886905031932847,1.993675298803716,2.222715599163973,0.06901101745637708,0.10346298525519158,0.248250835875825
ivheoo,15,nearest,5.0,0.8221279928555314,0.686477352986574,0.711857078788721,0.9999999999993154,0.9918886112574166,0.9999999999993154,0.9809122909034047,1.4351523572109048,1.3669050512617054,0.05073293394201103,0.1267243919087956,0.05073293394201103
ivkock,15,linear,5.0,0.8687013314039989,0.8156635407352094,0.7925868358573613,0.996392687170472,0.9946449435946417,0.9838259046654785,1.2052572643408246,1.5939911055302611,1.7542626181553225,0.04168231767578881,0.05346331824664057,0.16119262170166895
ivkock,15,nearest,5.0,0.838477542837545,0.6641166872929014,0.6640217684658076,0.9908266503095018,0.972859674643753,0.9967542854082461,0.9963120633479281,1.6660450669426468,1.6686935329494594,0.08785989816487567,0.250415735028432,0.12817478616144717
izowcu,15,linear,5.0,0.9459751470412987,0.9063351762880361,0.9008851241370561,0.9949533293246637,0.9952531062580519,0.9926594647976495,0.5657059534645978,0.9036075770359533,0.9476817039161411,0.05376956769180123,0.050996014611072026,0.0832023305478615
izowcu,15,nearest,5.0,0.8346376868407885,0.8040038958514306,0.801776820475793,1.0,0.9999999999990584,1.0,0.8046422801791991,0.9886399083385535,0.9957008050210889,0.0,0.09116175938802518,0.0
oadwow,15,linear,5.0,0.8699265632887423,0.8359309224172295,0.8251005980412494,1.0,1.0,1.0,0.8177864245998999,0.972093970580939,1.0185895466313752,0.0,0.0,0.0
oadwow,15,nearest,5.0,0.9071010927137693,0.8763562615487648,0.8707752372712863,1.0,1.0,1.0,0.5933139641590328,0.7357154552931251,0.760124657275417,0.0,0.0,0.0
oafhyn,15,linear,5.0,0.8743466583829802,0.8305747314582487,0.8086526831023741,0.996257387740942,0.9967599149958074,0.9865981439060578,1.1494560043874995,1.4708757449622052,1.624155915055926,0.04149319365675372,0.036596988273571364,0.13722656372778583
oafhyn,15,nearest,5.0,0.8443392292653211,0.7282155628533388,0.7345514251140772,1.0,0.9999999999990993,0.9999999999996396,0.9129209296138137,1.3556031104476967,1.3363341264030748,0.0,0.08887909883043926,0.027022729077090604
oahudf,15,linear,5.0,0.8722206202648353,0.8244306770205063,0.8064088271633646,0.9974251486118247,0.9975582448231816,0.9916451782618595,1.1720663195076637,1.5232002490695746,1.6493859946105547,0.029938038312536244,0.02714938261941337,0.09127466635090674
oahudf,15,nearest,5.0,0.8359401929482065,0.689802770556347,0.6910127726020868,0.9931341654792146,0.9731233801392751,0.9954091539758737,0.9614629604342468,1.490547641616127,1.497342720597799,0.1125239123847348,0.24560188077511533,0.1283200928943917
oakpik,15,linear,5.0,0.8933319957860795,0.8542741641278744,0.8340860517048581,0.9986323572801697,0.9987869837922546,0.9944668507368193,1.013191341526754,1.3141007642096267,1.4623933100009512,0.017718906907958742,0.015422248754157129,0.06604577101798853
oakpik,15,nearest,5.0,0.8558708157587699,0.740516888933507,0.7470503391520885,1.0,0.9895272251742266,0.999999999999294,0.8577051096534261,1.2882163613764812,1.2743472180054907,0.0,0.23897210189281945,0.05823619746265522
oapwyc,15,linear,5.0,0.88483474473392,0.8541663486387017,0.8404353708604062,0.9973814982503484,0.9999999999980905,0.9923156510766761,1.02114433543364,1.2398627360503718,1.334125491924304,0.028850252239853734,0.026357776592332984,0.08488102204855734
oapwyc,15,nearest,5.0,0.8375079620866142,0.7170838412610546,0.7334532916919677,1.0,0.9999999999984103,0.9999999999996719,0.9108569944321387,1.3513824877676575,1.2868321555854687,0.0,0.1596082582650167,0.029852443824617013
oasthu,15,linear,5.0,0.8869423272837131,0.8156935842119362,0.7891636469570259,0.9859496524431337,0.9885111185712283,0.9653464758584749,1.0980391590758438,1.6495434785832288,1.8414205086043152,0.14290222007751247,0.10871877939804502,0.332333747550977
obacva,15,linear,5.0,0.8817055500395878,0.8381692152754625,0.8273590767342103,0.9939410182259178,0.9937740112644989,0.9793671119541121,1.0668139791448221,1.3806595179470922,1.455262742150197,0.06546744638488249,0.060800988101906414,0.20290327361854385
obacva,15,nearest,5.0,0.8346485540070088,0.7015770733474402,0.7059701949303975,0.9797032914675813,0.9950356120435867,0.9931564451088026,0.9564349387009315,1.4460520582719487,1.437293126830085,0.14696623584846022,0.14727192407196218,0.07985557792398675
obceoo,15,linear,5.0,0.8735018058497905,0.7976732585514996,0.7627493216418063,0.986506817599484,0.9831451478229951,0.9700838243288366,1.238363893632138,1.8311462505831275,2.085692136877712,0.1380285866956293,0.15011138092714557,0.293350693074267
obheuj,15,linear,5.0,0.8713055060645124,0.833211849442948,0.8121422893885334,0.9966168414092935,0.9999999999980905,0.9912371136878572,1.1514856505543192,1.424844607149325,1.5693525754074724,0.03800176134220588,0.02947575020255874,0.09282228977877237
obheuj,15,nearest,5.0,0.8389999280499586,0.7147732014311404,0.7121248679209676,0.9960714794753812,0.9953626670492851,0.9999999999997069,0.9380674761006382,1.3977707059534552,1.406916574910216,0.0623624843096894,0.12702045722338906,0.03233143215462408
oblyag,15,linear,5.0,0.8906091382952046,0.8510200322482233,0.8300144862435211,0.9968732444384908,0.9999999999980905,0.9949200010732162,1.0450301832958722,1.3521816148132924,1.5075992081530367,0.033648752075296474,0.02541644694216935,0.05915629778407511
oblyag,15,nearest,5.0,0.8703219884544594,0.7754317877072048,0.7652518253013932,0.9974002885780077,0.9889976602496656,0.9999999999994504,0.8742690175415078,1.2764659254949593,1.3181406607190795,0.04155834010989376,0.15842265477188847,0.05633098670256386
obsimj,15,linear,5.0,0.8672770878467349,0.8235913084929857,0.8081775621097425,0.9974664352038471,0.9940190949700206,0.9864509495955011,1.1652390880545356,1.4701528848291505,1.572989011784585,0.029517154726909703,0.05875517051370909,0.13495490419477693
obsimj,15,nearest,5.0,0.8181159455254531,0.686331964785453,0.6798891138079712,0.9928389358976892,0.9962846032194121,0.9999999999997025,1.0260165330387783,1.4906436448077722,1.5126565979173936,0.0532624056541469,0.05803273508974496,0.022943567014274635
occeyd,15,linear,5.0,0.8483662047940324,0.7826470932917604,0.7615423543606311,0.9862382670680115,0.9999999999980905,0.9618158320072184,1.3505479160969183,1.8112007376438906,1.950888687060278,0.12662003588058435,0.12062560450519619,0.3411003210552347
occeyd,15,nearest,5.0,0.8552409272517423,0.6278833729445239,0.5828034345175346,1.0,0.9376856462904812,1.0,1.0554433684636564,2.1318652415100092,2.302606974010003,0.0,0.46119304951486106,0.0
occrok,15,linear,5.0,0.8856606808541546,0.8419415605887917,0.8203099992818312,0.9981582953031689,0.9970518268663973,0.9894307273197444,1.0793269139108947,1.4126969636233755,1.569617951534075,0.022305015915722693,0.03197744638132531,0.11421556562580397
occrok,15,nearest,5.0,0.8145910582404321,0.6716260675606908,0.6845179340099404,0.9959127913039735,0.9776519788242947,0.9943816132644889,1.0229829122419043,1.5285299688929455,1.470492973874815,0.031156173733375696,0.18117841038805427,0.07030677168445165
ochotc,15,linear,5.0,0.9187309104882654,0.8575180900799877,0.8342813462361527,0.9879511556636562,0.987303877859566,0.9814297226684551,0.8448639234430978,1.3590096706901125,1.541424112978787,0.12523439194396366,0.1183015582585741,0.19502513875121127
ochtin,15,linear,5.0,0.8797117641653722,0.804312984895051,0.7806301945814837,0.9875120324713207,0.9805486099784896,0.9548740788441135,1.1746393021774744,1.7616211626767784,1.9343002563742702,0.1218446826116486,0.16917880294262871,0.40836555168600036
ocjeng,15,linear,5.0,0.8616665452420463,0.8224711800860776,0.8037646674486787,0.9983985443676866,0.9999999999980905,0.9917367946463116,1.196746166455529,1.4663187061701237,1.5894326063005242,0.018781775038966348,0.027867931152476332,0.0821425675714445
ocjeng,15,nearest,5.0,0.8544210246008501,0.7408256165504877,0.7317522955069035,0.9821915117288181,0.9666755670897832,0.9872930946611562,0.8761712023833694,1.3343527231662373,1.3707728519943734,0.12425554555756456,0.27546868716953066,0.11416972281432065
ockiho,15,linear,5.0,0.8787222953971352,0.827487818808804,0.8051459321571465,0.9988604975941625,0.9988226011763828,0.9955105002581244,1.1096843119224042,1.483695461174235,1.6380252378855216,0.015063370666521591,0.014331329817454476,0.04859274598330356
ockiho,15,nearest,5.0,0.8424030142836787,0.7273640810788604,0.7219128088757519,0.9999999999997585,0.9902895630272895,0.9999999999994491,0.8890604035321231,1.2935649704759205,1.3093259288877936,0.025570618988333505,0.1768074955043927,0.0526729571865134
ockoac,15,linear,5.0,0.8828522190152926,0.823991610260498,0.803542425185999,0.9960117963918577,0.9945780121042047,0.9851832167032017,1.0096037548174095,1.4052083544844585,1.5339997692912002,0.043849589000138675,0.05403411737064157,0.15284893851128528
ockoac,15,nearest,5.0,0.8409496361848599,0.7324584272569052,0.7518905872706874,1.0,1.0,0.9999999999980906,0.8841217378008632,1.2619581461142497,1.2015119555475133,0.0,0.0,0.17046781336263092
ockolr,15,linear,5.0,0.8420793475809185,0.7866704570473027,0.7635557171883379,0.9970254231001554,0.9950437206415802,0.9857002901543928,1.3533720766501882,1.7259069770111686,1.8731652455268513,0.0352000930330007,0.05293605309077424,0.14131157555752732
ockolr,15,nearest,5.0,0.8372076567703745,0.6702087152398558,0.6819802237319528,0.9809441313196716,0.9642429975454436,0.9925959951801351,0.9839118801852484,1.6113379297186428,1.579674023015362,0.12896944727176582,0.29442036221859635,0.13665280045049272
ocshit,15,linear,5.0,0.8400170678207834,0.7734192700003393,0.746883562561795,0.9941627430370439,0.9929397916120397,0.9777853744444195,1.4192874667774253,1.8838098139032269,2.0581949655269107,0.0633865973516935,0.07179261969826538,0.2160650433123005
ocshit,15,nearest,5.0,0.8516536959688964,0.7135313381922647,0.7198359051199827,0.9738776167640297,0.9773541736766962,0.999999999998712,0.9097281983661686,1.4459930533532304,1.4326958426202705,0.21033518406279028,0.2749508947459115,0.17133060891488966
ocwyit,15,linear,5.0,0.8977537182501013,0.8408129311567341,0.8228754810400369,0.9867059949019037,0.9880774950424227,0.9687200453472262,0.9826241144029989,1.421005202530884,1.5512556255480205,0.11520774979162343,0.10520691633053682,0.28858463891033614
ocwyit,15,nearest,5.0,0.8220251402583304,0.6660808959561557,0.6739925756021037,1.0,0.9891819187715921,1.0,1.0436120693048425,1.6101397417042909,1.5904607017985526,0.0,0.10949225594536334,0.0
odklob,15,linear,5.0,0.850296038173137,0.7602048062539578,0.7275061819814252,0.9705798699278286,0.9701754040133583,0.9473396332168853,1.4163502545112328,2.087751329021537,2.314393553750816,0.26752538415619315,0.24078231751208357,0.47976721798157784
odklob,15,nearest,5.0,0.8393524723911351,0.6500578154680655,0.6470971110390351,0.9913545182348291,0.983512372170271,0.9854442405446652,1.035196966426189,1.8058453015812035,1.8174411002603543,0.1233092363331732,0.12798027112936125,0.15719133339122948
odlorh,15,linear,5.0,0.8648918374958134,0.8235855846426497,0.8002308278804229,0.9999999999980905,0.9988621973306208,0.9934206132883582,1.2276356210652535,1.5291878403208574,1.6919410405100492,0.013689750250027083,0.01390555053817032,0.06372642483610527
odlorh,15,nearest,5.0,0.8508099137172012,0.7383940082262199,0.7380234034102908,0.9999999999994592,0.9740873144890573,0.9999999999987326,0.9033450205865636,1.3386877748382304,1.3461410096663515,0.05694903897251687,0.3467816919228109,0.11758816489318231
odocje,15,linear,5.0,0.855402643005817,0.8028035133023279,0.7792807149229574,0.996545961664113,0.9999999999980905,0.9856203020889844,1.26764271817568,1.6320376336438458,1.7864673413597427,0.03869442846338411,0.05026461121387392,0.1419854696070949
odocje,15,nearest,5.0,0.81905924578339,0.6324700018749488,0.6356430628752398,0.9883962256663461,0.9812195281861278,0.9999999999995617,1.066602247337935,1.7719798078997957,1.7786191820362538,0.08467245227539956,0.23050583065422856,0.07664292007982561
odolfe,15,linear,5.0,0.8941575510826927,0.8480638993198542,0.8351046851014536,0.9948808594626023,0.9953284320644441,0.9835746572634313,0.9787638458114304,1.320233666067783,1.4116432563432522,0.05144162238532019,0.04756215538302244,0.15900786368256323
odolfe,15,nearest,5.0,0.8333634529219428,0.6802409121280298,0.6617965866603389,0.9999999999996951,0.9873779031007799,0.9999999999990774,1.0187366362005046,1.6101379934807392,1.6708380813467134,0.027819567901949584,0.17996802257667974,0.08118159951318264
odoywu,15,linear,5.0,0.9059901245337707,0.8695855589168671,0.8609391858619404,0.9999999999980905,0.9999999999980905,0.9875892965637174,0.8626357068698574,1.131395318441694,1.1925731106572106,0.05480267562659069,0.0507836501248496,0.12846243598963414
odoywu,15,nearest,5.0,0.8571432321907329,0.76233684434503,0.7648730252980545,0.9999999999980905,0.9999999999980905,1.0,0.877385344736351,1.2664588557883263,1.2570962070941298,0.1603341767718655,0.3288801090031442,0.0
odscix,15,linear,5.0,0.8767095725044525,0.814010702072946,0.7887865803053182,0.9919902177925161,0.9904839931686378,0.9784826802196656,1.176147978838173,1.6545562969063647,1.8357532932525336,0.08330912781336075,0.09264973902670003,0.2144291038647916
ofikco,15,linear,5.0,0.8702824315689084,0.8314943254220188,0.8152756965421819,0.9993600998704113,0.998910735564007,0.9913872406749937,1.1590528394945732,1.4367910723203137,1.5481368170384608,0.008352039773278959,0.013380893705045019,0.09371315702318134
ofikco,15,nearest,5.0,0.8274784036119159,0.6920359626663848,0.6867840991933819,0.993537244535134,0.9888037496217473,0.9933883933638459,0.9964650794788545,1.4967220229310556,1.5161376343579218,0.04326093620818541,0.08144118044471489,0.1066626712603901
ofjeeq,15,linear,5.0,0.879644574363888,0.830431060457407,0.804284736833625,0.9942785928277891,0.9931983211999208,0.9842670495699486,1.137501864333556,1.512090305905828,1.7005403252611941,0.06229453415506711,0.06555234195215995,0.15742886685885615
ofjeeq,15,nearest,5.0,0.8223825448599899,0.6641979354130385,0.670340040165776,1.0,0.9898881670201479,0.9999999999993976,1.0455715385677085,1.6338392107491888,1.6193736483581946,0.0,0.20077921056865808,0.034858820944609584
ofodwo,15,linear,5.0,0.8710782192640036,0.8352757993846014,0.8170354447786874,0.9970156676999132,0.996812070733456,0.9904044422573148,1.15316794180971,1.4104479957820646,1.536180700141796,0.03231708462215632,0.03421782260327203,0.10038005819583161
ofodwo,15,nearest,5.0,0.8215060478171773,0.6860696424383622,0.6882351668580136,0.9936518625844465,0.9881315123118319,0.99999999999965,0.9543122851844317,1.4069973985462758,1.3814092194586,0.04986067450379802,0.1263992051383648,0.05886718775727629
ogawje,15,linear,5.0,0.8766310960337903,0.8227709954947298,0.8062757124128679,0.9950147016924452,0.9935340174696782,0.9856276092459049,1.125573025099744,1.5166814423056854,1.6303348846616539,0.05320390051559585,0.06657309600476757,0.14570436770897416
ogawje,15,nearest,5.0,0.8491527588092976,0.7186390891163726,0.7130159280841891,1.0,0.9964578156556325,0.9999999999995778,0.9220442614676853,1.446140348079201,1.4681109539407073,0.0,0.13748755273955326,0.044173190706937225
ogdygd,15,linear,5.0,0.8785718924474781,0.8396590285112809,0.8294612585734972,0.9958836296272325,0.9999999999980905,0.9872439493182615,1.0668028245433587,1.339393085716964,1.4079959936624962,0.04266261045055015,0.03020683948176874,0.11877274958059653
ogdygd,15,nearest,5.0,0.8196640181254798,0.6609604903183853,0.6768887203013395,0.9815615475583003,0.9738149811129218,0.9907961153984759,1.017100509488919,1.5483282203356625,1.5089037156920921,0.11942386972771775,0.293477920990119,0.10892718757512505
oggluv,15,linear,5.0,0.8884327532715778,0.8128753005869949,0.7850753862870743,0.9888829510882032,0.9903123819375849,0.9695470285941769,1.0943029972689173,1.6844469545263723,1.886754137206818,0.11034480608265004,0.09406957140983523,0.293192060733106
ogijtr,15,linear,5.0,0.869681511961232,0.8257587883556732,0.8122548483364093,0.9970854179108818,0.9999999999980905,0.989011914759362,1.1394573792303508,1.4443322843533737,1.5339672540098106,0.03166135537951903,0.03953199314825633,0.11278812273379046
ogijtr,15,nearest,5.0,0.8218063838598868,0.7170826843383837,0.7244884476251037,0.9971546677319723,0.9866319759219897,0.9999999999995242,0.9609693233100427,1.3357897465190218,1.32054852656863,0.043377075867556625,0.2511093404818131,0.04415598726827221
ogikli,15,linear,5.0,0.8894751043691427,0.8500432476859989,0.8354279722255,0.9999999999980905,0.9999999999980905,0.9950563317387708,1.027030619587944,1.3227595541361,1.4276574344477326,0.011410223073251704,0.012276860321822528,0.05487138268799776
ogikli,15,nearest,5.0,0.8164022450031209,0.6420158692001751,0.6504027515872868,0.9999999999997785,0.9859523003315308,1.0,1.044323511321433,1.6571397682920166,1.6303536909216776,0.019764384157986193,0.17650296291961784,0.0
ogjoch,15,linear,5.0,0.8572651339338466,0.810066700708665,0.7875517743226443,0.9975271949651013,0.9999999999980905,0.9887836889819711,1.2541968008674327,1.583354833909243,1.7327154535447198,0.027449485072510226,0.030372416609842637,0.11118540329109312
ogjoch,15,nearest,5.0,0.8231152961178465,0.6698832375353769,0.6789233503837051,0.9999999999998236,0.9878071907939795,0.999999999999828,0.9989939124582453,1.5471031969771813,1.5162080475114086,0.015747604005785766,0.18866996798611851,0.015656994654291736
ognoww,15,linear,5.0,0.9084460399163634,0.8724167494503319,0.8580854776366437,0.9993851965981793,0.9983266943153505,0.9951161659982165,0.8667989981532971,1.1432510584996296,1.2482615291015646,0.008419610374309388,0.019518392284420094,0.05586551570802509
ognoww,15,nearest,5.0,0.8536076095193262,0.7076952895293002,0.7147560286139513,1.0,0.9999999999990048,1.0,0.8652749278333497,1.3959833510790094,1.3720525150644456,0.0,0.09421353791977001,0.0
ogofvo,15,linear,5.0,0.8573733287041378,0.7942083496594506,0.7701886531134785,0.9978004858993748,0.9999999999980905,0.9897121509992968,1.1969444663126563,1.6075492600030503,1.7539042370951743,0.024787878833281225,0.024785111568989413,0.09900126375915522
ogofvo,15,nearest,5.0,0.8345632887521792,0.6903002374952308,0.7099825425771907,0.9967676919033596,0.9879105467704916,0.9904965249934765,0.9748367829060721,1.5062963156856037,1.4440452543375022,0.027589520399172188,0.10985652916891714,0.08649690298328115
ogphag,15,linear,5.0,0.8702321564189204,0.803434176660933,0.7736931995308607,0.9903418600724051,0.9896348030296607,0.9779982339231982,1.2426763996572558,1.7539357796029673,1.9676399261041042,0.10094371688564215,0.0996330025767577,0.21430376260366618
ogphag,15,nearest,5.0,0.8284506098271326,0.6947453272881193,0.7025593285519557,0.9899063728404334,0.9660459244931402,0.9999999999991311,0.975310520423393,1.48661176742959,1.4517162316846328,0.06796548637900858,0.2702266045612154,0.08902458153872327
ogshtc,15,linear,5.0,0.8672950278843858,0.8183990260288736,0.7969178130727843,0.9941660216563044,0.9911047722843432,0.9777465370415934,1.1885819086628349,1.5371713130115816,1.6826253803196514,0.06093441769174511,0.08227206898364724,0.21638607343067093
ogshtc,15,nearest,5.0,0.8130365711688787,0.6322206057569264,0.6401779527361806,0.9942664395906401,0.9902746211203,0.9999999999997029,1.06726388245898,1.6995385966938763,1.6748340180025791,0.04450728828519077,0.15056996479279414,0.03329307491010125
ogurju,15,linear,5.0,0.8957444612452762,0.8474937795829063,0.8253158064028727,0.9972576389108385,0.9959686690407664,0.9903341734742951,0.9988443814050175,1.3716225019091084,1.533728652672536,0.03277417888584212,0.04190290853356201,0.10570495836418439
ogurju,15,nearest,5.0,0.8677126908216372,0.7365495565371747,0.7204038937523201,0.9887978646745553,0.975041588982754,0.9999999999992045,0.881353757929297,1.4665113554836244,1.5270022707619793,0.11612852088734356,0.20495009721968935,0.0991685421249194
oiphye,15,linear,5.0,0.8980962308115745,0.8549648286709448,0.8374657414381161,0.9965971919290568,0.9960540786986796,0.9897195134534951,0.9845203583260721,1.3224509288297757,1.4530092740052931,0.03960629088912059,0.04344549918036367,0.10922157338859034
oiphye,15,nearest,5.0,0.8329080849555401,0.7249769793575626,0.7318135465337166,1.0,0.9933207325790436,0.9999999999996161,0.9122278848804203,1.369163727559108,1.3098845803950296,0.0,0.16016669886714915,0.0371777007560103
oipial,15,linear,5.0,0.8716634702570287,0.8344419811903796,0.8212148604500668,0.9988610473509679,0.9999999999980905,0.9929950462527958,1.1075196518774044,1.3629716789588882,1.450108676080302,0.013917944048117446,0.012288102544432272,0.0713104393867453
oipial,15,nearest,5.0,0.8299684878677197,0.6878610260006494,0.6920569447058122,0.9999999999994202,0.98023300352502,0.9999999999994202,0.9511243085521889,1.4860266003416116,1.4547554877384572,0.05419772334812163,0.17841012915741158,0.05387669065929481
oirzgo,15,linear,5.0,0.8858671013432754,0.8245500969344779,0.7979419890319558,0.991871801495034,0.9925028220740542,0.9770344835987552,1.1237304681896103,1.610003255084256,1.8085613724050473,0.0843679732437052,0.07558409282020241,0.2222543545679241
oirzgo,15,nearest,5.0,0.8069869401454995,0.6434784819252712,0.6188263217279795,1.0,1.0,1.0,1.0937439955389023,1.754266381939652,1.7673497943386876,0.0,0.0,0.0
oivnab,15,linear,5.0,0.8608394316099353,0.7914436277054475,0.7528819459834666,0.9912170607412188,0.992186395319475,0.9761288760627876,1.3506982085110983,1.8906882651572698,2.171650194410325,0.09017813767997346,0.0783064029099559,0.23832576093515964
oivnab,15,nearest,5.0,0.8578783257920093,0.7370403740466528,0.719268615567807,0.9925459284794003,0.9423036176168337,0.9999999999983622,0.8610546139293395,1.3447272539709785,1.4054562376561508,0.11181108560126601,0.4044339669021577,0.2059310606218568
ojachm,15,linear,5.0,0.8772138724445272,0.8137908931233233,0.7839296784653703,0.990101810383678,0.9915922033241431,0.9753034827871987,1.2035868642444323,1.7038934144594537,1.9253816012802,0.09991381997194058,0.08336861803963636,0.2490942208798314
ojachm,15,nearest,5.0,0.8502799810009373,0.7398952759415037,0.7561523553698156,0.9936525713911531,0.9712677268912552,0.9856966171074273,0.8603922362640805,1.2550264475200839,1.2120059177342166,0.09541395782371066,0.33488403630146024,0.13868644315046424
ojbaso,15,linear,5.0,0.8801887456494696,0.8424094066424432,0.8245642274262412,0.9999999999980905,0.9999999999980905,0.994388379621262,1.0919836568347416,1.369259288003503,1.4946150005932455,0.01767513486576099,0.03290299143481569,0.05892745109814373
ojbaso,15,nearest,5.0,0.8611594094936289,0.7712166109113319,0.7588168730000879,0.997234271168324,0.986459471800359,0.9999999999995639,0.8274729540447413,1.1822953059324548,1.2261426172699283,0.0216605005719671,0.22842397163771058,0.04044715014605672
ojfann,15,linear,5.0,0.8741506692596679,0.8287269138375242,0.8047883536194875,0.9980726001075753,0.9976014400007496,0.9907499857790033,1.1861978615457618,1.5319542530554267,1.7053793873254235,0.02401623571898306,0.026730941883719092,0.10174724745037526
ojfann,15,nearest,5.0,0.8371677720679035,0.6891927702648664,0.6851734348380314,0.9975182073583228,0.9975182073578637,0.9999999999993618,0.9836404827555141,1.5506556768335817,1.5706155785843465,0.05674418284029775,0.09422242120975548,0.055599986934148186
ojfequ,15,linear,5.0,0.8673593299165006,0.7855619723844685,0.7499483002461151,0.9796407618404785,0.978561521244908,0.950185086970132,1.3014003991553158,1.9409957420687884,2.200294440052725,0.19608070579079787,0.18342194058227024,0.4510917593649591
ojfequ,15,nearest,5.0,0.8094899047858412,0.7019967096271608,0.7003865120928452,0.9999999999980905,0.9833027422709504,0.9999999999980905,1.0835575111937465,1.4748430050019434,1.4800448922402296,0.11209364289709961,0.13916876984950588,0.11209364289709961
ojfiez,15,linear,5.0,0.8571552877831115,0.7778841930843454,0.7495236310346184,0.9809828110437068,0.9767467232877167,0.9498193666213509,1.3183578104789682,1.894018043153384,2.086321498553622,0.1739205875676398,0.18258965764405213,0.43770567991030196
ojfiez,15,nearest,5.0,0.8307868216815953,0.6458762601982176,0.6402601340299245,0.9727491810769597,0.9661937550556154,0.9785734082916174,1.0216819669339943,1.7056490557798851,1.720240657030767,0.29422113333553135,0.24678910227139375,0.24429483017983447
ojpoot,15,linear,5.0,0.9015075339403821,0.8647293513633467,0.8456022904713245,0.9995004014916973,0.9994512843249156,0.9941726014939498,0.9566608571424691,1.2480710191104343,1.392725571805163,0.007198853759931362,0.007283625905540807,0.06516980028508636
ojpoot,15,nearest,5.0,0.8797160569335453,0.7959571764771931,0.7882208435719574,1.0,0.9893432649864224,0.9999999999992527,0.7626653425780812,1.121826138383743,1.1607444910365523,0.0,0.16154722206133934,0.054545404830426435
ojroig,15,linear,5.0,0.856238498962936,0.802638777734805,0.7759371028800098,0.9944548009652069,0.9940715488327565,0.9872060234474053,1.3313991266818732,1.7289406078147516,1.916799159856894,0.06062695114312492,0.061783363614952964,0.13934870416300543
ojroig,15,nearest,5.0,0.8322761130648184,0.679355193532077,0.6680129587871367,0.990323980150431,0.9762677667242595,0.9825832212142653,1.0122040077865937,1.5984723807521124,1.6373899152117932,0.1132860221465478,0.23285568557835928,0.155122392359015
ojumna,15,linear,5.0,0.8859641792070317,0.8481326499597657,0.8317971122153452,0.9964372874955264,0.9947612968234462,0.9896373617802267,1.0348204242874037,1.3107997926520736,1.4247811226552456,0.041231023333720015,0.05246814818518825,0.11227932806482975
ojumna,15,nearest,5.0,0.8207989646200815,0.6480982557355258,0.6703645278680768,1.0,0.9800493624986086,0.9999999999995418,1.0289457757814273,1.6298798426833225,1.5678891220955802,0.0,0.18341184651510195,0.04436538956883895
ojvigh,15,linear,5.0,0.8827620895164349,0.8171158079342629,0.7824813310866183,0.9931987231820272,0.9930549536356155,0.9861504294666983,1.1614212160560888,1.6847898365559604,1.9431390118586014,0.07235032654383243,0.0736693957878143,0.1468978685171004
ojvigh,15,nearest,5.0,0.8077715305601023,0.6785017949741005,0.6835459597715541,0.9999999999993918,0.9938155565626887,0.9999999999991654,1.0433774536333573,1.497601685140658,1.4865514346664965,0.05091814476079719,0.12202281363910225,0.08622984257351363
ojwyky,15,linear,5.0,0.872259033057327,0.8327019192795599,0.8092054330330213,0.9956381738874461,0.9952560002265372,0.9901483460843539,1.1899149030408382,1.4879768547489722,1.6571035112018617,0.05060732065099071,0.04819404655371548,0.1074651744989321
ojwyky,15,nearest,5.0,0.840888562726065,0.7223347937825224,0.714360849487506,0.9999999999993576,0.9830588151257789,0.9999999999993576,0.9249754094560555,1.434029439933286,1.4348177391684116,0.0621944713581854,0.16441070417836187,0.09983519172860808
okavka,15,linear,5.0,0.8450870017397767,0.763558748672422,0.7250751290989729,0.9859405448359497,0.9850794296352736,0.9602210656148491,1.4677366514791337,2.079906791717878,2.3493766190362444,0.13475736004539307,0.13552942219692687,0.37342045156468434
okavka,15,nearest,5.0,0.8379041579618925,0.7002297338063941,0.6829869012236948,0.9912895177627473,0.9729973845804045,0.9999999999988319,0.9823583938922931,1.524830456668632,1.5826135966153598,0.09909751644869211,0.1965360358736355,0.0972378060193135
okblah,15,linear,5.0,0.8581773324396749,0.8153358147240456,0.797700441732873,0.9989450543352203,0.9999999999980905,0.9903153526528711,1.2305360053525585,1.5255148149347817,1.6416180246779126,0.013008059613316292,0.018984902586040856,0.09806452278778964
okblah,15,nearest,5.0,0.8375312570914191,0.7114794099481715,0.6987661464180447,0.9977356280540327,0.9852126801642316,0.9964568165337333,0.9565472840243494,1.432743998983221,1.4743685432241525,0.05116209307233209,0.191762497500709,0.07300526289154885
okchym,15,linear,5.0,0.8829904264704581,0.8345244645600036,0.8179006532875982,0.9944738407201954,0.9999999999980905,0.9789764622100363,1.08913373062988,1.4511263240735153,1.5692833246475537,0.054920123397209565,0.08088047488772958,0.18919655769541308
okchym,15,nearest,5.0,0.844412971655117,0.767520983694815,0.7678568588520748,1.0,0.9696520287121209,0.9999999999990717,0.8701998374529462,1.1480262672513513,1.1495687179187182,0.0,0.304950260426179,0.09181506323171547
okneyd,15,linear,5.0,0.9009219133869178,0.8537957491055039,0.8380154852341153,0.9941725597008492,0.9952738265264188,0.987806458549064,0.9203356782381598,1.270600361938761,1.3817290025868043,0.0651702071365208,0.050803314723338634,0.12923882393210676
okneyd,15,nearest,5.0,0.8292564301339088,0.7072073018687056,0.7292800151134308,1.0,0.9999999999986583,0.9999999999993291,0.9506608634087775,1.3751448309688754,1.3067022264951758,0.0,0.12215276910465446,0.06107638455232723
oknsco,15,linear,5.0,0.8909627975655351,0.8552028408732613,0.8469609195010317,0.9977697458806737,0.9999999999980905,0.9923350908492624,0.9601871546776571,1.2117533953724966,1.2674925590766075,0.025089603399074262,0.03969707136881485,0.08021072483150796
oknsco,15,nearest,5.0,0.8326493979735476,0.7207060504832237,0.7307618596070332,0.9999999999993212,0.989444307309537,0.999999999999669,0.9395129588433015,1.329185842241541,1.3143519252001823,0.060440761035043304,0.18143341367623092,0.02960295004988765
okquak,15,linear,5.0,0.8664075819826342,0.8029125033056824,0.7742711977911284,0.9966087062920523,0.9955413495617088,0.9842717396667786,1.273298392850989,1.7577513967426852,1.96355852646363,0.03948888359735921,0.04830329652286792,0.15738875543641553
okquak,15,nearest,5.0,0.8289366447189992,0.6715023464650977,0.6536155602599876,0.9928242385425612,0.9501067632756316,0.9999999999989728,1.0904493846866774,1.7358826661372488,1.8006930836079391,0.10950533115759992,0.3491567788043324,0.05595680944505606
oksbos,15,linear,5.0,0.8769202557734126,0.794768496532335,0.7611144498072697,0.9839937806672748,0.9817489871920231,0.9603144744460113,1.2292062286267285,1.8845838508849542,2.1344551216178957,0.15039940676411714,0.16043171455366462,0.3599050497653808
oksbos,15,nearest,5.0,0.8778043877035949,0.8026708439796789,0.7807476113119035,1.0,0.9716715428359909,0.9999999999994009,0.7350378014046222,1.0409642378825683,1.1194392288661246,0.0,0.36846728803319756,0.06342516278478802
oktuls,15,linear,5.0,0.8884795679179167,0.8454147757431568,0.8256631570687059,0.994480872496672,0.9956800771459803,0.9854350318627735,1.062087235818652,1.394122986242033,1.5392143418063067,0.06037953388548353,0.04699780411496209,0.15810883176539453
oktuls,15,nearest,5.0,0.8168194492945811,0.6398935055186801,0.6548582874004709,0.9999999999992697,0.9918197741138443,1.0,1.0494422699662243,1.6670543139652412,1.6158829539692559,0.06304507562846585,0.0954855455849763,0.0
okvats,15,linear,5.0,0.927088882336703,0.8964935827526717,0.8901937914771606,0.9985002202000977,0.9999999999980905,0.9940961130477385,0.6969434188974467,0.9346461752616995,0.981634870641531,0.017731365970575827,0.014410777734062909,0.06401317222412403
okvats,15,nearest,5.0,0.8307684562664865,0.6659435707930969,0.6913144955433307,0.999999999999649,0.999999999998964,0.9999999999996575,0.9840680219490788,1.5762177053754634,1.5030221459619786,0.030748392664302692,0.14190565342867195,0.030574190444074917
oljnek,15,linear,5.0,0.853787959843632,0.7909183488512647,0.7595996011509025,0.9984429521126948,0.9999999999980905,0.9918538993505703,1.29550098681146,1.7338834088064599,1.9387823468755658,0.018324183865665908,0.017807157395942463,0.08452783009103854
oljnek,15,nearest,5.0,0.8551033733880934,0.7384948376025123,0.7181342109082174,0.9953868481860352,0.9775739641616072,0.9966528341594565,0.9222391932213732,1.4153288692940904,1.4893226770407801,0.10307140164547404,0.22232683021445973,0.11859011829444237
omcuky,15,linear,5.0,0.8656100025975284,0.820421328301832,0.8085380812984309,0.9977903832467795,0.9999999999980905,0.9872296134262147,1.15963953678457,1.4679209969300633,1.5454812040267702,0.024887108094667366,0.04141481828044605,0.1241855946182862
omcuky,15,nearest,5.0,0.8340071848683841,0.6974750122152842,0.6952767230107193,0.9884212216418201,0.9740906415262538,0.9830336415955263,0.983839198635208,1.501862961098269,1.5117396937315266,0.10828470814392964,0.2274426225929325,0.1568939442619187
omdrid,15,linear,5.0,0.8583360465119876,0.7717056371615423,0.747492280060629,0.9942004639005182,0.9999999999980905,0.9900076718030709,1.1793080836245309,1.7269964960788995,1.8681668809199197,0.05723185332027445,0.05086724779907789,0.10072692886008355
omdrid,15,nearest,5.0,0.8381496247706258,0.7005893168475176,0.7002817703896725,0.9890487267953807,0.9515138657382053,0.9999999999985515,0.9936120403113716,1.5331785545954433,1.5474465347159398,0.16382704979747065,0.36854741570105753,0.1469084620556756
omluaj,15,linear,5.0,0.8567634274652078,0.7963601114164234,0.7711732320889529,0.9917653868314288,0.9901630718367616,0.984000803436116,1.3022748418472903,1.7380203946158317,1.9096132126456933,0.08531736179319435,0.08954705457569817,0.1663428266143639
omluaj,15,nearest,5.0,0.8314831844567463,0.652556957044457,0.6569322531249254,0.9806367352210866,0.9828329076864064,0.9999999999992405,0.9994052508259611,1.66289929291279,1.6498240017856447,0.1673972426585704,0.15439692903019062,0.0718489950598347
omwyek,15,linear,5.0,0.8994538279940767,0.8626573935027432,0.8437614024144242,0.9976350522764784,0.9970376815171285,0.992348201470047,0.9734553909663386,1.2639498351556024,1.4064276508148874,0.027787961399200638,0.032110387628478614,0.08627021488969208
omwyek,15,nearest,5.0,0.8475919957167274,0.7482515792823382,0.7481247904053466,0.9999999999996624,0.9965417698277311,0.9999999999996624,0.8902357724459443,1.2618950073713535,1.2716438950262876,0.026562987824988487,0.22562565370142268,0.026562987824988487
onanns,15,linear,5.0,0.8401728236051458,0.7748263111274315,0.750006171524956,1.0,1.0,1.0,1.0825875557049944,1.4016450760859256,1.5130897475241532,0.0,0.0,0.0
onanns,15,nearest,5.0,0.8370508133197376,0.7320138471354299,0.71936444860954,0.9999999999990584,0.9999999999980906,0.9999999999980906,0.8993844339936428,1.2603140333944993,1.2977212709979808,0.09116175938802519,0.1949745970703438,0.18258131158761332
oncalk,15,linear,5.0,0.8731220045003097,0.8096652597008134,0.7778902462736268,0.9954656460894606,0.9999999999980905,0.9839523138061266,1.1773919790683947,1.645126853839669,1.864376505687906,0.046360624347090824,0.0639637173469439,0.15589485660294336
oncalk,15,nearest,5.0,0.8364123931204579,0.7159396600066485,0.7112519804542412,0.9975314533066085,0.9968174500048398,0.9999999999998129,0.9286189210633928,1.3625847942294522,1.379498688122262,0.03801430640925313,0.15999027657708154,0.01737509116313701
oncixp,15,linear,5.0,0.8477532569661301,0.7996644088992444,0.7871771604399042,0.9945204628010402,0.9917001214916297,0.9774522430661364,1.2734338136652332,1.5884347891131263,1.6666489694644184,0.057729268997113455,0.07759876275274961,0.2078701837440674
oncixp,15,nearest,5.0,0.8220101883321714,0.6428943057109048,0.6553760515239657,0.9878516894432031,0.9525695188521087,0.9999999999980905,1.031518314305712,1.6438968797081153,1.6124025655070249,0.1845147958460471,0.40875142050770114,0.22176642773446414
onghoj,15,linear,5.0,0.8789401057867205,0.8219095025845419,0.8063995024707094,0.9908881647560707,0.9840474587971909,0.9579427685230193,1.1205065095126039,1.541042149031994,1.649450488240511,0.0930696046537224,0.13402042464525843,0.36971586525216366
onghoj,15,nearest,5.0,0.8377811910391294,0.7251501196062952,0.7188675585925028,0.9999999999991498,0.9913559742189019,1.0,0.9608719575938903,1.3904515559826633,1.421012198120751,0.054466078667960695,0.07014960335286122,0.0
onkawc,15,linear,5.0,0.8906062899033178,0.8468754666966899,0.8320619517465,0.9949143357506833,0.9950972385985654,0.9864657251736665,1.01228303179872,1.3373571672095321,1.4423487723446542,0.05623914845640537,0.04957349913087845,0.14400639462085316
onkawc,15,nearest,5.0,0.8238721816528425,0.6767692331134959,0.6941621510799466,0.9999999999996414,0.9949442357706029,0.9999999999988818,1.0437777409584492,1.579347799484247,1.5242546641396684,0.03563895595970337,0.11787116735817041,0.07887029625928524
ononma,15,linear,5.0,0.8576788533238991,0.8143156684521353,0.7898209342377983,0.9972157758592463,0.9956226456260175,0.9833060259979332,1.267006595983608,1.5752637136123933,1.7412026911069916,0.03205799163563911,0.04753903335595398,0.16931811370203922
ononma,15,nearest,5.0,0.8262547506095889,0.7106265049683026,0.7237115133657095,1.0,0.9922488217467853,0.9999999999998251,0.934582126203887,1.3706630453989483,1.3273838676417304,0.0,0.1298859431145454,0.016876081530879442
onvahe,15,linear,5.0,0.8696094747858181,0.8190411601092805,0.7890064810047666,0.994786885202222,0.994651444328076,0.9889627596120816,1.2377715905151223,1.6248667803469747,1.8425384257410986,0.060511382081781535,0.05653651945636336,0.12070525406128525
onvahe,15,nearest,5.0,0.8239784987110499,0.6341176407273259,0.6509567118375219,0.990392469258906,0.9664954418990404,0.9999999999990865,1.0435880274090907,1.723753198188841,1.6825425488070365,0.08887255819623653,0.24171148409490462,0.11051058703874565
onwohy,15,linear,5.0,0.8539019748852494,0.7598500082380529,0.7491634695902142,0.9642049781968847,0.9701201623238068,0.9212544853499582,1.349366966972911,2.0270868956799206,2.0992128591471184,0.2942586289103282,0.22366872908525348,0.647360810774264
onyacj,15,linear,5.0,0.8700177669517746,0.81302399822681,0.7864069532364466,0.9911220450875772,0.9921296574747592,0.9828298401252489,1.2241051175472728,1.654155283240695,1.8438740035739716,0.09101527395259539,0.07879254278775988,0.17967053781728354
onyacj,15,nearest,5.0,0.8500383743706847,0.7254007163274186,0.7254493292950164,0.9969545615358192,0.9905890154732948,0.9999999999995477,0.9070173606745674,1.4034517866289404,1.4106162424583308,0.043455529075651346,0.17975612901021046,0.046251229902037144
onyenr,15,linear,5.0,0.9169692230635366,0.8830019853768661,0.8727496376661115,0.9974966928702143,0.9976427346981888,0.9957647072723464,0.8030504735121893,1.0706118570286607,1.1479814376878605,0.03024705148556763,0.02632986008084522,0.05043352992547311
onyenr,15,nearest,5.0,0.8569304752019491,0.7734560956404749,0.7538815049078419,0.9999999999997542,0.9806657066544157,0.9999999999997542,0.8324495857836476,1.168987595272961,1.2400495123927595,0.024303987326042352,0.23523098577859605,0.024303987326042352
oocsod,15,linear,5.0,0.8836136755118391,0.8377947068359,0.8199917652521402,0.9977263396275753,0.9999999999980905,0.9916517345981618,1.0722873580828325,1.4108272313734014,1.5360139655840035,0.026844616206886576,0.02964194162755358,0.08632911225694198
oocsod,15,nearest,5.0,0.8447868672192946,0.7232886795074169,0.7214290739096489,0.9880753702341889,0.9772306161422719,0.9999999999993118,0.9164036691387478,1.3827108662980394,1.3891962692004793,0.07500951067221488,0.2731218144224505,0.08899661160898503
oogchy,15,linear,5.0,0.8679783495019282,0.8037219748942627,0.7764720957487881,0.9929302966619762,0.9901702971682627,0.9724621468330598,1.260744140428491,1.7518297053047514,1.947992113373984,0.074809606247613,0.09524176053887227,0.27336865333366855
oogchy,15,nearest,5.0,0.8700414500598387,0.7591161569907867,0.7530358728119803,0.9895289954402084,0.9840825337022614,0.9999999999986968,0.8206470968882641,1.280554634358955,1.3045251876558281,0.08701210892826927,0.17888564506113958,0.1227809523568793
ootquo,15,linear,5.0,0.9285755405135729,0.8942461745747396,0.8784704811688859,0.9966387684825421,0.9976202232345766,0.9919593016083292,0.7108323802510307,0.9898213799374631,1.1116006879241336,0.0391820843989935,0.026548635126997188,0.09162651432463889
ootyec,15,linear,5.0,0.8601412611307824,0.8096201754809218,0.7824526018224596,0.9949812595431572,0.993830011428976,0.9863529139246844,1.2893713417407002,1.6626162147940342,1.8530585863069764,0.055595236284476574,0.06394399766685573,0.14504217114587187
ootyec,15,nearest,5.0,0.8290083725034779,0.6974351751473088,0.7040631712459512,0.9905341568031872,0.9839007394510187,0.9943320254297006,0.9982315871588199,1.4904818895566145,1.4692852175950841,0.09460420662838605,0.20127525991126155,0.08204945610887687
oowfmu,15,linear,5.0,0.9235457174646113,0.859056537708248,0.85472017293725,1.0,0.9999999999980905,0.9999999999980905,0.6041950229707779,0.9823826539520307,1.0057529487616441,0.0,0.0508162117064261,0.14682032227749103
opgove,15,linear,5.0,0.9153260775920777,0.8725329057917233,0.8517216125612563,0.9956221629971971,0.9956605380565725,0.9887198433852293,0.869066164243536,1.2288212443124795,1.3946420625164102,0.05192141393920699,0.04718206210040232,0.12492233637018646
opgove,15,nearest,5.0,0.8309323605049906,0.7174410611016977,0.7082022563419009,0.9877140500334303,0.9999999999990048,0.9999999999990048,0.9418721748550274,1.3357283516956067,1.3811548314079034,0.09622486882494176,0.09399475085309765,0.09399475085309765
ophgir,15,linear,5.0,0.8836704052947937,0.8227254246005853,0.7942290976637678,0.9942109654065582,0.9954328236334827,0.9853304172710821,1.1460036501244721,1.629999169036636,1.842902842427175,0.0629324362709744,0.0493202057254065,0.15436933052497362
ophgir,15,nearest,5.0,0.8439624124485072,0.7230087881614511,0.7170773923092494,0.9910106100134882,0.9498027597634313,0.9999999999985498,0.9014359852401758,1.3675597966104869,1.3885958200777289,0.1141978277968761,0.42144144011925877,0.17504443848659587
ophugb,15,linear,5.0,0.8622525040402282,0.7997951535211002,0.7679458892957071,0.990975926454594,0.9900156129432821,0.9741546096911018,1.3303322055827491,1.8153422677471776,2.04845847879629,0.09520487317848446,0.09651449333612337,0.25503618642068254
ophugb,15,nearest,5.0,0.7955917372401169,0.7729078048136215,0.7846161687915575,1.0,0.9999999999980905,1.0,0.9824947198691287,1.2165593156896506,1.1323125740612376,0.0,0.3007862503637023,0.0
opjerm,15,linear,5.0,0.8873834961842915,0.8286209262871829,0.8003482483903458,0.9953300452024548,0.9939872167732698,0.982901652575436,1.1262313215354172,1.6020385100854573,1.8176891413275338,0.05372140844040926,0.06253933624354842,0.18397345135631554
opjerm,15,nearest,5.0,0.839233036170989,0.7046025858010205,0.6978336073899555,0.9999999999987393,0.9933521400582114,0.9999999999987023,0.97421745325436,1.4959907073237415,1.516656617880584,0.11433565404328026,0.1964810305158548,0.10212566192908194
opmisa,15,linear,5.0,0.8732155943572972,0.8305732886940614,0.814118953362876,0.9966989154044383,0.9999999999980905,0.993008452524842,1.1373215354438198,1.4431849372983636,1.5559798119877057,0.03526599951939348,0.04163860229966357,0.07634588406181728
opmisa,15,nearest,5.0,0.842275697643303,0.7091193996520545,0.697624967393151,0.9928302024171111,0.9741538453733716,0.9999999999993582,0.9694744370826578,1.4962207594321584,1.5417613158431167,0.09117336313103977,0.24045536743426005,0.06539722555521768
opnown,15,linear,5.0,0.9177881244096,0.8861195540222533,0.8817098760038431,0.9989200387634836,0.999406590969467,0.9957330775932041,0.7652391336668211,1.0036938270966227,1.0356672356845877,0.013911718319244332,0.007809827944603915,0.05076427410174655
opnown,15,nearest,5.0,0.8606622196184467,0.7472453808232588,0.7570291995823833,0.9999999999997572,0.9999999999986023,1.0,0.8330080972350397,1.2642345834742148,1.2328719678270013,0.023015795515412645,0.16919752587335798,0.0
oquiat,15,linear,5.0,0.8530445970675133,0.794253737388638,0.7659997622535366,0.9954981508480254,0.9929568567594433,0.9806949451439714,1.3369454750730407,1.762004120087241,1.9549208899719428,0.050576966671950316,0.0675237931809837,0.1954358124230558
oquiat,15,nearest,5.0,0.8458639878147388,0.7176112084648886,0.7093877050508467,0.9840160673935445,0.9774787179505484,0.9999999999992036,0.9101505911162711,1.4119044920969777,1.4402051146501014,0.10545465612757025,0.2316463989409829,0.07700074959845592
orkbat,15,linear,5.0,0.8713175612639893,0.8216533474617724,0.7952901970996669,0.9959705678037692,0.9948492200627805,0.9834638780729955,1.2084807897536909,1.5837787144108952,1.7727017906103364,0.04424298321690657,0.05472667115796774,0.17113126266941558
orkbat,15,nearest,5.0,0.8262662518899938,0.6527905958513275,0.659047736038533,0.9999999999996405,0.9872272357671703,0.9999999999996405,0.9967122622082643,1.6048990251432689,1.5963604312020914,0.03805509767087279,0.08760785955827134,0.03805509767087279
orocdu,15,linear,5.0,0.8799269025031795,0.8337736628011645,0.8159160730131637,0.9961153875327992,0.9999999999980904,0.9899884064206366,1.0485182387423282,1.3674172773805289,1.4845276154254596,0.04058605364516208,0.046144395373621375,0.10411618456722338
orocdu,15,nearest,5.0,0.86141771645479,0.740772231418291,0.7250466397060903,1.0,1.0,1.0,0.7999868371889607,1.2363859175763345,1.2841433591187257,0.0,0.0,0.0
orptme,15,linear,5.0,0.8767837515035093,0.8037799034785458,0.7704309135728229,0.9776208392276655,0.9828931716319295,0.9750634215296989,1.1705467599179544,1.7207719742281797,1.9547841840657103,0.1993564813702197,0.14197928497247933,0.24313533939045928
orptme,15,nearest,5.0,0.8793124803617851,0.786958031606656,0.7857070968491694,1.0,0.9693114901627307,1.0,0.7354233958454566,1.101471033050273,1.1226176363385576,0.0,0.35461038007860507,0.0
orrrar,15,linear,5.0,0.8725138889268973,0.8245611001323472,0.8029326265089675,0.9959871966556505,0.9951198998159373,0.9844952798147775,1.156685421695824,1.504188941823365,1.6530571161171774,0.04408438813502047,0.04937706141171926,0.1554745692319323
orrrar,15,nearest,5.0,0.8382253025860311,0.6688526741151427,0.6877521799744818,0.9940518879381445,0.9856814162636,0.9902017615093119,0.9470232971074086,1.5480827004671136,1.500897450418357,0.08347333153178209,0.18730741262023537,0.06838929138366545
orsyal,15,linear,5.0,0.8642415085334496,0.8239838887232396,0.806691519769925,0.9999999999980905,0.9999999999980905,0.9893725989376652,1.169316359606723,1.4444023972206277,1.5574136702154036,0.017667433380532765,0.04447283731694166,0.09555169673406784
orsyal,15,nearest,5.0,0.8242428680235089,0.6155254982875212,0.6361687925234042,1.0,1.0,0.9999999999990453,1.051597211289382,1.783761716739593,1.7329533982945766,0.0,0.0,0.10948693998435327
osacmu,15,linear,5.0,0.896891933079248,0.8406962096335072,0.8241992282558268,0.9968380034105462,0.9966822857376498,0.9918778704003838,0.9243968604936961,1.3211409227418498,1.4306022872858681,0.03582644175349542,0.035419565247320824,0.09087120953986334
osacmu,15,nearest,5.0,0.8565433195637333,0.7643793752310356,0.7552620033530104,0.989697460593656,0.9814912888677085,0.9999999999994342,0.8385012101766066,1.1917172392448125,1.2229163208576495,0.08085688789620112,0.21572563060634828,0.05975862306219975
osckro,15,linear,5.0,0.8588730785115429,0.8019151749607191,0.7718493612768745,0.9933932857956416,0.9936517486193356,0.9832278254606875,1.3223766418745067,1.7499948272941008,1.963313607309208,0.07055818896778678,0.06552978397214013,0.17322829686583757
osckro,15,nearest,5.0,0.8432393836064074,0.6941535707258418,0.7138400216836042,0.9999999999993242,0.9489173687438766,0.9999999999986956,0.9472766165780004,1.519490190803998,1.4572422357220383,0.05104817012692239,0.3869529498630172,0.1491206786797731
oshyon,15,linear,5.0,0.8611988219192479,0.8174166001547765,0.7943130386987403,0.9989994677006532,0.9961679519173312,0.9888642476279755,1.255384059177649,1.5726827515938007,1.732380578051934,0.013414126218031324,0.04011233076090174,0.11408820573424006
oshyon,15,nearest,5.0,0.8428657320538346,0.7559468910708812,0.7579082046808836,1.0,0.988698138827799,0.9999999999996636,0.890046960630617,1.289659806526599,1.2457154603364953,0.0,0.07846496448061673,0.03401625139162395
osocce,15,linear,5.0,0.8652308349839557,0.81867562470079,0.7953118064027427,0.9963499059366846,0.9981994685357717,0.990365516902713,1.2250800951436298,1.563836098532108,1.7255773186879155,0.04059952895748264,0.020811905565375592,0.10326491718001903
osocce,15,nearest,5.0,0.8084953020820745,0.6603712905994398,0.6649921481492548,1.0,0.9999999999985276,1.0,1.0675956004155225,1.5884939365254178,1.5619642443865605,0.0,0.13612904468146286,0.0
otasfi,15,linear,5.0,0.8907524962552459,0.8432906303198662,0.8240659497089722,0.9999999999980905,0.9999999999980905,0.9914964106273321,1.0388756017401275,1.4027478603670245,1.542712812015875,0.012271947103325381,0.02306793481416362,0.09044574106314289
otasfi,15,nearest,5.0,0.834293410452531,0.7041562490436517,0.710547477485958,0.9999999999996287,0.9886384068047581,0.9941888901074943,0.9528303019777372,1.4680578662355441,1.4401398339743965,0.026603913306528434,0.16577800153930533,0.05064851765789701
otfaho,15,linear,5.0,0.9142289229776808,0.8742237656544394,0.861912224586562,0.9985070292449598,0.9999999999980905,0.9924440809690324,0.8046846845568774,1.1066301579874536,1.1950018680105805,0.017660673447410645,0.025402298496479226,0.07922689280595059
otfaho,15,nearest,5.0,0.8223145070295095,0.7088682964491974,0.7421975931265404,1.0,0.9821006383673649,1.0,0.9374686470450097,1.3869390820744074,1.2730802137519739,0.0,0.11979109457672676,0.0
otmego,15,linear,5.0,0.950657472173597,0.9293771320363301,0.9235179705129382,0.9987793285826257,0.9999999999980905,0.9958995735786716,0.48096758227376274,0.6507352567683174,0.6955885635002452,0.014794444289006071,0.019042819895389983,0.04491896598036933
otmego,15,nearest,5.0,0.8141294815571284,0.6157142515291939,0.6872011421943065,1.0,1.0,1.0,0.9873503301647503,1.5700912574461259,1.3921523444260837,0.0,0.0,0.0
otscok,15,linear,5.0,0.8493638370120895,0.7994658068631374,0.7756704694760572,0.9950181712473855,0.9958138041828621,0.9888824661019725,1.350585187242213,1.7069945419578827,1.8687551323688831,0.0531718891794243,0.04573326045904337,0.11685225677907222
otscok,15,nearest,5.0,0.8318417184484005,0.6866160660394481,0.693482140486514,0.9961466752635311,0.9823076597731237,0.9968446687321091,0.972851613038587,1.5396342429283423,1.5089767604989004,0.03518765950339093,0.1825082708985097,0.11774777469185492
otswra,15,linear,5.0,0.8651473979691191,0.8280952908092136,0.8095099794730407,0.9999999999980906,0.9999999999980906,0.9924829397922775,1.1434419159018423,1.3922821984897442,1.5116832192861613,0.021026972402037086,0.022484247143742468,0.07135851074113864
otswra,15,nearest,5.0,0.8561694936467676,0.7371654852237299,0.7356889568231205,0.986273116865101,0.9736735951297746,0.9999999999993746,0.8792601081343858,1.3572791036392984,1.369373476539702,0.10718864704347854,0.29050988627924923,0.07311338143008064
otvasd,15,linear,5.0,0.8603050386293105,0.8122820242127211,0.7896032278361992,0.9940218890978154,0.992142477071791,0.9842955503690383,1.24767321110871,1.5892510149723007,1.7426534537058178,0.06470987465959926,0.0740863979570527,0.16067763642210067
otvasd,15,nearest,5.0,0.8183399912759038,0.6565266866942082,0.6661031585381945,0.9971194228640394,0.9788167694537355,0.9999999999988383,1.069253401195793,1.658046237253857,1.6316479169109204,0.06878063766888605,0.19669923567832606,0.09802798121119229
ouvdan,15,linear,5.0,0.8943896213014638,0.8482562164419816,0.8331517147592125,0.9946461856588141,0.9932966614714271,0.9853883957538825,0.9942384433544404,1.3436731993092572,1.4525428809700482,0.05658449503910006,0.0647458928246091,0.14777895105848338
ouvdan,15,nearest,5.0,0.842558718474214,0.7355736446156288,0.7298650724099017,0.9965401693377003,0.9819095052628597,0.9955471974683915,0.9187837289849438,1.3317192729955765,1.352501047718477,0.051990110087421285,0.26474855019874777,0.058754108949782745
ovkojy,15,linear,5.0,0.863219308578847,0.8157574109493959,0.79362942214298,0.9971664078611019,0.9980893534656431,0.9917443822477422,1.2469131247165735,1.5933290413009618,1.7471255596362105,0.030896925561382998,0.021920922728515296,0.09216973249356349
ovkojy,15,nearest,5.0,0.8345152889509022,0.7257888167523031,0.7168797557460242,1.0,0.9715173875088186,0.9999999999989594,0.971615408411631,1.3926774361334433,1.422241334277743,0.0,0.23766181933702948,0.07971782497374887
ovnacg,15,linear,5.0,0.8612131875990651,0.7893546638364239,0.7561453257507644,0.9827623991868116,0.9781322326443375,0.9418629686106472,1.3341467316729885,1.8857318303190305,2.1246119433458954,0.17019456174446126,0.18646245655824736,0.5042948331082678
ovnacg,15,nearest,5.0,0.8489525340257684,0.7275141745917605,0.6954195505237023,0.9628720240716413,0.8913814522085335,0.9999999999980905,0.9145503249804,1.3899807184726733,1.4959790446289165,0.266093405558828,0.7129720634041241,0.3489002572330524
ovyijn,15,linear,5.0,0.8801102702847531,0.8406416166974404,0.8248680240351729,0.9980275147089785,0.9969965631306942,0.9916722504121197,1.0713724338543902,1.3536399120569325,1.4615313271629229,0.024512155628111886,0.03425317260308114,0.08882758105090868
ovyijn,15,nearest,5.0,0.834449541344936,0.7219679793209886,0.7175078356519966,0.9967244661835505,0.9836255528949662,0.9999999999997139,0.953409938056362,1.375760548047324,1.3883133277030544,0.026014595983710146,0.19845957872783968,0.02543413081177767
owbsus,15,linear,5.0,0.8627093576935316,0.8039171077246753,0.7737039971392716,0.9952252262436659,0.9924289814070263,0.988160409410672,1.2923082273812931,1.7355090440806211,1.9503767846852018,0.053236804009335906,0.07622107250658848,0.1302862016436121
owbsus,15,nearest,5.0,0.8308949681426132,0.6716263410919261,0.6880066535477332,0.9911759373361736,0.9838604302277318,0.9999999999993079,1.0020057825930775,1.5928195830668301,1.5421096118232551,0.10295650027441978,0.20566236755243547,0.06161089217459113
owgves,15,linear,5.0,0.8842053195395739,0.8435234820637967,0.8262376317864278,0.9949545147818859,0.9947904942372697,0.9886838920200948,1.0677414387552948,1.3698414730205035,1.4924600498652627,0.05585271723311095,0.0552652029031756,0.11567221087046399
owgves,15,nearest,5.0,0.8408991331814094,0.694872781490492,0.7128633613344193,0.9963045838411225,0.9816122907769339,0.9955280669109856,0.9128538553570612,1.427393574347517,1.3731963923998451,0.0571673983792757,0.20511287489076196,0.07225664155526629
owhagm,15,linear,5.0,0.9165351585243879,0.8666932580519584,0.8486199500614324,0.9976975701855786,0.9961608172879177,0.9899177503383931,0.8155167469508465,1.207290515730303,1.3410207601804391,0.027142475880970587,0.04017669066267217,0.10150240599121449
owhagm,15,nearest,5.0,0.8431925284960429,0.597999055229397,0.5790006859459266,0.9394130436112698,0.9234563412601973,0.9049950409090428,1.066831238936399,2.1006683759734006,2.163810779100508,0.39035748018162203,0.46642555767382926,0.5479636336961448
owufre,15,linear,5.0,0.8715046787539751,0.8004660820873498,0.7758330349164622,0.9885962320249069,0.9872505552474908,0.9564311169660835,1.2014781529842467,1.727522672845711,1.8984901158426286,0.11276938810051937,0.11872083048448548,0.3965327413484848
owufre,15,nearest,5.0,0.8542515305837474,0.6976775587804959,0.7123215030472374,0.9999999999987328,0.9900100371256829,0.9878752225633421,0.9189295670811507,1.551759974384543,1.503266207054982,0.1086950146093547,0.1724689149238299,0.08925122919719357
oxdogh,15,linear,5.0,0.8685502363652535,0.8130414994078015,0.7847759453865126,0.9942328046589984,0.9931142429403877,0.9826293048672039,1.22448521884059,1.6381577019131017,1.8370253343091938,0.06272656140631601,0.07026810476823038,0.1751773313789851
oxdogh,15,nearest,5.0,0.8708778729262312,0.7517309954433269,0.7535308955405492,1.0,0.9810026624187353,0.9999999999993635,0.8384627679660438,1.3498506562724486,1.344428189102339,0.0,0.23265451983131508,0.07976101970831
oyclsd,15,linear,5.0,0.9180856525482164,0.8747543096243825,0.8652374383811519,0.9956787364780303,0.9999999999980905,0.9727884058365456,0.7629167725268675,1.085556653461089,1.1527904395590023,0.04448267398843431,0.07591208696172873,0.24339269770272323
oyclsd,15,nearest,5.0,0.8486775627185597,0.7413367869870426,0.7367013470694118,0.9700443742117891,0.9629473189201515,0.9916099447622487,0.8369447519645495,1.2144721644803338,1.2307587501307253,0.20498110715673556,0.2925381546876043,0.15299988985561813
oydtes,15,linear,5.0,0.8723725519368428,0.8308695656299028,0.8108705149200581,0.9976976008028082,0.9999999999980905,0.9948524560303775,1.1771492878494567,1.485616247722323,1.6276845458536808,0.025795342050195347,0.018890861234196726,0.05984451240838535
oydtes,15,nearest,5.0,0.8340541460043783,0.7017198735205106,0.6910329413293225,1.0,0.9824689236389569,1.0,0.9645693772150623,1.4455980826895258,1.4840038568230542,0.0,0.225656454102841,0.0
oygmeb,15,linear,5.0,0.8946798340904316,0.8278973769913854,0.8029856497299386,0.9905474628312015,0.9893569298573529,0.974212594562193,1.0606249898120919,1.6020746636243308,1.7915028289294344,0.09604663991762165,0.10189563198263556,0.25454866361627837
oygmeb,15,nearest,5.0,0.8170680115708195,0.7009037785976434,0.7068825735889361,1.0,1.0,1.0,0.9762305681728586,1.3516305076606383,1.3372701586722668,0.0,0.0,0.0
oygvar,15,linear,5.0,0.9283377788952367,0.8929319585432822,0.8783392439355958,0.9986419086480086,0.9999999999980905,0.9880301789079811,0.7089402903821397,0.9942753210720128,1.105974941331432,0.016250810755656504,0.02100910033128073,0.1213788776826043
ubgiho,15,linear,5.0,0.8813868646094865,0.803561753621882,0.7630678656563955,0.9912863836788526,0.9908035373654644,0.9796859981133322,1.1878110965402728,1.8118473759167923,2.1131582810245266,0.08956642438124479,0.08999390264610704,0.21068161542214608
ubgiho,15,nearest,5.0,0.8358058941078175,0.7516141535592821,0.7257529870253198,0.9999999999980904,0.9999999999980904,1.0,0.9044909354906145,1.2023919656094673,1.282164267696615,0.18887670150524327,0.2140269101363651,0.0
ubjajo,15,linear,5.0,0.8713742682295409,0.8274468837765016,0.8065568246814345,0.99683887135953,0.9953271310213593,0.9849291573763672,1.17851852792408,1.50177179441948,1.648362271727162,0.03581786167282526,0.050306972933438804,0.15800067654653796
ubjajo,15,nearest,5.0,0.7983257990709168,0.6050850964938822,0.6289022484356388,1.0,1.0,1.0,1.088022137002301,1.6820369206050927,1.6230042123331805,0.0,0.0,0.0
ubjaju,15,linear,5.0,0.8741525803917987,0.8374774409160253,0.8293130907980193,0.9970626829152998,0.9999999999980905,0.9899737743825631,1.0603353750912454,1.3046152289506192,1.356950125402586,0.031875352024531727,0.040461639363647606,0.1010193959880956
ubjaju,15,nearest,5.0,0.834565766096843,0.6858461820516742,0.6855267153001404,0.9262964490908985,0.9069152718867419,0.9999999999980905,0.9780213648343841,1.5262179177122515,1.5272163613526577,0.45329855737113944,0.5397680038416316,0.3217041249380841
ubnank,15,linear,5.0,0.8821065017392901,0.830198983166405,0.8121715898153647,0.9917104428013033,0.9913092527703334,0.9783673517512834,1.1127428165505553,1.5062544712557508,1.636048544887674,0.08236628828593573,0.08575746320351679,0.21908567335112406
ubnank,15,nearest,5.0,0.8459792055275822,0.7563093358459413,0.7401227377711185,0.9909022330469653,0.9999999999980905,1.0,0.9423501120495539,1.3333822526832828,1.3933362310125503,0.0766552106868633,0.14279942227410353,0.0
ubzach,15,linear,5.0,0.8715078209926861,0.8296205140934718,0.8177232261216898,0.9979933754501916,0.9999999999980905,0.990059606700854,1.0890911816525843,1.3690418240570044,1.4451130035015691,0.022880055184308207,0.007163731183246989,0.09615287313368766
ubzach,15,nearest,5.0,0.8310911460353815,0.6242391770939706,0.638198818023911,1.0,0.9999999999995041,1.0,1.0418223848229893,1.831077604572228,1.796169050912295,0.0,0.04427735412016388,0.0
ucbiya,15,linear,5.0,0.8607782665923939,0.8003860444144624,0.7718847095669863,0.9929682777427987,0.9919557977108691,0.9817350370421452,1.3180398257213082,1.7761953776049249,1.980392397627519,0.07446254237973686,0.08027851782653442,0.18948330221294377
ucbiya,15,nearest,5.0,0.8271783407538174,0.6569661839163516,0.6627840260040484,0.9799507381675945,0.9444810487030032,0.9999999999980905,1.0653984808198222,1.7241921688927504,1.705120878862418,0.1617663061089059,0.42043169481269316,0.15555818628835466
ucdewy,15,linear,5.0,0.9433065304174536,0.9209913035147784,0.9185677245250913,1.0,1.0,0.9999999999980904,0.5174208845216405,0.6819198171461625,0.6991375582724095,0.0,0.0,0.010148196987799729
ucdewy,15,nearest,5.0,0.8155194271251407,0.6884169469644135,0.6930276049897753,0.9999999999993209,0.9775213892948593,0.9999999999996565,1.032163636801012,1.4762853399078797,1.4752498242946068,0.05784258237692513,0.22835593644066546,0.028997093206635464
ucgewf,15,linear,5.0,0.8716442072465568,0.8175343094911129,0.7930705224565422,0.9944522228023859,0.9924033227425,0.9831903872827183,1.2059169619109904,1.6137288700165138,1.7883184346075829,0.060651408043775286,0.07199839777517461,0.17356043899846507
ucgewf,15,nearest,5.0,0.8399535118137806,0.7202247684113637,0.7041547850742469,0.9952605974706029,0.9786563728349379,0.9942090246440998,0.9689618838777208,1.4486110236680174,1.5055427412424471,0.05937516963123374,0.18143459532000122,0.06681642741277993
uchjaf,15,linear,5.0,0.873269666160176,0.8232085357006229,0.7992595971439568,0.9958641170223105,0.995360374944458,0.9871545211344062,1.208598199806974,1.5939943074817833,1.7691541986247217,0.04697244888022786,0.0499969782853514,0.13517733499137566
uchjaf,15,nearest,5.0,0.8443527778720116,0.7134602061112814,0.7303884353854133,0.9887651476861814,0.9839836684725336,0.9999999999996586,0.9035139108591459,1.3838494814179396,1.3359990033708598,0.0717731863679231,0.093800347394185,0.03614171287177863
ucovla,15,linear,5.0,0.8626071366299608,0.8013417246687253,0.7723841832188565,0.9928765381618324,0.993441481884397,0.9722108634877819,1.2763511056965793,1.729903109487144,1.931818937373882,0.07234383092420733,0.0701129728274527,0.27126980570836623
ucovla,15,nearest,5.0,0.8395420571095816,0.6271400941251605,0.6493666426714301,0.9728961866277702,0.9818363672950081,0.9999999999987212,0.9829002824468731,1.7996065256591394,1.7325269320452563,0.25242878950351405,0.1330351560269493,0.1276964596703173
ucvepn,15,linear,5.0,0.8680982043726458,0.8018166751711181,0.7692856091011052,0.9906131391170867,0.988316966190656,0.9787479731157394,1.2827397272424041,1.8002481411751812,2.038824010587553,0.09849606988331018,0.11027192954574822,0.21901146707957111
udguic,15,linear,5.0,0.8673274148306448,0.8159044769411642,0.7944284943799653,0.992170811309659,0.990409829099846,0.9758314138152433,1.209243364144109,1.5832875800972444,1.7315945847051855,0.08168939571973391,0.09326388678233953,0.2367516523314948
udthon,15,linear,5.0,0.8929759712474478,0.8517094769915516,0.8337322479631131,0.9975796554635106,0.9972502303998285,0.9909988657736178,1.0107944495896315,1.3259382951034864,1.4568209230554259,0.029362457047132987,0.031710743796579455,0.0973636711934403
udthon,15,nearest,5.0,0.8556034759209143,0.7170473411996927,0.7177650825308527,0.9999999999995259,0.9844626253068037,0.9999999999995396,0.8656880595455816,1.4039121214976669,1.410455243771729,0.053117487582379184,0.1445631405379669,0.04642475180803933
udtiog,15,linear,5.0,0.8722566846546955,0.8246382554346257,0.7994266565068224,0.995152907706971,0.9944808496210613,0.9835738120008833,1.1899331536820132,1.5466331411240763,1.7259400184260558,0.0539377531331537,0.05808909679180713,0.17015295340821274
udtiog,15,nearest,5.0,0.8410755508632272,0.7415837553164469,0.7309407818148554,0.9893194977505678,0.9999999999987614,0.9999999999993807,0.9033053733625535,1.324858723700911,1.3839843476101135,0.07842757569255425,0.11917845332583268,0.05975045082554613
udveoy,15,linear,5.0,0.8781018001310882,0.8376157500308705,0.8161709454137096,0.9986615627848582,0.9999999999980905,0.9953383728560864,1.1208005914222778,1.4206217720322285,1.5721138372773014,0.016043798694553038,0.025053701228389298,0.0548638101077866
udveoy,15,nearest,5.0,0.8198455598315346,0.6884508723738559,0.6625126049035702,1.0,0.9999999999980905,1.0,1.040723667026264,1.5180518296250005,1.5973687863819728,0.0,0.2048199229948449,0.0
udwadl,15,linear,5.0,0.9019615351854701,0.8629745283971731,0.8483155166024826,0.9966327428109324,0.9999999999980905,0.9917660990603677,0.9235705485084569,1.2204754316659188,1.327023491199507,0.03587635327311024,0.04261659524189376,0.08531101418869194
udwadl,15,nearest,5.0,0.8351357553648929,0.6738796137247366,0.6806122009764415,0.9999999999995897,0.9910880688110716,0.9999999999992464,1.0048306493036068,1.639044777049807,1.6177678981938228,0.03514308230158817,0.13270611581189404,0.06134715593099484
udwebi,15,linear,5.0,0.9340809143314304,0.9082781246680517,0.9191025072351099,0.9999999999980905,0.9999999999980905,0.9948470185762852,0.5355647966538121,0.6996871057782316,0.6324416682770917,0.0134020216367921,0.02017246616957552,0.05173257603829232
udwebi,15,nearest,5.0,0.7940690191456754,0.7729078048136215,0.7729078048136215,1.0,0.9999999999980905,1.0,0.9395636040453046,1.0484627356953826,1.039847570428533,0.0,0.37849043040873925,0.0
udwiul,15,linear,5.0,0.8746721658091483,0.8306213140306435,0.8094722807866851,0.9977179403639689,0.9999999999980905,0.9866223832931882,1.140403834227507,1.4616580969842956,1.608511974054085,0.025596711530448398,0.023067934814164328,0.1334947685482896
udwiul,15,nearest,5.0,0.8490178942440547,0.7251786182746445,0.7129559487798649,1.0,1.0,1.0,0.9142567890321679,1.3979410198752338,1.4389602809899438,0.0,0.0,0.0
ufdoyn,15,linear,5.0,0.8578186171646058,0.7852553148981067,0.755982502392214,0.9922315241991942,0.9999999999980905,0.9567453588815584,1.313265772413031,1.8429602876371658,2.04308759952567,0.0779193031755344,0.09184971057415382,0.36883220822480756
ufdoyn,15,nearest,5.0,0.8453540566587818,0.7012741831223808,0.6892810102040245,0.9836975743919721,0.9787388410877735,0.9999999999988055,0.9804566910418763,1.592151105344581,1.632662877926292,0.18032508240994127,0.2610162412106091,0.09108602859156505
ugatna,15,linear,5.0,0.8584995926059598,0.7942710087803361,0.7580432520184628,0.991565214774636,0.9931011279103729,0.9812461679384267,1.365254246194173,1.863072545863997,2.1270700842316823,0.08709781493459864,0.07038293700773716,0.19383355850547712
ugatna,15,nearest,5.0,0.8454418768552159,0.7151287930334026,0.7144835797089243,0.9999999999994595,0.9864372851444159,0.9999999999991834,0.9553024292529622,1.4871661003094114,1.4932924179278444,0.043405961528579576,0.16250373732477305,0.06066434887835603
ugdifb,15,linear,5.0,0.9107049819568573,0.8787465424385729,0.8670826598528882,0.9970927527600969,0.9999999999980905,0.9894071130828923,0.8380438379377597,1.0814507176978645,1.1666448840565427,0.031592260270464884,0.02966300704477403,0.1014877973160108
uggdye,15,linear,5.0,0.8808229912239427,0.8376550861569354,0.8159928962407368,0.9970502424393153,0.9955121020019855,0.985962150792085,1.111779110117508,1.4364986676330824,1.5916677973296522,0.03494209957238433,0.04595247285847161,0.14279325381457533
uggdye,15,nearest,5.0,0.8185707315321586,0.6087979202443135,0.6373160506380985,1.0,0.9999999999990599,1.0,1.0598665695354599,1.779176853149256,1.7160709307875008,0.0,0.09952871698535964,0.0
ugifma,15,linear,5.0,0.8469768926290607,0.7871467060170914,0.7639409982652248,0.998281304548895,0.9956529844775196,0.9869390823577571,1.336630100657504,1.7474055018229384,1.8980059892885084,0.02098679662759416,0.04471041871548579,0.13078889881354178
ugifma,15,nearest,5.0,0.8487179410113033,0.636252367272498,0.6155395280435881,0.9575711443361139,0.9748455300346976,0.9999999999986716,1.0273494164591672,1.9413761441156172,2.0150848226761338,0.27074807658874145,0.3763795159839686,0.10653559173344523
ugthfu,15,linear,5.0,0.9063958236357451,0.8696344663177908,0.8552131230528347,0.9977781282058508,0.9999999999980905,0.9942100583565782,0.8830713583677796,1.1638386015466335,1.2690086480298894,0.025007388837326082,0.013306776560878825,0.06480492913653654
ugthfu,15,nearest,5.0,0.8242285209748627,0.6660248848736355,0.6686445430619415,1.0,0.9892491026145358,0.9999999999992947,1.0020317597880903,1.5491103972081604,1.5398676513499645,0.0,0.14160292552408546,0.06177379787513074
ujhuki,15,linear,5.0,0.884373009858932,0.8334466468652562,0.8049169792787593,0.9955251331111051,0.9950909728203544,0.9850722461696326,1.1277939076843018,1.5300607113824471,1.7430766893160041,0.050312726395949435,0.05249938374894885,0.15383180143799366
ujhuki,15,nearest,5.0,0.846275557677164,0.6876774919907587,0.7047368109623118,1.0,0.9839538052448887,0.9999999999995757,0.9174550555886902,1.4955303841574072,1.4492268457818371,0.0,0.27994397110061875,0.03788173630280687
ujkiwe,15,linear,5.0,0.8807965279840233,0.8392753624641536,0.8194988795433322,0.9954008045014331,0.9946613193014057,0.983937529336741,1.0938660272551302,1.4002678731494447,1.5394346057046073,0.051528351930741845,0.05644640841904439,0.16381412174704454
ujkiwe,15,nearest,5.0,0.8374008015570923,0.6873239578011004,0.6864084739997462,1.0,0.9999999999992517,0.9999999999996091,0.9440650025757792,1.4812075752342635,1.4923923171820845,0.0,0.08662031383328199,0.03865897399230126
ujnaww,15,linear,5.0,0.8901558207864055,0.8395898055453046,0.8209653672086408,0.9977954584745979,0.9965100172838977,0.9907252547845209,1.0486666728242668,1.4373409398253254,1.573133785411709,0.027041808600824307,0.03700337583567143,0.10377012131742454
ujnaww,15,nearest,5.0,0.8523068396364553,0.7382316141189028,0.7272914566229423,0.9999999999992656,0.9760708282686552,0.9999999999992656,0.8847290320546147,1.3289511477575913,1.3738664557115052,0.061665736048330665,0.28852924442855693,0.061665736048330665
ujtosh,15,linear,5.0,0.887613190919317,0.8422434389933617,0.8298566852456812,0.9992535784976119,0.9977940737143448,0.995727159111002,0.9928012900156992,1.310727933688762,1.3933796894866977,0.009576497034972717,0.024850867815597963,0.048326672795840235
ujtosh,15,nearest,5.0,0.8295847367938399,0.6983541926505215,0.7049649634046204,0.9999999999992902,0.9828891914379794,0.9999999999996029,0.9673301102043297,1.4998951208802815,1.4661331125605346,0.07501086151897658,0.1554884736254216,0.0251478029815304
ujtrud,15,linear,5.0,0.8753862463628816,0.823760590224345,0.8017664523789212,0.9947822397215641,0.9946427872045317,0.992754720470581,1.165547895944171,1.5529778312809779,1.7095488291017555,0.0553408218903042,0.05661549567741585,0.08365543878075972
ujtrud,15,nearest,5.0,0.8125046813833265,0.6945542904486248,0.6946978315377282,0.9949658131825645,0.9820724360883367,0.9999999999989393,1.021691222269823,1.4362165441999208,1.4243564673344142,0.04150384739355532,0.25681798975220216,0.07956332380871907
ukgoaf,15,linear,5.0,0.8806248116299349,0.8238534342083657,0.788594623444956,0.9930525626977358,0.9933180960933125,0.9749388004410826,1.1978192380206987,1.6605860476606393,1.9311403407864098,0.07369129547300375,0.06847850228224937,0.2522357878373878
ukgoaf,15,nearest,5.0,0.8334258584491662,0.7051968310782917,0.6997737214976844,1.0,0.9999999999985909,0.9999999999990913,0.9809491150638695,1.456981688469597,1.4757516239669268,0.0,0.16090707652656747,0.0815490214340079
uklsdr,15,linear,5.0,0.8774666191304004,0.8205725422151727,0.7897111599153167,0.9959178624402825,0.9958578399372614,0.9896507838556529,1.220943750127203,1.6809185568848057,1.9164897707710402,0.04775339201013954,0.04531550631440281,0.11414707751926137
uklsdr,15,nearest,5.0,0.8334244637954138,0.7120602534615511,0.7024411859399023,0.9950701651956411,0.9867051909805091,0.9999999999996831,0.964219194192533,1.4722534280513164,1.4889136173673416,0.039828039206102374,0.1564611193185419,0.029388695211873046
uljior,15,linear,5.0,0.9098140929992031,0.8696300173607481,0.8555559251101096,0.9961140291115126,0.9970559976344766,0.9910630469957324,0.8706457100121467,1.1851867691793825,1.2901540826558553,0.044484253302356454,0.03193822981749744,0.09874962435880547
uljior,15,nearest,5.0,0.8263083976434691,0.7087317489934347,0.7060444860166208,0.9999999999992272,0.9727999425400979,0.9999999999992272,0.941763652625102,1.3475496459873846,1.3714551375344037,0.09879253260171388,0.1869582603913012,0.10722136182072006
umhenw,15,linear,5.0,0.872460688900156,0.8166187955205748,0.7959545456390962,0.9914225763340431,0.9932707625256765,0.9711664776250144,1.1825056932065003,1.5959247440549333,1.7408268262980957,0.0883623015890017,0.06495848174400014,0.27990797273313317
umhenw,15,nearest,5.0,0.8263564761847375,0.7099576382075542,0.706093118506751,1.0,0.9776480653933317,0.9999999999989679,1.002105171473626,1.436241488787543,1.4487814976051774,0.0,0.24343350543268985,0.0921447639798005
umsmth,15,linear,5.0,0.8697758448535631,0.822966277569585,0.7994636930519313,0.9999999999980905,0.9999999999980905,0.9888287567290945,1.2032086399203201,1.5506045639019117,1.7164956449893631,0.017980474324615706,0.022974306752328984,0.1108039085051294
umsmth,15,nearest,5.0,0.826381682990152,0.6861544898416384,0.6775753611809897,0.9999999999995132,0.9841748377703358,0.9900928229756457,1.0199789423359094,1.541473305719656,1.574046078035463,0.034967332593047705,0.1568554781213038,0.10056620920929482
umvohu,15,linear,5.0,0.8667688742272671,0.8204768278222175,0.7965572302922264,0.996358941017123,0.9966644756631539,0.9899240809890422,1.21346771285128,1.551152971087406,1.717081534105559,0.04202325157437409,0.03558389730027299,0.10734188390268644
umvohu,15,nearest,5.0,0.8225496376797564,0.689555274595261,0.7149747060803018,1.0,0.9838164720285123,1.0,0.98864936609952,1.4612399342401707,1.3900183921628693,0.0,0.13133386920268172,0.0
unquek,15,linear,5.0,0.8824198129288189,0.830067515518089,0.802942396781267,0.9900329149376579,0.9902930134548313,0.9836470727886412,1.1394172533181084,1.5493436692341678,1.7501481417382785,0.1005090220937229,0.09422953775162309,0.16635009113341784
unquek,15,nearest,5.0,0.8433058499232048,0.6930648906051375,0.6792205009840067,0.9826740229631903,0.9752019169550701,0.9999999999987865,0.9612781753501454,1.5596498628127726,1.6151534685539375,0.13460269501185673,0.21733634685473324,0.14499128213306042
unwrai,15,linear,5.0,0.8352912911789305,0.6870969237057476,0.6512832629374927,0.9816582141201623,0.9811124808320001,0.9380185771433723,1.3689091425033106,2.270865821523585,2.4645913680394367,0.16109713745213128,0.15403540513942654,0.4954803769324863
unwrai,15,nearest,5.0,0.854473176819029,0.7701416239719092,0.7380846126465953,1.0,0.9999999999980905,1.0,0.8895856780519618,1.2374810915201249,1.3534537599592706,0.0,0.25002535704513307,0.0
upchim,15,linear,5.0,0.8645491932395073,0.8279810643573717,0.8154716682322999,0.9968856649346957,0.9965459641524905,0.9923435043591938,1.157608398397919,1.4057559463924563,1.487401959763221,0.03664733459146591,0.038694404110382205,0.08779135408304453
upchim,15,nearest,5.0,0.8283471079887387,0.6672402396581115,0.6334788069418096,1.0,0.9886321018686799,1.0,1.0545838422242608,1.6878046172783,1.796301577265669,0.0,0.08984521726310096,0.0
upsjav,15,linear,5.0,0.9000596746619706,0.8718678123252015,0.858693437882913,0.9987972216757981,0.998867666376921,0.9963627179521686,0.9385698754056162,1.1545709845481043,1.2518533558587275,0.015306801212260248,0.01450895934561836,0.04492169368040906
upsjav,15,nearest,5.0,0.8588792426468831,0.7795208884152808,0.7646379465714258,1.0,0.9999999999983555,1.0,0.8048984674189374,1.105257745691583,1.1562392324803668,0.0,0.150913313974503,0.0
upthin,15,linear,5.0,0.9282811232542901,0.903738269814414,0.8931107085947001,0.998861624639997,0.9999999999980905,0.994926715938083,0.6873177404729599,0.8798443620069158,0.9599529229719083,0.01391172268000251,0.019702141309216388,0.05908780929257825
urfhod,15,linear,5.0,0.8282247454037844,0.7570551354723963,0.7298374809611182,0.993141408281113,0.9895630911332077,0.9659220747989598,1.4875343579431202,1.9678254750299804,2.1404648598611153,0.07003013548127728,0.09411275686825603,0.302537348818515
urfhod,15,nearest,5.0,0.8317077456121315,0.5873447663798457,0.5961582233275715,0.986590465214707,0.9999999999980905,0.9999999999989951,1.108224127887785,2.0858261013700576,2.0642526697482366,0.11134900130917053,0.16499786729167257,0.08585166976964693
usadri,15,linear,5.0,0.9201717372626045,0.8763814106925314,0.862599385959768,0.9962566307357599,0.9956141214924266,0.9909305125901668,0.7970586586986926,1.1521044665697946,1.2581001758309747,0.043054130646786135,0.04505369616401178,0.10176777670138554
usbekh,15,linear,5.0,0.8479290122042902,0.7939638110104656,0.7604147308733694,0.9969423171559422,0.995516265013894,0.9900327018539632,1.3753537170676322,1.7640183703646901,1.9922762616770353,0.03606179976885834,0.048538680473568456,0.11217185326652171
usbekh,15,nearest,5.0,0.83462069648177,0.6743906150673024,0.6799027452998456,1.0,0.991697879042234,1.0,0.993040751409461,1.5888487054426192,1.5801888775712134,0.0,0.10932055296900929,0.0
ushfeo,15,linear,5.0,0.864505436794569,0.8016145114373436,0.7672345688910467,0.9942925402710108,0.9938052596398066,0.9825747360727645,1.3029464456968571,1.7884448226361895,2.0379460980109485,0.062162829726319334,0.06054093539430638,0.1819659741680039
uthiss,15,linear,5.0,0.8499620945360498,0.7586517768208352,0.7199613008993003,0.9735986597069846,0.9728775417306316,0.9416272972876222,1.4290568401918347,2.1148992686642796,2.384355663672869,0.2288131737207457,0.22273726910557753,0.4960691058017029
uthomo,15,linear,5.0,0.8772734040968958,0.8407668376451063,0.8268530918278714,0.9995367046202787,0.9966063724704399,0.9926588183433674,1.0844387882191733,1.3425612743429807,1.4369899878488803,0.00653390272004302,0.038104202581609195,0.07964511524588687
uthomo,15,nearest,5.0,0.8383258865234879,0.7248497147862835,0.7118134835774884,1.0,0.9965628132229516,0.9999999999997147,0.93299838870336,1.355162385453325,1.3979386092167916,0.0,0.08263254197245234,0.02597501411995526
uthsyi,15,linear,5.0,0.8790010878430318,0.7871830370271423,0.7575702249009133,0.9736079179264912,0.9791703548680255,0.940238209556839,1.1804833720041181,1.8870108170570756,2.097887743480596,0.22874646907769033,0.1790879695742537,0.5057839608459856
utjanr,15,linear,5.0,0.8722343995461246,0.8167035775252802,0.7898198187461846,0.9941625016207702,0.9945399837733134,0.9854405608775164,1.2118169090839794,1.6348642902541901,1.8284427825630014,0.06338886956481703,0.05755179690762212,0.15056494895684153
utjanr,15,nearest,5.0,0.8313341689844261,0.6354468060021318,0.657181784526236,1.0,0.9952511254973505,1.0,1.0173252135515218,1.750896187588605,1.6921345529889171,0.0,0.06025127591598376,0.0
utkibe,15,linear,5.0,0.8941343689504113,0.8287056299152729,0.8005909541965038,0.9823623828405645,0.9811212964404531,0.9607296425083285,1.0687165925043343,1.6013807182367117,1.8158697965666506,0.16891590647647342,0.16501968063393785,0.3567478184698494
utkibe,15,nearest,5.0,0.8352004779437838,0.710635169961767,0.6718930870989624,1.0,0.9999999999980905,1.0,1.0283215255648632,1.539783669815157,1.674821170668427,0.0,0.21897387996870665,0.0
utlurv,15,linear,5.0,0.8785005843084652,0.84437516090042,0.8255982033727232,0.9972787303549071,0.9999999999980905,0.9896869067442123,1.0907258513719054,1.3372733248046291,1.4673015387057597,0.031423037161295984,0.03473688247334238,0.1095206321018251
utlurv,15,nearest,5.0,0.8389635126452055,0.7003782100392225,0.6961752843975177,0.9945477589470326,0.9939183444934314,0.999999999999805,0.953561785418082,1.489305601202946,1.5007986243287261,0.036151029806462176,0.14351277670120133,0.019715124680430695
utthwa,15,linear,5.0,0.9218246027294957,0.862494923231864,0.8418250789684391,0.9925325576904623,0.9955889093970747,0.9898554607051872,0.7587525337866069,1.2162211539837235,1.3644670396348217,0.07532728329102166,0.04785645047538321,0.11390725214863487
utthwa,15,nearest,5.0,0.8606392742725912,0.7107060074590064,0.7103934453554326,0.9846946595393027,0.9460488318767171,0.9999999999990209,0.8933344243054284,1.5336568037076164,1.529163758748819,0.11459560858115451,0.3733436087121412,0.09871825031400967
uttorh,15,linear,5.0,0.892581302235282,0.839200597881476,0.8125598433537679,0.9945245870903022,0.9927394770337892,0.9851539169021027,1.047427146900933,1.467539402243437,1.665137197986747,0.059964283657969464,0.07353543537146635,0.15310856402403064
uttorh,15,nearest,5.0,0.8381102366309514,0.7432151488127682,0.7521416711915078,0.999999999999431,0.9866312195751903,0.9999999999995449,0.904819688675166,1.237277774624781,1.2201552021463153,0.04635839988725802,0.16128108178570658,0.044071579041893
utvoho,15,linear,5.0,0.9017173430757945,0.878308164129674,0.8735815852116307,1.0,1.0,1.0,0.8272170324890149,0.9845178246017195,1.0153369340447869,0.0,0.0,0.0
utvoho,15,nearest,5.0,0.8600868506475345,0.7524241321168844,0.7609777027264306,0.9999999999997325,0.9927687319888335,1.0,0.8106398514717631,1.265223023906127,1.2250684169247623,0.025894196246404048,0.2965897110086071,0.0
utwoab,15,linear,5.0,0.861410235607041,0.821589406520882,0.8040961439540582,0.9981835413190352,0.9975962675224817,0.9963776888024845,1.2074529685942654,1.483639015849364,1.5998430014847036,0.02337413182770745,0.02818720106682082,0.044758391615982024
utwoab,15,nearest,5.0,0.8473230833420128,0.7110251856108725,0.712287859011915,0.9939206550914238,0.9775098103396472,0.9999999999991865,0.92728080808538,1.472878604749288,1.4697722035334362,0.046508729459272875,0.21731107498409602,0.0770269168525124
uvburk,15,linear,5.0,0.9434873235286657,0.9049389241255172,0.899419408552714,0.9973088279793104,0.9970438916342637,0.991846176067082,0.590744619154929,0.9195954297797411,0.9643712861401167,0.03223567034451169,0.03205203557518868,0.09117980705435212
uvigch,15,linear,5.0,0.8768926389449654,0.825307069374762,0.7975185794924489,0.9961725177408052,0.9963738436044045,0.9885026164401332,1.159229454580714,1.5495484293484476,1.7482593478801076,0.043898615607599195,0.04036775735287926,0.12700981495274996
uvigch,15,nearest,5.0,0.863592772951628,0.7546758569869398,0.7308665500775254,0.9866730314317752,0.9730609214727713,0.9877555162033114,0.8681498131443353,1.3359294899483232,1.4255840968226754,0.13442708422244695,0.1914179617784258,0.14132843339200937
uvjeah,15,linear,5.0,0.8565271684776381,0.7661029276781981,0.7214430804301747,0.9859376701342002,0.9845132003383101,0.9615849502724677,1.3945524642370393,2.091049537496208,2.4092070032672406,0.13930779550695443,0.13983411156660192,0.3567502791626832
uvjeah,15,nearest,5.0,0.8082476760021764,0.6832269324218915,0.683571904489869,1.0,0.9999999999980906,1.0,1.0886274751512428,1.534383842277696,1.5333109567570993,0.0,0.1704678133626309,0.0
uvjova,15,linear,5.0,0.9037963901929398,0.85700720507813,0.8507512816279166,0.9978658328172106,0.9966018630065336,0.9873932733889235,0.8979344233794422,1.2476399282673611,1.2922568015419993,0.02539280794268949,0.036160531634554335,0.12688863610418946
uvjova,15,nearest,5.0,0.8354914027143079,0.7729078048136215,0.7729078048136215,1.0,1.0,1.0,0.8094958643830283,1.077620212441882,1.0536455234673037,0.0,0.0,0.0
uvreoi,15,linear,5.0,0.8667753265319275,0.7712827115605283,0.7283306232125122,0.99037967697852,0.9862774307393289,0.9685369214848558,1.3102708088928567,2.053146017911888,2.3611131827970993,0.09750613017392333,0.12631650770803945,0.30141247693197426
uvreoi,15,nearest,5.0,0.8300463950416618,0.6771045808833408,0.6662538591073591,0.9668539624519735,0.9556726188903866,0.9768092225133087,1.0316749997145296,1.622714224468488,1.659493675390583,0.2754215997923794,0.2929919840405478,0.2804951000246001
